season,seasonPhase,date,gamePk,gameDate,venue,home,away,latitude,longitude,roof,weatherSource,matchedHour,temperatureF,feelsLikeF,humidity,precipitationProbability,precipitation,windMph,windDirection,windGustMph,pressureMsl,cloudCover,parkSurface,updatedAt
2026,regular,2026-03-25,823244,2026-03-26T00:05:00Z,Oracle Park,SFG,NYY,37.7786,-122.3893,open,open_meteo_archive,2026-03-25T00:00,58.6,52.6,32,,,4.0,210,8.5,1017.7,21,grass,2026-05-07T07:54:48.987476+00:00
2026,regular,2026-03-26,823649,2026-03-26T17:15:00Z,Citi Field,NYM,PIT,40.7571,-73.8458,open,open_meteo_archive,2026-03-26T17:00,57.3,54.6,75,,,6.1,147,17.2,1008.2,45,grass,2026-05-07T07:54:49.636723+00:00
2026,regular,2026-03-26,823812,2026-03-26T18:10:00Z,American Family Field,MIL,CHW,43.028,-87.9712,retractable,open_meteo_archive,2026-03-26T18:00,36.4,26.0,91,,0.02,16.5,24,34.7,1015.5,100,turf,2026-05-07T07:54:50.295513+00:00
2026,regular,2026-03-26,824704,2026-03-26T18:20:00Z,Wrigley Field,CHC,WSN,41.9484,-87.6553,open,open_meteo_archive,2026-03-26T18:00,41.8,32.1,87,,0.083,16.4,14,32.4,1011.9,72,grass,2026-05-07T07:54:50.933715+00:00
2026,regular,2026-03-26,824865,2026-03-26T19:05:00Z,Oriole Park at Camden Yards,BAL,MIN,39.284,-76.6217,open,open_meteo_archive,2026-03-26T19:00,74.6,70.7,46,,,11.0,223,24.4,1007.6,98,grass,2026-05-07T07:54:51.575935+00:00
2026,regular,2026-03-26,824541,2026-03-26T20:10:00Z,Great American Ball Park,CIN,BOS,39.0979,-84.5081,open,open_meteo_archive,2026-03-26T20:00,75.7,72.2,57,,,15.4,210,33.3,1006.7,100,grass,2026-05-07T07:54:52.221270+00:00
2026,regular,2026-03-26,824218,2026-03-26T20:10:00Z,Minute Maid Park,HOU,LAA,29.7573,-95.3555,retractable,open_meteo_archive,2026-03-26T20:00,73.6,73.4,68,,,10.6,166,25.1,1016.2,,turf,2026-05-07T07:54:52.879318+00:00
2026,regular,2026-03-26,823325,2026-03-26T20:10:00Z,Petco Park,SDP,DET,32.7073,-117.1566,open,open_meteo_archive,2026-03-26T20:00,64.1,65.5,79,,,2.6,252,9.4,1012.3,,grass,2026-05-07T07:54:53.536014+00:00
2026,regular,2026-03-26,823081,2026-03-26T20:15:00Z,Busch Stadium,STL,TBR,38.6226,-90.1928,open,open_meteo_archive,2026-03-26T20:00,80.3,78.9,48,,,10.4,202,18.8,1005.3,41,grass,2026-05-07T07:54:54.196051+00:00
2026,regular,2026-03-26,823486,2026-03-26T20:15:00Z,Citizens Bank Park,PHI,TEX,39.9061,-75.1665,open,open_meteo_archive,2026-03-26T20:00,69.5,64.5,54,,,13.5,200,27.3,1005.7,49,grass,2026-05-07T07:54:54.871647+00:00
2026,regular,2026-03-26,823974,2026-03-27T00:30:00Z,Dodger Stadium,LAD,ARI,34.0739,-118.24,open,open_meteo_archive,2026-03-26T00:00,59.2,59.8,90,,,3.4,15,7.4,1014.8,,grass,2026-05-07T07:54:55.533908+00:00
2026,regular,2026-03-26,823163,2026-03-27T02:10:00Z,T-Mobile Park,SEA,CLE,47.5914,-122.3325,retractable,open_meteo_archive,2026-03-26T02:00,39.2,33.2,85,,,6.3,193,15.4,1029.8,30,turf,2026-05-07T07:54:56.190234+00:00
2026,regular,2026-03-27,822839,2026-03-27T23:07:00Z,Rogers Centre,TOR,ATH,43.6414,-79.3894,retractable,open_meteo_archive,2026-03-27T23:00,23.3,14.4,52,,,6.3,330,13.0,1029.1,,turf,2026-05-07T07:55:32.036531+00:00
2026,regular,2026-03-27,823893,2026-03-27T23:10:00Z,loanDepot park,MIA,COL,25.7781,-80.2197,retractable,open_meteo_archive,2026-03-27T23:00,73.6,78.1,79,,,4.3,69,8.3,1020.0,3,turf,2026-05-07T07:55:32.699575+00:00
2026,regular,2026-03-27,824946,2026-03-27T23:15:00Z,Truist Park,ATL,KCR,33.8907,-84.4677,open,open_meteo_archive,2026-03-27T23:00,61.1,56.1,75,,,14.1,332,28.4,1021.5,34,grass,2026-05-07T07:55:33.341022+00:00
2026,regular,2026-03-27,824216,2026-03-28T00:15:00Z,Minute Maid Park,HOU,LAA,29.7573,-95.3555,retractable,open_meteo_archive,2026-03-27T00:00,68.4,70.4,84,,,6.8,179,15.2,1017.0,,turf,2026-05-07T07:55:33.977520+00:00
2026,regular,2026-03-27,823324,2026-03-28T01:40:00Z,Petco Park,SDP,DET,32.7073,-117.1566,open,open_meteo_archive,2026-03-27T01:00,60.3,62.6,91,,,0.3,180,1.1,1013.6,,grass,2026-05-07T07:55:34.619369+00:00
2026,regular,2026-03-27,823162,2026-03-28T01:45:00Z,T-Mobile Park,SEA,CLE,47.5914,-122.3325,retractable,open_meteo_archive,2026-03-27T01:00,41.9,37.0,72,,,3.2,20,7.2,1031.4,66,turf,2026-05-07T07:55:35.269512+00:00
2026,regular,2026-03-27,823971,2026-03-28T02:10:00Z,Dodger Stadium,LAD,ARI,34.0739,-118.24,open,open_meteo_archive,2026-03-27T02:00,60.8,62.0,81,,,0.7,180,1.1,1013.3,91,grass,2026-05-07T07:55:35.914016+00:00
2026,regular,2026-03-28,823082,2026-03-28T18:15:00Z,Busch Stadium,STL,TBR,38.6226,-90.1928,open,open_meteo_archive,2026-03-28T18:00,51.3,44.5,46,,,6.6,146,15.9,1030.2,4,grass,2026-05-07T07:55:36.565146+00:00
2026,regular,2026-03-28,824701,2026-03-28T18:20:00Z,Wrigley Field,CHC,WSN,41.9484,-87.6553,open,open_meteo_archive,2026-03-28T18:00,45.6,37.7,52,,,8.6,190,19.9,1029.7,37,grass,2026-05-07T07:55:37.228452+00:00
2026,regular,2026-03-28,822838,2026-03-28T19:07:00Z,Rogers Centre,TOR,ATH,43.6414,-79.3894,retractable,open_meteo_archive,2026-03-28T19:00,33.1,24.3,47,,,7.3,269,23.5,1031.9,100,turf,2026-05-07T07:55:38.024135+00:00
2026,regular,2026-03-28,824862,2026-03-28T20:05:00Z,Oriole Park at Camden Yards,BAL,MIN,39.284,-76.6217,open,open_meteo_archive,2026-03-28T20:00,41.9,36.1,54,,,2.8,299,11.0,1032.5,,grass,2026-05-07T07:55:39.855654+00:00
2026,regular,2026-03-28,824540,2026-03-28T20:10:00Z,Great American Ball Park,CIN,BOS,39.0979,-84.5081,open,open_meteo_archive,2026-03-28T20:00,43.7,38.8,59,,,2.0,63,4.5,1032.7,,grass,2026-05-07T07:56:15.718023+00:00
2026,regular,2026-03-28,823651,2026-03-28T20:10:00Z,Citi Field,NYM,PIT,40.7571,-73.8458,open,open_meteo_archive,2026-03-28T20:00,37.9,30.2,43,,,5.2,337,13.9,1031.4,9,grass,2026-05-07T07:56:16.586269+00:00
2026,regular,2026-03-28,823892,2026-03-28T20:10:00Z,loanDepot park,MIA,COL,25.7781,-80.2197,retractable,open_meteo_archive,2026-03-28T20:00,77.3,79.5,67,,,8.3,63,17.9,1019.5,20,turf,2026-05-07T07:56:17.260516+00:00
2026,regular,2026-03-28,824213,2026-03-28T23:10:00Z,Minute Maid Park,HOU,LAA,29.7573,-95.3555,retractable,open_meteo_archive,2026-03-28T23:00,67.1,64.6,52,,,5.4,52,13.4,1025.7,,turf,2026-05-07T07:56:18.019655+00:00
2026,regular,2026-03-28,823811,2026-03-28T23:10:00Z,American Family Field,MIL,CHW,43.028,-87.9712,retractable,open_meteo_archive,2026-03-28T23:00,39.7,30.4,55,,,10.5,215,21.0,1026.1,100,turf,2026-05-07T07:56:18.676000+00:00
2026,regular,2026-03-28,824945,2026-03-28T23:15:00Z,Truist Park,ATL,KCR,33.8907,-84.4677,open,open_meteo_archive,2026-03-28T23:00,55.5,46.2,31,,,10.7,116,21.0,1030.6,,grass,2026-05-07T07:56:19.324490+00:00
2026,regular,2026-03-28,823241,2026-03-28T23:15:00Z,Oracle Park,SFG,NYY,37.7786,-122.3893,open,open_meteo_archive,2026-03-28T23:00,56.8,55.1,75,,,3.2,157,7.2,1015.4,2,grass,2026-05-07T07:56:19.979910+00:00
2026,regular,2026-03-28,823323,2026-03-29T00:40:00Z,Petco Park,SDP,DET,32.7073,-117.1566,open,open_meteo_archive,2026-03-28T00:00,62.9,64.1,83,,,3.0,340,7.2,1015.3,100,grass,2026-05-07T07:56:20.646438+00:00
2026,regular,2026-03-28,823973,2026-03-29T01:10:00Z,Dodger Stadium,LAD,ARI,34.0739,-118.24,open,open_meteo_archive,2026-03-28T01:00,59.3,60.8,88,,,1.0,229,3.8,1015.4,,grass,2026-05-07T07:56:21.301718+00:00
2026,regular,2026-03-28,823161,2026-03-29T01:40:00Z,T-Mobile Park,SEA,CLE,47.5914,-122.3325,retractable,open_meteo_archive,2026-03-28T01:00,45.8,41.1,77,,,4.9,30,11.0,1020.4,100,turf,2026-05-07T07:56:21.948210+00:00
2026,regular,2026-03-29,824864,2026-03-29T17:35:00Z,Oriole Park at Camden Yards,BAL,MIN,39.284,-76.6217,open,open_meteo_archive,2026-03-29T17:00,59.0,50.3,30,,,10.2,188,25.3,1028.9,21,grass,2026-05-07T07:56:22.622046+00:00
2026,regular,2026-03-29,823487,2026-03-29T17:35:00Z,Citizens Bank Park,PHI,TEX,39.9061,-75.1665,open,open_meteo_archive,2026-03-29T17:00,55.7,46.2,34,,,12.0,206,27.7,1029.7,89,grass,2026-05-07T07:56:23.278607+00:00
2026,regular,2026-03-29,824944,2026-03-29T17:35:00Z,Truist Park,ATL,KCR,33.8907,-84.4677,open,open_meteo_archive,2026-03-29T17:00,63.5,57.8,50,,,10.1,147,23.7,1029.3,30,grass,2026-05-07T07:56:23.903572+00:00
2026,regular,2026-03-29,822837,2026-03-29T17:37:00Z,Rogers Centre,TOR,ATH,43.6414,-79.3894,retractable,open_meteo_archive,2026-03-29T17:00,46.0,38.7,63,,,9.0,185,18.3,1023.7,100,turf,2026-05-07T07:56:24.555396+00:00
2026,regular,2026-03-29,823647,2026-03-29T17:40:00Z,Citi Field,NYM,PIT,40.7571,-73.8458,open,open_meteo_archive,2026-03-29T17:00,46.6,38.2,56,,,10.6,178,27.7,1030.3,60,grass,2026-05-07T07:57:00.406611+00:00
2026,regular,2026-03-29,823891,2026-03-29T17:40:00Z,loanDepot park,MIA,COL,25.7781,-80.2197,retractable,open_meteo_archive,2026-03-29T17:00,74.0,75.4,76,,0.004,10.8,63,27.7,1022.8,89,turf,2026-05-07T07:57:01.057020+00:00
2026,regular,2026-03-29,824215,2026-03-29T18:10:00Z,Minute Maid Park,HOU,LAA,29.7573,-95.3555,retractable,open_meteo_archive,2026-03-29T18:00,77.7,76.4,51,,,9.6,145,25.3,1020.6,8,turf,2026-05-07T07:57:01.710942+00:00
2026,regular,2026-03-29,823810,2026-03-29T18:10:00Z,American Family Field,MIL,CHW,43.028,-87.9712,retractable,open_meteo_archive,2026-03-29T18:00,57.0,50.5,45,,,7.8,179,15.4,1015.6,100,turf,2026-05-07T07:57:02.365960+00:00
2026,regular,2026-03-29,823079,2026-03-29T18:15:00Z,Busch Stadium,STL,TBR,38.6226,-90.1928,open,open_meteo_archive,2026-03-29T18:00,67.2,62.4,44,,,7.8,172,20.4,1017.2,87,grass,2026-05-07T07:57:03.025849+00:00
2026,regular,2026-03-29,824700,2026-03-29T18:20:00Z,Wrigley Field,CHC,WSN,41.9484,-87.6553,open,open_meteo_archive,2026-03-29T18:00,58.5,50.6,38,,,10.0,193,19.2,1017.2,100,grass,2026-05-07T07:57:03.691709+00:00
2026,regular,2026-03-29,823160,2026-03-29T23:20:00Z,T-Mobile Park,SEA,CLE,47.5914,-122.3325,retractable,open_meteo_archive,2026-03-29T23:00,40.5,35.5,84,,,4.5,342,11.6,1021.7,87,turf,2026-05-07T07:57:04.363075+00:00
2026,regular,2026-03-30,824135,2026-03-30T20:10:00Z,Kauffman Stadium,KCR,MIN,39.0517,-94.4803,open,open_meteo_archive,2026-03-30T20:00,78.3,74.7,50,,,15.0,197,31.8,1007.0,7,grass,2026-05-07T07:57:05.040458+00:00
2026,regular,2026-03-30,824863,2026-03-30T22:35:00Z,Oriole Park at Camden Yards,BAL,TEX,39.284,-76.6217,open,open_meteo_archive,2026-03-30T22:00,63.8,59.8,67,,,11.4,228,24.4,1020.7,15,grass,2026-05-07T07:57:05.696639+00:00
2026,regular,2026-03-30,824539,2026-03-30T22:40:00Z,Great American Ball Park,CIN,PIT,39.0979,-84.5081,open,open_meteo_archive,2026-03-30T22:00,67.6,64.2,68,,,12.8,203,28.0,1016.9,5,grass,2026-05-07T07:57:06.377593+00:00
2026,regular,2026-03-30,823890,2026-03-30T22:40:00Z,loanDepot park,MIA,CHW,25.7781,-80.2197,retractable,open_meteo_archive,2026-03-30T22:00,73.6,74.4,78,,0.004,12.6,86,27.7,1023.7,6,turf,2026-05-07T07:57:42.197883+00:00
2026,regular,2026-03-30,822834,2026-03-30T23:07:00Z,Rogers Centre,TOR,COL,43.6414,-79.3894,retractable,open_meteo_archive,2026-03-30T23:00,52.3,49.0,90,,0.035,7.7,209,17.2,1012.6,100,turf,2026-05-07T07:57:42.856994+00:00
2026,regular,2026-03-30,824943,2026-03-30T23:15:00Z,Truist Park,ATL,ATH,33.8907,-84.4677,open,open_meteo_archive,2026-03-30T23:00,64.1,63.2,73,,,6.2,136,13.2,1024.9,3,grass,2026-05-07T07:57:43.518207+00:00
2026,regular,2026-03-30,824702,2026-03-30T23:40:00Z,Wrigley Field,CHC,LAA,41.9484,-87.6553,open,open_meteo_archive,2026-03-30T23:00,63.9,61.5,82,,0.102,12.2,204,33.1,1009.7,100,grass,2026-05-07T07:57:44.179469+00:00
2026,regular,2026-03-30,823809,2026-03-30T23:40:00Z,American Family Field,MIL,TBR,43.028,-87.9712,retractable,open_meteo_archive,2026-03-30T23:00,66.6,61.1,68,,,17.0,213,34.4,1003.3,100,turf,2026-05-07T07:57:44.843540+00:00
2026,regular,2026-03-30,823080,2026-03-30T23:45:00Z,Busch Stadium,STL,NYM,38.6226,-90.1928,open,open_meteo_archive,2026-03-30T23:00,70.0,65.8,57,,,12.9,192,27.5,1012.2,100,grass,2026-05-07T07:57:45.714551+00:00
2026,regular,2026-03-30,824214,2026-03-31T00:10:00Z,Minute Maid Park,HOU,BOS,29.7573,-95.3555,retractable,open_meteo_archive,2026-03-30T00:00,68.4,70.3,83,,,6.2,147,13.2,1021.5,97,turf,2026-05-07T07:57:47.085034+00:00
2026,regular,2026-03-30,823320,2026-03-31T01:40:00Z,Petco Park,SDP,SFG,32.7073,-117.1566,open,open_meteo_archive,2026-03-30T01:00,61.0,63.2,88,,,0.4,214,1.6,1013.9,,grass,2026-05-07T07:57:47.994893+00:00
2026,regular,2026-03-30,825108,2026-03-31T02:10:00Z,Chase Field,ARI,DET,33.4455,-112.0667,retractable,open_meteo_archive,2026-03-30T02:00,79.8,75.7,25,,,4.1,334,12.8,1012.7,100,turf,2026-05-07T07:58:25.741029+00:00
2026,regular,2026-03-30,823972,2026-03-31T02:10:00Z,Dodger Stadium,LAD,CLE,34.0739,-118.24,open,open_meteo_archive,2026-03-30T02:00,57.9,58.6,90,,,2.1,141,3.8,1013.5,2,grass,2026-05-07T07:58:26.399336+00:00
2026,regular,2026-03-31,824861,2026-03-31T22:35:00Z,Oriole Park at Camden Yards,BAL,TEX,39.284,-76.6217,open,open_meteo_archive,2026-03-31T22:00,76.1,72.3,46,,,11.7,217,25.7,1014.1,19,grass,2026-05-07T07:58:27.061909+00:00
2026,regular,2026-03-31,824537,2026-03-31T22:40:00Z,Great American Ball Park,CIN,PIT,39.0979,-84.5081,open,open_meteo_archive,2026-03-31T22:00,72.5,68.5,51,,,12.1,220,25.5,1013.7,63,grass,2026-05-07T07:58:27.719848+00:00
2026,regular,2026-03-31,823485,2026-03-31T22:40:00Z,Citizens Bank Park,PHI,WSN,39.9061,-75.1665,open,open_meteo_archive,2026-03-31T22:00,72.3,68.4,55,,,13.1,212,26.8,1013.7,96,grass,2026-05-07T07:58:28.393255+00:00
2026,regular,2026-03-31,823888,2026-03-31T22:40:00Z,loanDepot park,MIA,CHW,25.7781,-80.2197,retractable,open_meteo_archive,2026-03-31T22:00,73.3,74.6,73,,,9.1,85,17.4,1022.0,35,turf,2026-05-07T07:58:29.079004+00:00
2026,regular,2026-03-31,822836,2026-03-31T23:07:00Z,Rogers Centre,TOR,COL,43.6414,-79.3894,retractable,open_meteo_archive,2026-03-31T23:00,55.4,53.1,95,,,8.5,289,18.6,1009.4,100,turf,2026-05-07T07:58:29.749547+00:00
2026,regular,2026-03-31,824942,2026-03-31T23:15:00Z,Truist Park,ATL,ATH,33.8907,-84.4677,open,open_meteo_archive,2026-03-31T23:00,66.7,66.7,79,,,7.8,195,17.0,1022.2,14,grass,2026-05-07T07:58:30.428238+00:00
2026,regular,2026-03-31,824699,2026-03-31T23:40:00Z,Wrigley Field,CHC,LAA,41.9484,-87.6553,open,open_meteo_archive,2026-03-31T23:00,38.7,32.0,92,,,8.4,16,24.8,1019.0,90,grass,2026-05-07T07:58:31.081619+00:00
2026,regular,2026-03-31,823807,2026-03-31T23:40:00Z,American Family Field,MIL,TBR,43.028,-87.9712,retractable,open_meteo_archive,2026-03-31T23:00,36.8,28.4,90,,,11.5,34,23.0,1019.5,99,turf,2026-05-07T07:58:31.723246+00:00
2026,regular,2026-03-31,823077,2026-03-31T23:45:00Z,Busch Stadium,STL,NYM,38.6226,-90.1928,open,open_meteo_archive,2026-03-31T23:00,65.8,67.6,81,,0.024,3.6,56,25.3,1014.6,99,grass,2026-05-07T07:58:32.386127+00:00
2026,regular,2026-03-31,824212,2026-04-01T00:10:00Z,Minute Maid Park,HOU,BOS,29.7573,-95.3555,retractable,open_meteo_archive,2026-03-31T00:00,70.2,73.7,89,,,7.0,155,15.0,1019.1,23,turf,2026-05-07T07:58:33.059882+00:00
2026,regular,2026-03-31,825107,2026-04-01T01:40:00Z,Chase Field,ARI,DET,33.4455,-112.0667,retractable,open_meteo_archive,2026-03-31T01:00,80.7,80.9,37,,,0.9,45,4.3,1011.1,98,turf,2026-05-07T07:58:33.699983+00:00
2026,regular,2026-03-31,823322,2026-04-01T01:40:00Z,Petco Park,SDP,SFG,32.7073,-117.1566,open,open_meteo_archive,2026-03-31T01:00,63.0,65.8,91,,,1.8,158,7.2,1014.0,98,grass,2026-05-07T07:58:34.350726+00:00
2026,regular,2026-03-31,823158,2026-04-01T01:40:00Z,T-Mobile Park,SEA,NYY,47.5914,-122.3325,retractable,open_meteo_archive,2026-03-31T01:00,41.3,35.5,84,,,6.6,16,14.5,1016.4,100,turf,2026-05-07T07:58:34.983151+00:00
2026,regular,2026-03-31,823969,2026-04-01T02:10:00Z,Dodger Stadium,LAD,CLE,34.0739,-118.24,open,open_meteo_archive,2026-03-31T02:00,59.3,61.1,90,,,0.3,225,6.5,1014.8,99,grass,2026-05-07T07:58:35.628300+00:00
2026,regular,2026-04-01,824860,2026-04-01T16:35:00Z,Oriole Park at Camden Yards,BAL,TEX,39.284,-76.6217,open,open_meteo_archive,2026-04-01T16:00,87.1,85.7,31,,,6.0,278,20.4,1016.5,9,grass,2026-05-07T07:59:11.482677+00:00
2026,regular,2026-04-01,824536,2026-04-01T16:40:00Z,Great American Ball Park,CIN,PIT,39.0979,-84.5081,open,open_meteo_archive,2026-04-01T16:00,67.0,68.3,83,,0.075,6.6,334,24.2,1016.8,100,grass,2026-05-07T07:59:12.138255+00:00
2026,regular,2026-04-01,823483,2026-04-01T17:05:00Z,Citizens Bank Park,PHI,WSN,39.9061,-75.1665,open,open_meteo_archive,2026-04-01T17:00,82.2,80.4,35,,,5.7,302,17.7,1017.1,19,grass,2026-05-07T07:59:12.799038+00:00
2026,regular,2026-04-01,822835,2026-04-01T17:07:00Z,Rogers Centre,TOR,COL,43.6414,-79.3894,retractable,open_meteo_archive,2026-04-01T17:00,41.3,34.4,60,,,6.2,32,18.8,1026.2,100,turf,2026-05-07T07:59:13.686148+00:00
2026,regular,2026-04-01,823889,2026-04-01T17:10:00Z,loanDepot park,MIA,CHW,25.7781,-80.2197,retractable,open_meteo_archive,2026-04-01T17:00,79.1,77.0,49,,,11.7,85,27.7,1019.6,98,turf,2026-05-07T07:59:14.701619+00:00
2026,regular,2026-04-01,823078,2026-04-01T17:15:00Z,Busch Stadium,STL,NYM,38.6226,-90.1928,open,open_meteo_archive,2026-04-01T17:00,61.7,60.9,83,,,6.8,67,15.7,1014.5,100,grass,2026-05-07T07:59:15.834105+00:00
2026,regular,2026-04-01,823806,2026-04-01T17:40:00Z,American Family Field,MIL,TBR,43.028,-87.9712,retractable,open_meteo_archive,2026-04-01T17:00,34.2,24.7,75,,,11.9,35,30.0,1025.6,100,turf,2026-05-07T07:59:16.523477+00:00
2026,regular,2026-04-01,824211,2026-04-01T18:10:00Z,Minute Maid Park,HOU,BOS,29.7573,-95.3555,retractable,open_meteo_archive,2026-04-01T18:00,78.5,79.1,64,,0.004,11.8,164,29.8,1013.0,99,turf,2026-05-07T07:59:17.193653+00:00
2026,regular,2026-04-01,824698,2026-04-01T18:20:00Z,Wrigley Field,CHC,LAA,41.9484,-87.6553,open,open_meteo_archive,2026-04-01T18:00,39.2,30.2,82,,,13.2,34,29.1,1022.9,100,grass,2026-05-07T07:59:17.837935+00:00
2026,regular,2026-04-01,823321,2026-04-01T20:10:00Z,Petco Park,SDP,SFG,32.7073,-117.1566,open,open_meteo_archive,2026-04-01T20:00,63.6,62.9,70,,,4.4,315,13.2,1015.3,38,grass,2026-05-07T07:59:53.734257+00:00
2026,regular,2026-04-01,823157,2026-04-01T20:10:00Z,T-Mobile Park,SEA,NYY,47.5914,-122.3325,retractable,open_meteo_archive,2026-04-01T20:00,46.4,39.2,84,,,12.2,200,28.6,997.8,16,turf,2026-05-07T07:59:54.394201+00:00
2026,regular,2026-04-01,824136,2026-04-01T23:40:00Z,Kauffman Stadium,KCR,MIN,39.0517,-94.4803,open,open_meteo_archive,2026-04-01T23:00,55.2,53.2,99,,0.161,8.4,79,20.1,1007.5,100,grass,2026-05-07T07:59:55.072843+00:00
2026,regular,2026-04-01,823970,2026-04-02T00:20:00Z,Dodger Stadium,LAD,CLE,34.0739,-118.24,open,open_meteo_archive,2026-04-01T00:00,60.8,62.7,95,,0.039,2.9,321,6.9,1014.1,100,grass,2026-05-07T07:59:55.751960+00:00
2026,regular,2026-04-02,824133,2026-04-02T18:10:00Z,Kauffman Stadium,KCR,MIN,39.0517,-94.4803,open,open_meteo_archive,2026-04-02T18:00,64.8,59.5,59,,,12.5,260,32.0,1005.7,13,grass,2026-05-07T07:59:56.399306+00:00
2026,regular,2026-04-02,825105,2026-04-03T01:40:00Z,Chase Field,ARI,ATL,33.4455,-112.0667,retractable,open_meteo_archive,2026-04-02T01:00,70.5,66.5,30,,,2.8,238,10.1,1010.1,,turf,2026-05-07T07:59:57.089452+00:00
2026,regular,2026-04-02,823242,2026-04-03T01:45:00Z,Oracle Park,SFG,NYM,37.7786,-122.3893,open,open_meteo_archive,2026-04-02T01:00,54.8,50.7,92,,0.067,11.4,286,29.3,1015.9,100,grass,2026-05-07T07:59:57.747120+00:00
2026,regular,2026-04-03,824621,2026-04-03T18:10:00Z,Rate Field,CHW,TOR,41.83,-87.6339,open,open_meteo_archive,2026-04-03T18:00,40.5,33.1,92,,,11.1,49,24.2,1021.0,100,grass,2026-05-07T07:59:58.382850+00:00
2026,regular,2026-04-03,822758,2026-04-03T17:05:00Z,Nationals Park,WSN,LAD,38.873,-77.0074,open,open_meteo_archive,2026-04-03T17:00,81.1,79.6,45,,,9.8,218,23.3,1020.7,95,grass,2026-05-07T07:59:59.042596+00:00
2026,regular,2026-04-03,824299,2026-04-03T17:10:00Z,Comerica Park,DET,STL,42.339,-83.0485,open,open_meteo_archive,2026-04-03T17:00,65.8,62.4,63,,,9.9,304,23.7,1017.5,100,grass,2026-05-07T07:59:59.719054+00:00
2026,regular,2026-04-03,824786,2026-04-03T18:10:00Z,Fenway Park,BOS,SDP,42.3467,-71.0972,open,open_meteo_archive,2026-04-03T18:00,64.9,61.9,66,,,9.6,222,22.1,1017.0,98,grass,2026-05-07T08:00:35.561460+00:00
2026,regular,2026-04-03,822919,2026-04-03T20:05:00Z,Globe Life Field,TEX,CIN,32.7473,-97.0842,retractable,open_meteo_archive,2026-04-03T20:00,72.2,76.8,78,,0.067,2.4,53,17.4,1012.3,100,turf,2026-05-07T08:00:36.244311+00:00
2026,regular,2026-04-03,824458,2026-04-03T20:10:00Z,Progressive Field,CLE,CHC,41.4962,-81.6852,open,open_meteo_archive,2026-04-03T20:00,56.8,56.1,90,,,4.6,244,2.9,1018.9,100,grass,2026-05-07T08:00:36.928490+00:00
2026,regular,2026-04-03,823732,2026-04-03T20:10:00Z,Target Field,MIN,TBR,44.9817,-93.2776,open,open_meteo_archive,2026-04-03T20:00,37.0,29.8,86,,0.083,8.6,64,19.9,1018.3,100,grass,2026-05-07T08:00:37.596605+00:00
2026,regular,2026-04-03,824377,2026-04-03T20:10:00Z,Coors Field,COL,PHI,39.7559,-104.9942,open,open_meteo_archive,2026-04-03T20:00,45.7,40.0,44,,,2.2,339,13.6,1019.3,98,grass,2026-05-07T08:00:38.274886+00:00
2026,regular,2026-04-03,823406,2026-04-03T20:12:00Z,PNC Park,PIT,BAL,40.4469,-80.0057,open,open_meteo_archive,2026-04-03T20:00,70.4,70.2,70,,,8.8,227,15.2,1018.9,100,grass,2026-05-07T08:00:38.928872+00:00
2026,regular,2026-04-03,824056,2026-04-04T01:38:00Z,Angel Stadium,LAA,SEA,33.8003,-117.8827,open,open_meteo_archive,2026-04-03T01:00,60.1,59.4,78,,,4.0,130,10.7,1015.0,7,grass,2026-05-07T08:00:39.568359+00:00
2026,regular,2026-04-03,825026,2026-04-04T01:40:00Z,Oakland Coliseum,ATH,HOU,37.7516,-122.2005,open,open_meteo_archive,2026-04-03T01:00,50.5,48.3,84,,,2.7,353,6.7,1020.1,,grass,2026-05-07T08:00:40.230112+00:00
2026,regular,2026-04-03,825103,2026-04-04T01:45:00Z,Chase Field,ARI,ATL,33.4455,-112.0667,retractable,open_meteo_archive,2026-04-03T01:00,70.6,65.3,26,,,4.5,257,9.8,1009.9,,turf,2026-05-07T08:00:40.909555+00:00
2026,regular,2026-04-03,823240,2026-04-04T02:15:00Z,Oracle Park,SFG,NYM,37.7786,-122.3893,open,open_meteo_archive,2026-04-03T02:00,51.8,49.2,75,,,2.7,355,6.0,1020.0,,grass,2026-05-07T08:00:42.612494+00:00
2026,regular,2026-04-04,824134,2026-04-04T23:10:00Z,Kauffman Stadium,KCR,MIL,39.0517,-94.4803,open,open_meteo_archive,2026-04-04T23:00,45.6,39.6,65,,,6.0,321,14.1,1025.9,,grass,2026-05-07T08:00:44.004897+00:00
2026,regular,2026-04-04,824622,2026-04-04T18:10:00Z,Rate Field,CHW,TOR,41.83,-87.6339,open,open_meteo_archive,2026-04-04T18:00,47.5,38.3,64,,,14.2,259,38.5,1012.8,100,grass,2026-05-07T08:01:21.396463+00:00
2026,regular,2026-04-04,824132,2026-04-04T18:10:00Z,Kauffman Stadium,KCR,MIL,39.0517,-94.4803,open,open_meteo_archive,2026-04-04T18:00,52.6,42.4,43,,,14.8,308,32.2,1021.9,43,grass,2026-05-07T08:01:22.435818+00:00
2026,regular,2026-04-04,822757,2026-04-04T20:05:00Z,Nationals Park,WSN,LAD,38.873,-77.0074,open,open_meteo_archive,2026-04-04T20:00,77.4,76.5,50,,,8.0,189,20.1,1015.4,48,grass,2026-05-07T08:01:23.085726+00:00
2026,regular,2026-04-04,825027,2026-04-04T20:05:00Z,Oakland Coliseum,ATH,HOU,37.7516,-122.2005,open,open_meteo_archive,2026-04-04T20:00,70.4,67.8,41,,,3.6,298,8.7,1016.9,99,grass,2026-05-07T08:01:23.768625+00:00
2026,regular,2026-04-04,823404,2026-04-04T20:05:00Z,PNC Park,PIT,BAL,40.4469,-80.0057,open,open_meteo_archive,2026-04-04T20:00,74.5,73.0,54,,,8.6,184,15.0,1010.0,99,grass,2026-05-07T08:01:24.424413+00:00
2026,regular,2026-04-04,824782,2026-04-04T20:10:00Z,Fenway Park,BOS,SDP,42.3467,-71.0972,open,open_meteo_archive,2026-04-04T20:00,37.7,28.6,81,,,12.5,90,28.6,1028.6,100,grass,2026-05-07T08:01:25.064480+00:00
2026,regular,2026-04-04,822920,2026-04-04T23:05:00Z,Globe Life Field,TEX,CIN,32.7473,-97.0842,retractable,open_meteo_archive,2026-04-04T23:00,58.1,54.7,67,,,6.5,19,13.4,1024.8,90,turf,2026-05-07T08:01:25.727708+00:00
2026,regular,2026-04-04,823569,2026-04-04T23:05:00Z,Yankee Stadium,NYY,MIA,40.8296,-73.9262,open,open_meteo_archive,2026-04-04T23:00,44.3,38.2,78,,,7.9,95,19.0,1023.2,100,grass,2026-05-07T08:01:26.400560+00:00
2026,regular,2026-04-04,823730,2026-04-04T23:10:00Z,Target Field,MIN,TBR,44.9817,-93.2776,open,open_meteo_archive,2026-04-04T23:00,31.8,22.6,82,,,11.1,306,24.8,1018.4,88,grass,2026-05-07T08:01:27.056759+00:00
2026,regular,2026-04-04,825104,2026-04-04T23:15:00Z,Chase Field,ARI,ATL,33.4455,-112.0667,retractable,open_meteo_archive,2026-04-04T23:00,77.4,70.8,8,,,1.7,270,6.9,1012.9,98,turf,2026-05-07T08:01:27.704241+00:00
2026,regular,2026-04-04,824378,2026-04-05T00:10:00Z,Coors Field,COL,PHI,39.7559,-104.9942,open,open_meteo_archive,2026-04-04T00:00,42.0,36.0,51,,,2.9,64,13.0,1024.1,36,grass,2026-05-07T08:01:28.333285+00:00
2026,regular,2026-04-04,823239,2026-04-05T01:05:00Z,Oracle Park,SFG,NYM,37.7786,-122.3893,open,open_meteo_archive,2026-04-04T01:00,56.9,54.4,57,,,1.3,117,4.0,1019.4,95,grass,2026-05-07T08:01:28.977984+00:00
2026,regular,2026-04-04,824054,2026-04-05T01:38:00Z,Angel Stadium,LAA,SEA,33.8003,-117.8827,open,open_meteo_archive,2026-04-04T01:00,67.1,62.2,22,,,1.0,6,1.8,1016.9,,grass,2026-05-07T08:01:29.611461+00:00
2026,regular,2026-04-05,824460,2026-04-05T17:15:00Z,Progressive Field,CLE,CHC,41.4962,-81.6852,open,open_meteo_archive,2026-04-05T17:00,40.2,28.7,75,,,18.5,291,24.4,1018.0,54,grass,2026-05-07T08:01:30.255262+00:00
2026,regular,2026-04-05,822756,2026-04-05T17:35:00Z,Nationals Park,WSN,LAD,38.873,-77.0074,open,open_meteo_archive,2026-04-05T17:00,61.3,58.4,75,,,9.3,333,21.7,1011.0,100,grass,2026-05-07T08:02:06.083809+00:00
2026,regular,2026-04-05,823405,2026-04-05T17:35:00Z,PNC Park,PIT,BAL,40.4469,-80.0057,open,open_meteo_archive,2026-04-05T17:00,46.8,37.1,59,,,14.6,276,35.3,1016.6,100,grass,2026-05-07T08:02:06.750076+00:00
2026,regular,2026-04-05,824781,2026-04-05T17:35:00Z,Fenway Park,BOS,SDP,42.3467,-71.0972,open,open_meteo_archive,2026-04-05T17:00,58.5,55.1,84,,0.004,10.6,220,22.8,1005.6,100,grass,2026-05-07T08:02:07.404479+00:00
2026,regular,2026-04-05,823566,2026-04-05T17:35:00Z,Yankee Stadium,NYY,MIA,40.8296,-73.9262,open,open_meteo_archive,2026-04-05T17:00,56.1,53.4,89,,0.059,8.4,237,19.7,1007.7,100,grass,2026-05-07T08:02:08.087474+00:00
2026,regular,2026-04-05,823729,2026-04-05T18:10:00Z,Target Field,MIN,TBR,44.9817,-93.2776,open,open_meteo_archive,2026-04-05T18:00,46.2,40.6,65,,,5.4,289,16.1,1020.8,2,grass,2026-05-07T08:02:08.749051+00:00
2026,regular,2026-04-05,824620,2026-04-05T18:10:00Z,Rate Field,CHW,TOR,41.83,-87.6339,open,open_meteo_archive,2026-04-05T18:00,50.3,42.4,45,,,8.8,280,23.3,1021.8,,grass,2026-05-07T08:02:09.383129+00:00
2026,regular,2026-04-05,824131,2026-04-05T18:10:00Z,Kauffman Stadium,KCR,MIL,39.0517,-94.4803,open,open_meteo_archive,2026-04-05T18:00,58.8,54.1,43,,,3.7,316,12.1,1026.6,,grass,2026-05-07T08:02:10.053454+00:00
2026,regular,2026-04-05,822917,2026-04-05T18:35:00Z,Globe Life Field,TEX,CIN,32.7473,-97.0842,retractable,open_meteo_archive,2026-04-05T18:00,65.3,60.4,46,,,8.0,23,20.6,1025.7,100,turf,2026-05-07T08:02:12.866851+00:00
2026,regular,2026-04-05,825025,2026-04-05T20:05:00Z,Oakland Coliseum,ATH,HOU,37.7516,-122.2005,open,open_meteo_archive,2026-04-05T20:00,63.0,60.7,55,,,3.5,237,12.1,1015.2,75,grass,2026-05-07T08:02:48.697338+00:00
2026,regular,2026-04-05,823238,2026-04-05T20:05:00Z,Oracle Park,SFG,NYM,37.7786,-122.3893,open,open_meteo_archive,2026-04-05T20:00,60.8,57.3,67,,,8.3,243,20.4,1015.0,79,grass,2026-05-07T08:02:51.141810+00:00
2026,regular,2026-04-05,824053,2026-04-05T20:07:00Z,Angel Stadium,LAA,SEA,33.8003,-117.8827,open,open_meteo_archive,2026-04-05T20:00,72.8,69.0,30,,,3.0,169,7.6,1014.2,100,grass,2026-05-07T08:02:51.919485+00:00
2026,regular,2026-04-05,825102,2026-04-05T20:10:00Z,Chase Field,ARI,ATL,33.4455,-112.0667,retractable,open_meteo_archive,2026-04-05T20:00,87.3,82.4,14,,,2.3,39,5.1,1009.8,100,turf,2026-05-07T08:02:52.594567+00:00
2026,regular,2026-04-05,824296,2026-04-05T23:20:00Z,Comerica Park,DET,STL,42.339,-83.0485,open,open_meteo_archive,2026-04-05T23:00,37.8,30.7,72,,,6.7,264,13.2,1022.1,13,grass,2026-05-07T08:02:53.262091+00:00
2026,regular,2026-04-06,823002,2026-04-06T20:10:00Z,Tropicana Field,TBR,CHC,27.7682,-82.6534,dome,dome_weather_neutral,,72,72,45,,,,,,,,turf,2026-05-07T08:02:53.262120+00:00
2026,regular,2026-04-06,824456,2026-04-06T22:10:00Z,Progressive Field,CLE,KCR,41.4962,-81.6852,open,open_meteo_archive,2026-04-06T22:00,38.9,31.4,86,,0.008,9.9,275,11.2,1021.6,50,grass,2026-05-07T08:02:53.910609+00:00
2026,regular,2026-04-06,823401,2026-04-06T22:40:00Z,PNC Park,PIT,SDP,40.4469,-80.0057,open,open_meteo_archive,2026-04-06T22:00,42.8,38.9,85,,0.004,2.9,358,6.5,1020.7,76,grass,2026-05-07T08:02:54.590324+00:00
2026,regular,2026-04-06,823886,2026-04-06T22:40:00Z,loanDepot park,MIA,CIN,25.7781,-80.2197,retractable,open_meteo_archive,2026-04-06T22:00,72.3,76.4,85,,,6.2,74,15.2,1014.1,70,turf,2026-05-07T08:02:55.277646+00:00
2026,regular,2026-04-06,822755,2026-04-06T22:45:00Z,Nationals Park,WSN,STL,38.873,-77.0074,open,open_meteo_archive,2026-04-06T22:00,53.6,50.8,59,,,0.9,90,2.2,1019.3,64,grass,2026-05-07T08:02:55.934641+00:00
2026,regular,2026-04-06,824783,2026-04-06T22:45:00Z,Fenway Park,BOS,MIL,42.3467,-71.0972,open,open_meteo_archive,2026-04-06T22:00,39.0,31.7,55,,,5.8,278,17.7,1019.3,,grass,2026-05-07T08:02:56.562208+00:00
2026,regular,2026-04-06,822832,2026-04-06T23:07:00Z,Rogers Centre,TOR,LAD,43.6414,-79.3894,retractable,open_meteo_archive,2026-04-06T23:00,32.2,27.1,90,,,2.1,141,6.0,1017.8,100,turf,2026-05-07T08:02:57.216813+00:00
2026,regular,2026-04-06,823728,2026-04-06T23:40:00Z,Target Field,MIN,DET,44.9817,-93.2776,open,open_meteo_archive,2026-04-06T23:00,26.2,18.0,56,,,5.3,8,13.4,1033.7,,grass,2026-05-07T08:02:57.887563+00:00
2026,regular,2026-04-06,824619,2026-04-06T23:40:00Z,Rate Field,CHW,BAL,41.83,-87.6339,open,open_meteo_archive,2026-04-06T23:00,35.2,26.7,81,,,10.4,32,24.6,1029.1,93,grass,2026-05-07T08:02:58.536999+00:00
2026,regular,2026-04-06,822918,2026-04-07T00:05:00Z,Globe Life Field,TEX,SEA,32.7473,-97.0842,retractable,open_meteo_archive,2026-04-06T00:00,57.3,53.6,61,,,5.1,43,9.6,1026.5,99,turf,2026-05-07T08:02:59.196203+00:00
2026,regular,2026-04-06,824052,2026-04-07T01:38:00Z,Angel Stadium,LAA,ATL,33.8003,-117.8827,open,open_meteo_archive,2026-04-06T01:00,65.1,65.7,64,,,0.6,259,4.7,1015.2,100,grass,2026-05-07T08:03:35.068811+00:00
2026,regular,2026-04-06,823237,2026-04-07T01:45:00Z,Oracle Park,SFG,PHI,37.7786,-122.3893,open,open_meteo_archive,2026-04-06T01:00,57.0,54.7,75,,,5.1,227,13.2,1016.4,2,grass,2026-05-07T08:03:35.724701+00:00
2026,regular,2026-04-07,824457,2026-04-07T17:10:00Z,Progressive Field,CLE,KCR,41.4962,-81.6852,open,open_meteo_archive,2026-04-07T17:00,28.9,21.5,58,,,5.7,15,11.0,1035.1,,grass,2026-05-07T08:03:36.384497+00:00
2026,regular,2026-04-07,824618,2026-04-07T19:10:00Z,Rate Field,CHW,BAL,41.83,-87.6339,open,open_meteo_archive,2026-04-07T19:00,34.0,27.1,65,,,4.5,74,14.1,1031.3,100,grass,2026-05-07T08:03:37.068430+00:00
2026,regular,2026-04-07,823648,2026-04-07T20:10:00Z,Citi Field,NYM,ARI,40.7571,-73.8458,open,open_meteo_archive,2026-04-07T20:00,40.8,31.1,34,,,9.1,316,27.1,1029.0,,grass,2026-05-07T08:03:37.721486+00:00
2026,regular,2026-04-07,823402,2026-04-07T22:40:00Z,PNC Park,PIT,SDP,40.4469,-80.0057,open,open_meteo_archive,2026-04-07T22:00,31.8,24.1,63,,,5.8,9,12.3,1034.2,,grass,2026-05-07T08:03:38.368032+00:00
2026,regular,2026-04-07,822999,2026-04-07T22:40:00Z,Tropicana Field,TBR,CHC,27.7682,-82.6534,dome,dome_weather_neutral,,72,72,45,,,,,,,,turf,2026-05-07T08:03:38.368061+00:00
2026,regular,2026-04-07,823887,2026-04-07T22:40:00Z,loanDepot park,MIA,CIN,25.7781,-80.2197,retractable,open_meteo_archive,2026-04-07T22:00,70.6,74.3,89,,,6.9,341,14.5,1012.0,13,turf,2026-05-07T08:03:39.037536+00:00
2026,regular,2026-04-07,822754,2026-04-07T22:45:00Z,Nationals Park,WSN,STL,38.873,-77.0074,open,open_meteo_archive,2026-04-07T22:00,44.2,36.7,45,,,6.0,6,12.5,1031.1,,grass,2026-05-07T08:03:39.696652+00:00
2026,regular,2026-04-07,824780,2026-04-07T22:45:00Z,Fenway Park,BOS,MIL,42.3467,-71.0972,open,open_meteo_archive,2026-04-07T22:00,35.3,25.2,56,,,11.8,296,24.4,1027.9,,grass,2026-05-07T08:03:40.367120+00:00
2026,regular,2026-04-07,823567,2026-04-07T23:05:00Z,Yankee Stadium,NYY,ATH,40.8296,-73.9262,open,open_meteo_archive,2026-04-07T23:00,34.2,24.4,52,,,10.1,332,24.8,1032.1,,grass,2026-05-07T08:03:41.004273+00:00
2026,regular,2026-04-07,822831,2026-04-07T23:07:00Z,Rogers Centre,TOR,LAD,43.6414,-79.3894,retractable,open_meteo_archive,2026-04-07T23:00,24.8,16.9,64,,,5.1,332,10.5,1035.0,,turf,2026-05-07T08:03:41.647997+00:00
2026,regular,2026-04-07,822916,2026-04-08T00:05:00Z,Globe Life Field,TEX,SEA,32.7473,-97.0842,retractable,open_meteo_archive,2026-04-07T00:00,56.9,54.4,68,,,3.7,102,6.9,1022.1,100,turf,2026-05-07T08:04:18.014074+00:00
2026,regular,2026-04-07,824375,2026-04-08T00:40:00Z,Coors Field,COL,HOU,39.7559,-104.9942,open,open_meteo_archive,2026-04-07T00:00,47.4,41.0,53,,,5.8,46,12.3,1018.6,34,grass,2026-05-07T08:04:18.732911+00:00
2026,regular,2026-04-07,824051,2026-04-08T01:38:00Z,Angel Stadium,LAA,ATL,33.8003,-117.8827,open,open_meteo_archive,2026-04-07T01:00,59.4,61.5,93,,,0.6,135,2.7,1016.7,16,grass,2026-05-07T08:04:19.392674+00:00
2026,regular,2026-04-07,823235,2026-04-08T01:45:00Z,Oracle Park,SFG,PHI,37.7786,-122.3893,open,open_meteo_archive,2026-04-07T01:00,53.4,49.1,81,,,8.8,256,19.2,1019.4,22,grass,2026-05-07T08:04:20.082282+00:00
2026,regular,2026-04-08,823403,2026-04-08T16:35:00Z,PNC Park,PIT,SDP,40.4469,-80.0057,open,open_meteo_archive,2026-04-08T16:00,57.7,52.4,30,,,6.8,146,17.7,1029.0,,grass,2026-05-07T08:04:20.747322+00:00
2026,regular,2026-04-08,824455,2026-04-08T17:10:00Z,Progressive Field,CLE,KCR,41.4962,-81.6852,open,open_meteo_archive,2026-04-08T17:00,49.4,43.9,42,,,3.4,116,3.8,1026.8,68,grass,2026-05-07T08:04:21.406986+00:00
2026,regular,2026-04-08,824779,2026-04-08T17:35:00Z,Fenway Park,BOS,MIL,42.3467,-71.0972,open,open_meteo_archive,2026-04-08T17:00,39.2,31.6,52,,,6.1,95,17.4,1035.6,,grass,2026-05-07T08:04:22.083633+00:00
2026,regular,2026-04-08,824617,2026-04-08T18:10:00Z,Rate Field,CHW,BAL,41.83,-87.6339,open,open_meteo_archive,2026-04-08T18:00,64.8,57.4,45,,,13.1,185,27.5,1016.2,,grass,2026-05-07T08:04:22.754436+00:00
2026,regular,2026-04-08,822915,2026-04-08T18:35:00Z,Globe Life Field,TEX,SEA,32.7473,-97.0842,retractable,open_meteo_archive,2026-04-08T18:00,76.8,73.5,36,,,6.8,182,14.8,1016.0,45,turf,2026-05-07T08:04:23.395129+00:00
2026,regular,2026-04-08,822833,2026-04-08T19:07:00Z,Rogers Centre,TOR,LAD,43.6414,-79.3894,retractable,open_meteo_archive,2026-04-08T19:00,36.4,29.2,75,,,7.0,74,17.2,1029.2,4,turf,2026-05-07T08:04:24.048300+00:00
2026,regular,2026-04-08,823234,2026-04-08T19:45:00Z,Oracle Park,SFG,PHI,37.7786,-122.3893,open,open_meteo_archive,2026-04-08T19:00,61.1,57.9,73,,,9.4,255,25.1,1014.3,5,grass,2026-05-07T08:05:00.891934+00:00
2026,regular,2026-04-08,822753,2026-04-08T20:05:00Z,Nationals Park,WSN,STL,38.873,-77.0074,open,open_meteo_archive,2026-04-08T20:00,46.0,39.4,48,,,4.8,109,12.5,1034.3,69,grass,2026-05-07T08:05:01.547962+00:00
2026,regular,2026-04-08,824050,2026-04-08T20:07:00Z,Angel Stadium,LAA,ATL,33.8003,-117.8827,open,open_meteo_archive,2026-04-08T20:00,67.0,67.6,72,,,4.6,209,10.7,1011.6,86,grass,2026-05-07T08:05:02.207238+00:00
2026,regular,2026-04-08,823646,2026-04-08T20:10:00Z,Citi Field,NYM,ARI,40.7571,-73.8458,open,open_meteo_archive,2026-04-08T20:00,38.8,31.6,59,,,5.8,167,15.0,1036.0,,grass,2026-05-07T08:05:02.897460+00:00
2026,regular,2026-04-08,823000,2026-04-08T22:40:00Z,Tropicana Field,TBR,CHC,27.7682,-82.6534,dome,dome_weather_neutral,,72,72,45,,,,,,,,turf,2026-05-07T08:05:02.897488+00:00
2026,regular,2026-04-08,823885,2026-04-08T22:40:00Z,loanDepot park,MIA,CIN,25.7781,-80.2197,retractable,open_meteo_archive,2026-04-08T22:00,71.9,71.2,84,,,16.6,52,33.6,1015.6,100,turf,2026-05-07T08:05:03.584575+00:00
2026,regular,2026-04-08,823564,2026-04-08T23:05:00Z,Yankee Stadium,NYY,ATH,40.8296,-73.9262,open,open_meteo_archive,2026-04-08T23:00,37.6,31.3,71,,,4.7,170,10.3,1036.8,,grass,2026-05-07T08:05:04.224894+00:00
2026,regular,2026-04-08,823726,2026-04-08T23:40:00Z,Target Field,MIN,DET,44.9817,-93.2776,open,open_meteo_archive,2026-04-08T23:00,40.1,30.3,58,,,12.4,292,28.4,1014.6,,grass,2026-05-07T08:05:04.891575+00:00
2026,regular,2026-04-09,823884,2026-04-09T16:10:00Z,loanDepot park,MIA,CIN,25.7781,-80.2197,retractable,open_meteo_archive,2026-04-09T16:00,75.8,79.0,76,,0.004,13.1,47,30.4,1016.9,27,turf,2026-05-07T08:05:05.533349+00:00
2026,regular,2026-04-09,823565,2026-04-09T17:35:00Z,Yankee Stadium,NYY,ATH,40.8296,-73.9262,open,open_meteo_archive,2026-04-09T17:00,47.3,39.6,52,,,8.5,162,22.6,1032.9,34,grass,2026-05-07T08:05:06.173286+00:00
2026,regular,2026-04-09,823724,2026-04-09T17:40:00Z,Target Field,MIN,DET,44.9817,-93.2776,open,open_meteo_archive,2026-04-09T17:00,45.1,38.6,56,,,5.8,306,17.9,1022.4,100,grass,2026-05-07T08:05:06.793705+00:00
2026,regular,2026-04-09,823645,2026-04-09T23:10:00Z,Citi Field,NYM,ARI,40.7571,-73.8458,open,open_meteo_archive,2026-04-09T23:00,40.8,35.6,87,,,5.5,169,12.5,1031.9,,grass,2026-05-07T08:05:07.413381+00:00
2026,regular,2026-04-09,824130,2026-04-09T23:40:00Z,Kauffman Stadium,KCR,CHW,39.0517,-94.4803,open,open_meteo_archive,2026-04-09T23:00,68.0,65.0,61,,,10.1,225,24.8,1017.1,100,grass,2026-05-07T08:05:08.074965+00:00
2026,regular,2026-04-09,823319,2026-04-10T01:40:00Z,Petco Park,SDP,COL,32.7073,-117.1566,open,open_meteo_archive,2026-04-09T01:00,60.1,62.3,96,,,1.6,168,4.0,1013.9,6,grass,2026-05-07T08:05:08.717812+00:00
2026,regular,2026-04-10,823482,2026-04-10T22:40:00Z,Citizens Bank Park,PHI,ARI,39.9061,-75.1665,open,open_meteo_archive,2026-04-10T22:00,54.0,49.2,72,,,8.3,194,16.8,1021.4,46,grass,2026-05-07T08:05:44.564632+00:00
2026,regular,2026-04-10,824297,2026-04-10T22:40:00Z,Comerica Park,DET,MIA,42.339,-83.0485,open,open_meteo_archive,2026-04-10T22:00,44.4,40.6,84,,,3.3,352,11.6,1027.4,21,grass,2026-05-07T08:05:45.231674+00:00
2026,regular,2026-04-10,824534,2026-04-10T22:45:00Z,Great American Ball Park,CIN,LAA,39.0979,-84.5081,open,open_meteo_archive,2026-04-10T22:00,60.2,58.8,88,,,8.4,319,17.0,1025.3,98,grass,2026-05-07T08:05:45.896869+00:00
2026,regular,2026-04-10,822829,2026-04-10T23:07:00Z,Rogers Centre,TOR,MIN,43.6414,-79.3894,retractable,open_meteo_archive,2026-04-10T23:00,37.6,31.3,87,,,6.8,324,15.7,1026.4,3,turf,2026-05-07T08:05:46.557389+00:00
2026,regular,2026-04-10,823643,2026-04-10T23:10:00Z,Citi Field,NYM,ATH,40.7571,-73.8458,open,open_meteo_archive,2026-04-10T23:00,50.5,45.4,68,,,6.8,194,18.1,1020.8,99,grass,2026-05-07T08:05:47.218569+00:00
2026,regular,2026-04-10,822997,2026-04-10T23:10:00Z,Tropicana Field,TBR,NYY,27.7682,-82.6534,dome,dome_weather_neutral,,72,72,45,,,,,,,,turf,2026-05-07T08:05:47.218596+00:00
2026,regular,2026-04-10,824858,2026-04-10T23:15:00Z,Oriole Park at Camden Yards,BAL,SFG,39.284,-76.6217,open,open_meteo_archive,2026-04-10T23:00,58.0,54.7,59,,,4.3,190,10.1,1020.6,99,grass,2026-05-07T08:05:47.862777+00:00
2026,regular,2026-04-10,824941,2026-04-10T23:15:00Z,Truist Park,ATL,CLE,33.8907,-84.4677,open,open_meteo_archive,2026-04-10T23:00,64.7,62.4,45,,,1.2,163,2.5,1026.1,79,grass,2026-05-07T08:05:48.526721+00:00
2026,regular,2026-04-10,824128,2026-04-10T23:40:00Z,Kauffman Stadium,KCR,CHW,39.0517,-94.4803,open,open_meteo_archive,2026-04-10T23:00,52.4,48.9,85,,,7.3,101,14.3,1026.4,33,grass,2026-05-07T08:05:49.178543+00:00
2026,regular,2026-04-10,823808,2026-04-10T23:40:00Z,American Family Field,MIL,WSN,43.028,-87.9712,retractable,open_meteo_archive,2026-04-10T23:00,36.1,30.9,85,,,3.4,176,7.2,1029.9,,turf,2026-05-07T08:05:49.829428+00:00
2026,regular,2026-04-10,823076,2026-04-11T00:15:00Z,Busch Stadium,STL,BOS,38.6226,-90.1928,open,open_meteo_archive,2026-04-10T00:00,63.4,58.5,54,,,9.5,188,21.3,1019.6,100,grass,2026-05-07T08:05:50.466108+00:00
2026,regular,2026-04-10,823318,2026-04-11T01:40:00Z,Petco Park,SDP,COL,32.7073,-117.1566,open,open_meteo_archive,2026-04-10T01:00,62.3,64.5,90,,,2.1,321,5.4,1014.7,2,grass,2026-05-07T08:05:51.106407+00:00
2026,regular,2026-04-10,823156,2026-04-11T01:40:00Z,T-Mobile Park,SEA,HOU,47.5914,-122.3325,retractable,open_meteo_archive,2026-04-10T01:00,47.8,44.2,80,,,3.7,31,8.9,1012.7,98,turf,2026-05-07T08:05:52.855406+00:00
2026,regular,2026-04-11,823480,2026-04-11T17:05:00Z,Citizens Bank Park,PHI,ARI,39.9061,-75.1665,open,open_meteo_archive,2026-04-11T17:00,65.2,58.0,29,,,7.9,331,21.3,1025.0,,grass,2026-05-07T08:06:28.692293+00:00
2026,regular,2026-04-11,824294,2026-04-11T17:10:00Z,Comerica Park,DET,MIA,42.339,-83.0485,open,open_meteo_archive,2026-04-11T17:00,48.8,43.4,48,,,5.1,92,15.9,1030.6,39,grass,2026-05-07T08:06:29.346130+00:00
2026,regular,2026-04-11,824697,2026-04-11T18:20:00Z,Wrigley Field,CHC,PIT,41.9484,-87.6553,open,open_meteo_archive,2026-04-11T18:00,45.3,40.6,80,,,5.4,64,12.5,1025.8,100,grass,2026-05-07T08:06:30.001914+00:00
2026,regular,2026-04-11,822830,2026-04-11T19:07:00Z,Rogers Centre,TOR,MIN,43.6414,-79.3894,retractable,open_meteo_archive,2026-04-11T19:00,45.5,41.2,60,,,1.2,270,7.4,1030.6,,turf,2026-05-07T08:06:30.662157+00:00
2026,regular,2026-04-11,824535,2026-04-11T20:10:00Z,Great American Ball Park,CIN,LAA,39.0979,-84.5081,open,open_meteo_archive,2026-04-11T20:00,64.6,60.0,37,,,4.0,63,10.7,1025.9,100,grass,2026-05-07T08:06:31.323881+00:00
2026,regular,2026-04-11,823644,2026-04-11T20:10:00Z,Citi Field,NYM,ATH,40.7571,-73.8458,open,open_meteo_archive,2026-04-11T20:00,58.5,49.7,24,,,8.8,316,21.5,1026.2,,grass,2026-05-07T08:06:32.381714+00:00
2026,regular,2026-04-11,824129,2026-04-11T20:10:00Z,Kauffman Stadium,KCR,CHW,39.0517,-94.4803,open,open_meteo_archive,2026-04-11T20:00,70.8,69.3,68,,,11.2,177,22.4,1015.5,100,grass,2026-05-07T08:06:33.944531+00:00
2026,regular,2026-04-11,822996,2026-04-11T22:10:00Z,Tropicana Field,TBR,NYY,27.7682,-82.6534,dome,dome_weather_neutral,,72,72,45,,,,,,,,turf,2026-05-07T08:06:33.944559+00:00
2026,regular,2026-04-11,823805,2026-04-11T23:10:00Z,American Family Field,MIL,WSN,43.028,-87.9712,retractable,open_meteo_archive,2026-04-11T23:00,46.3,39.8,71,,,8.5,163,17.4,1021.9,100,turf,2026-05-07T08:06:34.883458+00:00
2026,regular,2026-04-11,824857,2026-04-11T23:15:00Z,Oriole Park at Camden Yards,BAL,SFG,39.284,-76.6217,open,open_meteo_archive,2026-04-11T23:00,56.3,52.3,50,,,2.6,50,5.1,1027.8,,grass,2026-05-07T08:06:36.311938+00:00
2026,regular,2026-04-11,824939,2026-04-11T23:15:00Z,Truist Park,ATL,CLE,33.8907,-84.4677,open,open_meteo_archive,2026-04-11T23:00,68.7,65.1,37,,,3.6,194,7.4,1024.6,,grass,2026-05-07T08:07:12.157320+00:00
2026,regular,2026-04-11,823316,2026-04-12T00:40:00Z,Petco Park,SDP,COL,32.7073,-117.1566,open,open_meteo_archive,2026-04-11T00:00,62.3,62.9,78,,,2.7,235,8.1,1015.6,48,grass,2026-05-07T08:07:12.828983+00:00
2026,regular,2026-04-11,823967,2026-04-12T01:10:00Z,Dodger Stadium,LAD,TEX,34.0739,-118.24,open,open_meteo_archive,2026-04-11T01:00,59.2,59.6,84,,,2.2,198,8.5,1014.8,46,grass,2026-05-07T08:07:13.488321+00:00
2026,regular,2026-04-11,823155,2026-04-12T01:40:00Z,T-Mobile Park,SEA,HOU,47.5914,-122.3325,retractable,open_meteo_archive,2026-04-11T01:00,51.4,47.9,71,,,4.1,37,7.8,1003.9,90,turf,2026-05-07T08:07:14.158217+00:00
2026,regular,2026-04-12,824859,2026-04-12T17:35:00Z,Oriole Park at Camden Yards,BAL,SFG,39.284,-76.6217,open,open_meteo_archive,2026-04-12T17:00,64.8,56.9,37,,,12.2,153,30.0,1026.5,99,grass,2026-05-07T08:07:15.921843+00:00
2026,regular,2026-04-12,823479,2026-04-12T17:35:00Z,Citizens Bank Park,PHI,ARI,39.9061,-75.1665,open,open_meteo_archive,2026-04-12T17:00,64.0,55.6,30,,,10.7,176,26.2,1027.8,77,grass,2026-05-07T08:07:16.623509+00:00
2026,regular,2026-04-12,822828,2026-04-12T17:37:00Z,Rogers Centre,TOR,MIN,43.6414,-79.3894,retractable,open_meteo_archive,2026-04-12T17:00,44.8,39.9,83,,0.004,6.0,82,16.3,1018.9,100,turf,2026-05-07T08:07:18.595036+00:00
2026,regular,2026-04-12,823642,2026-04-12T17:40:00Z,Citi Field,NYM,ATH,40.7571,-73.8458,open,open_meteo_archive,2026-04-12T17:00,50.5,41.9,44,,,10.2,159,26.4,1030.1,52,grass,2026-05-07T08:07:54.442108+00:00
2026,regular,2026-04-12,824293,2026-04-12T17:40:00Z,Comerica Park,DET,MIA,42.339,-83.0485,open,open_meteo_archive,2026-04-12T17:00,74.2,71.8,57,,,12.0,201,23.5,1013.2,100,grass,2026-05-07T08:07:55.098974+00:00
2026,regular,2026-04-12,822998,2026-04-12T17:40:00Z,Tropicana Field,TBR,NYY,27.7682,-82.6534,dome,dome_weather_neutral,,72,72,45,,,,,,,,turf,2026-05-07T08:07:55.099001+00:00
2026,regular,2026-04-12,824126,2026-04-12T18:10:00Z,Kauffman Stadium,KCR,CHW,39.0517,-94.4803,open,open_meteo_archive,2026-04-12T18:00,71.2,73.2,80,,,8.3,195,17.9,1007.0,1,grass,2026-05-07T08:07:55.752345+00:00
2026,regular,2026-04-12,823804,2026-04-12T18:10:00Z,American Family Field,MIL,WSN,43.028,-87.9712,retractable,open_meteo_archive,2026-04-12T18:00,66.3,63.3,81,,0.024,15.4,216,34.2,1008.2,100,turf,2026-05-07T08:07:57.021524+00:00
2026,regular,2026-04-12,823075,2026-04-12T18:15:00Z,Busch Stadium,STL,BOS,38.6226,-90.1928,open,open_meteo_archive,2026-04-12T18:00,73.7,69.0,51,,,14.3,178,31.5,1012.0,100,grass,2026-05-07T08:07:59.719636+00:00
2026,regular,2026-04-12,824696,2026-04-12T18:20:00Z,Wrigley Field,CHC,PIT,41.9484,-87.6553,open,open_meteo_archive,2026-04-12T18:00,73.8,68.4,50,,,15.5,205,32.4,1009.6,100,grass,2026-05-07T08:08:00.382348+00:00
2026,regular,2026-04-12,823317,2026-04-12T20:10:00Z,Petco Park,SDP,COL,32.7073,-117.1566,open,open_meteo_archive,2026-04-12T20:00,60.0,60.2,82,,0.016,2.8,233,14.1,1016.5,100,grass,2026-05-07T08:08:01.048016+00:00
2026,regular,2026-04-12,823154,2026-04-12T20:10:00Z,T-Mobile Park,SEA,HOU,47.5914,-122.3325,retractable,open_meteo_archive,2026-04-12T20:00,54.4,52.7,83,,,3.7,175,6.7,1008.5,95,turf,2026-05-07T08:08:01.698371+00:00
2026,regular,2026-04-12,824938,2026-04-12T23:20:00Z,Truist Park,ATL,CLE,33.8907,-84.4677,open,open_meteo_archive,2026-04-12T23:00,69.0,64.1,37,,,6.8,158,13.0,1024.7,100,grass,2026-05-07T08:08:38.181869+00:00
2026,regular,2026-04-13,823153,2026-04-13T20:10:00Z,T-Mobile Park,SEA,HOU,47.5914,-122.3325,retractable,open_meteo_archive,2026-04-13T20:00,50.5,44.3,66,,,8.6,208,16.1,1018.3,100,turf,2026-05-07T08:08:39.199537+00:00
2026,regular,2026-04-13,824856,2026-04-13T22:35:00Z,Oriole Park at Camden Yards,BAL,ARI,39.284,-76.6217,open,open_meteo_archive,2026-04-13T22:00,74.1,70.4,44,,,9.5,232,21.0,1017.3,3,grass,2026-05-07T08:08:40.623462+00:00
2026,regular,2026-04-13,823400,2026-04-13T22:40:00Z,PNC Park,PIT,WSN,40.4469,-80.0057,open,open_meteo_archive,2026-04-13T22:00,62.4,64.2,91,,,3.6,164,14.5,1017.5,53,grass,2026-05-07T08:08:41.275570+00:00
2026,regular,2026-04-13,823481,2026-04-13T22:40:00Z,Citizens Bank Park,PHI,CHC,39.9061,-75.1665,open,open_meteo_archive,2026-04-13T22:00,72.1,68.2,49,,,10.5,225,21.9,1016.3,32,grass,2026-05-07T08:08:41.932370+00:00
2026,regular,2026-04-13,823563,2026-04-13T23:05:00Z,Yankee Stadium,NYY,LAA,40.8296,-73.9262,open,open_meteo_archive,2026-04-13T23:00,70.2,67.5,59,,,10.4,234,22.6,1015.6,31,grass,2026-05-07T08:08:42.572009+00:00
2026,regular,2026-04-13,824937,2026-04-13T23:15:00Z,Truist Park,ATL,MIA,33.8907,-84.4677,open,open_meteo_archive,2026-04-13T23:00,69.2,67.4,55,,,6.1,210,13.2,1023.2,,grass,2026-05-07T08:08:43.222609+00:00
2026,regular,2026-04-13,823725,2026-04-13T23:40:00Z,Target Field,MIN,BOS,44.9817,-93.2776,open,open_meteo_archive,2026-04-13T23:00,52.4,48.6,88,,,8.5,33,17.7,1005.2,34,grass,2026-05-07T08:08:43.873001+00:00
2026,regular,2026-04-13,825024,2026-04-14T01:40:00Z,Oakland Coliseum,ATH,TEX,37.7516,-122.2005,open,open_meteo_archive,2026-04-13T01:00,51.1,49.0,96,,0.008,4.9,215,14.1,1018.1,91,grass,2026-05-07T08:09:20.986259+00:00
2026,regular,2026-04-13,823964,2026-04-14T02:10:00Z,Dodger Stadium,LAD,NYM,34.0739,-118.24,open,open_meteo_archive,2026-04-13T02:00,54.7,53.2,81,,,2.7,279,5.6,1017.2,81,grass,2026-05-07T08:09:21.649557+00:00
2026,regular,2026-04-14,824853,2026-04-14T22:35:00Z,Oriole Park at Camden Yards,BAL,ARI,39.284,-76.6217,open,open_meteo_archive,2026-04-14T22:00,74.9,76.9,57,,,2.0,341,10.7,1013.9,91,grass,2026-05-07T08:09:22.314725+00:00
2026,regular,2026-04-14,824292,2026-04-14T22:40:00Z,Comerica Park,DET,KCR,42.339,-83.0485,open,open_meteo_archive,2026-04-14T22:00,69.4,68.0,68,,,10.1,204,17.7,1010.1,100,grass,2026-05-07T08:09:22.974421+00:00
2026,regular,2026-04-14,823398,2026-04-14T22:40:00Z,PNC Park,PIT,WSN,40.4469,-80.0057,open,open_meteo_archive,2026-04-14T22:00,64.8,68.0,89,,,2.0,164,5.4,1014.2,100,grass,2026-05-07T08:09:23.620379+00:00
2026,regular,2026-04-14,824531,2026-04-14T22:40:00Z,Great American Ball Park,CIN,SFG,39.0979,-84.5081,open,open_meteo_archive,2026-04-14T22:00,75.2,74.5,61,,,10.7,198,23.3,1013.2,100,grass,2026-05-07T08:09:24.253198+00:00
2026,regular,2026-04-14,823478,2026-04-14T22:40:00Z,Citizens Bank Park,PHI,CHC,39.9061,-75.1665,open,open_meteo_archive,2026-04-14T22:00,77.5,75.8,48,,,8.8,240,21.3,1012.9,48,grass,2026-05-07T08:09:24.914528+00:00
2026,regular,2026-04-14,823562,2026-04-14T23:05:00Z,Yankee Stadium,NYY,LAA,40.8296,-73.9262,open,open_meteo_archive,2026-04-14T23:00,76.0,74.0,46,,,7.7,273,25.3,1011.8,99,grass,2026-05-07T08:09:25.559452+00:00
2026,regular,2026-04-14,824935,2026-04-14T23:15:00Z,Truist Park,ATL,MIA,33.8907,-84.4677,open,open_meteo_archive,2026-04-14T23:00,70.4,67.5,47,,,6.5,221,12.3,1020.2,61,grass,2026-05-07T08:09:26.203162+00:00
2026,regular,2026-04-14,823723,2026-04-14T23:40:00Z,Target Field,MIN,BOS,44.9817,-93.2776,open,open_meteo_archive,2026-04-14T23:00,52.0,50.3,89,,,3.3,14,10.5,1006.8,9,grass,2026-05-07T08:09:26.828395+00:00
2026,regular,2026-04-14,824616,2026-04-14T23:40:00Z,Rate Field,CHW,TBR,41.83,-87.6339,open,open_meteo_archive,2026-04-14T23:00,68.4,68.1,80,,,10.9,200,24.2,1006.3,100,grass,2026-05-07T08:09:27.457317+00:00
2026,regular,2026-04-14,823802,2026-04-14T23:40:00Z,American Family Field,MIL,TOR,43.028,-87.9712,retractable,open_meteo_archive,2026-04-14T23:00,66.0,65.5,81,,,9.4,224,19.2,1005.2,95,turf,2026-05-07T08:09:28.112716+00:00
2026,regular,2026-04-14,823072,2026-04-14T23:45:00Z,Busch Stadium,STL,CLE,38.6226,-90.1928,open,open_meteo_archive,2026-04-14T23:00,72.9,73.5,74,,,10.8,211,26.6,1011.0,100,grass,2026-05-07T08:09:28.746759+00:00
2026,regular,2026-04-14,824210,2026-04-15T00:10:00Z,Minute Maid Park,HOU,COL,29.7573,-95.3555,retractable,open_meteo_archive,2026-04-14T00:00,71.3,75.5,92,,,7.8,155,15.9,1019.4,7,turf,2026-05-07T08:09:29.377036+00:00
2026,regular,2026-04-14,823315,2026-04-15T01:40:00Z,Petco Park,SDP,SEA,32.7073,-117.1566,open,open_meteo_archive,2026-04-14T01:00,57.3,56.5,75,,,1.7,310,5.1,1019.3,24,grass,2026-05-07T08:09:30.047975+00:00
2026,regular,2026-04-14,823965,2026-04-15T02:10:00Z,Dodger Stadium,LAD,NYM,34.0739,-118.24,open,open_meteo_archive,2026-04-14T02:00,51.6,48.8,79,,,3.9,41,8.3,1018.6,1,grass,2026-05-07T08:10:05.935541+00:00
2026,regular,2026-04-15,824855,2026-04-15T16:35:00Z,Oriole Park at Camden Yards,BAL,ARI,39.284,-76.6217,open,open_meteo_archive,2026-04-15T16:00,93.4,91.4,24,,,8.1,239,21.5,1011.9,96,grass,2026-05-07T08:10:06.624132+00:00
2026,regular,2026-04-15,823071,2026-04-15T17:15:00Z,Busch Stadium,STL,CLE,38.6226,-90.1928,open,open_meteo_archive,2026-04-15T17:00,70.7,72.2,86,,0.004,10.9,171,23.5,1010.5,100,grass,2026-05-07T08:10:07.308606+00:00
2026,regular,2026-04-15,823722,2026-04-15T17:40:00Z,Target Field,MIN,BOS,44.9817,-93.2776,open,open_meteo_archive,2026-04-15T17:00,64.8,63.6,55,,,1.7,130,8.5,1005.4,52,grass,2026-05-07T08:10:07.950942+00:00
2026,regular,2026-04-15,824291,2026-04-15T22:40:00Z,Comerica Park,DET,KCR,42.339,-83.0485,open,open_meteo_archive,2026-04-15T22:00,67.0,68.7,86,,,6.6,222,14.3,1010.1,100,grass,2026-05-07T08:10:08.591293+00:00
2026,regular,2026-04-15,823399,2026-04-15T22:40:00Z,PNC Park,PIT,WSN,40.4469,-80.0057,open,open_meteo_archive,2026-04-15T22:00,65.4,66.6,87,,0.035,6.6,270,32.0,1013.8,100,grass,2026-05-07T08:10:09.266605+00:00
2026,regular,2026-04-15,824532,2026-04-15T22:40:00Z,Great American Ball Park,CIN,SFG,39.0979,-84.5081,open,open_meteo_archive,2026-04-15T22:00,76.5,75.9,53,,,7.8,216,19.2,1013.1,100,grass,2026-05-07T08:10:09.946258+00:00
2026,regular,2026-04-15,823477,2026-04-15T22:40:00Z,Citizens Bank Park,PHI,CHC,39.9061,-75.1665,open,open_meteo_archive,2026-04-15T22:00,77.8,76.7,53,,,10.0,207,19.7,1012.6,100,grass,2026-05-07T08:10:10.608314+00:00
2026,regular,2026-04-15,823561,2026-04-15T23:05:00Z,Yankee Stadium,NYY,LAA,40.8296,-73.9262,open,open_meteo_archive,2026-04-15T23:00,80.0,81.9,49,,,2.7,192,11.4,1011.8,98,grass,2026-05-07T08:10:11.845395+00:00
2026,regular,2026-04-15,824936,2026-04-15T23:15:00Z,Truist Park,ATL,MIA,33.8907,-84.4677,open,open_meteo_archive,2026-04-15T23:00,72.6,71.5,54,,,6.4,190,11.6,1018.8,22,grass,2026-05-07T08:10:13.682266+00:00
2026,regular,2026-04-15,823803,2026-04-15T23:40:00Z,American Family Field,MIL,TOR,43.028,-87.9712,retractable,open_meteo_archive,2026-04-15T23:00,58.9,58.1,100,,0.059,9.0,200,13.6,1007.0,100,turf,2026-05-07T08:10:49.549699+00:00
2026,regular,2026-04-15,824209,2026-04-16T00:10:00Z,Minute Maid Park,HOU,COL,29.7573,-95.3555,retractable,open_meteo_archive,2026-04-15T00:00,71.2,74.6,91,,,9.0,149,19.0,1015.6,31,turf,2026-05-07T08:10:50.231035+00:00
2026,regular,2026-04-15,823314,2026-04-16T01:40:00Z,Petco Park,SDP,SEA,32.7073,-117.1566,open,open_meteo_archive,2026-04-15T01:00,58.5,58.7,83,,,2.0,34,4.0,1017.5,,grass,2026-05-07T08:10:50.916864+00:00
2026,regular,2026-04-15,825021,2026-04-16T01:40:00Z,Oakland Coliseum,ATH,TEX,37.7516,-122.2005,open,open_meteo_archive,2026-04-15T01:00,51.0,48.9,93,,,4.2,205,8.9,1019.9,5,grass,2026-05-07T08:10:51.848910+00:00
2026,regular,2026-04-15,823963,2026-04-16T02:10:00Z,Dodger Stadium,LAD,NYM,34.0739,-118.24,open,open_meteo_archive,2026-04-15T02:00,54.7,52.5,71,,,2.5,60,4.9,1017.0,,grass,2026-05-07T08:10:53.230375+00:00
2026,regular,2026-04-16,823396,2026-04-16T16:35:00Z,PNC Park,PIT,WSN,40.4469,-80.0057,open,open_meteo_archive,2026-04-16T16:00,81.5,76.8,34,,,14.0,231,31.8,1007.8,99,grass,2026-05-07T08:10:54.147331+00:00
2026,regular,2026-04-16,824530,2026-04-16T16:40:00Z,Great American Ball Park,CIN,SFG,39.0979,-84.5081,open,open_meteo_archive,2026-04-16T16:00,77.4,72.1,38,,,13.5,261,32.2,1011.9,73,grass,2026-05-07T08:10:54.840339+00:00
2026,regular,2026-04-16,824289,2026-04-16T17:10:00Z,Comerica Park,DET,KCR,42.339,-83.0485,open,open_meteo_archive,2026-04-16T17:00,68.5,66.5,69,,0.004,11.0,267,25.5,1008.0,47,grass,2026-05-07T08:10:55.484381+00:00
2026,regular,2026-04-16,823560,2026-04-16T17:35:00Z,Yankee Stadium,NYY,LAA,40.8296,-73.9262,open,open_meteo_archive,2026-04-16T17:00,80.0,77.8,40,,,7.7,156,25.7,1007.8,88,grass,2026-05-07T08:10:56.123551+00:00
2026,regular,2026-04-16,823801,2026-04-16T17:40:00Z,American Family Field,MIL,TOR,43.028,-87.9712,retractable,open_meteo_archive,2026-04-16T17:00,50.8,48.8,97,,,4.9,45,16.1,1011.9,100,turf,2026-05-07T08:10:56.777824+00:00
2026,regular,2026-04-16,824614,2026-04-16T18:10:00Z,Rate Field,CHW,TBR,41.83,-87.6339,open,open_meteo_archive,2026-04-16T18:00,65.1,66.7,79,,,2.8,344,8.9,1011.0,18,grass,2026-05-07T08:10:57.429126+00:00
2026,regular,2026-04-16,825023,2026-04-16T19:05:00Z,Oakland Coliseum,ATH,TEX,37.7516,-122.2005,open,open_meteo_archive,2026-04-16T19:00,63.7,57.1,36,,,8.3,340,19.9,1016.3,9,grass,2026-05-07T08:10:58.068087+00:00
2026,regular,2026-04-16,824208,2026-04-17T00:10:00Z,Minute Maid Park,HOU,COL,29.7573,-95.3555,retractable,open_meteo_archive,2026-04-16T00:00,71.7,76.0,90,,,7.1,159,15.0,1015.8,24,turf,2026-05-07T08:11:34.524830+00:00
2026,regular,2026-04-16,823313,2026-04-17T00:40:00Z,Petco Park,SDP,SEA,32.7073,-117.1566,open,open_meteo_archive,2026-04-16T00:00,57.9,59.4,90,,,0.4,34,0.9,1015.6,100,grass,2026-05-07T08:11:35.172707+00:00
2026,regular,2026-04-17,824693,2026-04-17T18:20:00Z,Wrigley Field,CHC,NYM,41.9484,-87.6553,open,open_meteo_archive,2026-04-17T18:00,74.0,72.1,61,,,12.2,168,22.8,1005.9,100,grass,2026-05-07T08:11:35.845761+00:00
2026,regular,2026-04-17,824454,2026-04-17T22:10:00Z,Progressive Field,CLE,BAL,41.4962,-81.6852,open,open_meteo_archive,2026-04-17T22:00,57.9,54.5,77,,,8.6,134,9.4,1012.5,100,grass,2026-05-07T08:11:36.483015+00:00
2026,regular,2026-04-17,823476,2026-04-17T22:40:00Z,Citizens Bank Park,PHI,ATL,39.9061,-75.1665,open,open_meteo_archive,2026-04-17T22:00,73.6,71.9,50,,,6.6,44,11.9,1014.6,20,grass,2026-05-07T08:11:37.115634+00:00
2026,regular,2026-04-17,822752,2026-04-17T22:45:00Z,Nationals Park,WSN,SFG,38.873,-77.0074,open,open_meteo_archive,2026-04-17T22:00,72.0,71.9,52,,,2.7,45,5.1,1014.2,13,grass,2026-05-07T08:11:37.773418+00:00
2026,regular,2026-04-17,823397,2026-04-17T22:45:00Z,PNC Park,PIT,TBR,40.4469,-80.0057,open,open_meteo_archive,2026-04-17T22:00,63.9,63.0,72,,,5.4,146,11.0,1014.0,3,grass,2026-05-07T08:11:38.444405+00:00
2026,regular,2026-04-17,823559,2026-04-17T23:05:00Z,Yankee Stadium,NYY,KCR,40.8296,-73.9262,open,open_meteo_archive,2026-04-17T23:00,62.9,62.6,82,,,6.4,89,15.2,1016.2,5,grass,2026-05-07T08:11:39.088909+00:00
2026,regular,2026-04-17,823883,2026-04-17T23:10:00Z,loanDepot park,MIA,MIL,25.7781,-80.2197,retractable,open_meteo_archive,2026-04-17T23:00,75.6,80.5,83,,,7.3,79,14.3,1016.8,20,turf,2026-05-07T08:11:39.735173+00:00
2026,regular,2026-04-17,824778,2026-04-17T23:15:00Z,Fenway Park,BOS,DET,42.3467,-71.0972,open,open_meteo_archive,2026-04-17T23:00,47.5,45.7,95,,,1.8,55,3.8,1017.7,,grass,2026-05-07T08:11:40.381440+00:00
2026,regular,2026-04-17,824207,2026-04-18T00:10:00Z,Minute Maid Park,HOU,STL,29.7573,-95.3555,retractable,open_meteo_archive,2026-04-17T00:00,71.0,76.1,94,,,5.9,162,12.5,1015.5,,turf,2026-05-07T08:11:41.026302+00:00
2026,regular,2026-04-17,823720,2026-04-18T00:10:00Z,Target Field,MIN,CIN,44.9817,-93.2776,open,open_meteo_archive,2026-04-17T00:00,63.1,57.8,58,,,11.5,161,26.2,1004.8,90,grass,2026-05-07T08:11:41.675400+00:00
2026,regular,2026-04-17,824048,2026-04-18T01:38:00Z,Angel Stadium,LAA,SDP,33.8003,-117.8827,open,open_meteo_archive,2026-04-17T01:00,59.0,59.4,88,,,3.1,163,8.1,1013.2,,grass,2026-05-07T08:12:17.503828+00:00
2026,regular,2026-04-17,823152,2026-04-18T01:40:00Z,T-Mobile Park,SEA,TEX,47.5914,-122.3325,retractable,open_meteo_archive,2026-04-17T01:00,45.0,41.0,80,,,3.4,113,7.8,1026.2,100,turf,2026-05-07T08:12:18.172982+00:00
2026,regular,2026-04-17,825101,2026-04-18T01:40:00Z,Chase Field,ARI,TOR,33.4455,-112.0667,retractable,open_meteo_archive,2026-04-17T01:00,71.8,64.6,18,,,6.2,275,14.5,1008.0,58,turf,2026-05-07T08:12:18.835940+00:00
2026,regular,2026-04-17,825019,2026-04-18T01:40:00Z,Oakland Coliseum,ATH,CHW,37.7516,-122.2005,open,open_meteo_archive,2026-04-17T01:00,53.6,46.7,48,,,8.2,355,17.2,1017.0,,grass,2026-05-07T08:12:19.473640+00:00
2026,regular,2026-04-18,823558,2026-04-18T17:35:00Z,Yankee Stadium,NYY,KCR,40.8296,-73.9262,open,open_meteo_archive,2026-04-18T17:00,61.4,57.0,60,,,8.8,156,24.2,1015.7,13,grass,2026-05-07T08:12:20.102987+00:00
2026,regular,2026-04-18,823721,2026-04-18T18:10:00Z,Target Field,MIN,CIN,44.9817,-93.2776,open,open_meteo_archive,2026-04-18T18:00,42.7,30.3,34,,,16.0,288,36.9,1016.0,42,grass,2026-05-07T08:12:20.757131+00:00
2026,regular,2026-04-18,824694,2026-04-18T18:20:00Z,Wrigley Field,CHC,NYM,41.9484,-87.6553,open,open_meteo_archive,2026-04-18T18:00,49.1,37.4,41,,,16.7,282,40.9,1014.4,5,grass,2026-05-07T08:12:21.425665+00:00
2026,regular,2026-04-18,823394,2026-04-18T19:30:00Z,PNC Park,PIT,TBR,40.4469,-80.0057,open,open_meteo_archive,2026-04-18T19:00,64.0,62.9,93,,0.079,12.7,243,29.5,1008.5,100,grass,2026-05-07T08:12:22.069284+00:00
2026,regular,2026-04-18,822751,2026-04-18T20:05:00Z,Nationals Park,WSN,SFG,38.873,-77.0074,open,open_meteo_archive,2026-04-18T20:00,69.3,66.9,65,,,11.4,132,22.8,1009.8,100,grass,2026-05-07T08:12:22.710566+00:00
2026,regular,2026-04-18,825020,2026-04-18T20:05:00Z,Oakland Coliseum,ATH,CHW,37.7516,-122.2005,open,open_meteo_archive,2026-04-18T20:00,59.0,58.7,76,,,1.8,266,6.3,1013.0,100,grass,2026-05-07T08:12:23.348711+00:00
2026,regular,2026-04-18,824775,2026-04-18T20:10:00Z,Fenway Park,BOS,DET,42.3467,-71.0972,open,open_meteo_archive,2026-04-18T20:00,44.5,39.6,92,,,7.2,80,18.3,1017.1,100,grass,2026-05-07T08:12:23.994639+00:00
2026,regular,2026-04-18,823882,2026-04-18T20:10:00Z,loanDepot park,MIA,MIL,25.7781,-80.2197,retractable,open_meteo_archive,2026-04-18T20:00,77.6,82.9,79,,,7.2,85,16.3,1014.8,21,turf,2026-05-07T08:12:24.638529+00:00
2026,regular,2026-04-18,824451,2026-04-18T22:10:00Z,Progressive Field,CLE,BAL,41.4962,-81.6852,open,open_meteo_archive,2026-04-18T22:00,46.6,36.8,77,,,17.4,293,23.9,1014.5,100,grass,2026-05-07T08:12:25.299543+00:00
2026,regular,2026-04-18,823151,2026-04-18T23:15:00Z,T-Mobile Park,SEA,TEX,47.5914,-122.3325,retractable,open_meteo_archive,2026-04-18T23:00,51.3,48.4,83,,,4.4,4,9.6,1012.5,95,turf,2026-05-07T08:13:01.144807+00:00
2026,regular,2026-04-18,823474,2026-04-18T23:15:00Z,Citizens Bank Park,PHI,ATL,39.9061,-75.1665,open,open_meteo_archive,2026-04-18T23:00,52.8,50.0,88,,,6.2,123,16.6,1013.0,100,grass,2026-05-07T08:13:01.785374+00:00
2026,regular,2026-04-18,824372,2026-04-19T00:10:00Z,Coors Field,COL,LAD,39.7559,-104.9942,open,open_meteo_archive,2026-04-18T00:00,26.1,19.6,81,,,2.9,206,7.2,1023.9,2,grass,2026-05-07T08:13:02.452618+00:00
2026,regular,2026-04-18,825098,2026-04-19T00:10:00Z,Chase Field,ARI,TOR,33.4455,-112.0667,retractable,open_meteo_archive,2026-04-18T00:00,70.9,62.9,10,,,4.6,269,10.3,1011.8,,turf,2026-05-07T08:13:03.106296+00:00
2026,regular,2026-04-18,824049,2026-04-19T01:38:00Z,Angel Stadium,LAA,SDP,33.8003,-117.8827,open,open_meteo_archive,2026-04-18T01:00,60.4,61.0,83,,,2.6,155,6.9,1015.2,,grass,2026-05-07T08:13:03.743823+00:00
2026,regular,2026-04-19,822750,2026-04-19T17:35:00Z,Nationals Park,WSN,SFG,38.873,-77.0074,open,open_meteo_archive,2026-04-19T17:00,59.9,49.2,28,,,14.3,297,30.2,1015.3,98,grass,2026-05-07T08:13:04.403050+00:00
2026,regular,2026-04-19,823393,2026-04-19T17:35:00Z,PNC Park,PIT,TBR,40.4469,-80.0057,open,open_meteo_archive,2026-04-19T17:00,50.4,40.9,35,,,12.2,278,31.1,1018.2,84,grass,2026-05-07T08:13:05.075603+00:00
2026,regular,2026-04-19,823556,2026-04-19T17:35:00Z,Yankee Stadium,NYY,KCR,40.8296,-73.9262,open,open_meteo_archive,2026-04-19T17:00,44.5,36.6,71,,0.004,11.1,319,25.7,1014.1,48,grass,2026-05-07T08:13:05.717941+00:00
2026,regular,2026-04-19,824452,2026-04-19T17:40:00Z,Progressive Field,CLE,BAL,41.4962,-81.6852,open,open_meteo_archive,2026-04-19T17:00,45.7,35.8,52,,0.004,13.4,275,16.3,1018.3,98,grass,2026-05-07T08:13:06.364669+00:00
2026,regular,2026-04-19,823881,2026-04-19T17:40:00Z,loanDepot park,MIA,MIL,25.7781,-80.2197,retractable,open_meteo_archive,2026-04-19T17:00,82.8,86.2,58,,0.016,6.8,181,21.3,1015.0,100,turf,2026-05-07T08:13:07.277024+00:00
2026,regular,2026-04-19,824205,2026-04-19T18:10:00Z,Minute Maid Park,HOU,STL,29.7573,-95.3555,retractable,open_meteo_archive,2026-04-19T18:00,68.2,65.7,48,,,4.6,59,16.1,1023.1,100,turf,2026-05-07T08:13:08.258549+00:00
2026,regular,2026-04-19,823718,2026-04-19T18:10:00Z,Target Field,MIN,CIN,44.9817,-93.2776,open,open_meteo_archive,2026-04-19T18:00,43.5,34.0,34,,,9.4,316,22.4,1025.0,16,grass,2026-05-07T08:13:10.128114+00:00
2026,regular,2026-04-19,824371,2026-04-19T19:10:00Z,Coors Field,COL,LAD,39.7559,-104.9942,open,open_meteo_archive,2026-04-19T19:00,68.2,58.4,6,,,7.1,94,18.8,1011.6,,grass,2026-05-07T08:13:45.964509+00:00
2026,regular,2026-04-19,825018,2026-04-19T20:05:00Z,Oakland Coliseum,ATH,CHW,37.7516,-122.2005,open,open_meteo_archive,2026-04-19T20:00,57.1,54.5,65,,,3.2,272,12.8,1010.9,100,grass,2026-05-07T08:13:46.611409+00:00
2026,regular,2026-04-19,824047,2026-04-19T20:07:00Z,Angel Stadium,LAA,SDP,33.8003,-117.8827,open,open_meteo_archive,2026-04-19T20:00,65.8,64.7,62,,,4.5,179,13.6,1012.2,,grass,2026-05-07T08:13:47.304382+00:00
2026,regular,2026-04-19,823150,2026-04-19T20:10:00Z,T-Mobile Park,SEA,TEX,47.5914,-122.3325,retractable,open_meteo_archive,2026-04-19T20:00,59.0,55.6,69,,,7.5,351,13.4,1009.7,69,turf,2026-05-07T08:13:47.996310+00:00
2026,regular,2026-04-19,825100,2026-04-19T20:10:00Z,Chase Field,ARI,TOR,33.4455,-112.0667,retractable,open_meteo_archive,2026-04-19T20:00,88.2,81.6,11,,,5.1,264,10.3,1007.0,100,turf,2026-05-07T08:13:48.678198+00:00
2026,regular,2026-04-19,824777,2026-04-19T20:35:00Z,Fenway Park,BOS,DET,42.3467,-71.0972,open,open_meteo_archive,2026-04-19T20:00,40.0,33.0,89,,,9.5,296,25.1,1012.9,100,grass,2026-05-07T08:13:50.794414+00:00
2026,regular,2026-04-19,823475,2026-04-19T23:20:00Z,Citizens Bank Park,PHI,ATL,39.9061,-75.1665,open,open_meteo_archive,2026-04-19T23:00,44.6,40.5,77,,,3.0,283,5.4,1019.7,,grass,2026-05-07T08:13:51.461406+00:00
2026,regular,2026-04-20,824776,2026-04-20T15:10:00Z,Fenway Park,BOS,DET,42.3467,-71.0972,open,open_meteo_archive,2026-04-20T15:00,49.5,43.2,38,,,8.0,290,23.0,1019.4,26,grass,2026-05-07T08:13:52.100993+00:00
2026,regular,2026-04-20,824450,2026-04-20T22:10:00Z,Progressive Field,CLE,HOU,41.4962,-81.6852,open,open_meteo_archive,2026-04-20T22:00,38.1,30.0,49,,,6.8,119,10.5,1028.1,32,grass,2026-05-07T08:13:52.745881+00:00
2026,regular,2026-04-20,822994,2026-04-20T22:40:00Z,Tropicana Field,TBR,CIN,27.7682,-82.6534,dome,dome_weather_neutral,,72,72,45,,,,,,,,turf,2026-05-07T08:13:52.745913+00:00
2026,regular,2026-04-20,822749,2026-04-20T22:45:00Z,Nationals Park,WSN,ATL,38.873,-77.0074,open,open_meteo_archive,2026-04-20T22:00,44.8,37.2,43,,,6.3,1,14.3,1027.6,,grass,2026-05-07T08:14:28.571950+00:00
2026,regular,2026-04-20,824125,2026-04-20T23:40:00Z,Kauffman Stadium,KCR,BAL,39.0517,-94.4803,open,open_meteo_archive,2026-04-20T23:00,61.5,54.3,51,,,12.9,203,25.5,1018.4,70,grass,2026-05-07T08:14:29.216008+00:00
2026,regular,2026-04-20,824692,2026-04-20T23:40:00Z,Wrigley Field,CHC,PHI,41.9484,-87.6553,open,open_meteo_archive,2026-04-20T23:00,48.8,40.9,61,,,11.3,185,22.1,1020.8,86,grass,2026-05-07T08:14:29.890178+00:00
2026,regular,2026-04-20,824370,2026-04-21T00:40:00Z,Coors Field,COL,LAD,39.7559,-104.9942,open,open_meteo_archive,2026-04-20T00:00,50.4,43.9,20,,,0.8,196,4.9,1015.7,,grass,2026-05-07T08:14:30.643808+00:00
2026,regular,2026-04-20,824046,2026-04-21T01:38:00Z,Angel Stadium,LAA,TOR,33.8003,-117.8827,open,open_meteo_archive,2026-04-20T01:00,60.8,58.9,62,,,3.1,178,7.4,1014.7,,grass,2026-05-07T08:14:31.368637+00:00
2026,regular,2026-04-20,823149,2026-04-21T01:40:00Z,T-Mobile Park,SEA,ATH,47.5914,-122.3325,retractable,open_meteo_archive,2026-04-20T01:00,54.0,49.5,67,,,6.6,46,13.4,1011.7,68,turf,2026-05-07T08:14:32.033855+00:00
2026,regular,2026-04-21,824448,2026-04-21T22:10:00Z,Progressive Field,CLE,HOU,41.4962,-81.6852,open,open_meteo_archive,2026-04-21T22:00,58.2,50.9,55,,,12.7,211,14.1,1013.1,98,grass,2026-05-07T08:14:32.734059+00:00
2026,regular,2026-04-21,822995,2026-04-21T22:40:00Z,Tropicana Field,TBR,CIN,27.7682,-82.6534,dome,dome_weather_neutral,,72,72,45,,,,,,,,turf,2026-05-07T08:14:32.734087+00:00
2026,regular,2026-04-21,823880,2026-04-21T22:40:00Z,loanDepot park,MIA,STL,25.7781,-80.2197,retractable,open_meteo_archive,2026-04-21T22:00,72.7,68.2,55,,,14.9,70,30.2,1022.6,64,turf,2026-05-07T08:14:33.434989+00:00
2026,regular,2026-04-21,824290,2026-04-21T22:40:00Z,Comerica Park,DET,MIL,42.339,-83.0485,open,open_meteo_archive,2026-04-21T22:00,58.6,56.0,79,,,7.9,237,12.3,1012.5,35,grass,2026-05-07T08:14:34.137959+00:00
2026,regular,2026-04-21,822747,2026-04-21T22:45:00Z,Nationals Park,WSN,ATL,38.873,-77.0074,open,open_meteo_archive,2026-04-21T22:00,52.7,46.1,50,,,7.5,159,16.8,1022.4,27,grass,2026-05-07T08:14:34.775841+00:00
2026,regular,2026-04-21,824773,2026-04-21T22:45:00Z,Fenway Park,BOS,NYY,42.3467,-71.0972,open,open_meteo_archive,2026-04-21T22:00,38.8,30.7,63,,,8.7,187,19.7,1024.7,19,grass,2026-05-07T08:14:35.417671+00:00
2026,regular,2026-04-21,823640,2026-04-21T23:10:00Z,Citi Field,NYM,MIN,40.7571,-73.8458,open,open_meteo_archive,2026-04-21T23:00,45.5,37.6,55,,,9.1,177,21.3,1024.8,100,grass,2026-05-07T08:14:36.068406+00:00
2026,regular,2026-04-21,824690,2026-04-21T23:40:00Z,Wrigley Field,CHC,PHI,41.9484,-87.6553,open,open_meteo_archive,2026-04-21T23:00,60.8,60.1,81,,,5.1,255,9.6,1012.2,,grass,2026-05-07T08:15:12.020830+00:00
2026,regular,2026-04-21,822914,2026-04-22T00:05:00Z,Globe Life Field,TEX,PIT,32.7473,-97.0842,retractable,open_meteo_archive,2026-04-21T00:00,59.4,58.4,76,,,3.4,193,6.9,1023.1,100,turf,2026-05-07T08:15:12.885203+00:00
2026,regular,2026-04-21,824369,2026-04-22T00:40:00Z,Coors Field,COL,SDP,39.7559,-104.9942,open,open_meteo_archive,2026-04-21T00:00,56.2,49.6,20,,,2.0,177,6.0,1010.9,,grass,2026-05-07T08:15:13.678586+00:00
2026,regular,2026-04-21,824045,2026-04-22T01:38:00Z,Angel Stadium,LAA,TOR,33.8003,-117.8827,open,open_meteo_archive,2026-04-21T01:00,59.8,58.8,70,,,2.6,170,6.9,1016.9,,grass,2026-05-07T08:15:14.467437+00:00
2026,regular,2026-04-21,823148,2026-04-22T01:40:00Z,T-Mobile Park,SEA,ATH,47.5914,-122.3325,retractable,open_meteo_archive,2026-04-21T01:00,54.4,51.0,77,,,6.4,151,11.9,1009.4,100,turf,2026-05-07T08:15:15.200572+00:00
2026,regular,2026-04-21,825099,2026-04-22T01:40:00Z,Chase Field,ARI,CHW,33.4455,-112.0667,retractable,open_meteo_archive,2026-04-21T01:00,75.8,71.5,20,,,1.2,311,9.6,1012.2,100,turf,2026-05-07T08:15:15.841122+00:00
2026,regular,2026-04-21,823236,2026-04-22T01:45:00Z,Oracle Park,SFG,LAD,37.7786,-122.3893,open,open_meteo_archive,2026-04-21T01:00,54.7,53.3,94,,0.098,5.5,141,11.0,1012.4,100,grass,2026-05-07T08:15:16.502020+00:00
2026,regular,2026-04-22,823878,2026-04-22T16:10:00Z,loanDepot park,MIA,STL,25.7781,-80.2197,retractable,open_meteo_archive,2026-04-22T16:00,76.9,75.1,48,,0.004,11.6,80,29.3,1019.7,89,turf,2026-05-07T08:15:17.176922+00:00
2026,regular,2026-04-22,824449,2026-04-22T17:10:00Z,Progressive Field,CLE,HOU,41.4962,-81.6852,open,open_meteo_archive,2026-04-22T17:00,59.5,57.4,69,,,6.4,40,7.2,1013.0,,grass,2026-05-07T08:15:17.823679+00:00
2026,regular,2026-04-22,822993,2026-04-22T17:10:00Z,Tropicana Field,TBR,CIN,27.7682,-82.6534,dome,dome_weather_neutral,,72,72,45,,,,,,,,turf,2026-05-07T08:15:17.823710+00:00
2026,regular,2026-04-22,824123,2026-04-22T18:10:00Z,Kauffman Stadium,KCR,BAL,39.0517,-94.4803,open,open_meteo_archive,2026-04-22T18:00,70.5,68.1,65,,,12.0,175,26.8,1012.0,73,grass,2026-05-07T08:15:18.477915+00:00
2026,regular,2026-04-22,824044,2026-04-22T19:07:00Z,Angel Stadium,LAA,TOR,33.8003,-117.8827,open,open_meteo_archive,2026-04-22T19:00,64.5,61.6,52,,,4.7,205,16.8,1016.7,,grass,2026-05-07T08:15:19.116017+00:00
2026,regular,2026-04-22,823147,2026-04-22T20:10:00Z,T-Mobile Park,SEA,ATH,47.5914,-122.3325,retractable,open_meteo_archive,2026-04-22T20:00,52.9,47.1,72,,,10.1,203,20.6,1018.0,98,turf,2026-05-07T08:15:19.759780+00:00
2026,regular,2026-04-22,822748,2026-04-22T22:45:00Z,Nationals Park,WSN,ATL,38.873,-77.0074,open,open_meteo_archive,2026-04-22T22:00,66.4,64.9,57,,,4.3,250,8.5,1013.9,,grass,2026-05-07T08:15:55.844155+00:00
2026,regular,2026-04-22,824774,2026-04-22T22:45:00Z,Fenway Park,BOS,NYY,42.3467,-71.0972,open,open_meteo_archive,2026-04-22T22:00,43.0,38.4,89,,,5.1,181,13.0,1017.2,20,grass,2026-05-07T08:15:56.617533+00:00
2026,regular,2026-04-22,823641,2026-04-22T23:10:00Z,Citi Field,NYM,MIN,40.7571,-73.8458,open,open_meteo_archive,2026-04-22T23:00,48.1,44.7,80,,,3.5,61,8.7,1015.5,56,grass,2026-05-07T08:15:57.272073+00:00
2026,regular,2026-04-22,824688,2026-04-22T23:40:00Z,Wrigley Field,CHC,PHI,41.9484,-87.6553,open,open_meteo_archive,2026-04-22T23:00,46.1,42.5,90,,,4.6,135,13.0,1014.9,71,grass,2026-05-07T08:15:57.948641+00:00
2026,regular,2026-04-22,822913,2026-04-23T00:05:00Z,Globe Life Field,TEX,PIT,32.7473,-97.0842,retractable,open_meteo_archive,2026-04-22T00:00,59.8,59.8,94,,,6.3,132,13.4,1019.6,100,turf,2026-05-07T08:15:58.619607+00:00
2026,regular,2026-04-22,824367,2026-04-23T00:40:00Z,Coors Field,COL,SDP,39.7559,-104.9942,open,open_meteo_archive,2026-04-22T00:00,63.3,56.1,20,,,4.8,192,11.0,1006.4,83,grass,2026-05-07T08:15:59.247622+00:00
2026,regular,2026-04-22,825097,2026-04-23T01:40:00Z,Chase Field,ARI,CHW,33.4455,-112.0667,retractable,open_meteo_archive,2026-04-22T01:00,74.7,66.1,10,,,6.4,242,13.6,1013.0,16,turf,2026-05-07T08:15:59.901557+00:00
2026,regular,2026-04-22,823231,2026-04-23T01:45:00Z,Oracle Park,SFG,LAD,37.7786,-122.3893,open,open_meteo_archive,2026-04-22T01:00,53.4,51.0,88,,,5.6,173,11.4,1019.2,34,grass,2026-05-07T08:16:00.568267+00:00
2026,regular,2026-04-23,822745,2026-04-23T17:05:00Z,Nationals Park,WSN,ATL,38.873,-77.0074,open,open_meteo_archive,2026-04-23T17:00,82.2,79.7,30,,,4.4,289,16.8,1010.7,34,grass,2026-05-07T08:16:01.208681+00:00
2026,regular,2026-04-23,824288,2026-04-23T17:10:00Z,Comerica Park,DET,MIL,42.339,-83.0485,open,open_meteo_archive,2026-04-23T17:00,72.8,74.4,63,,,5.4,140,15.0,1011.0,4,grass,2026-05-07T08:16:01.846528+00:00
2026,regular,2026-04-23,824689,2026-04-23T18:20:00Z,Wrigley Field,CHC,PHI,41.9484,-87.6553,open,open_meteo_archive,2026-04-23T18:00,75.7,73.0,51,,,11.0,182,22.8,1006.3,5,grass,2026-05-07T08:16:02.485037+00:00
2026,regular,2026-04-23,825096,2026-04-23T19:40:00Z,Chase Field,ARI,CHW,33.4455,-112.0667,retractable,open_meteo_archive,2026-04-23T19:00,80.5,73.6,14,,,5.5,244,15.9,1007.7,,turf,2026-05-07T08:16:38.351224+00:00
2026,regular,2026-04-23,823233,2026-04-23T19:45:00Z,Oracle Park,SFG,LAD,37.7786,-122.3893,open,open_meteo_archive,2026-04-23T19:00,58.0,54.5,78,,,9.4,263,24.6,1015.8,,grass,2026-05-07T08:16:38.981119+00:00
2026,regular,2026-04-23,824770,2026-04-23T22:10:00Z,Fenway Park,BOS,NYY,42.3467,-71.0972,open,open_meteo_archive,2026-04-23T22:00,44.8,38.8,67,,,6.1,95,12.5,1011.7,,grass,2026-05-07T08:16:39.628403+00:00
2026,regular,2026-04-23,823639,2026-04-23T23:10:00Z,Citi Field,NYM,MIN,40.7571,-73.8458,open,open_meteo_archive,2026-04-23T23:00,64.9,57.7,28,,,7.7,360,17.7,1010.3,100,grass,2026-05-07T08:16:40.300376+00:00
2026,regular,2026-04-23,822912,2026-04-24T00:05:00Z,Globe Life Field,TEX,PIT,32.7473,-97.0842,retractable,open_meteo_archive,2026-04-23T00:00,68.7,70.5,89,,,9.4,172,22.6,1012.2,100,turf,2026-05-07T08:16:40.970005+00:00
2026,regular,2026-04-24,824529,2026-04-24T22:40:00Z,Great American Ball Park,CIN,DET,39.0979,-84.5081,open,open_meteo_archive,2026-04-24T22:00,63.7,65.7,96,,0.091,5.5,241,15.2,1009.0,100,grass,2026-05-07T08:16:41.603663+00:00
2026,regular,2026-04-24,824854,2026-04-24T23:05:00Z,Oriole Park at Camden Yards,BAL,BOS,39.284,-76.6217,open,open_meteo_archive,2026-04-24T23:00,63.1,63.3,75,,,3.5,171,8.1,1009.4,99,grass,2026-05-07T08:16:42.262222+00:00
2026,regular,2026-04-24,822827,2026-04-24T23:07:00Z,Rogers Centre,TOR,CLE,43.6414,-79.3894,retractable,open_meteo_archive,2026-04-24T23:00,42.8,35.3,65,,,8.5,80,18.8,1012.3,100,turf,2026-05-07T08:16:42.929104+00:00
2026,regular,2026-04-24,823638,2026-04-24T23:10:00Z,Citi Field,NYM,COL,40.7571,-73.8458,open,open_meteo_archive,2026-04-24T23:00,48.5,43.9,71,,,5.0,129,13.0,1013.9,37,grass,2026-05-07T08:16:43.567388+00:00
2026,regular,2026-04-24,822992,2026-04-24T23:10:00Z,Tropicana Field,TBR,MIN,27.7682,-82.6534,dome,dome_weather_neutral,,72,72,45,,,,,,,,turf,2026-05-07T08:16:43.567415+00:00
2026,regular,2026-04-24,824932,2026-04-24T23:15:00Z,Truist Park,ATL,PHI,33.8907,-84.4677,open,open_meteo_archive,2026-04-24T23:00,71.7,71.1,52,,,3.7,219,8.1,1010.4,100,grass,2026-05-07T08:16:44.215837+00:00
2026,regular,2026-04-24,824611,2026-04-24T23:40:00Z,Rate Field,CHW,WSN,41.83,-87.6339,open,open_meteo_archive,2026-04-24T23:00,51.6,48.4,97,,,8.2,15,17.0,1011.1,98,grass,2026-05-07T08:17:20.053388+00:00
2026,regular,2026-04-24,823800,2026-04-24T23:40:00Z,American Family Field,MIL,PIT,43.028,-87.9712,retractable,open_meteo_archive,2026-04-24T23:00,45.6,41.9,99,,,6.0,23,14.5,1012.2,100,turf,2026-05-07T08:17:20.707516+00:00
2026,regular,2026-04-24,822909,2026-04-25T00:05:00Z,Globe Life Field,TEX,ATH,32.7473,-97.0842,retractable,open_meteo_archive,2026-04-24T00:00,73.5,73.5,77,,,13.9,174,28.9,1005.6,100,turf,2026-05-07T08:17:21.364821+00:00
2026,regular,2026-04-24,824204,2026-04-25T00:10:00Z,Minute Maid Park,HOU,NYY,29.7573,-95.3555,retractable,open_meteo_archive,2026-04-24T00:00,71.6,76.4,95,,,7.6,152,15.9,1010.2,100,turf,2026-05-07T08:17:22.047502+00:00
2026,regular,2026-04-24,823069,2026-04-25T00:15:00Z,Busch Stadium,STL,SEA,38.6226,-90.1928,open,open_meteo_archive,2026-04-24T00:00,69.1,68.3,70,,,8.9,184,21.9,1006.8,100,grass,2026-05-07T08:17:22.721324+00:00
2026,regular,2026-04-24,823962,2026-04-25T02:15:00Z,Dodger Stadium,LAD,CHC,34.0739,-118.24,open,open_meteo_archive,2026-04-24T02:00,58.6,57.1,67,,,2.1,126,4.7,1013.2,33,grass,2026-05-07T08:17:23.351690+00:00
2026,regular,2026-04-24,823232,2026-04-25T02:15:00Z,Oracle Park,SFG,MIA,37.7786,-122.3893,open,open_meteo_archive,2026-04-24T02:00,53.6,51.2,88,,,5.9,245,13.4,1015.2,100,grass,2026-05-07T08:17:24.006241+00:00
2026,regular,2026-04-25,824851,2026-04-25T16:05:00Z,Oriole Park at Camden Yards,BAL,BOS,39.284,-76.6217,open,open_meteo_archive,2026-04-25T16:00,52.7,47.2,82,,0.232,11.3,90,26.8,1012.6,100,grass,2026-05-07T08:17:24.674012+00:00
2026,regular,2026-04-25,823070,2026-04-25T18:15:00Z,Busch Stadium,STL,SEA,38.6226,-90.1928,open,open_meteo_archive,2026-04-25T18:00,72.9,71.1,49,,,6.1,74,15.0,1010.4,34,grass,2026-05-07T08:17:25.313067+00:00
2026,regular,2026-04-25,822826,2026-04-25T19:07:00Z,Rogers Centre,TOR,CLE,43.6414,-79.3894,retractable,open_meteo_archive,2026-04-25T19:00,48.3,42.4,73,,,8.5,49,22.8,1015.6,2,turf,2026-05-07T08:17:25.954518+00:00
2026,regular,2026-04-25,823229,2026-04-25T20:05:00Z,Oracle Park,SFG,MIA,37.7786,-122.3893,open,open_meteo_archive,2026-04-25T20:00,54.1,50.4,80,,,7.8,237,22.1,1010.2,100,grass,2026-05-07T08:17:26.593651+00:00
2026,regular,2026-04-25,822989,2026-04-25T20:10:00Z,Tropicana Field,TBR,MIN,27.7682,-82.6534,dome,dome_weather_neutral,,72,72,45,,,,,,,,turf,2026-05-07T08:17:26.593678+00:00
2026,regular,2026-04-25,824613,2026-04-25T20:10:00Z,Rate Field,CHW,WSN,41.83,-87.6339,open,open_meteo_archive,2026-04-25T20:00,44.5,39.5,89,,,7.0,24,16.8,1017.3,98,grass,2026-05-07T08:17:27.237809+00:00
2026,regular,2026-04-25,822910,2026-04-25T23:05:00Z,Globe Life Field,TEX,ATH,32.7473,-97.0842,retractable,open_meteo_archive,2026-04-25T23:00,70.0,72.6,88,,,8.2,153,21.5,1005.3,57,turf,2026-05-07T08:18:03.073340+00:00
2026,regular,2026-04-25,824121,2026-04-25T23:10:00Z,Kauffman Stadium,KCR,LAA,39.0517,-94.4803,open,open_meteo_archive,2026-04-25T23:00,64.0,61.1,65,,,8.3,109,16.6,1009.4,41,grass,2026-05-07T08:18:03.727644+00:00
2026,regular,2026-04-25,824203,2026-04-25T23:10:00Z,Minute Maid Park,HOU,NYY,29.7573,-95.3555,retractable,open_meteo_archive,2026-04-25T23:00,75.1,83.6,98,,,5.0,136,11.9,1007.9,100,turf,2026-05-07T08:18:04.410036+00:00
2026,regular,2026-04-25,823799,2026-04-25T23:10:00Z,American Family Field,MIL,PIT,43.028,-87.9712,retractable,open_meteo_archive,2026-04-25T23:00,42.2,36.9,88,,,6.2,44,12.3,1017.7,27,turf,2026-05-07T08:18:05.084697+00:00
2026,regular,2026-04-25,824527,2026-04-25T23:15:00Z,Great American Ball Park,CIN,DET,39.0979,-84.5081,open,open_meteo_archive,2026-04-25T23:00,63.7,61.0,70,,,9.3,37,19.2,1013.0,6,grass,2026-05-07T08:18:05.765188+00:00
2026,regular,2026-04-25,823960,2026-04-25T23:15:00Z,Dodger Stadium,LAD,CHC,34.0739,-118.24,open,open_meteo_archive,2026-04-25T23:00,55.2,53.0,76,,,3.8,249,9.6,1012.5,100,grass,2026-05-07T08:18:06.392692+00:00
2026,regular,2026-04-25,824933,2026-04-25T23:15:00Z,Truist Park,ATL,PHI,33.8907,-84.4677,open,open_meteo_archive,2026-04-25T23:00,63.7,66.9,93,,,1.9,260,6.5,1010.6,36,grass,2026-05-07T08:18:07.055440+00:00
2026,regular,2026-04-26,823637,2026-04-26T17:45:00Z,Citi Field,NYM,COL,40.7571,-73.8458,open,open_meteo_archive,2026-04-26T17:00,56.8,52.0,54,,,5.8,58,20.6,1019.9,1,grass,2026-05-07T08:18:07.731193+00:00
2026,regular,2026-04-26,824852,2026-04-26T17:35:00Z,Oriole Park at Camden Yards,BAL,BOS,39.284,-76.6217,open,open_meteo_archive,2026-04-26T17:00,57.0,51.6,60,,,8.9,29,20.8,1019.7,100,grass,2026-05-07T08:18:08.377452+00:00
2026,regular,2026-04-26,824934,2026-04-26T17:35:00Z,Truist Park,ATL,PHI,33.8907,-84.4677,open,open_meteo_archive,2026-04-26T17:00,79.2,80.8,44,,,3.1,334,11.0,1011.3,15,grass,2026-05-07T08:18:09.015486+00:00
2026,regular,2026-04-26,822824,2026-04-26T17:37:00Z,Rogers Centre,TOR,CLE,43.6414,-79.3894,retractable,open_meteo_archive,2026-04-26T17:00,53.6,51.1,71,,,3.0,160,12.3,1021.7,95,turf,2026-05-07T08:18:09.656691+00:00
2026,regular,2026-04-26,824528,2026-04-26T17:40:00Z,Great American Ball Park,CIN,DET,39.0979,-84.5081,open,open_meteo_archive,2026-04-26T17:00,66.8,64.6,50,,,6.7,62,19.0,1016.4,5,grass,2026-05-07T08:18:10.300271+00:00
2026,regular,2026-04-26,822991,2026-04-26T17:40:00Z,Tropicana Field,TBR,MIN,27.7682,-82.6534,dome,dome_weather_neutral,,72,72,45,,,,,,,,turf,2026-05-07T08:18:45.502481+00:00
2026,regular,2026-04-26,824612,2026-04-26T18:10:00Z,Rate Field,CHW,WSN,41.83,-87.6339,open,open_meteo_archive,2026-04-26T18:00,55.8,52.4,76,,,6.9,71,16.6,1016.1,31,grass,2026-05-07T08:18:46.139870+00:00
2026,regular,2026-04-26,824202,2026-04-26T18:10:00Z,Minute Maid Park,HOU,NYY,29.7573,-95.3555,retractable,open_meteo_archive,2026-04-26T18:00,81.9,87.4,74,,,9.6,152,25.3,1007.9,82,turf,2026-05-07T08:18:46.760888+00:00
2026,regular,2026-04-26,823797,2026-04-26T18:10:00Z,American Family Field,MIL,PIT,43.028,-87.9712,retractable,open_meteo_archive,2026-04-26T18:00,50.8,47.2,78,,,5.0,98,16.6,1017.5,98,turf,2026-05-07T08:18:47.398671+00:00
2026,regular,2026-04-26,823068,2026-04-26T18:15:00Z,Busch Stadium,STL,SEA,38.6226,-90.1928,open,open_meteo_archive,2026-04-26T18:00,76.0,73.5,44,,,7.9,122,22.8,1010.4,100,grass,2026-05-07T08:18:48.066881+00:00
2026,regular,2026-04-26,822911,2026-04-26T18:35:00Z,Globe Life Field,TEX,ATH,32.7473,-97.0842,retractable,open_meteo_archive,2026-04-26T18:00,83.0,88.2,68,,,8.3,175,23.7,1004.7,69,turf,2026-05-07T08:18:48.738537+00:00
2026,regular,2026-04-26,825094,2026-04-26T20:05:00Z,Chase Field,ARI,SDP,33.4455,-112.0667,retractable,open_meteo_archive,2026-04-26T20:00,70.6,63.4,25,,,8.3,260,20.6,1009.8,1,turf,2026-05-07T08:18:49.365827+00:00
2026,regular,2026-04-26,823230,2026-04-26T20:05:00Z,Oracle Park,SFG,MIA,37.7786,-122.3893,open,open_meteo_archive,2026-04-26T20:00,55.4,50.4,68,,,8.7,260,25.3,1014.7,35,grass,2026-05-07T08:18:50.025657+00:00
2026,regular,2026-04-26,824122,2026-04-26T20:10:00Z,Kauffman Stadium,KCR,LAA,39.0517,-94.4803,open,open_meteo_archive,2026-04-26T20:00,64.4,64.4,93,,0.008,10.3,118,22.8,1004.8,100,grass,2026-05-07T08:18:50.694864+00:00
2026,regular,2026-04-26,823959,2026-04-26T20:10:00Z,Dodger Stadium,LAD,CHC,34.0739,-118.24,open,open_meteo_archive,2026-04-26T20:00,58.7,54.4,55,,,5.8,238,16.3,1014.7,27,grass,2026-05-07T08:18:51.304349+00:00
2026,regular,2026-04-27,824446,2026-04-27T22:10:00Z,Progressive Field,CLE,TBR,41.4962,-81.6852,open,open_meteo_archive,2026-04-27T22:00,62.3,52.6,53,,,20.0,141,27.1,1010.0,100,grass,2026-05-07T08:18:51.985814+00:00
2026,regular,2026-04-27,823395,2026-04-27T22:40:00Z,PNC Park,PIT,STL,40.4469,-80.0057,open,open_meteo_archive,2026-04-27T22:00,61.3,55.0,51,,,10.8,137,22.8,1016.7,100,grass,2026-05-07T08:18:52.699726+00:00
2026,regular,2026-04-27,823719,2026-04-27T23:40:00Z,Target Field,MIN,SEA,44.9817,-93.2776,open,open_meteo_archive,2026-04-27T23:00,43.9,36.0,92,,0.02,13.9,308,27.5,1005.9,100,grass,2026-05-07T08:19:28.529994+00:00
2026,regular,2026-04-27,824609,2026-04-27T23:40:00Z,Rate Field,CHW,LAA,41.83,-87.6339,open,open_meteo_archive,2026-04-27T23:00,61.2,58.6,91,,,12.9,198,24.6,1003.3,100,grass,2026-05-07T08:19:29.168024+00:00
2026,regular,2026-04-27,822906,2026-04-28T00:05:00Z,Globe Life Field,TEX,NYY,32.7473,-97.0842,retractable,open_meteo_archive,2026-04-27T00:00,76.2,79.5,83,,,12.2,181,25.1,1005.6,6,turf,2026-05-07T08:19:29.831140+00:00
2026,regular,2026-04-27,823311,2026-04-28T01:40:00Z,Petco Park,SDP,CHC,32.7073,-117.1566,open,open_meteo_archive,2026-04-27T01:00,58.5,57.1,65,,,1.2,253,3.6,1016.3,31,grass,2026-05-07T08:19:30.507051+00:00
2026,regular,2026-04-27,823961,2026-04-28T02:10:00Z,Dodger Stadium,LAD,MIA,34.0739,-118.24,open,open_meteo_archive,2026-04-27T02:00,56.3,54.8,67,,0.004,0.9,220,2.5,1015.7,60,grass,2026-05-07T08:19:31.144995+00:00
2026,regular,2026-04-28,824447,2026-04-28T22:10:00Z,Progressive Field,CLE,TBR,41.4962,-81.6852,open,open_meteo_archive,2026-04-28T22:00,53.6,50.9,86,,,6.0,299,10.5,1013.2,95,grass,2026-05-07T08:19:31.823002+00:00
2026,regular,2026-04-28,824849,2026-04-28T22:35:00Z,Oriole Park at Camden Yards,BAL,HOU,39.284,-76.6217,open,open_meteo_archive,2026-04-28T22:00,55.4,52.7,69,,,3.7,160,11.6,1018.0,42,grass,2026-05-07T08:19:32.976575+00:00
2026,regular,2026-04-28,824526,2026-04-28T22:40:00Z,Great American Ball Park,CIN,COL,39.0979,-84.5081,open,open_meteo_archive,2026-04-28T22:00,64.4,66.2,81,,,2.6,345,7.2,1013.3,100,grass,2026-05-07T08:19:34.399789+00:00
2026,regular,2026-04-28,823390,2026-04-28T22:40:00Z,PNC Park,PIT,STL,40.4469,-80.0057,open,open_meteo_archive,2026-04-28T22:00,64.0,63.2,72,,,5.4,222,11.2,1012.9,99,grass,2026-05-07T08:19:35.009130+00:00
2026,regular,2026-04-28,823473,2026-04-28T22:40:00Z,Citizens Bank Park,PHI,SFG,39.9061,-75.1665,open,open_meteo_archive,2026-04-28T22:00,55.8,51.1,55,,,5.6,165,11.6,1017.6,100,grass,2026-05-07T08:19:35.646258+00:00
2026,regular,2026-04-28,823636,2026-04-28T23:10:00Z,Citi Field,NYM,WSN,40.7571,-73.8458,open,open_meteo_archive,2026-04-28T23:00,50.2,46.4,79,,,5.2,158,11.9,1018.3,98,grass,2026-05-07T08:20:11.967061+00:00
2026,regular,2026-04-28,824931,2026-04-28T23:15:00Z,Truist Park,ATL,DET,33.8907,-84.4677,open,open_meteo_archive,2026-04-28T23:00,63.8,65.6,90,,0.008,4.5,184,11.0,1017.3,100,grass,2026-05-07T08:20:12.654898+00:00
2026,regular,2026-04-28,823716,2026-04-28T23:40:00Z,Target Field,MIN,SEA,44.9817,-93.2776,open,open_meteo_archive,2026-04-28T23:00,44.6,37.0,59,,,8.7,313,17.9,1018.4,100,grass,2026-05-07T08:20:13.303263+00:00
2026,regular,2026-04-28,824610,2026-04-28T23:40:00Z,Rate Field,CHW,LAA,41.83,-87.6339,open,open_meteo_archive,2026-04-28T23:00,55.6,53.7,80,,0.004,4.0,312,8.3,1013.4,52,grass,2026-05-07T08:20:13.973308+00:00
2026,regular,2026-04-28,823798,2026-04-28T23:40:00Z,American Family Field,MIL,ARI,43.028,-87.9712,retractable,open_meteo_archive,2026-04-28T23:00,53.7,50.9,71,,,3.2,331,7.6,1013.5,100,turf,2026-05-07T08:20:14.624018+00:00
2026,regular,2026-04-28,822908,2026-04-29T00:05:00Z,Globe Life Field,TEX,NYY,32.7473,-97.0842,retractable,open_meteo_archive,2026-04-28T00:00,72.1,76.1,90,,,8.3,144,16.6,1010.8,100,turf,2026-05-07T08:20:15.242057+00:00
2026,regular,2026-04-28,825017,2026-04-29T01:40:00Z,Oakland Coliseum,ATH,KCR,37.7516,-122.2005,open,open_meteo_archive,2026-04-28T01:00,51.6,50.4,94,,,3.1,204,6.9,1019.8,100,grass,2026-05-07T08:20:15.901459+00:00
2026,regular,2026-04-28,823310,2026-04-29T01:40:00Z,Petco Park,SDP,CHC,32.7073,-117.1566,open,open_meteo_archive,2026-04-28T01:00,58.4,56.2,63,,,2.5,339,5.4,1018.2,20,grass,2026-05-07T08:20:16.564684+00:00
2026,regular,2026-04-28,823956,2026-04-29T02:10:00Z,Dodger Stadium,LAD,MIA,34.0739,-118.24,open,open_meteo_archive,2026-04-28T02:00,54.9,52.8,65,,,1.1,79,3.8,1017.9,46,grass,2026-05-07T08:20:17.173811+00:00
2026,regular,2026-04-29,824445,2026-04-29T17:10:00Z,Progressive Field,CLE,TBR,41.4962,-81.6852,open,open_meteo_archive,2026-04-29T17:00,49.5,44.0,88,,,10.7,23,16.6,1009.4,100,grass,2026-05-07T08:20:17.806342+00:00
2026,regular,2026-04-29,823717,2026-04-29T17:40:00Z,Target Field,MIN,SEA,44.9817,-93.2776,open,open_meteo_archive,2026-04-29T17:00,51.0,43.1,41,,,8.4,310,23.3,1017.1,45,grass,2026-05-07T08:20:53.650658+00:00
2026,regular,2026-04-29,822907,2026-04-29T18:35:00Z,Globe Life Field,TEX,NYY,32.7473,-97.0842,retractable,open_meteo_archive,2026-04-29T18:00,64.5,64.3,79,,0.004,6.6,22,19.0,1012.7,100,turf,2026-05-07T08:20:54.261103+00:00
2026,regular,2026-04-29,822821,2026-04-29T19:07:00Z,Rogers Centre,TOR,BOS,43.6414,-79.3894,retractable,open_meteo_archive,2026-04-29T19:00,45.5,39.8,78,,,7.3,337,18.8,1009.4,100,turf,2026-05-07T08:20:54.930719+00:00
2026,regular,2026-04-29,823958,2026-04-29T19:10:00Z,Dodger Stadium,LAD,MIA,34.0739,-118.24,open,open_meteo_archive,2026-04-29T19:00,66.7,63.3,44,,,4.5,217,17.4,1013.7,,grass,2026-05-07T08:20:55.601217+00:00
2026,regular,2026-04-29,823312,2026-04-29T20:10:00Z,Petco Park,SDP,CHC,32.7073,-117.1566,open,open_meteo_archive,2026-04-29T20:00,62.1,62.0,73,,,2.4,248,11.2,1015.6,100,grass,2026-05-07T08:20:56.239134+00:00
2026,regular,2026-04-29,824525,2026-04-29T22:40:00Z,Great American Ball Park,CIN,COL,39.0979,-84.5081,open,open_meteo_archive,2026-04-29T22:00,55.0,49.6,66,,,9.1,338,23.3,1013.6,87,grass,2026-05-07T08:20:56.865269+00:00
2026,regular,2026-04-29,823392,2026-04-29T22:40:00Z,PNC Park,PIT,STL,40.4469,-80.0057,open,open_meteo_archive,2026-04-29T22:00,50.4,47.1,95,,,7.1,319,17.9,1010.4,43,grass,2026-05-07T08:20:57.516089+00:00
2026,regular,2026-04-29,823633,2026-04-29T23:10:00Z,Citi Field,NYM,WSN,40.7571,-73.8458,open,open_meteo_archive,2026-04-29T23:00,48.8,45.7,90,,0.031,5.0,153,11.6,1011.1,100,grass,2026-05-07T08:20:58.181720+00:00
2026,regular,2026-04-29,824930,2026-04-29T23:15:00Z,Truist Park,ATL,DET,33.8907,-84.4677,open,open_meteo_archive,2026-04-29T23:00,68.5,72.2,91,,,5.1,290,10.5,1011.4,100,grass,2026-05-07T08:20:58.793400+00:00
2026,regular,2026-04-29,823796,2026-04-29T23:40:00Z,American Family Field,MIL,ARI,43.028,-87.9712,retractable,open_meteo_archive,2026-04-29T23:00,41.1,36.9,92,,,3.8,236,6.7,1017.1,2,turf,2026-05-07T08:20:59.427312+00:00
2026,regular,2026-04-30,823471,2026-04-30T21:35:00Z,Citizens Bank Park,PHI,SFG,39.9061,-75.1665,open,open_meteo_archive,2026-04-30T21:00,54.8,49.5,69,,,9.3,309,18.8,1010.6,19,grass,2026-05-07T08:21:35.241651+00:00
2026,regular,2026-04-30,824850,2026-04-30T16:40:00Z,Oriole Park at Camden Yards,BAL,HOU,39.284,-76.6217,open,open_meteo_archive,2026-04-30T16:00,65.2,57.8,38,,,11.3,286,28.6,1007.9,64,grass,2026-05-07T08:21:35.914510+00:00
2026,regular,2026-04-30,824929,2026-04-30T16:15:00Z,Truist Park,ATL,DET,33.8907,-84.4677,open,open_meteo_archive,2026-04-30T16:00,70.2,67.6,52,,,9.7,319,22.1,1011.5,100,grass,2026-05-07T08:21:36.558169+00:00
2026,regular,2026-04-30,824848,2026-04-30T16:35:00Z,Oriole Park at Camden Yards,BAL,HOU,39.284,-76.6217,open,open_meteo_archive,2026-04-30T16:00,65.2,57.8,38,,,11.3,286,28.6,1007.9,64,grass,2026-05-07T08:21:37.226793+00:00
2026,regular,2026-04-30,823391,2026-04-30T16:35:00Z,PNC Park,PIT,STL,40.4469,-80.0057,open,open_meteo_archive,2026-04-30T16:00,51.6,45.7,53,,0.004,8.4,304,23.3,1013.5,59,grass,2026-05-07T08:21:37.873121+00:00
2026,regular,2026-04-30,823472,2026-04-30T16:35:00Z,Citizens Bank Park,PHI,SFG,39.9061,-75.1665,open,open_meteo_archive,2026-04-30T16:00,65.7,61.2,44,,,8.8,306,21.0,1006.8,23,grass,2026-05-07T08:21:38.723182+00:00
2026,regular,2026-04-30,824524,2026-04-30T16:40:00Z,Great American Ball Park,CIN,COL,39.0979,-84.5081,open,open_meteo_archive,2026-04-30T16:00,58.3,52.0,35,,,8.0,328,21.5,1016.3,54,grass,2026-05-07T08:21:39.438224+00:00
2026,regular,2026-04-30,823634,2026-04-30T17:10:00Z,Citi Field,NYM,WSN,40.7571,-73.8458,open,open_meteo_archive,2026-04-30T17:00,60.5,57.7,63,,,5.4,308,17.0,1006.7,37,grass,2026-05-07T08:21:40.150044+00:00
2026,regular,2026-04-30,823795,2026-04-30T17:40:00Z,American Family Field,MIL,ARI,43.028,-87.9712,retractable,open_meteo_archive,2026-04-30T17:00,41.0,34.6,70,,,5.9,105,15.2,1016.3,100,turf,2026-05-07T08:21:40.765433+00:00
2026,regular,2026-04-30,825016,2026-04-30T19:05:00Z,Oakland Coliseum,ATH,KCR,37.7516,-122.2005,open,open_meteo_archive,2026-04-30T19:00,57.6,55.7,85,,,6.9,237,19.2,1013.9,1,grass,2026-05-07T08:21:41.411533+00:00
2026,regular,2026-05-01,824686,2026-05-01T18:20:00Z,Wrigley Field,CHC,ARI,41.9484,-87.6553,open,open_meteo_archive,2026-05-01T18:00,42.0,35.6,66,,,5.9,46,16.8,1019.0,42,grass,2026-05-07T08:22:17.466790+00:00
2026,regular,2026-05-01,824287,2026-05-01T22:40:00Z,Comerica Park,DET,TEX,42.339,-83.0485,open,open_meteo_archive,2026-05-01T22:00,41.1,35.5,74,,0.004,4.8,63,9.8,1016.9,98,grass,2026-05-07T08:22:18.146098+00:00
2026,regular,2026-05-01,823389,2026-05-01T22:45:00Z,PNC Park,PIT,CIN,40.4469,-80.0057,open,open_meteo_archive,2026-05-01T22:00,42.4,36.8,85,,,6.8,322,18.6,1015.7,99,grass,2026-05-07T08:22:18.813270+00:00
2026,regular,2026-05-01,822744,2026-05-01T22:45:00Z,Nationals Park,WSN,MIL,38.873,-77.0074,open,open_meteo_archive,2026-05-01T22:00,56.4,52.0,60,,,6.0,147,14.5,1011.9,100,grass,2026-05-07T08:22:19.492419+00:00
2026,regular,2026-05-01,823557,2026-05-01T23:05:00Z,Yankee Stadium,NYY,BAL,40.8296,-73.9262,open,open_meteo_archive,2026-05-01T23:00,51.4,47.6,77,,,5.7,184,13.6,1012.0,19,grass,2026-05-07T08:22:20.132993+00:00
2026,regular,2026-05-01,824772,2026-05-01T23:10:00Z,Fenway Park,BOS,HOU,42.3467,-71.0972,open,open_meteo_archive,2026-05-01T23:00,48.5,44.6,69,,,2.9,178,4.5,1011.6,59,grass,2026-05-07T08:22:20.752326+00:00
2026,regular,2026-05-01,822990,2026-05-01T23:10:00Z,Tropicana Field,TBR,SFG,27.7682,-82.6534,dome,dome_weather_neutral,,72,72,45,,,,,,,,turf,2026-05-07T08:22:20.752353+00:00
2026,regular,2026-05-01,823877,2026-05-01T23:10:00Z,loanDepot park,MIA,PHI,25.7781,-80.2197,retractable,open_meteo_archive,2026-05-01T23:00,79.2,83.7,71,,,6.9,194,17.2,1012.9,2,turf,2026-05-07T08:22:21.407336+00:00
2026,regular,2026-05-01,823713,2026-05-02T00:10:00Z,Target Field,MIN,TOR,44.9817,-93.2776,open,open_meteo_archive,2026-05-01T00:00,39.7,34.2,72,,,3.7,61,6.7,1017.8,91,grass,2026-05-07T08:22:22.078677+00:00
2026,regular,2026-05-01,823066,2026-05-02T00:15:00Z,Busch Stadium,STL,LAD,38.6226,-90.1928,open,open_meteo_archive,2026-05-01T00:00,53.8,49.9,78,,,7.5,325,16.1,1016.3,99,grass,2026-05-07T08:22:22.698806+00:00
2026,regular,2026-05-01,824366,2026-05-02T00:40:00Z,Coors Field,COL,ATL,39.7559,-104.9942,open,open_meteo_archive,2026-05-01T00:00,40.5,35.9,87,,,3.9,173,8.5,1021.8,100,grass,2026-05-07T08:22:23.339774+00:00
2026,regular,2026-05-01,825012,2026-05-02T01:40:00Z,Oakland Coliseum,ATH,CLE,37.7516,-122.2005,open,open_meteo_archive,2026-05-01T01:00,54.3,52.2,96,,,7.3,203,15.2,1015.1,91,grass,2026-05-07T08:22:59.186677+00:00
2026,regular,2026-05-01,823309,2026-05-02T01:40:00Z,Petco Park,SDP,CHW,32.7073,-117.1566,open,open_meteo_archive,2026-05-01T01:00,58.1,58.7,85,,,1.3,117,3.4,1014.0,15,grass,2026-05-07T08:22:59.869550+00:00
2026,regular,2026-05-01,823146,2026-05-02T01:45:00Z,T-Mobile Park,SEA,KCR,47.5914,-122.3325,retractable,open_meteo_archive,2026-05-01T01:00,54.3,51.3,75,,,5.1,38,11.0,1016.3,82,turf,2026-05-07T08:23:00.545239+00:00
2026,regular,2026-05-02,823554,2026-05-02T17:35:00Z,Yankee Stadium,NYY,BAL,40.8296,-73.9262,open,open_meteo_archive,2026-05-02T17:00,58.6,52.5,40,,,6.3,311,17.2,1010.0,98,grass,2026-05-07T08:23:01.215316+00:00
2026,regular,2026-05-02,823715,2026-05-02T18:10:00Z,Target Field,MIN,TOR,44.9817,-93.2776,open,open_meteo_archive,2026-05-02T18:00,64.6,57.5,30,,,7.9,242,19.2,1010.8,100,grass,2026-05-07T08:23:01.854075+00:00
2026,regular,2026-05-02,824685,2026-05-02T18:20:00Z,Wrigley Field,CHC,ARI,41.9484,-87.6553,open,open_meteo_archive,2026-05-02T18:00,52.1,48.2,57,,,2.1,164,8.9,1017.4,92,grass,2026-05-07T08:23:02.474170+00:00
2026,regular,2026-05-02,825014,2026-05-02T20:05:00Z,Oakland Coliseum,ATH,CLE,37.7516,-122.2005,open,open_meteo_archive,2026-05-02T20:00,54.0,50.4,85,,,8.3,271,21.3,1012.1,100,grass,2026-05-07T08:23:03.124295+00:00
2026,regular,2026-05-02,823388,2026-05-02T20:05:00Z,PNC Park,PIT,CIN,40.4469,-80.0057,open,open_meteo_archive,2026-05-02T20:00,42.3,36.2,63,,,5.1,315,18.6,1016.9,24,grass,2026-05-07T08:23:03.795174+00:00
2026,regular,2026-05-02,822746,2026-05-02T20:05:00Z,Nationals Park,WSN,MIL,38.873,-77.0074,open,open_meteo_archive,2026-05-02T20:00,54.7,48.5,44,,,6.0,337,15.2,1012.6,99,grass,2026-05-07T08:23:04.409479+00:00
2026,regular,2026-05-02,824771,2026-05-02T20:10:00Z,Fenway Park,BOS,HOU,42.3467,-71.0972,open,open_meteo_archive,2026-05-02T20:00,50.4,49.2,85,,,0.4,236,14.3,1010.4,99,grass,2026-05-07T08:23:05.399089+00:00
2026,regular,2026-05-02,822988,2026-05-02T22:10:00Z,Tropicana Field,TBR,SFG,27.7682,-82.6534,dome,dome_weather_neutral,,72,72,45,,,,,,,,turf,2026-05-07T08:23:40.584010+00:00
2026,regular,2026-05-02,823067,2026-05-02T23:15:00Z,Busch Stadium,STL,LAD,38.6226,-90.1928,open,open_meteo_archive,2026-05-02T23:00,49.0,46.0,71,,,1.6,180,2.2,1019.6,,grass,2026-05-07T08:23:41.304479+00:00
2026,regular,2026-05-02,824284,2026-05-02T23:15:00Z,Comerica Park,DET,TEX,42.339,-83.0485,open,open_meteo_archive,2026-05-02T23:00,42.2,36.9,72,,,4.0,227,7.6,1016.6,,grass,2026-05-07T08:23:42.405484+00:00
2026,regular,2026-05-02,824365,2026-05-03T00:10:00Z,Coors Field,COL,ATL,39.7559,-104.9942,open,open_meteo_archive,2026-05-02T00:00,45.8,41.9,71,,,2.1,317,4.5,1019.3,,grass,2026-05-07T08:23:43.342810+00:00
2026,regular,2026-05-02,823308,2026-05-03T00:40:00Z,Petco Park,SDP,CHW,32.7073,-117.1566,open,open_meteo_archive,2026-05-02T00:00,62.0,62.6,82,,,3.3,288,8.9,1013.9,94,grass,2026-05-07T08:23:43.982386+00:00
2026,regular,2026-05-02,824042,2026-05-03T01:38:00Z,Angel Stadium,LAA,NYM,33.8003,-117.8827,open,open_meteo_archive,2026-05-02T01:00,58.7,59.8,92,,,2.4,177,6.7,1014.1,100,grass,2026-05-07T08:23:44.611373+00:00
2026,regular,2026-05-02,823144,2026-05-03T01:40:00Z,T-Mobile Park,SEA,KCR,47.5914,-122.3325,retractable,open_meteo_archive,2026-05-02T01:00,54.5,53.5,75,,,0.2,180,6.5,1016.9,82,turf,2026-05-07T08:23:45.262243+00:00
2026,regular,2026-05-03,823711,2026-05-03T16:45:00Z,Target Field,MIN,TOR,44.9817,-93.2776,open,open_meteo_archive,2026-05-03T16:00,70.6,63.6,16,,,9.3,304,25.7,1004.9,4,grass,2026-05-07T08:23:45.926910+00:00
2026,regular,2026-05-03,824769,2026-05-03T17:35:00Z,Fenway Park,BOS,HOU,42.3467,-71.0972,open,open_meteo_archive,2026-05-03T17:00,52.9,42.1,35,,,14.5,301,38.3,1006.3,98,grass,2026-05-07T08:23:46.537439+00:00
2026,regular,2026-05-03,823387,2026-05-03T17:35:00Z,PNC Park,PIT,CIN,40.4469,-80.0057,open,open_meteo_archive,2026-05-03T17:00,57.2,48.4,35,,,10.8,256,28.4,1013.8,100,grass,2026-05-07T08:23:47.170094+00:00
2026,regular,2026-05-03,823555,2026-05-03T17:35:00Z,Yankee Stadium,NYY,BAL,40.8296,-73.9262,open,open_meteo_archive,2026-05-03T17:00,57.4,46.3,27,,,14.5,300,34.7,1010.8,63,grass,2026-05-07T08:23:47.841417+00:00
2026,regular,2026-05-03,822987,2026-05-03T17:40:00Z,Tropicana Field,TBR,SFG,27.7682,-82.6534,dome,dome_weather_neutral,,72,72,45,,,,,,,,turf,2026-05-07T08:24:23.044044+00:00
2026,regular,2026-05-03,823875,2026-05-03T17:40:00Z,loanDepot park,MIA,PHI,25.7781,-80.2197,retractable,open_meteo_archive,2026-05-03T17:00,75.0,79.2,81,,0.441,7.4,33,17.9,1014.6,100,turf,2026-05-07T08:24:23.718665+00:00
2026,regular,2026-05-03,823065,2026-05-03T18:15:00Z,Busch Stadium,STL,LAD,38.6226,-90.1928,open,open_meteo_archive,2026-05-03T18:00,73.7,68.9,37,,,8.4,197,23.5,1008.9,100,grass,2026-05-07T08:24:24.382546+00:00
2026,regular,2026-05-03,824687,2026-05-03T18:20:00Z,Wrigley Field,CHC,ARI,41.9484,-87.6553,open,open_meteo_archive,2026-05-03T18:00,63.2,57.1,49,,,10.8,203,30.6,1006.0,1,grass,2026-05-07T08:24:25.058710+00:00
2026,regular,2026-05-03,824364,2026-05-03T19:10:00Z,Coors Field,COL,ATL,39.7559,-104.9942,open,open_meteo_archive,2026-05-03T19:00,63.0,59.6,42,,,2.0,164,8.5,1006.1,100,grass,2026-05-07T08:24:25.701119+00:00
2026,regular,2026-05-03,825013,2026-05-03T20:05:00Z,Oakland Coliseum,ATH,CLE,37.7516,-122.2005,open,open_meteo_archive,2026-05-03T20:00,57.0,53.2,74,,,8.4,245,19.9,1013.6,97,grass,2026-05-07T08:24:26.329664+00:00
2026,regular,2026-05-03,824043,2026-05-03T20:07:00Z,Angel Stadium,LAA,NYM,33.8003,-117.8827,open,open_meteo_archive,2026-05-03T20:00,61.2,59.5,68,,,4.6,194,15.7,1014.2,98,grass,2026-05-07T08:24:26.984567+00:00
2026,regular,2026-05-03,823145,2026-05-03T20:10:00Z,T-Mobile Park,SEA,KCR,47.5914,-122.3325,retractable,open_meteo_archive,2026-05-03T20:00,69.7,65.3,40,,,7.0,11,17.2,1008.8,59,turf,2026-05-07T08:24:27.649828+00:00
2026,regular,2026-05-03,823307,2026-05-03T20:10:00Z,Petco Park,SDP,CHW,32.7073,-117.1566,open,open_meteo_archive,2026-05-03T20:00,63.2,60.7,62,,0.004,5.9,251,15.4,1014.4,100,grass,2026-05-07T08:24:28.258030+00:00
2026,regular,2026-05-03,824285,2026-05-03T23:20:00Z,Comerica Park,DET,TEX,42.339,-83.0485,open,open_meteo_archive,2026-05-03T23:00,51.2,43.4,65,,,12.6,210,25.7,1009.4,55,grass,2026-05-07T08:24:28.891713+00:00
2026,regular,2026-05-04,824363,2026-05-04T21:40:00Z,Coors Field,COL,NYM,39.7559,-104.9942,open,open_meteo_archive,2026-05-04T21:00,54.2,49.7,60,,,5.3,5,14.5,1008.4,100,grass,2026-05-07T08:24:29.523702+00:00
2026,regular,2026-05-04,824283,2026-05-04T22:10:00Z,Comerica Park,DET,BOS,42.339,-83.0485,open,open_meteo_archive,2026-05-04T22:00,62.6,57.0,71,,0.004,15.5,229,30.2,1000.5,98,grass,2026-05-07T08:24:30.162001+00:00
2026,regular,2026-05-04,822984,2026-05-04T22:40:00Z,Tropicana Field,TBR,TOR,27.7682,-82.6534,dome,dome_weather_neutral,,72,72,45,,,,,,,,turf,2026-05-07T08:24:30.162031+00:00
2026,regular,2026-05-04,823552,2026-05-04T23:05:00Z,Yankee Stadium,NYY,BAL,40.8296,-73.9262,open,open_meteo_archive,2026-05-04T23:00,62.7,57.3,48,,,8.5,183,19.0,1010.9,,grass,2026-05-07T08:25:06.017853+00:00
2026,regular,2026-05-04,824684,2026-05-04T23:10:00Z,Wrigley Field,CHC,CIN,41.9484,-87.6553,open,open_meteo_archive,2026-05-04T23:00,62.2,59.2,71,,,8.9,258,24.2,1000.9,,grass,2026-05-07T08:25:06.684509+00:00
2026,regular,2026-05-04,824120,2026-05-04T23:40:00Z,Kauffman Stadium,KCR,CLE,39.0517,-94.4803,open,open_meteo_archive,2026-05-04T23:00,62.2,60.9,80,,,7.9,234,25.9,1004.6,57,grass,2026-05-07T08:25:07.365860+00:00
2026,regular,2026-05-04,823064,2026-05-04T23:45:00Z,Busch Stadium,STL,MIL,38.6226,-90.1928,open,open_meteo_archive,2026-05-04T23:00,66.0,65.7,63,,,3.0,323,15.7,1005.0,45,grass,2026-05-07T08:25:08.014079+00:00
2026,regular,2026-05-04,824201,2026-05-05T00:10:00Z,Minute Maid Park,HOU,LAD,29.7573,-95.3555,retractable,open_meteo_archive,2026-05-04T00:00,62.1,60.7,69,,,4.7,185,10.1,1018.5,87,turf,2026-05-07T08:25:08.641258+00:00
2026,regular,2026-05-04,824039,2026-05-05T01:38:00Z,Angel Stadium,LAA,CHW,33.8003,-117.8827,open,open_meteo_archive,2026-05-04T01:00,61.3,59.9,66,,,3.3,242,8.1,1015.7,100,grass,2026-05-07T08:25:09.299201+00:00
2026,regular,2026-05-04,823143,2026-05-05T01:40:00Z,T-Mobile Park,SEA,ATL,47.5914,-122.3325,retractable,open_meteo_archive,2026-05-04T01:00,56.4,54.9,74,,,2.4,34,5.8,1009.1,80,turf,2026-05-07T08:25:09.954704+00:00
2026,regular,2026-05-04,823228,2026-05-05T01:45:00Z,Oracle Park,SFG,SDP,37.7786,-122.3893,open,open_meteo_archive,2026-05-04T01:00,55.1,52.8,85,,,6.2,215,14.8,1014.9,21,grass,2026-05-07T08:25:10.646280+00:00
