season,seasonPhase,date,gamePk,venue,home,away,roof,temperatureF,feelsLikeF,humidity,precipitationProbability,windMph,windDirection,windOutScore,windOutFlag,windSpeedScore,windScore,temperatureScore,humidityScore,rainScore,coldGameFlag,turfFlag,hrWeatherAdjustment,totalBasesWeatherAdjustment,hitsWeatherAdjustment,pitcherStrikeoutsWeatherAdjustment,pitcherHitsAllowedWeatherAdjustment,pitcherEarnedRunsWeatherAdjustment,weatherConfidence,weatherSummary
2026,regular,2026-03-25,823244,Oracle Park,SFG,NYY,open,58.6,52.6,32,,4.0,210,1.0,1,0.267,0.267,-0.57,-0.36,0,0,0,-0.0014,-0.0015,-0.0007,-0.0011,-0.0004,-0.0007,Medium,Weather mostly neutral.
2026,regular,2026-03-26,823649,Citi Field,NYM,PIT,open,57.3,54.6,75,,6.1,147,0.4,1,0.407,0.163,-0.635,0.5,0,0,0,-0.0016,-0.0015,-0.0016,-0.0007,-0.0014,-0.0019,Medium,Weather mostly neutral.
2026,regular,2026-03-26,823812,American Family Field,MIL,CHW,retractable,36.4,26.0,91,,16.5,24,-1.0,0,1,-1.0,-1,0.82,0.08,1,1,-0.014,-0.0088,-0.005,0.0,-0.0056,-0.0066,Medium,cold temperature suppresses carry; wind appears pitcher-friendly; retractable roof uncertainty halves adjustment
2026,regular,2026-03-26,824704,Wrigley Field,CHC,WSN,open,41.8,32.1,87,,16.4,14,-1.0,0,1,-1.0,-1,0.74,0.332,1,0,-0.0294,-0.0185,-0.01,0.0,-0.0117,-0.0137,Medium,cold temperature suppresses carry; wind appears pitcher-friendly; rain/precipitation risk lowers confidence
2026,regular,2026-03-26,824865,Oriole Park at Camden Yards,BAL,MIN,open,74.6,70.7,46,,11.0,223,0.4,1,0.733,0.293,0.23,-0.08,0,0,0,0.0079,0.005,0.0027,-0.0019,0.003,0.0035,Medium,Weather mostly neutral.
2026,regular,2026-03-26,824541,Great American Ball Park,CIN,BOS,open,75.7,72.2,57,,15.4,210,1.0,1,1,1.0,0.285,0.14,0,0,0,0.0233,0.0143,0.0071,-0.0049,0.0081,0.0094,Medium,wind appears hitter-friendly
2026,regular,2026-03-26,824218,Minute Maid Park,HOU,LAA,retractable,73.6,73.4,68,,10.6,166,1.0,1,0.707,0.707,0.18,0.36,0,0,1,0.0085,0.0052,0.0025,-0.0017,0.0028,0.0033,Medium,wind appears hitter-friendly; retractable roof uncertainty halves adjustment
2026,regular,2026-03-26,823325,Petco Park,SDP,DET,open,64.1,65.5,79,,2.6,252,-0.4,0,0.173,-0.069,-0.295,0.58,0,0,0,-0.0026,-0.0017,-0.0016,0.0,-0.0017,-0.002,Medium,Weather mostly neutral.
2026,regular,2026-03-26,823081,Busch Stadium,STL,TBR,open,80.3,78.9,48,,10.4,202,1.0,1,0.693,0.693,0.515,-0.04,0,0,0,0.0189,0.0118,0.0062,-0.0043,0.0069,0.0081,Medium,warm temperature favors carry; wind appears hitter-friendly
2026,regular,2026-03-26,823486,Citizens Bank Park,PHI,TEX,open,69.5,64.5,54,,13.5,200,1.0,1,0.9,0.9,-0.025,0.08,0,0,0,0.018,0.0108,0.0053,-0.0036,0.0062,0.0071,Medium,wind appears hitter-friendly
2026,regular,2026-03-26,823974,Dodger Stadium,LAD,ARI,open,59.2,59.8,90,,3.4,15,-1.0,0,0.227,-0.227,-0.54,0.8,0,0,0,-0.0075,-0.0049,-0.0035,0.0,-0.0037,-0.0045,Medium,Weather mostly neutral.
2026,regular,2026-03-26,823163,T-Mobile Park,SEA,CLE,retractable,39.2,33.2,85,,6.3,193,1.0,1,0.42,0.42,-1,0.7,0,1,1,0.0002,-0.0003,-0.0007,-0.0008,-0.0005,-0.0008,Medium,cold temperature suppresses carry; wind appears hitter-friendly; retractable roof uncertainty halves adjustment
2026,regular,2026-03-27,822839,Rogers Centre,TOR,ATH,retractable,23.3,14.4,52,,6.3,330,-0.4,0,0.42,-0.168,-1,0.04,0,1,1,-0.0066,-0.0045,-0.0025,0.0,-0.0026,-0.0032,Medium,cold temperature suppresses carry; retractable roof uncertainty halves adjustment
2026,regular,2026-03-27,823893,loanDepot park,MIA,COL,retractable,73.6,78.1,79,,4.3,69,-1.0,0,0.287,-0.287,0.18,0.58,0,0,1,-0.0011,-0.0005,-0.0005,-0.0003,-0.0006,-0.0007,Medium,retractable roof uncertainty halves adjustment
2026,regular,2026-03-27,824946,Truist Park,ATL,KCR,open,61.1,56.1,75,,14.1,332,-1.0,0,0.94,-0.94,-0.445,0.5,0,0,0,-0.0217,-0.0134,-0.0074,0.0,-0.0084,-0.0097,Medium,wind appears pitcher-friendly
2026,regular,2026-03-27,824216,Minute Maid Park,HOU,LAA,retractable,68.4,70.4,84,,6.8,179,1.0,1,0.453,0.453,-0.08,0.68,0,0,1,0.0052,0.0031,0.0012,-0.0009,0.0014,0.0016,Medium,wind appears hitter-friendly; retractable roof uncertainty halves adjustment
2026,regular,2026-03-27,823324,Petco Park,SDP,DET,open,60.3,62.6,91,,0.3,180,0.4,1,0.02,0.008,-0.485,0.82,0,0,0,-0.0022,-0.0017,-0.0019,-0.0,-0.0019,-0.0024,Medium,Weather mostly neutral.
2026,regular,2026-03-27,823162,T-Mobile Park,SEA,CLE,retractable,41.9,37.0,72,,3.2,20,-1.0,0,0.213,-0.213,-1,0.44,0,1,1,-0.0065,-0.0043,-0.0026,0.0,-0.0027,-0.0034,Medium,cold temperature suppresses carry; retractable roof uncertainty halves adjustment
2026,regular,2026-03-27,823971,Dodger Stadium,LAD,ARI,open,60.8,62.0,81,,0.7,180,0.4,1,0.047,0.019,-0.46,0.62,0,0,0,-0.0024,-0.0018,-0.0017,-0.0001,-0.0017,-0.0022,Medium,Weather mostly neutral.
2026,regular,2026-03-28,823082,Busch Stadium,STL,TBR,open,51.3,44.5,46,,6.6,146,0.4,1,0.44,0.176,-0.935,-0.08,0,1,0,-0.0061,-0.0046,-0.0027,-0.0007,-0.0025,-0.0033,Medium,cold temperature suppresses carry
2026,regular,2026-03-28,824701,Wrigley Field,CHC,WSN,open,45.6,37.7,52,,8.6,190,1.0,1,0.573,0.573,-1,0.04,0,1,0,0.0016,-0.0,-0.0006,-0.0023,0.0,-0.0004,Medium,cold temperature suppresses carry; wind appears hitter-friendly
2026,regular,2026-03-28,822838,Rogers Centre,TOR,ATH,retractable,33.1,24.3,47,,7.3,269,1.0,1,0.487,0.487,-1,-0.06,0,1,1,-0.0002,-0.0006,-0.0005,-0.001,-0.0003,-0.0006,Medium,cold temperature suppresses carry; wind appears hitter-friendly; retractable roof uncertainty halves adjustment
2026,regular,2026-03-28,824862,Oriole Park at Camden Yards,BAL,MIN,open,41.9,36.1,54,,2.8,299,1.0,1,0.187,0.187,-1,0.08,0,1,0,-0.006,-0.0046,-0.0029,-0.0007,-0.0027,-0.0035,Medium,cold temperature suppresses carry
2026,regular,2026-03-28,824540,Great American Ball Park,CIN,BOS,open,43.7,38.8,59,,2.0,63,-0.4,0,0.133,-0.053,-1,0.18,0,1,0,-0.0105,-0.0073,-0.0043,0.0,-0.0044,-0.0054,Medium,cold temperature suppresses carry
2026,regular,2026-03-28,823651,Citi Field,NYM,PIT,open,37.9,30.2,43,,5.2,337,-0.4,0,0.347,-0.139,-1,-0.14,0,1,0,-0.0132,-0.0089,-0.0048,0.0,-0.005,-0.0061,Medium,cold temperature suppresses carry
2026,regular,2026-03-28,823892,loanDepot park,MIA,COL,retractable,77.3,79.5,67,,8.3,63,-1.0,0,0.553,-0.553,0.365,0.34,0,0,1,-0.0032,-0.0017,-0.0009,-0.0005,-0.0012,-0.0013,Medium,wind appears pitcher-friendly; retractable roof uncertainty halves adjustment
2026,regular,2026-03-28,824213,Minute Maid Park,HOU,LAA,retractable,67.1,64.6,52,,5.4,52,-1.0,0,0.36,-0.36,-0.145,0.04,0,0,1,-0.0043,-0.0026,-0.0014,0.0,-0.0016,-0.0018,Medium,retractable roof uncertainty halves adjustment
2026,regular,2026-03-28,823811,American Family Field,MIL,CHW,retractable,39.7,30.4,55,,10.5,215,1.0,1,0.7,0.7,-1,0.1,0,1,1,0.0021,0.0008,0.0001,-0.0014,0.0004,0.0003,Medium,cold temperature suppresses carry; wind appears hitter-friendly; retractable roof uncertainty halves adjustment
2026,regular,2026-03-28,824945,Truist Park,ATL,KCR,open,55.5,46.2,31,,10.7,116,0.4,1,0.713,0.285,-0.725,-0.38,0,0,0,-0.0027,-0.0024,-0.0012,-0.0011,-0.0009,-0.0013,Medium,Weather mostly neutral.
2026,regular,2026-03-28,823241,Oracle Park,SFG,NYY,open,56.8,55.1,75,,3.2,157,0.0,0,0.213,0.0,-0.66,0.5,0,0,0,-0.0051,-0.0036,-0.0026,0.0,-0.0026,-0.0033,Medium,Weather mostly neutral.
2026,regular,2026-03-28,823323,Petco Park,SDP,DET,open,62.9,64.1,83,,3.0,340,-1.0,0,0.2,-0.2,-0.355,0.66,0,0,0,-0.0056,-0.0036,-0.0026,0.0,-0.0028,-0.0034,Medium,Weather mostly neutral.
2026,regular,2026-03-28,823973,Dodger Stadium,LAD,ARI,open,59.3,60.8,88,,1.0,229,1.0,1,0.067,0.067,-0.535,0.76,0,0,0,-0.0017,-0.0014,-0.0017,-0.0003,-0.0017,-0.0021,Medium,Weather mostly neutral.
2026,regular,2026-03-28,823161,T-Mobile Park,SEA,CLE,retractable,45.8,41.1,77,,4.9,30,-1.0,0,0.327,-0.327,-1,0.54,0,1,1,-0.0075,-0.0049,-0.003,0.0,-0.0031,-0.0038,Medium,cold temperature suppresses carry; retractable roof uncertainty halves adjustment
2026,regular,2026-03-29,824864,Oriole Park at Camden Yards,BAL,MIN,open,59.0,50.3,30,,10.2,188,0.4,1,0.68,0.272,-0.55,-0.4,0,0,0,-0.0013,-0.0014,-0.0006,-0.0011,-0.0003,-0.0006,Medium,Weather mostly neutral.
2026,regular,2026-03-29,823487,Citizens Bank Park,PHI,TEX,open,55.7,46.2,34,,12.0,206,1.0,1,0.8,0.8,-0.715,-0.32,0,0,0,0.0079,0.004,0.0019,-0.0032,0.0027,0.0028,Medium,wind appears hitter-friendly
2026,regular,2026-03-29,824944,Truist Park,ATL,KCR,open,63.5,57.8,50,,10.1,147,1.0,1,0.673,0.673,-0.325,0.0,0,0,0,0.0102,0.0058,0.0027,-0.0027,0.0034,0.0038,Medium,wind appears hitter-friendly
2026,regular,2026-03-29,822837,Rogers Centre,TOR,ATH,retractable,46.0,38.7,63,,9.0,185,1.0,1,0.6,0.6,-1,0.26,0,1,1,0.0014,0.0004,-0.0002,-0.0012,0.0001,-0.0001,Medium,cold temperature suppresses carry; wind appears hitter-friendly; retractable roof uncertainty halves adjustment
2026,regular,2026-03-29,823647,Citi Field,NYM,PIT,open,46.6,38.2,56,,10.6,178,0.4,1,0.707,0.283,-1,0.12,0,1,0,-0.004,-0.0034,-0.0023,-0.0011,-0.002,-0.0027,Medium,cold temperature suppresses carry
2026,regular,2026-03-29,823891,loanDepot park,MIA,COL,retractable,74.0,75.4,76,,10.8,63,-1.0,0,0.72,-0.72,0.2,0.52,0.016,0,1,-0.0055,-0.0031,-0.0018,-0.0003,-0.0021,-0.0024,Medium,wind appears pitcher-friendly; retractable roof uncertainty halves adjustment
2026,regular,2026-03-29,824215,Minute Maid Park,HOU,LAA,retractable,77.7,76.4,51,,9.6,145,0.4,1,0.64,0.256,0.385,0.02,0,0,1,0.0045,0.0029,0.0015,-0.0011,0.0017,0.002,Medium,retractable roof uncertainty halves adjustment
2026,regular,2026-03-29,823810,American Family Field,MIL,CHW,retractable,57.0,50.5,45,,7.8,179,1.0,1,0.52,0.52,-0.65,-0.1,0,0,1,0.0018,0.0007,0.0003,-0.001,0.0005,0.0005,Medium,wind appears hitter-friendly; retractable roof uncertainty halves adjustment
2026,regular,2026-03-29,823079,Busch Stadium,STL,TBR,open,67.2,62.4,44,,7.8,172,1.0,1,0.52,0.52,-0.14,-0.12,0,0,0,0.0086,0.005,0.0026,-0.0021,0.0031,0.0035,Medium,wind appears hitter-friendly
2026,regular,2026-03-29,824700,Wrigley Field,CHC,WSN,open,58.5,50.6,38,,10.0,193,1.0,1,0.667,0.667,-0.575,-0.24,0,0,0,0.0069,0.0035,0.0017,-0.0027,0.0024,0.0025,Medium,wind appears hitter-friendly
2026,regular,2026-03-29,823160,T-Mobile Park,SEA,CLE,retractable,40.5,35.5,84,,4.5,342,-1.0,0,0.3,-0.3,-1,0.68,0,1,1,-0.007,-0.0046,-0.0029,0.0,-0.003,-0.0037,Medium,cold temperature suppresses carry; retractable roof uncertainty halves adjustment
2026,regular,2026-03-30,824135,Kauffman Stadium,KCR,MIN,open,78.3,74.7,50,,15.0,197,0.4,1,1,0.4,0.415,0.0,0,0,0,0.0121,0.0077,0.0041,-0.0028,0.0045,0.0053,Medium,warm temperature favors carry; wind appears hitter-friendly
2026,regular,2026-03-30,824863,Oriole Park at Camden Yards,BAL,TEX,open,63.8,59.8,67,,11.4,228,1.0,1,0.76,0.76,-0.31,0.34,0,0,0,0.0131,0.0076,0.0033,-0.003,0.0041,0.0045,Medium,wind appears hitter-friendly
2026,regular,2026-03-30,824539,Great American Ball Park,CIN,PIT,open,67.6,64.2,68,,12.8,203,1.0,1,0.853,0.853,-0.12,0.36,0,0,0,0.0169,0.0101,0.0046,-0.0034,0.0055,0.0062,Medium,wind appears hitter-friendly
2026,regular,2026-03-30,823890,loanDepot park,MIA,CHW,retractable,73.6,74.4,78,,12.6,86,-1.0,0,0.84,-0.84,0.18,0.56,0.016,0,1,-0.0067,-0.0039,-0.0022,-0.0003,-0.0026,-0.0029,Medium,wind appears pitcher-friendly; retractable roof uncertainty halves adjustment
2026,regular,2026-03-30,822834,Rogers Centre,TOR,COL,retractable,52.3,49.0,90,,7.7,209,1.0,1,0.513,0.513,-0.885,0.8,0.14,0,1,0.0016,0.0006,-0.0004,-0.001,-0.0001,-0.0003,Medium,cold temperature suppresses carry; wind appears hitter-friendly; retractable roof uncertainty halves adjustment
2026,regular,2026-03-30,824943,Truist Park,ATL,ATH,open,64.1,63.2,73,,6.2,136,1.0,1,0.413,0.413,-0.295,0.46,0,0,0,0.0067,0.0038,0.0013,-0.0017,0.0017,0.0018,Medium,wind appears hitter-friendly
2026,regular,2026-03-30,824702,Wrigley Field,CHC,LAA,open,63.9,61.5,82,,12.2,204,1.0,1,0.813,0.813,-0.305,0.64,0.408,0,0,0.0131,0.0077,0.0028,-0.0033,0.0037,0.0042,Medium,wind appears hitter-friendly; rain/precipitation risk lowers confidence
2026,regular,2026-03-30,823809,American Family Field,MIL,TBR,retractable,66.6,61.1,68,,17.0,213,1.0,1,1,1.0,-0.17,0.36,0,0,1,0.0097,0.0058,0.0027,-0.002,0.0032,0.0036,Medium,wind appears hitter-friendly; retractable roof uncertainty halves adjustment
2026,regular,2026-03-30,823080,Busch Stadium,STL,NYM,open,70.0,65.8,57,,12.9,192,1.0,1,0.86,0.86,0.0,0.14,0,0,0,0.0176,0.0106,0.0052,-0.0034,0.006,0.0069,Medium,wind appears hitter-friendly
2026,regular,2026-03-30,824214,Minute Maid Park,HOU,BOS,retractable,68.4,70.3,83,,6.2,147,0.4,1,0.413,0.165,-0.08,0.66,0,0,1,0.0022,0.0014,0.0003,-0.0003,0.0004,0.0005,Medium,retractable roof uncertainty halves adjustment
2026,regular,2026-03-30,823320,Petco Park,SDP,SFG,open,61.0,63.2,88,,0.4,214,0.0,0,0.027,0.0,-0.45,0.76,0,0,0,-0.0022,-0.0016,-0.0018,0.0,-0.0018,-0.0023,Medium,Weather mostly neutral.
2026,regular,2026-03-30,825108,Chase Field,ARI,DET,retractable,79.8,75.7,25,,4.1,334,-1.0,0,0.273,-0.273,0.49,-0.5,0,0,1,-0.001,-0.0004,0.0002,-0.0007,0.0,0.0001,Medium,warm temperature favors carry; retractable roof uncertainty halves adjustment
2026,regular,2026-03-30,823972,Dodger Stadium,LAD,CLE,open,57.9,58.6,90,,2.1,141,0.4,1,0.14,0.056,-0.605,0.8,0,0,0,-0.0025,-0.002,-0.0021,-0.0002,-0.002,-0.0026,Medium,Weather mostly neutral.
2026,regular,2026-03-31,824861,Oriole Park at Camden Yards,BAL,TEX,open,76.1,72.3,46,,11.7,217,0.4,1,0.78,0.312,0.305,-0.08,0,0,0,0.009,0.0057,0.0031,-0.0022,0.0034,0.004,Medium,Weather mostly neutral.
2026,regular,2026-03-31,824537,Great American Ball Park,CIN,PIT,open,72.5,68.5,51,,12.1,220,1.0,1,0.807,0.807,0.125,0.02,0,0,0,0.0174,0.0106,0.0053,-0.0036,0.0061,0.0071,Medium,wind appears hitter-friendly
2026,regular,2026-03-31,823485,Citizens Bank Park,PHI,WSN,open,72.3,68.4,55,,13.1,212,1.0,1,0.873,0.873,0.115,0.1,0,0,0,0.0189,0.0115,0.0057,-0.0038,0.0066,0.0076,Medium,wind appears hitter-friendly
2026,regular,2026-03-31,823888,loanDepot park,MIA,CHW,retractable,73.3,74.6,73,,9.1,85,-1.0,0,0.607,-0.607,0.165,0.46,0,0,1,-0.0046,-0.0026,-0.0015,-0.0002,-0.0018,-0.002,Medium,wind appears pitcher-friendly; retractable roof uncertainty halves adjustment
2026,regular,2026-03-31,822836,Rogers Centre,TOR,COL,retractable,55.4,53.1,95,,8.5,289,0.4,1,0.567,0.227,-0.73,0.9,0,0,1,-0.0,-0.0003,-0.0008,-0.0005,-0.0007,-0.0009,Medium,retractable roof uncertainty halves adjustment
2026,regular,2026-03-31,824942,Truist Park,ATL,ATH,open,66.7,66.7,79,,7.8,195,1.0,1,0.52,0.52,-0.165,0.58,0,0,0,0.0105,0.0062,0.0025,-0.0021,0.003,0.0033,Medium,wind appears hitter-friendly
2026,regular,2026-03-31,824699,Wrigley Field,CHC,LAA,open,38.7,32.0,92,,8.4,16,-1.0,0,0.56,-0.56,-1,0.84,0,1,0,-0.0187,-0.012,-0.0074,0.0,-0.0079,-0.0095,Medium,cold temperature suppresses carry; wind appears pitcher-friendly
2026,regular,2026-03-31,823807,American Family Field,MIL,TBR,retractable,36.8,28.4,90,,11.5,34,-1.0,0,0.767,-0.767,-1,0.8,0,1,1,-0.0115,-0.0073,-0.0043,0.0,-0.0047,-0.0056,Medium,cold temperature suppresses carry; wind appears pitcher-friendly; retractable roof uncertainty halves adjustment
2026,regular,2026-03-31,823077,Busch Stadium,STL,NYM,open,65.8,67.6,81,,3.6,56,-1.0,0,0.24,-0.24,-0.21,0.62,0.096,0,0,-0.0055,-0.0034,-0.0025,0.0,-0.0027,-0.0032,Medium,Weather mostly neutral.
2026,regular,2026-03-31,824212,Minute Maid Park,HOU,BOS,retractable,70.2,73.7,89,,7.0,155,0.4,1,0.467,0.187,0.01,0.78,0,0,1,0.0031,0.0019,0.0006,-0.0004,0.0007,0.0008,Medium,retractable roof uncertainty halves adjustment
2026,regular,2026-03-31,825107,Chase Field,ARI,DET,retractable,80.7,80.9,37,,0.9,45,-0.4,0,0.06,-0.024,0.535,-0.26,0,0,1,0.002,0.0015,0.001,-0.0008,0.001,0.0012,Medium,warm temperature favors carry; retractable roof uncertainty halves adjustment
2026,regular,2026-03-31,823322,Petco Park,SDP,SFG,open,63.0,65.8,91,,1.8,158,1.0,1,0.12,0.12,-0.35,0.82,0,0,0,0.0014,0.0006,-0.0007,-0.0005,-0.0006,-0.0008,Medium,Weather mostly neutral.
2026,regular,2026-03-31,823158,T-Mobile Park,SEA,NYY,retractable,41.3,35.5,84,,6.6,16,-1.0,0,0.44,-0.44,-1,0.68,0,1,1,-0.0084,-0.0055,-0.0033,0.0,-0.0035,-0.0043,Medium,cold temperature suppresses carry; wind appears pitcher-friendly; retractable roof uncertainty halves adjustment
2026,regular,2026-03-31,823969,Dodger Stadium,LAD,CLE,open,59.3,61.1,90,,0.3,225,1.0,1,0.02,0.02,-0.535,0.8,0,0,0,-0.0026,-0.0019,-0.002,-0.0001,-0.002,-0.0025,Medium,Weather mostly neutral.
2026,regular,2026-04-01,824860,Oriole Park at Camden Yards,BAL,TEX,open,87.1,85.7,31,,6.0,278,1.0,1,0.4,0.4,0.855,-0.38,0,0,0,0.0154,0.01,0.0058,-0.0042,0.0062,0.0075,Medium,warm temperature favors carry; wind appears hitter-friendly
2026,regular,2026-04-01,824536,Great American Ball Park,CIN,PIT,open,67.0,68.3,83,,6.6,334,-1.0,0,0.44,-0.44,-0.15,0.66,0.3,0,0,-0.0098,-0.0059,-0.0038,0.0,-0.0043,-0.0049,Medium,wind appears pitcher-friendly; rain/precipitation risk lowers confidence
2026,regular,2026-04-01,823483,Citizens Bank Park,PHI,WSN,open,82.2,80.4,35,,5.7,302,0.0,0,0.38,0.0,0.61,-0.3,0,0,0,0.0052,0.0037,0.0024,-0.0018,0.0024,0.0031,Medium,warm temperature favors carry
2026,regular,2026-04-01,822835,Rogers Centre,TOR,COL,retractable,41.3,34.4,60,,6.2,32,-1.0,0,0.413,-0.413,-1,0.2,0,1,1,-0.0088,-0.0058,-0.0032,0.0,-0.0034,-0.0042,Medium,cold temperature suppresses carry; wind appears pitcher-friendly; retractable roof uncertainty halves adjustment
2026,regular,2026-04-01,823889,loanDepot park,MIA,CHW,retractable,79.1,77.0,49,,11.7,85,-1.0,0,0.78,-0.78,0.455,-0.02,0,0,1,-0.0056,-0.0031,-0.0014,-0.0007,-0.0018,-0.002,Medium,warm temperature favors carry; wind appears pitcher-friendly; retractable roof uncertainty halves adjustment
2026,regular,2026-04-01,823078,Busch Stadium,STL,NYM,open,61.7,60.9,83,,6.8,67,-0.4,0,0.453,-0.181,-0.415,0.66,0,0,0,-0.0058,-0.0038,-0.0027,0.0,-0.0029,-0.0035,Medium,Weather mostly neutral.
2026,regular,2026-04-01,823806,American Family Field,MIL,TBR,retractable,34.2,24.7,75,,11.9,35,-1.0,0,0.793,-0.793,-1,0.5,0,1,1,-0.0122,-0.0078,-0.0044,0.0,-0.0048,-0.0057,Medium,cold temperature suppresses carry; wind appears pitcher-friendly; retractable roof uncertainty halves adjustment
2026,regular,2026-04-01,824211,Minute Maid Park,HOU,BOS,retractable,78.5,79.1,64,,11.8,164,1.0,1,0.787,0.787,0.425,0.28,0.016,0,1,0.0104,0.0065,0.0032,-0.0022,0.0036,0.0042,Medium,warm temperature favors carry; wind appears hitter-friendly; retractable roof uncertainty halves adjustment
2026,regular,2026-04-01,824698,Wrigley Field,CHC,LAA,open,39.2,30.2,82,,13.2,34,-1.0,0,0.88,-0.88,-1,0.64,0,1,0,-0.0257,-0.0163,-0.0093,0.0,-0.0102,-0.012,Medium,cold temperature suppresses carry; wind appears pitcher-friendly
2026,regular,2026-04-01,823321,Petco Park,SDP,SFG,open,63.6,62.9,70,,4.4,315,-1.0,0,0.293,-0.293,-0.32,0.4,0,0,0,-0.0079,-0.005,-0.003,0.0,-0.0033,-0.0039,Medium,Weather mostly neutral.
2026,regular,2026-04-01,823157,T-Mobile Park,SEA,NYY,retractable,46.4,39.2,84,,12.2,200,1.0,1,0.813,0.813,-1,0.68,0,1,1,0.0042,0.0021,0.0004,-0.0016,0.0008,0.0008,Medium,cold temperature suppresses carry; wind appears hitter-friendly; retractable roof uncertainty halves adjustment
2026,regular,2026-04-01,824136,Kauffman Stadium,KCR,MIN,open,55.2,53.2,99,,8.4,79,0.4,1,0.56,0.224,-0.74,0.98,0.644,0,0,-0.0032,-0.0025,-0.0029,-0.0009,-0.0027,-0.0032,Low,rain/precipitation risk lowers confidence
2026,regular,2026-04-01,823970,Dodger Stadium,LAD,CLE,open,60.8,62.7,95,,2.9,321,0.0,0,0.193,0.0,-0.46,0.9,0.156,0,0,-0.0027,-0.0019,-0.0022,0.0,-0.0022,-0.0026,Medium,Weather mostly neutral.
2026,regular,2026-04-02,824133,Kauffman Stadium,KCR,MIN,open,64.8,59.5,59,,12.5,260,-0.4,0,0.833,-0.333,-0.26,0.18,0,0,0,-0.0087,-0.0055,-0.003,0.0,-0.0034,-0.004,Medium,Weather mostly neutral.
2026,regular,2026-04-02,825105,Chase Field,ARI,ATL,retractable,70.5,66.5,30,,2.8,238,0.4,1,0.187,0.075,0.025,-0.4,0,0,1,0.0003,0.0001,0.0003,-0.0002,0.0003,0.0004,Medium,retractable roof uncertainty halves adjustment
2026,regular,2026-04-02,823242,Oracle Park,SFG,NYM,open,54.8,50.7,92,,11.4,286,1.0,1,0.76,0.76,-0.76,0.84,0.268,0,0,0.0088,0.0047,0.001,-0.003,0.0017,0.0017,Medium,cold temperature suppresses carry; wind appears hitter-friendly
2026,regular,2026-04-03,824621,Rate Field,CHW,TOR,open,40.5,33.1,92,,11.1,49,0.4,1,0.74,0.296,-1,0.84,0,1,0,-0.0016,-0.0018,-0.0022,-0.0012,-0.0019,-0.0026,Medium,cold temperature suppresses carry
2026,regular,2026-04-03,822758,Nationals Park,WSN,LAD,open,81.1,79.6,45,,9.8,218,1.0,1,0.653,0.653,0.555,-0.1,0,0,0,0.0183,0.0115,0.0061,-0.0043,0.0068,0.008,Medium,warm temperature favors carry; wind appears hitter-friendly
2026,regular,2026-04-03,824299,Comerica Park,DET,STL,open,65.8,62.4,63,,9.9,304,-0.4,0,0.66,-0.264,-0.21,0.26,0,0,0,-0.0066,-0.0041,-0.0024,0.0,-0.0027,-0.0032,Medium,Weather mostly neutral.
2026,regular,2026-04-03,824786,Fenway Park,BOS,SDP,open,64.9,61.9,66,,9.6,222,0.4,1,0.64,0.256,-0.255,0.32,0,0,0,0.0035,0.0019,0.0005,-0.001,0.0008,0.0008,Medium,Weather mostly neutral.
2026,regular,2026-04-03,822919,Globe Life Field,TEX,CIN,retractable,72.2,76.8,78,,2.4,53,-0.4,0,0.16,-0.064,0.11,0.56,0.268,0,1,0.0001,0.0002,-0.0002,-0.0002,-0.0003,-0.0002,Medium,retractable roof uncertainty halves adjustment
2026,regular,2026-04-03,824458,Progressive Field,CLE,CHC,open,56.8,56.1,90,,4.6,244,1.0,1,0.307,0.307,-0.66,0.8,0,0,0,0.0019,0.0007,-0.0008,-0.0012,-0.0005,-0.0008,Medium,Weather mostly neutral.
2026,regular,2026-04-03,823732,Target Field,MIN,TBR,open,37.0,29.8,86,,8.6,64,0.4,1,0.573,0.229,-1,0.72,0.332,1,0,-0.0049,-0.0038,-0.0033,-0.0009,-0.0031,-0.0038,Medium,cold temperature suppresses carry; rain/precipitation risk lowers confidence
2026,regular,2026-04-03,824377,Coors Field,COL,PHI,open,45.7,40.0,44,,2.2,339,-0.4,0,0.147,-0.059,-1,-0.12,0,1,0,-0.0115,-0.0079,-0.0044,0.0,-0.0044,-0.0055,Medium,cold temperature suppresses carry
2026,regular,2026-04-03,823406,PNC Park,PIT,BAL,open,70.4,70.2,70,,8.8,227,1.0,1,0.587,0.587,0.02,0.4,0,0,0,0.0131,0.008,0.0036,-0.0024,0.0042,0.0048,Medium,wind appears hitter-friendly
2026,regular,2026-04-03,824056,Angel Stadium,LAA,SEA,open,60.1,59.4,78,,4.0,130,0.4,1,0.267,0.107,-0.495,0.56,0,0,0,-0.0011,-0.0011,-0.0013,-0.0004,-0.0012,-0.0016,Medium,Weather mostly neutral.
2026,regular,2026-04-03,825026,Oakland Coliseum,ATH,HOU,open,50.5,48.3,84,,2.7,353,-1.0,0,0.18,-0.18,-0.975,0.68,0,0,0,-0.0113,-0.0076,-0.005,0.0,-0.0052,-0.0063,Medium,cold temperature suppresses carry
2026,regular,2026-04-03,825103,Chase Field,ARI,ATL,retractable,70.6,65.3,26,,4.5,257,0.0,0,0.3,0.0,0.03,-0.48,0,0,1,-0.0006,-0.0004,0.0001,-0.0,0.0001,0.0001,Medium,retractable roof uncertainty halves adjustment
2026,regular,2026-04-03,823240,Oracle Park,SFG,NYM,open,51.8,49.2,75,,2.7,355,-0.4,0,0.18,-0.072,-0.91,0.5,0,0,0,-0.009,-0.0062,-0.0041,0.0,-0.0041,-0.0051,Medium,cold temperature suppresses carry
2026,regular,2026-04-04,824134,Kauffman Stadium,KCR,MIL,open,45.6,39.6,65,,6.0,321,-1.0,0,0.4,-0.4,-1,0.3,0,1,0,-0.0171,-0.0112,-0.0064,0.0,-0.0068,-0.0082,Medium,cold temperature suppresses carry; wind appears pitcher-friendly
2026,regular,2026-04-04,824622,Rate Field,CHW,TOR,open,47.5,38.3,64,,14.2,259,-0.4,0,0.947,-0.379,-1,0.28,0,1,0,-0.0167,-0.011,-0.0063,0.0,-0.0067,-0.008,Medium,cold temperature suppresses carry
2026,regular,2026-04-04,824132,Kauffman Stadium,KCR,MIL,open,52.6,42.4,43,,14.8,308,-1.0,0,0.987,-0.987,-0.87,-0.14,0,1,0,-0.0289,-0.0182,-0.0094,0.0,-0.0104,-0.0122,Medium,cold temperature suppresses carry; wind appears pitcher-friendly
2026,regular,2026-04-04,822757,Nationals Park,WSN,LAD,open,77.4,76.5,50,,8.0,189,1.0,1,0.533,0.533,0.37,0.0,0,0,0,0.0144,0.009,0.0047,-0.0032,0.0052,0.0061,Medium,wind appears hitter-friendly
2026,regular,2026-04-04,825027,Oakland Coliseum,ATH,HOU,open,70.4,67.8,41,,3.6,298,-1.0,0,0.24,-0.24,0.02,-0.18,0,0,0,-0.0051,-0.0031,-0.0014,-0.0001,-0.0016,-0.0018,Medium,Weather mostly neutral.
2026,regular,2026-04-04,823404,PNC Park,PIT,BAL,open,74.5,73.0,54,,8.6,184,1.0,1,0.573,0.573,0.225,0.08,0,0,0,0.014,0.0086,0.0043,-0.003,0.0049,0.0057,Medium,wind appears hitter-friendly
2026,regular,2026-04-04,824782,Fenway Park,BOS,SDP,open,37.7,28.6,81,,12.5,90,-1.0,0,0.833,-0.833,-1,0.62,0,1,0,-0.0248,-0.0158,-0.009,0.0,-0.0098,-0.0117,Medium,cold temperature suppresses carry; wind appears pitcher-friendly
2026,regular,2026-04-04,822920,Globe Life Field,TEX,CIN,retractable,58.1,54.7,67,,6.5,19,-1.0,0,0.433,-0.433,-0.595,0.34,0,0,1,-0.0068,-0.0043,-0.0025,0.0,-0.0027,-0.0032,Medium,wind appears pitcher-friendly; retractable roof uncertainty halves adjustment
2026,regular,2026-04-04,823569,Yankee Stadium,NYY,MIA,open,44.3,38.2,78,,7.9,95,-1.0,0,0.527,-0.527,-1,0.56,0,1,0,-0.0189,-0.0122,-0.0072,0.0,-0.0077,-0.0092,Medium,cold temperature suppresses carry; wind appears pitcher-friendly
2026,regular,2026-04-04,823730,Target Field,MIN,TBR,open,31.8,22.6,82,,11.1,306,-1.0,0,0.74,-0.74,-1,0.64,0,1,0,-0.0229,-0.0146,-0.0084,0.0,-0.0092,-0.0109,Medium,cold temperature suppresses carry; wind appears pitcher-friendly
2026,regular,2026-04-04,825104,Chase Field,ARI,ATL,retractable,77.4,70.8,8,,1.7,270,-0.4,0,0.113,-0.045,0.37,-0.84,0,0,1,0.0001,0.0002,0.0006,-0.0006,0.0006,0.0007,Medium,retractable roof uncertainty halves adjustment
2026,regular,2026-04-04,824378,Coors Field,COL,PHI,open,42.0,36.0,51,,2.9,64,-1.0,0,0.193,-0.193,-1,0.02,0,1,0,-0.0138,-0.0093,-0.0052,0.0,-0.0054,-0.0065,Medium,cold temperature suppresses carry
2026,regular,2026-04-04,823239,Oracle Park,SFG,NYM,open,56.9,54.4,57,,1.3,117,-0.4,0,0.087,-0.035,-0.655,0.14,0,0,0,-0.0068,-0.0047,-0.0028,0.0,-0.0029,-0.0036,Medium,Weather mostly neutral.
2026,regular,2026-04-04,824054,Angel Stadium,LAA,SEA,open,67.1,62.2,22,,1.0,6,-1.0,0,0.067,-0.067,-0.145,-0.56,0,0,0,-0.0045,-0.0029,-0.001,0.0,-0.001,-0.0013,Medium,Weather mostly neutral.
2026,regular,2026-04-05,824460,Progressive Field,CLE,CHC,open,40.2,28.7,75,,18.5,291,0.4,1,1,0.4,-1,0.5,0,1,0,-0.0005,-0.0012,-0.0016,-0.0016,-0.0012,-0.0018,Medium,cold temperature suppresses carry; wind appears hitter-friendly
2026,regular,2026-04-05,822756,Nationals Park,WSN,LAD,open,61.3,58.4,75,,9.3,333,-1.0,0,0.62,-0.62,-0.435,0.5,0,0,0,-0.0153,-0.0095,-0.0055,0.0,-0.0061,-0.0071,Medium,wind appears pitcher-friendly
2026,regular,2026-04-05,823405,PNC Park,PIT,BAL,open,46.8,37.1,59,,14.6,276,0.4,1,0.973,0.389,-1,0.18,0,1,0,-0.0017,-0.002,-0.0017,-0.0016,-0.0013,-0.0019,Medium,cold temperature suppresses carry
2026,regular,2026-04-05,824781,Fenway Park,BOS,SDP,open,58.5,55.1,84,,10.6,220,0.4,1,0.707,0.283,-0.575,0.68,0.016,0,0,0.0019,0.0007,-0.0006,-0.0011,-0.0004,-0.0006,Medium,Weather mostly neutral.
2026,regular,2026-04-05,823566,Yankee Stadium,NYY,MIA,open,56.1,53.4,89,,8.4,237,1.0,1,0.56,0.56,-0.695,0.78,0.236,0,0,0.0054,0.0027,0.0001,-0.0022,0.0007,0.0005,Medium,wind appears hitter-friendly
2026,regular,2026-04-05,823729,Target Field,MIN,TBR,open,46.2,40.6,65,,5.4,289,-1.0,0,0.36,-0.36,-1,0.3,0,1,0,-0.0163,-0.0107,-0.0062,0.0,-0.0065,-0.0079,Medium,cold temperature suppresses carry
2026,regular,2026-04-05,824620,Rate Field,CHW,TOR,open,50.3,42.4,45,,8.8,280,-1.0,0,0.587,-0.587,-0.985,-0.1,0,1,0,-0.0219,-0.0141,-0.0075,0.0,-0.008,-0.0096,Medium,cold temperature suppresses carry; wind appears pitcher-friendly
2026,regular,2026-04-05,824131,Kauffman Stadium,KCR,MIL,open,58.8,54.1,43,,3.7,316,-1.0,0,0.247,-0.247,-0.56,-0.14,0,0,0,-0.011,-0.0072,-0.0037,0.0,-0.004,-0.0048,Medium,Weather mostly neutral.
2026,regular,2026-04-05,822917,Globe Life Field,TEX,CIN,retractable,65.3,60.4,46,,8.0,23,-1.0,0,0.533,-0.533,-0.235,-0.08,0,0,1,-0.0066,-0.0041,-0.0021,0.0,-0.0023,-0.0027,Medium,wind appears pitcher-friendly; retractable roof uncertainty halves adjustment
2026,regular,2026-04-05,825025,Oakland Coliseum,ATH,HOU,open,63.0,60.7,55,,3.5,237,0.0,0,0.233,0.0,-0.35,0.1,0,0,0,-0.0032,-0.0022,-0.0014,0.0,-0.0014,-0.0017,Medium,Weather mostly neutral.
2026,regular,2026-04-05,823238,Oracle Park,SFG,NYM,open,60.8,57.3,67,,8.3,243,1.0,1,0.553,0.553,-0.46,0.34,0,0,0,0.0075,0.0041,0.0015,-0.0022,0.002,0.0021,Medium,wind appears hitter-friendly
2026,regular,2026-04-05,824053,Angel Stadium,LAA,SEA,open,72.8,69.0,30,,3.0,169,1.0,1,0.2,0.2,0.14,-0.4,0,0,0,0.0042,0.0026,0.0018,-0.0012,0.002,0.0023,Medium,Weather mostly neutral.
2026,regular,2026-04-05,825102,Chase Field,ARI,ATL,retractable,87.3,82.4,14,,2.3,39,-0.4,0,0.153,-0.061,0.865,-0.72,0,0,1,0.0026,0.0019,0.0015,-0.0013,0.0015,0.0019,Medium,warm temperature favors carry; retractable roof uncertainty halves adjustment
2026,regular,2026-04-05,824296,Comerica Park,DET,STL,open,37.8,30.7,72,,6.7,264,0.4,1,0.447,0.179,-1,0.44,0,1,0,-0.0051,-0.004,-0.0029,-0.0007,-0.0027,-0.0036,Medium,cold temperature suppresses carry
2026,regular,2026-04-06,823002,Tropicana Field,TBR,CHC,dome,72,72,45,,,,0,0,0,0,0,0,0,0,1,0,0,0,0,0,0,High,Dome environment; weather neutral.
2026,regular,2026-04-06,824456,Progressive Field,CLE,KCR,open,38.9,31.4,86,,9.9,275,0.4,1,0.66,0.264,-1,0.72,0.032,1,0,-0.0027,-0.0025,-0.0025,-0.0011,-0.0022,-0.003,Medium,cold temperature suppresses carry
2026,regular,2026-04-06,823401,PNC Park,PIT,SDP,open,42.8,38.9,85,,2.9,358,-1.0,0,0.193,-0.193,-1,0.7,0.016,1,0,-0.0118,-0.008,-0.0052,0.0,-0.0054,-0.0066,Medium,cold temperature suppresses carry
2026,regular,2026-04-06,823886,loanDepot park,MIA,CIN,retractable,72.3,76.4,85,,6.2,74,-1.0,0,0.413,-0.413,0.115,0.7,0,0,1,-0.0025,-0.0014,-0.001,-0.0002,-0.0012,-0.0014,Medium,wind appears pitcher-friendly; retractable roof uncertainty halves adjustment
2026,regular,2026-04-06,822755,Nationals Park,WSN,STL,open,53.6,50.8,59,,0.9,90,-0.4,0,0.06,-0.024,-0.82,0.18,0,0,0,-0.0081,-0.0057,-0.0034,0.0,-0.0034,-0.0043,Medium,cold temperature suppresses carry
2026,regular,2026-04-06,824783,Fenway Park,BOS,MIL,open,39.0,31.7,55,,5.8,278,1.0,1,0.387,0.387,-1,0.1,0,1,0,-0.002,-0.0022,-0.0017,-0.0015,-0.0013,-0.0019,Medium,cold temperature suppresses carry
2026,regular,2026-04-06,822832,Rogers Centre,TOR,LAD,retractable,32.2,27.1,90,,2.1,141,0.4,1,0.14,0.056,-1,0.8,0,1,1,-0.0032,-0.0024,-0.0018,-0.0001,-0.0018,-0.0023,Medium,cold temperature suppresses carry; retractable roof uncertainty halves adjustment
2026,regular,2026-04-06,823728,Target Field,MIN,DET,open,26.2,18.0,56,,5.3,8,-1.0,0,0.353,-0.353,-1,0.12,0,1,0,-0.0167,-0.011,-0.0061,0.0,-0.0065,-0.0078,Medium,cold temperature suppresses carry
2026,regular,2026-04-06,824619,Rate Field,CHW,BAL,open,35.2,26.7,81,,10.4,32,-0.4,0,0.693,-0.277,-1,0.62,0,1,0,-0.0137,-0.0091,-0.0057,0.0,-0.0059,-0.0072,Medium,cold temperature suppresses carry
2026,regular,2026-04-06,822918,Globe Life Field,TEX,SEA,retractable,57.3,53.6,61,,5.1,43,-1.0,0,0.34,-0.34,-0.635,0.22,0,0,1,-0.0062,-0.004,-0.0023,0.0,-0.0025,-0.0029,Medium,retractable roof uncertainty halves adjustment
2026,regular,2026-04-06,824052,Angel Stadium,LAA,ATL,open,65.1,65.7,64,,0.6,259,0.4,1,0.04,0.016,-0.245,0.28,0,0,0,-0.0013,-0.001,-0.0009,-0.0001,-0.0009,-0.0011,Medium,Weather mostly neutral.
2026,regular,2026-04-06,823237,Oracle Park,SFG,PHI,open,57.0,54.7,75,,5.1,227,1.0,1,0.34,0.34,-0.65,0.5,0,0,0,0.0018,0.0005,-0.0006,-0.0014,-0.0002,-0.0005,Medium,Weather mostly neutral.
2026,regular,2026-04-07,824457,Progressive Field,CLE,KCR,open,28.9,21.5,58,,5.7,15,-1.0,0,0.38,-0.38,-1,0.16,0,1,0,-0.0171,-0.0112,-0.0063,0.0,-0.0067,-0.008,Medium,cold temperature suppresses carry
2026,regular,2026-04-07,824618,Rate Field,CHW,BAL,open,34.0,27.1,65,,4.5,74,0.4,1,0.3,0.12,-1,0.3,0,1,0,-0.0067,-0.005,-0.0033,-0.0005,-0.0032,-0.004,Medium,cold temperature suppresses carry
2026,regular,2026-04-07,823648,Citi Field,NYM,ARI,open,40.8,31.1,34,,9.1,316,0.0,0,0.607,0.0,-1,-0.32,0,1,0,-0.011,-0.0076,-0.004,0.0,-0.004,-0.005,Medium,cold temperature suppresses carry
2026,regular,2026-04-07,823402,PNC Park,PIT,SDP,open,31.8,24.1,63,,5.8,9,-1.0,0,0.387,-0.387,-1,0.26,0,1,0,-0.017,-0.0111,-0.0063,0.0,-0.0067,-0.0081,Medium,cold temperature suppresses carry
2026,regular,2026-04-07,822999,Tropicana Field,TBR,CHC,dome,72,72,45,,,,0,0,0,0,0,0,0,0,1,0,0,0,0,0,0,High,Dome environment; weather neutral.
2026,regular,2026-04-07,823887,loanDepot park,MIA,CIN,retractable,70.6,74.3,89,,6.9,341,-0.4,0,0.46,-0.184,0.03,0.78,0,0,1,-0.0005,-0.0002,-0.0005,-0.0,-0.0006,-0.0007,Medium,retractable roof uncertainty halves adjustment
2026,regular,2026-04-07,822754,Nationals Park,WSN,STL,open,44.2,36.7,45,,6.0,6,-1.0,0,0.4,-0.4,-1,-0.1,0,1,0,-0.0183,-0.012,-0.0064,0.0,-0.0068,-0.0082,Medium,cold temperature suppresses carry; wind appears pitcher-friendly
2026,regular,2026-04-07,824780,Fenway Park,BOS,MIL,open,35.3,25.2,56,,11.8,296,1.0,1,0.787,0.787,-1,0.12,0,1,0,0.0061,0.0027,0.0007,-0.0031,0.0015,0.0013,Medium,cold temperature suppresses carry; wind appears hitter-friendly
2026,regular,2026-04-07,823567,Yankee Stadium,NYY,ATH,open,34.2,24.4,52,,10.1,332,0.4,1,0.673,0.269,-1,0.04,0,1,0,-0.0045,-0.0037,-0.0024,-0.0011,-0.0021,-0.0028,Medium,cold temperature suppresses carry
2026,regular,2026-04-07,822831,Rogers Centre,TOR,LAD,retractable,24.8,16.9,64,,5.1,332,-0.4,0,0.34,-0.136,-1,0.28,0,1,1,-0.0059,-0.004,-0.0024,0.0,-0.0025,-0.003,Medium,cold temperature suppresses carry; retractable roof uncertainty halves adjustment
2026,regular,2026-04-07,822916,Globe Life Field,TEX,SEA,retractable,56.9,54.4,68,,3.7,102,0.4,1,0.247,0.099,-0.655,0.36,0,0,1,-0.0017,-0.0013,-0.001,-0.0002,-0.001,-0.0012,Medium,retractable roof uncertainty halves adjustment
2026,regular,2026-04-07,824375,Coors Field,COL,HOU,open,47.4,41.0,53,,5.8,46,-1.0,0,0.387,-0.387,-1,0.06,0,1,0,-0.0176,-0.0115,-0.0063,0.0,-0.0067,-0.0081,Medium,cold temperature suppresses carry
2026,regular,2026-04-07,824051,Angel Stadium,LAA,ATL,open,59.4,61.5,93,,0.6,135,1.0,1,0.04,0.04,-0.53,0.86,0,0,0,-0.0019,-0.0015,-0.0019,-0.0002,-0.0018,-0.0023,Medium,Weather mostly neutral.
2026,regular,2026-04-07,823235,Oracle Park,SFG,PHI,open,53.4,49.1,81,,8.8,256,1.0,1,0.587,0.587,-0.83,0.62,0,0,0,0.0053,0.0025,0.0002,-0.0023,0.0008,0.0005,Medium,cold temperature suppresses carry; wind appears hitter-friendly
2026,regular,2026-04-08,823403,PNC Park,PIT,SDP,open,57.7,52.4,30,,6.8,146,0.4,1,0.453,0.181,-0.615,-0.4,0,0,0,-0.0037,-0.0029,-0.0014,-0.0007,-0.0012,-0.0016,Medium,Weather mostly neutral.
2026,regular,2026-04-08,824455,Progressive Field,CLE,KCR,open,49.4,43.9,42,,3.4,116,0.0,0,0.227,0.0,-1,-0.16,0,1,0,-0.0105,-0.0073,-0.004,0.0,-0.004,-0.005,Medium,cold temperature suppresses carry
2026,regular,2026-04-08,824779,Fenway Park,BOS,MIL,open,39.2,31.6,52,,6.1,95,-1.0,0,0.407,-0.407,-1,0.04,0,1,0,-0.018,-0.0118,-0.0064,0.0,-0.0068,-0.0083,Medium,cold temperature suppresses carry; wind appears pitcher-friendly
2026,regular,2026-04-08,824617,Rate Field,CHW,BAL,open,64.8,57.4,45,,13.1,185,0.4,1,0.873,0.349,-0.26,-0.1,0,0,0,0.0041,0.0022,0.0011,-0.0014,0.0014,0.0015,Medium,Weather mostly neutral.
2026,regular,2026-04-08,822915,Globe Life Field,TEX,SEA,retractable,76.8,73.5,36,,6.8,182,1.0,1,0.453,0.453,0.34,-0.28,0,0,1,0.0058,0.0036,0.002,-0.0014,0.0023,0.0027,Medium,wind appears hitter-friendly; retractable roof uncertainty halves adjustment
2026,regular,2026-04-08,822833,Rogers Centre,TOR,LAD,retractable,36.4,29.2,75,,7.0,74,-1.0,0,0.467,-0.467,-1,0.5,0,1,1,-0.0089,-0.0058,-0.0034,0.0,-0.0036,-0.0044,Medium,cold temperature suppresses carry; wind appears pitcher-friendly; retractable roof uncertainty halves adjustment
2026,regular,2026-04-08,823234,Oracle Park,SFG,PHI,open,61.1,57.9,73,,9.4,255,1.0,1,0.627,0.627,-0.445,0.46,0,0,0,0.0095,0.0053,0.002,-0.0025,0.0026,0.0028,Medium,wind appears hitter-friendly
2026,regular,2026-04-08,822753,Nationals Park,WSN,STL,open,46.0,39.4,48,,4.8,109,0.4,1,0.32,0.128,-1,-0.04,0,1,0,-0.0076,-0.0055,-0.0032,-0.0005,-0.0031,-0.004,Medium,cold temperature suppresses carry
2026,regular,2026-04-08,824050,Angel Stadium,LAA,ATL,open,67.0,67.6,72,,4.6,209,1.0,1,0.307,0.307,-0.15,0.44,0,0,0,0.006,0.0035,0.0012,-0.0012,0.0015,0.0017,Medium,Weather mostly neutral.
2026,regular,2026-04-08,823646,Citi Field,NYM,ARI,open,38.8,31.6,59,,5.8,167,0.4,1,0.387,0.155,-1,0.18,0,1,0,-0.0064,-0.0048,-0.0031,-0.0006,-0.0029,-0.0038,Medium,cold temperature suppresses carry
2026,regular,2026-04-08,823000,Tropicana Field,TBR,CHC,dome,72,72,45,,,,0,0,0,0,0,0,0,0,1,0,0,0,0,0,0,High,Dome environment; weather neutral.
2026,regular,2026-04-08,823885,loanDepot park,MIA,CIN,retractable,71.9,71.2,84,,16.6,52,-1.0,0,1,-1.0,0.095,0.68,0,0,1,-0.0085,-0.005,-0.0028,-0.0001,-0.0033,-0.0038,Medium,wind appears pitcher-friendly; retractable roof uncertainty halves adjustment
2026,regular,2026-04-08,823564,Yankee Stadium,NYY,ATH,open,37.6,31.3,71,,4.7,170,0.4,1,0.313,0.125,-1,0.42,0,1,0,-0.0062,-0.0047,-0.0032,-0.0005,-0.0031,-0.004,Medium,cold temperature suppresses carry
2026,regular,2026-04-08,823726,Target Field,MIN,DET,open,40.1,30.3,58,,12.4,292,-1.0,0,0.827,-0.827,-1,0.16,0,1,0,-0.0261,-0.0166,-0.009,0.0,-0.0098,-0.0116,Medium,cold temperature suppresses carry; wind appears pitcher-friendly
2026,regular,2026-04-09,823884,loanDepot park,MIA,CIN,retractable,75.8,79.0,76,,13.1,47,-1.0,0,0.873,-0.873,0.29,0.52,0.016,0,1,-0.0065,-0.0037,-0.0021,-0.0004,-0.0025,-0.0028,Medium,wind appears pitcher-friendly; retractable roof uncertainty halves adjustment
2026,regular,2026-04-09,823565,Yankee Stadium,NYY,ATH,open,47.3,39.6,52,,8.5,162,0.4,1,0.567,0.227,-1,0.04,0,1,0,-0.0053,-0.0042,-0.0026,-0.0009,-0.0024,-0.0032,Medium,cold temperature suppresses carry
2026,regular,2026-04-09,823724,Target Field,MIN,DET,open,45.1,38.6,56,,5.8,306,-1.0,0,0.387,-0.387,-1,0.12,0,1,0,-0.0174,-0.0114,-0.0063,0.0,-0.0067,-0.0081,Medium,cold temperature suppresses carry
2026,regular,2026-04-09,823645,Citi Field,NYM,ARI,open,40.8,35.6,87,,5.5,169,0.4,1,0.367,0.147,-1,0.74,0,1,0,-0.0048,-0.0038,-0.0031,-0.0006,-0.003,-0.0038,Medium,cold temperature suppresses carry
2026,regular,2026-04-09,824130,Kauffman Stadium,KCR,CHW,open,68.0,65.0,61,,10.1,225,0.4,1,0.673,0.269,-0.1,0.22,0,0,0,0.005,0.003,0.0012,-0.0011,0.0015,0.0017,Medium,Weather mostly neutral.
2026,regular,2026-04-09,823319,Petco Park,SDP,COL,open,60.1,62.3,96,,1.6,168,0.4,1,0.107,0.043,-0.495,0.92,0,0,0,-0.0013,-0.0011,-0.0017,-0.0002,-0.0017,-0.0021,Medium,Weather mostly neutral.
2026,regular,2026-04-10,823482,Citizens Bank Park,PHI,ARI,open,54.0,49.2,72,,8.3,194,1.0,1,0.553,0.553,-0.8,0.44,0,0,0,0.0044,0.0019,0.0001,-0.0022,0.0007,0.0004,Medium,cold temperature suppresses carry; wind appears hitter-friendly
2026,regular,2026-04-10,824297,Comerica Park,DET,MIA,open,44.4,40.6,84,,3.3,352,-1.0,0,0.22,-0.22,-1,0.68,0,1,0,-0.0124,-0.0083,-0.0053,0.0,-0.0055,-0.0068,Medium,cold temperature suppresses carry
2026,regular,2026-04-10,824534,Great American Ball Park,CIN,LAA,open,60.2,58.8,88,,8.4,319,-1.0,0,0.56,-0.56,-0.49,0.76,0,0,0,-0.0138,-0.0086,-0.0053,0.0,-0.0059,-0.0069,Medium,wind appears pitcher-friendly
2026,regular,2026-04-10,822829,Rogers Centre,TOR,MIN,retractable,37.6,31.3,87,,6.8,324,0.0,0,0.453,0.0,-1,0.74,0,1,1,-0.0039,-0.0028,-0.002,0.0,-0.002,-0.0025,Medium,cold temperature suppresses carry; retractable roof uncertainty halves adjustment
2026,regular,2026-04-10,823643,Citi Field,NYM,ATH,open,50.5,45.4,68,,6.8,194,1.0,1,0.453,0.453,-0.975,0.36,0,0,0,0.0004,-0.0007,-0.0012,-0.0018,-0.0007,-0.0012,Medium,cold temperature suppresses carry; wind appears hitter-friendly
2026,regular,2026-04-10,822997,Tropicana Field,TBR,NYY,dome,72,72,45,,,,0,0,0,0,0,0,0,0,1,0,0,0,0,0,0,High,Dome environment; weather neutral.
2026,regular,2026-04-10,824858,Oriole Park at Camden Yards,BAL,SFG,open,58.0,54.7,59,,4.3,190,0.4,1,0.287,0.115,-0.6,0.18,0,0,0,-0.0032,-0.0025,-0.0017,-0.0005,-0.0016,-0.0021,Medium,Weather mostly neutral.
2026,regular,2026-04-10,824941,Truist Park,ATL,CLE,open,64.7,62.4,45,,1.2,163,1.0,1,0.08,0.08,-0.265,-0.1,0,0,0,-0.0013,-0.0011,-0.0006,-0.0003,-0.0005,-0.0007,Medium,Weather mostly neutral.
2026,regular,2026-04-10,824128,Kauffman Stadium,KCR,CHW,open,52.4,48.9,85,,7.3,101,1.0,1,0.487,0.487,-0.88,0.7,0,0,0,0.003,0.0011,-0.0006,-0.0019,-0.0001,-0.0005,Medium,cold temperature suppresses carry; wind appears hitter-friendly
2026,regular,2026-04-10,823808,American Family Field,MIL,WSN,retractable,36.1,30.9,85,,3.4,176,1.0,1,0.227,0.227,-1,0.7,0,1,1,-0.0017,-0.0014,-0.0013,-0.0005,-0.0012,-0.0016,Medium,cold temperature suppresses carry; retractable roof uncertainty halves adjustment
2026,regular,2026-04-10,823076,Busch Stadium,STL,BOS,open,63.4,58.5,54,,9.5,188,1.0,1,0.633,0.633,-0.33,0.08,0,0,0,0.0096,0.0054,0.0025,-0.0025,0.0031,0.0034,Medium,wind appears hitter-friendly
2026,regular,2026-04-10,823318,Petco Park,SDP,COL,open,62.3,64.5,90,,2.1,321,-1.0,0,0.14,-0.14,-0.385,0.8,0,0,0,-0.0043,-0.0028,-0.0024,0.0,-0.0025,-0.003,Medium,Weather mostly neutral.
2026,regular,2026-04-10,823156,T-Mobile Park,SEA,HOU,retractable,47.8,44.2,80,,3.7,31,-1.0,0,0.247,-0.247,-1,0.6,0,1,1,-0.0066,-0.0044,-0.0027,0.0,-0.0029,-0.0035,Medium,cold temperature suppresses carry; retractable roof uncertainty halves adjustment
2026,regular,2026-04-11,823480,Citizens Bank Park,PHI,ARI,open,65.2,58.0,29,,7.9,331,-0.4,0,0.527,-0.211,-0.24,-0.42,0,0,0,-0.0079,-0.005,-0.0022,0.0,-0.0024,-0.0029,Medium,Weather mostly neutral.
2026,regular,2026-04-11,824294,Comerica Park,DET,MIA,open,48.8,43.4,48,,5.1,92,0.0,0,0.34,0.0,-1,-0.04,0,1,0,-0.0101,-0.0071,-0.004,0.0,-0.004,-0.005,Medium,cold temperature suppresses carry
2026,regular,2026-04-11,824697,Wrigley Field,CHC,PIT,open,45.3,40.6,80,,5.4,64,-1.0,0,0.36,-0.36,-1,0.6,0,1,0,-0.0154,-0.0101,-0.0062,0.0,-0.0065,-0.0079,Medium,cold temperature suppresses carry
2026,regular,2026-04-11,822830,Rogers Centre,TOR,MIN,retractable,45.5,41.2,60,,1.2,270,1.0,1,0.08,0.08,-1,0.2,0,1,1,-0.0039,-0.0028,-0.0018,-0.0002,-0.0017,-0.0022,Medium,cold temperature suppresses carry; retractable roof uncertainty halves adjustment
2026,regular,2026-04-11,824535,Great American Ball Park,CIN,LAA,open,64.6,60.0,37,,4.0,63,-0.4,0,0.267,-0.107,-0.27,-0.26,0,0,0,-0.0056,-0.0037,-0.0017,0.0,-0.0018,-0.0022,Medium,Weather mostly neutral.
2026,regular,2026-04-11,823644,Citi Field,NYM,ATH,open,58.5,49.7,24,,8.8,316,0.0,0,0.587,0.0,-0.575,-0.52,0,0,0,-0.0073,-0.0051,-0.0023,0.0,-0.0023,-0.0029,Medium,Weather mostly neutral.
2026,regular,2026-04-11,824129,Kauffman Stadium,KCR,CHW,open,70.8,69.3,68,,11.2,177,1.0,1,0.747,0.747,0.04,0.36,0,0,0,0.0164,0.01,0.0046,-0.0031,0.0054,0.0062,Medium,wind appears hitter-friendly
2026,regular,2026-04-11,822996,Tropicana Field,TBR,NYY,dome,72,72,45,,,,0,0,0,0,0,0,0,0,1,0,0,0,0,0,0,High,Dome environment; weather neutral.
2026,regular,2026-04-11,823805,American Family Field,MIL,WSN,retractable,46.3,39.8,71,,8.5,163,1.0,1,0.567,0.567,-1,0.42,0,1,1,0.0013,0.0003,-0.0003,-0.0011,-0.0,-0.0002,Medium,cold temperature suppresses carry; wind appears hitter-friendly; retractable roof uncertainty halves adjustment
2026,regular,2026-04-11,824857,Oriole Park at Camden Yards,BAL,SFG,open,56.3,52.3,50,,2.6,50,-1.0,0,0.173,-0.173,-0.685,0.0,0,0,0,-0.0103,-0.0069,-0.0038,0.0,-0.004,-0.0048,Medium,Weather mostly neutral.
2026,regular,2026-04-11,824939,Truist Park,ATL,CLE,open,68.7,65.1,37,,3.6,194,1.0,1,0.24,0.24,-0.065,-0.26,0,0,0,0.0034,0.0019,0.0012,-0.001,0.0014,0.0016,Medium,Weather mostly neutral.
2026,regular,2026-04-11,823316,Petco Park,SDP,COL,open,62.3,62.9,78,,2.7,235,-0.4,0,0.18,-0.072,-0.385,0.56,0,0,0,-0.0036,-0.0024,-0.002,0.0,-0.002,-0.0025,Medium,Weather mostly neutral.
2026,regular,2026-04-11,823967,Dodger Stadium,LAD,TEX,open,59.2,59.6,84,,2.2,198,1.0,1,0.147,0.147,-0.54,0.68,0,0,0,-0.0004,-0.0007,-0.0013,-0.0006,-0.0011,-0.0015,Medium,Weather mostly neutral.
2026,regular,2026-04-11,823155,T-Mobile Park,SEA,HOU,retractable,51.4,47.9,71,,4.1,37,-1.0,0,0.273,-0.273,-0.93,0.42,0,0,1,-0.0068,-0.0045,-0.0027,0.0,-0.0028,-0.0034,Medium,cold temperature suppresses carry; retractable roof uncertainty halves adjustment
2026,regular,2026-04-12,824859,Oriole Park at Camden Yards,BAL,SFG,open,64.8,56.9,37,,12.2,153,-0.4,0,0.813,-0.325,-0.26,-0.26,0,0,0,-0.0099,-0.0062,-0.003,0.0,-0.0033,-0.0039,Medium,Weather mostly neutral.
2026,regular,2026-04-12,823479,Citizens Bank Park,PHI,ARI,open,64.0,55.6,30,,10.7,176,1.0,1,0.713,0.713,-0.3,-0.4,0,0,0,0.0101,0.0057,0.0031,-0.0029,0.0038,0.0042,Medium,wind appears hitter-friendly
2026,regular,2026-04-12,822828,Rogers Centre,TOR,MIN,retractable,44.8,39.9,83,,6.0,82,-1.0,0,0.4,-0.4,-1,0.66,0.016,1,1,-0.0081,-0.0053,-0.0032,0.0,-0.0034,-0.0041,Medium,cold temperature suppresses carry; wind appears pitcher-friendly; retractable roof uncertainty halves adjustment
2026,regular,2026-04-12,823642,Citi Field,NYM,ATH,open,50.5,41.9,44,,10.2,159,0.4,1,0.68,0.272,-0.975,-0.12,0,1,0,-0.0047,-0.0038,-0.0023,-0.0011,-0.002,-0.0027,Medium,cold temperature suppresses carry
2026,regular,2026-04-12,824293,Comerica Park,DET,MIA,open,74.2,71.8,57,,12.0,201,1.0,1,0.8,0.8,0.21,0.14,0,0,0,0.0185,0.0114,0.0056,-0.0038,0.0064,0.0075,Medium,wind appears hitter-friendly
2026,regular,2026-04-12,822998,Tropicana Field,TBR,NYY,dome,72,72,45,,,,0,0,0,0,0,0,0,0,1,0,0,0,0,0,0,High,Dome environment; weather neutral.
2026,regular,2026-04-12,824126,Kauffman Stadium,KCR,CHW,open,71.2,73.2,80,,8.3,195,0.4,1,0.553,0.221,0.06,0.6,0,0,0,0.0068,0.0043,0.0016,-0.0011,0.0018,0.0021,Medium,Weather mostly neutral.
2026,regular,2026-04-12,823804,American Family Field,MIL,WSN,retractable,66.3,63.3,81,,15.4,216,1.0,1,1,1.0,-0.185,0.62,0.096,0,1,0.0098,0.0058,0.0025,-0.002,0.003,0.0034,Medium,wind appears hitter-friendly; retractable roof uncertainty halves adjustment
2026,regular,2026-04-12,823075,Busch Stadium,STL,BOS,open,73.7,69.0,51,,14.3,178,1.0,1,0.953,0.953,0.185,0.02,0,0,0,0.021,0.0128,0.0065,-0.0044,0.0074,0.0086,Medium,wind appears hitter-friendly
2026,regular,2026-04-12,824696,Wrigley Field,CHC,PIT,open,73.8,68.4,50,,15.5,205,1.0,1,1,1.0,0.19,0.0,0,0,0,0.0219,0.0133,0.0068,-0.0046,0.0078,0.0089,Medium,wind appears hitter-friendly
2026,regular,2026-04-12,823317,Petco Park,SDP,COL,open,60.0,60.2,82,,2.8,233,-0.4,0,0.187,-0.075,-0.5,0.64,0.064,0,0,-0.0049,-0.0033,-0.0026,0.0,-0.0027,-0.0032,Medium,Weather mostly neutral.
2026,regular,2026-04-12,823154,T-Mobile Park,SEA,HOU,retractable,54.4,52.7,83,,3.7,175,1.0,1,0.247,0.247,-0.78,0.66,0,0,1,-0.0004,-0.0006,-0.0008,-0.0005,-0.0007,-0.001,Medium,cold temperature suppresses carry; retractable roof uncertainty halves adjustment
2026,regular,2026-04-12,824938,Truist Park,ATL,CLE,open,69.0,64.1,37,,6.8,158,1.0,1,0.453,0.453,-0.05,-0.26,0,0,0,0.0078,0.0046,0.0025,-0.0018,0.003,0.0034,Medium,wind appears hitter-friendly
2026,regular,2026-04-13,823153,T-Mobile Park,SEA,HOU,retractable,50.5,44.3,66,,8.6,208,1.0,1,0.573,0.573,-0.975,0.32,0,1,1,0.0013,0.0003,-0.0002,-0.0011,0.0001,-0.0001,Medium,cold temperature suppresses carry; wind appears hitter-friendly; retractable roof uncertainty halves adjustment
2026,regular,2026-04-13,824856,Oriole Park at Camden Yards,BAL,ARI,open,74.1,70.4,44,,9.5,232,1.0,1,0.633,0.633,0.205,-0.12,0,0,0,0.0144,0.0088,0.0046,-0.0031,0.0053,0.0061,Medium,wind appears hitter-friendly
2026,regular,2026-04-13,823400,PNC Park,PIT,WSN,open,62.4,64.2,91,,3.6,164,1.0,1,0.24,0.24,-0.38,0.82,0,0,0,0.0035,0.0019,-0.0001,-0.001,0.0002,0.0,Medium,Weather mostly neutral.
2026,regular,2026-04-13,823481,Citizens Bank Park,PHI,CHC,open,72.1,68.2,49,,10.5,225,1.0,1,0.7,0.7,0.105,-0.02,0,0,0,0.015,0.0091,0.0046,-0.0031,0.0053,0.0061,Medium,wind appears hitter-friendly
2026,regular,2026-04-13,823563,Yankee Stadium,NYY,LAA,open,70.2,67.5,59,,10.4,234,1.0,1,0.693,0.693,0.01,0.18,0,0,0,0.0145,0.0088,0.0042,-0.0028,0.0049,0.0056,Medium,wind appears hitter-friendly
2026,regular,2026-04-13,824937,Truist Park,ATL,MIA,open,69.2,67.4,55,,6.1,210,1.0,1,0.407,0.407,-0.04,0.1,0,0,0,0.008,0.0048,0.0023,-0.0016,0.0027,0.0031,Medium,wind appears hitter-friendly
2026,regular,2026-04-13,823725,Target Field,MIN,BOS,open,52.4,48.6,88,,8.5,33,-0.4,0,0.567,-0.227,-0.88,0.76,0,0,0,-0.0111,-0.0074,-0.0049,0.0,-0.0051,-0.0062,Medium,cold temperature suppresses carry
2026,regular,2026-04-13,825024,Oakland Coliseum,ATH,TEX,open,51.1,49.0,96,,4.9,215,0.4,1,0.327,0.131,-0.945,0.92,0.032,0,0,-0.0042,-0.0033,-0.0031,-0.0005,-0.0029,-0.0037,Medium,cold temperature suppresses carry
2026,regular,2026-04-13,823964,Dodger Stadium,LAD,NYM,open,54.7,53.2,81,,2.7,279,0.4,1,0.18,0.072,-0.765,0.62,0,0,0,-0.0043,-0.0033,-0.0026,-0.0003,-0.0026,-0.0032,Medium,cold temperature suppresses carry
2026,regular,2026-04-14,824853,Oriole Park at Camden Yards,BAL,ARI,open,74.9,76.9,57,,2.0,341,0.4,1,0.133,0.053,0.245,0.14,0,0,0,0.0039,0.0026,0.0013,-0.0009,0.0014,0.0017,Medium,Weather mostly neutral.
2026,regular,2026-04-14,824292,Comerica Park,DET,KCR,open,69.4,68.0,68,,10.1,204,1.0,1,0.673,0.673,-0.03,0.36,0,0,0,0.0142,0.0086,0.0039,-0.0027,0.0046,0.0052,Medium,wind appears hitter-friendly
2026,regular,2026-04-14,823398,PNC Park,PIT,WSN,open,64.8,68.0,89,,2.0,164,1.0,1,0.133,0.133,-0.26,0.78,0,0,0,0.0024,0.0013,-0.0002,-0.0005,-0.0001,-0.0002,Medium,Weather mostly neutral.
2026,regular,2026-04-14,824531,Great American Ball Park,CIN,SFG,open,75.2,74.5,61,,10.7,198,1.0,1,0.713,0.713,0.26,0.22,0,0,0,0.0175,0.0108,0.0053,-0.0036,0.006,0.007,Medium,wind appears hitter-friendly
2026,regular,2026-04-14,823478,Citizens Bank Park,PHI,CHC,open,77.5,75.8,48,,8.8,240,1.0,1,0.587,0.587,0.375,-0.04,0,0,0,0.0154,0.0096,0.005,-0.0035,0.0056,0.0066,Medium,wind appears hitter-friendly
2026,regular,2026-04-14,823562,Yankee Stadium,NYY,LAA,open,76.0,74.0,46,,7.7,273,1.0,1,0.513,0.513,0.3,-0.08,0,0,0,0.013,0.0081,0.0043,-0.003,0.0048,0.0056,Medium,wind appears hitter-friendly
2026,regular,2026-04-14,824935,Truist Park,ATL,MIA,open,70.4,67.5,47,,6.5,221,0.4,1,0.433,0.173,0.02,-0.06,0,0,0,0.0035,0.0021,0.0011,-0.0008,0.0013,0.0015,Medium,Weather mostly neutral.
2026,regular,2026-04-14,823723,Target Field,MIN,BOS,open,52.0,50.3,89,,3.3,14,-1.0,0,0.22,-0.22,-0.9,0.78,0,0,0,-0.0111,-0.0074,-0.0049,0.0,-0.0051,-0.0063,Medium,cold temperature suppresses carry
2026,regular,2026-04-14,824616,Rate Field,CHW,TBR,open,68.4,68.1,80,,10.9,200,0.4,1,0.727,0.291,-0.08,0.6,0,0,0,0.0068,0.0041,0.0014,-0.0012,0.0017,0.0019,Medium,Weather mostly neutral.
2026,regular,2026-04-14,823802,American Family Field,MIL,TOR,retractable,66.0,65.5,81,,9.4,224,0.4,1,0.627,0.251,-0.2,0.62,0,0,1,0.0024,0.0014,0.0004,-0.0005,0.0005,0.0005,Medium,retractable roof uncertainty halves adjustment
2026,regular,2026-04-14,823072,Busch Stadium,STL,CLE,open,72.9,73.5,74,,10.8,211,1.0,1,0.72,0.72,0.145,0.48,0,0,0,0.0173,0.0106,0.0049,-0.0033,0.0056,0.0065,Medium,wind appears hitter-friendly
2026,regular,2026-04-14,824210,Minute Maid Park,HOU,COL,retractable,71.3,75.5,92,,7.8,155,0.4,1,0.52,0.208,0.065,0.84,0,0,1,0.0037,0.0023,0.0008,-0.0005,0.0009,0.001,Medium,retractable roof uncertainty halves adjustment
2026,regular,2026-04-14,823315,Petco Park,SDP,SEA,open,57.3,56.5,75,,1.7,310,-1.0,0,0.113,-0.113,-0.635,0.5,0,0,0,-0.0071,-0.0048,-0.0032,0.0,-0.0033,-0.0041,Medium,Weather mostly neutral.
2026,regular,2026-04-14,823965,Dodger Stadium,LAD,NYM,open,51.6,48.8,79,,3.9,41,-1.0,0,0.26,-0.26,-0.92,0.58,0,0,0,-0.0127,-0.0084,-0.0052,0.0,-0.0055,-0.0067,Medium,cold temperature suppresses carry
2026,regular,2026-04-15,824855,Oriole Park at Camden Yards,BAL,ARI,open,93.4,91.4,24,,8.1,239,1.0,1,0.54,0.54,1,-0.52,0,0,0,0.0192,0.0124,0.0072,-0.0052,0.0078,0.0093,Medium,warm temperature favors carry; wind appears hitter-friendly
2026,regular,2026-04-15,823071,Busch Stadium,STL,CLE,open,70.7,72.2,86,,10.9,171,1.0,1,0.727,0.727,0.035,0.72,0.016,0,0,0.017,0.0104,0.0045,-0.003,0.0052,0.006,Medium,wind appears hitter-friendly
2026,regular,2026-04-15,823722,Target Field,MIN,BOS,open,64.8,63.6,55,,1.7,130,1.0,1,0.113,0.113,-0.26,0.1,0,0,0,-0.0,-0.0003,-0.0004,-0.0005,-0.0002,-0.0004,Medium,Weather mostly neutral.
2026,regular,2026-04-15,824291,Comerica Park,DET,KCR,open,67.0,68.7,86,,6.6,222,1.0,1,0.44,0.44,-0.15,0.72,0,0,0,0.0095,0.0057,0.002,-0.0018,0.0025,0.0028,Medium,wind appears hitter-friendly
2026,regular,2026-04-15,823399,PNC Park,PIT,WSN,open,65.4,66.6,87,,6.6,270,0.4,1,0.44,0.176,-0.23,0.74,0.14,0,0,0.0027,0.0016,-0.0001,-0.0007,0.0,-0.0,Medium,Weather mostly neutral.
2026,regular,2026-04-15,824532,Great American Ball Park,CIN,SFG,open,76.5,75.9,53,,7.8,216,1.0,1,0.52,0.52,0.325,0.06,0,0,0,0.0138,0.0086,0.0044,-0.0031,0.0049,0.0058,Medium,wind appears hitter-friendly
2026,regular,2026-04-15,823477,Citizens Bank Park,PHI,CHC,open,77.8,76.7,53,,10.0,207,1.0,1,0.667,0.667,0.39,0.06,0,0,0,0.0174,0.0109,0.0056,-0.0038,0.0062,0.0073,Medium,wind appears hitter-friendly
2026,regular,2026-04-15,823561,Yankee Stadium,NYY,LAA,open,80.0,81.9,49,,2.7,192,0.4,1,0.18,0.072,0.5,-0.02,0,0,0,0.0064,0.0043,0.0024,-0.0018,0.0025,0.0031,Medium,warm temperature favors carry
2026,regular,2026-04-15,824936,Truist Park,ATL,MIA,open,72.6,71.5,54,,6.4,190,1.0,1,0.427,0.427,0.13,0.08,0,0,0,0.0101,0.0062,0.0031,-0.0021,0.0035,0.0041,Medium,wind appears hitter-friendly
2026,regular,2026-04-15,823803,American Family Field,MIL,TOR,retractable,58.9,58.1,100,,9.0,200,1.0,1,0.6,0.6,-0.555,1,0.236,0,1,0.0041,0.0023,0.0005,-0.0012,0.0008,0.0008,Medium,wind appears hitter-friendly; retractable roof uncertainty halves adjustment
2026,regular,2026-04-15,824209,Minute Maid Park,HOU,COL,retractable,71.2,74.6,91,,9.0,149,0.4,1,0.6,0.24,0.06,0.82,0,0,1,0.0039,0.0025,0.0008,-0.0006,0.001,0.0011,Medium,retractable roof uncertainty halves adjustment
2026,regular,2026-04-15,823314,Petco Park,SDP,SEA,open,58.5,58.7,83,,2.0,34,0.4,1,0.133,0.053,-0.575,0.66,0,0,0,-0.0027,-0.0021,-0.002,-0.0002,-0.0019,-0.0024,Medium,Weather mostly neutral.
2026,regular,2026-04-15,825021,Oakland Coliseum,ATH,TEX,open,51.0,48.9,93,,4.2,205,0.4,1,0.28,0.112,-0.95,0.86,0,0,0,-0.0047,-0.0036,-0.0031,-0.0004,-0.003,-0.0039,Medium,cold temperature suppresses carry
2026,regular,2026-04-15,823963,Dodger Stadium,LAD,NYM,open,54.7,52.5,71,,2.5,60,-1.0,0,0.167,-0.167,-0.765,0.42,0,0,0,-0.0097,-0.0065,-0.0041,0.0,-0.0042,-0.0052,Medium,cold temperature suppresses carry
2026,regular,2026-04-16,823396,PNC Park,PIT,WSN,open,81.5,76.8,34,,14.0,231,1.0,1,0.933,0.933,0.575,-0.32,0,0,0,0.0235,0.0146,0.0079,-0.0055,0.0088,0.0103,Medium,warm temperature favors carry; wind appears hitter-friendly
2026,regular,2026-04-16,824530,Great American Ball Park,CIN,SFG,open,77.4,72.1,38,,13.5,261,0.4,1,0.9,0.36,0.37,-0.24,0,0,0,0.0102,0.0064,0.0036,-0.0026,0.004,0.0047,Medium,Weather mostly neutral.
2026,regular,2026-04-16,824289,Comerica Park,DET,KCR,open,68.5,66.5,69,,11.0,267,0.4,1,0.733,0.293,-0.075,0.38,0.016,0,0,0.0062,0.0037,0.0014,-0.0012,0.0017,0.0019,Medium,Weather mostly neutral.
2026,regular,2026-04-16,823560,Yankee Stadium,NYY,LAA,open,80.0,77.8,40,,7.7,156,0.4,1,0.513,0.205,0.5,-0.2,0,0,0,0.0085,0.0056,0.0032,-0.0023,0.0034,0.0041,Medium,warm temperature favors carry
2026,regular,2026-04-16,823801,American Family Field,MIL,TOR,retractable,50.8,48.8,97,,4.9,45,-0.4,0,0.327,-0.131,-0.96,0.94,0,0,1,-0.0047,-0.0032,-0.0023,0.0,-0.0024,-0.0029,Medium,cold temperature suppresses carry; retractable roof uncertainty halves adjustment
2026,regular,2026-04-16,824614,Rate Field,CHW,TBR,open,65.1,66.7,79,,2.8,344,-1.0,0,0.187,-0.187,-0.245,0.58,0,0,0,-0.0044,-0.0028,-0.0021,0.0,-0.0023,-0.0027,Medium,Weather mostly neutral.
2026,regular,2026-04-16,825023,Oakland Coliseum,ATH,TEX,open,63.7,57.1,36,,8.3,340,-1.0,0,0.553,-0.553,-0.315,-0.28,0,0,0,-0.0151,-0.0094,-0.0046,0.0,-0.0051,-0.006,Medium,wind appears pitcher-friendly
2026,regular,2026-04-16,824208,Minute Maid Park,HOU,COL,retractable,71.7,76.0,90,,7.1,159,0.4,1,0.473,0.189,0.085,0.8,0,0,1,0.0035,0.0022,0.0007,-0.0005,0.0008,0.001,Medium,retractable roof uncertainty halves adjustment
2026,regular,2026-04-16,823313,Petco Park,SDP,SEA,open,57.9,59.4,90,,0.4,34,0.4,1,0.027,0.011,-0.605,0.8,0,0,0,-0.0034,-0.0025,-0.0024,-0.0,-0.0023,-0.0029,Medium,Weather mostly neutral.
2026,regular,2026-04-17,824693,Wrigley Field,CHC,NYM,open,74.0,72.1,61,,12.2,168,0.4,1,0.813,0.325,0.2,0.22,0,0,0,0.0092,0.0057,0.0028,-0.0019,0.0031,0.0036,Medium,Weather mostly neutral.
2026,regular,2026-04-17,824454,Progressive Field,CLE,BAL,open,57.9,54.5,77,,8.6,134,0.4,1,0.573,0.229,-0.605,0.54,0,0,0,0.0002,-0.0004,-0.001,-0.0009,-0.0008,-0.0012,Medium,Weather mostly neutral.
2026,regular,2026-04-17,823476,Citizens Bank Park,PHI,ATL,open,73.6,71.9,50,,6.6,44,-1.0,0,0.44,-0.44,0.18,0.0,0,0,0,-0.007,-0.004,-0.0019,-0.0005,-0.0024,-0.0026,Medium,wind appears pitcher-friendly
2026,regular,2026-04-17,822752,Nationals Park,WSN,SFG,open,72.0,71.9,52,,2.7,45,-1.0,0,0.18,-0.18,0.1,0.04,0,0,0,-0.0025,-0.0014,-0.0007,-0.0003,-0.0009,-0.0009,Medium,Weather mostly neutral.
2026,regular,2026-04-17,823397,PNC Park,PIT,TBR,open,63.9,63.0,72,,5.4,146,0.4,1,0.36,0.144,-0.305,0.44,0,0,0,0.0011,0.0005,-0.0004,-0.0006,-0.0002,-0.0004,Medium,Weather mostly neutral.
2026,regular,2026-04-17,823559,Yankee Stadium,NYY,KCR,open,62.9,62.6,82,,6.4,89,-1.0,0,0.427,-0.427,-0.355,0.64,0,0,0,-0.0102,-0.0063,-0.004,0.0,-0.0044,-0.0052,Medium,wind appears pitcher-friendly
2026,regular,2026-04-17,823883,loanDepot park,MIA,MIL,retractable,75.6,80.5,83,,7.3,79,-1.0,0,0.487,-0.487,0.28,0.66,0,0,1,-0.0025,-0.0013,-0.0009,-0.0004,-0.0011,-0.0012,Medium,wind appears pitcher-friendly; retractable roof uncertainty halves adjustment
2026,regular,2026-04-17,824778,Fenway Park,BOS,DET,open,47.5,45.7,95,,1.8,55,-1.0,0,0.12,-0.12,-1,0.9,0,0,0,-0.0097,-0.0066,-0.0047,0.0,-0.0048,-0.006,Medium,cold temperature suppresses carry
2026,regular,2026-04-17,824207,Minute Maid Park,HOU,STL,retractable,71.0,76.1,94,,5.9,162,1.0,1,0.393,0.393,0.05,0.88,0,0,1,0.0055,0.0034,0.0013,-0.0009,0.0015,0.0017,Medium,retractable roof uncertainty halves adjustment
2026,regular,2026-04-17,823720,Target Field,MIN,CIN,open,63.1,57.8,58,,11.5,161,1.0,1,0.767,0.767,-0.345,0.16,0,0,0,0.0124,0.0071,0.0032,-0.0031,0.004,0.0044,Medium,wind appears hitter-friendly
2026,regular,2026-04-17,824048,Angel Stadium,LAA,SDP,open,59.0,59.4,88,,3.1,163,1.0,1,0.207,0.207,-0.55,0.76,0,0,0,0.0009,0.0001,-0.001,-0.0008,-0.0008,-0.0011,Medium,Weather mostly neutral.
2026,regular,2026-04-17,823152,T-Mobile Park,SEA,TEX,retractable,45.0,41.0,80,,3.4,113,0.4,1,0.227,0.091,-1,0.6,0,1,1,-0.0032,-0.0024,-0.0017,-0.0002,-0.0017,-0.0021,Medium,cold temperature suppresses carry; retractable roof uncertainty halves adjustment
2026,regular,2026-04-17,825101,Chase Field,ARI,TOR,retractable,71.8,64.6,18,,6.2,275,-0.4,0,0.413,-0.165,0.09,-0.64,0,0,1,-0.0022,-0.0013,-0.0003,-0.0001,-0.0004,-0.0004,Medium,retractable roof uncertainty halves adjustment
2026,regular,2026-04-17,825019,Oakland Coliseum,ATH,CHW,open,53.6,46.7,48,,8.2,355,-1.0,0,0.547,-0.547,-0.82,-0.04,0,0,0,-0.0193,-0.0124,-0.0066,0.0,-0.0071,-0.0085,Medium,cold temperature suppresses carry; wind appears pitcher-friendly
2026,regular,2026-04-18,823558,Yankee Stadium,NYY,KCR,open,61.4,57.0,60,,8.8,156,0.4,1,0.587,0.235,-0.43,0.2,0,0,0,0.001,0.0002,-0.0003,-0.0009,-0.0001,-0.0003,Medium,Weather mostly neutral.
2026,regular,2026-04-18,823721,Target Field,MIN,CIN,open,42.7,30.3,34,,16.0,288,-1.0,0,1,-1.0,-1,-0.32,0,1,0,-0.03,-0.0196,-0.01,0.0,-0.011,-0.013,Medium,cold temperature suppresses carry; wind appears pitcher-friendly
2026,regular,2026-04-18,824694,Wrigley Field,CHC,NYM,open,49.1,37.4,41,,16.7,282,0.4,1,1,0.4,-1,-0.18,0,1,0,-0.0025,-0.0026,-0.0016,-0.0016,-0.0012,-0.0018,Medium,cold temperature suppresses carry; wind appears hitter-friendly
2026,regular,2026-04-18,823394,PNC Park,PIT,TBR,open,64.0,62.9,93,,12.7,243,1.0,1,0.847,0.847,-0.3,0.86,0.316,0,0,0.0149,0.0088,0.0032,-0.0034,0.0041,0.0046,Medium,wind appears hitter-friendly; rain/precipitation risk lowers confidence
2026,regular,2026-04-18,822751,Nationals Park,WSN,SFG,open,69.3,66.9,65,,11.4,132,0.4,1,0.76,0.304,-0.035,0.3,0,0,0,0.0066,0.004,0.0017,-0.0012,0.002,0.0023,Medium,Weather mostly neutral.
2026,regular,2026-04-18,825020,Oakland Coliseum,ATH,CHW,open,59.0,58.7,76,,1.8,266,-0.4,0,0.12,-0.048,-0.55,0.52,0,0,0,-0.0049,-0.0034,-0.0025,0.0,-0.0025,-0.0031,Medium,Weather mostly neutral.
2026,regular,2026-04-18,824775,Fenway Park,BOS,DET,open,44.5,39.6,92,,7.2,80,-1.0,0,0.48,-0.48,-1,0.84,0,1,0,-0.0171,-0.0111,-0.0069,0.0,-0.0074,-0.0088,Medium,cold temperature suppresses carry; wind appears pitcher-friendly
2026,regular,2026-04-18,823882,loanDepot park,MIA,MIL,retractable,77.6,82.9,79,,7.2,85,-1.0,0,0.48,-0.48,0.38,0.58,0,0,1,-0.002,-0.001,-0.0007,-0.0006,-0.0009,-0.001,Medium,wind appears pitcher-friendly; retractable roof uncertainty halves adjustment
2026,regular,2026-04-18,824451,Progressive Field,CLE,BAL,open,46.6,36.8,77,,17.4,293,0.4,1,1,0.4,-1,0.54,0,1,0,-0.0004,-0.0011,-0.0016,-0.0016,-0.0012,-0.0018,Medium,cold temperature suppresses carry; wind appears hitter-friendly
2026,regular,2026-04-18,823151,T-Mobile Park,SEA,TEX,retractable,51.3,48.4,83,,4.4,4,-1.0,0,0.293,-0.293,-0.935,0.66,0,0,1,-0.0066,-0.0044,-0.0028,0.0,-0.0029,-0.0035,Medium,cold temperature suppresses carry; retractable roof uncertainty halves adjustment
2026,regular,2026-04-18,823474,Citizens Bank Park,PHI,ATL,open,52.8,50.0,88,,6.2,123,0.4,1,0.413,0.165,-0.86,0.76,0,0,0,-0.003,-0.0025,-0.0024,-0.0007,-0.0023,-0.003,Medium,cold temperature suppresses carry
2026,regular,2026-04-18,824372,Coors Field,COL,LAD,open,26.1,19.6,81,,2.9,206,1.0,1,0.193,0.193,-1,0.62,0,1,0,-0.0043,-0.0034,-0.0028,-0.0008,-0.0026,-0.0035,Medium,cold temperature suppresses carry
2026,regular,2026-04-18,825098,Chase Field,ARI,TOR,retractable,70.9,62.9,10,,4.6,269,-0.4,0,0.307,-0.123,0.045,-0.8,0,0,1,-0.0022,-0.0014,-0.0003,-0.0001,-0.0003,-0.0004,Medium,retractable roof uncertainty halves adjustment
2026,regular,2026-04-18,824049,Angel Stadium,LAA,SDP,open,60.4,61.0,83,,2.6,155,1.0,1,0.173,0.173,-0.48,0.66,0,0,0,0.0006,0.0,-0.0009,-0.0007,-0.0007,-0.001,Medium,Weather mostly neutral.
2026,regular,2026-04-19,822750,Nationals Park,WSN,SFG,open,59.9,49.2,28,,14.3,297,-0.4,0,0.953,-0.381,-0.505,-0.44,0,0,0,-0.014,-0.009,-0.0043,0.0,-0.0047,-0.0056,Medium,Weather mostly neutral.
2026,regular,2026-04-19,823393,PNC Park,PIT,TBR,open,50.4,40.9,35,,12.2,278,0.4,1,0.813,0.325,-0.98,-0.3,0,1,0,-0.0042,-0.0036,-0.002,-0.0013,-0.0016,-0.0023,Medium,cold temperature suppresses carry
2026,regular,2026-04-19,823556,Yankee Stadium,NYY,KCR,open,44.5,36.6,71,,11.1,319,0.4,1,0.74,0.296,-1,0.42,0.016,1,0,-0.0029,-0.0027,-0.0023,-0.0012,-0.002,-0.0027,Medium,cold temperature suppresses carry
2026,regular,2026-04-19,824452,Progressive Field,CLE,BAL,open,45.7,35.8,52,,13.4,275,0.4,1,0.893,0.357,-1,0.04,0.016,1,0,-0.0028,-0.0027,-0.0019,-0.0014,-0.0015,-0.0022,Medium,cold temperature suppresses carry
2026,regular,2026-04-19,823881,loanDepot park,MIA,MIL,retractable,82.8,86.2,58,,6.8,181,1.0,1,0.453,0.453,0.64,0.16,0.064,0,1,0.0078,0.005,0.0026,-0.0019,0.0028,0.0033,Medium,warm temperature favors carry; wind appears hitter-friendly; retractable roof uncertainty halves adjustment
2026,regular,2026-04-19,824205,Minute Maid Park,HOU,STL,retractable,68.2,65.7,48,,4.6,59,-1.0,0,0.307,-0.307,-0.09,-0.04,0,0,1,-0.0036,-0.0022,-0.0011,0.0,-0.0013,-0.0015,Medium,retractable roof uncertainty halves adjustment
2026,regular,2026-04-19,823718,Target Field,MIN,CIN,open,43.5,34.0,34,,9.4,316,-1.0,0,0.627,-0.627,-1,-0.32,0,1,0,-0.0235,-0.0152,-0.0078,0.0,-0.0084,-0.01,Medium,cold temperature suppresses carry; wind appears pitcher-friendly
2026,regular,2026-04-19,824371,Coors Field,COL,LAD,open,68.2,58.4,6,,7.1,94,-0.4,0,0.473,-0.189,-0.09,-0.88,0,0,0,-0.0073,-0.0047,-0.0015,0.0,-0.0017,-0.002,Medium,Weather mostly neutral.
2026,regular,2026-04-19,825018,Oakland Coliseum,ATH,CHW,open,57.1,54.5,65,,3.2,272,-0.4,0,0.213,-0.085,-0.645,0.3,0,0,0,-0.0073,-0.0049,-0.0031,0.0,-0.0032,-0.0039,Medium,Weather mostly neutral.
2026,regular,2026-04-19,824047,Angel Stadium,LAA,SDP,open,65.8,64.7,62,,4.5,179,1.0,1,0.3,0.3,-0.21,0.24,0,0,0,0.0046,0.0026,0.001,-0.0012,0.0013,0.0013,Medium,Weather mostly neutral.
2026,regular,2026-04-19,823150,T-Mobile Park,SEA,TEX,retractable,59.0,55.6,69,,7.5,351,-1.0,0,0.5,-0.5,-0.55,0.38,0,0,1,-0.0072,-0.0045,-0.0026,0.0,-0.0029,-0.0034,Medium,wind appears pitcher-friendly; retractable roof uncertainty halves adjustment
2026,regular,2026-04-19,825100,Chase Field,ARI,TOR,retractable,88.2,81.6,11,,5.1,264,-0.4,0,0.34,-0.136,0.91,-0.78,0,0,1,0.002,0.0016,0.0014,-0.0014,0.0013,0.0017,Medium,warm temperature favors carry; retractable roof uncertainty halves adjustment
2026,regular,2026-04-19,824777,Fenway Park,BOS,DET,open,40.0,33.0,89,,9.5,296,1.0,1,0.633,0.633,-1,0.78,0,1,0,0.005,0.0022,-0.0002,-0.0025,0.0004,0.0001,Medium,cold temperature suppresses carry; wind appears hitter-friendly
2026,regular,2026-04-19,823475,Citizens Bank Park,PHI,ATL,open,44.6,40.5,77,,3.0,283,0.4,1,0.2,0.08,-1,0.54,0,1,0,-0.0068,-0.005,-0.0035,-0.0003,-0.0034,-0.0044,Medium,cold temperature suppresses carry
2026,regular,2026-04-20,824776,Fenway Park,BOS,DET,open,49.5,43.2,38,,8.0,290,1.0,1,0.533,0.533,-1,-0.24,0,1,0,-0.0001,-0.0011,-0.0008,-0.0021,-0.0003,-0.0007,Medium,cold temperature suppresses carry; wind appears hitter-friendly
2026,regular,2026-04-20,824450,Progressive Field,CLE,HOU,open,38.1,30.0,49,,6.8,119,0.0,0,0.453,0.0,-1,-0.02,0,1,0,-0.0101,-0.007,-0.004,0.0,-0.004,-0.005,Medium,cold temperature suppresses carry
2026,regular,2026-04-20,822994,Tropicana Field,TBR,CIN,dome,72,72,45,,,,0,0,0,0,0,0,0,0,1,0,0,0,0,0,0,High,Dome environment; weather neutral.
2026,regular,2026-04-20,822749,Nationals Park,WSN,ATL,open,44.8,37.2,43,,6.3,1,-1.0,0,0.42,-0.42,-1,-0.14,0,1,0,-0.0188,-0.0123,-0.0065,0.0,-0.0069,-0.0084,Medium,cold temperature suppresses carry; wind appears pitcher-friendly
2026,regular,2026-04-20,824125,Kauffman Stadium,KCR,BAL,open,61.5,54.3,51,,12.9,203,0.4,1,0.86,0.344,-0.425,0.02,0,0,0,0.0027,0.0012,0.0004,-0.0014,0.0007,0.0006,Medium,Weather mostly neutral.
2026,regular,2026-04-20,824692,Wrigley Field,CHC,PHI,open,48.8,40.9,61,,11.3,185,1.0,1,0.753,0.753,-1,0.22,0,1,0,0.0057,0.0025,0.0005,-0.003,0.0013,0.001,Medium,cold temperature suppresses carry; wind appears hitter-friendly
2026,regular,2026-04-20,824370,Coors Field,COL,LAD,open,50.4,43.9,20,,0.8,196,1.0,1,0.053,0.053,-0.98,-0.6,0,1,0,-0.0105,-0.0074,-0.0036,-0.0002,-0.0035,-0.0045,Medium,cold temperature suppresses carry
2026,regular,2026-04-20,824046,Angel Stadium,LAA,TOR,open,60.8,58.9,62,,3.1,178,1.0,1,0.207,0.207,-0.46,0.24,0,0,0,0.0003,-0.0003,-0.0006,-0.0008,-0.0004,-0.0006,Medium,Weather mostly neutral.
2026,regular,2026-04-20,823149,T-Mobile Park,SEA,ATH,retractable,54.0,49.5,67,,6.6,46,-0.4,0,0.44,-0.176,-0.8,0.34,0,0,1,-0.0053,-0.0035,-0.0021,0.0,-0.0022,-0.0027,Medium,cold temperature suppresses carry; retractable roof uncertainty halves adjustment
2026,regular,2026-04-21,824448,Progressive Field,CLE,HOU,open,58.2,50.9,55,,12.7,211,1.0,1,0.847,0.847,-0.59,0.1,0,0,0,0.0113,0.0062,0.0027,-0.0034,0.0036,0.0038,Medium,wind appears hitter-friendly
2026,regular,2026-04-21,822995,Tropicana Field,TBR,CIN,dome,72,72,45,,,,0,0,0,0,0,0,0,0,1,0,0,0,0,0,0,High,Dome environment; weather neutral.
2026,regular,2026-04-21,823880,loanDepot park,MIA,STL,retractable,72.7,68.2,55,,14.9,70,-1.0,0,0.993,-0.993,0.135,0.1,0,0,1,-0.0091,-0.0054,-0.0027,-0.0002,-0.0032,-0.0036,Medium,wind appears pitcher-friendly; retractable roof uncertainty halves adjustment
2026,regular,2026-04-21,824290,Comerica Park,DET,MIL,open,58.6,56.0,79,,7.9,237,0.4,1,0.527,0.211,-0.57,0.58,0,0,0,0.0003,-0.0003,-0.001,-0.0008,-0.0008,-0.0012,Medium,Weather mostly neutral.
2026,regular,2026-04-21,822747,Nationals Park,WSN,ATL,open,52.7,46.1,50,,7.5,159,1.0,1,0.5,0.5,-0.865,0.0,0,0,0,0.0014,-0.0001,-0.0005,-0.002,0.0,-0.0003,Medium,cold temperature suppresses carry; wind appears hitter-friendly
2026,regular,2026-04-21,824773,Fenway Park,BOS,NYY,open,38.8,30.7,63,,8.7,187,0.4,1,0.58,0.232,-1,0.26,0,1,0,-0.0046,-0.0037,-0.0026,-0.0009,-0.0024,-0.0031,Medium,cold temperature suppresses carry
2026,regular,2026-04-21,823640,Citi Field,NYM,MIN,open,45.5,37.6,55,,9.1,177,0.4,1,0.607,0.243,-1,0.1,0,1,0,-0.0048,-0.0039,-0.0025,-0.001,-0.0023,-0.0031,Medium,cold temperature suppresses carry
2026,regular,2026-04-21,824690,Wrigley Field,CHC,PHI,open,60.8,60.1,81,,5.1,255,1.0,1,0.34,0.34,-0.46,0.62,0,0,0,0.0041,0.0021,0.0002,-0.0014,0.0005,0.0004,Medium,Weather mostly neutral.
2026,regular,2026-04-21,822914,Globe Life Field,TEX,PIT,retractable,59.4,58.4,76,,3.4,193,1.0,1,0.227,0.227,-0.53,0.52,0,0,1,0.0004,0.0,-0.0004,-0.0005,-0.0003,-0.0004,Medium,retractable roof uncertainty halves adjustment
2026,regular,2026-04-21,824369,Coors Field,COL,SDP,open,56.2,49.6,20,,2.0,177,1.0,1,0.133,0.133,-0.69,-0.6,0,0,0,-0.006,-0.0044,-0.002,-0.0005,-0.0018,-0.0024,Medium,Weather mostly neutral.
2026,regular,2026-04-21,824045,Angel Stadium,LAA,TOR,open,59.8,58.8,70,,2.6,170,1.0,1,0.173,0.173,-0.51,0.4,0,0,0,-0.0004,-0.0007,-0.001,-0.0007,-0.0008,-0.0012,Medium,Weather mostly neutral.
2026,regular,2026-04-21,823148,T-Mobile Park,SEA,ATH,retractable,54.4,51.0,77,,6.4,151,1.0,1,0.427,0.427,-0.78,0.54,0,0,1,0.0012,0.0004,-0.0003,-0.0009,-0.0001,-0.0002,Medium,cold temperature suppresses carry; wind appears hitter-friendly; retractable roof uncertainty halves adjustment
2026,regular,2026-04-21,825099,Chase Field,ARI,CHW,retractable,75.8,71.5,20,,1.2,311,-1.0,0,0.08,-0.08,0.29,-0.6,0,0,1,-0.0003,-0.0001,0.0003,-0.0004,0.0003,0.0004,Medium,retractable roof uncertainty halves adjustment
2026,regular,2026-04-21,823236,Oracle Park,SFG,LAD,open,54.7,53.3,94,,5.5,141,-0.4,0,0.367,-0.147,-0.765,0.88,0.392,0,0,-0.0099,-0.0065,-0.0047,0.0,-0.0049,-0.0058,Medium,cold temperature suppresses carry; rain/precipitation risk lowers confidence
2026,regular,2026-04-22,823878,loanDepot park,MIA,STL,retractable,76.9,75.1,48,,11.6,80,-1.0,0,0.773,-0.773,0.345,-0.04,0.016,0,1,-0.0061,-0.0035,-0.0016,-0.0005,-0.002,-0.0022,Medium,wind appears pitcher-friendly; retractable roof uncertainty halves adjustment
2026,regular,2026-04-22,824449,Progressive Field,CLE,HOU,open,59.5,57.4,69,,6.4,40,-1.0,0,0.427,-0.427,-0.525,0.38,0,0,0,-0.0126,-0.008,-0.0047,0.0,-0.0051,-0.006,Medium,wind appears pitcher-friendly
2026,regular,2026-04-22,822993,Tropicana Field,TBR,CIN,dome,72,72,45,,,,0,0,0,0,0,0,0,0,1,0,0,0,0,0,0,High,Dome environment; weather neutral.
2026,regular,2026-04-22,824123,Kauffman Stadium,KCR,BAL,open,70.5,68.1,65,,12.0,175,1.0,1,0.8,0.8,0.025,0.3,0,0,0,0.0172,0.0104,0.0049,-0.0033,0.0057,0.0065,Medium,wind appears hitter-friendly
2026,regular,2026-04-22,824044,Angel Stadium,LAA,TOR,open,64.5,61.6,52,,4.7,205,1.0,1,0.313,0.313,-0.275,0.04,0,0,0,0.0036,0.0019,0.0008,-0.0013,0.0011,0.0011,Medium,Weather mostly neutral.
2026,regular,2026-04-22,823147,T-Mobile Park,SEA,ATH,retractable,52.9,47.1,72,,10.1,203,1.0,1,0.673,0.673,-0.855,0.44,0,0,1,0.0031,0.0015,0.0003,-0.0013,0.0006,0.0006,Medium,cold temperature suppresses carry; wind appears hitter-friendly; retractable roof uncertainty halves adjustment
2026,regular,2026-04-22,822748,Nationals Park,WSN,ATL,open,66.4,64.9,57,,4.3,250,0.4,1,0.287,0.115,-0.18,0.14,0,0,0,0.0009,0.0004,-0.0,-0.0005,0.0001,0.0,Medium,Weather mostly neutral.
2026,regular,2026-04-22,824774,Fenway Park,BOS,NYY,open,43.0,38.4,89,,5.1,181,0.0,0,0.34,0.0,-1,0.78,0,1,0,-0.0077,-0.0054,-0.004,0.0,-0.004,-0.005,Medium,cold temperature suppresses carry
2026,regular,2026-04-22,823641,Citi Field,NYM,MIN,open,48.1,44.7,80,,3.5,61,-1.0,0,0.233,-0.233,-1,0.6,0,1,0,-0.0129,-0.0086,-0.0054,0.0,-0.0056,-0.0069,Medium,cold temperature suppresses carry
2026,regular,2026-04-22,824688,Wrigley Field,CHC,PHI,open,46.1,42.5,90,,4.6,135,0.4,1,0.307,0.123,-1,0.8,0,1,0,-0.0051,-0.0039,-0.0033,-0.0005,-0.0031,-0.004,Medium,cold temperature suppresses carry
2026,regular,2026-04-22,822913,Globe Life Field,TEX,PIT,retractable,59.8,59.8,94,,6.3,132,0.4,1,0.42,0.168,-0.51,0.88,0,0,1,0.0004,0.0001,-0.0005,-0.0003,-0.0004,-0.0006,Medium,retractable roof uncertainty halves adjustment
2026,regular,2026-04-22,824367,Coors Field,COL,SDP,open,63.3,56.1,20,,4.8,192,1.0,1,0.32,0.32,-0.335,-0.6,0,0,0,0.0012,0.0003,0.0006,-0.0013,0.0009,0.0009,Medium,Weather mostly neutral.
2026,regular,2026-04-22,825097,Chase Field,ARI,CHW,retractable,74.7,66.1,10,,6.4,242,0.4,1,0.427,0.171,0.235,-0.8,0,0,1,0.0017,0.001,0.001,-0.0007,0.0011,0.0013,Medium,retractable roof uncertainty halves adjustment
2026,regular,2026-04-22,823231,Oracle Park,SFG,LAD,open,53.4,51.0,88,,5.6,173,0.4,1,0.373,0.149,-0.83,0.76,0,0,0,-0.003,-0.0025,-0.0024,-0.0006,-0.0023,-0.003,Medium,cold temperature suppresses carry
2026,regular,2026-04-23,822745,Nationals Park,WSN,ATL,open,82.2,79.7,30,,4.4,289,0.0,0,0.293,0.0,0.61,-0.4,0,0,0,0.0049,0.0035,0.0024,-0.0018,0.0024,0.0031,Medium,warm temperature favors carry
2026,regular,2026-04-23,824288,Comerica Park,DET,MIL,open,72.8,74.4,63,,5.4,140,1.0,1,0.36,0.36,0.14,0.26,0,0,0,0.0094,0.0058,0.0027,-0.0019,0.0031,0.0036,Medium,Weather mostly neutral.
2026,regular,2026-04-23,824689,Wrigley Field,CHC,PHI,open,75.7,73.0,51,,11.0,182,1.0,1,0.733,0.733,0.285,0.02,0,0,0,0.0176,0.0108,0.0055,-0.0038,0.0063,0.0073,Medium,wind appears hitter-friendly
2026,regular,2026-04-23,825096,Chase Field,ARI,CHW,retractable,80.5,73.6,14,,5.5,244,0.4,1,0.367,0.147,0.525,-0.72,0,0,1,0.003,0.002,0.0015,-0.0011,0.0016,0.0019,Medium,warm temperature favors carry; retractable roof uncertainty halves adjustment
2026,regular,2026-04-23,823233,Oracle Park,SFG,LAD,open,58.0,54.5,78,,9.4,263,1.0,1,0.627,0.627,-0.6,0.56,0,0,0,0.0082,0.0044,0.0014,-0.0025,0.002,0.002,Medium,wind appears hitter-friendly
2026,regular,2026-04-23,824770,Fenway Park,BOS,NYY,open,44.8,38.8,67,,6.1,95,-1.0,0,0.407,-0.407,-1,0.34,0,1,0,-0.0171,-0.0112,-0.0064,0.0,-0.0068,-0.0083,Medium,cold temperature suppresses carry; wind appears pitcher-friendly
2026,regular,2026-04-23,823639,Citi Field,NYM,MIN,open,64.9,57.7,28,,7.7,360,-1.0,0,0.513,-0.513,-0.255,-0.44,0,0,0,-0.0141,-0.0088,-0.0041,0.0,-0.0046,-0.0054,Medium,wind appears pitcher-friendly
2026,regular,2026-04-23,822912,Globe Life Field,TEX,PIT,retractable,68.7,70.5,89,,9.4,172,1.0,1,0.627,0.627,-0.065,0.78,0,0,1,0.0071,0.0043,0.0018,-0.0013,0.0021,0.0023,Medium,wind appears hitter-friendly; retractable roof uncertainty halves adjustment
2026,regular,2026-04-24,824529,Great American Ball Park,CIN,DET,open,63.7,65.7,96,,5.5,241,0.4,1,0.367,0.147,-0.315,0.92,0.364,0,0,0.0007,0.0003,-0.0011,-0.0006,-0.001,-0.0011,Medium,rain/precipitation risk lowers confidence
2026,regular,2026-04-24,824854,Oriole Park at Camden Yards,BAL,BOS,open,63.1,63.3,75,,3.5,171,0.0,0,0.233,0.0,-0.345,0.5,0,0,0,-0.0019,-0.0014,-0.0014,0.0,-0.0014,-0.0017,Medium,Weather mostly neutral.
2026,regular,2026-04-24,822827,Rogers Centre,TOR,CLE,retractable,42.8,35.3,65,,8.5,80,-1.0,0,0.567,-0.567,-1,0.3,0,1,1,-0.0102,-0.0066,-0.0037,0.0,-0.004,-0.0048,Medium,cold temperature suppresses carry; wind appears pitcher-friendly; retractable roof uncertainty halves adjustment
2026,regular,2026-04-24,823638,Citi Field,NYM,COL,open,48.5,43.9,71,,5.0,129,0.0,0,0.333,0.0,-1,0.42,0,1,0,-0.0087,-0.0062,-0.004,0.0,-0.004,-0.005,Medium,cold temperature suppresses carry
2026,regular,2026-04-24,822992,Tropicana Field,TBR,MIN,dome,72,72,45,,,,0,0,0,0,0,0,0,0,1,0,0,0,0,0,0,High,Dome environment; weather neutral.
2026,regular,2026-04-24,824932,Truist Park,ATL,PHI,open,71.7,71.1,52,,3.7,219,1.0,1,0.247,0.247,0.085,0.04,0,0,0,0.0059,0.0036,0.0018,-0.0012,0.0021,0.0024,Medium,Weather mostly neutral.
2026,regular,2026-04-24,824611,Rate Field,CHW,WSN,open,51.6,48.4,97,,8.2,15,-0.4,0,0.547,-0.219,-0.92,0.94,0,0,0,-0.0108,-0.0072,-0.005,0.0,-0.0052,-0.0063,Medium,cold temperature suppresses carry
2026,regular,2026-04-24,823800,American Family Field,MIL,PIT,retractable,45.6,41.9,99,,6.0,23,-1.0,0,0.4,-0.4,-1,0.98,0,1,1,-0.0075,-0.0049,-0.0032,0.0,-0.0034,-0.0041,Medium,cold temperature suppresses carry; wind appears pitcher-friendly; retractable roof uncertainty halves adjustment
2026,regular,2026-04-24,822909,Globe Life Field,TEX,ATH,retractable,73.5,73.5,77,,13.9,174,1.0,1,0.927,0.927,0.175,0.54,0,0,1,0.011,0.0067,0.0031,-0.0021,0.0036,0.0041,Medium,wind appears hitter-friendly; retractable roof uncertainty halves adjustment
2026,regular,2026-04-24,824204,Minute Maid Park,HOU,NYY,retractable,71.6,76.4,95,,7.6,152,0.4,1,0.507,0.203,0.08,0.9,0,0,1,0.0038,0.0024,0.0008,-0.0005,0.0009,0.001,Medium,retractable roof uncertainty halves adjustment
2026,regular,2026-04-24,823069,Busch Stadium,STL,SEA,open,69.1,68.3,70,,8.9,184,1.0,1,0.593,0.593,-0.045,0.4,0,0,0,0.0126,0.0076,0.0034,-0.0024,0.004,0.0045,Medium,wind appears hitter-friendly
2026,regular,2026-04-24,823962,Dodger Stadium,LAD,CHC,open,58.6,57.1,67,,2.1,126,-0.4,0,0.14,-0.056,-0.57,0.34,0,0,0,-0.0058,-0.004,-0.0026,0.0,-0.0027,-0.0033,Medium,Weather mostly neutral.
2026,regular,2026-04-24,823232,Oracle Park,SFG,MIA,open,53.6,51.2,88,,5.9,245,1.0,1,0.393,0.393,-0.82,0.76,0,0,0,0.0019,0.0005,-0.0009,-0.0016,-0.0005,-0.001,Medium,cold temperature suppresses carry
2026,regular,2026-04-25,824851,Oriole Park at Camden Yards,BAL,BOS,open,52.7,47.2,82,,11.3,90,-1.0,0,0.753,-0.753,-0.865,0.64,0.928,0,0,-0.0264,-0.0166,-0.0098,0.0,-0.0106,-0.0122,Low,cold temperature suppresses carry; wind appears pitcher-friendly; rain/precipitation risk lowers confidence
2026,regular,2026-04-25,823070,Busch Stadium,STL,SEA,open,72.9,71.1,49,,6.1,74,-0.4,0,0.407,-0.163,0.145,-0.02,0,0,0,-0.0019,-0.001,-0.0004,-0.0004,-0.0006,-0.0006,Medium,Weather mostly neutral.
2026,regular,2026-04-25,822826,Rogers Centre,TOR,CLE,retractable,48.3,42.4,73,,8.5,49,-1.0,0,0.567,-0.567,-1,0.46,0,1,1,-0.01,-0.0064,-0.0037,0.0,-0.004,-0.0048,Medium,cold temperature suppresses carry; wind appears pitcher-friendly; retractable roof uncertainty halves adjustment
2026,regular,2026-04-25,823229,Oracle Park,SFG,MIA,open,54.1,50.4,80,,7.8,237,1.0,1,0.52,0.52,-0.795,0.6,0,0,0,0.0043,0.0019,-0.0001,-0.0021,0.0005,0.0002,Medium,cold temperature suppresses carry; wind appears hitter-friendly
2026,regular,2026-04-25,822989,Tropicana Field,TBR,MIN,dome,72,72,45,,,,0,0,0,0,0,0,0,0,1,0,0,0,0,0,0,High,Dome environment; weather neutral.
2026,regular,2026-04-25,824613,Rate Field,CHW,WSN,open,44.5,39.5,89,,7.0,24,-0.4,0,0.467,-0.187,-1,0.78,0,1,0,-0.0114,-0.0077,-0.0051,0.0,-0.0053,-0.0065,Medium,cold temperature suppresses carry
2026,regular,2026-04-25,822910,Globe Life Field,TEX,ATH,retractable,70.0,72.6,88,,8.2,153,1.0,1,0.547,0.547,0.0,0.76,0,0,1,0.0066,0.004,0.0016,-0.0011,0.0019,0.0022,Medium,wind appears hitter-friendly; retractable roof uncertainty halves adjustment
2026,regular,2026-04-25,824121,Kauffman Stadium,KCR,LAA,open,64.0,61.1,65,,8.3,109,1.0,1,0.553,0.553,-0.3,0.3,0,0,0,0.009,0.0051,0.0021,-0.0022,0.0027,0.0029,Medium,wind appears hitter-friendly
2026,regular,2026-04-25,824203,Minute Maid Park,HOU,NYY,retractable,75.1,83.6,98,,5.0,136,0.4,1,0.333,0.133,0.255,0.96,0,0,1,0.004,0.0027,0.0009,-0.0006,0.001,0.0012,Medium,retractable roof uncertainty halves adjustment
2026,regular,2026-04-25,823799,American Family Field,MIL,PIT,retractable,42.2,36.9,88,,6.2,44,-0.4,0,0.413,-0.165,-1,0.76,0,1,1,-0.0055,-0.0037,-0.0025,0.0,-0.0026,-0.0032,Medium,cold temperature suppresses carry; retractable roof uncertainty halves adjustment
2026,regular,2026-04-25,824527,Great American Ball Park,CIN,DET,open,63.7,61.0,70,,9.3,37,-1.0,0,0.62,-0.62,-0.315,0.4,0,0,0,-0.0143,-0.0088,-0.005,0.0,-0.0056,-0.0065,Medium,wind appears pitcher-friendly
2026,regular,2026-04-25,823960,Dodger Stadium,LAD,CHC,open,55.2,53.0,76,,3.8,249,1.0,1,0.253,0.253,-0.74,0.52,0,0,0,-0.0008,-0.0011,-0.0014,-0.001,-0.0012,-0.0017,Medium,Weather mostly neutral.
2026,regular,2026-04-25,824933,Truist Park,ATL,PHI,open,63.7,66.9,93,,1.9,260,0.4,1,0.127,0.051,-0.315,0.86,0,0,0,0.0004,0.0001,-0.001,-0.0002,-0.0009,-0.0012,Medium,Weather mostly neutral.
2026,regular,2026-04-26,823637,Citi Field,NYM,COL,open,56.8,52.0,54,,5.8,58,-1.0,0,0.387,-0.387,-0.66,0.08,0,0,0,-0.0141,-0.0091,-0.005,0.0,-0.0053,-0.0064,Medium,Weather mostly neutral.
2026,regular,2026-04-26,824852,Oriole Park at Camden Yards,BAL,BOS,open,57.0,51.6,60,,8.9,29,-0.4,0,0.593,-0.237,-0.65,0.2,0,0,0,-0.0106,-0.007,-0.004,0.0,-0.0043,-0.0051,Medium,Weather mostly neutral.
2026,regular,2026-04-26,824934,Truist Park,ATL,PHI,open,79.2,80.8,44,,3.1,334,-1.0,0,0.207,-0.207,0.46,-0.12,0,0,0,0.0001,0.0005,0.0006,-0.0014,0.0004,0.0006,Medium,warm temperature favors carry
2026,regular,2026-04-26,822824,Rogers Centre,TOR,CLE,retractable,53.6,51.1,71,,3.0,160,0.4,1,0.2,0.08,-0.82,0.42,0,0,1,-0.0027,-0.002,-0.0014,-0.0002,-0.0014,-0.0017,Medium,cold temperature suppresses carry; retractable roof uncertainty halves adjustment
2026,regular,2026-04-26,824528,Great American Ball Park,CIN,DET,open,66.8,64.6,50,,6.7,62,-0.4,0,0.447,-0.179,-0.16,0.0,0,0,0,-0.0052,-0.0033,-0.0017,0.0,-0.0019,-0.0022,Medium,Weather mostly neutral.
2026,regular,2026-04-26,822991,Tropicana Field,TBR,MIN,dome,72,72,45,,,,0,0,0,0,0,0,0,0,1,0,0,0,0,0,0,High,Dome environment; weather neutral.
2026,regular,2026-04-26,824612,Rate Field,CHW,WSN,open,55.8,52.4,76,,6.9,71,0.4,1,0.46,0.184,-0.71,0.52,0,0,0,-0.0019,-0.0017,-0.0017,-0.0007,-0.0016,-0.0021,Medium,Weather mostly neutral.
2026,regular,2026-04-26,824202,Minute Maid Park,HOU,NYY,retractable,81.9,87.4,74,,9.6,152,0.4,1,0.64,0.256,0.595,0.48,0,0,1,0.0063,0.0041,0.002,-0.0014,0.0021,0.0025,Medium,warm temperature favors carry; retractable roof uncertainty halves adjustment
2026,regular,2026-04-26,823797,American Family Field,MIL,PIT,retractable,50.8,47.2,78,,5.0,98,0.4,1,0.333,0.133,-0.96,0.56,0,0,1,-0.0026,-0.002,-0.0015,-0.0003,-0.0015,-0.0019,Medium,cold temperature suppresses carry; retractable roof uncertainty halves adjustment
2026,regular,2026-04-26,823068,Busch Stadium,STL,SEA,open,76.0,73.5,44,,7.9,122,0.4,1,0.527,0.211,0.3,-0.12,0,0,0,0.0069,0.0044,0.0025,-0.0017,0.0027,0.0032,Medium,Weather mostly neutral.
2026,regular,2026-04-26,822911,Globe Life Field,TEX,ATH,retractable,83.0,88.2,68,,8.3,175,1.0,1,0.553,0.553,0.65,0.36,0,0,1,0.0093,0.006,0.003,-0.0021,0.0032,0.0038,Medium,warm temperature favors carry; wind appears hitter-friendly; retractable roof uncertainty halves adjustment
2026,regular,2026-04-26,825094,Chase Field,ARI,SDP,retractable,70.6,63.4,25,,8.3,260,-0.4,0,0.553,-0.221,0.03,-0.5,0,0,1,-0.0028,-0.0017,-0.0006,-0.0,-0.0007,-0.0008,Medium,retractable roof uncertainty halves adjustment
2026,regular,2026-04-26,823230,Oracle Park,SFG,MIA,open,55.4,50.4,68,,8.7,260,1.0,1,0.58,0.58,-0.73,0.36,0,0,0,0.0054,0.0026,0.0006,-0.0023,0.0011,0.001,Medium,wind appears hitter-friendly
2026,regular,2026-04-26,824122,Kauffman Stadium,KCR,LAA,open,64.4,64.4,93,,10.3,118,1.0,1,0.687,0.687,-0.28,0.86,0.032,0,0,0.0134,0.0079,0.0029,-0.0027,0.0036,0.004,Medium,wind appears hitter-friendly
2026,regular,2026-04-26,823959,Dodger Stadium,LAD,CHC,open,58.7,54.4,55,,5.8,238,1.0,1,0.387,0.387,-0.565,0.1,0,0,0,0.0024,0.0009,0.0001,-0.0015,0.0004,0.0003,Medium,Weather mostly neutral.
2026,regular,2026-04-27,824446,Progressive Field,CLE,TBR,open,62.3,52.6,53,,20.0,141,0.4,1,1,0.4,-0.385,0.06,0,0,0,0.0043,0.0022,0.0009,-0.0016,0.0013,0.0013,Medium,wind appears hitter-friendly
2026,regular,2026-04-27,823395,PNC Park,PIT,STL,open,61.3,55.0,51,,10.8,137,0.4,1,0.72,0.288,-0.435,0.02,0,0,0,0.0015,0.0005,-0.0,-0.0012,0.0003,0.0001,Medium,Weather mostly neutral.
2026,regular,2026-04-27,823719,Target Field,MIN,SEA,open,43.9,36.0,92,,13.9,308,-1.0,0,0.927,-0.927,-1,0.84,0.08,1,0,-0.0264,-0.0167,-0.0097,0.0,-0.0106,-0.0126,Medium,cold temperature suppresses carry; wind appears pitcher-friendly
2026,regular,2026-04-27,824609,Rate Field,CHW,LAA,open,61.2,58.6,91,,12.9,198,0.4,1,0.86,0.344,-0.44,0.82,0,0,0,0.0049,0.0027,0.0003,-0.0014,0.0006,0.0006,Medium,Weather mostly neutral.
2026,regular,2026-04-27,822906,Globe Life Field,TEX,NYY,retractable,76.2,79.5,83,,12.2,181,1.0,1,0.813,0.813,0.31,0.66,0,0,1,0.0107,0.0066,0.0031,-0.0021,0.0035,0.004,Medium,wind appears hitter-friendly; retractable roof uncertainty halves adjustment
2026,regular,2026-04-27,823311,Petco Park,SDP,CHC,open,58.5,57.1,65,,1.2,253,-0.4,0,0.08,-0.032,-0.575,0.3,0,0,0,-0.0055,-0.0038,-0.0025,0.0,-0.0025,-0.0031,Medium,Weather mostly neutral.
2026,regular,2026-04-27,823961,Dodger Stadium,LAD,MIA,open,56.3,54.8,67,,0.9,220,1.0,1,0.06,0.06,-0.685,0.34,0.016,0,0,-0.0047,-0.0034,-0.0024,-0.0002,-0.0024,-0.003,Medium,Weather mostly neutral.
2026,regular,2026-04-28,824447,Progressive Field,CLE,TBR,open,53.6,50.9,86,,6.0,299,0.4,1,0.4,0.16,-0.82,0.72,0,0,0,-0.0028,-0.0024,-0.0023,-0.0006,-0.0022,-0.0028,Medium,cold temperature suppresses carry
2026,regular,2026-04-28,824849,Oriole Park at Camden Yards,BAL,HOU,open,55.4,52.7,69,,3.7,160,-0.4,0,0.247,-0.099,-0.73,0.38,0,0,0,-0.0081,-0.0055,-0.0035,0.0,-0.0036,-0.0044,Medium,Weather mostly neutral.
2026,regular,2026-04-28,824526,Great American Ball Park,CIN,COL,open,64.4,66.2,81,,2.6,345,-1.0,0,0.173,-0.173,-0.28,0.62,0,0,0,-0.0044,-0.0028,-0.0022,0.0,-0.0023,-0.0028,Medium,Weather mostly neutral.
2026,regular,2026-04-28,823390,PNC Park,PIT,STL,open,64.0,63.2,72,,5.4,222,1.0,1,0.36,0.36,-0.3,0.44,0,0,0,0.0055,0.0031,0.001,-0.0014,0.0013,0.0014,Medium,Weather mostly neutral.
2026,regular,2026-04-28,823473,Citizens Bank Park,PHI,SFG,open,55.8,51.1,55,,5.6,165,1.0,1,0.373,0.373,-0.71,0.1,0,0,0,0.0007,-0.0003,-0.0006,-0.0015,-0.0002,-0.0006,Medium,Weather mostly neutral.
2026,regular,2026-04-28,823636,Citi Field,NYM,WSN,open,50.2,46.4,79,,5.2,158,0.4,1,0.347,0.139,-0.99,0.58,0,0,0,-0.0054,-0.0041,-0.0031,-0.0006,-0.003,-0.0038,Medium,cold temperature suppresses carry
2026,regular,2026-04-28,824931,Truist Park,ATL,DET,open,63.8,65.6,90,,4.5,184,1.0,1,0.3,0.3,-0.31,0.8,0.032,0,0,0.0051,0.0029,0.0005,-0.0012,0.0008,0.0008,Medium,Weather mostly neutral.
2026,regular,2026-04-28,823716,Target Field,MIN,SEA,open,44.6,37.0,59,,8.7,313,-1.0,0,0.58,-0.58,-1,0.18,0,1,0,-0.0211,-0.0136,-0.0075,0.0,-0.0081,-0.0096,Medium,cold temperature suppresses carry; wind appears pitcher-friendly
2026,regular,2026-04-28,824610,Rate Field,CHW,LAA,open,55.6,53.7,80,,4.0,312,-1.0,0,0.267,-0.267,-0.72,0.6,0.016,0,0,-0.0108,-0.0071,-0.0045,0.0,-0.0048,-0.0058,Medium,Weather mostly neutral.
2026,regular,2026-04-28,823798,American Family Field,MIL,ARI,retractable,53.7,50.9,71,,3.2,331,-1.0,0,0.213,-0.213,-0.815,0.42,0,0,1,-0.0056,-0.0037,-0.0023,0.0,-0.0024,-0.0029,Medium,cold temperature suppresses carry; retractable roof uncertainty halves adjustment
2026,regular,2026-04-28,822908,Globe Life Field,TEX,NYY,retractable,72.1,76.1,90,,8.3,144,1.0,1,0.553,0.553,0.105,0.8,0,0,1,0.0073,0.0045,0.0019,-0.0013,0.0021,0.0025,Medium,wind appears hitter-friendly; retractable roof uncertainty halves adjustment
2026,regular,2026-04-28,825017,Oakland Coliseum,ATH,KCR,open,51.6,50.4,94,,3.1,204,0.4,1,0.207,0.083,-0.92,0.88,0,0,0,-0.0049,-0.0037,-0.0032,-0.0003,-0.0031,-0.0039,Medium,cold temperature suppresses carry
2026,regular,2026-04-28,823310,Petco Park,SDP,CHC,open,58.4,56.2,63,,2.5,339,-1.0,0,0.167,-0.167,-0.58,0.26,0,0,0,-0.0084,-0.0055,-0.0033,0.0,-0.0035,-0.0042,Medium,Weather mostly neutral.
2026,regular,2026-04-28,823956,Dodger Stadium,LAD,MIA,open,54.9,52.8,65,,1.1,79,-1.0,0,0.073,-0.073,-0.755,0.3,0,0,0,-0.0081,-0.0056,-0.0035,0.0,-0.0035,-0.0044,Medium,cold temperature suppresses carry
2026,regular,2026-04-29,824445,Progressive Field,CLE,TBR,open,49.5,44.0,88,,10.7,23,-1.0,0,0.713,-0.713,-1,0.76,0,1,0,-0.022,-0.014,-0.0083,0.0,-0.009,-0.0107,Medium,cold temperature suppresses carry; wind appears pitcher-friendly
2026,regular,2026-04-29,823717,Target Field,MIN,SEA,open,51.0,43.1,41,,8.4,310,-1.0,0,0.56,-0.56,-0.95,-0.18,0,1,0,-0.0212,-0.0137,-0.0072,0.0,-0.0077,-0.0092,Medium,cold temperature suppresses carry; wind appears pitcher-friendly
2026,regular,2026-04-29,822907,Globe Life Field,TEX,NYY,retractable,64.5,64.3,79,,6.6,22,-1.0,0,0.44,-0.44,-0.275,0.58,0.016,0,1,-0.0049,-0.003,-0.0019,0.0,-0.0021,-0.0025,Medium,wind appears pitcher-friendly; retractable roof uncertainty halves adjustment
2026,regular,2026-04-29,822821,Rogers Centre,TOR,BOS,retractable,45.5,39.8,78,,7.3,337,-0.4,0,0.487,-0.195,-1,0.56,0,1,1,-0.0061,-0.0041,-0.0026,0.0,-0.0027,-0.0033,Medium,cold temperature suppresses carry; retractable roof uncertainty halves adjustment
2026,regular,2026-04-29,823958,Dodger Stadium,LAD,MIA,open,66.7,63.3,44,,4.5,217,1.0,1,0.3,0.3,-0.165,-0.12,0,0,0,0.004,0.0022,0.0011,-0.0012,0.0014,0.0016,Medium,Weather mostly neutral.
2026,regular,2026-04-29,823312,Petco Park,SDP,CHC,open,62.1,62.0,73,,2.4,248,-0.4,0,0.16,-0.064,-0.395,0.46,0,0,0,-0.0038,-0.0026,-0.002,0.0,-0.002,-0.0025,Medium,Weather mostly neutral.
2026,regular,2026-04-29,824525,Great American Ball Park,CIN,COL,open,55.0,49.6,66,,9.1,338,-1.0,0,0.607,-0.607,-0.75,0.32,0,0,0,-0.0187,-0.0119,-0.0066,0.0,-0.0072,-0.0086,Medium,cold temperature suppresses carry; wind appears pitcher-friendly
2026,regular,2026-04-29,823392,PNC Park,PIT,STL,open,50.4,47.1,95,,7.1,319,-0.4,0,0.473,-0.189,-0.98,0.9,0,0,0,-0.0109,-0.0073,-0.0051,0.0,-0.0052,-0.0064,Medium,cold temperature suppresses carry
2026,regular,2026-04-29,823633,Citi Field,NYM,WSN,open,48.8,45.7,90,,5.0,153,0.4,1,0.333,0.133,-1,0.8,0.124,0,0,-0.0056,-0.0042,-0.0034,-0.0005,-0.0033,-0.0042,Medium,cold temperature suppresses carry
2026,regular,2026-04-29,824930,Truist Park,ATL,DET,open,68.5,72.2,91,,5.1,290,-0.4,0,0.34,-0.136,-0.075,0.82,0,0,0,-0.001,-0.0005,-0.0011,0.0,-0.0013,-0.0015,Medium,Weather mostly neutral.
2026,regular,2026-04-29,823796,American Family Field,MIL,ARI,retractable,41.1,36.9,92,,3.8,236,0.4,1,0.253,0.101,-1,0.84,0,1,1,-0.0027,-0.0021,-0.0017,-0.0002,-0.0016,-0.0021,Medium,cold temperature suppresses carry; retractable roof uncertainty halves adjustment
2026,regular,2026-04-30,823471,Citizens Bank Park,PHI,SFG,open,54.8,49.5,69,,9.3,309,-0.4,0,0.62,-0.248,-0.76,0.38,0,0,0,-0.0114,-0.0075,-0.0045,0.0,-0.0048,-0.0058,Medium,cold temperature suppresses carry
2026,regular,2026-04-30,824850,Oriole Park at Camden Yards,BAL,HOU,open,65.2,57.8,38,,11.3,286,1.0,1,0.753,0.753,-0.24,-0.24,0,0,0,0.0119,0.0069,0.0036,-0.003,0.0043,0.0048,Medium,wind appears hitter-friendly
2026,regular,2026-04-30,824929,Truist Park,ATL,DET,open,70.2,67.6,52,,9.7,319,-1.0,0,0.647,-0.647,0.01,0.04,0,0,0,-0.0127,-0.0076,-0.0038,-0.0,-0.0045,-0.0051,Medium,wind appears pitcher-friendly
2026,regular,2026-04-30,824848,Oriole Park at Camden Yards,BAL,HOU,open,65.2,57.8,38,,11.3,286,1.0,1,0.753,0.753,-0.24,-0.24,0,0,0,0.0119,0.0069,0.0036,-0.003,0.0043,0.0048,Medium,wind appears hitter-friendly
2026,regular,2026-04-30,823391,PNC Park,PIT,STL,open,51.6,45.7,53,,8.4,304,0.0,0,0.56,0.0,-0.92,0.06,0.016,0,0,-0.0091,-0.0064,-0.0037,0.0,-0.0037,-0.0046,Medium,cold temperature suppresses carry
2026,regular,2026-04-30,823472,Citizens Bank Park,PHI,SFG,open,65.7,61.2,44,,8.8,306,-0.4,0,0.587,-0.235,-0.215,-0.12,0,0,0,-0.0072,-0.0046,-0.0023,0.0,-0.0025,-0.003,Medium,Weather mostly neutral.
2026,regular,2026-04-30,824524,Great American Ball Park,CIN,COL,open,58.3,52.0,35,,8.0,328,-1.0,0,0.533,-0.533,-0.585,-0.3,0,0,0,-0.0174,-0.0111,-0.0055,0.0,-0.0061,-0.0072,Medium,wind appears pitcher-friendly
2026,regular,2026-04-30,823634,Citi Field,NYM,WSN,open,60.5,57.7,63,,5.4,308,0.4,1,0.36,0.144,-0.475,0.26,0,0,0,-0.0011,-0.0011,-0.001,-0.0006,-0.0009,-0.0012,Medium,Weather mostly neutral.
2026,regular,2026-04-30,823795,American Family Field,MIL,ARI,retractable,41.0,34.6,70,,5.9,105,0.4,1,0.393,0.157,-1,0.4,0,1,1,-0.0028,-0.0022,-0.0015,-0.0003,-0.0014,-0.0019,Medium,cold temperature suppresses carry; retractable roof uncertainty halves adjustment
2026,regular,2026-04-30,825016,Oakland Coliseum,ATH,KCR,open,57.6,55.7,85,,6.9,237,0.0,0,0.46,0.0,-0.62,0.7,0,0,0,-0.0041,-0.0029,-0.0025,0.0,-0.0025,-0.0031,Medium,Weather mostly neutral.
2026,regular,2026-05-01,824686,Wrigley Field,CHC,ARI,open,42.0,35.6,66,,5.9,46,-1.0,0,0.393,-0.393,-1,0.32,0,1,0,-0.0169,-0.0111,-0.0064,0.0,-0.0068,-0.0081,Medium,cold temperature suppresses carry
2026,regular,2026-05-01,824287,Comerica Park,DET,TEX,open,41.1,35.5,74,,4.8,63,-0.4,0,0.32,-0.128,-1,0.48,0.016,1,0,-0.0112,-0.0076,-0.0048,0.0,-0.0049,-0.0061,Medium,cold temperature suppresses carry
2026,regular,2026-05-01,823389,PNC Park,PIT,CIN,open,42.4,36.8,85,,6.8,322,-0.4,0,0.453,-0.181,-1,0.7,0,1,0,-0.0115,-0.0078,-0.0051,0.0,-0.0053,-0.0065,Medium,cold temperature suppresses carry
2026,regular,2026-05-01,822744,Nationals Park,WSN,MIL,open,56.4,52.0,60,,6.0,147,0.4,1,0.4,0.16,-0.68,0.2,0,0,0,-0.003,-0.0024,-0.0018,-0.0006,-0.0016,-0.0021,Medium,Weather mostly neutral.
2026,regular,2026-05-01,823557,Yankee Stadium,NYY,BAL,open,51.4,47.6,77,,5.7,184,0.4,1,0.38,0.152,-0.93,0.54,0,0,0,-0.0046,-0.0036,-0.0028,-0.0006,-0.0027,-0.0034,Medium,cold temperature suppresses carry
2026,regular,2026-05-01,824772,Fenway Park,BOS,HOU,open,48.5,44.6,69,,2.9,178,0.0,0,0.193,0.0,-1,0.38,0,1,0,-0.0089,-0.0062,-0.004,0.0,-0.004,-0.005,Medium,cold temperature suppresses carry
2026,regular,2026-05-01,822990,Tropicana Field,TBR,SFG,dome,72,72,45,,,,0,0,0,0,0,0,0,0,1,0,0,0,0,0,0,High,Dome environment; weather neutral.
2026,regular,2026-05-01,823877,loanDepot park,MIA,PHI,retractable,79.2,83.7,71,,6.9,194,1.0,1,0.46,0.46,0.46,0.42,0,0,1,0.0075,0.0048,0.0023,-0.0016,0.0025,0.003,Medium,warm temperature favors carry; wind appears hitter-friendly; retractable roof uncertainty halves adjustment
2026,regular,2026-05-01,823713,Target Field,MIN,TOR,open,39.7,34.2,72,,3.7,61,0.4,1,0.247,0.099,-1,0.44,0,1,0,-0.0067,-0.0049,-0.0034,-0.0004,-0.0033,-0.0042,Medium,cold temperature suppresses carry
2026,regular,2026-05-01,823066,Busch Stadium,STL,LAD,open,53.8,49.9,78,,7.5,325,-0.4,0,0.5,-0.2,-0.81,0.56,0,0,0,-0.0104,-0.007,-0.0044,0.0,-0.0046,-0.0057,Medium,cold temperature suppresses carry
2026,regular,2026-05-01,824366,Coors Field,COL,ATL,open,40.5,35.9,87,,3.9,173,1.0,1,0.26,0.26,-1,0.74,0,1,0,-0.0026,-0.0024,-0.0024,-0.001,-0.0022,-0.0029,Medium,cold temperature suppresses carry
2026,regular,2026-05-01,825012,Oakland Coliseum,ATH,CLE,open,54.3,52.2,96,,7.3,203,0.4,1,0.487,0.195,-0.785,0.92,0,0,0,-0.0012,-0.0013,-0.002,-0.0008,-0.0018,-0.0024,Medium,cold temperature suppresses carry
2026,regular,2026-05-01,823309,Petco Park,SDP,CHW,open,58.1,58.7,85,,1.3,117,1.0,1,0.087,0.087,-0.595,0.7,0,0,0,-0.0021,-0.0017,-0.0019,-0.0003,-0.0018,-0.0023,Medium,Weather mostly neutral.
2026,regular,2026-05-01,823146,T-Mobile Park,SEA,KCR,retractable,54.3,51.3,75,,5.1,38,-1.0,0,0.34,-0.34,-0.785,0.5,0,0,1,-0.0066,-0.0043,-0.0026,0.0,-0.0028,-0.0033,Medium,cold temperature suppresses carry; retractable roof uncertainty halves adjustment
2026,regular,2026-05-02,823554,Yankee Stadium,NYY,BAL,open,58.6,52.5,40,,6.3,311,0.4,1,0.42,0.168,-0.57,-0.2,0,0,0,-0.0029,-0.0024,-0.0013,-0.0007,-0.0011,-0.0015,Medium,Weather mostly neutral.
2026,regular,2026-05-02,823715,Target Field,MIN,TOR,open,64.6,57.5,30,,7.9,242,0.0,0,0.527,0.0,-0.27,-0.4,0,0,0,-0.0039,-0.0027,-0.0011,0.0,-0.0011,-0.0014,Medium,Weather mostly neutral.
2026,regular,2026-05-02,824685,Wrigley Field,CHC,ARI,open,52.1,48.2,57,,2.1,164,0.4,1,0.14,0.056,-0.895,0.14,0,0,0,-0.0074,-0.0053,-0.0032,-0.0002,-0.0032,-0.004,Medium,cold temperature suppresses carry
2026,regular,2026-05-02,825014,Oakland Coliseum,ATH,CLE,open,54.0,50.4,85,,8.3,271,-0.4,0,0.553,-0.221,-0.8,0.7,0,0,0,-0.0103,-0.0069,-0.0045,0.0,-0.0047,-0.0058,Medium,cold temperature suppresses carry
2026,regular,2026-05-02,823388,PNC Park,PIT,CIN,open,42.3,36.2,63,,5.1,315,-0.4,0,0.34,-0.136,-1,0.26,0,1,0,-0.0119,-0.0081,-0.0048,0.0,-0.005,-0.0061,Medium,cold temperature suppresses carry
2026,regular,2026-05-02,822746,Nationals Park,WSN,MIL,open,54.7,48.5,44,,6.0,337,-1.0,0,0.4,-0.4,-0.765,-0.12,0,0,0,-0.016,-0.0104,-0.0055,0.0,-0.0059,-0.007,Medium,cold temperature suppresses carry; wind appears pitcher-friendly
2026,regular,2026-05-02,824771,Fenway Park,BOS,HOU,open,50.4,49.2,85,,0.4,236,1.0,1,0.027,0.027,-0.98,0.7,0,0,0,-0.0072,-0.0051,-0.0038,-0.0001,-0.0037,-0.0047,Medium,cold temperature suppresses carry
2026,regular,2026-05-02,822988,Tropicana Field,TBR,SFG,dome,72,72,45,,,,0,0,0,0,0,0,0,0,1,0,0,0,0,0,0,High,Dome environment; weather neutral.
2026,regular,2026-05-02,823067,Busch Stadium,STL,LAD,open,49.0,46.0,71,,1.6,180,1.0,1,0.107,0.107,-1,0.42,0,0,0,-0.0066,-0.0049,-0.0034,-0.0004,-0.0033,-0.0041,Medium,cold temperature suppresses carry
2026,regular,2026-05-02,824284,Comerica Park,DET,TEX,open,42.2,36.9,72,,4.0,227,1.0,1,0.267,0.267,-1,0.44,0,1,0,-0.0033,-0.0029,-0.0024,-0.0011,-0.0021,-0.0029,Medium,cold temperature suppresses carry
2026,regular,2026-05-02,824365,Coors Field,COL,ATL,open,45.8,41.9,71,,2.1,317,-0.4,0,0.14,-0.056,-1,0.42,0,1,0,-0.0099,-0.0068,-0.0043,0.0,-0.0044,-0.0054,Medium,cold temperature suppresses carry
2026,regular,2026-05-02,823308,Petco Park,SDP,CHW,open,62.0,62.6,82,,3.3,288,-1.0,0,0.22,-0.22,-0.4,0.64,0,0,0,-0.0065,-0.0042,-0.0029,0.0,-0.0031,-0.0038,Medium,Weather mostly neutral.
2026,regular,2026-05-02,824042,Angel Stadium,LAA,NYM,open,58.7,59.8,92,,2.4,177,1.0,1,0.16,0.16,-0.565,0.84,0,0,0,0.0001,-0.0004,-0.0013,-0.0006,-0.0011,-0.0015,Medium,Weather mostly neutral.
2026,regular,2026-05-02,823144,T-Mobile Park,SEA,KCR,retractable,54.5,53.5,75,,0.2,180,1.0,1,0.013,0.013,-0.775,0.5,0,0,1,-0.003,-0.0021,-0.0015,-0.0,-0.0015,-0.0019,Medium,cold temperature suppresses carry; retractable roof uncertainty halves adjustment
2026,regular,2026-05-03,823711,Target Field,MIN,TOR,open,70.6,63.6,16,,9.3,304,-1.0,0,0.62,-0.62,0.03,-0.68,0,0,0,-0.0141,-0.0086,-0.0036,-0.0001,-0.0042,-0.0048,Medium,wind appears pitcher-friendly
2026,regular,2026-05-03,824769,Fenway Park,BOS,HOU,open,52.9,42.1,35,,14.5,301,1.0,1,0.967,0.967,-0.855,-0.3,0,1,0,0.0099,0.005,0.0024,-0.0039,0.0033,0.0035,Medium,cold temperature suppresses carry; wind appears hitter-friendly
2026,regular,2026-05-03,823387,PNC Park,PIT,CIN,open,57.2,48.4,35,,10.8,256,0.4,1,0.72,0.288,-0.64,-0.3,0,0,0,-0.0015,-0.0016,-0.0008,-0.0012,-0.0005,-0.0009,Medium,Weather mostly neutral.
2026,regular,2026-05-03,823555,Yankee Stadium,NYY,BAL,open,57.4,46.3,27,,14.5,300,0.4,1,0.967,0.387,-0.63,-0.46,0,0,0,0.0001,-0.0007,-0.0002,-0.0015,0.0002,-0.0001,Medium,Weather mostly neutral.
2026,regular,2026-05-03,822987,Tropicana Field,TBR,SFG,dome,72,72,45,,,,0,0,0,0,0,0,0,0,1,0,0,0,0,0,0,High,Dome environment; weather neutral.
2026,regular,2026-05-03,823875,loanDepot park,MIA,PHI,retractable,75.0,79.2,81,,7.4,33,-1.0,0,0.493,-0.493,0.25,0.62,1,0,1,-0.0053,-0.003,-0.002,-0.0004,-0.0022,-0.0023,Low,wind appears pitcher-friendly; rain/precipitation risk lowers confidence; retractable roof uncertainty halves adjustment
2026,regular,2026-05-03,823065,Busch Stadium,STL,LAD,open,73.7,68.9,37,,8.4,197,1.0,1,0.56,0.56,0.185,-0.26,0,0,0,0.0123,0.0075,0.0041,-0.0028,0.0047,0.0054,Medium,wind appears hitter-friendly
2026,regular,2026-05-03,824687,Wrigley Field,CHC,ARI,open,63.2,57.1,49,,10.8,203,1.0,1,0.72,0.72,-0.34,-0.02,0,0,0,0.0109,0.0062,0.003,-0.0029,0.0037,0.0041,Medium,wind appears hitter-friendly
2026,regular,2026-05-03,824364,Coors Field,COL,ATL,open,63.0,59.6,42,,2.0,164,0.4,1,0.133,0.053,-0.35,-0.16,0,0,0,-0.0029,-0.0021,-0.0011,-0.0002,-0.001,-0.0013,Medium,Weather mostly neutral.
2026,regular,2026-05-03,825013,Oakland Coliseum,ATH,CLE,open,57.0,53.2,74,,8.4,245,-0.4,0,0.56,-0.224,-0.65,0.48,0,0,0,-0.0095,-0.0063,-0.0039,0.0,-0.0042,-0.005,Medium,Weather mostly neutral.
2026,regular,2026-05-03,824043,Angel Stadium,LAA,NYM,open,61.2,59.5,68,,4.6,194,1.0,1,0.307,0.307,-0.44,0.36,0,0,0,0.0028,0.0013,0.0001,-0.0012,0.0004,0.0003,Medium,Weather mostly neutral.
2026,regular,2026-05-03,823145,T-Mobile Park,SEA,KCR,retractable,69.7,65.3,40,,7.0,11,-1.0,0,0.467,-0.467,-0.015,-0.2,0,0,1,-0.005,-0.0031,-0.0014,0.0,-0.0017,-0.0019,Medium,wind appears pitcher-friendly; retractable roof uncertainty halves adjustment
2026,regular,2026-05-03,823307,Petco Park,SDP,CHW,open,63.2,60.7,62,,5.9,251,-0.4,0,0.393,-0.157,-0.34,0.24,0.016,0,0,-0.0059,-0.0038,-0.0023,0.0,-0.0025,-0.003,Medium,Weather mostly neutral.
2026,regular,2026-05-03,824285,Comerica Park,DET,TEX,open,51.2,43.4,65,,12.6,210,1.0,1,0.84,0.84,-0.94,0.3,0,1,0,0.0083,0.0041,0.0013,-0.0034,0.0021,0.002,Medium,cold temperature suppresses carry; wind appears hitter-friendly
2026,regular,2026-05-04,824363,Coors Field,COL,NYM,open,54.2,49.7,60,,5.3,5,-1.0,0,0.353,-0.353,-0.79,0.2,0,0,0,-0.0144,-0.0094,-0.0053,0.0,-0.0056,-0.0068,Medium,cold temperature suppresses carry
2026,regular,2026-05-04,824283,Comerica Park,DET,BOS,open,62.6,57.0,71,,15.5,229,1.0,1,1,1.0,-0.37,0.42,0.016,0,0,0.0175,0.0102,0.0045,-0.004,0.0055,0.0061,Medium,wind appears hitter-friendly
2026,regular,2026-05-04,822984,Tropicana Field,TBR,TOR,dome,72,72,45,,,,0,0,0,0,0,0,0,0,1,0,0,0,0,0,0,High,Dome environment; weather neutral.
2026,regular,2026-05-04,823552,Yankee Stadium,NYY,BAL,open,62.7,57.3,48,,8.5,183,0.4,1,0.567,0.227,-0.365,-0.04,0,0,0,0.0008,0.0001,-0.0001,-0.0009,0.0001,-0.0,Medium,Weather mostly neutral.
2026,regular,2026-05-04,824684,Wrigley Field,CHC,CIN,open,62.2,59.2,71,,8.9,258,1.0,1,0.593,0.593,-0.39,0.42,0,0,0,0.0092,0.0052,0.002,-0.0024,0.0026,0.0028,Medium,wind appears hitter-friendly
2026,regular,2026-05-04,824120,Kauffman Stadium,KCR,CLE,open,62.2,60.9,80,,7.9,234,0.4,1,0.527,0.211,-0.39,0.6,0,0,0,0.0021,0.001,-0.0003,-0.0008,-0.0001,-0.0003,Medium,Weather mostly neutral.
2026,regular,2026-05-04,823064,Busch Stadium,STL,MIL,open,66.0,65.7,63,,3.0,323,-0.4,0,0.2,-0.08,-0.2,0.26,0,0,0,-0.0028,-0.0018,-0.0013,0.0,-0.0014,-0.0016,Medium,Weather mostly neutral.
2026,regular,2026-05-04,824201,Minute Maid Park,HOU,LAD,retractable,62.1,60.7,69,,4.7,185,1.0,1,0.313,0.313,-0.395,0.38,0,0,1,0.0017,0.0009,0.0002,-0.0006,0.0003,0.0003,Medium,retractable roof uncertainty halves adjustment
2026,regular,2026-05-04,824039,Angel Stadium,LAA,CHW,open,61.3,59.9,66,,3.3,242,0.4,1,0.22,0.088,-0.435,0.32,0,0,0,-0.0016,-0.0013,-0.0012,-0.0004,-0.0011,-0.0015,Medium,Weather mostly neutral.
2026,regular,2026-05-04,823143,T-Mobile Park,SEA,ATL,retractable,56.4,54.9,74,,2.4,34,-1.0,0,0.16,-0.16,-0.68,0.48,0,0,1,-0.0043,-0.0029,-0.0018,0.0,-0.0019,-0.0023,Medium,retractable roof uncertainty halves adjustment
2026,regular,2026-05-04,823228,Oracle Park,SFG,SDP,open,55.1,52.8,85,,6.2,215,1.0,1,0.413,0.413,-0.745,0.7,0,0,0,0.0029,0.0011,-0.0005,-0.0017,-0.0001,-0.0004,Medium,wind appears hitter-friendly
