season,seasonPhase,date,gamePk,side,team,opponent,playerId,player,jersey,position,plateAppearances,atBats,runs,hits,doubles,triples,homeRuns,rbi,baseOnBalls,strikeOuts,stolenBases,totalBases,leftOnBase
2026,,2026-03-25,823244,away,NYY,SFG,676609,José Caballero,72,SS,4,4,1,1,0,0,0,1,0,0,0,1,3
2026,,2026-03-25,823244,away,NYY,SFG,592450,Aaron Judge,99,RF,5,5,0,0,0,0,0,0,0,4,0,0,4
2026,,2026-03-25,823244,away,NYY,SFG,641857,Ryan McMahon,19,3B,4,3,1,1,0,0,0,2,1,2,0,1,1
2026,,2026-03-25,823244,away,NYY,SFG,669224,Austin Wells,28,C,4,3,1,2,0,0,0,0,1,0,0,2,0
2026,,2026-03-25,823244,away,NYY,SFG,700250,Ben Rice,22,1B,5,4,1,1,0,0,0,0,1,2,0,1,0
2026,,2026-03-25,823244,away,NYY,SFG,641355,Cody Bellinger,35,LF,5,5,1,1,0,0,0,0,0,2,0,1,2
2026,,2026-03-25,823244,away,NYY,SFG,519317,Giancarlo Stanton,27,DH,4,4,1,2,0,0,0,1,0,1,0,2,1
2026,,2026-03-25,823244,away,NYY,SFG,665862,Jazz Chisholm Jr.,13,2B,4,3,1,1,0,0,0,0,0,0,1,1,1
2026,,2026-03-25,823244,away,NYY,SFG,663757,Trent Grisham,12,CF,5,5,0,1,0,1,0,2,0,1,0,3,3
2026,,2026-03-25,823244,home,SFG,NYY,669477,Casey Schmitt,10,1B,4,3,0,0,0,0,0,0,0,0,0,0,2
2026,,2026-03-25,823244,home,SFG,NYY,671218,Heliot Ramos,17,LF,4,4,0,1,0,0,0,0,0,2,0,1,1
2026,,2026-03-25,823244,home,SFG,NYY,656305,Matt Chapman,26,3B,4,3,0,0,0,0,0,0,1,0,0,0,1
2026,,2026-03-25,823244,home,SFG,NYY,672275,Patrick Bailey,14,C,3,3,0,0,0,0,0,0,0,1,0,0,1
2026,,2026-03-25,823244,home,SFG,NYY,808982,Jung Hoo Lee,51,RF,4,4,0,0,0,0,0,0,0,0,0,0,3
2026,,2026-03-25,823244,home,SFG,NYY,646240,Rafael Devers,16,DH,4,4,0,1,0,0,0,0,0,0,0,1,2
2026,,2026-03-25,823244,home,SFG,NYY,664056,Harrison Bader,9,CF,3,3,0,0,0,0,0,0,0,2,0,0,1
2026,,2026-03-25,823244,home,SFG,NYY,642715,Willy Adames,2,SS,4,4,0,0,0,0,0,0,0,1,0,0,2
2026,,2026-03-25,823244,home,SFG,NYY,650333,Luis Arraez,1,2B,4,3,0,1,0,0,0,0,1,0,0,1,0
2026,,2026-03-26,823649,away,PIT,NYM,687462,Spencer Horwitz,2,1B,4,4,0,0,0,0,0,0,0,1,0,0,2
2026,,2026-03-26,823649,away,PIT,NYM,664040,Brandon Lowe,5,2B,4,4,2,2,0,0,2,3,0,0,0,8,1
2026,,2026-03-26,823649,away,PIT,NYM,668804,Bryan Reynolds,10,LF,4,4,0,1,0,0,0,0,0,2,0,1,1
2026,,2026-03-26,823649,away,PIT,NYM,665833,Oneil Cruz,15,CF,5,5,1,1,0,0,0,0,0,3,0,1,2
2026,,2026-03-26,823649,away,PIT,NYM,669707,Jared Triolo,19,SS,4,4,1,1,1,0,0,0,0,1,0,2,0
2026,,2026-03-26,823649,away,PIT,NYM,680779,Henry Davis,32,C,4,4,0,1,1,0,0,1,0,0,0,2,1
2026,,2026-03-26,823649,away,PIT,NYM,656811,Ryan O'Hearn,29,RF,4,4,2,2,0,0,1,1,0,1,0,5,0
2026,,2026-03-26,823649,away,PIT,NYM,693304,Nick Gonzales,3,3B,4,4,1,2,1,0,0,2,0,1,0,3,0
2026,,2026-03-26,823649,away,PIT,NYM,542303,Marcell Ozuna,24,DH,4,4,0,0,0,0,0,0,0,1,0,0,1
2026,,2026-03-26,823649,home,NYM,PIT,666182,Bo Bichette,19,3B,5,4,0,0,0,0,0,1,0,3,0,0,5
2026,,2026-03-26,823649,home,NYM,PIT,682626,Francisco Alvarez,4,C,5,4,2,2,0,0,1,1,0,0,0,5,2
2026,,2026-03-26,823649,home,NYM,PIT,683146,Brett Baty,7,DH,5,5,1,1,0,1,0,3,0,2,0,3,5
2026,,2026-03-26,823649,home,NYM,PIT,701807,Carson Benge,3,RF,5,3,2,1,0,0,1,1,2,2,1,4,2
2026,,2026-03-26,823649,home,NYM,PIT,543760,Marcus Semien,10,2B,5,5,0,2,1,0,0,1,0,1,0,3,0
2026,,2026-03-26,823649,home,NYM,PIT,596019,Francisco Lindor,12,SS,5,2,3,0,0,0,0,0,3,0,0,0,2
2026,,2026-03-26,823649,home,NYM,PIT,665742,Juan Soto,22,LF,5,4,1,2,0,0,0,1,1,0,0,2,0
2026,,2026-03-26,823649,home,NYM,PIT,593871,Jorge Polanco,11,1B,5,3,1,1,0,0,0,1,2,1,0,1,2
2026,,2026-03-26,823649,home,NYM,PIT,673357,Luis Robert Jr.,88,CF,5,4,1,2,0,0,0,2,1,1,0,2,1
2026,,2026-03-26,823812,away,CHW,MIL,672820,Lenyn Sosa,50,DH,2,2,0,0,0,0,0,0,0,1,0,0,3
2026,,2026-03-26,823812,away,CHW,MIL,671976,Tristan Peters,29,PH,1,1,0,0,0,0,0,0,0,1,0,0,0
2026,,2026-03-26,823812,away,CHW,MIL,682668,Luisangel Acuña,0,CF,3,3,0,1,0,0,0,0,0,0,0,1,0
2026,,2026-03-26,823812,away,CHW,MIL,808959,Munetaka Murakami,5,1B,4,2,1,1,0,0,1,1,2,0,0,4,0
2026,,2026-03-26,823812,away,CHW,MIL,805367,Chase Meidroth,10,2B,4,2,1,1,0,0,1,1,2,1,0,4,0
2026,,2026-03-26,823812,away,CHW,MIL,695657,Colson Montgomery,12,SS,4,4,0,0,0,0,0,0,0,3,0,0,3
2026,,2026-03-26,823812,away,CHW,MIL,669720,Austin Hays,21,LF,4,4,0,1,0,0,0,0,0,2,0,1,3
2026,,2026-03-26,823812,away,CHW,MIL,624512,Reese McGuire,30,PH,1,1,0,0,0,0,0,0,0,1,0,0,0
2026,,2026-03-26,823812,away,CHW,MIL,700337,Edgar Quero,26,C,3,3,0,0,0,0,0,0,0,2,0,0,3
2026,,2026-03-26,823812,away,CHW,MIL,643217,Andrew Benintendi,23,DH,2,2,0,0,0,0,0,0,0,2,0,0,0
2026,,2026-03-26,823812,away,CHW,MIL,677592,Everson Pereira,28,RF,3,3,0,0,0,0,0,0,0,3,0,0,3
2026,,2026-03-26,823812,away,CHW,MIL,656537,Derek Hill,25,PH,1,1,0,0,0,0,0,0,0,1,0,0,0
2026,,2026-03-26,823812,away,CHW,MIL,678246,Miguel Vargas,20,3B,4,3,0,0,0,0,0,0,1,3,0,0,1
2026,,2026-03-26,823812,home,MIL,CHW,650859,Luis Rengifo,13,3B,2,2,0,0,0,0,0,0,0,0,0,0,3
2026,,2026-03-26,823812,home,MIL,CHW,687401,Joey Ortiz,3,SS,3,3,2,2,0,0,0,2,0,0,0,2,1
2026,,2026-03-26,823812,home,MIL,CHW,592885,Christian Yelich,22,DH,5,4,2,2,0,0,0,1,1,0,0,2,2
2026,,2026-03-26,823812,home,MIL,CHW,641343,Jake Bauers,9,1B,5,5,2,2,0,0,1,3,0,2,0,5,2
2026,,2026-03-26,823812,home,MIL,CHW,686217,Sal Frelick,10,RF,5,3,2,1,0,0,1,2,2,0,0,4,0
2026,,2026-03-26,823812,home,MIL,CHW,683734,Andrew Vaughn,28,1B,4,4,0,1,0,0,0,1,0,0,0,1,1
2026,,2026-03-26,823812,home,MIL,CHW,663604,Brandon Lockridge,20,LF,1,1,2,0,0,0,0,0,0,0,0,0,2
2026,,2026-03-26,823812,home,MIL,CHW,669003,Garrett Mitchell,5,CF,4,1,1,0,0,0,0,1,2,0,0,0,1
2026,,2026-03-26,823812,home,MIL,CHW,666152,David Hamilton,6,SS,5,2,2,1,0,0,0,1,2,0,1,1,0
2026,,2026-03-26,823812,home,MIL,CHW,663368,Blake Perkins,16,CF,1,1,0,0,0,0,0,0,0,0,0,0,0
2026,,2026-03-26,823812,home,MIL,CHW,661388,William Contreras,24,C,5,3,1,1,1,0,0,3,2,0,0,2,2
2026,,2026-03-26,823812,home,MIL,CHW,668930,Brice Turang,2,2B,5,4,0,2,1,0,0,0,1,1,0,3,4
2026,,2026-03-26,824704,away,WSN,CHC,691781,Brady House,12,3B,5,5,2,2,0,0,1,2,0,2,0,5,1
2026,,2026-03-26,824704,away,WSN,CHC,682928,CJ Abrams,5,SS,4,4,0,1,0,0,0,2,0,1,0,1,1
2026,,2026-03-26,824704,away,WSN,CHC,683083,Nasim Nuñez,26,2B,4,2,1,0,0,0,0,1,1,1,1,0,0
2026,,2026-03-26,824704,away,WSN,CHC,665953,Andrés Chaparro,87,1B,3,3,1,2,1,0,0,0,0,0,0,3,0
2026,,2026-03-26,824704,away,WSN,CHC,686894,Joey Wiemer,21,RF,4,3,2,3,0,0,1,1,1,0,0,6,0
2026,,2026-03-26,824704,away,WSN,CHC,695734,Daylen Lile,4,DH,5,5,1,1,0,0,0,1,0,2,0,1,1
2026,,2026-03-26,824704,away,WSN,CHC,695578,James Wood,29,LF,5,5,0,0,0,0,0,0,0,4,0,0,1
2026,,2026-03-26,824704,away,WSN,CHC,696285,Jacob Young,30,CF,4,4,1,1,0,0,1,2,0,1,0,4,0
2026,,2026-03-26,824704,away,WSN,CHC,660688,Keibert Ruiz,20,C,4,4,1,1,0,0,0,0,0,1,0,1,3
2026,,2026-03-26,824704,away,WSN,CHC,671277,Luis García Jr.,2,1B,2,2,1,0,0,0,0,0,0,0,0,0,1
2026,,2026-03-26,824704,home,CHC,WSN,624424,Michael Conforto,20,RF,1,1,0,0,0,0,0,0,0,1,0,0,2
2026,,2026-03-26,824704,home,CHC,WSN,664023,Ian Happ,8,LF,5,5,0,1,0,0,0,0,0,3,0,1,5
2026,,2026-03-26,824704,home,CHC,WSN,608324,Alex Bregman,3,3B,5,4,0,1,0,0,0,0,1,1,0,1,2
2026,,2026-03-26,824704,home,CHC,WSN,683737,Michael Busch,29,1B,5,4,2,3,2,0,0,1,1,0,0,5,2
2026,,2026-03-26,824704,home,CHC,WSN,608348,Carson Kelly,15,C,4,3,0,1,0,0,0,0,1,0,0,1,0
2026,,2026-03-26,824704,home,CHC,WSN,691718,Pete Crow-Armstrong,4,CF,5,5,0,2,0,0,0,2,0,2,0,2,3
2026,,2026-03-26,824704,home,CHC,WSN,694208,Moisés Ballesteros,25,DH,4,3,0,0,0,0,0,0,1,1,0,0,3
2026,,2026-03-26,824704,home,CHC,WSN,621020,Dansby Swanson,7,SS,4,2,1,0,0,0,0,1,2,0,0,0,2
2026,,2026-03-26,824704,home,CHC,WSN,663538,Nico Hoerner,2,2B,4,4,1,0,0,0,0,0,0,1,0,0,4
2026,,2026-03-26,824704,home,CHC,WSN,807713,Matt Shaw,6,RF,3,3,0,0,0,0,0,0,0,0,0,0,3
2026,,2026-03-26,824865,away,MIN,BAL,605170,Victor Caratini,37,1B,4,3,0,1,0,0,0,0,1,0,0,1,4
2026,,2026-03-26,824865,away,MIN,BAL,665019,Kody Clemens,2,LF,1,1,0,0,0,0,0,0,0,0,0,0,0
2026,,2026-03-26,824865,away,MIN,BAL,686797,Brooks Lee,22,SS,3,3,0,0,0,0,0,0,0,2,0,0,3
2026,,2026-03-26,824865,away,MIN,BAL,668885,Austin Martin,16,LF,3,3,0,1,0,0,0,0,0,0,1,1,0
2026,,2026-03-26,824865,away,MIN,BAL,605137,Josh Bell,56,DH,4,3,0,0,0,0,0,0,1,3,0,0,3
2026,,2026-03-26,824865,away,MIN,BAL,680777,Ryan Jeffers,27,C,4,4,0,1,0,0,0,0,0,1,0,1,3
2026,,2026-03-26,824865,away,MIN,BAL,681546,James Outman,30,PR,0,0,0,0,0,0,0,0,0,0,0,0,0
2026,,2026-03-26,824865,away,MIN,BAL,668904,Royce Lewis,23,3B,3,2,0,0,0,0,0,0,0,0,0,0,2
2026,,2026-03-26,824865,away,MIN,BAL,663616,Trevor Larnach,9,PH,1,1,0,0,0,0,0,0,0,1,0,0,1
2026,,2026-03-26,824865,away,MIN,BAL,621439,Byron Buxton,25,CF,4,4,1,1,0,1,0,0,0,1,0,3,1
2026,,2026-03-26,824865,away,MIN,BAL,670242,Matt Wallner,38,RF,4,2,0,0,0,0,0,0,2,1,0,0,1
2026,,2026-03-26,824865,away,MIN,BAL,807712,Luke Keaschall,15,2B,4,3,0,1,0,0,0,1,0,0,0,1,0
2026,,2026-03-26,824865,home,BAL,MIN,694212,Samuel Basallo,29,DH,4,4,1,1,0,0,0,0,0,1,0,1,2
2026,,2026-03-26,824865,home,BAL,MIN,683002,Gunnar Henderson,2,SS,4,4,0,0,0,0,0,0,0,2,0,0,0
2026,,2026-03-26,824865,home,BAL,MIN,621493,Taylor Ward,3,LF,4,4,0,0,0,0,0,0,0,0,0,0,1
2026,,2026-03-26,824865,home,BAL,MIN,668939,Adley Rutschman,35,C,4,4,0,2,1,0,0,0,0,0,0,3,1
2026,,2026-03-26,824865,home,BAL,MIN,641933,Tyler O'Neill,9,RF,3,2,1,1,0,0,0,0,1,0,0,1,0
2026,,2026-03-26,824865,home,BAL,MIN,677942,Blaze Alexander,23,2B,3,3,0,1,0,0,0,1,0,1,0,1,1
2026,,2026-03-26,824865,home,BAL,MIN,624413,Pete Alonso,25,1B,4,3,0,0,0,0,0,0,1,2,0,0,0
2026,,2026-03-26,824865,home,BAL,MIN,681297,Colton Cowser,17,CF,3,2,0,0,0,0,0,1,0,1,0,0,1
2026,,2026-03-26,824865,home,BAL,MIN,691723,Coby Mayo,16,3B,3,2,0,0,0,0,0,0,1,1,1,0,1
2026,,2026-03-26,824541,away,BOS,CIN,701350,Roman Anthony,19,LF,5,4,1,3,0,0,0,0,1,1,0,3,1
2026,,2026-03-26,824541,away,BOS,CIN,575929,Willson Contreras,40,1B,5,4,0,0,0,0,0,0,1,1,0,0,3
2026,,2026-03-26,824541,away,BOS,CIN,596115,Trevor Story,10,SS,5,5,0,1,0,0,0,1,0,1,0,1,5
2026,,2026-03-26,824541,away,BOS,CIN,677800,Wilyer Abreu,52,RF,4,4,0,1,0,0,0,0,0,1,0,1,1
2026,,2026-03-26,824541,away,BOS,CIN,643396,Isiah Kiner-Falefa,2,2B,2,2,0,0,0,0,0,0,0,1,0,0,1
2026,,2026-03-26,824541,away,BOS,CIN,702332,Caleb Durbin,5,3B,4,3,0,0,0,0,0,0,1,0,0,0,2
2026,,2026-03-26,824541,away,BOS,CIN,665966,Carlos Narváez,75,C,4,3,0,1,0,0,0,0,0,1,0,1,1
2026,,2026-03-26,824541,away,BOS,CIN,680776,Jarren Duran,16,DH,5,5,0,2,0,0,0,1,0,1,1,2,3
2026,,2026-03-26,824541,away,BOS,CIN,678882,Ceddanne Rafaela,3,CF,4,4,0,2,0,0,0,1,0,0,0,2,3
2026,,2026-03-26,824541,away,BOS,CIN,691785,Marcelo Mayer,11,2B,2,2,2,2,1,0,0,0,0,0,0,3,0
2026,,2026-03-26,824541,home,CIN,BOS,682829,Elly De La Cruz,44,SS,4,4,0,1,0,0,0,0,0,2,0,1,0
2026,,2026-03-26,824541,home,CIN,BOS,667472,Dane Myers,17,PH,1,1,0,0,0,0,0,0,0,0,0,0,0
2026,,2026-03-26,824541,home,CIN,BOS,701398,Sal Stewart,27,1B,4,4,0,3,2,0,0,0,0,0,0,5,0
2026,,2026-03-26,824541,home,CIN,BOS,682622,Noelvi Marte,4,RF,2,2,0,0,0,0,0,0,0,2,0,0,3
2026,,2026-03-26,824541,home,CIN,BOS,680574,Matt McLain,9,2B,4,3,0,0,0,0,0,0,1,1,0,0,0
2026,,2026-03-26,824541,home,CIN,BOS,663647,Ke'Bryan Hayes,3,3B,3,3,0,0,0,0,0,0,0,0,0,0,2
2026,,2026-03-26,824541,home,CIN,BOS,666181,Will Benson,30,RF,1,1,0,0,0,0,0,0,0,1,0,0,1
2026,,2026-03-26,824541,home,CIN,BOS,670770,TJ Friedl,29,CF,4,4,0,0,0,0,0,0,0,1,0,0,1
2026,,2026-03-26,824541,home,CIN,BOS,668715,Spencer Steer,7,LF,4,3,0,0,0,0,0,0,1,2,0,0,3
2026,,2026-03-26,824541,home,CIN,BOS,663886,Tyler Stephenson,37,C,4,3,0,0,0,0,0,0,1,0,0,0,2
2026,,2026-03-26,824541,home,CIN,BOS,553993,Eugenio Suárez,28,DH,4,4,0,0,0,0,0,0,0,3,0,0,5
2026,,2026-03-26,824218,away,LAA,HOU,672724,Oswald Peraza,2,2B,4,4,0,1,0,0,0,1,0,2,0,1,4
2026,,2026-03-26,824218,away,LAA,HOU,687263,Zach Neto,9,SS,5,5,0,0,0,0,0,0,0,1,0,0,2
2026,,2026-03-26,824218,away,LAA,HOU,624585,Jorge Soler,12,DH,5,5,0,1,0,0,0,0,0,2,0,1,1
2026,,2026-03-26,824218,away,LAA,HOU,660162,Yoán Moncada,10,3B,5,3,0,1,0,0,0,0,2,1,0,1,2
2026,,2026-03-26,824218,away,LAA,HOU,545361,Mike Trout,27,CF,5,2,1,1,0,0,1,1,3,1,1,4,0
2026,,2026-03-26,824218,away,LAA,HOU,666176,Jo Adell,7,LF,5,3,1,2,0,0,0,0,1,0,0,2,1
2026,,2026-03-26,824218,away,LAA,HOU,694384,Nolan Schanuel,18,1B,5,5,1,1,0,0,1,1,0,3,0,4,3
2026,,2026-03-26,824218,away,LAA,HOU,666139,Josh Lowe,3,LF,4,4,0,0,0,0,0,0,0,2,0,0,5
2026,,2026-03-26,824218,away,LAA,HOU,669326,Bryce Teodosio,22,RF,1,1,0,0,0,0,0,0,0,0,0,0,2
2026,,2026-03-26,824218,away,LAA,HOU,681351,Logan O'Hoppe,14,C,4,4,0,2,0,0,0,0,0,2,0,2,2
2026,,2026-03-26,824218,home,HOU,LAA,670623,Isaac Paredes,15,1B,4,3,0,0,0,0,0,0,1,1,0,0,0
2026,,2026-03-26,824218,home,HOU,LAA,669397,Nick Allen,20,SS,1,1,0,0,0,0,0,0,0,1,0,0,0
2026,,2026-03-26,824218,home,HOU,LAA,701358,Cam Smith,11,RF,4,3,0,0,0,0,0,0,1,2,1,0,2
2026,,2026-03-26,824218,home,HOU,LAA,676694,Jake Meyers,6,CF,4,3,0,0,0,0,0,0,1,1,0,0,2
2026,,2026-03-26,824218,home,HOU,LAA,514888,Jose Altuve,27,2B,4,3,0,0,0,0,0,0,1,0,0,0,1
2026,,2026-03-26,824218,home,HOU,LAA,694388,Joey Loperfido,10,LF,4,4,0,2,1,0,0,0,0,0,0,3,0
2026,,2026-03-26,824218,home,HOU,LAA,621043,Carlos Correa,1,3B,4,4,0,0,0,0,0,0,0,1,0,0,3
2026,,2026-03-26,824218,home,HOU,LAA,572233,Christian Walker,8,1B,3,3,0,1,1,0,0,0,0,0,0,2,2
2026,,2026-03-26,824218,home,HOU,LAA,673237,Yainer Diaz,21,C,4,3,0,0,0,0,0,0,1,2,0,0,2
2026,,2026-03-26,824218,home,HOU,LAA,670541,Yordan Alvarez,44,DH,4,3,0,0,0,0,0,0,1,1,0,0,2
2026,,2026-03-26,823325,away,DET,SDP,682985,Riley Greene,31,LF,5,4,1,0,0,0,0,0,1,2,0,0,1
2026,,2026-03-26,823325,away,DET,SDP,595879,Javier Báez,28,SS,4,3,0,1,0,0,0,0,1,1,0,1,3
2026,,2026-03-26,823325,away,DET,SDP,805808,Kevin McGonigle,7,3B,5,5,2,4,2,0,0,2,0,0,0,6,0
2026,,2026-03-26,823325,away,DET,SDP,681481,Kerry Carpenter,30,RF,5,5,0,0,0,0,0,0,0,2,0,0,3
2026,,2026-03-26,823325,away,DET,SDP,679529,Spencer Torkelson,20,1B,5,4,2,1,0,0,0,1,1,2,0,1,0
2026,,2026-03-26,823325,away,DET,SDP,650402,Gleyber Torres,25,2B,5,4,1,1,0,0,0,0,1,0,0,1,0
2026,,2026-03-26,823325,away,DET,SDP,678009,Parker Meadows,22,CF,4,4,0,1,0,0,0,2,0,1,0,1,2
2026,,2026-03-26,823325,away,DET,SDP,693307,Dillon Dingler,13,C,5,5,1,2,0,0,1,3,0,1,0,5,3
2026,,2026-03-26,823325,away,DET,SDP,690993,Colt Keith,33,DH,5,5,1,2,0,0,0,0,0,1,0,2,2
2026,,2026-03-26,823325,home,SDP,DET,666023,Freddy Fermin,54,C,4,3,0,0,0,0,0,0,1,1,0,0,0
2026,,2026-03-26,823325,home,SDP,DET,592206,Nick Castellanos,21,1B,1,1,0,0,0,0,0,0,0,0,0,0,3
2026,,2026-03-26,823325,home,SDP,DET,701538,Jackson Merrill,3,CF,4,4,0,0,0,0,0,0,0,3,0,0,5
2026,,2026-03-26,823325,home,SDP,DET,657757,Gavin Sheets,30,1B,3,3,0,0,0,0,0,0,0,0,0,0,0
2026,,2026-03-26,823325,home,SDP,DET,657656,Ramón Laureano,5,LF,4,4,1,1,0,0,1,1,0,1,0,4,0
2026,,2026-03-26,823325,home,SDP,DET,592518,Manny Machado,13,3B,4,3,0,1,0,0,0,0,1,1,0,1,1
2026,,2026-03-26,823325,home,SDP,DET,609280,Miguel Andujar,41,DH,4,3,0,0,0,0,0,0,1,0,0,0,2
2026,,2026-03-26,823325,home,SDP,DET,665487,Fernando Tatis Jr.,23,RF,4,4,1,1,0,0,0,0,0,0,0,1,0
2026,,2026-03-26,823325,home,SDP,DET,593428,Xander Bogaerts,2,SS,4,4,0,2,1,0,0,1,0,0,0,3,1
2026,,2026-03-26,823325,home,SDP,DET,630105,Jake Cronenworth,9,2B,4,4,0,0,0,0,0,0,0,1,0,0,1
2026,,2026-03-26,823081,away,TBR,STL,680700,Richie Palacios,1,2B,2,2,0,0,0,0,0,0,0,1,0,0,3
2026,,2026-03-26,823081,away,TBR,STL,700246,Carson Williams,7,SS,5,5,1,1,0,0,0,0,0,1,0,1,2
2026,,2026-03-26,823081,away,TBR,STL,668723,Ryan Vilade,26,LF,3,3,0,0,0,0,0,0,0,0,0,0,1
2026,,2026-03-26,823081,away,TBR,STL,641584,Jake Fraley,17,RF,1,1,0,1,0,0,0,0,0,0,0,1,0
2026,,2026-03-26,823081,away,TBR,STL,802415,Chandler Simpson,14,LF,3,3,1,1,0,0,0,1,0,0,0,1,2
2026,,2026-03-26,823081,away,TBR,STL,676356,Jonny DeLuca,21,RF,4,4,0,2,0,0,0,2,0,0,0,2,4
2026,,2026-03-26,823081,away,TBR,STL,676439,Hunter Feduccia,9,C,1,1,0,0,0,0,0,0,0,1,0,0,1
2026,,2026-03-26,823081,away,TBR,STL,666018,Jonathan Aranda,8,1B,6,4,1,2,0,0,1,2,1,1,0,5,1
2026,,2026-03-26,823081,away,TBR,STL,663743,Nick Fortes,40,C,4,4,1,3,0,0,0,1,0,0,0,3,0
2026,,2026-03-26,823081,away,TBR,STL,650490,Yandy Díaz,2,DH,6,5,1,3,0,0,0,0,1,0,0,3,2
2026,,2026-03-26,823081,away,TBR,STL,810938,Ben Williamson,15,2B,4,4,1,3,0,0,0,1,0,0,0,3,2
2026,,2026-03-26,823081,away,TBR,STL,691406,Junior Caminero,13,3B,6,2,1,1,0,0,0,0,4,1,0,1,2
2026,,2026-03-26,823081,away,TBR,STL,656775,Cedric Mullins,31,CF,5,5,0,0,0,0,0,0,0,0,0,0,6
2026,,2026-03-26,823081,home,STL,TBR,669357,Nolan Gorman,16,3B,4,4,1,1,0,0,0,2,0,1,0,1,2
2026,,2026-03-26,823081,home,STL,TBR,691023,Jordan Walker,18,RF,4,4,1,1,1,0,0,0,0,0,0,2,0
2026,,2026-03-26,823081,home,STL,TBR,701675,Nathan Church,27,LF,4,4,1,3,0,0,0,2,0,0,0,3,0
2026,,2026-03-26,823081,home,STL,TBR,687363,Victor Scott II,11,CF,4,4,1,3,0,0,0,0,0,0,2,3,1
2026,,2026-03-26,823081,home,STL,TBR,802139,JJ Wetherholt,26,2B,5,4,1,1,0,0,1,2,0,1,0,4,2
2026,,2026-03-26,823081,home,STL,TBR,676475,Alec Burleson,41,1B,5,4,2,3,0,0,1,2,1,0,0,6,0
2026,,2026-03-26,823081,home,STL,TBR,686780,Pedro Pagés,43,C,4,4,1,1,0,0,0,0,0,0,0,1,3
2026,,2026-03-26,823081,home,STL,TBR,602104,Ramón Urías,29,3B,0,0,0,0,0,0,0,0,0,0,0,0,0
2026,,2026-03-26,823081,home,STL,TBR,691026,Masyn Winn,0,SS,5,5,1,1,1,0,0,0,0,1,0,2,4
2026,,2026-03-26,823081,home,STL,TBR,671056,Iván Herrera,48,DH,5,4,0,0,0,0,0,1,0,0,0,0,2
2026,,2026-03-26,823486,away,TEX,PHI,694497,Evan Carter,32,CF,2,2,0,0,0,0,0,0,0,0,0,0,1
2026,,2026-03-26,823486,away,TEX,PHI,694671,Wyatt Langford,36,LF,4,4,0,0,0,0,0,0,0,2,0,0,1
2026,,2026-03-26,823486,away,TEX,PHI,669394,Jake Burger,21,1B,4,4,1,3,0,0,1,2,0,1,0,6,0
2026,,2026-03-26,823486,away,TEX,PHI,592626,Joc Pederson,3,DH,1,1,0,0,0,0,0,0,0,0,0,0,1
2026,,2026-03-26,823486,away,TEX,PHI,608369,Corey Seager,5,SS,4,4,1,2,0,0,0,0,0,1,0,2,0
2026,,2026-03-26,823486,away,TEX,PHI,673962,Josh Jung,6,3B,4,4,0,0,0,0,0,0,0,1,0,0,3
2026,,2026-03-26,823486,away,TEX,PHI,457705,Andrew McCutchen,4,DH,2,2,0,1,1,0,0,0,0,1,0,2,2
2026,,2026-03-26,823486,away,TEX,PHI,543309,Kyle Higashioka,11,PH,1,1,1,1,0,0,0,0,0,0,0,1,0
2026,,2026-03-26,823486,away,TEX,PHI,677649,Ezequiel Duran,20,PH,1,1,0,0,0,0,0,0,0,1,0,0,1
2026,,2026-03-26,823486,away,TEX,PHI,607043,Brandon Nimmo,24,RF,4,3,0,0,0,0,0,0,1,1,0,0,0
2026,,2026-03-26,823486,away,TEX,PHI,669701,Josh Smith,8,2B,3,3,0,0,0,0,0,0,0,1,0,0,1
2026,,2026-03-26,823486,away,TEX,PHI,643376,Danny Jansen,9,C,4,4,0,1,0,0,0,1,0,0,0,1,0
2026,,2026-03-26,823486,away,TEX,PHI,664059,Sam Haggerty,0,LF,2,2,0,0,0,0,0,0,0,2,0,0,0
2026,,2026-03-26,823486,home,PHI,TEX,669016,Brandon Marsh,16,LF,4,4,0,2,2,0,0,0,0,1,0,4,0
2026,,2026-03-26,823486,home,PHI,TEX,702222,Justin Crawford,2,CF,4,4,1,2,0,0,0,0,0,0,0,2,3
2026,,2026-03-26,823486,home,PHI,TEX,547180,Bryce Harper,3,1B,4,4,0,0,0,0,0,0,0,2,0,0,2
2026,,2026-03-26,823486,home,PHI,TEX,592663,J.T. Realmuto,10,C,4,3,0,0,0,0,0,0,0,3,0,0,1
2026,,2026-03-26,823486,home,PHI,TEX,664761,Alec Bohm,28,3B,4,3,1,1,0,0,1,3,1,0,0,4,0
2026,,2026-03-26,823486,home,PHI,TEX,681082,Bryson Stott,5,2B,4,4,0,2,0,0,0,0,0,1,1,2,1
2026,,2026-03-26,823486,home,PHI,TEX,656941,Kyle Schwarber,12,DH,4,4,1,1,0,0,1,2,0,1,0,4,2
2026,,2026-03-26,823486,home,PHI,TEX,666969,Adolis García,53,RF,4,4,0,0,0,0,0,0,0,2,0,0,3
2026,,2026-03-26,823486,home,PHI,TEX,607208,Trea Turner,7,SS,4,4,2,2,0,0,0,0,0,0,0,2,1
2026,,2026-03-26,823974,away,ARI,LAD,691783,Jordan Lawlar,10,LF,3,3,0,1,1,0,0,0,0,1,0,2,1
2026,,2026-03-26,823974,away,ARI,LAD,694374,Tim Tawa,13,DH,3,3,0,1,0,0,0,0,0,1,0,1,0
2026,,2026-03-26,823974,away,ARI,LAD,571448,Nolan Arenado,28,3B,3,3,0,1,0,0,0,0,0,1,0,1,0
2026,,2026-03-26,823974,away,ARI,LAD,606466,Ketel Marte,4,2B,4,4,0,0,0,0,0,0,0,1,0,0,2
2026,,2026-03-26,823974,away,ARI,LAD,672695,Geraldo Perdomo,2,SS,4,4,1,2,0,0,1,2,0,1,0,5,0
2026,,2026-03-26,823974,away,ARI,LAD,672515,Gabriel Moreno,14,C,4,4,0,0,0,0,0,0,0,1,0,0,0
2026,,2026-03-26,823974,away,ARI,LAD,682998,Corbin Carroll,7,RF,4,4,1,1,0,0,0,0,0,0,0,1,0
2026,,2026-03-26,823974,away,ARI,LAD,467793,Carlos Santana,41,1B,3,3,0,0,0,0,0,0,0,1,0,0,1
2026,,2026-03-26,823974,away,ARI,LAD,677950,Alek Thomas,5,CF,3,3,0,0,0,0,0,0,0,1,0,0,1
2026,,2026-03-26,823974,home,LAD,ARI,669257,Will Smith,16,C,4,4,1,2,0,0,1,3,0,0,0,5,0
2026,,2026-03-26,823974,home,LAD,ARI,663656,Kyle Tucker,23,RF,5,4,1,1,1,0,0,1,1,0,0,2,3
2026,,2026-03-26,823974,home,LAD,ARI,571970,Max Muncy,13,3B,4,2,1,1,0,0,0,0,2,1,0,1,3
2026,,2026-03-26,823974,home,LAD,ARI,518692,Freddie Freeman,5,1B,5,4,0,0,0,0,0,0,1,0,0,0,5
2026,,2026-03-26,823974,home,LAD,ARI,660271,Shohei Ohtani,17,DH,5,3,1,1,0,0,0,0,1,0,0,1,1
2026,,2026-03-26,823974,home,LAD,ARI,606192,Teoscar Hernández,37,LF,4,4,1,1,0,0,0,0,0,0,0,1,2
2026,,2026-03-26,823974,home,LAD,ARI,681624,Andy Pages,44,CF,4,4,1,2,0,0,1,3,0,1,0,5,1
2026,,2026-03-26,823974,home,LAD,ARI,605141,Mookie Betts,50,SS,5,4,1,1,0,0,0,1,0,1,0,1,3
2026,,2026-03-26,823974,home,LAD,ARI,500743,Miguel Rojas,72,2B,4,4,1,1,0,0,0,0,0,1,0,1,1
2026,,2026-03-26,823163,away,CLE,SEA,800050,Chase DeLauter,24,RF,5,5,3,3,0,0,2,2,0,1,0,9,1
2026,,2026-03-26,823163,away,CLE,SEA,682177,Daniel Schneemann,10,CF,2,2,1,1,1,0,0,0,0,1,0,2,1
2026,,2026-03-26,823163,away,CLE,SEA,677587,Brayan Rocchio,4,2B,4,3,1,2,1,0,0,2,0,1,0,3,0
2026,,2026-03-26,823163,away,CLE,SEA,672356,Gabriel Arias,13,SS,4,4,0,1,0,0,0,0,0,1,0,1,3
2026,,2026-03-26,823163,away,CLE,SEA,666310,Bo Naylor,23,C,5,5,0,0,0,0,0,0,0,1,0,0,2
2026,,2026-03-26,823163,away,CLE,SEA,608070,José Ramírez,11,3B,5,5,0,1,1,0,0,2,0,2,1,2,0
2026,,2026-03-26,823163,away,CLE,SEA,680757,Steven Kwan,38,CF,5,5,0,0,0,0,0,0,0,2,0,0,5
2026,,2026-03-26,823163,away,CLE,SEA,682657,Angel Martínez,1,LF,2,2,0,0,0,0,0,0,0,1,0,0,3
2026,,2026-03-26,823163,away,CLE,SEA,700932,Kyle Manzardo,9,DH,5,4,0,1,0,0,0,0,1,1,0,1,1
2026,,2026-03-26,823163,away,CLE,SEA,656555,Rhys Hoskins,8,1B,4,3,1,3,1,0,0,0,1,0,0,4,0
2026,,2026-03-26,823163,home,SEA,CLE,647304,Josh Naylor,12,1B,4,4,0,0,0,0,0,0,0,0,0,0,1
2026,,2026-03-26,823163,home,SEA,CLE,702284,Cole Young,2,2B,3,3,0,0,0,0,0,0,0,3,0,0,0
2026,,2026-03-26,823163,home,SEA,CLE,668227,Randy Arozarena,56,LF,4,4,0,1,1,0,0,0,0,1,0,2,0
2026,,2026-03-26,823163,home,SEA,CLE,686527,Dominic Canzone,8,DH,4,4,2,2,0,0,2,2,0,0,0,8,0
2026,,2026-03-26,823163,home,SEA,CLE,663728,Cal Raleigh,29,C,4,3,0,0,0,0,0,0,1,3,0,0,2
2026,,2026-03-26,823163,home,SEA,CLE,680977,Brendan Donovan,33,3B,4,4,1,2,1,0,1,1,0,1,0,6,0
2026,,2026-03-26,823163,home,SEA,CLE,677594,Julio Rodríguez,44,CF,4,4,0,0,0,0,0,0,0,3,0,0,1
2026,,2026-03-26,823163,home,SEA,CLE,660844,Leo Rivas,76,SS,3,2,0,0,0,0,0,0,1,1,0,0,0
2026,,2026-03-26,823163,home,SEA,CLE,670042,Luke Raley,20,RF,4,4,1,1,0,0,1,1,0,2,0,4,1
2026,,2026-03-27,823243,away,NYY,SFG,676609,José Caballero,72,SS,4,4,0,2,0,0,0,0,0,0,1,2,3
2026,,2026-03-27,823243,away,NYY,SFG,642708,Amed Rosario,14,3B,2,2,0,0,0,0,0,0,0,0,0,0,1
2026,,2026-03-27,823243,away,NYY,SFG,545341,Randal Grichuk,34,LF,2,2,0,0,0,0,0,0,0,0,0,0,2
2026,,2026-03-27,823243,away,NYY,SFG,592450,Aaron Judge,99,RF,4,4,1,1,0,0,1,2,0,2,0,4,0
2026,,2026-03-27,823243,away,NYY,SFG,641857,Ryan McMahon,19,3B,2,1,0,0,0,0,0,0,1,1,0,0,0
2026,,2026-03-27,823243,away,NYY,SFG,502671,Paul Goldschmidt,48,1B,5,5,1,1,1,0,0,0,0,0,0,2,1
2026,,2026-03-27,823243,away,NYY,SFG,669224,Austin Wells,28,C,4,4,0,0,0,0,0,0,0,1,0,0,2
2026,,2026-03-27,823243,away,NYY,SFG,641355,Cody Bellinger,35,LF,4,3,0,1,0,0,0,0,1,0,0,1,0
2026,,2026-03-27,823243,away,NYY,SFG,519317,Giancarlo Stanton,27,DH,4,4,1,2,0,0,1,1,0,1,0,5,1
2026,,2026-03-27,823243,away,NYY,SFG,665862,Jazz Chisholm Jr.,13,2B,4,4,0,1,0,0,0,0,0,2,0,1,4
2026,,2026-03-27,823243,away,NYY,SFG,663757,Trent Grisham,12,CF,2,1,0,0,0,0,0,0,1,0,0,0,1
2026,,2026-03-27,823243,home,SFG,NYY,669477,Casey Schmitt,10,1B,3,3,0,0,0,0,0,0,0,1,0,0,1
2026,,2026-03-27,823243,home,SFG,NYY,671218,Heliot Ramos,17,LF,3,3,0,1,1,0,0,0,0,2,0,2,0
2026,,2026-03-27,823243,home,SFG,NYY,656305,Matt Chapman,26,3B,4,2,0,0,0,0,0,0,2,1,0,0,0
2026,,2026-03-27,823243,home,SFG,NYY,672275,Patrick Bailey,14,C,3,3,0,0,0,0,0,0,0,1,0,0,0
2026,,2026-03-27,823243,home,SFG,NYY,808982,Jung Hoo Lee,51,RF,3,3,0,0,0,0,0,0,0,1,0,0,1
2026,,2026-03-27,823243,home,SFG,NYY,646240,Rafael Devers,16,DH,4,4,0,0,0,0,0,0,0,3,0,0,2
2026,,2026-03-27,823243,home,SFG,NYY,664056,Harrison Bader,9,CF,3,3,0,0,0,0,0,0,0,1,0,0,0
2026,,2026-03-27,823243,home,SFG,NYY,642715,Willy Adames,2,SS,3,3,0,0,0,0,0,0,0,3,0,0,1
2026,,2026-03-27,823243,home,SFG,NYY,650333,Luis Arraez,1,2B,4,4,0,0,0,0,0,0,0,0,0,0,0
2026,,2026-03-27,822839,away,ATH,TOR,671732,Lawrence Butler,4,CF,3,3,0,0,0,0,0,0,0,1,0,0,0
2026,,2026-03-27,822839,away,ATH,TOR,667670,Brent Rooker,25,DH,4,4,0,0,0,0,0,0,0,3,0,0,3
2026,,2026-03-27,822839,away,ATH,TOR,643446,Jeff McNeil,22,2B,3,2,0,0,0,0,0,0,1,1,0,0,0
2026,,2026-03-27,822839,away,ATH,TOR,666126,Carlos Cortes,26,RF,1,1,0,0,0,0,0,0,0,0,0,0,1
2026,,2026-03-27,822839,away,ATH,TOR,691777,Max Muncy,3,3B,3,3,0,0,0,0,0,0,0,2,0,0,0
2026,,2026-03-27,822839,away,ATH,TOR,672016,Denzel Clarke,1,CF,2,2,0,0,0,0,0,0,0,1,0,0,0
2026,,2026-03-27,822839,away,ATH,TOR,691016,Tyler Soderstrom,21,LF,4,3,0,0,0,0,0,0,1,2,0,0,0
2026,,2026-03-27,822839,away,ATH,TOR,701762,Nick Kurtz,16,1B,4,4,0,0,0,0,0,0,0,3,0,0,0
2026,,2026-03-27,822839,away,ATH,TOR,669127,Shea Langeliers,23,C,4,4,2,3,0,0,2,2,0,1,0,9,0
2026,,2026-03-27,822839,away,ATH,TOR,805779,Jacob Wilson,5,SS,4,4,0,0,0,0,0,0,0,2,0,0,3
2026,,2026-03-27,822839,home,TOR,ATH,676391,Ernie Clement,22,2B,4,4,1,2,2,0,0,0,0,0,0,4,1
2026,,2026-03-27,822839,home,TOR,ATH,662139,Daulton Varsho,5,CF,4,4,0,0,0,0,0,0,0,1,0,0,0
2026,,2026-03-27,822839,home,TOR,ATH,665926,Andrés Giménez,0,SS,4,3,0,2,0,1,0,3,1,0,0,4,0
2026,,2026-03-27,822839,home,TOR,ATH,664770,Nathan Lukes,38,RF,4,3,0,0,0,0,0,0,1,0,0,0,1
2026,,2026-03-27,822839,home,TOR,ATH,680718,Addison Barger,47,RF,4,4,0,0,0,0,0,0,0,1,0,0,3
2026,,2026-03-27,822839,home,TOR,ATH,543807,George Springer,4,DH,4,4,0,0,0,0,0,0,0,0,0,0,3
2026,,2026-03-27,822839,home,TOR,ATH,665489,Vladimir Guerrero Jr.,27,1B,4,3,0,1,0,0,0,0,1,0,0,1,0
2026,,2026-03-27,822839,home,TOR,ATH,664702,Myles Straw,3,LF,0,0,0,0,0,0,0,0,0,0,0,0,0
2026,,2026-03-27,822839,home,TOR,ATH,672386,Alejandro Kirk,30,C,4,4,0,0,0,0,0,0,0,0,0,0,1
2026,,2026-03-27,822839,home,TOR,ATH,672960,Kazuma Okamoto,7,3B,4,3,2,2,0,0,0,0,1,1,0,2,0
2026,,2026-03-27,823893,away,COL,MIA,664983,Jake McCarthy,31,LF,3,3,0,1,0,0,0,0,0,1,1,1,0
2026,,2026-03-27,823893,away,COL,MIA,690924,Braxton Fulford,37,DH,1,1,0,0,0,0,0,0,0,1,0,0,0
2026,,2026-03-27,823893,away,COL,MIA,650489,Willi Castro,3,LF,4,4,1,0,0,0,0,0,0,2,0,0,3
2026,,2026-03-27,823893,away,COL,MIA,666397,Edouard Julien,6,DH,2,2,0,0,0,0,0,0,0,1,0,0,0
2026,,2026-03-27,823893,away,COL,MIA,690022,Ryan Ritter,8,2B,1,1,0,0,0,0,0,0,0,1,0,0,1
2026,,2026-03-27,823893,away,COL,MIA,696100,Hunter Goodman,15,C,4,4,0,2,0,0,0,0,0,0,0,2,0
2026,,2026-03-27,823893,away,COL,MIA,687597,Jordan Beck,27,RF,4,3,0,1,0,0,0,1,1,0,0,1,1
2026,,2026-03-27,823893,away,COL,MIA,664954,Brett Sullivan,26,PR,0,0,0,0,0,0,0,0,0,0,0,0,0
2026,,2026-03-27,823893,away,COL,MIA,686668,Brenton Doyle,9,CF,4,4,0,0,0,0,0,0,0,2,0,0,4
2026,,2026-03-27,823893,away,COL,MIA,678662,Ezequiel Tovar,14,SS,4,4,0,1,0,0,0,0,0,1,0,1,1
2026,,2026-03-27,823893,away,COL,MIA,681198,TJ Rumfield,7,1B,4,3,0,1,0,0,0,0,1,0,0,1,1
2026,,2026-03-27,823893,away,COL,MIA,691720,Kyle Karros,12,3B,3,3,0,1,0,0,0,0,0,0,0,1,0
2026,,2026-03-27,823893,home,MIA,COL,665052,Griffin Conine,18,RF,1,1,0,0,0,0,0,0,0,0,0,0,1
2026,,2026-03-27,823893,home,MIA,COL,681715,Heriberto Hernández,13,LF,4,4,0,0,0,0,0,0,0,0,0,0,4
2026,,2026-03-27,823893,home,MIA,COL,805300,Jakob Marsee,87,CF,4,4,0,1,1,0,0,0,0,0,1,2,1
2026,,2026-03-27,823893,home,MIA,COL,691594,Javier Sanoja,8,LF,3,3,0,3,0,0,0,1,0,0,0,3,0
2026,,2026-03-27,823893,home,MIA,COL,669364,Xavier Edwards,9,2B,4,4,1,1,0,0,0,0,0,0,0,1,3
2026,,2026-03-27,823893,home,MIA,COL,688363,Graham Pauley,21,3B,0,0,0,0,0,0,0,0,0,0,0,0,0
2026,,2026-03-27,823893,home,MIA,COL,683357,Owen Caissie,17,DH,4,4,1,1,1,0,0,1,0,2,0,2,1
2026,,2026-03-27,823893,home,MIA,COL,682663,Agustín Ramírez,50,C,4,3,0,0,0,0,0,0,1,0,0,0,2
2026,,2026-03-27,823893,home,MIA,COL,681393,Connor Norby,1,1B,4,3,0,2,1,0,0,0,0,0,0,3,2
2026,,2026-03-27,823893,home,MIA,COL,596103,Austin Slater,15,RF,3,3,0,0,0,0,0,0,0,1,0,0,2
2026,,2026-03-27,823893,home,MIA,COL,672640,Otto Lopez,6,SS,4,3,0,0,0,0,0,0,1,1,0,0,1
2026,,2026-03-27,824946,away,KCR,ATL,695600,Carter Jensen,22,DH,3,3,0,0,0,0,0,0,0,1,0,0,0
2026,,2026-03-27,824946,away,KCR,ATL,663697,Jonathan India,6,2B,4,3,0,0,0,0,0,0,1,1,0,0,0
2026,,2026-03-27,824946,away,KCR,ATL,686555,Isaac Collins,1,LF,3,3,0,0,0,0,0,0,0,0,0,0,3
2026,,2026-03-27,824946,away,KCR,ATL,521692,Salvador Perez,13,C,4,4,0,1,0,0,0,0,0,0,0,1,5
2026,,2026-03-27,824946,away,KCR,ATL,516782,Starling Marte,0,RF,3,3,0,0,0,0,0,0,0,1,0,0,2
2026,,2026-03-27,824946,away,KCR,ATL,686469,Vinnie Pasquantino,9,1B,4,3,0,0,0,0,0,0,0,0,0,0,1
2026,,2026-03-27,824946,away,KCR,ATL,672580,Maikel Garcia,11,3B,4,3,0,1,0,0,0,0,1,1,1,1,0
2026,,2026-03-27,824946,away,KCR,ATL,657041,Lane Thomas,15,CF,4,3,0,1,0,0,0,0,1,2,0,1,1
2026,,2026-03-27,824946,away,KCR,ATL,695506,Jac Caglianone,14,PH,1,1,0,0,0,0,0,0,0,1,0,0,0
2026,,2026-03-27,824946,away,KCR,ATL,677951,Bobby Witt Jr.,7,SS,4,4,0,2,0,0,0,0,0,1,0,2,2
2026,,2026-03-27,824946,home,ATL,KCR,641680,Jonah Heim,20,C,4,2,1,0,0,0,0,0,2,0,0,0,3
2026,,2026-03-27,824946,home,ATL,KCR,671739,Michael Harris II,23,CF,4,4,1,1,0,0,1,2,0,1,0,4,1
2026,,2026-03-27,824946,home,ATL,KCR,643289,Mauricio Dubón,14,SS,4,4,0,1,1,0,0,2,0,2,0,2,2
2026,,2026-03-27,824946,home,ATL,KCR,686948,Drake Baldwin,30,DH,5,4,1,1,0,0,1,1,1,0,0,4,0
2026,,2026-03-27,824946,home,ATL,KCR,621566,Matt Olson,28,1B,4,4,1,2,1,0,0,0,0,2,0,3,0
2026,,2026-03-27,824946,home,ATL,KCR,660670,Ronald Acuña Jr.,13,RF,5,5,0,0,0,0,0,0,0,3,0,0,1
2026,,2026-03-27,824946,home,ATL,KCR,642201,Eli White,36,LF,4,4,0,1,0,0,0,0,0,2,0,1,5
2026,,2026-03-27,824946,home,ATL,KCR,645277,Ozzie Albies,1,2B,4,4,1,2,0,0,1,1,0,0,0,5,1
2026,,2026-03-27,824946,home,ATL,KCR,663586,Austin Riley,27,3B,4,3,1,3,0,0,0,0,1,0,0,3,0
2026,,2026-03-27,824216,away,LAA,HOU,672724,Oswald Peraza,2,2B,4,3,0,0,0,0,0,0,1,2,0,0,1
2026,,2026-03-27,824216,away,LAA,HOU,687263,Zach Neto,9,SS,5,5,2,2,1,0,1,1,0,1,0,6,3
2026,,2026-03-27,824216,away,LAA,HOU,624585,Jorge Soler,12,DH,5,4,0,0,0,0,0,0,1,2,0,0,5
2026,,2026-03-27,824216,away,LAA,HOU,660162,Yoán Moncada,10,3B,5,4,1,0,0,0,0,0,1,1,0,0,6
2026,,2026-03-27,824216,away,LAA,HOU,545361,Mike Trout,27,CF,5,4,1,3,0,0,1,1,1,0,0,6,0
2026,,2026-03-27,824216,away,LAA,HOU,666176,Jo Adell,7,LF,5,5,1,1,0,0,0,0,0,2,0,1,6
2026,,2026-03-27,824216,away,LAA,HOU,694384,Nolan Schanuel,18,1B,5,3,0,2,0,0,0,0,2,0,0,2,1
2026,,2026-03-27,824216,away,LAA,HOU,666139,Josh Lowe,3,LF,4,4,1,2,1,0,1,3,0,1,0,6,0
2026,,2026-03-27,824216,away,LAA,HOU,669326,Bryce Teodosio,22,RF,0,0,0,0,0,0,0,0,0,0,0,0,0
2026,,2026-03-27,824216,away,LAA,HOU,681351,Logan O'Hoppe,14,C,4,4,0,1,0,0,0,0,0,2,0,1,1
2026,,2026-03-27,824216,home,HOU,LAA,670623,Isaac Paredes,15,DH,4,4,0,0,0,0,0,0,0,2,0,0,1
2026,,2026-03-27,824216,home,HOU,LAA,701358,Cam Smith,11,RF,4,4,0,0,0,0,0,0,0,2,0,0,5
2026,,2026-03-27,824216,home,HOU,LAA,694728,Brice Matthews,0,CF,3,3,0,1,1,0,0,0,0,2,0,2,1
2026,,2026-03-27,824216,home,HOU,LAA,514888,Jose Altuve,27,2B,4,3,0,1,0,0,0,0,1,1,1,1,0
2026,,2026-03-27,824216,home,HOU,LAA,694388,Joey Loperfido,10,PH,1,1,0,0,0,0,0,0,0,1,0,0,0
2026,,2026-03-27,824216,home,HOU,LAA,665161,Jeremy Peña,3,SS,5,5,1,2,0,0,0,0,0,0,1,2,1
2026,,2026-03-27,824216,home,HOU,LAA,621043,Carlos Correa,1,3B,4,3,0,2,0,0,0,0,1,0,0,2,1
2026,,2026-03-27,824216,home,HOU,LAA,572233,Christian Walker,8,1B,4,3,0,0,0,0,0,0,1,0,0,0,0
2026,,2026-03-27,824216,home,HOU,LAA,673237,Yainer Diaz,21,C,4,4,0,1,0,0,0,0,0,1,0,1,2
2026,,2026-03-27,824216,home,HOU,LAA,670541,Yordan Alvarez,44,LF,5,5,1,1,0,0,1,1,0,1,0,4,3
2026,,2026-03-27,823324,away,DET,SDP,656716,Zach McKinstry,39,2B,2,2,0,1,0,0,0,0,0,0,0,1,1
2026,,2026-03-27,823324,away,DET,SDP,663330,Jahmai Jones,18,PH,1,1,0,0,0,0,0,0,0,0,0,0,1
2026,,2026-03-27,823324,away,DET,SDP,595879,Javier Báez,28,2B,4,4,0,0,0,0,0,0,0,1,0,0,3
2026,,2026-03-27,823324,away,DET,SDP,682985,Riley Greene,31,LF,5,5,1,1,0,0,0,1,0,0,0,1,6
2026,,2026-03-27,823324,away,DET,SDP,805808,Kevin McGonigle,7,SS,4,3,0,1,0,0,0,2,1,0,0,1,0
2026,,2026-03-27,823324,away,DET,SDP,681481,Kerry Carpenter,30,RF,5,3,1,0,0,0,0,0,2,3,0,0,3
2026,,2026-03-27,823324,away,DET,SDP,679529,Spencer Torkelson,20,1B,4,4,0,1,0,0,0,1,0,2,0,1,3
2026,,2026-03-27,823324,away,DET,SDP,650402,Gleyber Torres,25,DH,5,2,2,1,0,0,0,0,3,1,0,1,1
2026,,2026-03-27,823324,away,DET,SDP,663837,Matt Vierling,8,CF,2,2,0,0,0,0,0,0,0,0,0,0,2
2026,,2026-03-27,823324,away,DET,SDP,678009,Parker Meadows,22,CF,2,1,0,0,0,0,0,0,1,1,1,0,2
2026,,2026-03-27,823324,away,DET,SDP,693307,Dillon Dingler,13,C,4,3,0,1,0,0,0,1,0,1,0,1,0
2026,,2026-03-27,823324,away,DET,SDP,690993,Colt Keith,33,3B,2,1,1,0,0,0,0,0,1,0,0,0,2
2026,,2026-03-27,823324,home,SDP,DET,669134,Luis Campusano,12,C,3,3,0,0,0,0,0,0,0,3,0,0,2
2026,,2026-03-27,823324,home,SDP,DET,592206,Nick Castellanos,21,PH,1,1,0,0,0,0,0,0,0,1,0,0,0
2026,,2026-03-27,823324,home,SDP,DET,701538,Jackson Merrill,3,CF,4,3,1,2,1,0,0,0,1,0,0,3,1
2026,,2026-03-27,823324,home,SDP,DET,657757,Gavin Sheets,30,PH,1,1,0,0,0,0,0,0,0,1,0,0,0
2026,,2026-03-27,823324,home,SDP,DET,657656,Ramón Laureano,5,LF,4,4,0,1,1,0,0,1,0,1,0,2,4
2026,,2026-03-27,823324,home,SDP,DET,592518,Manny Machado,13,3B,4,3,1,1,1,0,0,0,1,0,0,2,1
2026,,2026-03-27,823324,home,SDP,DET,609280,Miguel Andujar,41,DH,4,4,0,1,0,0,0,1,0,1,0,1,3
2026,,2026-03-27,823324,home,SDP,DET,664034,Ty France,25,1B,3,3,0,0,0,0,0,0,0,2,0,0,4
2026,,2026-03-27,823324,home,SDP,DET,665487,Fernando Tatis Jr.,23,RF,4,4,0,0,0,0,0,0,0,1,0,0,2
2026,,2026-03-27,823324,home,SDP,DET,593428,Xander Bogaerts,2,SS,4,4,0,1,0,0,0,0,0,0,0,1,2
2026,,2026-03-27,823324,home,SDP,DET,630105,Jake Cronenworth,9,2B,4,4,0,2,0,0,0,0,0,2,0,2,2
2026,,2026-03-27,823162,away,CLE,SEA,800050,Chase DeLauter,24,RF,4,4,1,1,0,0,1,1,0,1,0,4,2
2026,,2026-03-27,823162,away,CLE,SEA,677587,Brayan Rocchio,4,2B,3,2,0,0,0,0,0,0,0,0,0,0,0
2026,,2026-03-27,823162,away,CLE,SEA,672356,Gabriel Arias,13,SS,3,3,0,0,0,0,0,0,0,2,0,0,3
2026,,2026-03-27,823162,away,CLE,SEA,666310,Bo Naylor,23,C,4,3,0,1,0,0,0,0,1,0,0,1,0
2026,,2026-03-27,823162,away,CLE,SEA,608070,José Ramírez,11,3B,4,4,0,0,0,0,0,0,0,0,0,0,1
2026,,2026-03-27,823162,away,CLE,SEA,680757,Steven Kwan,38,CF,4,4,0,2,0,0,0,0,0,0,0,2,3
2026,,2026-03-27,823162,away,CLE,SEA,700932,Kyle Manzardo,9,DH,4,4,0,0,0,0,0,0,0,4,0,0,0
2026,,2026-03-27,823162,away,CLE,SEA,656555,Rhys Hoskins,8,1B,4,3,0,0,0,0,0,0,1,2,0,0,2
2026,,2026-03-27,823162,away,CLE,SEA,692216,CJ Kayfus,2,LF,4,3,0,0,0,0,0,0,1,0,0,0,2
2026,,2026-03-27,823162,home,SEA,CLE,647304,Josh Naylor,12,1B,4,4,0,0,0,0,0,0,0,0,0,0,2
2026,,2026-03-27,823162,home,SEA,CLE,702284,Cole Young,2,2B,3,3,1,1,0,0,1,3,0,1,0,4,1
2026,,2026-03-27,823162,home,SEA,CLE,668227,Randy Arozarena,56,LF,4,1,2,0,0,0,0,0,3,0,1,0,0
2026,,2026-03-27,823162,home,SEA,CLE,686527,Dominic Canzone,8,DH,3,2,1,0,0,0,0,0,1,0,0,0,1
2026,,2026-03-27,823162,home,SEA,CLE,663728,Cal Raleigh,29,C,4,4,0,0,0,0,0,0,0,4,0,0,3
2026,,2026-03-27,823162,home,SEA,CLE,680977,Brendan Donovan,33,3B,4,2,0,0,0,0,0,0,2,1,0,0,1
2026,,2026-03-27,823162,home,SEA,CLE,677594,Julio Rodríguez,44,CF,4,3,0,0,0,0,0,0,1,2,0,0,2
2026,,2026-03-27,823162,home,SEA,CLE,660844,Leo Rivas,76,SS,3,3,0,1,0,1,0,0,0,1,0,3,0
2026,,2026-03-27,823162,home,SEA,CLE,670042,Luke Raley,20,RF,4,4,1,1,0,0,1,2,0,1,0,4,2
2026,,2026-03-27,823971,away,ARI,LAD,691783,Jordan Lawlar,10,LF,4,4,0,0,0,0,0,0,0,2,0,0,1
2026,,2026-03-27,823971,away,ARI,LAD,571448,Nolan Arenado,28,3B,4,4,0,0,0,0,0,0,0,4,0,0,4
2026,,2026-03-27,823971,away,ARI,LAD,606466,Ketel Marte,4,2B,5,5,1,2,0,0,1,1,0,1,0,5,1
2026,,2026-03-27,823971,away,ARI,LAD,672695,Geraldo Perdomo,2,SS,4,4,0,1,1,0,0,0,0,1,0,2,1
2026,,2026-03-27,823971,away,ARI,LAD,672515,Gabriel Moreno,14,C,4,4,1,2,0,0,0,0,0,0,0,2,1
2026,,2026-03-27,823971,away,ARI,LAD,682998,Corbin Carroll,7,RF,4,4,0,0,0,0,0,0,0,2,0,0,1
2026,,2026-03-27,823971,away,ARI,LAD,467793,Carlos Santana,41,1B,4,3,1,1,1,0,0,0,1,1,0,2,2
2026,,2026-03-27,823971,away,ARI,LAD,656976,Pavin Smith,26,DH,4,2,1,0,0,0,0,0,2,0,0,0,1
2026,,2026-03-27,823971,away,ARI,LAD,677950,Alek Thomas,5,CF,4,3,0,2,2,0,0,3,1,1,1,4,2
2026,,2026-03-27,823971,home,LAD,ARI,669257,Will Smith,16,C,3,3,0,0,0,0,0,0,0,0,0,0,0
2026,,2026-03-27,823971,home,LAD,ARI,663656,Kyle Tucker,23,RF,4,3,1,1,0,0,0,1,1,2,1,1,0
2026,,2026-03-27,823971,home,LAD,ARI,571970,Max Muncy,13,3B,3,2,0,0,0,0,0,0,1,1,0,0,0
2026,,2026-03-27,823971,home,LAD,ARI,518692,Freddie Freeman,5,1B,4,4,0,0,0,0,0,0,0,0,0,0,1
2026,,2026-03-27,823971,home,LAD,ARI,660271,Shohei Ohtani,17,DH,4,3,1,0,0,0,0,0,1,1,0,0,1
2026,,2026-03-27,823971,home,LAD,ARI,606192,Teoscar Hernández,37,LF,3,3,0,0,0,0,0,0,0,1,0,0,1
2026,,2026-03-27,823971,home,LAD,ARI,681624,Andy Pages,44,CF,3,3,0,0,0,0,0,0,0,0,0,0,0
2026,,2026-03-27,823971,home,LAD,ARI,605141,Mookie Betts,50,SS,4,4,1,1,0,0,1,3,0,0,0,4,1
2026,,2026-03-27,823971,home,LAD,ARI,690976,Alex Freeland,76,2B,3,3,2,2,1,0,1,1,0,0,0,6,0
2026,,2026-03-28,823082,away,TBR,STL,680700,Richie Palacios,1,2B,2,2,0,0,0,0,0,0,0,0,0,0,0
2026,,2026-03-28,823082,away,TBR,STL,700246,Carson Williams,7,SS,4,4,1,1,0,0,0,2,0,1,0,1,1
2026,,2026-03-28,823082,away,TBR,STL,641584,Jake Fraley,17,RF,5,5,0,0,0,0,0,0,0,2,0,0,5
2026,,2026-03-28,823082,away,TBR,STL,802415,Chandler Simpson,14,LF,4,4,1,2,0,0,0,0,0,1,0,2,0
2026,,2026-03-28,823082,away,TBR,STL,676356,Jonny DeLuca,21,DH,0,0,0,0,0,0,0,0,0,0,0,0,0
2026,,2026-03-28,823082,away,TBR,STL,676439,Hunter Feduccia,9,C,2,2,0,0,0,0,0,0,0,2,0,0,0
2026,,2026-03-28,823082,away,TBR,STL,666018,Jonathan Aranda,8,1B,5,3,1,1,0,0,0,0,2,1,0,1,1
2026,,2026-03-28,823082,away,TBR,STL,663743,Nick Fortes,40,C,2,2,0,1,0,0,0,1,0,0,0,1,0
2026,,2026-03-28,823082,away,TBR,STL,650490,Yandy Díaz,2,DH,5,5,0,1,0,0,0,1,0,1,0,1,0
2026,,2026-03-28,823082,away,TBR,STL,810938,Ben Williamson,15,2B,2,2,1,0,0,0,0,0,0,0,0,0,1
2026,,2026-03-28,823082,away,TBR,STL,691406,Junior Caminero,13,3B,4,3,1,1,0,0,0,0,1,0,0,1,2
2026,,2026-03-28,823082,away,TBR,STL,656775,Cedric Mullins,31,CF,4,4,0,0,0,0,0,0,0,0,0,0,5
2026,,2026-03-28,823082,home,STL,TBR,669357,Nolan Gorman,16,DH,4,4,0,1,0,0,0,1,0,1,0,1,0
2026,,2026-03-28,823082,home,STL,TBR,691023,Jordan Walker,18,RF,4,2,2,0,0,0,0,0,2,0,0,0,0
2026,,2026-03-28,823082,home,STL,TBR,701675,Nathan Church,27,LF,4,4,1,0,0,0,0,0,0,1,0,0,1
2026,,2026-03-28,823082,home,STL,TBR,687363,Victor Scott II,11,CF,4,2,1,0,0,0,0,0,0,1,0,0,0
2026,,2026-03-28,823082,home,STL,TBR,665877,José Fermín,15,PR,0,0,0,0,0,0,0,0,0,0,0,0,0
2026,,2026-03-28,823082,home,STL,TBR,802139,JJ Wetherholt,26,2B,5,5,1,2,0,0,0,2,0,0,1,2,2
2026,,2026-03-28,823082,home,STL,TBR,676475,Alec Burleson,41,1B,4,3,1,1,0,0,0,2,0,0,1,1,0
2026,,2026-03-28,823082,home,STL,TBR,686780,Pedro Pagés,43,C,0,0,0,0,0,0,0,0,0,0,0,0,0
2026,,2026-03-28,823082,home,STL,TBR,602104,Ramón Urías,29,3B,4,4,0,1,1,0,0,0,0,2,0,2,1
2026,,2026-03-28,823082,home,STL,TBR,691026,Masyn Winn,0,SS,4,4,0,0,0,0,0,0,0,2,0,0,2
2026,,2026-03-28,823082,home,STL,TBR,671056,Iván Herrera,48,C,4,4,0,1,1,0,0,1,0,1,0,2,1
2026,,2026-03-28,824701,away,WSN,CHC,691781,Brady House,12,3B,4,3,1,0,0,0,0,0,1,2,0,0,3
2026,,2026-03-28,824701,away,WSN,CHC,683083,Nasim Nuñez,26,SS,3,3,0,1,0,0,0,1,0,1,0,1,0
2026,,2026-03-28,824701,away,WSN,CHC,665953,Andrés Chaparro,87,DH,1,0,0,0,0,0,0,0,1,0,0,0,0
2026,,2026-03-28,824701,away,WSN,CHC,686452,Drew Millas,14,C,4,3,0,0,0,0,0,0,1,1,0,0,0
2026,,2026-03-28,824701,away,WSN,CHC,678391,Jorbit Vivas,84,2B,3,3,0,0,0,0,0,0,0,0,0,0,2
2026,,2026-03-28,824701,away,WSN,CHC,695734,Daylen Lile,4,LF,4,3,0,1,0,0,0,0,1,0,0,1,1
2026,,2026-03-28,824701,away,WSN,CHC,677588,José Tena,8,DH,2,2,0,0,0,0,0,0,0,0,0,0,1
2026,,2026-03-28,824701,away,WSN,CHC,695578,James Wood,29,RF,4,4,1,1,0,0,1,1,0,1,0,4,1
2026,,2026-03-28,824701,away,WSN,CHC,696285,Jacob Young,30,CF,3,3,0,0,0,0,0,0,0,1,0,0,1
2026,,2026-03-28,824701,away,WSN,CHC,671277,Luis García Jr.,2,1B,4,4,0,1,0,0,0,0,0,0,0,1,1
2026,,2026-03-28,824701,home,CHC,WSN,664023,Ian Happ,8,LF,5,5,1,1,0,0,1,3,0,1,0,4,0
2026,,2026-03-28,824701,home,CHC,WSN,608324,Alex Bregman,3,3B,5,5,0,0,0,0,0,0,0,1,0,0,4
2026,,2026-03-28,824701,home,CHC,WSN,683737,Michael Busch,29,1B,5,4,1,1,0,0,0,0,1,0,0,1,0
2026,,2026-03-28,824701,home,CHC,WSN,608348,Carson Kelly,15,DH,1,0,0,0,0,0,0,1,1,0,0,0,0
2026,,2026-03-28,824701,home,CHC,WSN,691718,Pete Crow-Armstrong,4,CF,5,4,2,2,0,0,0,0,1,1,2,2,0
2026,,2026-03-28,824701,home,CHC,WSN,665804,Miguel Amaya,9,C,4,4,2,2,0,0,1,2,0,1,0,5,1
2026,,2026-03-28,824701,home,CHC,WSN,694208,Moisés Ballesteros,25,DH,3,3,1,1,0,0,0,0,0,2,0,1,1
2026,,2026-03-28,824701,home,CHC,WSN,621020,Dansby Swanson,7,SS,4,3,1,1,0,0,0,0,1,0,0,1,2
2026,,2026-03-28,824701,home,CHC,WSN,663538,Nico Hoerner,2,2B,5,3,1,1,1,0,0,1,2,0,1,2,1
2026,,2026-03-28,824701,home,CHC,WSN,807713,Matt Shaw,6,RF,4,3,1,1,0,0,0,1,0,1,0,1,3
2026,,2026-03-28,822838,away,ATH,TOR,667670,Brent Rooker,25,DH,5,5,0,1,0,0,0,1,0,3,0,1,2
2026,,2026-03-28,822838,away,ATH,TOR,643446,Jeff McNeil,22,RF,5,5,1,1,0,0,0,0,0,1,1,1,1
2026,,2026-03-28,822838,away,ATH,TOR,666126,Carlos Cortes,26,RF,2,2,0,0,0,0,0,0,0,1,0,0,0
2026,,2026-03-28,822838,away,ATH,TOR,691777,Max Muncy,3,3B,5,5,1,1,0,0,0,0,0,3,1,1,1
2026,,2026-03-28,822838,away,ATH,TOR,672016,Denzel Clarke,1,CF,5,5,1,1,0,0,0,1,0,3,0,1,2
2026,,2026-03-28,822838,away,ATH,TOR,691016,Tyler Soderstrom,21,LF,5,5,0,2,1,0,0,1,0,2,0,3,4
2026,,2026-03-28,822838,away,ATH,TOR,687231,Darell Hernaiz,2,SS,0,0,0,0,0,0,0,0,0,0,0,0,0
2026,,2026-03-28,822838,away,ATH,TOR,701762,Nick Kurtz,16,1B,5,2,3,0,0,0,0,0,3,2,1,0,0
2026,,2026-03-28,822838,away,ATH,TOR,669127,Shea Langeliers,23,C,5,4,1,2,0,0,1,4,1,1,0,5,1
2026,,2026-03-28,822838,away,ATH,TOR,628451,Andy Ibáñez,77,2B,3,2,0,0,0,0,0,0,1,1,0,0,2
2026,,2026-03-28,822838,away,ATH,TOR,805779,Jacob Wilson,5,SS,5,5,0,0,0,0,0,0,0,2,0,0,3
2026,,2026-03-28,822838,home,TOR,ATH,676391,Ernie Clement,22,2B,6,6,0,2,0,0,0,1,0,0,0,2,4
2026,,2026-03-28,822838,home,TOR,ATH,662139,Daulton Varsho,5,CF,6,4,1,2,0,0,0,1,2,0,0,2,0
2026,,2026-03-28,822838,home,TOR,ATH,665926,Andrés Giménez,0,SS,5,5,0,4,0,0,0,1,0,0,1,4,0
2026,,2026-03-28,822838,home,TOR,ATH,676914,Davis Schneider,36,LF,3,3,0,0,0,0,0,0,0,1,0,0,2
2026,,2026-03-28,822838,home,TOR,ATH,664770,Nathan Lukes,38,PR,0,0,1,0,0,0,0,0,0,0,0,0,0
2026,,2026-03-28,822838,home,TOR,ATH,680718,Addison Barger,47,RF,3,1,0,0,0,0,0,1,1,0,0,0,2
2026,,2026-03-28,822838,home,TOR,ATH,543807,George Springer,4,DH,6,6,0,1,1,0,0,1,0,3,0,2,6
2026,,2026-03-28,822838,home,TOR,ATH,665489,Vladimir Guerrero Jr.,27,1B,6,3,1,1,0,0,0,1,3,0,0,1,5
2026,,2026-03-28,822838,home,TOR,ATH,660821,Jesús Sánchez,12,LF,3,2,2,1,0,0,0,1,0,0,0,1,1
2026,,2026-03-28,822838,home,TOR,ATH,664702,Myles Straw,3,RF,2,2,1,1,0,0,0,0,0,0,0,1,0
2026,,2026-03-28,822838,home,TOR,ATH,672386,Alejandro Kirk,30,C,6,5,2,1,0,0,1,1,1,1,0,4,5
2026,,2026-03-28,822838,home,TOR,ATH,672960,Kazuma Okamoto,7,3B,6,5,0,1,0,0,0,0,1,2,0,1,5
2026,,2026-03-28,824862,away,MIN,BAL,665019,Kody Clemens,2,1B,4,4,0,1,0,0,0,1,0,2,0,1,0
2026,,2026-03-28,824862,away,MIN,BAL,686797,Brooks Lee,22,SS,3,3,0,0,0,0,0,0,0,1,0,0,1
2026,,2026-03-28,824862,away,MIN,BAL,605137,Josh Bell,56,DH,4,3,0,0,0,0,0,1,0,1,0,0,0
2026,,2026-03-28,824862,away,MIN,BAL,680777,Ryan Jeffers,27,C,4,3,0,0,0,0,0,0,1,2,0,0,1
2026,,2026-03-28,824862,away,MIN,BAL,681546,James Outman,30,LF,1,1,0,0,0,0,0,0,0,0,0,0,0
2026,,2026-03-28,824862,away,MIN,BAL,668904,Royce Lewis,23,3B,4,3,2,1,0,0,1,2,1,1,1,4,0
2026,,2026-03-28,824862,away,MIN,BAL,663616,Trevor Larnach,9,LF,3,2,1,0,0,0,0,0,1,0,0,0,1
2026,,2026-03-28,824862,away,MIN,BAL,621439,Byron Buxton,25,CF,4,4,1,2,0,0,0,0,0,1,0,2,1
2026,,2026-03-28,824862,away,MIN,BAL,670242,Matt Wallner,38,RF,4,3,0,0,0,0,0,0,1,1,0,0,0
2026,,2026-03-28,824862,away,MIN,BAL,807712,Luke Keaschall,15,2B,4,4,0,0,0,0,0,0,0,1,0,0,2
2026,,2026-03-28,824862,home,BAL,MIN,669236,Jeremiah Jackson,82,2B,4,4,0,2,0,0,0,1,0,1,0,2,1
2026,,2026-03-28,824862,home,BAL,MIN,694212,Samuel Basallo,29,DH,4,3,0,0,0,0,0,0,1,2,0,0,2
2026,,2026-03-28,824862,home,BAL,MIN,683002,Gunnar Henderson,2,SS,5,4,0,0,0,0,0,0,0,3,1,0,5
2026,,2026-03-28,824862,home,BAL,MIN,665750,Leody Taveras,30,CF,1,1,0,0,0,0,0,0,0,1,0,0,0
2026,,2026-03-28,824862,home,BAL,MIN,621493,Taylor Ward,3,LF,5,3,0,0,0,0,0,0,2,2,0,0,1
2026,,2026-03-28,824862,home,BAL,MIN,687637,Dylan Beavers,12,RF,2,2,0,0,0,0,0,0,0,1,0,0,3
2026,,2026-03-28,824862,home,BAL,MIN,668939,Adley Rutschman,35,C,4,2,0,0,0,0,0,0,2,1,0,0,0
2026,,2026-03-28,824862,home,BAL,MIN,663624,Ryan Mountcastle,6,PH,1,1,0,1,0,0,0,0,0,0,0,1,0
2026,,2026-03-28,824862,home,BAL,MIN,641933,Tyler O'Neill,9,RF,2,2,0,0,0,0,0,0,0,1,0,0,0
2026,,2026-03-28,824862,home,BAL,MIN,624413,Pete Alonso,25,1B,5,5,0,1,0,0,0,0,0,2,0,1,2
2026,,2026-03-28,824862,home,BAL,MIN,681297,Colton Cowser,17,CF,2,2,1,1,1,0,0,0,0,1,0,2,1
2026,,2026-03-28,824862,home,BAL,MIN,691723,Coby Mayo,16,3B,4,3,0,0,0,0,0,0,1,1,0,0,0
2026,,2026-03-28,823488,away,TEX,PHI,694497,Evan Carter,32,CF,4,4,0,1,0,0,0,0,0,1,0,1,2
2026,,2026-03-28,823488,away,TEX,PHI,694671,Wyatt Langford,36,LF,5,5,1,1,0,0,0,0,0,1,0,1,2
2026,,2026-03-28,823488,away,TEX,PHI,669394,Jake Burger,21,1B,5,5,1,2,0,0,1,2,0,3,0,5,2
2026,,2026-03-28,823488,away,TEX,PHI,592626,Joc Pederson,3,DH,2,1,0,0,0,0,0,0,1,0,0,0,0
2026,,2026-03-28,823488,away,TEX,PHI,608369,Corey Seager,5,SS,5,4,1,2,0,0,1,1,1,2,0,5,2
2026,,2026-03-28,823488,away,TEX,PHI,673962,Josh Jung,6,3B,4,4,0,0,0,0,0,0,0,1,0,0,5
2026,,2026-03-28,823488,away,TEX,PHI,457705,Andrew McCutchen,4,DH,3,3,0,1,0,0,0,1,0,0,0,1,2
2026,,2026-03-28,823488,away,TEX,PHI,607043,Brandon Nimmo,24,RF,5,5,2,2,0,0,0,0,0,1,1,2,0
2026,,2026-03-28,823488,away,TEX,PHI,669701,Josh Smith,8,2B,5,4,0,1,0,0,0,0,1,1,0,1,3
2026,,2026-03-28,823488,away,TEX,PHI,643376,Danny Jansen,9,C,4,4,0,0,0,0,0,0,0,3,0,0,3
2026,,2026-03-28,823488,home,PHI,TEX,669016,Brandon Marsh,16,LF,4,4,0,1,0,0,0,2,0,1,0,1,2
2026,,2026-03-28,823488,home,PHI,TEX,702222,Justin Crawford,2,CF,3,2,0,0,0,0,0,0,1,1,0,0,0
2026,,2026-03-28,823488,home,PHI,TEX,547180,Bryce Harper,3,1B,5,5,0,1,0,0,0,1,0,0,0,1,0
2026,,2026-03-28,823488,home,PHI,TEX,592663,J.T. Realmuto,10,C,4,4,1,1,0,0,0,0,0,2,0,1,1
2026,,2026-03-28,823488,home,PHI,TEX,624641,Edmundo Sosa,33,2B,1,0,1,0,0,0,0,0,1,0,0,0,0
2026,,2026-03-28,823488,home,PHI,TEX,664761,Alec Bohm,28,3B,5,5,1,1,0,0,0,0,0,0,0,1,2
2026,,2026-03-28,823488,home,PHI,TEX,681082,Bryson Stott,5,2B,3,2,0,0,0,0,0,0,1,0,0,0,0
2026,,2026-03-28,823488,home,PHI,TEX,656941,Kyle Schwarber,12,DH,5,5,0,0,0,0,0,0,0,4,0,0,2
2026,,2026-03-28,823488,home,PHI,TEX,805249,Otto Kemp,4,PH,1,0,0,0,0,0,0,0,0,0,0,0,0
2026,,2026-03-28,823488,home,PHI,TEX,666969,Adolis García,53,RF,4,4,1,1,1,0,0,1,0,1,0,2,1
2026,,2026-03-28,823488,home,PHI,TEX,607208,Trea Turner,7,SS,5,5,0,0,0,0,0,0,0,2,0,0,5
2026,,2026-03-28,824540,away,BOS,CIN,701350,Roman Anthony,19,LF,6,5,0,1,0,0,0,1,1,2,0,1,2
2026,,2026-03-28,824540,away,BOS,CIN,575929,Willson Contreras,40,1B,5,2,0,0,0,0,0,0,2,2,0,0,1
2026,,2026-03-28,824540,away,BOS,CIN,657136,Connor Wong,12,C,1,1,0,0,0,0,0,0,0,1,0,0,1
2026,,2026-03-28,824540,away,BOS,CIN,596115,Trevor Story,10,SS,6,6,1,1,0,0,1,1,0,4,0,4,4
2026,,2026-03-28,824540,away,BOS,CIN,677800,Wilyer Abreu,52,RF,5,5,1,2,1,0,1,2,0,0,0,6,4
2026,,2026-03-28,824540,away,BOS,CIN,702332,Caleb Durbin,5,3B,5,5,0,0,0,0,0,0,0,1,0,0,2
2026,,2026-03-28,824540,away,BOS,CIN,665966,Carlos Narváez,75,C,3,3,1,2,0,0,0,0,0,0,0,2,1
2026,,2026-03-28,824540,away,BOS,CIN,680776,Jarren Duran,16,DH,5,3,1,0,0,0,0,0,1,1,1,0,0
2026,,2026-03-28,824540,away,BOS,CIN,678882,Ceddanne Rafaela,3,CF,5,5,1,1,0,0,0,0,0,1,0,1,4
2026,,2026-03-28,824540,away,BOS,CIN,807799,Masataka Yoshida,7,PH,1,0,0,0,0,0,0,0,1,0,0,0,0
2026,,2026-03-28,824540,away,BOS,CIN,691785,Marcelo Mayer,11,2B,5,5,0,1,1,0,0,0,0,3,0,2,1
2026,,2026-03-28,824540,home,CIN,BOS,682829,Elly De La Cruz,44,SS,6,4,1,1,0,0,1,1,2,2,0,4,5
2026,,2026-03-28,824540,home,CIN,BOS,667472,Dane Myers,17,CF,1,1,0,1,0,0,0,1,0,0,0,1,0
2026,,2026-03-28,824540,home,CIN,BOS,701398,Sal Stewart,27,1B,5,4,1,2,0,0,1,2,1,0,0,5,1
2026,,2026-03-28,824540,home,CIN,BOS,682622,Noelvi Marte,4,RF,1,1,0,0,0,0,0,0,0,1,0,0,0
2026,,2026-03-28,824540,home,CIN,BOS,663993,Nathaniel Lowe,31,1B,1,1,0,0,0,0,0,0,0,0,0,0,1
2026,,2026-03-28,824540,home,CIN,BOS,680574,Matt McLain,9,2B,6,4,1,3,1,0,0,1,2,0,0,4,0
2026,,2026-03-28,824540,home,CIN,BOS,663647,Ke'Bryan Hayes,3,3B,4,4,1,0,0,0,0,0,0,0,0,0,1
2026,,2026-03-28,824540,home,CIN,BOS,666181,Will Benson,30,RF,4,3,0,1,0,0,0,0,1,1,0,1,3
2026,,2026-03-28,824540,home,CIN,BOS,670770,TJ Friedl,29,LF,6,6,2,1,0,0,0,0,0,4,1,1,2
2026,,2026-03-28,824540,home,CIN,BOS,668715,Spencer Steer,7,3B,5,4,0,0,0,0,0,0,1,1,0,0,3
2026,,2026-03-28,824540,home,CIN,BOS,624431,Jose Trevino,35,C,5,5,0,0,0,0,0,0,0,2,0,0,5
2026,,2026-03-28,824540,home,CIN,BOS,553993,Eugenio Suárez,28,DH,5,5,0,1,0,0,0,1,0,1,0,1,4
2026,,2026-03-28,823651,away,PIT,NYM,694377,Nick Yorke,38,RF,5,5,0,1,0,0,0,0,0,1,0,1,4
2026,,2026-03-28,823651,away,PIT,NYM,664040,Brandon Lowe,5,2B,5,5,0,1,0,0,0,0,0,1,0,1,3
2026,,2026-03-28,823651,away,PIT,NYM,663698,Joey Bart,14,C,3,3,0,1,0,0,0,0,0,1,0,1,2
2026,,2026-03-28,823651,away,PIT,NYM,668804,Bryan Reynolds,10,LF,6,5,1,2,0,0,0,1,1,2,0,2,2
2026,,2026-03-28,823651,away,PIT,NYM,665833,Oneil Cruz,15,PH,1,1,0,0,0,0,0,0,0,1,0,0,0
2026,,2026-03-28,823651,away,PIT,NYM,669707,Jared Triolo,19,SS,6,6,0,1,0,0,0,0,0,0,0,1,4
2026,,2026-03-28,823651,away,PIT,NYM,663968,Jake Mangum,28,CF,5,5,1,2,1,0,0,0,0,0,0,3,5
2026,,2026-03-28,823651,away,PIT,NYM,695257,Billy Cook,25,RF,0,0,0,0,0,0,0,0,0,0,0,0,0
2026,,2026-03-28,823651,away,PIT,NYM,680779,Henry Davis,32,C,1,0,0,0,0,0,0,0,1,0,0,0,0
2026,,2026-03-28,823651,away,PIT,NYM,656811,Ryan O'Hearn,29,1B,6,5,0,1,0,0,0,0,1,0,0,1,3
2026,,2026-03-28,823651,away,PIT,NYM,693304,Nick Gonzales,3,3B,6,6,0,2,0,0,0,1,0,3,0,2,4
2026,,2026-03-28,823651,away,PIT,NYM,542303,Marcell Ozuna,24,DH,6,5,0,1,0,0,0,0,1,0,0,1,5
2026,,2026-03-28,823651,home,NYM,PIT,620443,Luis Torrens,13,C,1,1,0,1,0,0,0,1,0,0,0,1,0
2026,,2026-03-28,823651,home,NYM,PIT,666182,Bo Bichette,19,3B,5,5,1,1,0,0,0,0,0,2,0,1,5
2026,,2026-03-28,823651,home,NYM,PIT,621438,Tyrone Taylor,15,PR,0,0,0,0,0,0,0,0,0,0,0,0,0
2026,,2026-03-28,823651,home,NYM,PIT,682626,Francisco Alvarez,4,C,3,2,0,0,0,0,0,0,1,1,0,0,0
2026,,2026-03-28,823651,home,NYM,PIT,668901,Mark Vientos,27,PH,1,1,0,1,0,0,0,0,0,0,0,1,0
2026,,2026-03-28,823651,home,NYM,PIT,683146,Brett Baty,7,DH,4,4,1,1,0,0,0,0,0,1,1,1,3
2026,,2026-03-28,823651,home,NYM,PIT,701807,Carson Benge,3,RF,3,3,0,0,0,0,0,0,0,2,0,0,2
2026,,2026-03-28,823651,home,NYM,PIT,543760,Marcus Semien,10,2B,4,3,0,0,0,0,0,0,0,1,0,0,3
2026,,2026-03-28,823651,home,NYM,PIT,596019,Francisco Lindor,12,SS,5,5,0,0,0,0,0,0,0,1,0,0,4
2026,,2026-03-28,823651,home,NYM,PIT,665742,Juan Soto,22,LF,5,5,0,1,0,0,0,0,0,0,0,1,4
2026,,2026-03-28,823651,home,NYM,PIT,593871,Jorge Polanco,11,1B,5,2,1,0,0,0,0,0,3,0,0,0,1
2026,,2026-03-28,823651,home,NYM,PIT,673357,Luis Robert Jr.,88,CF,5,4,1,1,0,0,1,3,1,0,0,4,2
2026,,2026-03-28,823651,home,NYM,PIT,676724,Jared Young,29,RF,0,0,0,0,0,0,0,0,0,0,0,0,0
2026,,2026-03-28,823892,away,COL,MIA,664983,Jake McCarthy,31,RF,4,4,0,0,0,0,0,0,0,1,0,0,1
2026,,2026-03-28,823892,away,COL,MIA,687859,Troy Johnston,20,RF,3,3,0,1,0,0,0,0,0,1,0,1,0
2026,,2026-03-28,823892,away,COL,MIA,650489,Willi Castro,3,LF,4,4,1,1,0,0,0,0,0,1,0,1,1
2026,,2026-03-28,823892,away,COL,MIA,666397,Edouard Julien,6,DH,3,3,0,1,1,0,0,0,0,1,0,2,1
2026,,2026-03-28,823892,away,COL,MIA,690022,Ryan Ritter,8,2B,1,1,0,0,0,0,0,0,0,1,0,0,0
2026,,2026-03-28,823892,away,COL,MIA,696100,Hunter Goodman,15,C,4,4,0,1,0,0,0,0,0,1,0,1,1
2026,,2026-03-28,823892,away,COL,MIA,686668,Brenton Doyle,9,CF,4,3,0,0,0,0,0,0,1,0,1,0,1
2026,,2026-03-28,823892,away,COL,MIA,678662,Ezequiel Tovar,14,SS,4,4,1,1,0,0,1,2,0,1,0,4,1
2026,,2026-03-28,823892,away,COL,MIA,681198,TJ Rumfield,7,1B,4,4,1,1,0,0,1,1,0,1,0,4,0
2026,,2026-03-28,823892,away,COL,MIA,691720,Kyle Karros,12,3B,3,3,0,0,0,0,0,0,0,2,1,0,2
2026,,2026-03-28,823892,home,MIA,COL,665052,Griffin Conine,18,LF,4,4,0,1,0,0,0,0,0,1,1,1,4
2026,,2026-03-28,823892,home,MIA,COL,805300,Jakob Marsee,87,CF,4,4,0,0,0,0,0,0,0,3,0,0,2
2026,,2026-03-28,823892,home,MIA,COL,669364,Xavier Edwards,9,2B,4,4,1,1,0,0,0,0,0,0,0,1,0
2026,,2026-03-28,823892,home,MIA,COL,688363,Graham Pauley,21,3B,4,4,0,1,0,0,0,0,0,2,0,1,4
2026,,2026-03-28,823892,home,MIA,COL,689414,Liam Hicks,34,C,4,2,1,1,0,0,1,3,0,0,0,4,1
2026,,2026-03-28,823892,home,MIA,COL,683357,Owen Caissie,17,RF,4,4,0,3,1,0,0,1,0,0,1,4,0
2026,,2026-03-28,823892,home,MIA,COL,682663,Agustín Ramírez,50,DH,4,3,1,2,0,0,0,0,1,0,1,2,0
2026,,2026-03-28,823892,home,MIA,COL,681393,Connor Norby,1,1B,4,3,0,0,0,0,0,0,0,1,0,0,2
2026,,2026-03-28,823892,home,MIA,COL,672640,Otto Lopez,6,SS,4,4,1,1,0,0,0,0,0,0,1,1,2
2026,,2026-03-28,824213,away,LAA,HOU,672724,Oswald Peraza,2,2B,4,4,2,3,0,0,1,1,0,1,0,6,0
2026,,2026-03-28,824213,away,LAA,HOU,687263,Zach Neto,9,SS,5,3,2,0,0,0,0,0,2,1,1,0,1
2026,,2026-03-28,824213,away,LAA,HOU,624585,Jorge Soler,12,DH,5,2,1,1,0,0,1,2,3,1,0,4,0
2026,,2026-03-28,824213,away,LAA,HOU,660162,Yoán Moncada,10,3B,4,3,0,0,0,0,0,0,0,1,0,0,3
2026,,2026-03-28,824213,away,LAA,HOU,545361,Mike Trout,27,CF,5,3,2,1,0,0,0,1,2,0,0,1,1
2026,,2026-03-28,824213,away,LAA,HOU,666176,Jo Adell,7,RF,4,4,0,0,0,0,0,0,0,0,0,0,2
2026,,2026-03-28,824213,away,LAA,HOU,694384,Nolan Schanuel,18,1B,5,5,1,1,0,0,1,3,0,1,0,4,4
2026,,2026-03-28,824213,away,LAA,HOU,666139,Josh Lowe,3,LF,4,3,0,0,0,0,0,0,1,2,0,0,2
2026,,2026-03-28,824213,away,LAA,HOU,681351,Logan O'Hoppe,14,C,4,3,1,0,0,0,0,0,0,1,0,0,1
2026,,2026-03-28,824213,home,HOU,LAA,670623,Isaac Paredes,15,3B,5,4,2,1,1,0,0,2,1,1,0,2,3
2026,,2026-03-28,824213,home,HOU,LAA,669397,Nick Allen,20,2B,0,0,0,0,0,0,0,0,0,0,0,0,0
2026,,2026-03-28,824213,home,HOU,LAA,701358,Cam Smith,11,RF,5,4,1,1,0,0,0,0,1,1,0,1,3
2026,,2026-03-28,824213,home,HOU,LAA,676694,Jake Meyers,6,CF,5,5,2,2,1,0,0,2,0,1,1,3,3
2026,,2026-03-28,824213,home,HOU,LAA,694728,Brice Matthews,0,LF,2,2,0,0,0,0,0,0,0,2,0,0,3
2026,,2026-03-28,824213,home,HOU,LAA,514888,Jose Altuve,27,2B,5,4,1,1,0,0,0,0,1,2,0,1,2
2026,,2026-03-28,824213,home,HOU,LAA,694388,Joey Loperfido,10,LF,2,2,1,1,0,0,0,0,0,0,0,1,1
2026,,2026-03-28,824213,home,HOU,LAA,621043,Carlos Correa,1,SS,5,5,1,2,0,0,0,2,0,1,0,2,3
2026,,2026-03-28,824213,home,HOU,LAA,572233,Christian Walker,8,1B,5,4,1,2,1,0,0,1,1,1,0,3,1
2026,,2026-03-28,824213,home,HOU,LAA,673237,Yainer Diaz,21,C,5,5,1,1,0,0,0,2,0,2,0,1,3
2026,,2026-03-28,824213,home,HOU,LAA,670541,Yordan Alvarez,44,DH,5,3,1,2,1,0,0,0,1,1,0,3,2
2026,,2026-03-28,823811,away,CHW,MIL,672820,Lenyn Sosa,50,DH,4,4,0,0,0,0,0,0,0,2,0,0,2
2026,,2026-03-28,823811,away,CHW,MIL,671976,Tristan Peters,29,CF,2,2,0,1,1,0,0,0,0,1,0,2,0
2026,,2026-03-28,823811,away,CHW,MIL,682668,Luisangel Acuña,0,CF,4,4,0,0,0,0,0,0,0,0,0,0,1
2026,,2026-03-28,823811,away,CHW,MIL,808959,Munetaka Murakami,5,1B,4,3,1,1,0,0,1,1,1,1,0,4,2
2026,,2026-03-28,823811,away,CHW,MIL,805367,Chase Meidroth,10,2B,4,4,0,2,1,0,0,0,0,0,0,3,0
2026,,2026-03-28,823811,away,CHW,MIL,695657,Colson Montgomery,12,SS,4,3,0,1,0,0,0,0,1,1,0,1,1
2026,,2026-03-28,823811,away,CHW,MIL,669720,Austin Hays,21,LF,2,2,0,1,1,0,0,0,0,0,0,2,2
2026,,2026-03-28,823811,away,CHW,MIL,624512,Reese McGuire,30,C,3,3,0,0,0,0,0,0,0,2,0,0,2
2026,,2026-03-28,823811,away,CHW,MIL,700337,Edgar Quero,26,PH,1,1,0,0,0,0,0,0,0,1,0,0,1
2026,,2026-03-28,823811,away,CHW,MIL,643217,Andrew Benintendi,23,LF,2,2,0,1,0,0,0,0,0,0,0,1,1
2026,,2026-03-28,823811,away,CHW,MIL,677592,Everson Pereira,28,RF,4,3,0,0,0,0,0,0,1,2,0,0,2
2026,,2026-03-28,823811,away,CHW,MIL,678246,Miguel Vargas,20,3B,2,1,0,0,0,0,0,0,1,1,0,0,0
2026,,2026-03-28,823811,home,MIL,CHW,687401,Joey Ortiz,3,SS,4,4,0,2,0,0,0,1,0,1,2,2,1
2026,,2026-03-28,823811,home,MIL,CHW,592885,Christian Yelich,22,DH,5,5,1,3,0,0,0,1,0,2,1,3,2
2026,,2026-03-28,823811,home,MIL,CHW,641343,Jake Bauers,9,1B,5,5,1,1,0,0,0,0,0,2,0,1,3
2026,,2026-03-28,823811,home,MIL,CHW,686217,Sal Frelick,10,RF,4,4,0,0,0,0,0,0,0,2,0,0,3
2026,,2026-03-28,823811,home,MIL,CHW,663604,Brandon Lockridge,20,LF,4,3,0,1,0,0,0,1,1,1,0,1,0
2026,,2026-03-28,823811,home,MIL,CHW,669003,Garrett Mitchell,5,CF,5,4,1,2,0,0,0,2,1,1,2,2,1
2026,,2026-03-28,823811,home,MIL,CHW,666152,David Hamilton,6,3B,4,2,1,0,0,0,0,0,2,0,2,0,1
2026,,2026-03-28,823811,home,MIL,CHW,661388,William Contreras,24,C,5,4,0,0,0,0,0,0,1,0,0,0,3
2026,,2026-03-28,823811,home,MIL,CHW,668930,Brice Turang,2,2B,5,5,2,3,2,0,0,0,0,0,0,5,3
2026,,2026-03-28,824945,away,KCR,ATL,695600,Carter Jensen,22,DH,3,2,0,0,0,0,0,0,1,1,0,0,0
2026,,2026-03-28,824945,away,KCR,ATL,663697,Jonathan India,6,2B,4,4,0,0,0,0,0,0,0,2,0,0,1
2026,,2026-03-28,824945,away,KCR,ATL,686475,Tyler Tolbert,2,2B,1,1,0,0,0,0,0,0,0,1,0,0,0
2026,,2026-03-28,824945,away,KCR,ATL,686555,Isaac Collins,1,LF,4,3,0,0,0,0,0,0,1,2,0,0,2
2026,,2026-03-28,824945,away,KCR,ATL,521692,Salvador Perez,13,C,4,4,1,1,0,0,1,1,0,0,0,4,2
2026,,2026-03-28,824945,away,KCR,ATL,608032,Carlos Estévez,53,P,0,0,0,0,0,0,0,0,0,0,0,0,0
2026,,2026-03-28,824945,away,KCR,ATL,686469,Vinnie Pasquantino,9,1B,4,4,0,0,0,0,0,0,0,1,0,0,1
2026,,2026-03-28,824945,away,KCR,ATL,664728,Kyle Isbel,28,CF,3,3,0,1,0,0,0,0,0,0,1,1,0
2026,,2026-03-28,824945,away,KCR,ATL,672580,Maikel Garcia,11,3B,4,3,1,0,0,0,0,0,1,0,0,0,2
2026,,2026-03-28,824945,away,KCR,ATL,657041,Lane Thomas,15,RF,1,1,0,0,0,0,0,0,0,0,0,0,2
2026,,2026-03-28,824945,away,KCR,ATL,695506,Jac Caglianone,14,RF,3,3,0,2,1,0,0,0,0,0,0,3,0
2026,,2026-03-28,824945,away,KCR,ATL,677951,Bobby Witt Jr.,7,SS,4,4,0,1,0,0,0,0,0,1,1,1,2
2026,,2026-03-28,824945,home,ATL,KCR,671739,Michael Harris II,23,CF,4,4,1,3,0,0,0,1,0,1,0,3,0
2026,,2026-03-28,824945,home,ATL,KCR,622761,Jorge Mateo,2,PR,0,0,1,0,0,0,0,0,0,0,0,0,0
2026,,2026-03-28,824945,home,ATL,KCR,643289,Mauricio Dubón,14,SS,3,2,0,0,0,0,0,0,1,0,0,0,0
2026,,2026-03-28,824945,home,ATL,KCR,686948,Drake Baldwin,30,C,4,3,1,0,0,0,0,0,1,1,0,0,2
2026,,2026-03-28,824945,home,ATL,KCR,621566,Matt Olson,28,1B,4,4,0,1,0,0,0,0,0,3,0,1,0
2026,,2026-03-28,824945,home,ATL,KCR,642086,Dominic Smith,8,DH,4,4,1,1,0,0,1,4,0,1,0,4,2
2026,,2026-03-28,824945,home,ATL,KCR,660670,Ronald Acuña Jr.,13,RF,4,3,0,1,0,0,0,0,1,0,0,1,1
2026,,2026-03-28,824945,home,ATL,KCR,642201,Eli White,36,PR,0,0,1,0,0,0,0,0,0,0,0,0,0
2026,,2026-03-28,824945,home,ATL,KCR,645277,Ozzie Albies,1,2B,4,3,1,0,0,0,0,0,1,0,0,0,2
2026,,2026-03-28,824945,home,ATL,KCR,663586,Austin Riley,27,3B,4,4,0,1,0,0,0,0,0,2,0,1,2
2026,,2026-03-28,824945,home,ATL,KCR,573262,Mike Yastrzemski,18,LF,4,4,0,2,0,0,0,1,0,0,0,2,1
2026,,2026-03-28,823241,away,NYY,SFG,676609,José Caballero,72,SS,4,4,0,0,0,0,0,0,0,3,0,0,1
2026,,2026-03-28,823241,away,NYY,SFG,592450,Aaron Judge,99,RF,4,4,1,1,0,0,1,1,0,1,0,4,2
2026,,2026-03-28,823241,away,NYY,SFG,641857,Ryan McMahon,19,3B,4,4,0,0,0,0,0,0,0,0,0,0,1
2026,,2026-03-28,823241,away,NYY,SFG,669224,Austin Wells,28,C,3,3,0,0,0,0,0,0,0,2,0,0,0
2026,,2026-03-28,823241,away,NYY,SFG,700250,Ben Rice,22,1B,4,4,0,1,1,0,0,2,0,1,0,2,3
2026,,2026-03-28,823241,away,NYY,SFG,641355,Cody Bellinger,35,LF,4,3,1,2,0,1,0,0,1,0,0,4,0
2026,,2026-03-28,823241,away,NYY,SFG,519317,Giancarlo Stanton,27,DH,4,4,0,2,0,0,0,0,0,1,0,2,2
2026,,2026-03-28,823241,away,NYY,SFG,665862,Jazz Chisholm Jr.,13,2B,4,4,0,0,0,0,0,0,0,2,0,0,1
2026,,2026-03-28,823241,away,NYY,SFG,663757,Trent Grisham,12,CF,4,3,1,1,0,0,0,0,1,0,1,1,0
2026,,2026-03-28,823241,home,SFG,NYY,669477,Casey Schmitt,10,1B,3,3,0,0,0,0,0,0,0,1,0,0,1
2026,,2026-03-28,823241,home,SFG,NYY,671218,Heliot Ramos,17,LF,4,3,0,1,0,0,0,0,1,1,0,1,3
2026,,2026-03-28,823241,home,SFG,NYY,656305,Matt Chapman,26,3B,4,4,0,1,0,0,0,1,0,1,0,1,1
2026,,2026-03-28,823241,home,SFG,NYY,672275,Patrick Bailey,14,C,4,3,0,0,0,0,0,0,1,0,0,0,3
2026,,2026-03-28,823241,home,SFG,NYY,808982,Jung Hoo Lee,51,RF,4,3,1,1,1,0,0,0,1,1,0,2,0
2026,,2026-03-28,823241,home,SFG,NYY,646240,Rafael Devers,16,DH,4,4,0,2,1,0,0,0,0,1,0,3,2
2026,,2026-03-28,823241,home,SFG,NYY,666931,Jared Oliva,56,PR,0,0,0,0,0,0,0,0,0,0,0,0,0
2026,,2026-03-28,823241,home,SFG,NYY,664056,Harrison Bader,9,CF,4,4,0,1,0,0,0,0,0,1,0,1,4
2026,,2026-03-28,823241,home,SFG,NYY,642715,Willy Adames,2,SS,4,4,0,1,0,0,0,0,0,1,0,1,2
2026,,2026-03-28,823241,home,SFG,NYY,650333,Luis Arraez,1,2B,4,4,0,2,0,0,0,0,0,1,1,2,2
2026,,2026-03-28,823323,away,DET,SDP,656716,Zach McKinstry,39,RF,2,2,0,0,0,0,0,0,0,1,0,0,0
2026,,2026-03-28,823323,away,DET,SDP,663330,Jahmai Jones,18,RF,1,1,0,0,0,0,0,0,0,0,0,0,0
2026,,2026-03-28,823323,away,DET,SDP,682985,Riley Greene,31,LF,4,3,0,0,0,0,0,0,1,1,0,0,3
2026,,2026-03-28,823323,away,DET,SDP,805808,Kevin McGonigle,7,SS,4,4,0,0,0,0,0,0,0,3,0,0,2
2026,,2026-03-28,823323,away,DET,SDP,681481,Kerry Carpenter,30,DH,3,3,0,0,0,0,0,0,0,1,0,0,0
2026,,2026-03-28,823323,away,DET,SDP,679529,Spencer Torkelson,20,1B,4,3,0,0,0,0,0,0,1,1,0,0,5
2026,,2026-03-28,823323,away,DET,SDP,650402,Gleyber Torres,25,2B,4,3,0,0,0,0,0,0,1,2,0,0,0
2026,,2026-03-28,823323,away,DET,SDP,668670,Jake Rogers,34,C,3,3,0,0,0,0,0,0,0,1,0,0,0
2026,,2026-03-28,823323,away,DET,SDP,663837,Matt Vierling,8,CF,3,3,0,0,0,0,0,0,0,2,0,0,0
2026,,2026-03-28,823323,away,DET,SDP,693307,Dillon Dingler,13,DH,1,1,0,0,0,0,0,0,0,0,0,0,0
2026,,2026-03-28,823323,away,DET,SDP,690993,Colt Keith,33,3B,4,3,0,2,1,0,0,0,1,1,0,3,0
2026,,2026-03-28,823323,home,SDP,DET,666023,Freddy Fermin,54,C,3,3,1,1,0,0,0,0,0,1,0,1,2
2026,,2026-03-28,823323,home,SDP,DET,592206,Nick Castellanos,21,DH,4,4,0,1,0,0,0,0,0,0,0,1,2
2026,,2026-03-28,823323,home,SDP,DET,701538,Jackson Merrill,3,CF,4,4,0,0,0,0,0,1,0,0,0,0,4
2026,,2026-03-28,823323,home,SDP,DET,657757,Gavin Sheets,30,1B,4,4,0,0,0,0,0,0,0,2,0,0,0
2026,,2026-03-28,823323,home,SDP,DET,657656,Ramón Laureano,5,LF,4,4,0,3,0,0,0,0,0,0,1,3,0
2026,,2026-03-28,823323,home,SDP,DET,592518,Manny Machado,13,3B,4,2,0,0,0,0,0,0,2,1,0,0,0
2026,,2026-03-28,823323,home,SDP,DET,665487,Fernando Tatis Jr.,23,RF,4,3,0,1,0,0,0,1,1,2,1,1,0
2026,,2026-03-28,823323,home,SDP,DET,669369,Bryce Johnson,29,LF,0,0,0,0,0,0,0,0,0,0,0,0,0
2026,,2026-03-28,823323,home,SDP,DET,593428,Xander Bogaerts,2,SS,4,4,0,0,0,0,0,0,0,0,0,0,2
2026,,2026-03-28,823323,home,SDP,DET,630105,Jake Cronenworth,9,2B,4,3,2,1,0,0,0,0,1,0,0,1,2
2026,,2026-03-28,823973,away,ARI,LAD,571448,Nolan Arenado,28,3B,4,4,0,0,0,0,0,0,0,0,0,0,1
2026,,2026-03-28,823973,away,ARI,LAD,606466,Ketel Marte,4,2B,4,3,0,1,0,0,0,0,1,0,0,1,1
2026,,2026-03-28,823973,away,ARI,LAD,672695,Geraldo Perdomo,2,SS,4,4,0,1,0,0,0,0,0,0,1,1,2
2026,,2026-03-28,823973,away,ARI,LAD,682998,Corbin Carroll,7,RF,4,3,1,1,0,0,0,1,0,0,0,1,2
2026,,2026-03-28,823973,away,ARI,LAD,543510,James McCann,8,C,3,3,0,0,0,0,0,0,0,2,0,0,0
2026,,2026-03-28,823973,away,ARI,LAD,467793,Carlos Santana,41,1B,3,3,0,0,0,0,0,0,0,1,0,0,0
2026,,2026-03-28,823973,away,ARI,LAD,656976,Pavin Smith,26,DH,4,4,0,1,0,0,0,1,0,2,0,1,1
2026,,2026-03-28,823973,away,ARI,LAD,678489,Jorge Barrosa,1,LF,3,3,1,1,1,0,0,0,0,2,0,2,0
2026,,2026-03-28,823973,away,ARI,LAD,677950,Alek Thomas,5,CF,4,4,0,0,0,0,0,0,0,0,0,0,0
2026,,2026-03-28,823973,home,LAD,ARI,669257,Will Smith,16,C,4,4,1,1,0,0,1,2,0,1,0,4,1
2026,,2026-03-28,823973,home,LAD,ARI,663656,Kyle Tucker,23,RF,4,4,1,0,0,0,0,0,0,2,1,0,3
2026,,2026-03-28,823973,home,LAD,ARI,571970,Max Muncy,13,3B,1,1,0,0,0,0,0,0,0,0,0,0,0
2026,,2026-03-28,823973,home,LAD,ARI,518692,Freddie Freeman,5,1B,4,4,0,3,1,0,0,1,0,0,0,4,0
2026,,2026-03-28,823973,home,LAD,ARI,669289,Santiago Espinal,21,3B,2,2,0,0,0,0,0,0,0,1,0,0,2
2026,,2026-03-28,823973,home,LAD,ARI,660271,Shohei Ohtani,17,DH,4,2,0,0,0,0,0,0,2,0,0,0,1
2026,,2026-03-28,823973,home,LAD,ARI,606192,Teoscar Hernández,37,LF,3,3,0,0,0,0,0,0,0,2,0,0,3
2026,,2026-03-28,823973,home,LAD,ARI,681624,Andy Pages,44,CF,3,3,0,0,0,0,0,0,0,0,0,0,0
2026,,2026-03-28,823973,home,LAD,ARI,605141,Mookie Betts,50,SS,4,3,1,0,0,0,0,0,1,0,0,0,4
2026,,2026-03-28,823973,home,LAD,ARI,500743,Miguel Rojas,72,2B,2,2,0,2,0,0,0,0,0,0,0,2,0
2026,,2026-03-28,823973,home,LAD,ARI,690976,Alex Freeland,76,2B,1,1,0,0,0,0,0,0,0,0,0,0,0
2026,,2026-03-28,823161,away,CLE,SEA,800050,Chase DeLauter,24,DH,5,5,1,1,0,0,1,2,0,3,0,4,3
2026,,2026-03-28,823161,away,CLE,SEA,682177,Daniel Schneemann,10,2B,4,4,0,0,0,0,0,0,0,0,0,0,2
2026,,2026-03-28,823161,away,CLE,SEA,677587,Brayan Rocchio,4,SS,4,2,2,0,0,0,0,0,2,0,0,0,0
2026,,2026-03-28,823161,away,CLE,SEA,681807,David Fry,6,C,5,5,0,2,1,0,0,0,0,3,0,3,1
2026,,2026-03-28,823161,away,CLE,SEA,608070,José Ramírez,11,3B,5,5,1,1,1,0,0,1,0,0,0,2,0
2026,,2026-03-28,823161,away,CLE,SEA,680757,Steven Kwan,38,CF,5,5,1,2,0,0,0,1,0,0,0,2,1
2026,,2026-03-28,823161,away,CLE,SEA,682657,Angel Martínez,1,LF,4,4,0,1,1,0,0,0,0,2,0,2,1
2026,,2026-03-28,823161,away,CLE,SEA,700932,Kyle Manzardo,9,1B,5,5,0,1,0,0,0,1,0,3,0,1,0
2026,,2026-03-28,823161,away,CLE,SEA,692216,CJ Kayfus,2,RF,4,3,1,0,0,0,0,0,1,2,0,0,1
2026,,2026-03-28,823161,home,SEA,CLE,647304,Josh Naylor,12,1B,5,3,0,0,0,0,0,0,2,2,0,0,2
2026,,2026-03-28,823161,home,SEA,CLE,645302,Victor Robles,10,RF,3,3,0,2,1,0,0,1,0,0,1,3,2
2026,,2026-03-28,823161,home,SEA,CLE,702284,Cole Young,2,2B,5,5,1,1,1,0,0,0,0,3,0,2,4
2026,,2026-03-28,823161,home,SEA,CLE,668227,Randy Arozarena,56,LF,5,4,2,1,0,0,0,0,1,0,0,1,4
2026,,2026-03-28,823161,home,SEA,CLE,686527,Dominic Canzone,8,DH,1,1,0,0,0,0,0,0,0,0,0,0,2
2026,,2026-03-28,823161,home,SEA,CLE,663728,Cal Raleigh,29,C,5,4,0,1,0,0,0,0,1,2,1,1,1
2026,,2026-03-28,823161,home,SEA,CLE,608701,Rob Refsnyder,30,DH,2,2,0,0,0,0,0,0,0,0,0,0,0
2026,,2026-03-28,823161,home,SEA,CLE,680977,Brendan Donovan,33,3B,5,5,1,2,0,0,0,0,0,1,1,2,2
2026,,2026-03-28,823161,home,SEA,CLE,669208,Ryan Bliss,1,DH,2,2,0,0,0,0,0,0,0,2,0,0,1
2026,,2026-03-28,823161,home,SEA,CLE,677594,Julio Rodríguez,44,CF,5,4,0,1,0,0,0,1,1,1,0,1,1
2026,,2026-03-28,823161,home,SEA,CLE,660844,Leo Rivas,76,SS,5,4,0,0,0,0,0,0,1,1,0,0,4
2026,,2026-03-28,823161,home,SEA,CLE,670042,Luke Raley,20,RF,2,1,1,1,0,0,1,2,1,0,0,4,0
2026,,2026-03-29,824864,away,MIN,BAL,605170,Victor Caratini,37,C,5,5,1,2,0,0,0,0,0,0,0,2,3
2026,,2026-03-29,824864,away,MIN,BAL,665019,Kody Clemens,2,1B,5,4,0,0,0,0,0,0,1,2,1,0,3
2026,,2026-03-29,824864,away,MIN,BAL,686797,Brooks Lee,22,PR,0,0,0,0,0,0,0,0,0,0,0,0,0
2026,,2026-03-29,824864,away,MIN,BAL,668885,Austin Martin,16,LF,1,1,0,0,0,0,0,0,0,1,0,0,0
2026,,2026-03-29,824864,away,MIN,BAL,656484,Tristan Gray,4,SS,4,4,0,2,1,0,0,3,0,1,0,3,0
2026,,2026-03-29,824864,away,MIN,BAL,605137,Josh Bell,56,DH,5,3,2,2,2,0,0,0,1,1,0,4,1
2026,,2026-03-29,824864,away,MIN,BAL,681546,James Outman,30,LF,2,1,0,0,0,0,0,0,1,0,0,0,2
2026,,2026-03-29,824864,away,MIN,BAL,668904,Royce Lewis,23,3B,4,4,1,1,0,0,1,1,0,2,0,4,7
2026,,2026-03-29,824864,away,MIN,BAL,663616,Trevor Larnach,9,LF,2,2,1,2,1,0,0,1,0,0,0,3,0
2026,,2026-03-29,824864,away,MIN,BAL,621439,Byron Buxton,25,CF,5,4,0,1,1,0,0,0,1,2,0,2,3
2026,,2026-03-29,824864,away,MIN,BAL,670242,Matt Wallner,38,RF,5,5,1,1,0,0,0,0,0,3,0,1,4
2026,,2026-03-29,824864,away,MIN,BAL,807712,Luke Keaschall,15,2B,5,4,0,1,0,0,0,0,1,0,0,1,0
2026,,2026-03-29,824864,home,BAL,MIN,669236,Jeremiah Jackson,82,2B,3,3,0,1,0,0,0,0,0,2,0,1,1
2026,,2026-03-29,824864,home,BAL,MIN,694212,Samuel Basallo,29,1B,4,3,1,1,0,0,0,0,1,1,0,1,0
2026,,2026-03-29,824864,home,BAL,MIN,683002,Gunnar Henderson,2,SS,5,4,1,1,0,0,0,0,1,1,0,1,2
2026,,2026-03-29,824864,home,BAL,MIN,665750,Leody Taveras,30,CF,0,0,0,0,0,0,0,0,0,0,0,0,0
2026,,2026-03-29,824864,home,BAL,MIN,621493,Taylor Ward,3,LF,5,4,1,1,0,0,0,0,1,1,0,1,1
2026,,2026-03-29,824864,home,BAL,MIN,687637,Dylan Beavers,12,CF,4,4,0,1,1,0,0,2,0,0,0,2,3
2026,,2026-03-29,824864,home,BAL,MIN,663624,Ryan Mountcastle,6,1B,3,3,0,0,0,0,0,0,0,0,0,0,2
2026,,2026-03-29,824864,home,BAL,MIN,668939,Adley Rutschman,35,C,1,1,1,1,1,0,0,1,0,0,0,2,0
2026,,2026-03-29,824864,home,BAL,MIN,641933,Tyler O'Neill,9,RF,4,3,2,1,0,0,1,3,1,0,0,4,3
2026,,2026-03-29,824864,home,BAL,MIN,677942,Blaze Alexander,23,2B,1,1,0,1,0,0,0,0,0,0,0,1,0
2026,,2026-03-29,824864,home,BAL,MIN,624413,Pete Alonso,25,DH,4,3,1,2,0,0,0,1,1,0,0,2,1
2026,,2026-03-29,824864,home,BAL,MIN,691723,Coby Mayo,16,3B,4,4,1,2,1,0,0,1,0,0,0,3,0
2026,,2026-03-29,823487,away,TEX,PHI,694497,Evan Carter,32,CF,2,0,1,0,0,0,0,0,2,0,0,0,0
2026,,2026-03-29,823487,away,TEX,PHI,694671,Wyatt Langford,36,LF,5,5,0,0,0,0,0,0,0,1,0,0,4
2026,,2026-03-29,823487,away,TEX,PHI,669394,Jake Burger,21,1B,4,4,1,1,0,0,0,0,0,3,0,1,1
2026,,2026-03-29,823487,away,TEX,PHI,608369,Corey Seager,5,SS,5,3,1,0,0,0,0,1,1,1,0,0,2
2026,,2026-03-29,823487,away,TEX,PHI,673962,Josh Jung,6,3B,4,4,0,0,0,0,0,0,0,3,0,0,1
2026,,2026-03-29,823487,away,TEX,PHI,457705,Andrew McCutchen,4,DH,4,4,2,2,1,0,1,3,0,1,0,6,0
2026,,2026-03-29,823487,away,TEX,PHI,543309,Kyle Higashioka,11,C,4,4,0,1,0,0,0,1,0,0,0,1,0
2026,,2026-03-29,823487,away,TEX,PHI,677649,Ezequiel Duran,20,2B,4,4,1,1,1,0,0,1,0,1,0,2,2
2026,,2026-03-29,823487,away,TEX,PHI,607043,Brandon Nimmo,24,RF,5,4,1,2,0,0,1,2,0,0,0,5,0
2026,,2026-03-29,823487,away,TEX,PHI,664059,Sam Haggerty,0,LF,2,2,1,1,0,0,0,0,0,0,0,1,0
2026,,2026-03-29,823487,home,PHI,TEX,669016,Brandon Marsh,16,LF,2,1,0,0,0,0,0,0,1,1,0,0,0
2026,,2026-03-29,823487,home,PHI,TEX,702222,Justin Crawford,2,CF,3,3,1,1,0,0,0,0,0,2,0,1,3
2026,,2026-03-29,823487,home,PHI,TEX,547180,Bryce Harper,3,1B,4,2,1,0,0,0,0,0,2,1,0,0,3
2026,,2026-03-29,823487,home,PHI,TEX,592663,J.T. Realmuto,10,C,4,2,0,0,0,0,0,0,2,0,0,0,2
2026,,2026-03-29,823487,home,PHI,TEX,624641,Edmundo Sosa,33,2B,2,2,0,0,0,0,0,0,0,1,0,0,0
2026,,2026-03-29,823487,home,PHI,TEX,664761,Alec Bohm,28,3B,4,2,0,0,0,0,0,1,1,0,0,0,1
2026,,2026-03-29,823487,home,PHI,TEX,681082,Bryson Stott,5,2B,2,2,0,1,0,0,0,1,0,0,0,1,2
2026,,2026-03-29,823487,home,PHI,TEX,656941,Kyle Schwarber,12,DH,4,4,0,1,0,0,0,0,0,1,0,1,0
2026,,2026-03-29,823487,home,PHI,TEX,805249,Otto Kemp,4,LF,2,2,0,0,0,0,0,0,0,1,0,0,1
2026,,2026-03-29,823487,home,PHI,TEX,664238,Dylan Moore,25,PH,1,0,0,0,0,0,0,0,1,0,0,0,0
2026,,2026-03-29,823487,home,PHI,TEX,666969,Adolis García,53,RF,4,3,0,0,0,0,0,1,0,2,0,0,3
2026,,2026-03-29,823487,home,PHI,TEX,607208,Trea Turner,7,SS,5,4,1,0,0,0,0,0,1,1,0,0,4
2026,,2026-03-29,824944,away,KCR,ATL,695600,Carter Jensen,22,C,4,3,1,1,0,0,1,2,0,2,0,4,0
2026,,2026-03-29,824944,away,KCR,ATL,686555,Isaac Collins,1,LF,0,0,0,0,0,0,0,0,0,0,0,0,0
2026,,2026-03-29,824944,away,KCR,ATL,521692,Salvador Perez,13,DH,4,4,0,0,0,0,0,0,0,1,0,0,4
2026,,2026-03-29,824944,away,KCR,ATL,679845,Nick Loftin,12,2B,4,4,2,1,1,0,0,0,0,0,0,2,1
2026,,2026-03-29,824944,away,KCR,ATL,686469,Vinnie Pasquantino,9,1B,4,4,0,2,0,0,0,1,0,0,0,2,2
2026,,2026-03-29,824944,away,KCR,ATL,664728,Kyle Isbel,28,CF,4,4,0,1,0,0,0,0,0,2,0,1,2
2026,,2026-03-29,824944,away,KCR,ATL,672580,Maikel Garcia,11,3B,5,4,0,1,0,0,0,0,1,0,0,1,1
2026,,2026-03-29,824944,away,KCR,ATL,657041,Lane Thomas,15,RF,4,4,0,0,0,0,0,0,0,2,0,0,1
2026,,2026-03-29,824944,away,KCR,ATL,695506,Jac Caglianone,14,RF,4,3,0,0,0,0,0,0,1,1,0,0,0
2026,,2026-03-29,824944,away,KCR,ATL,677951,Bobby Witt Jr.,7,SS,4,3,1,1,0,0,0,1,1,0,0,1,2
2026,,2026-03-29,824944,home,ATL,KCR,671739,Michael Harris II,23,CF,3,3,0,0,0,0,0,0,0,0,0,0,3
2026,,2026-03-29,824944,home,ATL,KCR,622761,Jorge Mateo,2,SS,3,3,0,0,0,0,0,0,0,1,0,0,2
2026,,2026-03-29,824944,home,ATL,KCR,686948,Drake Baldwin,30,C,4,4,1,2,0,0,1,1,0,1,0,5,0
2026,,2026-03-29,824944,home,ATL,KCR,621566,Matt Olson,28,1B,4,4,0,0,0,0,0,0,0,1,0,0,1
2026,,2026-03-29,824944,home,ATL,KCR,642086,Dominic Smith,8,DH,2,2,0,1,0,0,0,0,0,0,0,1,0
2026,,2026-03-29,824944,home,ATL,KCR,660670,Ronald Acuña Jr.,13,RF,4,4,0,0,0,0,0,0,0,0,0,0,0
2026,,2026-03-29,824944,home,ATL,KCR,571657,Kyle Farmer,15,DH,1,1,0,0,0,0,0,0,0,0,0,0,1
2026,,2026-03-29,824944,home,ATL,KCR,645277,Ozzie Albies,1,2B,4,4,0,2,0,0,0,0,0,0,0,2,2
2026,,2026-03-29,824944,home,ATL,KCR,663586,Austin Riley,27,3B,4,4,0,0,0,0,0,0,0,1,0,0,1
2026,,2026-03-29,824944,home,ATL,KCR,573262,Mike Yastrzemski,18,LF,4,4,0,2,1,0,0,0,0,1,0,3,0
2026,,2026-03-29,822837,away,ATH,TOR,671732,Lawrence Butler,4,CF,1,1,0,0,0,0,0,0,0,0,0,0,0
2026,,2026-03-29,822837,away,ATH,TOR,667670,Brent Rooker,25,RF,4,4,0,0,0,0,0,0,0,2,0,0,2
2026,,2026-03-29,822837,away,ATH,TOR,669372,J.T. Ginn,35,P,0,0,0,0,0,0,0,0,0,0,0,0,0
2026,,2026-03-29,822837,away,ATH,TOR,643446,Jeff McNeil,22,PH,1,1,0,0,0,0,0,0,0,1,0,0,0
2026,,2026-03-29,822837,away,ATH,TOR,642851,Austin Wynns,29,C,2,2,0,0,0,0,0,0,0,0,0,0,0
2026,,2026-03-29,822837,away,ATH,TOR,691777,Max Muncy,3,3B,4,4,1,1,0,0,1,2,0,1,0,4,1
2026,,2026-03-29,822837,away,ATH,TOR,672016,Denzel Clarke,1,CF,2,2,0,0,0,0,0,0,0,2,0,0,0
2026,,2026-03-29,822837,away,ATH,TOR,691016,Tyler Soderstrom,21,LF,4,4,0,0,0,0,0,0,0,2,0,0,2
2026,,2026-03-29,822837,away,ATH,TOR,687231,Darell Hernaiz,2,2B,3,3,0,0,0,0,0,0,0,2,0,0,0
2026,,2026-03-29,822837,away,ATH,TOR,701762,Nick Kurtz,16,1B,4,3,0,1,0,0,0,0,1,2,0,1,1
2026,,2026-03-29,822837,away,ATH,TOR,669127,Shea Langeliers,23,C,4,4,0,1,0,0,0,0,0,2,0,1,0
2026,,2026-03-29,822837,away,ATH,TOR,805779,Jacob Wilson,5,SS,4,4,1,2,1,0,0,0,0,1,0,3,0
2026,,2026-03-29,822837,home,TOR,ATH,676391,Ernie Clement,22,2B,3,3,0,0,0,0,0,0,0,1,0,0,0
2026,,2026-03-29,822837,home,TOR,ATH,662139,Daulton Varsho,5,CF,3,3,0,0,0,0,0,0,0,1,0,0,0
2026,,2026-03-29,822837,home,TOR,ATH,665926,Andrés Giménez,0,SS,3,3,0,0,0,0,0,0,0,1,0,0,0
2026,,2026-03-29,822837,home,TOR,ATH,680718,Addison Barger,47,RF,4,3,0,0,0,0,0,1,1,2,0,0,1
2026,,2026-03-29,822837,home,TOR,ATH,543807,George Springer,4,DH,4,4,1,1,0,0,1,1,0,1,0,4,2
2026,,2026-03-29,822837,home,TOR,ATH,623168,Tyler Heineman,55,C,3,2,2,1,0,0,0,0,1,0,0,1,0
2026,,2026-03-29,822837,home,TOR,ATH,665489,Vladimir Guerrero Jr.,27,1B,4,4,0,2,0,0,0,0,0,0,0,2,0
2026,,2026-03-29,822837,home,TOR,ATH,660821,Jesús Sánchez,12,LF,4,3,1,1,0,0,1,2,1,0,0,4,0
2026,,2026-03-29,822837,home,TOR,ATH,664702,Myles Straw,3,LF,0,0,0,0,0,0,0,0,0,0,0,0,0
2026,,2026-03-29,822837,home,TOR,ATH,672960,Kazuma Okamoto,7,3B,4,4,1,1,0,0,1,1,0,1,0,4,3
2026,,2026-03-29,824538,away,BOS,CIN,701350,Roman Anthony,19,DH,5,4,0,0,0,0,0,0,1,2,0,0,3
2026,,2026-03-29,824538,away,BOS,CIN,575929,Willson Contreras,40,1B,4,3,1,1,0,0,0,0,1,0,0,1,1
2026,,2026-03-29,824538,away,BOS,CIN,657136,Connor Wong,12,C,3,3,0,2,1,0,0,0,0,0,0,3,0
2026,,2026-03-29,824538,away,BOS,CIN,596115,Trevor Story,10,SS,5,5,0,0,0,0,0,0,0,2,0,0,4
2026,,2026-03-29,824538,away,BOS,CIN,677800,Wilyer Abreu,52,RF,4,4,1,3,1,0,1,2,0,0,0,7,0
2026,,2026-03-29,824538,away,BOS,CIN,655316,Andruw Monasterio,32,2B,2,2,0,1,1,0,0,0,0,0,0,2,0
2026,,2026-03-29,824538,away,BOS,CIN,702332,Caleb Durbin,5,3B,4,4,0,0,0,0,0,0,0,2,0,0,3
2026,,2026-03-29,824538,away,BOS,CIN,680776,Jarren Duran,16,CF,4,2,0,0,0,0,0,0,2,0,0,0,0
2026,,2026-03-29,824538,away,BOS,CIN,678882,Ceddanne Rafaela,3,PH,1,1,0,0,0,0,0,0,0,0,0,0,1
2026,,2026-03-29,824538,away,BOS,CIN,807799,Masataka Yoshida,7,LF,4,2,0,0,0,0,0,0,2,0,0,0,0
2026,,2026-03-29,824538,away,BOS,CIN,691785,Marcelo Mayer,11,2B,2,2,0,0,0,0,0,0,0,1,0,0,2
2026,,2026-03-29,824538,home,CIN,BOS,682829,Elly De La Cruz,44,SS,4,4,0,0,0,0,0,0,0,3,0,0,3
2026,,2026-03-29,824538,home,CIN,BOS,667472,Dane Myers,17,CF,3,3,0,1,0,0,0,0,0,0,0,1,2
2026,,2026-03-29,824538,home,CIN,BOS,701398,Sal Stewart,27,DH,4,2,1,2,1,0,0,0,2,0,0,3,0
2026,,2026-03-29,824538,home,CIN,BOS,682622,Noelvi Marte,4,RF,3,3,0,0,0,0,0,0,0,1,0,0,0
2026,,2026-03-29,824538,home,CIN,BOS,680574,Matt McLain,9,2B,4,3,1,1,0,0,0,0,1,1,0,1,1
2026,,2026-03-29,824538,home,CIN,BOS,663647,Ke'Bryan Hayes,3,3B,0,0,0,0,0,0,0,0,0,0,0,0,0
2026,,2026-03-29,824538,home,CIN,BOS,670770,TJ Friedl,29,LF,4,4,0,1,0,0,0,0,0,1,0,1,0
2026,,2026-03-29,824538,home,CIN,BOS,668715,Spencer Steer,7,1B,4,4,0,1,0,0,0,0,0,1,0,1,2
2026,,2026-03-29,824538,home,CIN,BOS,663886,Tyler Stephenson,37,C,3,3,0,0,0,0,0,0,0,1,0,0,1
2026,,2026-03-29,824538,home,CIN,BOS,553993,Eugenio Suárez,28,3B,4,3,1,1,0,0,1,3,1,1,0,4,3
2026,,2026-03-29,823647,away,PIT,NYM,694377,Nick Yorke,38,RF,2,0,0,0,0,0,0,0,2,0,0,0,0
2026,,2026-03-29,823647,away,PIT,NYM,687462,Spencer Horwitz,2,1B,3,3,0,0,0,0,0,0,0,1,0,0,4
2026,,2026-03-29,823647,away,PIT,NYM,664040,Brandon Lowe,5,2B,5,3,1,2,1,0,1,1,2,0,0,6,1
2026,,2026-03-29,823647,away,PIT,NYM,668804,Bryan Reynolds,10,DH,5,5,1,0,0,0,0,0,0,3,0,0,5
2026,,2026-03-29,823647,away,PIT,NYM,665833,Oneil Cruz,15,CF,5,4,1,1,0,0,0,0,1,2,0,1,1
2026,,2026-03-29,823647,away,PIT,NYM,669707,Jared Triolo,19,SS,5,3,0,0,0,0,0,0,1,0,0,0,3
2026,,2026-03-29,823647,away,PIT,NYM,663968,Jake Mangum,28,LF,5,4,0,0,0,0,0,0,0,3,0,0,2
2026,,2026-03-29,823647,away,PIT,NYM,695257,Billy Cook,25,RF,0,0,1,0,0,0,0,0,0,0,0,0,0
2026,,2026-03-29,823647,away,PIT,NYM,680779,Henry Davis,32,C,5,4,0,1,0,0,0,1,1,0,0,1,0
2026,,2026-03-29,823647,away,PIT,NYM,656811,Ryan O'Hearn,29,1B,5,5,0,3,0,0,0,2,0,2,0,3,1
2026,,2026-03-29,823647,away,PIT,NYM,693304,Nick Gonzales,3,3B,5,4,0,0,0,0,0,0,1,1,0,0,2
2026,,2026-03-29,823647,home,NYM,PIT,620443,Luis Torrens,13,C,3,3,0,1,0,0,0,0,0,1,0,1,2
2026,,2026-03-29,823647,home,NYM,PIT,666182,Bo Bichette,19,3B,5,5,0,0,0,0,0,0,0,3,0,0,4
2026,,2026-03-29,823647,home,NYM,PIT,682626,Francisco Alvarez,4,C,0,0,1,0,0,0,0,0,0,0,0,0,0
2026,,2026-03-29,823647,home,NYM,PIT,683146,Brett Baty,7,1B,4,4,0,2,0,0,0,0,0,2,0,2,0
2026,,2026-03-29,823647,home,NYM,PIT,701807,Carson Benge,3,RF,4,4,0,0,0,0,0,0,0,1,0,0,3
2026,,2026-03-29,823647,home,NYM,PIT,543760,Marcus Semien,10,2B,4,3,0,0,0,0,0,1,0,1,0,0,2
2026,,2026-03-29,823647,home,NYM,PIT,596019,Francisco Lindor,12,SS,5,4,1,2,0,1,0,0,1,2,0,4,0
2026,,2026-03-29,823647,home,NYM,PIT,665742,Juan Soto,22,LF,5,5,0,2,1,0,0,2,0,3,0,3,2
2026,,2026-03-29,823647,home,NYM,PIT,593871,Jorge Polanco,11,DH,5,5,0,0,0,0,0,0,0,1,0,0,2
2026,,2026-03-29,823647,home,NYM,PIT,673357,Luis Robert Jr.,88,CF,4,3,1,2,0,0,0,0,1,1,0,2,0
2026,,2026-03-29,823647,home,NYM,PIT,676724,Jared Young,29,PH,1,1,0,0,0,0,0,0,0,1,0,0,0
2026,,2026-03-29,823891,away,COL,MIA,664983,Jake McCarthy,31,LF,5,4,0,0,0,0,0,0,0,2,1,0,2
2026,,2026-03-29,823891,away,COL,MIA,687859,Troy Johnston,20,1B,1,1,0,0,0,0,0,0,0,1,0,0,0
2026,,2026-03-29,823891,away,COL,MIA,690924,Braxton Fulford,37,C,1,1,0,0,0,0,0,0,0,1,0,0,0
2026,,2026-03-29,823891,away,COL,MIA,650489,Willi Castro,3,2B,4,3,1,1,1,0,0,0,1,0,0,2,2
2026,,2026-03-29,823891,away,COL,MIA,690022,Ryan Ritter,8,2B,0,0,0,0,0,0,0,0,0,0,0,0,0
2026,,2026-03-29,823891,away,COL,MIA,696100,Hunter Goodman,15,DH,4,4,1,1,0,0,0,0,0,1,0,1,3
2026,,2026-03-29,823891,away,COL,MIA,687597,Jordan Beck,27,RF,4,4,0,1,1,0,0,3,0,2,0,2,1
2026,,2026-03-29,823891,away,COL,MIA,664954,Brett Sullivan,26,C,3,3,0,0,0,0,0,0,0,0,0,0,1
2026,,2026-03-29,823891,away,COL,MIA,686668,Brenton Doyle,9,CF,4,4,0,0,0,0,0,0,0,0,0,0,1
2026,,2026-03-29,823891,away,COL,MIA,678662,Ezequiel Tovar,14,SS,4,4,0,1,0,0,0,0,0,2,0,1,5
2026,,2026-03-29,823891,away,COL,MIA,681198,TJ Rumfield,7,1B,3,2,1,0,0,0,0,0,1,2,0,0,2
2026,,2026-03-29,823891,away,COL,MIA,691720,Kyle Karros,12,3B,4,4,0,2,1,0,0,0,0,0,1,3,1
2026,,2026-03-29,823891,home,MIA,COL,665052,Griffin Conine,18,1B,0,0,0,0,0,0,0,0,0,0,0,0,0
2026,,2026-03-29,823891,home,MIA,COL,681715,Heriberto Hernández,13,LF,4,3,0,0,0,0,0,0,1,1,0,0,5
2026,,2026-03-29,823891,home,MIA,COL,805300,Jakob Marsee,87,CF,4,3,1,0,0,0,0,0,1,2,0,0,2
2026,,2026-03-29,823891,home,MIA,COL,691594,Javier Sanoja,8,3B,4,4,1,2,1,0,0,0,0,1,0,3,2
2026,,2026-03-29,823891,home,MIA,COL,691277,Deyvison De Los Santos,63,1B,2,2,0,1,1,0,0,0,0,0,0,2,1
2026,,2026-03-29,823891,home,MIA,COL,669364,Xavier Edwards,9,2B,4,3,1,2,0,0,0,0,0,1,1,2,0
2026,,2026-03-29,823891,home,MIA,COL,689414,Liam Hicks,34,C,2,2,0,0,0,0,0,0,0,0,0,0,1
2026,,2026-03-29,823891,home,MIA,COL,683357,Owen Caissie,17,RF,2,2,1,1,0,0,1,2,0,0,0,4,0
2026,,2026-03-29,823891,home,MIA,COL,682663,Agustín Ramírez,50,C,4,2,0,0,0,0,0,0,2,1,0,0,1
2026,,2026-03-29,823891,home,MIA,COL,681393,Connor Norby,1,DH,4,2,0,0,0,0,0,0,1,1,0,0,0
2026,,2026-03-29,823891,home,MIA,COL,596103,Austin Slater,15,RF,3,2,0,0,0,0,0,1,0,1,0,0,1
2026,,2026-03-29,823891,home,MIA,COL,672640,Otto Lopez,6,SS,4,4,0,2,1,0,0,1,0,0,0,3,0
2026,,2026-03-29,824215,away,LAA,HOU,624428,Adam Frazier,20,2B,4,3,1,0,0,0,0,0,1,1,0,0,1
2026,,2026-03-29,824215,away,LAA,HOU,687263,Zach Neto,9,SS,5,2,2,1,0,0,1,2,3,0,0,4,1
2026,,2026-03-29,824215,away,LAA,HOU,624585,Jorge Soler,12,RF,5,5,1,1,1,0,0,3,0,3,0,2,4
2026,,2026-03-29,824215,away,LAA,HOU,660162,Yoán Moncada,10,3B,5,4,0,0,0,0,0,0,1,1,0,0,5
2026,,2026-03-29,824215,away,LAA,HOU,518595,Travis d'Arnaud,25,C,3,3,1,1,1,0,0,0,0,2,0,2,2
2026,,2026-03-29,824215,away,LAA,HOU,545361,Mike Trout,27,DH,5,4,1,1,0,0,0,0,1,2,0,1,2
2026,,2026-03-29,824215,away,LAA,HOU,600869,Jeimer Candelario,46,PH,1,1,0,0,0,0,0,0,0,0,0,0,0
2026,,2026-03-29,824215,away,LAA,HOU,666176,Jo Adell,7,CF,4,4,0,2,0,0,0,1,0,0,0,2,0
2026,,2026-03-29,824215,away,LAA,HOU,694384,Nolan Schanuel,18,1B,5,3,1,1,0,0,0,1,2,0,0,1,0
2026,,2026-03-29,824215,away,LAA,HOU,666139,Josh Lowe,3,LF,4,4,0,0,0,0,0,0,0,4,0,0,3
2026,,2026-03-29,824215,away,LAA,HOU,669326,Bryce Teodosio,22,PR,0,0,0,0,0,0,0,0,0,0,0,0,0
2026,,2026-03-29,824215,away,LAA,HOU,681351,Logan O'Hoppe,14,C,0,0,0,0,0,0,0,0,0,0,0,0,0
2026,,2026-03-29,824215,home,HOU,LAA,670623,Isaac Paredes,15,2B,5,5,1,2,2,0,0,2,0,1,0,4,4
2026,,2026-03-29,824215,home,HOU,LAA,669397,Nick Allen,20,2B,0,0,1,0,0,0,0,0,0,0,0,0,0
2026,,2026-03-29,824215,home,HOU,LAA,701358,Cam Smith,11,RF,4,2,2,0,0,0,0,0,1,0,0,0,1
2026,,2026-03-29,824215,home,HOU,LAA,676694,Jake Meyers,6,CF,0,0,0,0,0,0,0,0,0,0,0,0,0
2026,,2026-03-29,824215,home,HOU,LAA,514888,Jose Altuve,27,DH,5,3,1,1,1,0,0,1,2,1,0,2,3
2026,,2026-03-29,824215,home,HOU,LAA,694388,Joey Loperfido,10,LF,5,5,1,1,1,0,0,0,0,2,0,2,4
2026,,2026-03-29,824215,home,HOU,LAA,665161,Jeremy Peña,3,SS,5,5,0,0,0,0,0,0,0,2,0,0,4
2026,,2026-03-29,824215,home,HOU,LAA,621043,Carlos Correa,1,3B,5,4,0,0,0,0,0,0,1,0,0,0,5
2026,,2026-03-29,824215,home,HOU,LAA,572233,Christian Walker,8,1B,4,3,1,1,1,0,0,2,1,0,0,2,0
2026,,2026-03-29,824215,home,HOU,LAA,543877,Christian Vázquez,2,C,4,2,1,1,0,0,0,2,1,0,0,1,0
2026,,2026-03-29,824215,home,HOU,LAA,670541,Yordan Alvarez,44,LF,5,2,1,1,0,0,0,1,3,0,1,1,0
2026,,2026-03-29,823810,away,CHW,MIL,671976,Tristan Peters,29,CF,4,3,0,1,0,0,0,0,1,1,0,1,0
2026,,2026-03-29,823810,away,CHW,MIL,808959,Munetaka Murakami,5,1B,5,4,2,1,0,0,1,1,1,3,0,4,1
2026,,2026-03-29,823810,away,CHW,MIL,805367,Chase Meidroth,10,2B,5,4,1,0,0,0,0,0,1,2,0,0,2
2026,,2026-03-29,823810,away,CHW,MIL,695657,Colson Montgomery,12,SS,4,3,1,2,0,0,1,5,1,0,0,5,0
2026,,2026-03-29,823810,away,CHW,MIL,669720,Austin Hays,21,LF,4,4,0,0,0,0,0,0,0,2,0,0,2
2026,,2026-03-29,823810,away,CHW,MIL,700337,Edgar Quero,26,C,4,4,0,0,0,0,0,0,0,1,0,0,4
2026,,2026-03-29,823810,away,CHW,MIL,643217,Andrew Benintendi,23,DH,4,3,0,1,0,0,0,0,1,2,0,1,1
2026,,2026-03-29,823810,away,CHW,MIL,677592,Everson Pereira,28,RF,4,4,1,2,0,0,1,1,0,0,0,5,2
2026,,2026-03-29,823810,away,CHW,MIL,656537,Derek Hill,25,LF,0,0,0,0,0,0,0,0,0,0,0,0,0
2026,,2026-03-29,823810,away,CHW,MIL,678246,Miguel Vargas,20,3B,5,5,2,2,0,0,0,0,0,1,1,2,1
2026,,2026-03-29,823810,home,MIL,CHW,650859,Luis Rengifo,13,3B,5,4,1,1,0,0,0,2,1,0,0,1,3
2026,,2026-03-29,823810,home,MIL,CHW,687401,Joey Ortiz,3,SS,5,4,1,1,0,0,0,0,1,3,0,1,3
2026,,2026-03-29,823810,home,MIL,CHW,592885,Christian Yelich,22,PH,1,1,1,1,0,0,1,3,0,0,0,4,0
2026,,2026-03-29,823810,home,MIL,CHW,641343,Jake Bauers,9,1B,2,2,0,0,0,0,0,0,0,1,0,0,2
2026,,2026-03-29,823810,home,MIL,CHW,686217,Sal Frelick,10,RF,5,3,1,1,1,0,0,0,2,1,0,2,2
2026,,2026-03-29,823810,home,MIL,CHW,663604,Brandon Lockridge,20,LF,4,4,1,2,0,0,0,1,0,1,1,2,3
2026,,2026-03-29,823810,home,MIL,CHW,663368,Blake Perkins,16,CF,4,3,1,1,1,0,0,0,1,0,0,2,3
2026,,2026-03-29,823810,home,MIL,CHW,661388,William Contreras,24,C,5,4,1,1,1,0,0,0,1,2,0,2,3
2026,,2026-03-29,823810,home,MIL,CHW,668930,Brice Turang,2,2B,5,5,1,1,0,0,0,1,0,2,0,1,3
2026,,2026-03-29,823810,home,MIL,CHW,596142,Gary Sánchez,99,C,4,4,1,2,0,0,1,2,0,2,0,5,2
2026,,2026-03-29,823810,home,MIL,CHW,691620,Jeferson Quero,15,C,2,1,0,0,0,0,0,0,1,0,0,0,1
2026,,2026-03-29,823810,home,MIL,CHW,656730,Trevor Megill,29,P,0,0,0,0,0,0,0,0,0,0,0,0,0
2026,,2026-03-29,823079,away,TBR,STL,680700,Richie Palacios,1,2B,2,2,0,0,0,0,0,0,0,0,0,0,1
2026,,2026-03-29,823079,away,TBR,STL,700246,Carson Williams,7,SS,5,3,2,1,1,0,0,1,1,1,0,2,1
2026,,2026-03-29,823079,away,TBR,STL,802415,Chandler Simpson,14,LF,5,4,1,2,0,0,0,0,1,0,0,2,0
2026,,2026-03-29,823079,away,TBR,STL,676356,Jonny DeLuca,21,RF,5,5,2,2,1,0,0,1,0,0,0,3,2
2026,,2026-03-29,823079,away,TBR,STL,676439,Hunter Feduccia,9,C,2,1,1,1,0,0,0,0,1,0,0,1,0
2026,,2026-03-29,823079,away,TBR,STL,666018,Jonathan Aranda,8,1B,6,6,1,3,1,0,0,2,0,1,0,4,6
2026,,2026-03-29,823079,away,TBR,STL,663743,Nick Fortes,40,C,3,2,0,0,0,0,0,0,1,0,0,0,2
2026,,2026-03-29,823079,away,TBR,STL,650490,Yandy Díaz,2,DH,6,6,2,5,1,0,0,4,0,0,0,6,0
2026,,2026-03-29,823079,away,TBR,STL,810938,Ben Williamson,15,2B,3,3,2,2,0,0,0,0,0,0,0,2,1
2026,,2026-03-29,823079,away,TBR,STL,691406,Junior Caminero,13,3B,5,5,0,0,0,0,0,0,0,2,0,0,3
2026,,2026-03-29,823079,away,TBR,STL,656775,Cedric Mullins,31,CF,6,5,0,1,1,0,0,2,0,2,0,2,7
2026,,2026-03-29,823079,home,STL,TBR,669357,Nolan Gorman,16,3B,2,2,1,1,0,0,1,1,0,0,0,4,1
2026,,2026-03-29,823079,home,STL,TBR,691023,Jordan Walker,18,RF,4,4,3,3,1,0,1,3,0,1,0,7,1
2026,,2026-03-29,823079,home,STL,TBR,687363,Victor Scott II,11,CF,4,4,0,2,0,0,0,0,0,2,0,2,1
2026,,2026-03-29,823079,home,STL,TBR,802139,JJ Wetherholt,26,2B,5,4,0,1,0,0,0,0,1,0,0,1,1
2026,,2026-03-29,823079,home,STL,TBR,676475,Alec Burleson,41,1B,5,4,0,0,0,0,0,0,1,0,0,0,1
2026,,2026-03-29,823079,home,STL,TBR,695336,Thomas Saggese,25,LF,4,3,1,0,0,0,0,0,1,1,0,0,1
2026,,2026-03-29,823079,home,STL,TBR,686780,Pedro Pagés,43,C,4,4,1,2,0,0,1,2,0,0,0,5,1
2026,,2026-03-29,823079,home,STL,TBR,602104,Ramón Urías,29,3B,2,2,0,0,0,0,0,0,0,1,0,0,2
2026,,2026-03-29,823079,home,STL,TBR,691026,Masyn Winn,0,SS,5,5,1,2,1,0,0,0,0,0,0,3,3
2026,,2026-03-29,823079,home,STL,TBR,671056,Iván Herrera,48,DH,5,5,0,0,0,0,0,0,0,0,0,0,5
2026,,2026-03-29,824700,away,WSN,CHC,691781,Brady House,12,3B,5,5,1,2,0,0,0,0,0,1,0,2,2
2026,,2026-03-29,824700,away,WSN,CHC,682928,CJ Abrams,5,SS,4,3,0,0,0,0,0,0,0,2,0,0,2
2026,,2026-03-29,824700,away,WSN,CHC,683083,Nasim Nuñez,26,2B,4,4,1,1,0,0,0,0,0,1,1,1,5
2026,,2026-03-29,824700,away,WSN,CHC,665953,Andrés Chaparro,87,1B,3,3,0,0,0,0,0,0,0,2,0,0,1
2026,,2026-03-29,824700,away,WSN,CHC,686894,Joey Wiemer,21,RF,4,3,1,3,0,1,1,3,1,0,0,8,0
2026,,2026-03-29,824700,away,WSN,CHC,695734,Daylen Lile,4,LF,5,4,2,2,1,0,0,0,1,1,0,3,1
2026,,2026-03-29,824700,away,WSN,CHC,695578,James Wood,29,DH,5,4,0,0,0,0,0,0,1,2,0,0,1
2026,,2026-03-29,824700,away,WSN,CHC,696285,Jacob Young,30,CF,4,4,0,1,1,0,0,0,0,0,0,2,2
2026,,2026-03-29,824700,away,WSN,CHC,660688,Keibert Ruiz,20,C,4,3,1,1,0,0,1,3,0,0,0,4,2
2026,,2026-03-29,824700,away,WSN,CHC,671277,Luis García Jr.,2,1B,2,2,0,1,0,0,0,0,0,0,0,1,0
2026,,2026-03-29,824700,home,CHC,WSN,624424,Michael Conforto,20,RF,3,2,0,0,0,0,0,0,1,1,0,0,0
2026,,2026-03-29,824700,home,CHC,WSN,664023,Ian Happ,8,LF,4,3,1,1,0,0,1,1,1,2,0,4,1
2026,,2026-03-29,824700,home,CHC,WSN,608324,Alex Bregman,3,3B,4,4,2,2,0,0,2,2,0,0,0,8,1
2026,,2026-03-29,824700,home,CHC,WSN,683737,Michael Busch,29,1B,4,4,0,0,0,0,0,0,0,2,0,0,1
2026,,2026-03-29,824700,home,CHC,WSN,608348,Carson Kelly,15,C,4,4,0,0,0,0,0,0,0,1,0,0,2
2026,,2026-03-29,824700,home,CHC,WSN,691718,Pete Crow-Armstrong,4,CF,4,4,0,0,0,0,0,0,0,0,0,0,2
2026,,2026-03-29,824700,home,CHC,WSN,694208,Moisés Ballesteros,25,DH,4,4,0,0,0,0,0,0,0,1,0,0,1
2026,,2026-03-29,824700,home,CHC,WSN,621020,Dansby Swanson,7,SS,3,3,0,0,0,0,0,0,0,2,0,0,0
2026,,2026-03-29,824700,home,CHC,WSN,663538,Nico Hoerner,2,2B,4,4,0,1,0,0,0,0,0,1,1,1,1
2026,,2026-03-29,823160,away,CLE,SEA,800050,Chase DeLauter,24,RF,3,3,0,1,0,0,0,0,0,1,0,1,0
2026,,2026-03-29,823160,away,CLE,SEA,682177,Daniel Schneemann,10,3B,3,3,0,1,0,0,0,0,0,1,0,1,0
2026,,2026-03-29,823160,away,CLE,SEA,677587,Brayan Rocchio,4,2B,3,3,0,0,0,0,0,0,0,0,0,0,1
2026,,2026-03-29,823160,away,CLE,SEA,672356,Gabriel Arias,13,SS,3,3,0,0,0,0,0,0,0,2,0,0,1
2026,,2026-03-29,823160,away,CLE,SEA,666310,Bo Naylor,23,C,3,3,0,0,0,0,0,0,0,3,0,0,0
2026,,2026-03-29,823160,away,CLE,SEA,681807,David Fry,6,RF,1,1,0,0,0,0,0,0,0,0,0,0,0
2026,,2026-03-29,823160,away,CLE,SEA,608070,José Ramírez,11,DH,3,2,0,0,0,0,0,0,1,2,0,0,1
2026,,2026-03-29,823160,away,CLE,SEA,680757,Steven Kwan,38,CF,3,3,0,0,0,0,0,0,0,0,0,0,0
2026,,2026-03-29,823160,away,CLE,SEA,682657,Angel Martínez,1,CF,1,1,0,0,0,0,0,0,0,1,0,0,0
2026,,2026-03-29,823160,away,CLE,SEA,700932,Kyle Manzardo,9,1B,3,3,0,0,0,0,0,0,0,2,0,0,2
2026,,2026-03-29,823160,away,CLE,SEA,692216,CJ Kayfus,2,LF,3,2,0,0,0,0,0,0,0,2,0,0,1
2026,,2026-03-29,823160,home,SEA,CLE,647304,Josh Naylor,12,1B,5,4,0,0,0,0,0,0,1,1,0,0,5
2026,,2026-03-29,823160,home,SEA,CLE,702284,Cole Young,2,2B,4,3,1,1,0,0,0,0,1,0,0,1,2
2026,,2026-03-29,823160,home,SEA,CLE,668227,Randy Arozarena,56,LF,5,4,1,2,1,0,0,2,1,0,0,3,2
2026,,2026-03-29,823160,home,SEA,CLE,686527,Dominic Canzone,8,DH,4,3,1,1,1,0,0,0,0,0,0,2,0
2026,,2026-03-29,823160,home,SEA,CLE,663728,Cal Raleigh,29,C,5,4,0,1,1,0,0,1,1,1,0,2,1
2026,,2026-03-29,823160,home,SEA,CLE,680977,Brendan Donovan,33,3B,5,3,2,2,0,0,1,3,0,1,0,5,0
2026,,2026-03-29,823160,home,SEA,CLE,660844,Leo Rivas,76,SS,4,4,1,1,0,0,0,1,0,2,0,1,3
2026,,2026-03-29,823160,home,SEA,CLE,677594,Julio Rodríguez,44,CF,5,4,2,0,0,0,0,0,1,0,0,0,4
2026,,2026-03-29,823160,home,SEA,CLE,670042,Luke Raley,20,RF,5,5,0,1,0,0,0,1,0,3,0,1,4
2026,,2026-03-30,824135,away,MIN,KCR,605170,Victor Caratini,37,1B,3,3,0,0,0,0,0,0,0,1,0,0,0
2026,,2026-03-30,824135,away,MIN,KCR,686797,Brooks Lee,22,SS,3,3,0,1,0,0,0,0,0,1,0,1,0
2026,,2026-03-30,824135,away,MIN,KCR,668885,Austin Martin,16,LF,3,1,0,1,0,0,0,0,2,0,0,1,0
2026,,2026-03-30,824135,away,MIN,KCR,605137,Josh Bell,56,DH,3,3,0,0,0,0,0,0,0,1,0,0,0
2026,,2026-03-30,824135,away,MIN,KCR,680777,Ryan Jeffers,27,C,4,4,0,1,0,0,0,0,0,0,0,1,2
2026,,2026-03-30,824135,away,MIN,KCR,681546,James Outman,30,LF,0,0,0,0,0,0,0,0,0,0,0,0,0
2026,,2026-03-30,824135,away,MIN,KCR,668904,Royce Lewis,,3B,3,3,0,0,0,0,0,0,0,2,0,0,0
2026,,2026-03-30,824135,away,MIN,KCR,663616,Trevor Larnach,9,PH,1,1,0,0,0,0,0,0,0,0,0,0,1
2026,,2026-03-30,824135,away,MIN,KCR,621439,Byron Buxton,25,CF,4,4,0,0,0,0,0,0,0,1,0,0,2
2026,,2026-03-30,824135,away,MIN,KCR,670242,Matt Wallner,38,RF,4,4,1,1,0,0,1,1,0,0,0,4,1
2026,,2026-03-30,824135,away,MIN,KCR,807712,Luke Keaschall,15,2B,4,3,0,0,0,0,0,0,1,0,0,0,2
2026,,2026-03-30,824135,home,KCR,MIN,695600,Carter Jensen,22,DH,3,3,0,0,0,0,0,0,0,1,0,0,3
2026,,2026-03-30,824135,home,KCR,MIN,663697,Jonathan India,6,2B,3,3,1,1,0,0,0,0,0,0,0,1,1
2026,,2026-03-30,824135,home,KCR,MIN,686555,Isaac Collins,1,LF,3,3,1,1,0,0,1,1,0,1,0,4,1
2026,,2026-03-30,824135,home,KCR,MIN,521692,Salvador Perez,13,C,4,4,0,1,0,0,0,0,0,1,0,1,1
2026,,2026-03-30,824135,home,KCR,MIN,686469,Vinnie Pasquantino,9,1B,4,2,0,0,0,0,0,0,2,1,0,0,0
2026,,2026-03-30,824135,home,KCR,MIN,664728,Kyle Isbel,28,CF,3,3,1,2,0,0,1,2,0,0,1,5,0
2026,,2026-03-30,824135,home,KCR,MIN,672580,Maikel Garcia,11,3B,4,4,0,2,1,0,0,0,0,1,0,3,1
2026,,2026-03-30,824135,home,KCR,MIN,657041,Lane Thomas,15,DH,1,1,0,0,0,0,0,0,0,0,0,0,0
2026,,2026-03-30,824135,home,KCR,MIN,695506,Jac Caglianone,14,RF,3,3,0,0,0,0,0,0,0,2,0,0,1
2026,,2026-03-30,824135,home,KCR,MIN,677951,Bobby Witt Jr.,7,SS,4,4,0,0,0,0,0,0,0,0,0,0,3
2026,,2026-03-30,824863,away,TEX,BAL,694497,Evan Carter,32,CF,5,5,1,2,1,0,0,0,0,2,0,3,3
2026,,2026-03-30,824863,away,TEX,BAL,694671,Wyatt Langford,36,LF,5,5,0,1,0,0,0,0,0,1,0,1,3
2026,,2026-03-30,824863,away,TEX,BAL,669394,Jake Burger,21,1B,5,4,1,2,1,0,0,2,0,0,0,3,3
2026,,2026-03-30,824863,away,TEX,BAL,592626,Joc Pederson,3,DH,3,2,0,0,0,0,0,1,0,1,0,0,3
2026,,2026-03-30,824863,away,TEX,BAL,608369,Corey Seager,5,SS,5,3,0,0,0,0,0,0,2,0,0,0,2
2026,,2026-03-30,824863,away,TEX,BAL,673962,Josh Jung,6,3B,5,5,0,0,0,0,0,0,0,2,0,0,6
2026,,2026-03-30,824863,away,TEX,BAL,457705,Andrew McCutchen,4,DH,2,2,0,1,0,0,0,0,0,1,0,1,2
2026,,2026-03-30,824863,away,TEX,BAL,543309,Kyle Higashioka,11,C,4,3,1,0,0,0,0,0,1,2,0,0,2
2026,,2026-03-30,824863,away,TEX,BAL,607043,Brandon Nimmo,24,RF,5,5,2,3,0,0,0,1,0,1,0,3,1
2026,,2026-03-30,824863,away,TEX,BAL,669701,Josh Smith,8,2B,5,3,0,1,0,0,0,1,2,1,1,1,2
2026,,2026-03-30,824863,home,BAL,TEX,669236,Jeremiah Jackson,82,PH,1,1,0,0,0,0,0,0,0,1,0,0,0
2026,,2026-03-30,824863,home,BAL,TEX,683002,Gunnar Henderson,2,SS,4,4,1,2,0,0,1,2,0,1,0,5,1
2026,,2026-03-30,824863,home,BAL,TEX,621493,Taylor Ward,3,LF,4,4,0,1,0,0,0,0,0,0,0,1,2
2026,,2026-03-30,824863,home,BAL,TEX,687637,Dylan Beavers,12,RF,3,3,0,0,0,0,0,0,0,1,0,0,0
2026,,2026-03-30,824863,home,BAL,TEX,663624,Ryan Mountcastle,6,PH,1,1,0,0,0,0,0,0,0,1,0,0,0
2026,,2026-03-30,824863,home,BAL,TEX,668939,Adley Rutschman,35,C,4,4,0,1,1,0,0,0,0,1,0,2,2
2026,,2026-03-30,824863,home,BAL,TEX,641933,Tyler O'Neill,9,DH,4,4,0,0,0,0,0,0,0,1,0,0,3
2026,,2026-03-30,824863,home,BAL,TEX,677942,Blaze Alexander,23,2B,3,3,0,1,0,0,0,0,0,1,0,1,1
2026,,2026-03-30,824863,home,BAL,TEX,624413,Pete Alonso,25,1B,4,4,0,1,0,0,0,0,0,2,0,1,2
2026,,2026-03-30,824863,home,BAL,TEX,681297,Colton Cowser,17,CF,3,2,1,1,0,0,0,0,1,0,0,1,0
2026,,2026-03-30,824863,home,BAL,TEX,691723,Coby Mayo,16,3B,4,4,0,0,0,0,0,0,0,2,0,0,0
2026,,2026-03-30,824539,away,PIT,CIN,687462,Spencer Horwitz,2,1B,4,4,0,1,0,0,0,0,0,1,0,1,3
2026,,2026-03-30,824539,away,PIT,CIN,664040,Brandon Lowe,5,2B,4,2,0,1,0,0,0,0,2,1,0,1,0
2026,,2026-03-30,824539,away,PIT,CIN,668804,Bryan Reynolds,10,LF,4,4,0,0,0,0,0,0,0,1,0,0,3
2026,,2026-03-30,824539,away,PIT,CIN,665833,Oneil Cruz,15,CF,4,4,0,0,0,0,0,0,0,2,0,0,1
2026,,2026-03-30,824539,away,PIT,CIN,669707,Jared Triolo,19,SS,4,4,0,0,0,0,0,0,0,2,0,0,5
2026,,2026-03-30,824539,away,PIT,CIN,695257,Billy Cook,25,PR,0,0,0,0,0,0,0,0,0,0,0,0,0
2026,,2026-03-30,824539,away,PIT,CIN,680779,Henry Davis,32,C,3,3,0,0,0,0,0,0,0,3,0,0,3
2026,,2026-03-30,824539,away,PIT,CIN,656811,Ryan O'Hearn,29,RF,4,2,0,1,0,0,0,0,2,0,0,1,0
2026,,2026-03-30,824539,away,PIT,CIN,542303,Marcell Ozuna,24,DH,4,3,0,0,0,0,0,0,1,1,0,0,2
2026,,2026-03-30,824539,away,PIT,CIN,693304,Nick Gonzales,3,3B,4,4,0,1,0,0,0,0,0,0,1,1,3
2026,,2026-03-30,824539,home,CIN,PIT,682829,Elly De La Cruz,44,SS,4,3,0,1,0,0,0,0,1,1,0,1,1
2026,,2026-03-30,824539,home,CIN,PIT,701398,Sal Stewart,27,1B,4,2,1,1,0,0,0,0,2,1,0,1,0
2026,,2026-03-30,824539,home,CIN,PIT,667472,Dane Myers,17,CF,0,0,0,0,0,0,0,0,0,0,0,0,0
2026,,2026-03-30,824539,home,CIN,PIT,680574,Matt McLain,9,2B,4,4,0,0,0,0,0,0,0,0,0,0,2
2026,,2026-03-30,824539,home,CIN,PIT,663647,Ke'Bryan Hayes,3,3B,3,2,0,0,0,0,0,0,1,0,0,0,0
2026,,2026-03-30,824539,home,CIN,PIT,666181,Will Benson,30,RF,3,3,0,1,0,1,0,1,0,1,0,3,1
2026,,2026-03-30,824539,home,CIN,PIT,670770,TJ Friedl,29,LF,4,3,0,0,0,0,0,0,1,1,0,0,1
2026,,2026-03-30,824539,home,CIN,PIT,668715,Spencer Steer,7,1B,3,2,0,0,0,0,0,1,0,0,0,0,1
2026,,2026-03-30,824539,home,CIN,PIT,553993,Eugenio Suárez,28,DH,4,4,1,1,0,0,0,0,0,2,0,1,3
2026,,2026-03-30,824539,home,CIN,PIT,663886,Tyler Stephenson,37,C,3,3,0,0,0,0,0,0,0,1,0,0,1
2026,,2026-03-30,823484,away,WSN,PHI,691781,Brady House,12,3B,6,6,1,2,0,0,0,1,0,2,0,2,4
2026,,2026-03-30,823484,away,WSN,PHI,682928,CJ Abrams,5,SS,6,6,1,2,0,0,0,1,0,0,0,2,3
2026,,2026-03-30,823484,away,WSN,PHI,686452,Drew Millas,14,C,5,4,0,1,0,0,0,1,1,1,0,1,4
2026,,2026-03-30,823484,away,WSN,PHI,678391,Jorbit Vivas,84,2B,5,3,2,2,0,0,0,1,1,0,0,2,1
2026,,2026-03-30,823484,away,WSN,PHI,686894,Joey Wiemer,21,CF,5,4,2,2,0,0,0,0,1,0,0,2,0
2026,,2026-03-30,823484,away,WSN,PHI,695734,Daylen Lile,4,LF,6,6,2,2,1,0,0,2,0,0,0,3,4
2026,,2026-03-30,823484,away,WSN,PHI,677588,José Tena,8,DH,5,5,2,3,0,0,0,2,0,1,0,3,3
2026,,2026-03-30,823484,away,WSN,PHI,695578,James Wood,29,RF,6,4,2,1,1,0,0,1,2,2,0,2,5
2026,,2026-03-30,823484,away,WSN,PHI,671277,Luis García Jr.,2,1B,6,6,1,2,1,0,0,3,0,0,0,3,3
2026,,2026-03-30,823484,home,PHI,WSN,669016,Brandon Marsh,16,CF,4,3,1,2,0,0,0,0,1,0,0,2,2
2026,,2026-03-30,823484,home,PHI,WSN,547180,Bryce Harper,3,1B,5,5,0,0,0,0,0,0,0,1,0,0,6
2026,,2026-03-30,823484,home,PHI,WSN,624641,Edmundo Sosa,33,2B,4,4,0,0,0,0,0,0,0,1,0,0,3
2026,,2026-03-30,823484,home,PHI,WSN,664761,Alec Bohm,28,3B,4,4,0,0,0,0,0,0,0,1,0,0,0
2026,,2026-03-30,823484,home,PHI,WSN,656941,Kyle Schwarber,12,DH,5,3,0,0,0,0,0,0,1,2,0,0,2
2026,,2026-03-30,823484,home,PHI,WSN,805249,Otto Kemp,4,LF,4,4,0,1,0,0,0,0,0,2,0,1,2
2026,,2026-03-30,823484,home,PHI,WSN,665561,Rafael Marchán,13,C,4,3,1,1,0,0,1,2,0,0,0,4,1
2026,,2026-03-30,823484,home,PHI,WSN,666969,Adolis García,53,RF,4,4,0,2,1,0,0,0,0,0,0,3,1
2026,,2026-03-30,823484,home,PHI,WSN,607208,Trea Turner,7,SS,5,5,0,1,1,0,0,0,0,2,0,2,3
2026,,2026-03-30,823890,away,CHW,MIA,672820,Lenyn Sosa,50,2B,4,4,0,0,0,0,0,0,0,1,0,0,1
2026,,2026-03-30,823890,away,CHW,MIA,671976,Tristan Peters,29,CF,3,3,1,2,0,0,0,0,0,1,0,2,0
2026,,2026-03-30,823890,away,CHW,MIA,682668,Luisangel Acuña,0,SS,4,2,2,0,0,0,0,0,1,1,2,0,2
2026,,2026-03-30,823890,away,CHW,MIA,808959,Munetaka Murakami,5,DH,5,5,1,1,0,0,0,0,0,1,0,1,0
2026,,2026-03-30,823890,away,CHW,MIA,695657,Colson Montgomery,12,3B,4,4,0,1,0,0,0,0,0,2,0,1,0
2026,,2026-03-30,823890,away,CHW,MIA,669720,Austin Hays,21,LF,5,5,1,1,0,0,1,3,0,4,0,4,0
2026,,2026-03-30,823890,away,CHW,MIA,700337,Edgar Quero,26,C,4,3,0,0,0,0,0,0,0,0,0,0,2
2026,,2026-03-30,823890,away,CHW,MIA,677592,Everson Pereira,28,RF,4,4,2,2,1,0,0,0,0,0,0,3,2
2026,,2026-03-30,823890,away,CHW,MIA,656537,Derek Hill,25,CF,1,0,0,0,0,0,0,0,1,0,0,0,0
2026,,2026-03-30,823890,away,CHW,MIA,678246,Miguel Vargas,20,1B,5,4,2,2,0,0,1,6,0,0,0,5,0
2026,,2026-03-30,823890,home,MIA,CHW,665052,Griffin Conine,18,LF,2,1,1,1,1,0,0,0,1,0,0,2,0
2026,,2026-03-30,823890,home,MIA,CHW,681715,Heriberto Hernández,13,LF,2,1,0,0,0,0,0,0,1,1,0,0,0
2026,,2026-03-30,823890,home,MIA,CHW,805300,Jakob Marsee,87,CF,5,5,1,2,0,1,0,1,0,1,0,4,2
2026,,2026-03-30,823890,home,MIA,CHW,691594,Javier Sanoja,8,3B,1,1,0,0,0,0,0,0,0,0,0,0,0
2026,,2026-03-30,823890,home,MIA,CHW,669364,Xavier Edwards,9,2B,5,4,1,2,1,0,0,0,1,1,0,3,2
2026,,2026-03-30,823890,home,MIA,CHW,688363,Graham Pauley,21,3B,2,2,0,0,0,0,0,0,0,2,0,0,2
2026,,2026-03-30,823890,home,MIA,CHW,689414,Liam Hicks,34,C,4,4,1,2,0,0,1,3,0,1,0,5,1
2026,,2026-03-30,823890,home,MIA,CHW,683357,Owen Caissie,17,RF,4,3,0,0,0,0,0,0,1,1,0,0,0
2026,,2026-03-30,823890,home,MIA,CHW,682663,Agustín Ramírez,50,DH,4,4,0,0,0,0,0,0,0,2,0,0,5
2026,,2026-03-30,823890,home,MIA,CHW,681393,Connor Norby,1,1B,4,4,0,0,0,0,0,0,0,1,0,0,3
2026,,2026-03-30,823890,home,MIA,CHW,596103,Austin Slater,15,PH,1,1,0,0,0,0,0,0,0,1,0,0,0
2026,,2026-03-30,823890,home,MIA,CHW,672640,Otto Lopez,6,SS,4,3,0,1,0,0,0,0,0,1,0,1,0
2026,,2026-03-30,822834,away,COL,TOR,664983,Jake McCarthy,31,CF,3,3,0,0,0,0,0,1,0,0,1,0,0
2026,,2026-03-30,822834,away,COL,TOR,687859,Troy Johnston,20,RF,5,5,1,2,0,0,1,2,0,1,0,5,2
2026,,2026-03-30,822834,away,COL,TOR,690924,Braxton Fulford,37,DH,3,3,2,2,0,0,1,2,0,0,0,5,0
2026,,2026-03-30,822834,away,COL,TOR,650489,Willi Castro,3,2B,4,4,1,1,1,0,0,2,0,1,0,2,2
2026,,2026-03-30,822834,away,COL,TOR,666397,Edouard Julien,6,DH,2,2,0,0,0,0,0,0,0,2,0,0,3
2026,,2026-03-30,822834,away,COL,TOR,690022,Ryan Ritter,8,2B,2,2,1,1,0,0,0,0,0,0,0,1,1
2026,,2026-03-30,822834,away,COL,TOR,696100,Hunter Goodman,15,C,5,4,2,2,1,0,0,1,1,2,0,3,1
2026,,2026-03-30,822834,away,COL,TOR,687597,Jordan Beck,27,LF,5,4,1,0,0,0,0,0,1,0,1,0,3
2026,,2026-03-30,822834,away,COL,TOR,664954,Brett Sullivan,26,C,1,0,0,0,0,0,0,0,1,0,0,0,0
2026,,2026-03-30,822834,away,COL,TOR,686668,Brenton Doyle,9,CF,3,3,2,2,1,0,0,0,0,0,0,3,0
2026,,2026-03-30,822834,away,COL,TOR,678662,Ezequiel Tovar,14,SS,6,6,2,3,2,0,0,3,0,1,1,5,1
2026,,2026-03-30,822834,away,COL,TOR,681198,TJ Rumfield,7,1B,5,5,1,3,1,0,0,2,0,1,0,4,2
2026,,2026-03-30,822834,away,COL,TOR,691720,Kyle Karros,12,3B,5,4,1,1,0,0,0,0,1,2,0,1,3
2026,,2026-03-30,822834,home,TOR,COL,676391,Ernie Clement,22,3B,4,4,0,1,0,0,0,0,0,0,0,1,1
2026,,2026-03-30,822834,home,TOR,COL,662139,Daulton Varsho,5,CF,3,3,0,0,0,0,0,0,0,1,0,0,1
2026,,2026-03-30,822834,home,TOR,COL,665926,Andrés Giménez,0,SS,4,3,1,1,0,0,1,1,1,0,0,4,1
2026,,2026-03-30,822834,home,TOR,COL,676914,Davis Schneider,36,2B,1,1,1,1,0,0,1,2,0,0,0,4,0
2026,,2026-03-30,822834,home,TOR,COL,664770,Nathan Lukes,38,CF,1,1,0,0,0,0,0,0,0,0,0,0,0
2026,,2026-03-30,822834,home,TOR,COL,680718,Addison Barger,47,RF,4,4,0,0,0,0,0,0,0,2,0,0,2
2026,,2026-03-30,822834,home,TOR,COL,543807,George Springer,4,DH,5,5,1,1,0,0,1,1,0,2,0,4,3
2026,,2026-03-30,822834,home,TOR,COL,665489,Vladimir Guerrero Jr.,27,1B,3,3,0,0,0,0,0,0,0,1,0,0,2
2026,,2026-03-30,822834,home,TOR,COL,660821,Jesús Sánchez,12,LF,5,4,1,2,0,0,0,0,1,0,0,2,2
2026,,2026-03-30,822834,home,TOR,COL,672386,Alejandro Kirk,30,C,4,3,0,0,0,0,0,0,1,1,0,0,1
2026,,2026-03-30,822834,home,TOR,COL,672960,Kazuma Okamoto,7,1B,4,3,1,1,0,0,1,1,1,2,0,4,0
2026,,2026-03-30,824943,away,ATH,ATL,671732,Lawrence Butler,4,CF,4,4,0,1,0,0,0,0,0,1,0,1,3
2026,,2026-03-30,824943,away,ATH,ATL,667670,Brent Rooker,25,DH,4,4,0,2,0,0,0,0,0,0,0,2,2
2026,,2026-03-30,824943,away,ATH,ATL,643446,Jeff McNeil,22,RF,3,3,0,0,0,0,0,0,0,1,0,0,1
2026,,2026-03-30,824943,away,ATH,ATL,666126,Carlos Cortes,26,RF,2,1,0,1,1,0,0,0,1,0,0,2,0
2026,,2026-03-30,824943,away,ATH,ATL,691777,Max Muncy,3,3B,4,4,0,1,1,0,0,0,0,1,0,2,0
2026,,2026-03-30,824943,away,ATH,ATL,691016,Tyler Soderstrom,21,LF,4,4,0,2,0,0,0,0,0,0,0,2,0
2026,,2026-03-30,824943,away,ATH,ATL,701762,Nick Kurtz,16,1B,4,4,0,0,0,0,0,0,0,1,0,0,2
2026,,2026-03-30,824943,away,ATH,ATL,669127,Shea Langeliers,23,C,4,4,0,0,0,0,0,0,0,2,0,0,0
2026,,2026-03-30,824943,away,ATH,ATL,628451,Andy Ibáñez,77,2B,1,1,0,0,0,0,0,0,0,1,0,0,1
2026,,2026-03-30,824943,away,ATH,ATL,805779,Jacob Wilson,5,SS,4,4,0,0,0,0,0,0,0,0,0,0,3
2026,,2026-03-30,824943,home,ATL,ATH,641680,Jonah Heim,20,C,4,3,0,0,0,0,0,0,1,2,0,0,2
2026,,2026-03-30,824943,home,ATL,ATH,671739,Michael Harris II,23,CF,4,4,0,0,0,0,0,0,0,0,0,0,4
2026,,2026-03-30,824943,home,ATL,ATH,643289,Mauricio Dubón,14,SS,4,4,0,3,0,0,0,3,0,1,0,3,0
2026,,2026-03-30,824943,home,ATL,ATH,686948,Drake Baldwin,30,DH,4,4,1,1,0,0,0,0,0,0,0,1,2
2026,,2026-03-30,824943,home,ATL,ATH,621566,Matt Olson,28,1B,4,3,1,1,1,0,0,1,1,0,0,2,2
2026,,2026-03-30,824943,home,ATL,ATH,660670,Ronald Acuña Jr.,13,RF,4,2,1,2,1,0,0,0,2,0,1,3,0
2026,,2026-03-30,824943,home,ATL,ATH,642201,Eli White,36,LF,2,1,0,0,0,0,0,0,1,0,0,0,0
2026,,2026-03-30,824943,home,ATL,ATH,645277,Ozzie Albies,1,2B,4,4,0,2,0,0,0,0,0,0,0,2,3
2026,,2026-03-30,824943,home,ATL,ATH,663586,Austin Riley,27,3B,4,4,0,0,0,0,0,0,0,1,0,0,4
2026,,2026-03-30,824943,home,ATL,ATH,573262,Mike Yastrzemski,18,LF,2,2,1,1,0,1,0,0,0,0,0,3,0
2026,,2026-03-30,824702,away,LAA,CHC,672724,Oswald Peraza,2,2B,3,3,0,0,0,0,0,0,0,1,0,0,0
2026,,2026-03-30,824702,away,LAA,CHC,687263,Zach Neto,9,SS,4,4,0,1,0,0,0,0,0,1,0,1,0
2026,,2026-03-30,824702,away,LAA,CHC,624585,Jorge Soler,12,DH,4,4,1,1,0,0,0,0,0,2,0,1,3
2026,,2026-03-30,824702,away,LAA,CHC,660162,Yoán Moncada,10,3B,4,3,1,1,0,0,1,2,1,1,0,4,2
2026,,2026-03-30,824702,away,LAA,CHC,545361,Mike Trout,27,CF,4,4,0,0,0,0,0,0,0,2,0,0,1
2026,,2026-03-30,824702,away,LAA,CHC,666176,Jo Adell,7,RF,3,3,0,0,0,0,0,0,0,2,0,0,1
2026,,2026-03-30,824702,away,LAA,CHC,694384,Nolan Schanuel,18,1B,4,4,0,2,0,0,0,0,0,0,0,2,0
2026,,2026-03-30,824702,away,LAA,CHC,666139,Josh Lowe,3,LF,3,3,0,0,0,0,0,0,0,0,0,0,1
2026,,2026-03-30,824702,away,LAA,CHC,681351,Logan O'Hoppe,14,C,3,3,0,0,0,0,0,0,0,0,0,0,0
2026,,2026-03-30,824702,home,CHC,LAA,624424,Michael Conforto,20,RF,2,2,0,0,0,0,0,0,0,2,0,0,2
2026,,2026-03-30,824702,home,CHC,LAA,664023,Ian Happ,8,LF,5,4,2,1,0,0,1,1,1,0,0,4,3
2026,,2026-03-30,824702,home,CHC,LAA,608324,Alex Bregman,3,3B,5,4,0,1,0,0,0,0,1,0,0,1,1
2026,,2026-03-30,824702,home,CHC,LAA,683737,Michael Busch,29,1B,5,3,1,0,0,0,0,0,2,0,0,0,2
2026,,2026-03-30,824702,home,CHC,LAA,608348,Carson Kelly,15,C,4,4,0,1,0,0,0,2,0,1,0,1,3
2026,,2026-03-30,824702,home,CHC,LAA,691718,Pete Crow-Armstrong,4,CF,4,3,2,1,0,0,0,0,1,1,0,1,2
2026,,2026-03-30,824702,home,CHC,LAA,694208,Moisés Ballesteros,25,DH,4,4,0,1,0,0,0,2,0,1,0,1,2
2026,,2026-03-30,824702,home,CHC,LAA,621020,Dansby Swanson,7,SS,4,3,0,2,0,0,0,1,1,0,0,2,0
2026,,2026-03-30,824702,home,CHC,LAA,663538,Nico Hoerner,2,2B,4,2,2,1,1,0,0,1,1,0,1,2,2
2026,,2026-03-30,824702,home,CHC,LAA,807713,Matt Shaw,6,RF,2,2,0,1,0,0,0,0,0,0,1,1,1
2026,,2026-03-30,823809,away,TBR,MIL,700246,Carson Williams,7,SS,3,3,0,0,0,0,0,0,0,2,0,0,1
2026,,2026-03-30,823809,away,TBR,MIL,668723,Ryan Vilade,26,RF,3,3,0,0,0,0,0,0,0,3,0,0,2
2026,,2026-03-30,823809,away,TBR,MIL,802415,Chandler Simpson,14,LF,4,4,0,1,0,0,0,0,0,1,1,1,1
2026,,2026-03-30,823809,away,TBR,MIL,676356,Jonny DeLuca,21,RF,4,3,2,1,0,0,1,1,1,2,0,4,2
2026,,2026-03-30,823809,away,TBR,MIL,666018,Jonathan Aranda,8,1B,4,3,0,0,0,0,0,0,1,1,0,0,0
2026,,2026-03-30,823809,away,TBR,MIL,663743,Nick Fortes,40,C,4,4,0,1,1,0,0,1,0,1,0,2,0
2026,,2026-03-30,823809,away,TBR,MIL,650490,Yandy Díaz,2,DH,4,4,1,2,0,0,1,1,0,1,0,5,0
2026,,2026-03-30,823809,away,TBR,MIL,810938,Ben Williamson,15,2B,4,4,0,0,0,0,0,0,0,2,0,0,3
2026,,2026-03-30,823809,away,TBR,MIL,691406,Junior Caminero,13,3B,4,4,0,2,0,0,0,0,0,0,0,2,0
2026,,2026-03-30,823809,away,TBR,MIL,656775,Cedric Mullins,31,CF,1,1,0,0,0,0,0,0,0,1,0,0,0
2026,,2026-03-30,823809,home,MIL,TBR,650859,Luis Rengifo,13,3B,4,3,0,1,0,0,0,0,1,0,0,1,1
2026,,2026-03-30,823809,home,MIL,TBR,592885,Christian Yelich,22,DH,4,4,0,0,0,0,0,0,0,2,0,0,2
2026,,2026-03-30,823809,home,MIL,TBR,641343,Jake Bauers,9,1B,3,3,0,1,0,0,0,0,0,0,1,1,3
2026,,2026-03-30,823809,home,MIL,TBR,686217,Sal Frelick,10,RF,4,3,0,0,0,0,0,0,0,0,0,0,4
2026,,2026-03-30,823809,home,MIL,TBR,663604,Brandon Lockridge,20,LF,3,3,0,1,0,0,0,0,0,0,0,1,0
2026,,2026-03-30,823809,home,MIL,TBR,669003,Garrett Mitchell,5,CF,4,4,0,0,0,0,0,0,0,3,0,0,1
2026,,2026-03-30,823809,home,MIL,TBR,666152,David Hamilton,6,SS,4,4,0,0,0,0,0,0,0,0,0,0,1
2026,,2026-03-30,823809,home,MIL,TBR,663368,Blake Perkins,16,PH,1,1,0,0,0,0,0,0,0,0,0,0,1
2026,,2026-03-30,823809,home,MIL,TBR,661388,William Contreras,24,C,4,4,1,2,0,0,1,2,0,0,0,5,1
2026,,2026-03-30,823809,home,MIL,TBR,668930,Brice Turang,2,2B,4,3,1,1,1,0,0,0,1,1,1,2,1
2026,,2026-03-30,823809,home,MIL,TBR,596142,Gary Sánchez,99,1B,1,1,0,0,0,0,0,0,0,1,0,0,2
2026,,2026-03-30,823080,away,NYM,STL,666182,Bo Bichette,19,3B,5,5,0,1,0,0,0,2,0,0,0,1,6
2026,,2026-03-30,823080,away,NYM,STL,682626,Francisco Alvarez,4,C,4,3,0,1,1,0,0,0,1,1,0,2,3
2026,,2026-03-30,823080,away,NYM,STL,683146,Brett Baty,7,1B,5,5,1,1,0,0,0,0,0,1,0,1,2
2026,,2026-03-30,823080,away,NYM,STL,701807,Carson Benge,3,RF,4,4,1,2,0,0,0,0,0,0,1,2,1
2026,,2026-03-30,823080,away,NYM,STL,543760,Marcus Semien,10,2B,4,3,0,0,0,0,0,0,1,2,0,0,3
2026,,2026-03-30,823080,away,NYM,STL,596019,Francisco Lindor,12,SS,5,3,1,1,0,1,0,0,1,0,0,3,1
2026,,2026-03-30,823080,away,NYM,STL,665742,Juan Soto,22,LF,5,3,0,1,0,0,0,1,2,0,0,1,3
2026,,2026-03-30,823080,away,NYM,STL,593871,Jorge Polanco,11,DH,5,5,0,2,1,0,0,0,0,0,0,3,2
2026,,2026-03-30,823080,away,NYM,STL,673357,Luis Robert Jr.,88,CF,1,1,0,0,0,0,0,0,0,0,0,0,0
2026,,2026-03-30,823080,away,NYM,STL,676724,Jared Young,29,1B,4,4,1,1,1,0,0,1,0,0,0,2,2
2026,,2026-03-30,823080,home,STL,NYM,669357,Nolan Gorman,16,3B,4,4,1,1,0,0,1,1,0,1,0,4,3
2026,,2026-03-30,823080,home,STL,NYM,691023,Jordan Walker,18,RF,4,3,0,1,0,0,0,0,1,0,0,1,0
2026,,2026-03-30,823080,home,STL,NYM,701675,Nathan Church,27,LF,4,4,0,0,0,0,0,0,0,2,0,0,2
2026,,2026-03-30,823080,home,STL,NYM,687363,Victor Scott II,11,CF,3,3,0,0,0,0,0,0,0,3,0,0,1
2026,,2026-03-30,823080,home,STL,NYM,802139,JJ Wetherholt,26,2B,4,3,1,0,0,0,0,0,1,0,0,0,0
2026,,2026-03-30,823080,home,STL,NYM,676475,Alec Burleson,41,1B,4,4,0,2,1,0,0,1,0,1,0,3,1
2026,,2026-03-30,823080,home,STL,NYM,686780,Pedro Pagés,43,C,3,3,0,0,0,0,0,0,0,1,0,0,2
2026,,2026-03-30,823080,home,STL,NYM,691026,Masyn Winn,0,SS,4,3,0,0,0,0,0,0,1,1,0,0,2
2026,,2026-03-30,823080,home,STL,NYM,671056,Iván Herrera,48,DH,4,4,0,1,0,0,0,0,0,0,0,1,1
2026,,2026-03-30,824214,away,BOS,HOU,701350,Roman Anthony,19,LF,4,4,0,0,0,0,0,0,0,2,0,0,1
2026,,2026-03-30,824214,away,BOS,HOU,575929,Willson Contreras,40,1B,4,4,0,0,0,0,0,0,0,2,0,0,2
2026,,2026-03-30,824214,away,BOS,HOU,596115,Trevor Story,10,SS,4,4,0,1,1,0,0,0,0,2,0,2,0
2026,,2026-03-30,824214,away,BOS,HOU,677800,Wilyer Abreu,52,RF,3,3,0,2,1,0,0,1,0,1,0,3,0
2026,,2026-03-30,824214,away,BOS,HOU,643396,Isiah Kiner-Falefa,2,3B,0,0,0,0,0,0,0,0,0,0,0,0,0
2026,,2026-03-30,824214,away,BOS,HOU,702332,Caleb Durbin,5,3B,2,2,0,0,0,0,0,0,0,0,0,0,1
2026,,2026-03-30,824214,away,BOS,HOU,665966,Carlos Narváez,75,C,3,3,0,1,0,0,0,0,0,2,0,1,1
2026,,2026-03-30,824214,away,BOS,HOU,680776,Jarren Duran,16,DH,4,3,1,0,0,0,0,0,1,2,0,0,0
2026,,2026-03-30,824214,away,BOS,HOU,678882,Ceddanne Rafaela,3,CF,3,3,0,0,0,0,0,0,0,0,0,0,2
2026,,2026-03-30,824214,away,BOS,HOU,807799,Masataka Yoshida,7,PH,1,1,0,0,0,0,0,0,0,1,0,0,2
2026,,2026-03-30,824214,away,BOS,HOU,691785,Marcelo Mayer,11,2B,3,2,0,0,0,0,0,0,1,0,0,0,0
2026,,2026-03-30,824214,home,HOU,BOS,670623,Isaac Paredes,15,3B,4,3,0,1,0,0,0,0,0,0,0,1,0
2026,,2026-03-30,824214,home,HOU,BOS,669397,Nick Allen,20,3B,0,0,0,0,0,0,0,0,0,0,0,0,0
2026,,2026-03-30,824214,home,HOU,BOS,701358,Cam Smith,11,RF,4,3,1,1,1,0,0,0,1,0,0,2,0
2026,,2026-03-30,824214,home,HOU,BOS,676694,Jake Meyers,6,CF,4,4,0,1,0,0,0,0,0,1,0,1,2
2026,,2026-03-30,824214,home,HOU,BOS,694728,Brice Matthews,0,LF,4,4,1,1,0,0,1,1,0,2,0,4,2
2026,,2026-03-30,824214,home,HOU,BOS,514888,Jose Altuve,27,2B,5,4,4,4,0,0,2,2,1,0,0,10,0
2026,,2026-03-30,824214,home,HOU,BOS,621043,Carlos Correa,1,SS,4,4,1,1,0,0,0,0,0,0,0,1,4
2026,,2026-03-30,824214,home,HOU,BOS,572233,Christian Walker,8,1B,4,4,0,1,1,0,0,1,0,2,0,2,3
2026,,2026-03-30,824214,home,HOU,BOS,673237,Yainer Diaz,21,C,4,3,0,1,0,0,0,1,0,0,0,1,0
2026,,2026-03-30,824214,home,HOU,BOS,670541,Yordan Alvarez,44,DH,5,5,1,2,0,0,1,2,0,1,0,5,1
2026,,2026-03-30,823320,away,SFG,SDP,669477,Casey Schmitt,10,1B,4,3,0,2,1,0,0,1,0,0,1,3,0
2026,,2026-03-30,823320,away,SFG,SDP,671218,Heliot Ramos,17,LF,4,4,0,0,0,0,0,0,0,1,0,0,4
2026,,2026-03-30,823320,away,SFG,SDP,672275,Patrick Bailey,14,C,4,4,0,1,0,0,0,1,0,2,0,1,0
2026,,2026-03-30,823320,away,SFG,SDP,656305,Matt Chapman,26,3B,4,4,1,1,0,0,0,0,0,0,0,1,0
2026,,2026-03-30,823320,away,SFG,SDP,808982,Jung Hoo Lee,51,RF,4,3,1,0,0,0,0,0,1,1,0,0,0
2026,,2026-03-30,823320,away,SFG,SDP,646240,Rafael Devers,16,DH,4,2,0,0,0,0,0,0,2,0,0,0,1
2026,,2026-03-30,823320,away,SFG,SDP,664056,Harrison Bader,9,CF,4,4,1,1,0,0,1,1,0,1,0,4,2
2026,,2026-03-30,823320,away,SFG,SDP,642715,Willy Adames,2,SS,4,4,0,1,0,0,0,0,0,1,0,1,4
2026,,2026-03-30,823320,away,SFG,SDP,650333,Luis Arraez,1,2B,4,4,0,0,0,0,0,0,0,1,0,0,0
2026,,2026-03-30,823320,home,SDP,SFG,669134,Luis Campusano,12,C,2,2,0,0,0,0,0,0,0,0,0,0,1
2026,,2026-03-30,823320,home,SDP,SFG,666023,Freddy Fermin,54,C,0,0,0,0,0,0,0,0,0,0,0,0,0
2026,,2026-03-30,823320,home,SDP,SFG,592206,Nick Castellanos,21,DH,3,3,0,0,0,0,0,0,0,2,0,0,1
2026,,2026-03-30,823320,home,SDP,SFG,701538,Jackson Merrill,3,CF,4,4,1,1,0,0,1,2,0,0,0,4,1
2026,,2026-03-30,823320,home,SDP,SFG,657757,Gavin Sheets,30,1B,2,2,0,0,0,0,0,0,0,2,0,0,1
2026,,2026-03-30,823320,home,SDP,SFG,657656,Ramón Laureano,5,LF,3,2,0,0,0,0,0,0,1,2,0,0,1
2026,,2026-03-30,823320,home,SDP,SFG,592518,Manny Machado,13,3B,4,4,0,0,0,0,0,0,0,1,0,0,3
2026,,2026-03-30,823320,home,SDP,SFG,609280,Miguel Andujar,41,1B,1,1,0,0,0,0,0,0,0,0,0,0,0
2026,,2026-03-30,823320,home,SDP,SFG,665487,Fernando Tatis Jr.,23,RF,4,3,0,1,0,0,0,0,1,1,0,1,1
2026,,2026-03-30,823320,home,SDP,SFG,669369,Bryce Johnson,29,PH,1,1,0,0,0,0,0,0,0,1,0,0,0
2026,,2026-03-30,823320,home,SDP,SFG,593428,Xander Bogaerts,2,SS,4,4,0,1,0,0,0,0,0,0,0,1,1
2026,,2026-03-30,823320,home,SDP,SFG,630105,Jake Cronenworth,9,2B,4,3,1,0,0,0,0,0,1,2,0,0,0
2026,,2026-03-30,823159,away,NYY,SEA,676609,José Caballero,72,SS,3,2,0,1,0,0,0,0,1,1,0,1,0
2026,,2026-03-30,823159,away,NYY,SEA,545341,Randal Grichuk,34,DH,0,0,0,0,0,0,0,0,0,0,0,0,0
2026,,2026-03-30,823159,away,NYY,SEA,642708,Amed Rosario,14,3B,2,1,0,0,0,0,0,1,0,1,0,0,1
2026,,2026-03-30,823159,away,NYY,SEA,592450,Aaron Judge,99,RF,4,3,0,1,0,0,0,0,1,1,0,1,0
2026,,2026-03-30,823159,away,NYY,SEA,641857,Ryan McMahon,19,3B,2,2,0,0,0,0,0,0,0,1,0,0,1
2026,,2026-03-30,823159,away,NYY,SEA,669224,Austin Wells,28,C,3,3,0,0,0,0,0,0,0,2,0,0,1
2026,,2026-03-30,823159,away,NYY,SEA,700250,Ben Rice,22,1B,4,4,1,1,0,0,0,0,0,0,0,1,0
2026,,2026-03-30,823159,away,NYY,SEA,641355,Cody Bellinger,35,LF,4,4,0,0,0,0,0,0,0,1,0,0,3
2026,,2026-03-30,823159,away,NYY,SEA,519317,Giancarlo Stanton,27,DH,4,4,0,2,1,0,0,0,0,1,0,3,1
2026,,2026-03-30,823159,away,NYY,SEA,665862,Jazz Chisholm Jr.,13,2B,4,4,0,1,1,0,0,0,0,1,0,2,3
2026,,2026-03-30,823159,away,NYY,SEA,663757,Trent Grisham,12,CF,4,4,0,0,0,0,0,0,0,1,0,0,1
2026,,2026-03-30,823159,home,SEA,NYY,647304,Josh Naylor,12,1B,4,4,0,0,0,0,0,0,0,1,0,0,1
2026,,2026-03-30,823159,home,SEA,NYY,645302,Victor Robles,10,RF,4,4,0,0,0,0,0,0,0,2,0,0,4
2026,,2026-03-30,823159,home,SEA,NYY,702284,Cole Young,2,2B,4,4,0,3,1,0,0,1,0,0,0,4,1
2026,,2026-03-30,823159,home,SEA,NYY,668227,Randy Arozarena,56,LF,4,4,1,1,0,0,0,0,0,1,0,1,0
2026,,2026-03-30,823159,home,SEA,NYY,686527,Dominic Canzone,8,DH,1,1,0,0,0,0,0,0,0,1,0,0,2
2026,,2026-03-30,823159,home,SEA,NYY,663728,Cal Raleigh,29,DH,2,2,0,1,0,0,0,1,0,1,0,1,2
2026,,2026-03-30,823159,home,SEA,NYY,608701,Rob Refsnyder,30,DH,2,2,0,0,0,0,0,0,0,1,0,0,1
2026,,2026-03-30,823159,home,SEA,NYY,680977,Brendan Donovan,33,3B,5,4,0,2,0,0,0,0,1,1,0,2,4
2026,,2026-03-30,823159,home,SEA,NYY,641598,Mitch Garver,18,C,4,2,0,0,0,0,0,0,2,0,0,0,0
2026,,2026-03-30,823159,home,SEA,NYY,677594,Julio Rodríguez,44,CF,4,4,0,0,0,0,0,0,0,2,0,0,5
2026,,2026-03-30,823159,home,SEA,NYY,660844,Leo Rivas,76,SS,4,4,1,2,0,0,0,0,0,1,0,2,2
2026,,2026-03-30,825108,away,DET,ARI,595879,Javier Báez,28,SS,4,4,1,1,0,0,0,1,0,2,0,1,1
2026,,2026-03-30,825108,away,DET,ARI,682985,Riley Greene,31,LF,5,5,1,2,0,0,0,1,0,1,0,2,2
2026,,2026-03-30,825108,away,DET,ARI,805808,Kevin McGonigle,7,3B,4,2,1,0,0,0,0,0,2,0,0,0,0
2026,,2026-03-30,825108,away,DET,ARI,681481,Kerry Carpenter,30,RF,5,5,0,1,0,0,0,0,0,4,0,1,1
2026,,2026-03-30,825108,away,DET,ARI,679529,Spencer Torkelson,20,1B,5,5,0,1,1,0,0,1,0,2,0,2,4
2026,,2026-03-30,825108,away,DET,ARI,650402,Gleyber Torres,25,2B,5,4,1,1,0,0,0,0,1,1,0,1,1
2026,,2026-03-30,825108,away,DET,ARI,678009,Parker Meadows,22,CF,4,4,0,1,1,0,0,0,0,0,0,2,4
2026,,2026-03-30,825108,away,DET,ARI,693307,Dillon Dingler,13,C,4,3,1,1,1,0,0,1,1,2,0,2,0
2026,,2026-03-30,825108,away,DET,ARI,690993,Colt Keith,33,DH,5,5,1,2,2,0,0,2,0,2,0,4,1
2026,,2026-03-30,825108,home,ARI,DET,691783,Jordan Lawlar,10,LF,4,3,1,2,0,0,0,1,1,0,1,2,0
2026,,2026-03-30,825108,home,ARI,DET,571448,Nolan Arenado,28,3B,5,5,1,1,0,0,0,0,0,0,0,1,4
2026,,2026-03-30,825108,home,ARI,DET,606466,Ketel Marte,4,2B,5,4,1,1,0,0,0,1,1,0,0,1,5
2026,,2026-03-30,825108,home,ARI,DET,545121,Ildemaro Vargas,6,DH,4,4,2,2,0,0,1,1,0,0,0,5,3
2026,,2026-03-30,825108,home,ARI,DET,672695,Geraldo Perdomo,2,SS,5,4,0,0,0,0,0,0,1,0,0,0,1
2026,,2026-03-30,825108,home,ARI,DET,672515,Gabriel Moreno,14,C,5,4,1,2,1,0,0,1,1,0,0,3,1
2026,,2026-03-30,825108,home,ARI,DET,682998,Corbin Carroll,7,RF,5,4,2,2,0,1,1,4,1,1,0,7,4
2026,,2026-03-30,825108,home,ARI,DET,467793,Carlos Santana,41,1B,4,3,0,0,0,0,0,0,1,0,0,0,1
2026,,2026-03-30,825108,home,ARI,DET,677950,Alek Thomas,5,CF,5,5,1,1,1,0,0,1,0,2,0,2,4
2026,,2026-03-30,823972,away,CLE,LAD,800050,Chase DeLauter,24,DH,5,4,0,0,0,0,0,0,1,1,0,0,5
2026,,2026-03-30,823972,away,CLE,LAD,595978,Austin Hedges,27,C,4,4,2,2,1,0,0,0,0,1,0,3,1
2026,,2026-03-30,823972,away,CLE,LAD,682177,Daniel Schneemann,10,CF,4,4,0,1,1,0,0,2,0,1,0,2,0
2026,,2026-03-30,823972,away,CLE,LAD,677587,Brayan Rocchio,4,2B,4,3,0,0,0,0,0,0,1,1,0,0,2
2026,,2026-03-30,823972,away,CLE,LAD,672356,Gabriel Arias,13,SS,4,4,0,0,0,0,0,0,0,1,0,0,1
2026,,2026-03-30,823972,away,CLE,LAD,608070,José Ramírez,11,3B,5,5,0,1,0,0,0,0,0,1,1,1,7
2026,,2026-03-30,823972,away,CLE,LAD,680757,Steven Kwan,38,LF,5,5,1,3,1,0,0,1,0,1,1,4,0
2026,,2026-03-30,823972,away,CLE,LAD,682657,Angel Martínez,1,RF,4,3,1,2,0,0,0,0,0,0,1,2,0
2026,,2026-03-30,823972,away,CLE,LAD,700932,Kyle Manzardo,9,1B,2,2,0,0,0,0,0,0,0,0,0,0,3
2026,,2026-03-30,823972,away,CLE,LAD,656555,Rhys Hoskins,8,1B,2,1,0,0,0,0,0,1,1,1,0,0,2
2026,,2026-03-30,823972,home,LAD,CLE,669257,Will Smith,16,C,1,1,0,0,0,0,0,0,0,0,0,0,0
2026,,2026-03-30,823972,home,LAD,CLE,687221,Dalton Rushing,68,C,2,2,0,1,0,0,0,0,0,0,0,1,0
2026,,2026-03-30,823972,home,LAD,CLE,663656,Kyle Tucker,23,RF,4,4,1,1,0,0,0,0,0,2,0,1,2
2026,,2026-03-30,823972,home,LAD,CLE,571970,Max Muncy,13,3B,3,3,0,1,0,0,0,0,0,1,0,1,3
2026,,2026-03-30,823972,home,LAD,CLE,518692,Freddie Freeman,5,1B,4,4,0,0,0,0,0,1,0,0,0,0,1
2026,,2026-03-30,823972,home,LAD,CLE,660271,Shohei Ohtani,17,DH,4,4,0,1,0,0,0,0,0,1,0,1,1
2026,,2026-03-30,823972,home,LAD,CLE,606192,Teoscar Hernández,37,LF,4,4,0,1,0,0,0,0,0,1,0,1,2
2026,,2026-03-30,823972,home,LAD,CLE,681624,Andy Pages,44,CF,4,4,0,2,0,0,0,0,0,0,0,2,0
2026,,2026-03-30,823972,home,LAD,CLE,605141,Mookie Betts,50,SS,4,4,1,1,1,0,0,1,0,1,0,2,1
2026,,2026-03-30,823972,home,LAD,CLE,500743,Miguel Rojas,72,2B,3,3,0,1,1,0,0,0,0,0,0,2,1
2026,,2026-03-31,824861,away,TEX,BAL,694497,Evan Carter,32,CF,4,3,1,1,1,0,0,0,1,0,0,2,2
2026,,2026-03-31,824861,away,TEX,BAL,694671,Wyatt Langford,36,LF,5,5,1,2,0,1,0,1,0,1,0,4,1
2026,,2026-03-31,824861,away,TEX,BAL,669394,Jake Burger,21,1B,5,5,1,1,0,0,0,0,0,3,0,1,2
2026,,2026-03-31,824861,away,TEX,BAL,592626,Joc Pederson,3,DH,5,4,0,0,0,0,0,0,1,2,0,0,3
2026,,2026-03-31,824861,away,TEX,BAL,608369,Corey Seager,5,SS,5,4,2,2,0,0,1,2,1,1,0,5,1
2026,,2026-03-31,824861,away,TEX,BAL,677649,Ezequiel Duran,20,3B,4,4,1,1,0,0,1,1,0,1,0,4,3
2026,,2026-03-31,824861,away,TEX,BAL,607043,Brandon Nimmo,24,RF,5,5,1,2,0,0,0,1,0,1,0,2,0
2026,,2026-03-31,824861,away,TEX,BAL,669701,Josh Smith,8,2B,5,5,0,1,0,0,0,0,0,1,0,1,4
2026,,2026-03-31,824861,away,TEX,BAL,643376,Danny Jansen,9,C,5,5,1,3,1,0,1,3,0,1,0,7,1
2026,,2026-03-31,824861,home,BAL,TEX,669236,Jeremiah Jackson,82,2B,4,4,0,0,0,0,0,0,0,2,0,0,2
2026,,2026-03-31,824861,home,BAL,TEX,694212,Samuel Basallo,29,DH,4,4,0,0,0,0,0,0,0,1,0,0,1
2026,,2026-03-31,824861,home,BAL,TEX,683002,Gunnar Henderson,2,SS,5,5,0,1,1,0,0,2,0,1,0,2,3
2026,,2026-03-31,824861,home,BAL,TEX,621493,Taylor Ward,3,LF,5,5,1,4,1,0,0,2,0,1,0,5,0
2026,,2026-03-31,824861,home,BAL,TEX,668939,Adley Rutschman,35,C,4,3,0,0,0,0,0,0,1,0,0,0,1
2026,,2026-03-31,824861,home,BAL,TEX,641933,Tyler O'Neill,9,RF,4,3,1,0,0,0,0,0,0,2,0,0,1
2026,,2026-03-31,824861,home,BAL,TEX,677942,Blaze Alexander,23,3B,4,4,1,1,0,0,0,0,0,3,0,1,2
2026,,2026-03-31,824861,home,BAL,TEX,624413,Pete Alonso,25,1B,4,4,1,2,0,0,1,1,0,1,0,5,1
2026,,2026-03-31,824861,home,BAL,TEX,681297,Colton Cowser,17,CF,4,4,1,1,0,0,0,0,0,0,0,1,1
2026,,2026-03-31,824537,away,PIT,CIN,694377,Nick Yorke,38,3B,4,3,0,0,0,0,0,1,0,1,0,0,0
2026,,2026-03-31,824537,away,PIT,CIN,687462,Spencer Horwitz,2,PH,1,1,0,0,0,0,0,0,0,1,0,0,1
2026,,2026-03-31,824537,away,PIT,CIN,664040,Brandon Lowe,5,2B,4,4,0,0,0,0,0,0,0,1,0,0,2
2026,,2026-03-31,824537,away,PIT,CIN,663698,Joey Bart,14,C,3,2,1,0,0,0,0,0,1,1,0,0,0
2026,,2026-03-31,824537,away,PIT,CIN,668804,Bryan Reynolds,10,LF,4,4,1,1,0,0,1,1,0,1,0,4,2
2026,,2026-03-31,824537,away,PIT,CIN,665833,Oneil Cruz,15,CF,4,4,3,3,0,0,2,3,0,1,0,9,0
2026,,2026-03-31,824537,away,PIT,CIN,663968,Jake Mangum,28,RF,5,4,0,1,0,0,0,0,1,0,0,1,2
2026,,2026-03-31,824537,away,PIT,CIN,680779,Henry Davis,32,C,0,0,0,0,0,0,0,0,0,0,0,0,0
2026,,2026-03-31,824537,away,PIT,CIN,656811,Ryan O'Hearn,29,1B,4,3,1,1,0,0,1,3,1,0,0,4,1
2026,,2026-03-31,824537,away,PIT,CIN,693304,Nick Gonzales,3,SS,4,4,2,2,0,0,0,0,0,0,0,2,0
2026,,2026-03-31,824537,away,PIT,CIN,542303,Marcell Ozuna,24,DH,4,4,0,0,0,0,0,0,0,1,0,0,2
2026,,2026-03-31,824537,home,CIN,PIT,682829,Elly De La Cruz,44,SS,5,5,1,1,0,0,1,1,0,1,0,4,7
2026,,2026-03-31,824537,home,CIN,PIT,667472,Dane Myers,17,CF,2,2,0,1,0,0,0,0,0,1,0,1,0
2026,,2026-03-31,824537,home,CIN,PIT,701398,Sal Stewart,27,1B,5,4,1,1,0,0,1,1,1,2,0,4,0
2026,,2026-03-31,824537,home,CIN,PIT,682622,Noelvi Marte,4,RF,4,2,1,0,0,0,0,0,2,1,0,0,2
2026,,2026-03-31,824537,home,CIN,PIT,663993,Nathaniel Lowe,31,PH,1,1,0,0,0,0,0,0,0,0,0,0,2
2026,,2026-03-31,824537,home,CIN,PIT,680574,Matt McLain,9,2B,5,3,0,0,0,0,0,0,1,3,0,0,5
2026,,2026-03-31,824537,home,CIN,PIT,663647,Ke'Bryan Hayes,3,3B,4,3,0,1,0,0,0,0,1,0,0,1,2
2026,,2026-03-31,824537,home,CIN,PIT,666181,Will Benson,30,LF,2,2,0,0,0,0,0,0,0,1,0,0,0
2026,,2026-03-31,824537,home,CIN,PIT,670770,TJ Friedl,29,LF,5,3,0,0,0,0,0,0,2,1,0,0,3
2026,,2026-03-31,824537,home,CIN,PIT,624431,Jose Trevino,35,C,3,2,0,1,0,0,0,0,1,0,0,1,1
2026,,2026-03-31,824537,home,CIN,PIT,663886,Tyler Stephenson,37,C,0,0,0,0,0,0,0,0,0,0,0,0,0
2026,,2026-03-31,824537,home,CIN,PIT,553993,Eugenio Suárez,28,DH,5,5,0,1,0,0,0,0,0,2,0,1,3
2026,,2026-03-31,823485,away,WSN,PHI,691781,Brady House,12,3B,0,0,0,0,0,0,0,0,0,0,0,0,0
2026,,2026-03-31,823485,away,WSN,PHI,682928,CJ Abrams,5,SS,4,4,1,1,0,0,0,0,0,0,0,1,0
2026,,2026-03-31,823485,away,WSN,PHI,683083,Nasim Nuñez,26,2B,4,4,1,2,0,0,0,0,0,2,1,2,1
2026,,2026-03-31,823485,away,WSN,PHI,678391,Jorbit Vivas,84,3B,2,2,0,1,0,0,0,0,0,1,0,1,1
2026,,2026-03-31,823485,away,WSN,PHI,686894,Joey Wiemer,21,CF,4,3,0,0,0,0,0,0,1,2,0,0,2
2026,,2026-03-31,823485,away,WSN,PHI,678554,Curtis Mead,45,3B,2,1,0,0,0,0,0,0,1,0,0,0,1
2026,,2026-03-31,823485,away,WSN,PHI,695734,Daylen Lile,4,LF,4,4,0,3,1,0,0,0,0,0,0,4,0
2026,,2026-03-31,823485,away,WSN,PHI,677588,José Tena,8,DH,4,4,0,0,0,0,0,0,0,3,0,0,2
2026,,2026-03-31,823485,away,WSN,PHI,695578,James Wood,29,RF,5,5,0,1,1,0,0,1,0,2,0,2,2
2026,,2026-03-31,823485,away,WSN,PHI,696285,Jacob Young,30,PR,0,0,0,0,0,0,0,0,0,0,0,0,0
2026,,2026-03-31,823485,away,WSN,PHI,660688,Keibert Ruiz,20,C,4,4,0,0,0,0,0,0,0,1,0,0,5
2026,,2026-03-31,823485,away,WSN,PHI,671277,Luis García Jr.,2,1B,4,4,0,0,0,0,0,0,0,1,0,0,1
2026,,2026-03-31,823485,home,PHI,WSN,669016,Brandon Marsh,16,LF,3,3,0,1,0,0,0,0,0,0,1,1,1
2026,,2026-03-31,823485,home,PHI,WSN,702222,Justin Crawford,2,CF,3,3,1,1,0,0,0,0,0,0,0,1,0
2026,,2026-03-31,823485,home,PHI,WSN,547180,Bryce Harper,3,1B,4,4,0,1,0,0,0,1,0,0,0,1,2
2026,,2026-03-31,823485,home,PHI,WSN,592663,J.T. Realmuto,10,C,3,3,0,0,0,0,0,0,0,0,0,0,3
2026,,2026-03-31,823485,home,PHI,WSN,664761,Alec Bohm,28,3B,4,3,0,0,0,0,0,0,1,0,0,0,4
2026,,2026-03-31,823485,home,PHI,WSN,681082,Bryson Stott,5,2B,4,4,0,0,0,0,0,0,0,1,0,0,2
2026,,2026-03-31,823485,home,PHI,WSN,656941,Kyle Schwarber,12,DH,4,3,1,1,0,0,1,1,1,1,0,4,0
2026,,2026-03-31,823485,home,PHI,WSN,666969,Adolis García,53,RF,3,3,1,2,0,0,1,1,0,0,0,5,1
2026,,2026-03-31,823485,home,PHI,WSN,607208,Trea Turner,7,SS,4,4,0,1,0,0,0,0,0,0,0,1,0
2026,,2026-03-31,823888,away,CHW,MIA,671976,Tristan Peters,29,RF,4,3,0,0,0,0,0,0,1,2,1,0,1
2026,,2026-03-31,823888,away,CHW,MIA,682668,Luisangel Acuña,0,CF,3,3,1,1,0,0,0,0,0,0,0,1,2
2026,,2026-03-31,823888,away,CHW,MIA,808959,Munetaka Murakami,5,1B,4,4,0,1,0,0,0,1,0,2,0,1,0
2026,,2026-03-31,823888,away,CHW,MIA,805367,Chase Meidroth,10,2B,4,4,0,0,0,0,0,0,0,2,0,0,3
2026,,2026-03-31,823888,away,CHW,MIA,695657,Colson Montgomery,12,SS,4,4,0,0,0,0,0,0,0,2,0,0,2
2026,,2026-03-31,823888,away,CHW,MIA,669720,Austin Hays,21,LF,4,4,0,0,0,0,0,0,0,1,0,0,1
2026,,2026-03-31,823888,away,CHW,MIA,700337,Edgar Quero,26,C,3,2,1,1,0,0,0,0,1,0,0,1,1
2026,,2026-03-31,823888,away,CHW,MIA,643217,Andrew Benintendi,23,DH,4,4,0,1,0,0,0,1,0,2,0,1,0
2026,,2026-03-31,823888,away,CHW,MIA,678246,Miguel Vargas,20,3B,4,4,0,1,1,0,0,0,0,2,0,2,2
2026,,2026-03-31,823888,home,MIA,CHW,665052,Griffin Conine,18,RF,4,4,2,2,0,0,1,2,0,1,0,5,1
2026,,2026-03-31,823888,home,MIA,CHW,681715,Heriberto Hernández,13,LF,4,3,1,1,0,0,0,1,1,0,0,1,2
2026,,2026-03-31,823888,home,MIA,CHW,805300,Jakob Marsee,87,CF,4,3,0,0,0,0,0,1,0,0,0,0,0
2026,,2026-03-31,823888,home,MIA,CHW,669364,Xavier Edwards,9,2B,4,4,1,2,0,0,0,0,0,0,0,2,1
2026,,2026-03-31,823888,home,MIA,CHW,688363,Graham Pauley,21,3B,4,3,0,0,0,0,0,1,0,1,0,0,1
2026,,2026-03-31,823888,home,MIA,CHW,689414,Liam Hicks,34,1B,4,3,2,1,1,0,0,2,1,0,0,2,0
2026,,2026-03-31,823888,home,MIA,CHW,683357,Owen Caissie,17,DH,4,2,1,1,0,0,0,2,1,1,0,1,0
2026,,2026-03-31,823888,home,MIA,CHW,682663,Agustín Ramírez,50,C,4,4,1,1,1,0,0,0,0,1,0,2,1
2026,,2026-03-31,823888,home,MIA,CHW,672640,Otto Lopez,6,SS,4,4,1,1,0,0,0,0,0,1,0,1,1
2026,,2026-03-31,822836,away,COL,TOR,664983,Jake McCarthy,31,LF,4,4,0,1,1,0,0,0,0,0,0,2,0
2026,,2026-03-31,822836,away,COL,TOR,687859,Troy Johnston,20,RF,2,2,0,0,0,0,0,0,0,0,0,0,2
2026,,2026-03-31,822836,away,COL,TOR,650489,Willi Castro,3,2B,4,4,0,0,0,0,0,0,0,1,0,0,0
2026,,2026-03-31,822836,away,COL,TOR,690022,Ryan Ritter,8,2B,2,2,0,0,0,0,0,0,0,0,0,0,0
2026,,2026-03-31,822836,away,COL,TOR,666397,Edouard Julien,6,1B,1,1,0,0,0,0,0,0,0,0,0,0,0
2026,,2026-03-31,822836,away,COL,TOR,696100,Hunter Goodman,15,C,4,4,1,1,0,0,1,1,0,1,0,4,1
2026,,2026-03-31,822836,away,COL,TOR,687597,Jordan Beck,27,RF,2,2,0,0,0,0,0,0,0,0,0,0,2
2026,,2026-03-31,822836,away,COL,TOR,686668,Brenton Doyle,9,CF,3,2,0,1,0,0,0,0,1,1,0,1,1
2026,,2026-03-31,822836,away,COL,TOR,678662,Ezequiel Tovar,14,SS,4,4,0,1,0,0,0,0,0,1,0,1,0
2026,,2026-03-31,822836,away,COL,TOR,681198,TJ Rumfield,7,DH,4,4,0,3,0,0,0,0,0,1,0,3,1
2026,,2026-03-31,822836,away,COL,TOR,691720,Kyle Karros,12,3B,3,3,0,0,0,0,0,0,0,1,0,0,3
2026,,2026-03-31,822836,home,TOR,COL,676391,Ernie Clement,22,2B,4,4,0,1,1,0,0,1,0,0,0,2,2
2026,,2026-03-31,822836,home,TOR,COL,662139,Daulton Varsho,5,CF,4,4,1,1,0,0,0,0,0,0,0,1,1
2026,,2026-03-31,822836,home,TOR,COL,665926,Andrés Giménez,0,SS,4,4,0,1,0,0,0,0,0,1,1,1,3
2026,,2026-03-31,822836,home,TOR,COL,664770,Nathan Lukes,38,RF,4,4,1,2,0,0,0,1,0,2,0,2,3
2026,,2026-03-31,822836,home,TOR,COL,543807,George Springer,4,DH,5,3,0,1,0,0,0,0,2,2,0,1,0
2026,,2026-03-31,822836,home,TOR,COL,623168,Tyler Heineman,55,C,4,4,1,2,0,0,0,0,0,1,0,2,0
2026,,2026-03-31,822836,home,TOR,COL,665489,Vladimir Guerrero Jr.,27,1B,5,3,1,2,0,0,0,1,2,0,0,2,0
2026,,2026-03-31,822836,home,TOR,COL,660821,Jesús Sánchez,12,LF,4,4,0,2,0,0,0,1,0,1,0,2,2
2026,,2026-03-31,822836,home,TOR,COL,664702,Myles Straw,3,LF,1,1,1,1,0,0,0,0,0,0,0,1,0
2026,,2026-03-31,822836,home,TOR,COL,672960,Kazuma Okamoto,7,3B,5,5,0,1,0,0,0,1,0,3,0,1,7
2026,,2026-03-31,824942,away,ATH,ATL,671732,Lawrence Butler,4,RF,4,3,1,0,0,0,0,0,1,0,0,0,1
2026,,2026-03-31,824942,away,ATH,ATL,667670,Brent Rooker,25,DH,4,4,0,1,0,0,0,0,0,3,0,1,0
2026,,2026-03-31,824942,away,ATH,ATL,691777,Max Muncy,3,3B,4,3,2,1,1,0,0,0,1,1,0,2,0
2026,,2026-03-31,824942,away,ATH,ATL,672016,Denzel Clarke,1,CF,4,3,0,1,0,0,0,0,1,1,0,1,1
2026,,2026-03-31,824942,away,ATH,ATL,691016,Tyler Soderstrom,21,LF,4,4,0,0,0,0,0,0,0,1,0,0,1
2026,,2026-03-31,824942,away,ATH,ATL,701762,Nick Kurtz,16,1B,4,4,0,0,0,0,0,0,0,3,0,0,1
2026,,2026-03-31,824942,away,ATH,ATL,669127,Shea Langeliers,23,C,4,4,1,1,0,0,1,1,0,2,0,4,4
2026,,2026-03-31,824942,away,ATH,ATL,628451,Andy Ibáñez,77,2B,4,4,1,2,0,0,0,2,0,0,0,2,0
2026,,2026-03-31,824942,away,ATH,ATL,805779,Jacob Wilson,5,SS,4,4,0,2,1,0,0,2,0,0,0,3,1
2026,,2026-03-31,824942,home,ATL,ATH,671739,Michael Harris II,23,CF,4,4,0,1,0,0,0,0,0,1,0,1,2
2026,,2026-03-31,824942,home,ATL,ATH,643289,Mauricio Dubón,14,SS,4,4,0,2,0,0,0,0,0,1,0,2,1
2026,,2026-03-31,824942,home,ATL,ATH,686948,Drake Baldwin,30,C,5,4,1,1,0,0,1,1,1,0,0,4,5
2026,,2026-03-31,824942,home,ATL,ATH,621566,Matt Olson,28,1B,4,4,0,1,0,0,0,0,0,1,0,1,3
2026,,2026-03-31,824942,home,ATL,ATH,642086,Dominic Smith,8,DH,4,3,1,1,0,0,0,0,1,0,0,1,1
2026,,2026-03-31,824942,home,ATL,ATH,660670,Ronald Acuña Jr.,13,RF,5,4,0,0,0,0,0,1,0,3,0,0,4
2026,,2026-03-31,824942,home,ATL,ATH,645277,Ozzie Albies,1,2B,4,4,0,0,0,0,0,0,0,0,0,0,2
2026,,2026-03-31,824942,home,ATL,ATH,663586,Austin Riley,27,3B,4,3,0,0,0,0,0,0,1,0,0,0,1
2026,,2026-03-31,824942,home,ATL,ATH,573262,Mike Yastrzemski,18,LF,4,3,0,0,0,0,0,0,1,0,0,0,1
2026,,2026-03-31,824699,away,LAA,CHC,624428,Adam Frazier,20,2B,0,0,0,0,0,0,0,0,0,0,0,0,0
2026,,2026-03-31,824699,away,LAA,CHC,672724,Oswald Peraza,2,3B,4,3,0,2,1,0,0,0,1,0,1,3,2
2026,,2026-03-31,824699,away,LAA,CHC,687263,Zach Neto,9,SS,5,4,0,0,0,0,0,0,1,2,0,0,5
2026,,2026-03-31,824699,away,LAA,CHC,624585,Jorge Soler,12,DH,4,3,1,0,0,0,0,0,1,2,0,0,2
2026,,2026-03-31,824699,away,LAA,CHC,545361,Mike Trout,27,CF,5,3,0,0,0,0,0,0,2,1,1,0,2
2026,,2026-03-31,824699,away,LAA,CHC,600869,Jeimer Candelario,46,3B,4,4,1,1,1,0,0,0,0,2,0,2,1
2026,,2026-03-31,824699,away,LAA,CHC,666176,Jo Adell,7,RF,4,4,0,1,0,0,0,0,0,1,0,1,2
2026,,2026-03-31,824699,away,LAA,CHC,694384,Nolan Schanuel,18,1B,5,5,0,0,0,0,0,0,0,0,0,0,6
2026,,2026-03-31,824699,away,LAA,CHC,666139,Josh Lowe,3,LF,4,3,0,0,0,0,0,0,1,1,0,0,2
2026,,2026-03-31,824699,away,LAA,CHC,669326,Bryce Teodosio,22,LF,0,0,0,0,0,0,0,0,0,0,0,0,0
2026,,2026-03-31,824699,away,LAA,CHC,681351,Logan O'Hoppe,14,C,4,3,0,1,0,0,0,2,1,0,0,1,2
2026,,2026-03-31,824699,home,CHC,LAA,624424,Michael Conforto,20,PH,1,1,0,0,0,0,0,0,0,1,0,0,1
2026,,2026-03-31,824699,home,CHC,LAA,664023,Ian Happ,8,LF,4,2,0,0,0,0,0,0,2,1,0,0,1
2026,,2026-03-31,824699,home,CHC,LAA,664068,Scott Kingery,12,DH,0,0,0,0,0,0,0,0,0,0,0,0,0
2026,,2026-03-31,824699,home,CHC,LAA,608324,Alex Bregman,3,3B,4,4,0,0,0,0,0,0,0,0,0,0,2
2026,,2026-03-31,824699,home,CHC,LAA,683737,Michael Busch,29,1B,3,3,0,0,0,0,0,0,0,0,0,0,1
2026,,2026-03-31,824699,home,CHC,LAA,608348,Carson Kelly,15,1B,1,1,0,1,0,0,0,0,0,0,0,1,0
2026,,2026-03-31,824699,home,CHC,LAA,691718,Pete Crow-Armstrong,4,CF,4,3,0,0,0,0,0,0,0,2,0,0,1
2026,,2026-03-31,824699,home,CHC,LAA,665804,Miguel Amaya,9,C,3,3,0,1,0,0,0,0,0,0,0,1,0
2026,,2026-03-31,824699,home,CHC,LAA,694208,Moisés Ballesteros,25,DH,3,2,0,1,0,0,0,0,1,1,0,1,1
2026,,2026-03-31,824699,home,CHC,LAA,621020,Dansby Swanson,7,SS,4,3,0,0,0,0,0,0,1,2,0,0,2
2026,,2026-03-31,824699,home,CHC,LAA,663538,Nico Hoerner,2,2B,4,4,0,1,0,0,0,0,0,1,0,1,1
2026,,2026-03-31,824699,home,CHC,LAA,807713,Matt Shaw,6,RF,3,3,0,0,0,0,0,0,0,0,0,0,4
2026,,2026-03-31,823807,away,TBR,MIL,680700,Richie Palacios,1,2B,1,1,0,0,0,0,0,0,0,0,0,0,2
2026,,2026-03-31,823807,away,TBR,MIL,700246,Carson Williams,7,SS,4,4,0,0,0,0,0,0,0,1,0,0,3
2026,,2026-03-31,823807,away,TBR,MIL,668723,Ryan Vilade,26,PH,1,0,0,0,0,0,0,0,1,0,0,0,0
2026,,2026-03-31,823807,away,TBR,MIL,641584,Jake Fraley,17,RF,4,4,0,2,1,0,0,0,0,0,0,3,1
2026,,2026-03-31,823807,away,TBR,MIL,802415,Chandler Simpson,14,LF,3,3,0,2,0,1,0,0,0,0,1,4,0
2026,,2026-03-31,823807,away,TBR,MIL,676356,Jonny DeLuca,21,PH,1,1,0,0,0,0,0,0,0,0,0,0,0
2026,,2026-03-31,823807,away,TBR,MIL,666018,Jonathan Aranda,8,1B,4,4,1,1,0,0,1,1,0,1,0,4,1
2026,,2026-03-31,823807,away,TBR,MIL,663743,Nick Fortes,40,C,4,4,1,1,0,0,1,1,0,0,0,4,0
2026,,2026-03-31,823807,away,TBR,MIL,650490,Yandy Díaz,2,DH,4,4,0,0,0,0,0,0,0,2,0,0,1
2026,,2026-03-31,823807,away,TBR,MIL,810938,Ben Williamson,15,2B,3,3,0,0,0,0,0,0,0,1,0,0,2
2026,,2026-03-31,823807,away,TBR,MIL,691406,Junior Caminero,13,3B,4,3,0,1,0,0,0,0,1,1,0,1,0
2026,,2026-03-31,823807,away,TBR,MIL,656775,Cedric Mullins,31,CF,3,3,0,0,0,0,0,0,0,2,0,0,1
2026,,2026-03-31,823807,home,MIL,TBR,650859,Luis Rengifo,13,3B,4,4,0,0,0,0,0,0,0,1,0,0,2
2026,,2026-03-31,823807,home,MIL,TBR,687401,Joey Ortiz,3,SS,4,3,1,0,0,0,0,0,1,0,0,0,2
2026,,2026-03-31,823807,home,MIL,TBR,592885,Christian Yelich,22,LF,4,3,0,0,0,0,0,0,1,1,0,0,0
2026,,2026-03-31,823807,home,MIL,TBR,641343,Jake Bauers,9,1B,4,4,2,2,0,0,1,1,0,0,1,5,2
2026,,2026-03-31,823807,home,MIL,TBR,686217,Sal Frelick,10,RF,4,4,0,1,0,0,0,0,0,0,0,1,2
2026,,2026-03-31,823807,home,MIL,TBR,663604,Brandon Lockridge,20,CF,4,4,1,2,1,0,0,1,0,0,0,3,1
2026,,2026-03-31,823807,home,MIL,TBR,669003,Garrett Mitchell,5,DH,1,1,0,0,0,0,0,0,0,1,0,0,2
2026,,2026-03-31,823807,home,MIL,TBR,661388,William Contreras,24,C,4,4,0,0,0,0,0,0,0,2,0,0,1
2026,,2026-03-31,823807,home,MIL,TBR,668930,Brice Turang,2,2B,4,3,0,1,0,0,0,2,1,1,1,1,0
2026,,2026-03-31,823807,home,MIL,TBR,596142,Gary Sánchez,99,DH,3,1,2,1,0,0,1,1,2,0,0,4,0
2026,,2026-03-31,823077,away,NYM,STL,620443,Luis Torrens,13,C,2,2,0,0,0,0,0,0,0,1,0,0,0
2026,,2026-03-31,823077,away,NYM,STL,666182,Bo Bichette,19,3B,4,3,0,0,0,0,0,0,1,0,0,0,2
2026,,2026-03-31,823077,away,NYM,STL,682626,Francisco Alvarez,4,C,1,1,0,0,0,0,0,0,0,0,0,0,1
2026,,2026-03-31,823077,away,NYM,STL,668901,Mark Vientos,27,DH,2,2,0,0,0,0,0,0,0,0,0,0,1
2026,,2026-03-31,823077,away,NYM,STL,683146,Brett Baty,7,DH,2,2,0,0,0,0,0,0,0,0,0,0,0
2026,,2026-03-31,823077,away,NYM,STL,701807,Carson Benge,3,RF,3,3,0,0,0,0,0,0,0,1,0,0,1
2026,,2026-03-31,823077,away,NYM,STL,543760,Marcus Semien,10,2B,3,2,0,0,0,0,0,0,1,1,0,0,1
2026,,2026-03-31,823077,away,NYM,STL,596019,Francisco Lindor,12,SS,4,3,0,0,0,0,0,0,1,0,0,0,0
2026,,2026-03-31,823077,away,NYM,STL,665742,Juan Soto,22,LF,4,4,0,2,1,0,0,0,0,1,0,3,1
2026,,2026-03-31,823077,away,NYM,STL,673357,Luis Robert Jr.,88,CF,4,3,0,0,0,0,0,0,1,0,0,0,2
2026,,2026-03-31,823077,away,NYM,STL,676724,Jared Young,29,1B,4,4,0,1,0,0,0,0,0,1,0,1,4
2026,,2026-03-31,823077,home,STL,NYM,669357,Nolan Gorman,16,DH,4,4,0,0,0,0,0,0,0,2,0,0,3
2026,,2026-03-31,823077,home,STL,NYM,691023,Jordan Walker,18,RF,4,4,0,0,0,0,0,0,0,2,0,0,0
2026,,2026-03-31,823077,home,STL,NYM,701675,Nathan Church,27,LF,4,4,0,0,0,0,0,0,0,3,0,0,0
2026,,2026-03-31,823077,home,STL,NYM,687363,Victor Scott II,11,CF,3,3,1,2,1,0,0,0,0,0,0,3,0
2026,,2026-03-31,823077,home,STL,NYM,802139,JJ Wetherholt,26,2B,4,4,1,2,0,0,0,0,0,2,0,2,1
2026,,2026-03-31,823077,home,STL,NYM,676475,Alec Burleson,41,1B,4,2,0,0,0,0,0,0,2,0,0,0,3
2026,,2026-03-31,823077,home,STL,NYM,602104,Ramón Urías,29,3B,3,3,1,1,0,0,1,1,0,1,0,4,0
2026,,2026-03-31,823077,home,STL,NYM,691026,Masyn Winn,0,SS,4,4,0,0,0,0,0,0,0,0,0,0,7
2026,,2026-03-31,823077,home,STL,NYM,671056,Iván Herrera,48,C,4,2,0,1,1,0,0,2,2,1,0,2,1
2026,,2026-03-31,824212,away,BOS,HOU,701350,Roman Anthony,19,LF,4,4,0,0,0,0,0,0,0,4,0,0,0
2026,,2026-03-31,824212,away,BOS,HOU,575929,Willson Contreras,40,1B,4,4,0,1,0,0,0,0,0,0,0,1,3
2026,,2026-03-31,824212,away,BOS,HOU,657136,Connor Wong,12,C,3,3,0,1,1,0,0,1,0,2,0,2,0
2026,,2026-03-31,824212,away,BOS,HOU,678882,Ceddanne Rafaela,3,CF,3,3,1,1,0,0,1,1,0,2,0,4,1
2026,,2026-03-31,824212,away,BOS,HOU,596115,Trevor Story,10,SS,4,4,0,1,0,0,0,0,0,1,0,1,0
2026,,2026-03-31,824212,away,BOS,HOU,807799,Masataka Yoshida,7,DH,4,2,0,0,0,0,0,0,2,0,0,0,0
2026,,2026-03-31,824212,away,BOS,HOU,677800,Wilyer Abreu,52,RF,4,4,0,0,0,0,0,0,0,1,0,0,1
2026,,2026-03-31,824212,away,BOS,HOU,655316,Andruw Monasterio,32,3B,4,4,0,0,0,0,0,0,0,2,0,0,1
2026,,2026-03-31,824212,away,BOS,HOU,691785,Marcelo Mayer,11,2B,4,3,1,0,0,0,0,0,1,1,0,0,1
2026,,2026-03-31,824212,home,HOU,BOS,669397,Nick Allen,20,3B,1,1,0,0,0,0,0,0,0,0,0,0,0
2026,,2026-03-31,824212,home,HOU,BOS,701358,Cam Smith,11,RF,4,3,1,2,0,0,1,1,1,0,0,5,0
2026,,2026-03-31,824212,home,HOU,BOS,676694,Jake Meyers,6,CF,4,4,1,1,0,0,0,0,0,1,0,1,1
2026,,2026-03-31,824212,home,HOU,BOS,694728,Brice Matthews,0,2B,1,1,0,0,0,0,0,0,0,1,0,0,0
2026,,2026-03-31,824212,home,HOU,BOS,514888,Jose Altuve,27,2B,4,2,1,0,0,0,0,0,2,0,0,0,1
2026,,2026-03-31,824212,home,HOU,BOS,694388,Joey Loperfido,10,LF,4,4,0,1,0,0,0,1,0,0,1,1,3
2026,,2026-03-31,824212,home,HOU,BOS,665161,Jeremy Peña,3,SS,5,5,1,1,0,0,0,0,0,1,0,1,1
2026,,2026-03-31,824212,home,HOU,BOS,621043,Carlos Correa,1,3B,4,3,2,2,1,0,0,2,1,1,0,3,1
2026,,2026-03-31,824212,home,HOU,BOS,572233,Christian Walker,8,1B,4,4,1,2,1,0,0,2,0,1,0,3,3
2026,,2026-03-31,824212,home,HOU,BOS,543877,Christian Vázquez,2,DH,1,1,0,0,0,0,0,0,0,1,0,0,0
2026,,2026-03-31,824212,home,HOU,BOS,673237,Yainer Diaz,21,C,4,4,0,0,0,0,0,0,0,0,0,0,3
2026,,2026-03-31,824212,home,HOU,BOS,670541,Yordan Alvarez,44,DH,4,3,2,2,1,0,1,2,1,0,0,6,0
2026,,2026-03-31,825107,away,DET,ARI,656716,Zach McKinstry,39,3B,4,4,0,0,0,0,0,0,0,2,0,0,0
2026,,2026-03-31,825107,away,DET,ARI,682985,Riley Greene,31,LF,4,4,1,1,1,0,0,2,0,0,0,2,1
2026,,2026-03-31,825107,away,DET,ARI,805808,Kevin McGonigle,7,SS,4,4,1,1,0,0,0,1,0,0,0,1,0
2026,,2026-03-31,825107,away,DET,ARI,681481,Kerry Carpenter,30,DH,4,3,0,1,0,0,0,1,1,1,0,1,0
2026,,2026-03-31,825107,away,DET,ARI,679529,Spencer Torkelson,20,1B,4,4,0,0,0,0,0,0,0,1,0,0,2
2026,,2026-03-31,825107,away,DET,ARI,668670,Jake Rogers,34,C,3,3,1,1,1,0,0,1,0,1,0,2,0
2026,,2026-03-31,825107,away,DET,ARI,650402,Gleyber Torres,25,2B,4,3,0,0,0,0,0,0,1,1,0,0,2
2026,,2026-03-31,825107,away,DET,ARI,663837,Matt Vierling,8,RF,0,0,0,0,0,0,0,0,0,0,0,0,0
2026,,2026-03-31,825107,away,DET,ARI,678009,Parker Meadows,22,CF,3,3,1,1,0,0,0,0,0,1,0,1,0
2026,,2026-03-31,825107,away,DET,ARI,690993,Colt Keith,33,3B,4,4,1,1,0,0,0,0,0,2,0,1,0
2026,,2026-03-31,825107,home,ARI,DET,691783,Jordan Lawlar,10,LF,3,3,1,1,0,0,0,0,0,1,0,1,3
2026,,2026-03-31,825107,home,ARI,DET,606466,Ketel Marte,4,2B,4,3,1,0,0,0,0,0,1,1,0,0,0
2026,,2026-03-31,825107,home,ARI,DET,672695,Geraldo Perdomo,2,SS,4,3,1,1,0,0,0,0,1,0,0,1,1
2026,,2026-03-31,825107,home,ARI,DET,699912,Jose Fernandez,11,3B,4,4,2,3,0,0,2,4,0,1,0,9,0
2026,,2026-03-31,825107,home,ARI,DET,672515,Gabriel Moreno,14,DH,4,4,0,1,1,0,0,1,0,2,0,2,2
2026,,2026-03-31,825107,home,ARI,DET,682998,Corbin Carroll,7,RF,4,3,0,1,1,0,0,2,1,1,0,2,0
2026,,2026-03-31,825107,home,ARI,DET,543510,James McCann,8,C,3,2,1,1,1,0,0,0,1,1,0,2,0
2026,,2026-03-31,825107,home,ARI,DET,467793,Carlos Santana,41,1B,4,4,0,0,0,0,0,0,0,3,0,0,2
2026,,2026-03-31,825107,home,ARI,DET,677950,Alek Thomas,5,CF,4,4,1,0,0,0,0,0,0,2,1,0,3
2026,,2026-03-31,823322,away,SFG,SDP,669477,Casey Schmitt,10,1B,4,4,0,1,0,0,0,0,0,3,0,1,3
2026,,2026-03-31,823322,away,SFG,SDP,671218,Heliot Ramos,17,LF,5,4,1,1,0,0,0,2,1,2,0,1,4
2026,,2026-03-31,823322,away,SFG,SDP,656305,Matt Chapman,26,3B,5,5,2,2,0,0,1,1,0,1,0,5,2
2026,,2026-03-31,823322,away,SFG,SDP,672275,Patrick Bailey,14,C,4,3,1,1,0,0,0,0,1,0,0,1,0
2026,,2026-03-31,823322,away,SFG,SDP,808982,Jung Hoo Lee,51,RF,5,5,0,3,2,0,0,3,0,0,0,5,0
2026,,2026-03-31,823322,away,SFG,SDP,646240,Rafael Devers,16,DH,5,5,1,2,0,0,0,0,0,0,0,2,1
2026,,2026-03-31,823322,away,SFG,SDP,666931,Jared Oliva,56,PR,0,0,1,0,0,0,0,0,0,0,1,0,0
2026,,2026-03-31,823322,away,SFG,SDP,664056,Harrison Bader,9,CF,5,5,1,1,1,0,0,0,0,1,0,2,2
2026,,2026-03-31,823322,away,SFG,SDP,683766,Christian Koss,50,2B,0,0,0,0,0,0,0,0,0,0,0,0,0
2026,,2026-03-31,823322,away,SFG,SDP,642715,Willy Adames,2,SS,5,5,2,4,1,0,1,2,0,0,0,8,0
2026,,2026-03-31,823322,away,SFG,SDP,650333,Luis Arraez,1,2B,5,4,0,1,0,0,0,1,0,0,0,1,4
2026,,2026-03-31,823322,home,SDP,SFG,666023,Freddy Fermin,54,C,4,4,0,0,0,0,0,0,0,1,0,0,3
2026,,2026-03-31,823322,home,SDP,SFG,592206,Nick Castellanos,21,LF,4,3,0,1,1,0,0,0,1,0,0,2,1
2026,,2026-03-31,823322,home,SDP,SFG,701538,Jackson Merrill,3,CF,4,3,1,1,0,0,0,1,1,1,0,1,1
2026,,2026-03-31,823322,home,SDP,SFG,657757,Gavin Sheets,30,1B,4,4,0,1,0,0,0,0,0,1,0,1,1
2026,,2026-03-31,823322,home,SDP,SFG,592518,Manny Machado,13,3B,4,3,1,1,0,0,0,0,1,1,0,1,1
2026,,2026-03-31,823322,home,SDP,SFG,609280,Miguel Andujar,41,DH,4,4,0,1,0,0,0,1,0,2,0,1,0
2026,,2026-03-31,823322,home,SDP,SFG,665487,Fernando Tatis Jr.,23,RF,4,3,1,1,1,0,0,0,1,1,1,2,1
2026,,2026-03-31,823322,home,SDP,SFG,593428,Xander Bogaerts,2,SS,4,4,0,0,0,0,0,1,0,1,0,0,3
2026,,2026-03-31,823322,home,SDP,SFG,630105,Jake Cronenworth,9,2B,4,4,0,0,0,0,0,0,0,0,0,0,1
2026,,2026-03-31,823158,away,NYY,SEA,676609,José Caballero,72,SS,4,4,0,0,0,0,0,0,0,1,0,0,2
2026,,2026-03-31,823158,away,NYY,SEA,592450,Aaron Judge,99,RF,4,4,0,0,0,0,0,0,0,2,0,0,2
2026,,2026-03-31,823158,away,NYY,SEA,641857,Ryan McMahon,19,3B,4,4,0,0,0,0,0,0,0,3,0,0,0
2026,,2026-03-31,823158,away,NYY,SEA,700250,Ben Rice,22,1B,4,2,2,2,1,0,0,1,2,0,0,3,0
2026,,2026-03-31,823158,away,NYY,SEA,641555,J.C. Escarra,25,C,4,4,0,0,0,0,0,0,0,1,0,0,2
2026,,2026-03-31,823158,away,NYY,SEA,641355,Cody Bellinger,35,LF,4,3,2,2,0,0,0,0,1,0,1,2,0
2026,,2026-03-31,823158,away,NYY,SEA,519317,Giancarlo Stanton,27,DH,4,4,0,2,1,0,0,2,0,0,0,3,2
2026,,2026-03-31,823158,away,NYY,SEA,665862,Jazz Chisholm Jr.,13,2B,4,4,0,1,0,0,0,1,0,2,1,1,2
2026,,2026-03-31,823158,away,NYY,SEA,663757,Trent Grisham,12,CF,4,4,1,2,1,0,0,0,0,1,0,3,0
2026,,2026-03-31,823158,home,SEA,NYY,647304,Josh Naylor,12,1B,4,4,0,1,0,0,0,0,0,1,0,1,2
2026,,2026-03-31,823158,home,SEA,NYY,645302,Victor Robles,10,RF,3,3,0,0,0,0,0,0,0,1,0,0,2
2026,,2026-03-31,823158,home,SEA,NYY,702284,Cole Young,2,2B,3,3,0,1,0,0,0,0,0,0,0,1,0
2026,,2026-03-31,823158,home,SEA,NYY,668227,Randy Arozarena,56,LF,4,3,0,0,0,0,0,0,0,0,0,0,1
2026,,2026-03-31,823158,home,SEA,NYY,663728,Cal Raleigh,29,C,4,4,0,0,0,0,0,0,0,2,0,0,1
2026,,2026-03-31,823158,home,SEA,NYY,608701,Rob Refsnyder,30,DH,4,4,0,0,0,0,0,0,0,2,0,0,1
2026,,2026-03-31,823158,home,SEA,NYY,680977,Brendan Donovan,33,3B,3,3,0,1,0,0,0,0,0,1,0,1,0
2026,,2026-03-31,823158,home,SEA,NYY,677594,Julio Rodríguez,44,CF,4,3,0,1,0,0,0,0,1,0,0,1,0
2026,,2026-03-31,823158,home,SEA,NYY,660844,Leo Rivas,76,SS,3,3,0,0,0,0,0,0,0,0,0,0,0
2026,,2026-03-31,823969,away,CLE,LAD,800050,Chase DeLauter,24,RF,1,1,0,0,0,0,0,0,0,0,0,0,0
2026,,2026-03-31,823969,away,CLE,LAD,682177,Daniel Schneemann,10,PH,1,1,0,0,0,0,0,0,0,1,0,0,2
2026,,2026-03-31,823969,away,CLE,LAD,677587,Brayan Rocchio,4,2B,4,4,0,1,0,0,0,1,0,1,0,1,0
2026,,2026-03-31,823969,away,CLE,LAD,672356,Gabriel Arias,13,SS,3,2,0,0,0,0,0,0,1,1,0,0,0
2026,,2026-03-31,823969,away,CLE,LAD,666310,Bo Naylor,23,C,4,4,0,0,0,0,0,0,0,1,0,0,3
2026,,2026-03-31,823969,away,CLE,LAD,681807,David Fry,6,RF,1,1,0,0,0,0,0,0,0,1,0,0,1
2026,,2026-03-31,823969,away,CLE,LAD,608070,José Ramírez,11,3B,4,4,0,0,0,0,0,0,0,0,0,0,1
2026,,2026-03-31,823969,away,CLE,LAD,680757,Steven Kwan,38,CF,4,2,0,0,0,0,0,0,2,0,0,0,1
2026,,2026-03-31,823969,away,CLE,LAD,682657,Angel Martínez,1,LF,4,3,0,0,0,0,0,0,0,1,0,0,3
2026,,2026-03-31,823969,away,CLE,LAD,700932,Kyle Manzardo,9,DH,4,2,1,0,0,0,0,0,1,0,0,0,0
2026,,2026-03-31,823969,away,CLE,LAD,692216,CJ Kayfus,2,RF,2,2,0,0,0,0,0,0,0,2,0,0,2
2026,,2026-03-31,823969,away,CLE,LAD,656555,Rhys Hoskins,8,1B,4,3,0,1,1,0,0,0,1,2,0,2,1
2026,,2026-03-31,823969,home,LAD,CLE,669257,Will Smith,16,C,4,4,1,1,0,0,0,0,0,1,0,1,1
2026,,2026-03-31,823969,home,LAD,CLE,663656,Kyle Tucker,23,RF,4,4,0,1,0,0,0,0,0,2,0,1,3
2026,,2026-03-31,823969,home,LAD,CLE,571970,Max Muncy,13,3B,4,3,2,2,0,0,1,1,1,0,0,5,1
2026,,2026-03-31,823969,home,LAD,CLE,518692,Freddie Freeman,5,1B,4,4,1,1,0,0,0,0,0,1,0,1,2
2026,,2026-03-31,823969,home,LAD,CLE,660271,Shohei Ohtani,17,DH,5,3,0,1,0,0,0,0,2,1,0,1,2
2026,,2026-03-31,823969,home,LAD,CLE,606192,Teoscar Hernández,37,LF,4,4,0,2,0,0,0,1,0,2,0,2,1
2026,,2026-03-31,823969,home,LAD,CLE,681624,Andy Pages,44,CF,4,4,0,2,0,0,0,2,0,1,0,2,1
2026,,2026-03-31,823969,home,LAD,CLE,605141,Mookie Betts,50,SS,4,4,0,0,0,0,0,0,0,2,0,0,4
2026,,2026-03-31,823969,home,LAD,CLE,500743,Miguel Rojas,72,2B,2,2,0,0,0,0,0,0,0,1,0,0,2
2026,,2026-03-31,823969,home,LAD,CLE,690976,Alex Freeland,76,2B,2,2,0,0,0,0,0,0,0,0,0,0,2
2026,,2026-04-01,824940,away,ATH,ATL,671732,Lawrence Butler,4,PH,1,1,0,0,0,0,0,0,0,0,0,0,0
2026,,2026-04-01,824940,away,ATH,ATL,667670,Brent Rooker,25,RF,3,3,0,0,0,0,0,0,0,1,0,0,1
2026,,2026-04-01,824940,away,ATH,ATL,643446,Jeff McNeil,22,1B,2,2,0,0,0,0,0,0,0,2,0,0,1
2026,,2026-04-01,824940,away,ATH,ATL,642851,Austin Wynns,29,C,3,3,0,1,0,0,0,0,0,0,0,1,0
2026,,2026-04-01,824940,away,ATH,ATL,691777,Max Muncy,3,3B,3,3,0,0,0,0,0,0,0,2,0,0,0
2026,,2026-04-01,824940,away,ATH,ATL,672016,Denzel Clarke,1,CF,2,2,0,0,0,0,0,0,0,0,0,0,0
2026,,2026-04-01,824940,away,ATH,ATL,691016,Tyler Soderstrom,21,LF,3,3,0,0,0,0,0,0,0,1,0,0,0
2026,,2026-04-01,824940,away,ATH,ATL,687231,Darell Hernaiz,2,2B,3,3,0,0,0,0,0,0,0,0,0,0,1
2026,,2026-04-01,824940,away,ATH,ATL,669127,Shea Langeliers,23,DH,4,4,1,2,0,0,1,1,0,0,0,5,1
2026,,2026-04-01,824940,away,ATH,ATL,628451,Andy Ibáñez,77,1B,2,2,0,0,0,0,0,0,0,0,0,0,0
2026,,2026-04-01,824940,away,ATH,ATL,805779,Jacob Wilson,5,SS,4,4,0,1,1,0,0,0,0,0,0,2,0
2026,,2026-04-01,824940,home,ATL,ATH,671739,Michael Harris II,23,CF,4,4,0,0,0,0,0,0,0,2,0,0,1
2026,,2026-04-01,824940,home,ATL,ATH,643289,Mauricio Dubón,14,SS,3,3,1,1,0,0,0,0,0,0,0,1,2
2026,,2026-04-01,824940,home,ATL,ATH,686948,Drake Baldwin,30,C,4,3,1,2,1,0,0,4,1,0,0,3,0
2026,,2026-04-01,824940,home,ATL,ATH,621566,Matt Olson,28,1B,4,4,0,1,0,0,0,1,0,2,0,1,3
2026,,2026-04-01,824940,home,ATL,ATH,642086,Dominic Smith,8,DH,4,4,2,2,0,0,0,0,0,2,0,2,0
2026,,2026-04-01,824940,home,ATL,ATH,660670,Ronald Acuña Jr.,13,RF,4,2,0,0,0,0,0,0,2,0,0,0,2
2026,,2026-04-01,824940,home,ATL,ATH,645277,Ozzie Albies,1,2B,4,3,1,0,0,0,0,0,1,1,0,0,0
2026,,2026-04-01,824940,home,ATL,ATH,663586,Austin Riley,27,3B,4,3,0,1,0,0,0,0,1,1,0,1,1
2026,,2026-04-01,824940,home,ATL,ATH,573262,Mike Yastrzemski,18,LF,4,4,0,0,0,0,0,0,0,2,0,0,3
2026,,2026-04-01,824860,away,TEX,BAL,694497,Evan Carter,32,CF,2,2,0,0,0,0,0,0,0,1,0,0,1
2026,,2026-04-01,824860,away,TEX,BAL,694671,Wyatt Langford,36,LF,4,4,0,0,0,0,0,0,0,1,0,0,4
2026,,2026-04-01,824860,away,TEX,BAL,669394,Jake Burger,21,1B,4,4,0,0,0,0,0,0,0,1,0,0,0
2026,,2026-04-01,824860,away,TEX,BAL,608369,Corey Seager,5,SS,4,4,1,1,0,0,1,1,0,0,0,4,0
2026,,2026-04-01,824860,away,TEX,BAL,673962,Josh Jung,6,3B,4,4,0,2,0,0,0,1,0,0,0,2,0
2026,,2026-04-01,824860,away,TEX,BAL,457705,Andrew McCutchen,4,RF,4,3,1,1,0,0,0,0,1,1,0,1,0
2026,,2026-04-01,824860,away,TEX,BAL,677649,Ezequiel Duran,20,2B,2,2,0,1,0,0,0,1,0,0,0,1,0
2026,,2026-04-01,824860,away,TEX,BAL,607043,Brandon Nimmo,24,DH,4,3,0,1,1,0,0,0,1,1,0,2,0
2026,,2026-04-01,824860,away,TEX,BAL,669701,Josh Smith,8,2B,2,2,0,0,0,0,0,0,0,0,0,0,1
2026,,2026-04-01,824860,away,TEX,BAL,664059,Sam Haggerty,0,LF,2,2,0,1,0,0,0,0,0,0,0,1,2
2026,,2026-04-01,824860,away,TEX,BAL,643376,Danny Jansen,9,C,4,4,1,1,0,0,0,0,0,0,0,1,1
2026,,2026-04-01,824860,home,BAL,TEX,669236,Jeremiah Jackson,82,2B,4,3,0,1,0,0,0,2,0,0,0,1,3
2026,,2026-04-01,824860,home,BAL,TEX,694212,Samuel Basallo,29,C,5,5,1,2,0,0,1,1,0,1,0,5,1
2026,,2026-04-01,824860,home,BAL,TEX,683002,Gunnar Henderson,2,SS,5,4,0,0,0,0,0,0,1,1,0,0,3
2026,,2026-04-01,824860,home,BAL,TEX,665750,Leody Taveras,30,CF,4,2,1,2,1,0,0,2,2,0,0,3,0
2026,,2026-04-01,824860,home,BAL,TEX,621493,Taylor Ward,3,DH,5,4,0,2,1,0,0,2,0,1,0,3,0
2026,,2026-04-01,824860,home,BAL,TEX,687637,Dylan Beavers,12,LF,5,5,3,3,0,0,1,1,0,1,0,6,0
2026,,2026-04-01,824860,home,BAL,TEX,624413,Pete Alonso,25,1B,5,4,1,1,0,0,0,0,1,0,0,1,5
2026,,2026-04-01,824860,home,BAL,TEX,681297,Colton Cowser,17,RF,4,2,1,1,0,0,0,0,1,0,0,1,0
2026,,2026-04-01,824860,home,BAL,TEX,691723,Coby Mayo,16,3B,5,4,1,0,0,0,0,0,1,3,0,0,3
2026,,2026-04-01,824536,away,PIT,CIN,694377,Nick Yorke,38,3B,4,2,0,1,0,0,0,0,2,0,0,1,0
2026,,2026-04-01,824536,away,PIT,CIN,687462,Spencer Horwitz,2,1B,4,3,1,1,0,0,0,1,1,2,0,1,2
2026,,2026-04-01,824536,away,PIT,CIN,668804,Bryan Reynolds,10,LF,5,5,2,2,0,0,1,2,0,1,0,5,1
2026,,2026-04-01,824536,away,PIT,CIN,665833,Oneil Cruz,15,CF,5,5,2,2,0,0,1,3,0,1,0,5,0
2026,,2026-04-01,824536,away,PIT,CIN,669707,Jared Triolo,19,SS,4,3,0,1,0,0,0,0,1,1,0,1,1
2026,,2026-04-01,824536,away,PIT,CIN,663968,Jake Mangum,28,RF,5,5,0,0,0,0,0,0,0,2,0,0,2
2026,,2026-04-01,824536,away,PIT,CIN,680779,Henry Davis,32,C,4,3,1,0,0,0,0,0,0,1,0,0,3
2026,,2026-04-01,824536,away,PIT,CIN,693304,Nick Gonzales,3,2B,5,5,1,2,1,0,0,2,0,1,0,3,0
2026,,2026-04-01,824536,away,PIT,CIN,542303,Marcell Ozuna,24,DH,5,4,1,0,0,0,0,0,1,1,0,0,1
2026,,2026-04-01,824536,home,CIN,PIT,682829,Elly De La Cruz,44,SS,4,4,1,1,0,0,0,0,0,1,0,1,1
2026,,2026-04-01,824536,home,CIN,PIT,701398,Sal Stewart,27,1B,4,3,1,0,0,0,0,0,1,0,0,0,2
2026,,2026-04-01,824536,home,CIN,PIT,667472,Dane Myers,17,CF,2,2,0,1,0,0,0,0,0,0,0,1,0
2026,,2026-04-01,824536,home,CIN,PIT,663993,Nathaniel Lowe,31,DH,2,2,0,1,1,0,0,1,0,0,0,2,0
2026,,2026-04-01,824536,home,CIN,PIT,680574,Matt McLain,9,2B,4,4,0,0,0,0,0,0,0,3,0,0,3
2026,,2026-04-01,824536,home,CIN,PIT,663647,Ke'Bryan Hayes,3,3B,3,3,0,0,0,0,0,0,0,0,0,0,1
2026,,2026-04-01,824536,home,CIN,PIT,666181,Will Benson,30,RF,2,2,0,0,0,0,0,0,0,0,0,0,1
2026,,2026-04-01,824536,home,CIN,PIT,670770,TJ Friedl,29,LF,4,2,0,0,0,0,0,0,2,0,0,0,1
2026,,2026-04-01,824536,home,CIN,PIT,668715,Spencer Steer,7,RF,4,4,0,0,0,0,0,0,0,3,0,0,1
2026,,2026-04-01,824536,home,CIN,PIT,553993,Eugenio Suárez,28,DH,2,2,1,1,0,0,1,2,0,1,0,4,0
2026,,2026-04-01,824536,home,CIN,PIT,663886,Tyler Stephenson,37,C,4,4,0,1,0,0,0,0,0,1,0,1,1
2026,,2026-04-01,823483,away,WSN,PHI,691781,Brady House,12,3B,5,4,0,2,1,0,0,0,1,0,0,3,1
2026,,2026-04-01,823483,away,WSN,PHI,682928,CJ Abrams,5,SS,5,4,1,1,0,0,1,3,1,1,0,4,3
2026,,2026-04-01,823483,away,WSN,PHI,683083,Nasim Nuñez,26,2B,4,4,0,0,0,0,0,0,0,2,0,0,2
2026,,2026-04-01,823483,away,WSN,PHI,686452,Drew Millas,14,C,4,4,0,1,0,0,0,1,0,2,0,1,2
2026,,2026-04-01,823483,away,WSN,PHI,686894,Joey Wiemer,21,RF,5,4,2,2,0,0,0,0,1,2,0,2,3
2026,,2026-04-01,823483,away,WSN,PHI,678554,Curtis Mead,45,1B,3,3,0,0,0,0,0,0,0,0,0,0,0
2026,,2026-04-01,823483,away,WSN,PHI,695734,Daylen Lile,4,DH,5,5,1,2,0,0,0,0,0,1,0,2,3
2026,,2026-04-01,823483,away,WSN,PHI,695578,James Wood,29,LF,5,5,0,0,0,0,0,0,0,1,0,0,3
2026,,2026-04-01,823483,away,WSN,PHI,696285,Jacob Young,30,CF,4,3,1,1,0,0,0,0,1,1,1,1,0
2026,,2026-04-01,823483,away,WSN,PHI,671277,Luis García Jr.,2,1B,2,2,0,1,0,0,0,0,0,1,0,1,0
2026,,2026-04-01,823483,home,PHI,WSN,669016,Brandon Marsh,16,LF,5,5,1,1,0,0,0,0,0,0,0,1,6
2026,,2026-04-01,823483,home,PHI,WSN,702222,Justin Crawford,2,CF,5,5,0,3,1,0,0,1,0,1,0,4,0
2026,,2026-04-01,823483,home,PHI,WSN,547180,Bryce Harper,3,1B,5,5,1,1,0,0,1,1,0,1,0,4,3
2026,,2026-04-01,823483,home,PHI,WSN,592663,J.T. Realmuto,10,C,5,3,1,2,0,0,1,1,1,0,0,5,2
2026,,2026-04-01,823483,home,PHI,WSN,624641,Edmundo Sosa,33,2B,2,2,0,1,0,0,0,2,0,0,0,1,1
2026,,2026-04-01,823483,home,PHI,WSN,664761,Alec Bohm,28,3B,5,4,0,0,0,0,0,0,1,0,0,0,1
2026,,2026-04-01,823483,home,PHI,WSN,681082,Bryson Stott,5,2B,3,3,0,0,0,0,0,0,0,1,0,0,1
2026,,2026-04-01,823483,home,PHI,WSN,656941,Kyle Schwarber,12,DH,5,3,0,1,1,0,0,1,1,1,0,2,0
2026,,2026-04-01,823483,home,PHI,WSN,664238,Dylan Moore,25,DH,0,0,1,0,0,0,0,0,0,0,0,0,0
2026,,2026-04-01,823483,home,PHI,WSN,666969,Adolis García,53,RF,5,4,0,2,0,0,0,0,1,0,0,2,0
2026,,2026-04-01,823483,home,PHI,WSN,607208,Trea Turner,7,SS,5,4,2,1,0,0,0,0,1,0,1,1,5
2026,,2026-04-01,822835,away,COL,TOR,664983,Jake McCarthy,31,LF,0,0,1,0,0,0,0,0,0,0,1,0,0
2026,,2026-04-01,822835,away,COL,TOR,687859,Troy Johnston,20,LF,5,4,0,2,1,0,0,1,0,1,0,3,0
2026,,2026-04-01,822835,away,COL,TOR,650489,Willi Castro,3,3B,5,4,0,0,0,0,0,0,1,3,0,0,3
2026,,2026-04-01,822835,away,COL,TOR,671289,Tyler Freeman,2,RF,1,1,0,1,0,0,0,1,0,0,0,1,0
2026,,2026-04-01,822835,away,COL,TOR,690022,Ryan Ritter,8,2B,1,1,0,0,0,0,0,0,0,1,0,0,2
2026,,2026-04-01,822835,away,COL,TOR,666397,Edouard Julien,6,1B,1,1,0,0,0,0,0,0,0,1,0,0,0
2026,,2026-04-01,822835,away,COL,TOR,696100,Hunter Goodman,15,DH,5,4,0,0,0,0,0,0,1,3,0,0,2
2026,,2026-04-01,822835,away,COL,TOR,687597,Jordan Beck,27,RF,3,3,0,0,0,0,0,0,0,2,0,0,3
2026,,2026-04-01,822835,away,COL,TOR,664954,Brett Sullivan,26,C,4,4,0,1,0,0,0,0,0,2,0,1,2
2026,,2026-04-01,822835,away,COL,TOR,686668,Brenton Doyle,9,CF,4,4,1,0,0,0,0,0,0,2,0,0,4
2026,,2026-04-01,822835,away,COL,TOR,678662,Ezequiel Tovar,14,SS,5,5,0,1,0,0,0,0,0,1,0,1,4
2026,,2026-04-01,822835,away,COL,TOR,681198,TJ Rumfield,7,1B,3,3,0,1,0,0,0,0,0,0,0,1,1
2026,,2026-04-01,822835,away,COL,TOR,691720,Kyle Karros,12,3B,3,2,0,0,0,0,0,0,1,1,0,0,0
2026,,2026-04-01,822835,home,TOR,COL,676391,Ernie Clement,22,2B,4,4,0,2,0,0,0,0,0,0,0,2,1
2026,,2026-04-01,822835,home,TOR,COL,662139,Daulton Varsho,5,CF,0,0,0,0,0,0,0,0,0,0,0,0,0
2026,,2026-04-01,822835,home,TOR,COL,665926,Andrés Giménez,0,SS,4,4,0,0,0,0,0,0,0,1,0,0,3
2026,,2026-04-01,822835,home,TOR,COL,676914,Davis Schneider,36,LF,3,3,0,1,0,0,0,1,0,1,0,1,0
2026,,2026-04-01,822835,home,TOR,COL,664770,Nathan Lukes,38,RF,2,2,0,0,0,0,0,0,0,0,0,0,1
2026,,2026-04-01,822835,home,TOR,COL,680718,Addison Barger,47,RF,1,1,0,0,0,0,0,0,0,1,0,0,1
2026,,2026-04-01,822835,home,TOR,COL,543807,George Springer,4,DH,5,4,0,0,0,0,0,0,1,3,0,0,3
2026,,2026-04-01,822835,home,TOR,COL,623168,Tyler Heineman,55,C,1,1,0,0,0,0,0,0,0,0,0,0,0
2026,,2026-04-01,822835,home,TOR,COL,665489,Vladimir Guerrero Jr.,27,1B,5,4,0,0,0,0,0,0,0,0,0,0,1
2026,,2026-04-01,822835,home,TOR,COL,660821,Jesús Sánchez,12,LF,4,3,0,0,0,0,0,0,0,1,0,0,2
2026,,2026-04-01,822835,home,TOR,COL,664702,Myles Straw,3,CF,2,2,1,2,0,0,0,0,0,0,0,2,0
2026,,2026-04-01,822835,home,TOR,COL,672386,Alejandro Kirk,30,C,4,4,0,1,0,0,0,0,0,0,0,1,4
2026,,2026-04-01,822835,home,TOR,COL,672960,Kazuma Okamoto,7,3B,4,4,0,1,0,0,0,0,0,2,0,1,3
2026,,2026-04-01,823889,away,CHW,MIA,672820,Lenyn Sosa,50,1B,1,1,0,0,0,0,0,0,0,0,0,0,0
2026,,2026-04-01,823889,away,CHW,MIA,671976,Tristan Peters,29,CF,3,3,0,1,0,0,0,0,0,0,0,1,1
2026,,2026-04-01,823889,away,CHW,MIA,682668,Luisangel Acuña,0,SS,3,3,0,1,0,0,0,0,0,0,0,1,0
2026,,2026-04-01,823889,away,CHW,MIA,808959,Munetaka Murakami,5,1B,3,3,0,0,0,0,0,0,0,2,0,0,1
2026,,2026-04-01,823889,away,CHW,MIA,805367,Chase Meidroth,10,2B,4,4,0,1,0,0,0,0,0,0,0,1,1
2026,,2026-04-01,823889,away,CHW,MIA,695657,Colson Montgomery,12,3B,4,4,0,0,0,0,0,0,0,1,0,0,0
2026,,2026-04-01,823889,away,CHW,MIA,624512,Reese McGuire,30,C,3,3,0,0,0,0,0,0,0,0,0,0,0
2026,,2026-04-01,823889,away,CHW,MIA,643217,Andrew Benintendi,23,LF,4,4,0,0,0,0,0,0,0,2,0,0,0
2026,,2026-04-01,823889,away,CHW,MIA,677592,Everson Pereira,28,RF,2,2,0,0,0,0,0,0,0,2,0,0,1
2026,,2026-04-01,823889,away,CHW,MIA,656537,Derek Hill,25,RF,1,1,0,0,0,0,0,0,0,0,0,0,0
2026,,2026-04-01,823889,away,CHW,MIA,678246,Miguel Vargas,20,DH,3,2,0,0,0,0,0,0,0,0,0,0,0
2026,,2026-04-01,823889,home,MIA,CHW,681715,Heriberto Hernández,13,LF,4,3,1,1,0,0,0,0,1,1,0,1,0
2026,,2026-04-01,823889,home,MIA,CHW,805300,Jakob Marsee,87,CF,5,3,1,0,0,0,0,0,2,1,0,0,1
2026,,2026-04-01,823889,home,MIA,CHW,691594,Javier Sanoja,8,3B,4,4,0,2,1,0,0,2,0,0,0,3,3
2026,,2026-04-01,823889,home,MIA,CHW,669364,Xavier Edwards,9,2B,3,3,1,1,0,0,0,0,0,1,0,1,1
2026,,2026-04-01,823889,home,MIA,CHW,688363,Graham Pauley,21,1B,4,4,1,2,2,0,0,0,0,0,0,4,2
2026,,2026-04-01,823889,home,MIA,CHW,689414,Liam Hicks,34,C,5,4,2,3,0,0,1,4,0,0,0,6,0
2026,,2026-04-01,823889,home,MIA,CHW,683357,Owen Caissie,17,RF,5,5,0,1,0,0,0,2,0,2,0,1,3
2026,,2026-04-01,823889,home,MIA,CHW,677870,Leo Jiménez,19,2B,2,2,0,0,0,0,0,0,0,0,0,0,2
2026,,2026-04-01,823889,home,MIA,CHW,681393,Connor Norby,1,DH,5,5,1,1,1,0,0,1,0,1,0,2,3
2026,,2026-04-01,823889,home,MIA,CHW,672640,Otto Lopez,6,SS,5,4,3,2,0,1,1,1,1,0,0,7,2
2026,,2026-04-01,823078,away,NYM,STL,666182,Bo Bichette,19,3B,5,5,0,1,0,0,0,0,0,0,0,1,1
2026,,2026-04-01,823078,away,NYM,STL,621438,Tyrone Taylor,15,RF,2,2,0,0,0,0,0,0,0,0,0,0,0
2026,,2026-04-01,823078,away,NYM,STL,682626,Francisco Alvarez,4,C,4,3,0,0,0,0,0,0,0,1,0,0,3
2026,,2026-04-01,823078,away,NYM,STL,668901,Mark Vientos,27,1B,2,2,0,1,1,0,0,0,0,0,0,2,0
2026,,2026-04-01,823078,away,NYM,STL,683146,Brett Baty,7,1B,3,3,0,0,0,0,0,0,0,0,0,0,5
2026,,2026-04-01,823078,away,NYM,STL,701807,Carson Benge,3,RF,2,2,0,0,0,0,0,0,0,1,0,0,3
2026,,2026-04-01,823078,away,NYM,STL,543760,Marcus Semien,10,2B,5,4,0,0,0,0,0,0,1,2,0,0,5
2026,,2026-04-01,823078,away,NYM,STL,596019,Francisco Lindor,12,SS,5,4,0,0,0,0,0,0,1,0,0,0,0
2026,,2026-04-01,823078,away,NYM,STL,665742,Juan Soto,22,LF,5,5,1,1,0,0,1,1,0,1,0,4,2
2026,,2026-04-01,823078,away,NYM,STL,593871,Jorge Polanco,11,DH,4,4,0,1,1,0,0,0,0,0,0,2,1
2026,,2026-04-01,823078,away,NYM,STL,676724,Jared Young,29,DH,1,0,0,0,0,0,0,0,1,0,0,0,0
2026,,2026-04-01,823078,away,NYM,STL,673357,Luis Robert Jr.,88,CF,5,4,0,1,0,0,0,0,1,1,0,1,1
2026,,2026-04-01,823078,home,STL,NYM,669357,Nolan Gorman,16,3B,4,3,0,1,0,0,0,1,1,0,0,1,1
2026,,2026-04-01,823078,home,STL,NYM,691023,Jordan Walker,18,RF,2,2,0,0,0,0,0,0,0,2,0,0,1
2026,,2026-04-01,823078,home,STL,NYM,701675,Nathan Church,27,RF,2,2,0,0,0,0,0,0,0,0,0,0,2
2026,,2026-04-01,823078,home,STL,NYM,687363,Victor Scott II,11,CF,4,4,0,0,0,0,0,0,0,1,0,0,3
2026,,2026-04-01,823078,home,STL,NYM,802139,JJ Wetherholt,26,2B,5,5,2,1,0,0,0,0,0,2,0,1,1
2026,,2026-04-01,823078,home,STL,NYM,676475,Alec Burleson,41,1B,5,5,0,0,0,0,0,0,0,1,0,0,5
2026,,2026-04-01,823078,home,STL,NYM,695336,Thomas Saggese,25,LF,4,4,0,1,0,0,0,0,0,2,0,1,3
2026,,2026-04-01,823078,home,STL,NYM,686780,Pedro Pagés,43,C,4,4,0,0,0,0,0,0,0,3,0,0,3
2026,,2026-04-01,823078,home,STL,NYM,691026,Masyn Winn,0,SS,5,4,0,1,0,0,0,1,1,1,1,1,3
2026,,2026-04-01,823078,home,STL,NYM,671056,Iván Herrera,48,DH,5,3,0,1,0,0,0,0,2,1,0,1,0
2026,,2026-04-01,823806,away,TBR,MIL,680700,Richie Palacios,1,2B,3,1,1,0,0,0,0,0,1,0,0,0,0
2026,,2026-04-01,823806,away,TBR,MIL,700246,Carson Williams,7,SS,0,0,0,0,0,0,0,0,0,0,0,0,0
2026,,2026-04-01,823806,away,TBR,MIL,668723,Ryan Vilade,26,PH,1,1,0,0,0,0,0,0,0,1,0,0,2
2026,,2026-04-01,823806,away,TBR,MIL,641584,Jake Fraley,17,RF,3,3,0,1,1,0,0,0,0,1,0,2,0
2026,,2026-04-01,823806,away,TBR,MIL,802415,Chandler Simpson,14,LF,4,3,0,2,0,0,0,0,1,0,0,2,0
2026,,2026-04-01,823806,away,TBR,MIL,676356,Jonny DeLuca,21,RF,1,1,0,0,0,0,0,0,0,0,0,0,1
2026,,2026-04-01,823806,away,TBR,MIL,666018,Jonathan Aranda,8,1B,4,3,0,0,0,0,0,0,1,0,0,0,0
2026,,2026-04-01,823806,away,TBR,MIL,663743,Nick Fortes,40,C,4,4,0,1,0,0,0,0,0,1,0,1,1
2026,,2026-04-01,823806,away,TBR,MIL,650490,Yandy Díaz,2,DH,4,4,1,1,0,0,1,2,0,1,0,4,2
2026,,2026-04-01,823806,away,TBR,MIL,810938,Ben Williamson,15,3B,4,4,0,0,0,0,0,0,0,2,0,0,5
2026,,2026-04-01,823806,away,TBR,MIL,691406,Junior Caminero,13,1B,4,4,0,0,0,0,0,0,0,2,0,0,2
2026,,2026-04-01,823806,away,TBR,MIL,656775,Cedric Mullins,31,CF,4,3,0,0,0,0,0,0,0,3,0,0,1
2026,,2026-04-01,823806,home,MIL,TBR,687401,Joey Ortiz,3,SS,4,4,1,1,0,0,0,0,0,0,0,1,2
2026,,2026-04-01,823806,home,MIL,TBR,592885,Christian Yelich,22,DH,4,4,1,2,0,0,0,2,0,2,0,2,1
2026,,2026-04-01,823806,home,MIL,TBR,641343,Jake Bauers,9,1B,4,3,1,0,0,0,0,0,1,1,0,0,2
2026,,2026-04-01,823806,home,MIL,TBR,686217,Sal Frelick,10,RF,4,4,0,0,0,0,0,0,0,2,0,0,3
2026,,2026-04-01,823806,home,MIL,TBR,669003,Garrett Mitchell,5,CF,4,4,1,2,1,0,0,2,0,2,1,3,0
2026,,2026-04-01,823806,home,MIL,TBR,666152,David Hamilton,6,3B,4,4,1,1,0,0,0,1,0,2,1,1,0
2026,,2026-04-01,823806,home,MIL,TBR,663368,Blake Perkins,16,LF,4,4,0,0,0,0,0,1,0,1,0,0,2
2026,,2026-04-01,823806,home,MIL,TBR,661388,William Contreras,24,C,4,4,1,2,0,0,0,0,0,0,0,2,1
2026,,2026-04-01,823806,home,MIL,TBR,668930,Brice Turang,2,2B,4,2,2,1,0,0,1,2,1,0,0,4,0
2026,,2026-04-01,824211,away,BOS,HOU,643396,Isiah Kiner-Falefa,2,2B,3,2,1,0,0,0,0,0,1,1,0,0,1
2026,,2026-04-01,824211,away,BOS,HOU,701350,Roman Anthony,19,PH,1,1,1,1,0,0,1,1,0,0,0,4,0
2026,,2026-04-01,824211,away,BOS,HOU,575929,Willson Contreras,40,1B,4,3,0,1,0,0,0,1,1,1,0,1,0
2026,,2026-04-01,824211,away,BOS,HOU,702332,Caleb Durbin,5,3B,4,4,0,0,0,0,0,0,0,2,0,0,4
2026,,2026-04-01,824211,away,BOS,HOU,680776,Jarren Duran,16,LF,5,5,1,1,0,0,0,1,0,2,0,1,3
2026,,2026-04-01,824211,away,BOS,HOU,657136,Connor Wong,12,C,3,3,0,2,1,0,0,0,0,0,0,3,0
2026,,2026-04-01,824211,away,BOS,HOU,678882,Ceddanne Rafaela,3,CF,4,3,0,0,0,0,0,0,0,1,0,0,0
2026,,2026-04-01,824211,away,BOS,HOU,596115,Trevor Story,10,SS,5,5,0,0,0,0,0,0,0,3,0,0,2
2026,,2026-04-01,824211,away,BOS,HOU,807799,Masataka Yoshida,7,DH,4,3,0,0,0,0,0,0,1,1,0,0,0
2026,,2026-04-01,824211,away,BOS,HOU,677800,Wilyer Abreu,52,RF,4,4,1,2,0,0,1,1,0,1,0,5,2
2026,,2026-04-01,824211,away,BOS,HOU,691785,Marcelo Mayer,11,PH,1,1,0,0,0,0,0,0,0,1,0,0,0
2026,,2026-04-01,824211,home,HOU,BOS,670623,Isaac Paredes,15,3B,4,3,1,1,1,0,0,1,0,1,0,2,2
2026,,2026-04-01,824211,home,HOU,BOS,701358,Cam Smith,11,RF,4,4,0,1,0,0,0,0,0,2,1,1,2
2026,,2026-04-01,824211,home,HOU,BOS,676694,Jake Meyers,6,CF,4,3,0,0,0,0,0,0,1,1,0,0,2
2026,,2026-04-01,824211,home,HOU,BOS,694728,Brice Matthews,0,LF,3,3,0,0,0,0,0,0,0,2,0,0,0
2026,,2026-04-01,824211,home,HOU,BOS,514888,Jose Altuve,27,2B,4,4,1,1,0,0,0,0,0,1,0,1,0
2026,,2026-04-01,824211,home,HOU,BOS,694388,Joey Loperfido,10,LF,1,0,0,0,0,0,0,0,1,0,0,0,0
2026,,2026-04-01,824211,home,HOU,BOS,621043,Carlos Correa,1,SS,4,4,1,1,0,0,1,3,0,0,0,4,3
2026,,2026-04-01,824211,home,HOU,BOS,572233,Christian Walker,8,1B,4,4,0,1,0,0,0,1,0,1,0,1,1
2026,,2026-04-01,824211,home,HOU,BOS,543877,Christian Vázquez,2,C,4,4,1,1,0,0,1,1,0,1,0,4,3
2026,,2026-04-01,824211,home,HOU,BOS,670541,Yordan Alvarez,44,DH,4,3,2,2,1,0,0,0,0,0,0,3,0
2026,,2026-04-01,824698,away,LAA,CHC,672724,Oswald Peraza,2,2B,4,4,0,0,0,0,0,0,0,3,0,0,1
2026,,2026-04-01,824698,away,LAA,CHC,687263,Zach Neto,9,SS,4,3,1,2,0,0,0,0,1,1,0,2,0
2026,,2026-04-01,824698,away,LAA,CHC,624585,Jorge Soler,12,DH,4,4,0,0,0,0,0,0,0,2,0,0,2
2026,,2026-04-01,824698,away,LAA,CHC,660162,Yoán Moncada,10,3B,4,4,0,1,0,0,0,0,0,2,0,1,2
2026,,2026-04-01,824698,away,LAA,CHC,518595,Travis d'Arnaud,25,C,3,3,0,0,0,0,0,0,0,1,0,0,0
2026,,2026-04-01,824698,away,LAA,CHC,545361,Mike Trout,27,CF,4,3,1,0,0,0,0,0,1,2,0,0,1
2026,,2026-04-01,824698,away,LAA,CHC,600869,Jeimer Candelario,46,1B,3,3,0,0,0,0,0,0,0,3,0,0,0
2026,,2026-04-01,824698,away,LAA,CHC,666176,Jo Adell,7,RF,4,4,0,1,0,0,0,1,0,0,0,1,1
2026,,2026-04-01,824698,away,LAA,CHC,669326,Bryce Teodosio,22,LF,3,3,0,0,0,0,0,0,0,2,0,0,0
2026,,2026-04-01,824698,home,CHC,LAA,664023,Ian Happ,8,LF,5,5,1,1,1,0,0,0,0,2,0,2,5
2026,,2026-04-01,824698,home,CHC,LAA,608324,Alex Bregman,3,3B,5,3,0,1,0,0,0,1,2,0,0,1,1
2026,,2026-04-01,824698,home,CHC,LAA,683737,Michael Busch,29,1B,4,3,1,2,0,0,0,0,1,1,0,2,0
2026,,2026-04-01,824698,home,CHC,LAA,608348,Carson Kelly,15,C,5,4,2,0,0,0,0,0,1,2,0,0,3
2026,,2026-04-01,824698,home,CHC,LAA,691718,Pete Crow-Armstrong,4,CF,4,4,0,1,0,0,0,1,0,2,0,1,3
2026,,2026-04-01,824698,home,CHC,LAA,665804,Miguel Amaya,9,DH,2,1,1,0,0,0,0,0,1,0,0,0,2
2026,,2026-04-01,824698,home,CHC,LAA,694208,Moisés Ballesteros,25,DH,2,2,0,0,0,0,0,0,0,0,0,0,2
2026,,2026-04-01,824698,home,CHC,LAA,621020,Dansby Swanson,7,SS,4,3,0,0,0,0,0,1,0,2,0,0,3
2026,,2026-04-01,824698,home,CHC,LAA,663538,Nico Hoerner,2,2B,5,5,1,3,2,0,0,1,0,1,1,5,0
2026,,2026-04-01,824698,home,CHC,LAA,807713,Matt Shaw,6,RF,4,4,0,2,0,0,0,2,0,0,0,2,1
2026,,2026-04-01,825106,away,DET,ARI,663330,Jahmai Jones,18,PR,0,0,0,0,0,0,0,0,0,0,0,0,0
2026,,2026-04-01,825106,away,DET,ARI,682985,Riley Greene,31,DH,4,4,0,1,1,0,0,0,0,2,0,2,1
2026,,2026-04-01,825106,away,DET,ARI,595879,Javier Báez,28,SS,3,3,0,0,0,0,0,0,0,1,0,0,1
2026,,2026-04-01,825106,away,DET,ARI,805808,Kevin McGonigle,7,3B,4,4,0,2,0,1,0,0,0,0,0,4,1
2026,,2026-04-01,825106,away,DET,ARI,681481,Kerry Carpenter,30,RF,3,3,0,0,0,0,0,0,0,1,0,0,1
2026,,2026-04-01,825106,away,DET,ARI,650402,Gleyber Torres,25,2B,4,4,0,1,0,0,0,0,0,0,0,1,2
2026,,2026-04-01,825106,away,DET,ARI,663837,Matt Vierling,8,LF,3,3,0,1,0,0,0,0,0,0,0,1,1
2026,,2026-04-01,825106,away,DET,ARI,678009,Parker Meadows,22,CF,3,3,0,0,0,0,0,0,0,0,0,0,1
2026,,2026-04-01,825106,away,DET,ARI,693307,Dillon Dingler,13,C,4,4,0,1,0,0,0,0,0,1,0,1,1
2026,,2026-04-01,825106,away,DET,ARI,690993,Colt Keith,33,1B,4,4,0,1,1,0,0,0,0,0,0,2,0
2026,,2026-04-01,825106,home,ARI,DET,691783,Jordan Lawlar,10,CF,3,3,0,1,0,0,0,0,0,1,0,1,1
2026,,2026-04-01,825106,home,ARI,DET,694374,Tim Tawa,13,LF,3,3,0,1,1,0,0,0,0,0,0,2,0
2026,,2026-04-01,825106,home,ARI,DET,571448,Nolan Arenado,28,3B,3,3,0,1,0,0,0,0,0,1,0,1,1
2026,,2026-04-01,825106,home,ARI,DET,606466,Ketel Marte,4,DH,4,3,0,0,0,0,0,0,1,1,0,0,3
2026,,2026-04-01,825106,home,ARI,DET,545121,Ildemaro Vargas,6,2B,3,3,0,1,0,0,0,0,0,0,0,1,0
2026,,2026-04-01,825106,home,ARI,DET,672695,Geraldo Perdomo,2,SS,4,4,0,0,0,0,0,0,0,0,0,0,3
2026,,2026-04-01,825106,home,ARI,DET,699912,Jose Fernandez,11,1B,3,3,0,0,0,0,0,0,0,0,0,0,1
2026,,2026-04-01,825106,home,ARI,DET,672515,Gabriel Moreno,14,C,3,3,0,0,0,0,0,0,0,0,0,0,0
2026,,2026-04-01,825106,home,ARI,DET,682998,Corbin Carroll,7,RF,4,3,1,2,0,0,1,1,1,0,0,5,1
2026,,2026-04-01,823321,away,SFG,SDP,669477,Casey Schmitt,10,1B,3,3,0,0,0,0,0,0,0,1,0,0,1
2026,,2026-04-01,823321,away,SFG,SDP,666464,Jerar Encarnacion,19,PH,1,1,0,0,0,0,0,0,0,0,0,0,1
2026,,2026-04-01,823321,away,SFG,SDP,671218,Heliot Ramos,17,LF,4,4,0,0,0,0,0,0,0,2,0,0,1
2026,,2026-04-01,823321,away,SFG,SDP,656305,Matt Chapman,26,3B,4,4,0,0,0,0,0,0,0,3,0,0,3
2026,,2026-04-01,823321,away,SFG,SDP,672275,Patrick Bailey,14,C,2,2,0,0,0,0,0,0,0,2,0,0,3
2026,,2026-04-01,823321,away,SFG,SDP,808982,Jung Hoo Lee,51,RF,4,3,0,0,0,0,0,0,1,1,0,0,3
2026,,2026-04-01,823321,away,SFG,SDP,646240,Rafael Devers,16,DH,4,3,0,0,0,0,0,0,1,2,0,0,0
2026,,2026-04-01,823321,away,SFG,SDP,664056,Harrison Bader,9,CF,4,3,0,1,0,0,0,1,1,1,0,1,2
2026,,2026-04-01,823321,away,SFG,SDP,642715,Willy Adames,2,SS,4,4,0,0,0,0,0,0,0,2,0,0,0
2026,,2026-04-01,823321,away,SFG,SDP,650333,Luis Arraez,1,2B,4,4,1,3,1,0,0,0,0,0,1,4,0
2026,,2026-04-01,823321,away,SFG,SDP,691740,Daniel Susac,6,C,0,0,0,0,0,0,0,0,0,0,0,0,0
2026,,2026-04-01,823321,home,SDP,SFG,666023,Freddy Fermin,54,C,4,4,0,0,0,0,0,0,0,1,0,0,5
2026,,2026-04-01,823321,home,SDP,SFG,701538,Jackson Merrill,3,CF,5,5,1,1,0,0,0,0,0,1,0,1,6
2026,,2026-04-01,823321,home,SDP,SFG,657757,Gavin Sheets,30,1B,4,3,2,2,2,0,0,1,1,0,0,4,0
2026,,2026-04-01,823321,home,SDP,SFG,657656,Ramón Laureano,5,DH,4,4,2,2,0,0,1,2,0,0,0,5,1
2026,,2026-04-01,823321,home,SDP,SFG,592518,Manny Machado,13,3B,4,4,1,1,1,0,0,0,0,1,0,2,0
2026,,2026-04-01,823321,home,SDP,SFG,665487,Fernando Tatis Jr.,23,RF,5,4,0,1,0,0,0,1,1,0,0,1,1
2026,,2026-04-01,823321,home,SDP,SFG,669369,Bryce Johnson,29,LF,4,3,0,1,1,0,0,0,1,2,0,2,3
2026,,2026-04-01,823321,home,SDP,SFG,593428,Xander Bogaerts,2,SS,5,4,0,0,0,0,0,1,1,1,0,0,2
2026,,2026-04-01,823321,home,SDP,SFG,630105,Jake Cronenworth,9,2B,4,3,1,1,0,0,0,0,1,1,0,1,0
2026,,2026-04-01,823157,away,NYY,SEA,676609,José Caballero,72,SS,3,3,0,0,0,0,0,0,0,1,0,0,1
2026,,2026-04-01,823157,away,NYY,SEA,642708,Amed Rosario,14,3B,3,3,0,1,0,0,0,0,0,0,0,1,0
2026,,2026-04-01,823157,away,NYY,SEA,592450,Aaron Judge,99,RF,4,4,0,0,0,0,0,0,0,1,0,0,1
2026,,2026-04-01,823157,away,NYY,SEA,641857,Ryan McMahon,19,3B,1,1,0,0,0,0,0,0,0,0,0,0,0
2026,,2026-04-01,823157,away,NYY,SEA,502671,Paul Goldschmidt,48,1B,4,4,1,1,0,0,1,3,0,2,0,4,1
2026,,2026-04-01,823157,away,NYY,SEA,669224,Austin Wells,28,C,3,3,0,1,0,0,0,0,0,1,0,1,1
2026,,2026-04-01,823157,away,NYY,SEA,700250,Ben Rice,22,DH,4,3,2,2,1,0,1,2,1,0,0,6,0
2026,,2026-04-01,823157,away,NYY,SEA,641355,Cody Bellinger,35,LF,4,3,1,0,0,0,0,0,1,1,1,0,2
2026,,2026-04-01,823157,away,NYY,SEA,665862,Jazz Chisholm Jr.,13,2B,4,4,0,1,0,0,0,0,0,2,0,1,0
2026,,2026-04-01,823157,away,NYY,SEA,663757,Trent Grisham,12,CF,4,3,1,0,0,0,0,0,1,1,0,0,0
2026,,2026-04-01,823157,home,SEA,NYY,647304,Josh Naylor,12,1B,4,4,0,0,0,0,0,0,0,0,0,0,1
2026,,2026-04-01,823157,home,SEA,NYY,702284,Cole Young,2,2B,4,4,1,1,0,0,0,0,0,1,0,1,2
2026,,2026-04-01,823157,home,SEA,NYY,668227,Randy Arozarena,56,LF,4,4,1,1,1,0,0,0,0,1,0,2,0
2026,,2026-04-01,823157,home,SEA,NYY,686527,Dominic Canzone,8,DH,4,4,1,2,0,0,0,1,0,1,1,2,1
2026,,2026-04-01,823157,home,SEA,NYY,663728,Cal Raleigh,29,C,4,4,0,1,0,0,0,2,0,2,0,1,1
2026,,2026-04-01,823157,home,SEA,NYY,680977,Brendan Donovan,33,3B,4,3,0,1,1,0,0,0,1,0,0,2,0
2026,,2026-04-01,823157,home,SEA,NYY,677594,Julio Rodríguez,44,CF,4,4,0,0,0,0,0,0,0,2,0,0,3
2026,,2026-04-01,823157,home,SEA,NYY,660844,Leo Rivas,76,SS,3,3,0,0,0,0,0,0,0,3,0,0,2
2026,,2026-04-01,823157,home,SEA,NYY,670042,Luke Raley,20,RF,4,4,0,1,0,0,0,0,0,0,0,1,1
2026,,2026-04-01,824136,away,MIN,KCR,605170,Victor Caratini,37,1B,5,4,0,1,0,0,0,1,1,0,0,1,1
2026,,2026-04-01,824136,away,MIN,KCR,686797,Brooks Lee,22,SS,5,4,1,1,0,0,0,1,1,1,0,1,5
2026,,2026-04-01,824136,away,MIN,KCR,668885,Austin Martin,16,LF,6,3,0,1,0,0,0,2,2,0,0,1,3
2026,,2026-04-01,824136,away,MIN,KCR,656484,Tristan Gray,4,3B,2,1,0,1,0,0,0,0,1,0,0,1,0
2026,,2026-04-01,824136,away,MIN,KCR,605137,Josh Bell,56,DH,5,3,3,1,0,0,1,3,2,1,0,4,1
2026,,2026-04-01,824136,away,MIN,KCR,680777,Ryan Jeffers,27,C,5,3,2,1,1,0,0,0,2,2,0,2,0
2026,,2026-04-01,824136,away,MIN,KCR,681546,James Outman,30,CF,2,2,0,0,0,0,0,0,0,1,0,0,5
2026,,2026-04-01,824136,away,MIN,KCR,668904,Royce Lewis,23,3B,3,3,2,1,1,0,0,0,0,0,0,2,1
2026,,2026-04-01,824136,away,MIN,KCR,621439,Byron Buxton,25,CF,4,4,0,0,0,0,0,0,0,2,0,0,6
2026,,2026-04-01,824136,away,MIN,KCR,670242,Matt Wallner,38,RF,5,5,1,1,0,0,0,0,0,3,0,1,3
2026,,2026-04-01,824136,away,MIN,KCR,807712,Luke Keaschall,15,2B,5,5,0,1,1,0,0,2,0,1,0,2,4
2026,,2026-04-01,824136,home,KCR,MIN,695600,Carter Jensen,22,DH,5,5,0,1,0,0,0,0,0,3,0,1,5
2026,,2026-04-01,824136,home,KCR,MIN,686475,Tyler Tolbert,2,SS,1,1,0,0,0,0,0,0,0,0,0,0,1
2026,,2026-04-01,824136,home,KCR,MIN,663697,Jonathan India,6,2B,5,5,1,2,0,0,1,5,0,1,0,5,2
2026,,2026-04-01,824136,home,KCR,MIN,686555,Isaac Collins,1,LF,5,3,2,1,1,0,0,1,1,1,0,2,2
2026,,2026-04-01,824136,home,KCR,MIN,521692,Salvador Perez,13,C,5,4,1,1,1,0,0,0,1,1,0,2,3
2026,,2026-04-01,824136,home,KCR,MIN,679845,Nick Loftin,12,3B,1,0,0,0,0,0,0,0,1,0,0,0,0
2026,,2026-04-01,824136,home,KCR,MIN,686469,Vinnie Pasquantino,9,1B,5,4,2,1,1,0,0,1,1,2,0,2,2
2026,,2026-04-01,824136,home,KCR,MIN,664728,Kyle Isbel,28,CF,4,4,3,4,0,0,1,2,0,0,1,7,0
2026,,2026-04-01,824136,home,KCR,MIN,672580,Maikel Garcia,11,3B,4,2,1,1,0,0,0,3,1,0,0,1,0
2026,,2026-04-01,824136,home,KCR,MIN,695506,Jac Caglianone,14,RF,5,4,3,3,1,0,0,0,0,0,0,4,1
2026,,2026-04-01,824136,home,KCR,MIN,677951,Bobby Witt Jr.,7,SS,4,3,0,1,0,0,0,1,0,0,1,1,3
2026,,2026-04-01,823970,away,CLE,LAD,682177,Daniel Schneemann,10,CF,4,4,1,1,1,0,0,0,0,0,1,2,2
2026,,2026-04-01,823970,away,CLE,LAD,677587,Brayan Rocchio,4,2B,3,3,0,1,0,0,0,0,0,0,0,1,0
2026,,2026-04-01,823970,away,CLE,LAD,672356,Gabriel Arias,13,SS,3,3,1,1,0,0,1,1,0,2,0,4,2
2026,,2026-04-01,823970,away,CLE,LAD,666310,Bo Naylor,23,C,4,4,0,2,0,0,0,0,0,1,0,2,0
2026,,2026-04-01,823970,away,CLE,LAD,608070,José Ramírez,11,3B,4,3,1,1,0,0,1,2,1,0,0,4,1
2026,,2026-04-01,823970,away,CLE,LAD,680757,Steven Kwan,38,LF,4,3,0,0,0,0,0,0,1,0,0,0,2
2026,,2026-04-01,823970,away,CLE,LAD,682657,Angel Martínez,1,RF,4,2,1,0,0,0,0,0,1,0,0,0,0
2026,,2026-04-01,823970,away,CLE,LAD,700932,Kyle Manzardo,9,DH,4,4,0,0,0,0,0,0,0,1,0,0,2
2026,,2026-04-01,823970,away,CLE,LAD,656555,Rhys Hoskins,8,1B,4,4,0,0,0,0,0,0,0,1,0,0,0
2026,,2026-04-01,823970,home,LAD,CLE,669257,Will Smith,16,C,4,4,0,0,0,0,0,0,0,3,0,0,0
2026,,2026-04-01,823970,home,LAD,CLE,663656,Kyle Tucker,23,RF,4,4,0,0,0,0,0,0,0,1,0,0,2
2026,,2026-04-01,823970,home,LAD,CLE,571970,Max Muncy,13,3B,3,3,0,0,0,0,0,0,0,2,0,0,0
2026,,2026-04-01,823970,home,LAD,CLE,518692,Freddie Freeman,5,1B,4,4,1,1,0,0,1,1,0,0,0,4,1
2026,,2026-04-01,823970,home,LAD,CLE,660271,Shohei Ohtani,17,DH,4,3,0,0,0,0,0,0,1,2,0,0,5
2026,,2026-04-01,823970,home,LAD,CLE,606192,Teoscar Hernández,37,LF,3,3,0,1,0,0,0,0,0,2,0,1,0
2026,,2026-04-01,823970,home,LAD,CLE,681624,Andy Pages,44,CF,3,3,0,3,1,0,0,0,0,0,0,4,0
2026,,2026-04-01,823970,home,LAD,CLE,605141,Mookie Betts,50,SS,4,3,0,0,0,0,0,0,1,0,0,0,1
2026,,2026-04-01,823970,home,LAD,CLE,690976,Alex Freeland,76,2B,3,2,0,0,0,0,0,0,1,2,0,0,3
2026,,2026-04-02,824133,away,MIN,KCR,605170,Victor Caratini,37,C,4,3,0,1,0,0,0,0,0,0,0,1,1
2026,,2026-04-02,824133,away,MIN,KCR,665019,Kody Clemens,2,1B,4,3,2,2,0,0,1,1,1,0,1,5,1
2026,,2026-04-02,824133,away,MIN,KCR,668885,Austin Martin,16,LF,3,3,0,0,0,0,0,0,0,2,0,0,0
2026,,2026-04-02,824133,away,MIN,KCR,656484,Tristan Gray,4,SS,4,4,0,0,0,0,0,0,0,3,0,0,2
2026,,2026-04-02,824133,away,MIN,KCR,605137,Josh Bell,56,DH,4,3,2,1,0,0,1,1,1,1,0,4,2
2026,,2026-04-02,824133,away,MIN,KCR,681546,James Outman,30,LF,0,0,0,0,0,0,0,0,0,0,1,0,0
2026,,2026-04-02,824133,away,MIN,KCR,668904,Royce Lewis,23,3B,4,4,0,1,1,0,0,0,0,3,0,2,1
2026,,2026-04-02,824133,away,MIN,KCR,663616,Trevor Larnach,9,PH,1,0,0,0,0,0,0,0,1,0,0,0,0
2026,,2026-04-02,824133,away,MIN,KCR,621439,Byron Buxton,25,CF,4,3,0,0,0,0,0,1,0,1,0,0,0
2026,,2026-04-02,824133,away,MIN,KCR,670242,Matt Wallner,38,RF,4,4,1,1,0,0,1,1,0,1,0,4,2
2026,,2026-04-02,824133,away,MIN,KCR,807712,Luke Keaschall,15,2B,4,4,0,2,0,0,0,0,0,1,0,2,2
2026,,2026-04-02,824133,home,KCR,MIN,695600,Carter Jensen,22,C,0,0,0,0,0,0,0,0,0,0,0,0,0
2026,,2026-04-02,824133,home,KCR,MIN,686475,Tyler Tolbert,2,PR,0,0,0,0,0,0,0,0,0,0,1,0,0
2026,,2026-04-02,824133,home,KCR,MIN,663697,Jonathan India,6,2B,4,4,0,0,0,0,0,0,0,0,0,0,3
2026,,2026-04-02,824133,home,KCR,MIN,686555,Isaac Collins,1,LF,4,3,0,1,0,0,0,0,1,1,0,1,0
2026,,2026-04-02,824133,home,KCR,MIN,521692,Salvador Perez,13,C,4,4,0,1,0,0,0,0,0,0,0,1,2
2026,,2026-04-02,824133,home,KCR,MIN,686469,Vinnie Pasquantino,9,1B,4,3,0,1,0,0,0,1,0,0,0,1,0
2026,,2026-04-02,824133,home,KCR,MIN,664728,Kyle Isbel,28,CF,4,4,0,1,0,0,0,0,0,1,0,1,1
2026,,2026-04-02,824133,home,KCR,MIN,672580,Maikel Garcia,11,3B,4,3,1,1,0,0,0,0,1,0,0,1,0
2026,,2026-04-02,824133,home,KCR,MIN,657041,Lane Thomas,15,RF,4,4,0,0,0,0,0,0,0,1,0,0,5
2026,,2026-04-02,824133,home,KCR,MIN,695506,Jac Caglianone,14,DH,4,4,0,1,0,0,0,0,0,1,0,1,2
2026,,2026-04-02,824133,home,KCR,MIN,677951,Bobby Witt Jr.,7,SS,4,4,0,1,0,0,0,0,0,2,0,1,2
2026,,2026-04-02,825105,away,ATL,ARI,671739,Michael Harris II,23,CF,6,6,1,2,1,0,0,2,0,0,0,3,3
2026,,2026-04-02,825105,away,ATL,ARI,622761,Jorge Mateo,2,DH,1,1,1,1,0,0,1,2,0,0,0,4,0
2026,,2026-04-02,825105,away,ATL,ARI,643289,Mauricio Dubón,14,SS,5,4,3,2,0,0,1,1,1,0,0,5,2
2026,,2026-04-02,825105,away,ATL,ARI,686948,Drake Baldwin,30,C,6,6,3,1,0,0,0,1,0,1,0,1,3
2026,,2026-04-02,825105,away,ATL,ARI,621566,Matt Olson,28,1B,6,5,3,3,2,0,1,3,1,1,0,8,0
2026,,2026-04-02,825105,away,ATL,ARI,642086,Dominic Smith,8,DH,4,3,2,1,0,0,1,1,1,0,0,4,1
2026,,2026-04-02,825105,away,ATL,ARI,660670,Ronald Acuña Jr.,13,RF,5,4,0,1,0,0,0,1,1,1,0,1,1
2026,,2026-04-02,825105,away,ATL,ARI,571657,Kyle Farmer,15,3B,2,1,0,1,0,0,0,1,0,0,0,1,0
2026,,2026-04-02,825105,away,ATL,ARI,642201,Eli White,36,RF,1,1,0,0,0,0,0,0,0,0,0,0,1
2026,,2026-04-02,825105,away,ATL,ARI,645277,Ozzie Albies,1,2B,6,5,2,2,0,0,0,1,1,2,0,2,4
2026,,2026-04-02,825105,away,ATL,ARI,663586,Austin Riley,27,3B,4,3,1,1,1,0,0,2,1,1,0,2,0
2026,,2026-04-02,825105,away,ATL,ARI,573262,Mike Yastrzemski,18,LF,6,4,1,1,1,0,0,2,2,0,0,2,2
2026,,2026-04-02,825105,home,ARI,ATL,691783,Jordan Lawlar,10,LF,3,2,1,1,0,0,1,1,0,1,0,4,0
2026,,2026-04-02,825105,home,ARI,ATL,694374,Tim Tawa,13,LF,1,1,0,0,0,0,0,0,0,0,0,0,1
2026,,2026-04-02,825105,home,ARI,ATL,571448,Nolan Arenado,28,3B,2,2,0,1,0,0,0,0,0,0,0,1,0
2026,,2026-04-02,825105,home,ARI,ATL,606466,Ketel Marte,4,2B,4,4,0,0,0,0,0,0,0,0,0,0,1
2026,,2026-04-02,825105,home,ARI,ATL,545121,Ildemaro Vargas,6,3B,2,2,0,2,1,0,0,1,0,0,0,3,0
2026,,2026-04-02,825105,home,ARI,ATL,672695,Geraldo Perdomo,2,SS,2,1,0,1,1,0,0,0,1,0,0,2,0
2026,,2026-04-02,825105,home,ARI,ATL,699912,Jose Fernandez,11,SS,2,2,0,0,0,0,0,0,0,0,0,0,0
2026,,2026-04-02,825105,home,ARI,ATL,672515,Gabriel Moreno,14,C,4,3,1,0,0,0,0,0,1,0,0,0,2
2026,,2026-04-02,825105,home,ARI,ATL,682998,Corbin Carroll,7,DH,3,3,0,0,0,0,0,0,0,2,0,0,1
2026,,2026-04-02,825105,home,ARI,ATL,543510,James McCann,8,P,1,1,0,0,0,0,0,0,0,0,0,0,0
2026,,2026-04-02,825105,home,ARI,ATL,467793,Carlos Santana,41,1B,4,4,0,0,0,0,0,0,0,1,0,0,4
2026,,2026-04-02,825105,home,ARI,ATL,678489,Jorge Barrosa,1,RF,3,3,0,1,1,0,0,0,0,0,0,2,2
2026,,2026-04-02,825105,home,ARI,ATL,677950,Alek Thomas,5,CF,4,4,0,0,0,0,0,0,0,1,0,0,2
2026,,2026-04-02,823242,away,NYM,SFG,666182,Bo Bichette,19,3B,4,4,0,1,1,0,0,1,0,1,0,2,2
2026,,2026-04-02,823242,away,NYM,SFG,621438,Tyrone Taylor,15,RF,3,3,0,0,0,0,0,0,0,1,0,0,2
2026,,2026-04-02,823242,away,NYM,SFG,682626,Francisco Alvarez,4,C,3,3,0,1,0,0,0,0,0,1,0,1,1
2026,,2026-04-02,823242,away,NYM,SFG,668901,Mark Vientos,27,1B,4,4,1,1,0,0,1,1,0,2,0,4,1
2026,,2026-04-02,823242,away,NYM,SFG,543760,Marcus Semien,10,2B,3,3,0,1,0,0,0,0,0,0,0,1,1
2026,,2026-04-02,823242,away,NYM,SFG,596019,Francisco Lindor,12,SS,4,2,0,0,0,0,0,0,2,1,0,0,0
2026,,2026-04-02,823242,away,NYM,SFG,665742,Juan Soto,22,LF,4,4,1,1,0,0,0,0,0,1,0,1,2
2026,,2026-04-02,823242,away,NYM,SFG,593871,Jorge Polanco,11,DH,4,4,0,0,0,0,0,0,0,1,0,0,2
2026,,2026-04-02,823242,away,NYM,SFG,673357,Luis Robert Jr.,88,CF,4,3,0,0,0,0,0,0,1,2,0,0,1
2026,,2026-04-02,823242,home,SFG,NYM,669477,Casey Schmitt,10,1B,4,3,0,3,0,0,0,1,1,0,0,3,0
2026,,2026-04-02,823242,home,SFG,NYM,671218,Heliot Ramos,17,LF,5,5,2,1,0,0,0,0,0,1,0,1,1
2026,,2026-04-02,823242,home,SFG,NYM,656305,Matt Chapman,26,3B,5,5,1,2,1,0,0,1,0,0,0,3,0
2026,,2026-04-02,823242,home,SFG,NYM,808982,Jung Hoo Lee,51,RF,4,2,1,0,0,0,0,1,1,0,0,0,0
2026,,2026-04-02,823242,home,SFG,NYM,646240,Rafael Devers,16,DH,5,5,1,2,0,0,1,1,0,1,0,5,4
2026,,2026-04-02,823242,home,SFG,NYM,664056,Harrison Bader,9,CF,4,3,0,0,0,0,0,1,0,1,0,0,2
2026,,2026-04-02,823242,home,SFG,NYM,642715,Willy Adames,2,SS,5,4,0,0,0,0,0,0,1,3,0,0,7
2026,,2026-04-02,823242,home,SFG,NYM,650333,Luis Arraez,1,2B,5,5,2,2,0,1,0,1,0,1,0,4,0
2026,,2026-04-02,823242,home,SFG,NYM,691740,Daniel Susac,6,C,4,3,0,3,0,0,0,0,1,0,0,3,0
2026,,2026-04-03,822758,away,LAD,WSN,669257,Will Smith,16,C,5,4,0,1,0,0,0,0,1,0,0,1,0
2026,,2026-04-03,822758,away,LAD,WSN,663656,Kyle Tucker,23,RF,6,6,2,3,0,0,1,2,0,0,0,6,3
2026,,2026-04-03,822758,away,LAD,WSN,571970,Max Muncy,13,3B,5,5,1,1,0,0,0,0,0,2,0,1,3
2026,,2026-04-03,822758,away,LAD,WSN,518692,Freddie Freeman,5,1B,5,4,1,1,0,0,1,2,0,0,0,4,0
2026,,2026-04-03,822758,away,LAD,WSN,669289,Santiago Espinal,21,1B,0,0,0,0,0,0,0,0,0,0,0,0,0
2026,,2026-04-03,822758,away,LAD,WSN,660271,Shohei Ohtani,17,DH,6,5,1,2,0,0,1,4,0,2,0,5,3
2026,,2026-04-03,822758,away,LAD,WSN,606192,Teoscar Hernández,37,LF,4,4,3,3,1,0,0,1,0,1,0,4,2
2026,,2026-04-03,822758,away,LAD,WSN,681624,Andy Pages,44,CF,5,4,2,3,0,0,1,2,1,1,0,6,2
2026,,2026-04-03,822758,away,LAD,WSN,605141,Mookie Betts,50,SS,6,6,2,2,0,0,1,2,0,0,0,5,5
2026,,2026-04-03,822758,away,LAD,WSN,669743,Alex Call,12,LF,1,0,1,0,0,0,0,0,1,0,0,0,0
2026,,2026-04-03,822758,away,LAD,WSN,690976,Alex Freeland,76,2B,5,3,0,0,0,0,0,0,2,2,0,0,2
2026,,2026-04-03,822758,home,WSN,LAD,691781,Brady House,12,DH,5,3,1,1,0,0,0,0,2,1,0,1,1
2026,,2026-04-03,822758,home,WSN,LAD,682928,CJ Abrams,5,SS,5,5,1,2,0,0,1,4,0,1,0,5,4
2026,,2026-04-03,822758,home,WSN,LAD,683083,Nasim Nuñez,26,2B,5,5,1,1,0,0,0,0,0,0,0,1,3
2026,,2026-04-03,822758,home,WSN,LAD,678391,Jorbit Vivas,84,3B,4,3,1,1,0,0,0,0,1,0,0,1,0
2026,,2026-04-03,822758,home,WSN,LAD,695734,Daylen Lile,4,LF,5,5,1,1,0,0,0,0,0,0,0,1,5
2026,,2026-04-03,822758,home,WSN,LAD,695578,James Wood,29,RF,5,4,1,1,1,0,0,0,1,2,0,2,3
2026,,2026-04-03,822758,home,WSN,LAD,696285,Jacob Young,30,CF,4,3,0,1,0,0,0,1,1,0,0,1,2
2026,,2026-04-03,822758,home,WSN,LAD,660688,Keibert Ruiz,20,C,4,4,0,1,1,0,0,1,0,0,0,2,1
2026,,2026-04-03,822758,home,WSN,LAD,671277,Luis García Jr.,2,1B,5,5,0,2,1,0,0,0,0,1,0,3,3
2026,,2026-04-03,824299,away,STL,DET,669357,Nolan Gorman,16,3B,1,1,0,0,0,0,0,0,0,1,0,0,2
2026,,2026-04-03,824299,away,STL,DET,691023,Jordan Walker,18,RF,4,4,0,0,0,0,0,0,0,1,0,0,3
2026,,2026-04-03,824299,away,STL,DET,701675,Nathan Church,27,LF,1,1,0,0,0,0,0,0,0,1,0,0,1
2026,,2026-04-03,824299,away,STL,DET,687363,Victor Scott II,11,CF,4,4,0,1,0,0,0,0,0,1,0,1,1
2026,,2026-04-03,824299,away,STL,DET,665877,José Fermín,15,LF,2,2,0,0,0,0,0,0,0,0,0,0,3
2026,,2026-04-03,824299,away,STL,DET,802139,JJ Wetherholt,26,2B,2,2,0,0,0,0,0,0,0,1,0,0,1
2026,,2026-04-03,824299,away,STL,DET,676475,Alec Burleson,41,1B,4,3,0,1,0,0,0,0,1,0,0,1,1
2026,,2026-04-03,824299,away,STL,DET,695336,Thomas Saggese,25,SS,4,3,0,1,0,0,0,0,1,1,0,1,0
2026,,2026-04-03,824299,away,STL,DET,650968,Yohel Pozo,63,DH,4,4,0,0,0,0,0,0,0,0,0,0,3
2026,,2026-04-03,824299,away,STL,DET,602104,Ramón Urías,29,3B,3,3,0,0,0,0,0,0,0,2,0,0,1
2026,,2026-04-03,824299,away,STL,DET,691026,Masyn Winn,0,SS,3,3,0,1,0,0,0,0,0,0,0,1,0
2026,,2026-04-03,824299,away,STL,DET,671056,Iván Herrera,48,C,4,3,0,1,0,0,0,0,1,1,0,1,2
2026,,2026-04-03,824299,home,DET,STL,656716,Zach McKinstry,39,2B,4,4,0,1,0,0,0,0,0,0,0,1,0
2026,,2026-04-03,824299,home,DET,STL,595879,Javier Báez,28,SS,3,3,0,2,0,0,0,1,0,0,1,2,0
2026,,2026-04-03,824299,home,DET,STL,682985,Riley Greene,31,LF,4,4,1,2,1,0,0,1,0,0,0,3,3
2026,,2026-04-03,824299,home,DET,STL,805808,Kevin McGonigle,7,3B,4,4,0,1,1,0,0,0,0,0,0,2,2
2026,,2026-04-03,824299,home,DET,STL,681481,Kerry Carpenter,30,RF,4,3,0,2,0,0,0,0,1,1,0,2,0
2026,,2026-04-03,824299,home,DET,STL,679529,Spencer Torkelson,20,1B,4,4,0,0,0,0,0,0,0,2,0,0,1
2026,,2026-04-03,824299,home,DET,STL,650402,Gleyber Torres,25,DH,4,3,1,1,0,0,0,0,1,0,0,1,1
2026,,2026-04-03,824299,home,DET,STL,678009,Parker Meadows,22,CF,4,3,1,0,0,0,0,0,0,1,1,0,1
2026,,2026-04-03,824299,home,DET,STL,693307,Dillon Dingler,13,C,4,4,1,1,0,0,1,2,0,1,0,4,4
2026,,2026-04-03,823568,away,MIA,NYY,665052,Griffin Conine,18,LF,2,2,0,0,0,0,0,0,0,1,0,0,0
2026,,2026-04-03,823568,away,MIA,NYY,681715,Heriberto Hernández,13,LF,1,1,0,0,0,0,0,0,0,1,0,0,0
2026,,2026-04-03,823568,away,MIA,NYY,805300,Jakob Marsee,87,CF,4,4,0,0,0,0,0,0,0,2,0,0,0
2026,,2026-04-03,823568,away,MIA,NYY,669364,Xavier Edwards,9,2B,4,4,1,2,0,0,1,1,0,0,0,5,0
2026,,2026-04-03,823568,away,MIA,NYY,688363,Graham Pauley,21,3B,2,2,0,0,0,0,0,0,0,0,0,0,0
2026,,2026-04-03,823568,away,MIA,NYY,689414,Liam Hicks,34,C,4,4,0,0,0,0,0,0,0,0,0,0,2
2026,,2026-04-03,823568,away,MIA,NYY,683357,Owen Caissie,17,RF,3,3,1,1,0,0,1,1,0,1,0,4,0
2026,,2026-04-03,823568,away,MIA,NYY,682663,Agustín Ramírez,50,DH,4,3,0,1,0,0,0,0,0,1,0,1,0
2026,,2026-04-03,823568,away,MIA,NYY,677870,Leo Jiménez,19,3B,0,0,0,0,0,0,0,0,0,0,0,0,0
2026,,2026-04-03,823568,away,MIA,NYY,681393,Connor Norby,1,1B,3,3,0,0,0,0,0,0,0,2,0,0,0
2026,,2026-04-03,823568,away,MIA,NYY,596103,Austin Slater,15,PH,1,1,0,0,0,0,0,0,0,0,0,0,0
2026,,2026-04-03,823568,away,MIA,NYY,672640,Otto Lopez,6,SS,3,3,0,0,0,0,0,0,0,2,0,0,0
2026,,2026-04-03,823568,home,NYY,MIA,676609,José Caballero,72,SS,4,3,1,0,0,0,0,0,1,1,2,0,3
2026,,2026-04-03,823568,home,NYY,MIA,592450,Aaron Judge,99,RF,5,3,2,2,0,0,1,3,1,1,1,5,0
2026,,2026-04-03,823568,home,NYY,MIA,641857,Ryan McMahon,19,3B,4,2,0,0,0,0,0,0,2,1,0,0,2
2026,,2026-04-03,823568,home,NYY,MIA,669224,Austin Wells,28,C,4,2,1,0,0,0,0,0,2,1,0,0,2
2026,,2026-04-03,823568,home,NYY,MIA,700250,Ben Rice,22,1B,5,5,1,2,1,0,1,3,0,3,0,6,4
2026,,2026-04-03,823568,home,NYY,MIA,641355,Cody Bellinger,35,LF,5,4,1,1,1,0,0,0,1,0,0,2,5
2026,,2026-04-03,823568,home,NYY,MIA,519317,Giancarlo Stanton,27,DH,5,5,0,0,0,0,0,0,0,1,0,0,2
2026,,2026-04-03,823568,home,NYY,MIA,665862,Jazz Chisholm Jr.,13,2B,4,3,1,1,1,0,0,0,1,1,2,2,1
2026,,2026-04-03,823568,home,NYY,MIA,663757,Trent Grisham,12,CF,5,2,1,0,0,0,0,1,3,1,0,0,3
2026,,2026-04-03,824786,away,SDP,BOS,669134,Luis Campusano,12,C,2,2,0,1,1,0,0,1,0,0,0,2,1
2026,,2026-04-03,824786,away,SDP,BOS,666023,Freddy Fermin,54,C,0,0,0,0,0,0,0,0,0,0,0,0,0
2026,,2026-04-03,824786,away,SDP,BOS,701538,Jackson Merrill,3,CF,4,4,0,0,0,0,0,0,0,1,0,0,0
2026,,2026-04-03,824786,away,SDP,BOS,657757,Gavin Sheets,30,1B,3,3,1,2,0,0,0,1,0,0,1,2,0
2026,,2026-04-03,824786,away,SDP,BOS,657656,Ramón Laureano,5,LF,4,4,0,0,0,0,0,0,0,1,0,0,1
2026,,2026-04-03,824786,away,SDP,BOS,592518,Manny Machado,13,3B,4,3,0,0,0,0,0,0,1,1,0,0,0
2026,,2026-04-03,824786,away,SDP,BOS,609280,Miguel Andujar,41,DH,3,3,1,1,0,1,0,0,0,1,0,3,0
2026,,2026-04-03,824786,away,SDP,BOS,665487,Fernando Tatis Jr.,23,RF,4,4,0,0,0,0,0,0,0,0,0,0,2
2026,,2026-04-03,824786,away,SDP,BOS,669369,Bryce Johnson,29,PH,1,1,0,0,0,0,0,0,0,1,0,0,0
2026,,2026-04-03,824786,away,SDP,BOS,593428,Xander Bogaerts,2,SS,4,4,0,0,0,0,0,0,0,0,0,0,0
2026,,2026-04-03,824786,away,SDP,BOS,630105,Jake Cronenworth,9,2B,3,3,0,0,0,0,0,0,0,1,0,0,2
2026,,2026-04-03,824786,home,BOS,SDP,701350,Roman Anthony,19,DH,4,4,0,1,0,0,0,0,0,1,0,1,1
2026,,2026-04-03,824786,home,BOS,SDP,575929,Willson Contreras,40,1B,4,3,1,1,0,0,1,1,1,1,0,4,1
2026,,2026-04-03,824786,home,BOS,SDP,596115,Trevor Story,10,SS,4,4,0,0,0,0,0,0,0,1,0,0,2
2026,,2026-04-03,824786,home,BOS,SDP,677800,Wilyer Abreu,52,RF,4,4,1,1,0,0,0,0,0,2,0,1,2
2026,,2026-04-03,824786,home,BOS,SDP,702332,Caleb Durbin,5,3B,4,4,0,1,0,0,0,1,0,1,0,1,2
2026,,2026-04-03,824786,home,BOS,SDP,665966,Carlos Narváez,75,C,3,3,0,1,0,0,0,0,0,1,0,1,3
2026,,2026-04-03,824786,home,BOS,SDP,680776,Jarren Duran,16,LF,4,4,1,1,1,0,0,0,0,0,0,2,0
2026,,2026-04-03,824786,home,BOS,SDP,678882,Ceddanne Rafaela,3,CF,3,3,0,1,0,0,0,1,0,1,0,1,1
2026,,2026-04-03,824786,home,BOS,SDP,691785,Marcelo Mayer,11,2B,3,2,2,2,1,0,1,2,0,0,0,6,0
2026,,2026-04-03,824621,away,TOR,CHW,676391,Ernie Clement,22,3B,4,4,1,1,0,0,0,0,0,0,0,1,2
2026,,2026-04-03,824621,away,TOR,CHW,662139,Daulton Varsho,5,CF,4,4,0,1,1,0,0,0,0,1,0,2,1
2026,,2026-04-03,824621,away,TOR,CHW,665926,Andrés Giménez,0,SS,4,4,1,1,0,0,1,2,0,2,0,4,1
2026,,2026-04-03,824621,away,TOR,CHW,676914,Davis Schneider,36,2B,0,0,1,0,0,0,0,0,0,0,0,0,0
2026,,2026-04-03,824621,away,TOR,CHW,680718,Addison Barger,47,RF,3,3,1,1,1,0,0,0,0,0,0,2,1
2026,,2026-04-03,824621,away,TOR,CHW,543807,George Springer,4,DH,5,4,0,1,0,0,0,0,1,0,1,1,0
2026,,2026-04-03,824621,away,TOR,CHW,623168,Tyler Heineman,55,C,0,0,0,0,0,0,0,0,0,0,0,0,0
2026,,2026-04-03,824621,away,TOR,CHW,665489,Vladimir Guerrero Jr.,27,1B,4,4,0,1,0,0,0,0,0,1,0,1,2
2026,,2026-04-03,824621,away,TOR,CHW,660821,Jesús Sánchez,12,RF,5,5,0,0,0,0,0,0,0,3,0,0,3
2026,,2026-04-03,824621,away,TOR,CHW,664702,Myles Straw,3,LF,1,1,0,0,0,0,0,0,0,0,0,0,0
2026,,2026-04-03,824621,away,TOR,CHW,672386,Alejandro Kirk,30,C,4,4,0,1,1,0,0,1,0,0,0,2,0
2026,,2026-04-03,824621,away,TOR,CHW,672960,Kazuma Okamoto,7,3B,4,4,0,0,0,0,0,0,0,4,0,0,2
2026,,2026-04-03,824621,home,CHW,TOR,672820,Lenyn Sosa,50,PR,0,0,0,0,0,0,0,0,0,0,0,0,0
2026,,2026-04-03,824621,home,CHW,TOR,671976,Tristan Peters,29,RF,5,5,0,2,0,0,0,1,0,2,0,2,2
2026,,2026-04-03,824621,home,CHW,TOR,682668,Luisangel Acuña,0,CF,4,3,0,1,0,0,0,0,0,2,1,1,2
2026,,2026-04-03,824621,home,CHW,TOR,808959,Munetaka Murakami,5,1B,5,4,0,1,0,0,0,0,1,2,0,1,1
2026,,2026-04-03,824621,home,CHW,TOR,805367,Chase Meidroth,10,2B,5,4,1,1,0,0,0,0,1,2,0,1,3
2026,,2026-04-03,824621,home,CHW,TOR,695657,Colson Montgomery,12,SS,5,4,1,1,0,0,0,0,1,1,1,1,3
2026,,2026-04-03,824621,home,CHW,TOR,669720,Austin Hays,21,LF,5,5,0,1,0,0,0,2,0,1,0,1,4
2026,,2026-04-03,824621,home,CHW,TOR,624512,Reese McGuire,30,C,0,0,0,0,0,0,0,0,0,0,0,0,0
2026,,2026-04-03,824621,home,CHW,TOR,700337,Edgar Quero,26,C,4,4,0,2,0,0,0,0,0,0,0,2,0
2026,,2026-04-03,824621,home,CHW,TOR,643217,Andrew Benintendi,23,DH,4,4,0,1,0,0,0,0,0,2,0,1,4
2026,,2026-04-03,824621,home,CHW,TOR,656537,Derek Hill,25,DH,1,1,1,1,0,0,0,0,0,0,0,1,0
2026,,2026-04-03,824621,home,CHW,TOR,678246,Miguel Vargas,20,3B,5,4,2,0,0,0,0,0,1,0,1,0,3
2026,,2026-04-03,822919,away,CIN,TEX,682829,Elly De La Cruz,44,SS,4,4,1,1,0,0,1,1,0,2,0,4,1
2026,,2026-04-03,822919,away,CIN,TEX,667472,Dane Myers,17,CF,4,4,0,0,0,0,0,0,0,2,0,0,4
2026,,2026-04-03,822919,away,CIN,TEX,701398,Sal Stewart,27,1B,4,4,0,0,0,0,0,0,0,1,0,0,0
2026,,2026-04-03,822919,away,CIN,TEX,682622,Noelvi Marte,4,RF,2,2,0,0,0,0,0,0,0,1,0,0,0
2026,,2026-04-03,822919,away,CIN,TEX,680574,Matt McLain,9,2B,5,5,0,2,0,0,0,0,0,0,0,2,2
2026,,2026-04-03,822919,away,CIN,TEX,663647,Ke'Bryan Hayes,3,3B,4,4,0,1,0,0,0,0,0,1,0,1,0
2026,,2026-04-03,822919,away,CIN,TEX,666181,Will Benson,30,RF,2,2,0,0,0,0,0,0,0,1,0,0,1
2026,,2026-04-03,822919,away,CIN,TEX,670770,TJ Friedl,29,LF,0,0,0,0,0,0,0,0,0,0,0,0,0
2026,,2026-04-03,822919,away,CIN,TEX,668715,Spencer Steer,7,LF,4,4,2,2,1,0,1,2,0,1,0,6,1
2026,,2026-04-03,822919,away,CIN,TEX,663886,Tyler Stephenson,37,C,4,4,1,2,0,0,1,2,0,1,0,5,1
2026,,2026-04-03,822919,away,CIN,TEX,553993,Eugenio Suárez,28,DH,4,4,1,2,0,0,0,0,0,1,0,2,0
2026,,2026-04-03,822919,home,TEX,CIN,694497,Evan Carter,32,CF,4,4,1,1,1,0,0,0,0,2,0,2,2
2026,,2026-04-03,822919,home,TEX,CIN,694671,Wyatt Langford,36,LF,4,4,0,2,1,1,0,1,0,0,0,5,3
2026,,2026-04-03,822919,home,TEX,CIN,669394,Jake Burger,21,1B,4,4,0,1,1,0,0,0,0,1,0,2,2
2026,,2026-04-03,822919,home,TEX,CIN,592626,Joc Pederson,3,DH,2,2,0,0,0,0,0,0,0,0,0,0,0
2026,,2026-04-03,822919,home,TEX,CIN,608369,Corey Seager,5,SS,4,4,0,0,0,0,0,0,0,3,0,0,3
2026,,2026-04-03,822919,home,TEX,CIN,673962,Josh Jung,6,3B,4,3,1,1,0,0,0,0,1,0,0,1,0
2026,,2026-04-03,822919,home,TEX,CIN,457705,Andrew McCutchen,4,DH,2,2,0,0,0,0,0,0,0,0,0,0,1
2026,,2026-04-03,822919,home,TEX,CIN,607043,Brandon Nimmo,24,RF,5,4,1,2,0,1,0,0,1,2,0,4,0
2026,,2026-04-03,822919,home,TEX,CIN,669701,Josh Smith,8,2B,4,4,0,0,0,0,0,0,0,0,0,0,1
2026,,2026-04-03,822919,home,TEX,CIN,643376,Danny Jansen,9,C,4,4,0,1,1,0,0,2,0,1,0,2,0
2026,,2026-04-03,824458,away,CHC,CLE,664023,Ian Happ,8,LF,4,4,0,0,0,0,0,0,0,3,0,0,4
2026,,2026-04-03,824458,away,CHC,CLE,608324,Alex Bregman,3,3B,4,4,0,1,0,0,0,0,0,2,0,1,2
2026,,2026-04-03,824458,away,CHC,CLE,608348,Carson Kelly,15,C,4,4,0,2,0,0,0,0,0,0,0,2,2
2026,,2026-04-03,824458,away,CHC,CLE,683737,Michael Busch,29,1B,4,4,0,0,0,0,0,0,0,1,0,0,4
2026,,2026-04-03,824458,away,CHC,CLE,691718,Pete Crow-Armstrong,4,CF,3,3,1,1,1,0,0,0,0,0,1,2,0
2026,,2026-04-03,824458,away,CHC,CLE,665804,Miguel Amaya,9,DH,2,2,0,1,1,0,0,1,0,0,0,2,0
2026,,2026-04-03,824458,away,CHC,CLE,694208,Moisés Ballesteros,25,DH,1,1,0,0,0,0,0,0,0,1,0,0,0
2026,,2026-04-03,824458,away,CHC,CLE,621020,Dansby Swanson,7,SS,4,4,0,0,0,0,0,0,0,2,0,0,1
2026,,2026-04-03,824458,away,CHC,CLE,663538,Nico Hoerner,2,2B,4,2,0,0,0,0,0,0,2,0,0,0,0
2026,,2026-04-03,824458,away,CHC,CLE,807713,Matt Shaw,6,RF,3,3,0,0,0,0,0,0,0,1,0,0,0
2026,,2026-04-03,824458,home,CLE,CHC,800050,Chase DeLauter,24,DH,4,4,1,3,0,0,1,3,0,0,0,6,0
2026,,2026-04-03,824458,home,CLE,CHC,682177,Daniel Schneemann,10,CF,4,4,1,1,1,0,0,0,0,1,0,2,0
2026,,2026-04-03,824458,home,CLE,CHC,677587,Brayan Rocchio,4,2B,3,2,0,1,0,0,0,0,0,0,0,1,0
2026,,2026-04-03,824458,home,CLE,CHC,672356,Gabriel Arias,13,SS,3,2,1,1,0,0,1,1,1,1,0,4,0
2026,,2026-04-03,824458,home,CLE,CHC,666310,Bo Naylor,23,C,4,4,0,1,0,0,0,0,0,1,0,1,3
2026,,2026-04-03,824458,home,CLE,CHC,608070,José Ramírez,11,3B,4,4,0,2,0,0,0,0,0,0,0,2,0
2026,,2026-04-03,824458,home,CLE,CHC,680757,Steven Kwan,38,LF,4,3,1,0,0,0,0,0,1,1,0,0,3
2026,,2026-04-03,824458,home,CLE,CHC,682657,Angel Martínez,1,RF,4,3,0,0,0,0,0,0,1,0,0,0,3
2026,,2026-04-03,824458,home,CLE,CHC,700932,Kyle Manzardo,9,1B,4,3,0,0,0,0,0,0,1,1,0,0,3
2026,,2026-04-03,823732,away,TBR,MIN,700246,Carson Williams,7,SS,4,4,0,0,0,0,0,0,0,3,0,0,3
2026,,2026-04-03,823732,away,TBR,MIN,668723,Ryan Vilade,26,PH,1,1,0,0,0,0,0,0,0,1,0,0,0
2026,,2026-04-03,823732,away,TBR,MIN,641584,Jake Fraley,17,RF,3,3,1,1,1,0,0,0,0,0,0,2,3
2026,,2026-04-03,823732,away,TBR,MIN,802415,Chandler Simpson,14,LF,4,3,0,0,0,0,0,0,1,0,0,0,2
2026,,2026-04-03,823732,away,TBR,MIN,676356,Jonny DeLuca,21,RF,1,1,0,0,0,0,0,0,0,0,0,0,2
2026,,2026-04-03,823732,away,TBR,MIN,666018,Jonathan Aranda,8,1B,5,5,0,0,0,0,0,0,0,1,0,0,3
2026,,2026-04-03,823732,away,TBR,MIN,663743,Nick Fortes,40,C,4,3,1,1,1,0,0,2,0,1,0,2,1
2026,,2026-04-03,823732,away,TBR,MIN,650490,Yandy Díaz,2,DH,4,2,1,1,0,0,0,0,2,0,0,1,0
2026,,2026-04-03,823732,away,TBR,MIN,810938,Ben Williamson,15,2B,4,4,0,2,1,0,0,1,0,0,0,3,1
2026,,2026-04-03,823732,away,TBR,MIN,691406,Junior Caminero,13,3B,5,5,1,2,1,0,0,0,0,0,0,3,1
2026,,2026-04-03,823732,away,TBR,MIN,656775,Cedric Mullins,31,CF,4,4,0,1,0,0,0,1,0,1,0,1,2
2026,,2026-04-03,823732,home,MIN,TBR,665019,Kody Clemens,2,1B,5,4,0,0,0,0,0,0,1,3,0,0,6
2026,,2026-04-03,823732,home,MIN,TBR,668885,Austin Martin,16,LF,0,0,1,0,0,0,0,0,0,0,0,0,0
2026,,2026-04-03,823732,home,MIN,TBR,656484,Tristan Gray,4,SS,4,2,1,1,0,0,1,5,1,0,0,4,3
2026,,2026-04-03,823732,home,MIN,TBR,605137,Josh Bell,56,DH,5,5,2,2,1,0,0,2,0,2,0,3,0
2026,,2026-04-03,823732,home,MIN,TBR,680777,Ryan Jeffers,27,C,4,3,2,2,0,0,0,0,0,1,0,2,0
2026,,2026-04-03,823732,home,MIN,TBR,681546,James Outman,30,CF,1,1,1,0,0,0,0,0,0,0,1,0,0
2026,,2026-04-03,823732,home,MIN,TBR,668904,Royce Lewis,23,3B,4,2,1,0,0,0,0,2,2,0,0,0,2
2026,,2026-04-03,823732,home,MIN,TBR,663616,Trevor Larnach,9,LF,4,2,0,1,1,0,0,1,2,0,0,2,0
2026,,2026-04-03,823732,home,MIN,TBR,621439,Byron Buxton,25,CF,4,3,0,0,0,0,0,0,0,1,0,0,2
2026,,2026-04-03,823732,home,MIN,TBR,670242,Matt Wallner,38,RF,5,5,0,0,0,0,0,0,0,5,0,0,4
2026,,2026-04-03,823732,home,MIN,TBR,807712,Luke Keaschall,15,2B,5,5,2,1,0,0,0,0,0,0,1,1,2
2026,,2026-04-03,824377,away,PHI,COL,669016,Brandon Marsh,16,RF,5,5,1,1,0,0,1,3,0,1,0,4,2
2026,,2026-04-03,824377,away,PHI,COL,702222,Justin Crawford,2,CF,4,4,0,0,0,0,0,0,0,1,0,0,1
2026,,2026-04-03,824377,away,PHI,COL,547180,Bryce Harper,3,1B,4,3,2,2,1,0,1,1,1,0,0,6,0
2026,,2026-04-03,824377,away,PHI,COL,592663,J.T. Realmuto,10,C,4,4,1,1,1,0,0,0,0,0,0,2,2
2026,,2026-04-03,824377,away,PHI,COL,624641,Edmundo Sosa,33,SS,1,1,0,0,0,0,0,0,0,0,0,0,0
2026,,2026-04-03,824377,away,PHI,COL,664761,Alec Bohm,28,3B,5,5,1,2,0,0,0,3,0,1,0,2,1
2026,,2026-04-03,824377,away,PHI,COL,681082,Bryson Stott,5,2B,5,5,1,2,1,0,0,1,0,1,0,3,2
2026,,2026-04-03,824377,away,PHI,COL,656941,Kyle Schwarber,12,DH,5,3,2,1,0,0,1,1,2,1,0,4,2
2026,,2026-04-03,824377,away,PHI,COL,805249,Otto Kemp,4,LF,1,1,0,0,0,0,0,0,0,1,0,0,0
2026,,2026-04-03,824377,away,PHI,COL,664238,Dylan Moore,25,1B,1,1,0,0,0,0,0,0,0,1,0,0,1
2026,,2026-04-03,824377,away,PHI,COL,666969,Adolis García,53,RF,4,4,0,1,0,0,0,0,0,1,0,1,2
2026,,2026-04-03,824377,away,PHI,COL,607208,Trea Turner,7,SS,4,4,2,3,1,0,0,1,0,1,0,4,0
2026,,2026-04-03,824377,home,COL,PHI,666160,Mickey Moniak,22,RF,4,4,1,1,0,0,0,0,0,1,0,1,0
2026,,2026-04-03,824377,home,COL,PHI,664983,Jake McCarthy,31,LF,3,3,0,0,0,0,0,0,0,1,0,0,3
2026,,2026-04-03,824377,home,COL,PHI,687859,Troy Johnston,20,DH,4,4,0,1,0,0,0,0,0,1,0,1,0
2026,,2026-04-03,824377,home,COL,PHI,650489,Willi Castro,3,SS,4,4,0,1,1,0,0,1,0,1,0,2,2
2026,,2026-04-03,824377,home,COL,PHI,666397,Edouard Julien,6,2B,1,0,0,0,0,0,0,0,1,0,0,0,0
2026,,2026-04-03,824377,home,COL,PHI,696100,Hunter Goodman,15,C,4,4,0,0,0,0,0,0,0,3,0,0,1
2026,,2026-04-03,824377,home,COL,PHI,686668,Brenton Doyle,9,CF,4,4,0,1,0,0,0,0,0,3,0,1,4
2026,,2026-04-03,824377,home,COL,PHI,678662,Ezequiel Tovar,14,SS,3,3,0,1,0,0,0,0,0,1,0,1,0
2026,,2026-04-03,824377,home,COL,PHI,681198,TJ Rumfield,7,1B,4,3,0,0,0,0,0,0,1,2,0,0,3
2026,,2026-04-03,824377,home,COL,PHI,691720,Kyle Karros,12,3B,3,3,0,0,0,0,0,0,0,2,0,0,1
2026,,2026-04-03,823406,away,BAL,PIT,669236,Jeremiah Jackson,82,2B,3,3,0,0,0,0,0,0,0,0,0,0,3
2026,,2026-04-03,823406,away,BAL,PIT,694212,Samuel Basallo,29,DH,4,4,0,0,0,0,0,0,0,1,0,0,4
2026,,2026-04-03,823406,away,BAL,PIT,683002,Gunnar Henderson,2,SS,5,5,2,3,1,0,1,2,0,0,0,7,2
2026,,2026-04-03,823406,away,BAL,PIT,665750,Leody Taveras,30,PH,1,1,0,0,0,0,0,0,0,1,0,0,0
2026,,2026-04-03,823406,away,BAL,PIT,621493,Taylor Ward,3,LF,5,3,0,1,1,0,0,1,2,2,0,2,1
2026,,2026-04-03,823406,away,BAL,PIT,687637,Dylan Beavers,12,RF,4,4,0,2,0,0,0,0,0,0,0,2,0
2026,,2026-04-03,823406,away,BAL,PIT,668939,Adley Rutschman,35,C,4,3,0,1,1,0,0,1,1,0,0,2,3
2026,,2026-04-03,823406,away,BAL,PIT,677942,Blaze Alexander,23,2B,4,4,2,2,0,0,0,0,0,1,0,2,1
2026,,2026-04-03,823406,away,BAL,PIT,624413,Pete Alonso,25,1B,5,4,0,0,0,0,0,0,1,3,0,0,4
2026,,2026-04-03,823406,away,BAL,PIT,681297,Colton Cowser,17,CF,4,3,0,0,0,0,0,0,1,1,0,0,2
2026,,2026-04-03,823406,away,BAL,PIT,691723,Coby Mayo,16,3B,0,0,0,0,0,0,0,0,0,0,0,0,0
2026,,2026-04-03,823406,home,PIT,BAL,687462,Spencer Horwitz,2,1B,4,3,0,0,0,0,0,0,1,1,0,0,1
2026,,2026-04-03,823406,home,PIT,BAL,664040,Brandon Lowe,5,2B,4,3,0,1,1,0,0,0,1,2,0,2,0
2026,,2026-04-03,823406,home,PIT,BAL,668804,Bryan Reynolds,10,LF,4,3,1,0,0,0,0,0,1,1,0,0,2
2026,,2026-04-03,823406,home,PIT,BAL,665833,Oneil Cruz,15,CF,4,4,0,1,0,0,0,1,0,1,0,1,1
2026,,2026-04-03,823406,home,PIT,BAL,669707,Jared Triolo,19,3B,3,3,1,2,0,0,0,1,0,1,0,2,0
2026,,2026-04-03,823406,home,PIT,BAL,663968,Jake Mangum,28,LF,0,0,0,0,0,0,0,0,0,0,0,0,0
2026,,2026-04-03,823406,home,PIT,BAL,680779,Henry Davis,32,C,3,3,1,1,1,0,0,1,0,0,0,2,2
2026,,2026-04-03,823406,home,PIT,BAL,804606,Konnor Griffin,6,SS,4,3,1,1,1,0,0,1,1,1,0,2,2
2026,,2026-04-03,823406,home,PIT,BAL,656811,Ryan O'Hearn,29,RF,4,2,1,0,0,0,0,1,1,1,0,0,0
2026,,2026-04-03,823406,home,PIT,BAL,542303,Marcell Ozuna,24,DH,4,3,0,0,0,0,0,0,1,2,0,0,1
2026,,2026-04-03,824056,away,SEA,LAA,647304,Josh Naylor,12,1B,5,5,0,2,0,0,0,2,0,0,0,2,2
2026,,2026-04-03,824056,away,SEA,LAA,645302,Victor Robles,10,RF,3,3,0,1,0,0,0,0,0,0,0,1,0
2026,,2026-04-03,824056,away,SEA,LAA,702284,Cole Young,2,2B,4,4,1,1,0,1,0,1,0,2,0,3,1
2026,,2026-04-03,824056,away,SEA,LAA,668227,Randy Arozarena,56,LF,5,4,0,2,0,0,0,0,1,0,0,2,2
2026,,2026-04-03,824056,away,SEA,LAA,641487,J.P. Crawford,3,SS,4,3,0,0,0,0,0,0,1,2,0,0,3
2026,,2026-04-03,824056,away,SEA,LAA,663728,Cal Raleigh,29,C,5,4,0,0,0,0,0,0,1,1,0,0,3
2026,,2026-04-03,824056,away,SEA,LAA,608701,Rob Refsnyder,30,DH,5,3,0,0,0,0,0,0,2,0,0,0,1
2026,,2026-04-03,824056,away,SEA,LAA,680977,Brendan Donovan,33,3B,3,3,0,0,0,0,0,0,0,0,0,0,3
2026,,2026-04-03,824056,away,SEA,LAA,660844,Leo Rivas,76,3B,2,2,0,0,0,0,0,0,0,1,0,0,2
2026,,2026-04-03,824056,away,SEA,LAA,677594,Julio Rodríguez,44,CF,5,4,1,1,0,0,0,0,1,1,0,1,0
2026,,2026-04-03,824056,away,SEA,LAA,670042,Luke Raley,20,RF,1,1,1,0,0,0,0,0,0,0,0,0,0
2026,,2026-04-03,824056,home,LAA,SEA,672724,Oswald Peraza,2,2B,3,3,0,1,0,0,0,0,0,1,0,1,0
2026,,2026-04-03,824056,home,LAA,SEA,687263,Zach Neto,9,SS,4,4,0,0,0,0,0,0,0,1,0,0,0
2026,,2026-04-03,824056,home,LAA,SEA,624585,Jorge Soler,12,DH,4,3,0,0,0,0,0,1,0,1,0,0,2
2026,,2026-04-03,824056,home,LAA,SEA,660162,Yoán Moncada,10,3B,4,4,0,0,0,0,0,0,0,3,0,0,1
2026,,2026-04-03,824056,home,LAA,SEA,545361,Mike Trout,27,CF,4,2,1,0,0,0,0,0,1,1,0,0,0
2026,,2026-04-03,824056,home,LAA,SEA,666176,Jo Adell,7,RF,3,3,0,0,0,0,0,0,0,2,0,0,0
2026,,2026-04-03,824056,home,LAA,SEA,694384,Nolan Schanuel,18,1B,4,4,0,0,0,0,0,0,0,1,0,0,3
2026,,2026-04-03,824056,home,LAA,SEA,666139,Josh Lowe,3,LF,3,3,0,0,0,0,0,0,0,2,0,0,0
2026,,2026-04-03,824056,home,LAA,SEA,681351,Logan O'Hoppe,14,C,3,3,0,0,0,0,0,0,0,0,0,0,0
2026,,2026-04-03,825026,away,HOU,ATH,694376,Shay Whitcomb,14,1B,2,2,0,0,0,0,0,0,0,2,0,0,0
2026,,2026-04-03,825026,away,HOU,ATH,669397,Nick Allen,20,3B,2,2,2,2,0,0,0,0,0,0,0,2,0
2026,,2026-04-03,825026,away,HOU,ATH,701358,Cam Smith,11,RF,4,4,1,1,0,0,0,0,0,2,0,1,1
2026,,2026-04-03,825026,away,HOU,ATH,676694,Jake Meyers,6,CF,4,2,0,0,0,0,0,1,1,1,0,0,0
2026,,2026-04-03,825026,away,HOU,ATH,694728,Brice Matthews,0,2B,4,3,0,0,0,0,0,1,1,0,0,0,2
2026,,2026-04-03,825026,away,HOU,ATH,514888,Jose Altuve,27,2B,2,1,0,0,0,0,0,0,1,1,0,0,1
2026,,2026-04-03,825026,away,HOU,ATH,694388,Joey Loperfido,10,LF,2,2,0,0,0,0,0,0,0,1,0,0,0
2026,,2026-04-03,825026,away,HOU,ATH,665161,Jeremy Peña,3,SS,5,4,0,1,1,0,0,0,1,1,0,2,3
2026,,2026-04-03,825026,away,HOU,ATH,621043,Carlos Correa,1,3B,2,2,0,0,0,0,0,0,0,1,0,0,1
2026,,2026-04-03,825026,away,HOU,ATH,572233,Christian Walker,8,1B,2,2,0,0,0,0,0,0,0,0,0,0,0
2026,,2026-04-03,825026,away,HOU,ATH,543877,Christian Vázquez,2,DH,3,3,0,0,0,0,0,0,0,0,0,0,2
2026,,2026-04-03,825026,away,HOU,ATH,673237,Yainer Diaz,21,C,4,3,1,2,1,0,0,1,1,1,0,3,0
2026,,2026-04-03,825026,away,HOU,ATH,670541,Yordan Alvarez,44,DH,2,1,0,0,0,0,0,1,0,0,0,0,0
2026,,2026-04-03,825026,home,ATH,HOU,671732,Lawrence Butler,4,RF,5,5,2,3,0,0,1,4,0,1,0,6,1
2026,,2026-04-03,825026,home,ATH,HOU,667670,Brent Rooker,25,DH,5,3,2,0,0,0,0,0,2,0,0,0,2
2026,,2026-04-03,825026,home,ATH,HOU,643446,Jeff McNeil,22,2B,4,4,0,1,0,0,0,0,0,0,0,1,2
2026,,2026-04-03,825026,home,ATH,HOU,691777,Max Muncy,3,3B,4,4,2,3,1,0,1,3,0,0,0,7,2
2026,,2026-04-03,825026,home,ATH,HOU,672016,Denzel Clarke,1,CF,4,3,1,1,0,0,0,1,1,2,0,1,0
2026,,2026-04-03,825026,home,ATH,HOU,691016,Tyler Soderstrom,21,LF,5,4,2,2,1,0,0,2,1,0,0,3,1
2026,,2026-04-03,825026,home,ATH,HOU,687231,Darell Hernaiz,2,SS,1,1,0,1,0,0,0,0,0,0,0,1,0
2026,,2026-04-03,825026,home,ATH,HOU,701762,Nick Kurtz,16,1B,5,4,0,0,0,0,0,0,1,2,0,0,2
2026,,2026-04-03,825026,home,ATH,HOU,669127,Shea Langeliers,23,C,5,3,1,0,0,0,0,0,2,1,0,0,2
2026,,2026-04-03,825026,home,ATH,HOU,628451,Andy Ibáñez,77,2B,0,0,0,0,0,0,0,0,0,0,0,0,0
2026,,2026-04-03,825026,home,ATH,HOU,805779,Jacob Wilson,5,SS,4,4,1,2,0,0,0,1,0,0,0,2,2
2026,,2026-04-03,825103,away,ATL,ARI,641680,Jonah Heim,20,C,2,2,0,0,0,0,0,0,0,0,0,0,1
2026,,2026-04-03,825103,away,ATL,ARI,663158,Robert Suarez,75,P,0,0,0,0,0,0,0,0,0,0,0,0,0
2026,,2026-04-03,825103,away,ATL,ARI,671739,Michael Harris II,23,CF,3,2,0,0,0,0,0,0,1,0,0,0,0
2026,,2026-04-03,825103,away,ATL,ARI,643289,Mauricio Dubón,14,SS,4,4,0,0,0,0,0,0,0,1,0,0,0
2026,,2026-04-03,825103,away,ATL,ARI,686948,Drake Baldwin,30,C,4,4,0,1,0,0,0,0,0,0,0,1,1
2026,,2026-04-03,825103,away,ATL,ARI,621566,Matt Olson,28,1B,4,4,1,1,0,0,1,1,0,1,0,4,4
2026,,2026-04-03,825103,away,ATL,ARI,642086,Dominic Smith,8,PH,1,1,0,0,0,0,0,0,0,1,0,0,0
2026,,2026-04-03,825103,away,ATL,ARI,660670,Ronald Acuña Jr.,13,RF,4,4,0,1,0,0,0,0,0,0,1,1,0
2026,,2026-04-03,825103,away,ATL,ARI,642201,Eli White,36,LF,3,3,0,0,0,0,0,0,0,0,0,0,0
2026,,2026-04-03,825103,away,ATL,ARI,645277,Ozzie Albies,1,2B,4,4,1,3,0,0,1,1,0,0,0,6,0
2026,,2026-04-03,825103,away,ATL,ARI,628452,Raisel Iglesias,26,P,0,0,0,0,0,0,0,0,0,0,0,0,0
2026,,2026-04-03,825103,away,ATL,ARI,663586,Austin Riley,27,3B,4,4,0,0,0,0,0,0,0,1,0,0,4
2026,,2026-04-03,825103,away,ATL,ARI,573262,Mike Yastrzemski,18,LF,1,1,0,0,0,0,0,0,0,1,0,0,0
2026,,2026-04-03,825103,home,ARI,ATL,694374,Tim Tawa,13,LF,3,2,0,0,0,0,0,0,1,0,0,0,0
2026,,2026-04-03,825103,home,ARI,ATL,571448,Nolan Arenado,28,3B,3,3,0,0,0,0,0,0,0,1,0,0,1
2026,,2026-04-03,825103,home,ARI,ATL,606466,Ketel Marte,4,2B,4,4,0,1,0,0,0,0,0,0,0,1,1
2026,,2026-04-03,825103,home,ARI,ATL,672695,Geraldo Perdomo,2,SS,4,4,0,0,0,0,0,0,0,0,0,0,3
2026,,2026-04-03,825103,home,ARI,ATL,672515,Gabriel Moreno,14,DH,4,4,0,0,0,0,0,0,0,1,0,0,1
2026,,2026-04-03,825103,home,ARI,ATL,682998,Corbin Carroll,7,RF,4,2,0,0,0,0,0,0,2,1,0,0,0
2026,,2026-04-03,825103,home,ARI,ATL,543510,James McCann,8,C,3,3,0,0,0,0,0,0,0,1,0,0,1
2026,,2026-04-03,825103,home,ARI,ATL,467793,Carlos Santana,41,1B,3,3,0,0,0,0,0,0,0,1,0,0,0
2026,,2026-04-03,825103,home,ARI,ATL,677950,Alek Thomas,5,CF,3,3,0,1,0,0,0,0,0,0,0,1,0
2026,,2026-04-03,823240,away,NYM,SFG,666182,Bo Bichette,19,3B,5,5,2,3,1,0,0,1,0,1,0,4,2
2026,,2026-04-03,823240,away,NYM,SFG,621438,Tyrone Taylor,15,LF,4,4,0,0,0,0,0,0,0,1,0,0,3
2026,,2026-04-03,823240,away,NYM,SFG,682626,Francisco Alvarez,4,C,5,5,2,2,0,0,2,2,0,1,0,8,2
2026,,2026-04-03,823240,away,NYM,SFG,668901,Mark Vientos,27,DH,5,3,1,2,0,0,0,1,2,1,0,2,1
2026,,2026-04-03,823240,away,NYM,SFG,683146,Brett Baty,7,1B,5,5,1,1,1,0,0,1,0,3,0,2,5
2026,,2026-04-03,823240,away,NYM,SFG,701807,Carson Benge,3,RF,5,4,0,0,0,0,0,1,1,1,1,0,5
2026,,2026-04-03,823240,away,NYM,SFG,543760,Marcus Semien,10,2B,5,5,1,3,0,0,1,3,0,1,0,6,3
2026,,2026-04-03,823240,away,NYM,SFG,596019,Francisco Lindor,12,SS,5,4,2,2,0,0,0,0,1,1,1,2,0
2026,,2026-04-03,823240,away,NYM,SFG,665742,Juan Soto,22,LF,1,1,0,1,0,0,0,0,0,0,0,1,0
2026,,2026-04-03,823240,away,NYM,SFG,673357,Luis Robert Jr.,88,CF,5,3,1,1,0,0,0,1,2,0,0,1,1
2026,,2026-04-03,823240,home,SFG,NYM,666464,Jerar Encarnacion,19,1B,3,3,1,1,1,0,0,0,0,1,0,2,2
2026,,2026-04-03,823240,home,SFG,NYM,671218,Heliot Ramos,17,LF,4,4,0,2,0,0,0,0,0,1,0,2,0
2026,,2026-04-03,823240,home,SFG,NYM,672275,Patrick Bailey,14,C,4,3,1,0,0,0,0,0,1,0,0,0,1
2026,,2026-04-03,823240,home,SFG,NYM,656305,Matt Chapman,26,3B,4,4,0,0,0,0,0,0,0,1,0,0,2
2026,,2026-04-03,823240,home,SFG,NYM,808982,Jung Hoo Lee,51,RF,4,4,0,0,0,0,0,0,0,0,0,0,0
2026,,2026-04-03,823240,home,SFG,NYM,646240,Rafael Devers,16,DH,4,4,0,0,0,0,0,0,0,3,0,0,4
2026,,2026-04-03,823240,home,SFG,NYM,664056,Harrison Bader,9,CF,4,3,1,0,0,0,0,0,1,1,0,0,2
2026,,2026-04-03,823240,home,SFG,NYM,642715,Willy Adames,2,SS,4,3,0,1,1,0,0,1,1,1,0,2,0
2026,,2026-04-03,823240,home,SFG,NYM,650333,Luis Arraez,1,2B,4,4,0,1,0,0,0,1,0,0,0,1,1
2026,,2026-04-04,824295,away,STL,DET,669357,Nolan Gorman,16,3B,5,4,1,0,0,0,0,0,1,3,0,0,4
2026,,2026-04-04,824295,away,STL,DET,691023,Jordan Walker,18,RF,4,4,1,3,0,0,1,5,0,1,1,6,2
2026,,2026-04-04,824295,away,STL,DET,701675,Nathan Church,27,CF,4,3,0,0,0,0,0,0,1,0,0,0,1
2026,,2026-04-04,824295,away,STL,DET,687363,Victor Scott II,11,CF,3,2,0,0,0,0,0,0,0,1,0,0,1
2026,,2026-04-04,824295,away,STL,DET,802139,JJ Wetherholt,26,2B,5,2,1,1,0,0,0,0,2,1,1,1,2
2026,,2026-04-04,824295,away,STL,DET,676475,Alec Burleson,41,1B,5,4,1,1,1,0,0,1,1,1,0,2,4
2026,,2026-04-04,824295,away,STL,DET,695336,Thomas Saggese,25,LF,4,4,0,0,0,0,0,0,0,1,0,0,2
2026,,2026-04-04,824295,away,STL,DET,650968,Yohel Pozo,63,C,1,1,0,0,0,0,0,0,0,0,0,0,1
2026,,2026-04-04,824295,away,STL,DET,686780,Pedro Pagés,43,C,3,1,0,0,0,0,0,0,0,1,0,0,0
2026,,2026-04-04,824295,away,STL,DET,602104,Ramón Urías,29,SS,1,0,0,0,0,0,0,0,0,0,0,0,0
2026,,2026-04-04,824295,away,STL,DET,671056,Iván Herrera,48,DH,5,3,2,1,1,0,0,0,1,0,0,2,2
2026,,2026-04-04,824295,home,DET,STL,656716,Zach McKinstry,39,3B,4,4,1,2,0,0,1,3,0,1,0,5,0
2026,,2026-04-04,824295,home,DET,STL,682985,Riley Greene,31,LF,4,2,1,0,0,0,0,0,2,0,0,0,0
2026,,2026-04-04,824295,home,DET,STL,805808,Kevin McGonigle,7,SS,5,4,1,1,0,0,0,0,1,1,0,1,1
2026,,2026-04-04,824295,home,DET,STL,681481,Kerry Carpenter,30,DH,5,4,1,1,0,0,1,3,0,1,0,4,2
2026,,2026-04-04,824295,home,DET,STL,679529,Spencer Torkelson,20,1B,4,4,1,1,0,0,0,0,0,1,0,1,2
2026,,2026-04-04,824295,home,DET,STL,650402,Gleyber Torres,25,2B,5,4,2,2,0,0,1,1,1,1,0,5,1
2026,,2026-04-04,824295,home,DET,STL,663837,Matt Vierling,8,RF,3,2,1,1,0,0,1,3,0,0,0,4,1
2026,,2026-04-04,824295,home,DET,STL,678009,Parker Meadows,22,CF,4,3,1,2,0,1,0,0,1,1,0,4,1
2026,,2026-04-04,824295,home,DET,STL,693307,Dillon Dingler,13,C,4,2,1,0,0,0,0,0,1,2,0,0,1
2026,,2026-04-04,824295,home,DET,STL,690993,Colt Keith,33,3B,2,2,1,2,0,0,0,0,0,0,0,2,0
2026,,2026-04-04,824622,away,TOR,CHW,676391,Ernie Clement,22,2B,4,4,0,0,0,0,0,0,0,0,1,0,5
2026,,2026-04-04,824622,away,TOR,CHW,662139,Daulton Varsho,5,CF,4,3,0,0,0,0,0,0,1,0,0,0,3
2026,,2026-04-04,824622,away,TOR,CHW,665926,Andrés Giménez,0,SS,4,4,0,0,0,0,0,0,0,0,0,0,2
2026,,2026-04-04,824622,away,TOR,CHW,676914,Davis Schneider,36,LF,3,2,1,1,0,0,0,0,1,0,0,1,0
2026,,2026-04-04,824622,away,TOR,CHW,664770,Nathan Lukes,38,RF,2,1,0,0,0,0,0,1,0,0,0,0,2
2026,,2026-04-04,824622,away,TOR,CHW,680718,Addison Barger,47,PH,1,0,0,0,0,0,0,0,1,0,0,0,0
2026,,2026-04-04,824622,away,TOR,CHW,543807,George Springer,4,DH,5,4,0,0,0,0,0,0,1,1,0,0,2
2026,,2026-04-04,824622,away,TOR,CHW,623168,Tyler Heineman,55,C,3,3,0,1,0,0,0,0,0,0,0,1,0
2026,,2026-04-04,824622,away,TOR,CHW,665489,Vladimir Guerrero Jr.,27,1B,4,4,1,1,0,0,1,2,0,1,0,4,1
2026,,2026-04-04,824622,away,TOR,CHW,660821,Jesús Sánchez,12,PH,1,1,0,1,0,0,0,0,0,0,0,1,0
2026,,2026-04-04,824622,away,TOR,CHW,664702,Myles Straw,3,LF,3,3,1,1,0,0,0,0,0,0,0,1,4
2026,,2026-04-04,824622,away,TOR,CHW,672960,Kazuma Okamoto,7,3B,4,3,0,1,0,0,0,0,1,0,0,1,0
2026,,2026-04-04,824622,home,CHW,TOR,672820,Lenyn Sosa,50,DH,3,3,1,1,0,0,0,0,0,0,0,1,0
2026,,2026-04-04,824622,home,CHW,TOR,671976,Tristan Peters,29,RF,3,3,0,0,0,0,0,0,0,1,0,0,0
2026,,2026-04-04,824622,home,CHW,TOR,682668,Luisangel Acuña,0,CF,4,4,0,1,0,0,0,0,0,1,0,1,1
2026,,2026-04-04,824622,home,CHW,TOR,808959,Munetaka Murakami,5,1B,4,3,1,1,0,0,1,3,0,1,0,4,2
2026,,2026-04-04,824622,home,CHW,TOR,805367,Chase Meidroth,10,2B,4,4,0,0,0,0,0,0,0,0,0,0,0
2026,,2026-04-04,824622,home,CHW,TOR,695657,Colson Montgomery,12,SS,4,3,1,1,0,0,1,1,1,1,0,4,4
2026,,2026-04-04,824622,home,CHW,TOR,669720,Austin Hays,21,LF,4,3,1,1,0,0,0,0,1,2,0,1,0
2026,,2026-04-04,824622,home,CHW,TOR,624512,Reese McGuire,30,C,3,3,0,0,0,0,0,0,0,0,0,0,1
2026,,2026-04-04,824622,home,CHW,TOR,643217,Andrew Benintendi,23,DH,1,1,0,0,0,0,0,0,0,0,0,0,0
2026,,2026-04-04,824622,home,CHW,TOR,678246,Miguel Vargas,20,3B,4,2,2,2,2,0,0,0,2,0,1,4,0
2026,,2026-04-04,824132,away,MIL,KCR,650859,Luis Rengifo,13,3B,5,5,1,2,2,0,0,0,0,1,0,4,2
2026,,2026-04-04,824132,away,MIL,KCR,592885,Christian Yelich,22,DH,5,5,2,2,0,0,0,0,0,2,0,2,2
2026,,2026-04-04,824132,away,MIL,KCR,641343,Jake Bauers,9,1B,4,3,0,0,0,0,0,0,1,1,0,0,2
2026,,2026-04-04,824132,away,MIL,KCR,686217,Sal Frelick,10,RF,4,3,0,1,0,0,0,0,1,0,0,1,1
2026,,2026-04-04,824132,away,MIL,KCR,663604,Brandon Lockridge,20,LF,4,4,0,1,0,0,0,0,0,1,0,1,1
2026,,2026-04-04,824132,away,MIL,KCR,669003,Garrett Mitchell,5,CF,4,4,1,2,1,0,1,5,0,2,0,6,1
2026,,2026-04-04,824132,away,MIL,KCR,666152,David Hamilton,6,SS,4,2,0,1,0,0,0,0,2,1,0,1,0
2026,,2026-04-04,824132,away,MIL,KCR,661388,William Contreras,24,C,5,4,1,1,1,0,0,0,1,1,0,2,4
2026,,2026-04-04,824132,away,MIL,KCR,668930,Brice Turang,2,2B,5,4,0,0,0,0,0,0,1,3,0,0,4
2026,,2026-04-04,824132,home,KCR,MIL,695600,Carter Jensen,22,DH,1,1,0,0,0,0,0,0,0,1,0,0,0
2026,,2026-04-04,824132,home,KCR,MIL,686555,Isaac Collins,1,LF,4,4,0,1,0,0,0,0,0,1,0,1,4
2026,,2026-04-04,824132,home,KCR,MIL,521692,Salvador Perez,13,C,4,4,0,0,0,0,0,0,0,1,0,0,2
2026,,2026-04-04,824132,home,KCR,MIL,679845,Nick Loftin,12,2B,4,3,1,0,0,0,0,0,1,0,0,0,2
2026,,2026-04-04,824132,home,KCR,MIL,516782,Starling Marte,0,DH,3,3,0,1,1,0,0,0,0,2,0,2,3
2026,,2026-04-04,824132,home,KCR,MIL,686469,Vinnie Pasquantino,9,1B,5,5,0,1,0,0,0,0,0,2,0,1,6
2026,,2026-04-04,824132,home,KCR,MIL,664728,Kyle Isbel,28,CF,2,2,0,1,1,0,0,0,0,0,0,2,0
2026,,2026-04-04,824132,home,KCR,MIL,672580,Maikel Garcia,11,3B,5,4,0,0,0,0,0,0,1,2,0,0,2
2026,,2026-04-04,824132,home,KCR,MIL,657041,Lane Thomas,15,CF,2,1,1,1,1,0,0,1,1,0,0,2,0
2026,,2026-04-04,824132,home,KCR,MIL,695506,Jac Caglianone,14,RF,4,3,0,2,0,0,0,0,1,0,0,2,0
2026,,2026-04-04,824132,home,KCR,MIL,677951,Bobby Witt Jr.,7,SS,5,3,0,1,0,0,0,1,2,0,1,1,2
2026,,2026-04-04,824134,away,MIL,KCR,687401,Joey Ortiz,3,SS,4,4,0,1,0,0,0,0,0,2,1,1,4
2026,,2026-04-04,824134,away,MIL,KCR,592885,Christian Yelich,22,DH,3,3,0,0,0,0,0,0,0,0,0,0,1
2026,,2026-04-04,824134,away,MIL,KCR,641343,Jake Bauers,9,1B,4,4,0,0,0,0,0,0,0,1,0,0,1
2026,,2026-04-04,824134,away,MIL,KCR,686217,Sal Frelick,10,RF,2,2,0,1,0,0,0,0,0,1,0,1,0
2026,,2026-04-04,824134,away,MIL,KCR,663604,Brandon Lockridge,20,LF,2,2,0,0,0,0,0,0,0,0,1,0,1
2026,,2026-04-04,824134,away,MIL,KCR,669003,Garrett Mitchell,5,CF,4,4,0,1,1,0,0,1,0,1,0,2,2
2026,,2026-04-04,824134,away,MIL,KCR,666152,David Hamilton,6,3B,4,3,1,1,0,0,0,0,1,1,0,1,0
2026,,2026-04-04,824134,away,MIL,KCR,663368,Blake Perkins,16,RF,4,3,0,0,0,0,0,0,1,2,0,0,1
2026,,2026-04-04,824134,away,MIL,KCR,668930,Brice Turang,2,2B,4,4,1,1,0,1,0,1,0,2,0,3,2
2026,,2026-04-04,824134,away,MIL,KCR,682641,Luis Matos,21,DH,1,0,0,0,0,0,0,0,1,0,0,0,0
2026,,2026-04-04,824134,away,MIL,KCR,596142,Gary Sánchez,99,C,4,4,0,0,0,0,0,0,0,2,0,0,1
2026,,2026-04-04,824134,home,KCR,MIL,695600,Carter Jensen,22,C,4,3,1,2,1,0,0,2,1,0,0,3,0
2026,,2026-04-04,824134,home,KCR,MIL,663697,Jonathan India,6,2B,4,4,2,2,0,0,0,0,0,1,0,2,1
2026,,2026-04-04,824134,home,KCR,MIL,686555,Isaac Collins,1,LF,4,3,1,1,0,0,0,1,1,1,0,1,2
2026,,2026-04-04,824134,home,KCR,MIL,521692,Salvador Perez,13,DH,4,2,2,1,0,0,1,1,2,0,0,4,1
2026,,2026-04-04,824134,home,KCR,MIL,686469,Vinnie Pasquantino,9,1B,5,4,0,0,0,0,0,0,1,1,0,0,2
2026,,2026-04-04,824134,home,KCR,MIL,664728,Kyle Isbel,28,CF,4,3,1,1,0,0,0,1,0,2,0,1,2
2026,,2026-04-04,824134,home,KCR,MIL,672580,Maikel Garcia,11,3B,5,5,1,3,1,0,0,1,0,0,0,4,1
2026,,2026-04-04,824134,home,KCR,MIL,695506,Jac Caglianone,14,RF,4,3,0,0,0,0,0,0,1,1,0,0,4
2026,,2026-04-04,824134,home,KCR,MIL,677951,Bobby Witt Jr.,7,SS,5,4,0,0,0,0,0,0,1,3,0,0,2
2026,,2026-04-04,822757,away,LAD,WSN,669257,Will Smith,16,C,5,5,1,3,0,0,0,0,0,0,0,3,1
2026,,2026-04-04,822757,away,LAD,WSN,663656,Kyle Tucker,23,RF,5,3,2,2,0,0,0,1,2,0,0,2,0
2026,,2026-04-04,822757,away,LAD,WSN,571970,Max Muncy,13,3B,5,5,1,1,0,0,0,0,0,2,0,1,3
2026,,2026-04-04,822757,away,LAD,WSN,518692,Freddie Freeman,5,1B,5,5,0,2,2,0,0,4,0,1,0,4,0
2026,,2026-04-04,822757,away,LAD,WSN,660271,Shohei Ohtani,17,DH,6,6,1,2,0,0,0,0,0,2,0,2,3
2026,,2026-04-04,822757,away,LAD,WSN,681624,Andy Pages,44,CF,5,5,2,3,0,0,1,3,0,1,1,6,3
2026,,2026-04-04,822757,away,LAD,WSN,605141,Mookie Betts,50,SS,1,0,1,0,0,0,0,0,1,0,0,0,0
2026,,2026-04-04,822757,away,LAD,WSN,669743,Alex Call,12,LF,5,5,1,2,1,0,0,1,0,0,0,3,2
2026,,2026-04-04,822757,away,LAD,WSN,500743,Miguel Rojas,72,SS,4,3,0,0,0,0,0,1,0,0,0,0,3
2026,,2026-04-04,822757,away,LAD,WSN,690976,Alex Freeland,76,2B,5,5,1,1,0,0,0,0,0,2,0,1,2
2026,,2026-04-04,822757,home,WSN,LAD,691781,Brady House,12,3B,4,4,0,0,0,0,0,0,0,3,0,0,3
2026,,2026-04-04,822757,home,WSN,LAD,682928,CJ Abrams,5,SS,4,2,2,1,0,0,1,2,2,1,1,4,0
2026,,2026-04-04,822757,home,WSN,LAD,686452,Drew Millas,14,C,4,4,0,0,0,0,0,0,0,2,0,0,3
2026,,2026-04-04,822757,home,WSN,LAD,678391,Jorbit Vivas,84,2B,4,3,1,1,0,0,0,0,0,1,0,1,1
2026,,2026-04-04,822757,home,WSN,LAD,678554,Curtis Mead,45,1B,4,4,0,1,1,0,0,1,0,2,0,2,1
2026,,2026-04-04,822757,home,WSN,LAD,695734,Daylen Lile,4,LF,4,4,0,0,0,0,0,0,0,0,0,0,2
2026,,2026-04-04,822757,home,WSN,LAD,677588,José Tena,8,PH,1,1,0,1,0,0,0,1,0,0,0,1,0
2026,,2026-04-04,822757,home,WSN,LAD,695578,James Wood,29,RF,5,5,0,0,0,0,0,0,0,2,0,0,3
2026,,2026-04-04,822757,home,WSN,LAD,696285,Jacob Young,30,CF,3,3,1,1,0,0,0,0,0,0,0,1,1
2026,,2026-04-04,822757,home,WSN,LAD,671277,Luis García Jr.,2,DH,4,4,1,3,1,1,0,1,0,0,0,6,0
2026,,2026-04-04,825027,away,HOU,ATH,694376,Shay Whitcomb,14,3B,1,0,0,0,0,0,0,0,1,0,0,0,0
2026,,2026-04-04,825027,away,HOU,ATH,669397,Nick Allen,20,SS,3,3,0,0,0,0,0,0,0,1,0,0,4
2026,,2026-04-04,825027,away,HOU,ATH,701358,Cam Smith,11,RF,1,1,1,1,0,0,1,1,0,0,0,4,0
2026,,2026-04-04,825027,away,HOU,ATH,676694,Jake Meyers,6,CF,6,5,1,1,0,0,0,0,0,1,0,1,6
2026,,2026-04-04,825027,away,HOU,ATH,694728,Brice Matthews,0,2B,1,0,0,0,0,0,0,0,1,0,0,0,0
2026,,2026-04-04,825027,away,HOU,ATH,514888,Jose Altuve,27,2B,5,4,0,1,0,0,0,1,1,0,0,1,8
2026,,2026-04-04,825027,away,HOU,ATH,694388,Joey Loperfido,10,LF,6,4,2,3,1,0,0,2,2,1,0,4,0
2026,,2026-04-04,825027,away,HOU,ATH,665161,Jeremy Peña,3,SS,4,3,1,2,2,0,0,0,1,0,0,4,2
2026,,2026-04-04,825027,away,HOU,ATH,621043,Carlos Correa,1,3B,5,4,1,0,0,0,0,0,1,0,0,0,9
2026,,2026-04-04,825027,away,HOU,ATH,572233,Christian Walker,8,1B,6,5,3,3,1,0,1,2,1,1,0,7,2
2026,,2026-04-04,825027,away,HOU,ATH,543877,Christian Vázquez,2,C,6,6,0,3,2,0,0,2,0,1,0,5,3
2026,,2026-04-04,825027,away,HOU,ATH,673237,Yainer Diaz,21,DH,6,5,1,3,0,0,0,2,1,0,0,3,3
2026,,2026-04-04,825027,away,HOU,ATH,670541,Yordan Alvarez,44,LF,5,1,1,1,0,0,0,1,4,0,0,1,0
2026,,2026-04-04,825027,home,ATH,HOU,671732,Lawrence Butler,4,RF,3,3,0,0,0,0,0,0,0,2,0,0,0
2026,,2026-04-04,825027,home,ATH,HOU,667670,Brent Rooker,25,DH,4,3,0,0,0,0,0,0,1,2,0,0,1
2026,,2026-04-04,825027,home,ATH,HOU,643446,Jeff McNeil,22,2B,3,3,0,1,0,0,0,0,0,1,0,1,2
2026,,2026-04-04,825027,home,ATH,HOU,642851,Austin Wynns,29,C,1,1,0,0,0,0,0,0,0,0,0,0,0
2026,,2026-04-04,825027,home,ATH,HOU,666126,Carlos Cortes,26,LF,1,1,0,1,0,0,0,0,0,0,0,1,0
2026,,2026-04-04,825027,home,ATH,HOU,691777,Max Muncy,3,3B,4,4,0,2,0,0,0,0,0,2,0,2,0
2026,,2026-04-04,825027,home,ATH,HOU,672016,Denzel Clarke,1,CF,3,3,0,0,0,0,0,0,0,1,0,0,3
2026,,2026-04-04,825027,home,ATH,HOU,691016,Tyler Soderstrom,21,LF,3,2,0,0,0,0,0,0,1,2,0,0,1
2026,,2026-04-04,825027,home,ATH,HOU,687231,Darell Hernaiz,2,RF,1,1,0,0,0,0,0,0,0,0,0,0,0
2026,,2026-04-04,825027,home,ATH,HOU,701762,Nick Kurtz,16,1B,4,3,0,1,0,0,0,0,1,0,0,1,0
2026,,2026-04-04,825027,home,ATH,HOU,669127,Shea Langeliers,23,C,3,3,0,0,0,0,0,0,0,3,0,0,3
2026,,2026-04-04,825027,home,ATH,HOU,805779,Jacob Wilson,5,SS,4,4,0,0,0,0,0,0,0,0,0,0,2
2026,,2026-04-04,823404,away,BAL,PIT,624413,Pete Alonso,25,1B,4,4,0,0,0,0,0,0,0,2,0,0,5
2026,,2026-04-04,823404,away,BAL,PIT,683002,Gunnar Henderson,2,SS,5,3,1,1,0,0,0,0,2,1,0,1,1
2026,,2026-04-04,823404,away,BAL,PIT,665750,Leody Taveras,30,CF,4,2,0,1,0,0,0,1,2,0,0,1,1
2026,,2026-04-04,823404,away,BAL,PIT,621493,Taylor Ward,3,DH,5,4,0,0,0,0,0,0,1,1,0,0,1
2026,,2026-04-04,823404,away,BAL,PIT,687637,Dylan Beavers,12,LF,4,4,0,1,0,0,0,1,0,1,0,1,1
2026,,2026-04-04,823404,away,BAL,PIT,681297,Colton Cowser,17,RF,2,2,0,0,0,0,0,0,0,2,0,0,3
2026,,2026-04-04,823404,away,BAL,PIT,668939,Adley Rutschman,35,C,4,4,1,2,0,0,0,0,0,0,0,2,3
2026,,2026-04-04,823404,away,BAL,PIT,641933,Tyler O'Neill,9,RF,2,2,0,0,0,0,0,0,0,0,0,0,2
2026,,2026-04-04,823404,away,BAL,PIT,691723,Coby Mayo,16,3B,4,3,0,1,0,0,0,0,1,1,0,1,1
2026,,2026-04-04,823404,away,BAL,PIT,677942,Blaze Alexander,23,2B,4,3,0,0,0,0,0,0,1,0,1,0,3
2026,,2026-04-04,823404,home,PIT,BAL,694377,Nick Yorke,38,DH,1,1,1,1,1,0,0,1,0,0,0,2,0
2026,,2026-04-04,823404,home,PIT,BAL,687462,Spencer Horwitz,2,1B,4,3,0,1,1,0,0,1,0,0,0,2,1
2026,,2026-04-04,823404,home,PIT,BAL,664040,Brandon Lowe,5,2B,5,4,0,0,0,0,0,0,1,1,0,0,2
2026,,2026-04-04,823404,home,PIT,BAL,668804,Bryan Reynolds,10,LF,5,4,2,3,1,0,0,0,1,1,0,4,1
2026,,2026-04-04,823404,home,PIT,BAL,663698,Joey Bart,14,C,3,3,0,0,0,0,0,0,0,1,0,0,2
2026,,2026-04-04,823404,home,PIT,BAL,665833,Oneil Cruz,15,CF,5,4,0,1,0,0,0,0,1,1,0,1,2
2026,,2026-04-04,823404,home,PIT,BAL,663968,Jake Mangum,28,PH,1,1,0,0,0,0,0,0,0,0,0,0,1
2026,,2026-04-04,823404,home,PIT,BAL,680779,Henry Davis,32,C,0,0,0,0,0,0,0,0,0,0,0,0,0
2026,,2026-04-04,823404,home,PIT,BAL,804606,Konnor Griffin,6,SS,4,3,0,0,0,0,0,0,0,0,0,0,1
2026,,2026-04-04,823404,home,PIT,BAL,656811,Ryan O'Hearn,29,RF,5,4,0,1,0,0,0,0,1,1,0,1,5
2026,,2026-04-04,823404,home,PIT,BAL,542303,Marcell Ozuna,24,DH,4,4,0,1,0,0,0,0,0,2,0,1,4
2026,,2026-04-04,823404,home,PIT,BAL,693304,Nick Gonzales,3,3B,4,2,0,0,0,0,0,0,2,0,0,0,2
2026,,2026-04-04,824782,away,SDP,BOS,666023,Freddy Fermin,54,C,4,3,1,1,1,0,0,1,1,1,0,2,2
2026,,2026-04-04,824782,away,SDP,BOS,592206,Nick Castellanos,21,PH,1,1,0,0,0,0,0,0,0,1,0,0,0
2026,,2026-04-04,824782,away,SDP,BOS,701538,Jackson Merrill,3,CF,0,0,0,0,0,0,0,0,0,0,0,0,0
2026,,2026-04-04,824782,away,SDP,BOS,657656,Ramón Laureano,5,LF,5,4,0,1,0,0,0,1,1,0,0,1,0
2026,,2026-04-04,824782,away,SDP,BOS,592518,Manny Machado,13,3B,4,1,0,0,0,0,0,0,3,0,0,0,1
2026,,2026-04-04,824782,away,SDP,BOS,609280,Miguel Andujar,41,DH,5,5,1,3,1,0,0,0,0,1,0,4,2
2026,,2026-04-04,824782,away,SDP,BOS,665487,Fernando Tatis Jr.,23,RF,5,5,1,1,1,0,0,0,0,4,0,2,1
2026,,2026-04-04,824782,away,SDP,BOS,664034,Ty France,25,1B,4,4,0,1,0,0,0,0,0,0,0,1,2
2026,,2026-04-04,824782,away,SDP,BOS,669369,Bryce Johnson,29,CF,3,3,0,0,0,0,0,1,0,1,0,0,1
2026,,2026-04-04,824782,away,SDP,BOS,593428,Xander Bogaerts,2,SS,4,4,0,0,0,0,0,0,0,1,0,0,6
2026,,2026-04-04,824782,away,SDP,BOS,630105,Jake Cronenworth,9,2B,4,4,0,0,0,0,0,0,0,0,0,0,2
2026,,2026-04-04,824782,home,BOS,SDP,701350,Roman Anthony,19,LF,4,4,0,2,0,1,0,0,0,0,0,4,1
2026,,2026-04-04,824782,home,BOS,SDP,575929,Willson Contreras,40,1B,4,4,1,1,0,0,0,0,0,1,0,1,2
2026,,2026-04-04,824782,home,BOS,SDP,596115,Trevor Story,10,SS,4,4,0,0,0,0,0,0,0,1,0,0,3
2026,,2026-04-04,824782,home,BOS,SDP,677800,Wilyer Abreu,52,RF,4,3,0,1,0,0,0,0,1,1,0,1,0
2026,,2026-04-04,824782,home,BOS,SDP,655316,Andruw Monasterio,32,PH,1,1,0,0,0,0,0,1,0,0,0,0,1
2026,,2026-04-04,824782,home,BOS,SDP,702332,Caleb Durbin,5,3B,3,3,0,1,0,0,0,0,0,0,0,1,2
2026,,2026-04-04,824782,home,BOS,SDP,665966,Carlos Narváez,75,C,3,3,0,0,0,0,0,0,0,0,0,0,1
2026,,2026-04-04,824782,home,BOS,SDP,680776,Jarren Duran,16,LF,3,3,0,1,0,0,0,0,0,1,0,1,0
2026,,2026-04-04,824782,home,BOS,SDP,678882,Ceddanne Rafaela,3,CF,3,3,1,2,0,0,0,0,0,1,0,2,0
2026,,2026-04-04,824782,home,BOS,SDP,807799,Masataka Yoshida,7,PH,1,1,0,0,0,0,0,0,0,1,0,0,0
2026,,2026-04-04,824782,home,BOS,SDP,691785,Marcelo Mayer,11,2B,4,3,0,0,0,0,0,1,0,2,0,0,2
2026,,2026-04-04,824782,home,BOS,SDP,547973,Aroldis Chapman,44,P,0,0,0,0,0,0,0,0,0,0,0,0,0
2026,,2026-04-04,822920,away,CIN,TEX,682829,Elly De La Cruz,44,SS,4,4,1,1,0,0,0,1,0,1,0,1,1
2026,,2026-04-04,822920,away,CIN,TEX,667472,Dane Myers,17,CF,2,2,0,0,0,0,0,0,0,0,0,0,2
2026,,2026-04-04,822920,away,CIN,TEX,701398,Sal Stewart,27,1B,4,4,0,2,0,0,0,1,0,1,0,2,1
2026,,2026-04-04,822920,away,CIN,TEX,663993,Nathaniel Lowe,31,DH,4,4,0,1,0,0,0,0,0,0,0,1,2
2026,,2026-04-04,822920,away,CIN,TEX,680574,Matt McLain,9,2B,4,4,1,2,0,0,0,0,0,1,0,2,1
2026,,2026-04-04,822920,away,CIN,TEX,663647,Ke'Bryan Hayes,3,3B,0,0,0,0,0,0,0,0,0,0,0,0,0
2026,,2026-04-04,822920,away,CIN,TEX,666181,Will Benson,30,RF,2,2,0,0,0,0,0,0,0,0,0,0,0
2026,,2026-04-04,822920,away,CIN,TEX,670770,TJ Friedl,29,LF,5,4,0,0,0,0,0,0,1,1,0,0,1
2026,,2026-04-04,822920,away,CIN,TEX,668715,Spencer Steer,7,RF,4,4,0,2,1,0,0,0,0,0,0,3,4
2026,,2026-04-04,822920,away,CIN,TEX,624431,Jose Trevino,35,C,4,4,0,0,0,0,0,0,0,1,0,0,2
2026,,2026-04-04,822920,away,CIN,TEX,553993,Eugenio Suárez,28,3B,4,4,0,0,0,0,0,0,0,2,0,0,3
2026,,2026-04-04,822920,home,TEX,CIN,694497,Evan Carter,32,CF,4,2,0,1,0,0,0,0,2,1,0,1,2
2026,,2026-04-04,822920,home,TEX,CIN,694671,Wyatt Langford,36,LF,4,4,0,0,0,0,0,0,0,3,0,0,2
2026,,2026-04-04,822920,home,TEX,CIN,669394,Jake Burger,21,1B,4,3,0,1,0,0,0,0,1,0,0,1,1
2026,,2026-04-04,822920,home,TEX,CIN,592626,Joc Pederson,3,DH,4,4,0,0,0,0,0,0,0,0,0,0,3
2026,,2026-04-04,822920,home,TEX,CIN,608369,Corey Seager,5,SS,4,4,0,1,0,0,0,0,0,0,0,1,1
2026,,2026-04-04,822920,home,TEX,CIN,673962,Josh Jung,6,3B,4,4,0,1,0,0,0,0,0,1,0,1,0
2026,,2026-04-04,822920,home,TEX,CIN,677649,Ezequiel Duran,20,PR,0,0,0,0,0,0,0,0,0,0,0,0,0
2026,,2026-04-04,822920,home,TEX,CIN,607043,Brandon Nimmo,24,RF,4,3,0,0,0,0,0,0,1,1,0,0,1
2026,,2026-04-04,822920,home,TEX,CIN,669701,Josh Smith,8,2B,4,3,0,0,0,0,0,0,1,0,0,0,0
2026,,2026-04-04,822920,home,TEX,CIN,643376,Danny Jansen,9,C,3,3,0,0,0,0,0,0,0,1,0,0,3
2026,,2026-04-04,823569,away,MIA,NYY,665052,Griffin Conine,18,RF,3,3,0,0,0,0,0,0,0,1,0,0,5
2026,,2026-04-04,823569,away,MIA,NYY,681715,Heriberto Hernández,13,LF,5,5,0,1,0,1,0,2,0,1,0,3,1
2026,,2026-04-04,823569,away,MIA,NYY,805300,Jakob Marsee,87,CF,5,5,0,1,0,0,0,0,0,2,0,1,5
2026,,2026-04-04,823569,away,MIA,NYY,691594,Javier Sanoja,8,3B,5,5,0,2,1,0,0,2,0,1,0,3,3
2026,,2026-04-04,823569,away,MIA,NYY,669364,Xavier Edwards,9,2B,5,4,2,3,1,0,0,1,1,0,0,4,0
2026,,2026-04-04,823569,away,MIA,NYY,689414,Liam Hicks,34,1B,2,1,1,1,0,0,0,0,1,0,0,1,0
2026,,2026-04-04,823569,away,MIA,NYY,683357,Owen Caissie,17,DH,2,2,0,0,0,0,0,0,0,2,0,0,4
2026,,2026-04-04,823569,away,MIA,NYY,682663,Agustín Ramírez,50,C,5,3,2,2,0,0,0,1,2,0,0,2,1
2026,,2026-04-04,823569,away,MIA,NYY,677870,Leo Jiménez,19,DH,3,3,0,2,0,0,0,0,0,0,0,2,2
2026,,2026-04-04,823569,away,MIA,NYY,681393,Connor Norby,1,1B,3,3,0,1,0,0,0,0,0,0,0,1,1
2026,,2026-04-04,823569,away,MIA,NYY,596103,Austin Slater,15,RF,3,2,0,0,0,0,0,0,1,1,0,0,0
2026,,2026-04-04,823569,away,MIA,NYY,672640,Otto Lopez,6,SS,5,5,2,2,0,0,0,0,0,2,0,2,1
2026,,2026-04-04,823569,home,NYY,MIA,676609,José Caballero,72,SS,4,3,1,0,0,0,0,0,0,3,0,0,1
2026,,2026-04-04,823569,home,NYY,MIA,545341,Randal Grichuk,34,DH,0,0,0,0,0,0,0,0,0,0,0,0,0
2026,,2026-04-04,823569,home,NYY,MIA,592450,Aaron Judge,99,RF,5,4,2,2,0,0,0,1,1,0,0,2,3
2026,,2026-04-04,823569,home,NYY,MIA,641857,Ryan McMahon,19,3B,4,3,1,0,0,0,0,0,1,2,0,0,2
2026,,2026-04-04,823569,home,NYY,MIA,502671,Paul Goldschmidt,48,PH,1,0,1,0,0,0,0,0,1,0,0,0,0
2026,,2026-04-04,823569,home,NYY,MIA,669224,Austin Wells,28,C,2,2,0,1,0,0,0,0,0,0,0,1,0
2026,,2026-04-04,823569,home,NYY,MIA,700250,Ben Rice,22,1B,5,3,1,0,0,0,0,0,2,3,0,0,5
2026,,2026-04-04,823569,home,NYY,MIA,641555,J.C. Escarra,25,C,1,1,0,0,0,0,0,0,0,0,0,0,1
2026,,2026-04-04,823569,home,NYY,MIA,641355,Cody Bellinger,35,LF,5,3,1,1,0,0,1,3,1,0,0,4,3
2026,,2026-04-04,823569,home,NYY,MIA,519317,Giancarlo Stanton,27,DH,5,3,1,1,0,0,0,2,2,1,1,1,3
2026,,2026-04-04,823569,home,NYY,MIA,665862,Jazz Chisholm Jr.,13,2B,5,5,0,0,0,0,0,0,0,2,0,0,4
2026,,2026-04-04,823569,home,NYY,MIA,663757,Trent Grisham,12,CF,5,3,1,1,0,0,0,1,2,0,0,1,1
2026,,2026-04-04,823730,away,TBR,MIN,680700,Richie Palacios,1,2B,4,2,2,1,0,0,0,0,1,0,1,1,1
2026,,2026-04-04,823730,away,TBR,MIN,641584,Jake Fraley,17,RF,5,2,0,0,0,0,0,0,3,0,0,0,3
2026,,2026-04-04,823730,away,TBR,MIN,802415,Chandler Simpson,14,LF,5,5,1,2,0,0,0,0,0,0,0,2,1
2026,,2026-04-04,823730,away,TBR,MIN,676439,Hunter Feduccia,9,C,4,4,0,1,0,0,0,1,0,1,0,1,2
2026,,2026-04-04,823730,away,TBR,MIN,666018,Jonathan Aranda,8,1B,5,5,0,1,1,0,0,2,0,3,0,2,3
2026,,2026-04-04,823730,away,TBR,MIN,650490,Yandy Díaz,2,DH,5,3,0,1,0,1,0,2,0,0,0,3,1
2026,,2026-04-04,823730,away,TBR,MIN,810938,Ben Williamson,15,SS,5,4,2,1,0,0,0,1,1,0,1,1,1
2026,,2026-04-04,823730,away,TBR,MIN,691406,Junior Caminero,13,3B,5,5,0,1,0,0,0,0,0,0,0,1,7
2026,,2026-04-04,823730,away,TBR,MIN,656775,Cedric Mullins,31,CF,5,5,2,2,0,0,0,0,0,1,2,2,2
2026,,2026-04-04,823730,home,MIN,TBR,605170,Victor Caratini,37,C,4,4,0,0,0,0,0,0,0,1,0,0,2
2026,,2026-04-04,823730,home,MIN,TBR,686797,Brooks Lee,22,SS,3,3,0,1,0,0,0,1,0,1,0,1,1
2026,,2026-04-04,823730,home,MIN,TBR,668885,Austin Martin,16,LF,4,3,0,0,0,0,0,0,1,0,0,0,0
2026,,2026-04-04,823730,home,MIN,TBR,605137,Josh Bell,56,1B,4,3,0,0,0,0,0,0,1,2,0,0,2
2026,,2026-04-04,823730,home,MIN,TBR,680777,Ryan Jeffers,27,DH,4,3,0,0,0,0,0,0,1,1,0,0,0
2026,,2026-04-04,823730,home,MIN,TBR,681546,James Outman,30,CF,3,3,0,0,0,0,0,0,0,2,0,0,2
2026,,2026-04-04,823730,home,MIN,TBR,668904,Royce Lewis,,3B,4,3,0,0,0,0,0,0,1,1,0,0,2
2026,,2026-04-04,823730,home,MIN,TBR,670242,Matt Wallner,38,RF,4,4,1,1,0,0,0,0,0,2,0,1,3
2026,,2026-04-04,823730,home,MIN,TBR,807712,Luke Keaschall,15,2B,4,4,0,1,0,0,0,0,0,2,0,1,0
2026,,2026-04-04,825104,away,ATL,ARI,671739,Michael Harris II,23,CF,4,4,0,1,0,0,0,0,0,1,0,1,1
2026,,2026-04-04,825104,away,ATL,ARI,643289,Mauricio Dubón,14,SS,3,3,0,1,0,0,0,0,0,0,0,1,1
2026,,2026-04-04,825104,away,ATL,ARI,686948,Drake Baldwin,30,C,4,3,0,0,0,0,0,0,0,0,0,0,0
2026,,2026-04-04,825104,away,ATL,ARI,621566,Matt Olson,28,1B,4,3,0,1,1,0,0,0,1,1,0,2,2
2026,,2026-04-04,825104,away,ATL,ARI,642086,Dominic Smith,8,DH,3,3,0,1,0,0,0,1,0,0,0,1,1
2026,,2026-04-04,825104,away,ATL,ARI,660670,Ronald Acuña Jr.,13,RF,4,3,0,0,0,0,0,0,1,0,0,0,1
2026,,2026-04-04,825104,away,ATL,ARI,645277,Ozzie Albies,1,2B,4,4,0,0,0,0,0,0,0,1,0,0,1
2026,,2026-04-04,825104,away,ATL,ARI,663586,Austin Riley,27,3B,4,4,0,0,0,0,0,0,0,2,0,0,4
2026,,2026-04-04,825104,away,ATL,ARI,573262,Mike Yastrzemski,18,LF,4,3,1,0,0,0,0,0,1,2,0,0,0
2026,,2026-04-04,825104,home,ARI,ATL,680728,Adrian Del Castillo,25,DH,3,3,0,0,0,0,0,0,0,2,0,0,2
2026,,2026-04-04,825104,home,ARI,ATL,571448,Nolan Arenado,28,3B,3,3,1,1,0,0,0,0,0,0,0,1,0
2026,,2026-04-04,825104,home,ARI,ATL,606466,Ketel Marte,4,2B,3,3,0,0,0,0,0,0,0,2,0,0,0
2026,,2026-04-04,825104,home,ARI,ATL,672695,Geraldo Perdomo,2,SS,3,3,0,0,0,0,0,0,0,0,0,0,1
2026,,2026-04-04,825104,home,ARI,ATL,699912,Jose Fernandez,11,1B,3,3,0,1,0,0,0,0,0,2,0,1,0
2026,,2026-04-04,825104,home,ARI,ATL,672515,Gabriel Moreno,14,C,3,3,1,2,0,0,0,0,0,0,0,2,0
2026,,2026-04-04,825104,home,ARI,ATL,682998,Corbin Carroll,7,RF,3,2,0,0,0,0,0,0,1,1,0,0,0
2026,,2026-04-04,825104,home,ARI,ATL,677950,Alek Thomas,5,CF,3,3,0,0,0,0,0,0,0,1,0,0,1
2026,,2026-04-04,825104,home,ARI,ATL,678489,Jorge Barrosa,1,LF,3,3,0,0,0,0,0,0,0,1,0,0,1
2026,,2026-04-04,824378,away,PHI,COL,669016,Brandon Marsh,16,LF,4,4,1,1,0,0,0,0,0,1,0,1,2
2026,,2026-04-04,824378,away,PHI,COL,702222,Justin Crawford,2,CF,4,4,0,1,0,0,0,0,0,0,1,1,2
2026,,2026-04-04,824378,away,PHI,COL,547180,Bryce Harper,3,1B,4,4,0,0,0,0,0,0,0,0,0,0,5
2026,,2026-04-04,824378,away,PHI,COL,592663,J.T. Realmuto,10,C,4,3,0,0,0,0,0,0,1,1,0,0,0
2026,,2026-04-04,824378,away,PHI,COL,664761,Alec Bohm,28,3B,4,4,0,1,0,0,0,0,0,1,0,1,1
2026,,2026-04-04,824378,away,PHI,COL,681082,Bryson Stott,5,2B,4,3,0,1,0,0,0,0,1,0,1,1,1
2026,,2026-04-04,824378,away,PHI,COL,656941,Kyle Schwarber,12,DH,5,4,0,1,1,0,0,1,1,2,0,2,3
2026,,2026-04-04,824378,away,PHI,COL,666969,Adolis García,53,RF,4,4,0,0,0,0,0,0,0,3,0,0,4
2026,,2026-04-04,824378,away,PHI,COL,607208,Trea Turner,7,SS,5,4,1,2,1,0,0,1,1,2,0,3,1
2026,,2026-04-04,824378,home,COL,PHI,666160,Mickey Moniak,22,PH,1,1,0,0,0,0,0,0,0,0,0,0,1
2026,,2026-04-04,824378,home,COL,PHI,680767,Victor Vodnik,38,P,0,0,0,0,0,0,0,0,0,0,0,0,0
2026,,2026-04-04,824378,home,COL,PHI,664983,Jake McCarthy,31,CF,0,0,0,0,0,0,0,0,0,0,0,0,0
2026,,2026-04-04,824378,home,COL,PHI,687859,Troy Johnston,20,1B,3,2,1,1,0,0,0,0,1,0,0,1,0
2026,,2026-04-04,824378,home,COL,PHI,650489,Willi Castro,3,2B,4,4,0,0,0,0,0,0,0,3,0,0,1
2026,,2026-04-04,824378,home,COL,PHI,671289,Tyler Freeman,2,RF,4,4,0,1,0,0,0,0,0,0,1,1,2
2026,,2026-04-04,824378,home,COL,PHI,696100,Hunter Goodman,15,C,4,4,0,0,0,0,0,0,0,3,0,0,2
2026,,2026-04-04,824378,home,COL,PHI,687597,Jordan Beck,27,LF,3,3,0,0,0,0,0,0,0,1,0,0,1
2026,,2026-04-04,824378,home,COL,PHI,664954,Brett Sullivan,26,C,3,3,0,2,0,0,0,1,0,1,0,2,1
2026,,2026-04-04,824378,home,COL,PHI,686668,Brenton Doyle,9,CF,3,3,0,0,0,0,0,0,0,2,0,0,2
2026,,2026-04-04,824378,home,COL,PHI,678662,Ezequiel Tovar,14,SS,4,4,0,1,0,0,0,0,0,2,0,1,0
2026,,2026-04-04,824378,home,COL,PHI,681198,TJ Rumfield,7,PH,1,1,0,0,0,0,0,0,0,0,0,0,0
2026,,2026-04-04,824378,home,COL,PHI,691720,Kyle Karros,12,3B,3,3,0,1,0,0,0,0,0,1,0,1,3
2026,,2026-04-04,823239,away,NYM,SFG,620443,Luis Torrens,13,C,4,4,1,1,0,0,0,1,0,0,0,1,3
2026,,2026-04-04,823239,away,NYM,SFG,666182,Bo Bichette,19,3B,5,5,1,2,0,0,0,1,0,2,0,2,0
2026,,2026-04-04,823239,away,NYM,SFG,621438,Tyrone Taylor,15,LF,3,3,1,2,0,0,1,4,0,0,0,5,0
2026,,2026-04-04,823239,away,NYM,SFG,668901,Mark Vientos,27,1B,5,5,2,3,1,0,0,1,0,0,0,4,1
2026,,2026-04-04,823239,away,NYM,SFG,683146,Brett Baty,7,RF,5,5,2,2,1,0,0,0,0,1,0,3,0
2026,,2026-04-04,823239,away,NYM,SFG,701807,Carson Benge,3,CF,4,4,0,0,0,0,0,1,0,2,0,0,5
2026,,2026-04-04,823239,away,NYM,SFG,543760,Marcus Semien,10,2B,4,3,1,2,0,0,0,0,1,1,0,2,1
2026,,2026-04-04,823239,away,NYM,SFG,596019,Francisco Lindor,12,SS,5,5,0,0,0,0,0,0,0,2,0,0,2
2026,,2026-04-04,823239,away,NYM,SFG,593871,Jorge Polanco,11,DH,5,5,0,0,0,0,0,0,0,2,0,0,2
2026,,2026-04-04,823239,away,NYM,SFG,676724,Jared Young,29,LF,2,1,1,0,0,0,0,0,1,0,0,0,1
2026,,2026-04-04,823239,home,SFG,NYM,666464,Jerar Encarnacion,19,1B,3,3,0,1,0,0,0,0,0,0,0,1,0
2026,,2026-04-04,823239,home,SFG,NYM,671218,Heliot Ramos,17,LF,4,4,0,0,0,0,0,0,0,1,0,0,2
2026,,2026-04-04,823239,home,SFG,NYM,672275,Patrick Bailey,14,C,3,3,0,0,0,0,0,0,0,0,0,0,2
2026,,2026-04-04,823239,home,SFG,NYM,656305,Matt Chapman,26,3B,4,4,0,1,0,0,0,0,0,0,0,1,0
2026,,2026-04-04,823239,home,SFG,NYM,808982,Jung Hoo Lee,51,RF,3,2,0,1,0,0,0,0,1,1,0,1,1
2026,,2026-04-04,823239,home,SFG,NYM,646240,Rafael Devers,16,DH,4,4,0,0,0,0,0,0,0,1,0,0,2
2026,,2026-04-04,823239,home,SFG,NYM,666931,Jared Oliva,56,CF,0,0,0,0,0,0,0,0,0,0,0,0,0
2026,,2026-04-04,823239,home,SFG,NYM,664056,Harrison Bader,9,CF,3,3,0,0,0,0,0,0,0,2,0,0,3
2026,,2026-04-04,823239,home,SFG,NYM,642715,Willy Adames,2,SS,4,3,0,0,0,0,0,0,1,0,0,0,1
2026,,2026-04-04,823239,home,SFG,NYM,650333,Luis Arraez,1,2B,4,4,0,0,0,0,0,0,0,0,0,0,1
2026,,2026-04-04,823239,home,SFG,NYM,691740,Daniel Susac,6,C,0,0,0,0,0,0,0,0,0,0,0,0,0
2026,,2026-04-04,824054,away,SEA,LAA,647304,Josh Naylor,12,1B,4,3,0,1,0,0,0,0,1,0,0,1,0
2026,,2026-04-04,824054,away,SEA,LAA,702284,Cole Young,2,2B,4,3,0,0,0,0,0,0,0,2,0,0,1
2026,,2026-04-04,824054,away,SEA,LAA,668227,Randy Arozarena,56,LF,4,4,0,1,0,0,0,0,0,1,0,1,5
2026,,2026-04-04,824054,away,SEA,LAA,641487,J.P. Crawford,3,SS,4,3,0,1,1,0,0,0,1,1,0,2,0
2026,,2026-04-04,824054,away,SEA,LAA,686527,Dominic Canzone,8,DH,3,3,0,0,0,0,0,0,0,1,0,0,0
2026,,2026-04-04,824054,away,SEA,LAA,663728,Cal Raleigh,29,C,4,4,0,0,0,0,0,0,0,1,0,0,3
2026,,2026-04-04,824054,away,SEA,LAA,608701,Rob Refsnyder,30,DH,1,1,0,0,0,0,0,0,0,0,0,0,1
2026,,2026-04-04,824054,away,SEA,LAA,660844,Leo Rivas,76,3B,4,3,0,0,0,0,0,0,1,2,0,0,3
2026,,2026-04-04,824054,away,SEA,LAA,677594,Julio Rodríguez,44,CF,4,4,0,2,0,0,0,0,0,0,0,2,0
2026,,2026-04-04,824054,away,SEA,LAA,670042,Luke Raley,20,RF,4,4,0,0,0,0,0,0,0,2,0,0,3
2026,,2026-04-04,824054,home,LAA,SEA,624428,Adam Frazier,20,2B,0,0,0,0,0,0,0,0,0,0,0,0,0
2026,,2026-04-04,824054,home,LAA,SEA,672724,Oswald Peraza,2,3B,3,3,0,0,0,0,0,0,0,0,0,0,1
2026,,2026-04-04,824054,home,LAA,SEA,687263,Zach Neto,9,SS,4,4,1,2,0,0,1,1,0,1,0,5,0
2026,,2026-04-04,824054,home,LAA,SEA,624585,Jorge Soler,12,DH,3,3,0,1,0,0,0,0,0,2,0,1,0
2026,,2026-04-04,824054,home,LAA,SEA,660162,Yoán Moncada,10,3B,3,3,0,0,0,0,0,0,0,2,0,0,2
2026,,2026-04-04,824054,home,LAA,SEA,545361,Mike Trout,27,CF,4,4,0,0,0,0,0,0,0,1,0,0,1
2026,,2026-04-04,824054,home,LAA,SEA,666176,Jo Adell,7,RF,3,3,0,1,0,0,0,0,0,0,0,1,0
2026,,2026-04-04,824054,home,LAA,SEA,694384,Nolan Schanuel,18,1B,3,3,0,1,1,0,0,0,0,0,0,2,1
2026,,2026-04-04,824054,home,LAA,SEA,666139,Josh Lowe,3,LF,3,3,0,1,0,0,0,0,0,0,0,1,0
2026,,2026-04-04,824054,home,LAA,SEA,669326,Bryce Teodosio,22,LF,0,0,0,0,0,0,0,0,0,0,0,0,0
2026,,2026-04-04,824054,home,LAA,SEA,681351,Logan O'Hoppe,14,C,3,3,0,1,0,0,0,0,0,1,0,1,2
2026,,2026-04-05,824459,away,CHC,CLE,624424,Michael Conforto,20,RF,3,2,0,1,0,0,0,0,1,0,0,1,1
2026,,2026-04-05,824459,away,CHC,CLE,666185,Dylan Carlson,5,RF,0,0,1,0,0,0,0,0,0,0,0,0,0
2026,,2026-04-05,824459,away,CHC,CLE,664023,Ian Happ,8,LF,4,4,0,0,0,0,0,0,0,4,0,0,1
2026,,2026-04-05,824459,away,CHC,CLE,608324,Alex Bregman,3,DH,4,4,0,0,0,0,0,0,0,0,0,0,2
2026,,2026-04-05,824459,away,CHC,CLE,683737,Michael Busch,29,1B,4,4,0,0,0,0,0,0,0,1,0,0,3
2026,,2026-04-05,824459,away,CHC,CLE,691718,Pete Crow-Armstrong,4,CF,4,4,0,0,0,0,0,0,0,2,0,0,0
2026,,2026-04-05,824459,away,CHC,CLE,665804,Miguel Amaya,9,C,3,2,0,1,0,0,0,1,1,1,0,1,1
2026,,2026-04-05,824459,away,CHC,CLE,621020,Dansby Swanson,7,SS,4,4,0,0,0,0,0,0,0,1,0,0,2
2026,,2026-04-05,824459,away,CHC,CLE,663538,Nico Hoerner,2,2B,4,2,0,0,0,0,0,0,0,1,0,0,0
2026,,2026-04-05,824459,away,CHC,CLE,807713,Matt Shaw,6,3B,3,2,0,0,0,0,0,0,0,0,0,0,2
2026,,2026-04-05,824459,home,CLE,CHC,800050,Chase DeLauter,24,RF,4,3,0,0,0,0,0,0,1,0,0,0,2
2026,,2026-04-05,824459,home,CLE,CHC,682177,Daniel Schneemann,10,3B,4,4,0,0,0,0,0,0,0,2,0,0,1
2026,,2026-04-05,824459,home,CLE,CHC,677587,Brayan Rocchio,4,2B,3,1,0,0,0,0,0,0,2,0,0,0,1
2026,,2026-04-05,824459,home,CLE,CHC,672356,Gabriel Arias,13,SS,3,3,0,0,0,0,0,0,0,1,0,0,3
2026,,2026-04-05,824459,home,CLE,CHC,666310,Bo Naylor,23,C,4,3,0,0,0,0,0,0,1,0,0,0,3
2026,,2026-04-05,824459,home,CLE,CHC,681807,David Fry,6,PH,1,1,0,0,0,0,0,0,0,0,0,0,1
2026,,2026-04-05,824459,home,CLE,CHC,608070,José Ramírez,11,DH,4,3,0,0,0,0,0,0,1,1,0,0,1
2026,,2026-04-05,824459,home,CLE,CHC,680757,Steven Kwan,38,CF,4,2,0,0,0,0,0,0,0,1,0,0,0
2026,,2026-04-05,824459,home,CLE,CHC,682657,Angel Martínez,1,LF,0,0,0,0,0,0,0,0,0,0,0,0,0
2026,,2026-04-05,824459,home,CLE,CHC,700932,Kyle Manzardo,9,1B,4,3,0,0,0,0,0,0,1,0,0,0,1
2026,,2026-04-05,824459,home,CLE,CHC,692216,CJ Kayfus,2,LF,2,2,0,1,1,0,0,0,0,0,0,2,0
2026,,2026-04-05,824460,away,CHC,CLE,666185,Dylan Carlson,5,LF,3,3,0,0,0,0,0,0,0,2,0,0,2
2026,,2026-04-05,824460,away,CHC,CLE,664023,Ian Happ,8,DH,5,5,1,2,0,0,1,2,0,2,0,5,0
2026,,2026-04-05,824460,away,CHC,CLE,664068,Scott Kingery,12,PR,0,0,0,0,0,0,0,0,0,0,1,0,0
2026,,2026-04-05,824460,away,CHC,CLE,608324,Alex Bregman,3,3B,5,4,0,0,0,0,0,0,1,1,0,0,4
2026,,2026-04-05,824460,away,CHC,CLE,608348,Carson Kelly,15,C,5,4,1,1,0,0,0,0,1,2,0,1,2
2026,,2026-04-05,824460,away,CHC,CLE,683737,Michael Busch,29,1B,4,3,0,0,0,0,0,0,1,1,0,0,2
2026,,2026-04-05,824460,away,CHC,CLE,691718,Pete Crow-Armstrong,4,CF,4,4,0,1,0,0,0,0,0,0,0,1,0
2026,,2026-04-05,824460,away,CHC,CLE,694208,Moisés Ballesteros,25,PH,1,1,0,0,0,0,0,0,0,1,0,0,0
2026,,2026-04-05,824460,away,CHC,CLE,621020,Dansby Swanson,7,SS,4,4,1,1,0,0,1,2,0,2,0,4,2
2026,,2026-04-05,824460,away,CHC,CLE,663538,Nico Hoerner,2,2B,5,3,1,1,1,0,0,0,2,0,0,2,2
2026,,2026-04-05,824460,away,CHC,CLE,807713,Matt Shaw,6,RF,4,3,1,1,0,0,1,1,1,1,0,4,1
2026,,2026-04-05,824460,home,CLE,CHC,800050,Chase DeLauter,24,DH,4,3,1,1,0,0,0,1,0,1,0,1,2
2026,,2026-04-05,824460,home,CLE,CHC,595978,Austin Hedges,27,C,4,4,0,2,1,0,0,1,0,0,0,3,2
2026,,2026-04-05,824460,home,CLE,CHC,677587,Brayan Rocchio,4,2B,4,4,0,0,0,0,0,0,0,1,0,0,3
2026,,2026-04-05,824460,home,CLE,CHC,672356,Gabriel Arias,13,SS,4,4,0,2,0,0,0,2,0,0,0,2,1
2026,,2026-04-05,824460,home,CLE,CHC,681807,David Fry,6,RF,2,1,0,1,0,0,0,0,1,0,0,1,0
2026,,2026-04-05,824460,home,CLE,CHC,608070,José Ramírez,11,3B,4,4,0,0,0,0,0,0,0,0,0,0,2
2026,,2026-04-05,824460,home,CLE,CHC,680757,Steven Kwan,38,CF,5,5,1,1,1,0,0,0,0,1,0,2,2
2026,,2026-04-05,824460,home,CLE,CHC,682657,Angel Martínez,1,LF,4,3,1,0,0,0,0,0,1,0,0,0,0
2026,,2026-04-05,824460,home,CLE,CHC,692216,CJ Kayfus,2,RF,2,2,2,2,0,0,1,2,0,0,0,5,0
2026,,2026-04-05,824460,home,CLE,CHC,656555,Rhys Hoskins,8,1B,4,2,1,0,0,0,0,0,2,1,0,0,1
2026,,2026-04-05,822756,away,LAD,WSN,669257,Will Smith,16,C,1,0,0,0,0,0,0,0,1,0,0,0,0
2026,,2026-04-05,822756,away,LAD,WSN,687221,Dalton Rushing,68,C,3,3,1,1,0,0,1,2,0,1,0,4,2
2026,,2026-04-05,822756,away,LAD,WSN,663656,Kyle Tucker,23,PH,1,1,0,0,0,0,0,1,0,0,0,0,2
2026,,2026-04-05,822756,away,LAD,WSN,518692,Freddie Freeman,5,1B,5,5,1,1,0,0,0,0,0,0,0,1,4
2026,,2026-04-05,822756,away,LAD,WSN,808975,Hyeseong Kim,6,2B,0,0,0,0,0,0,0,0,0,0,0,0,0
2026,,2026-04-05,822756,away,LAD,WSN,669289,Santiago Espinal,21,3B,4,4,1,1,0,0,0,2,0,0,0,1,4
2026,,2026-04-05,822756,away,LAD,WSN,660271,Shohei Ohtani,17,DH,5,4,1,2,1,0,1,2,0,1,0,6,0
2026,,2026-04-05,822756,away,LAD,WSN,606192,Teoscar Hernández,37,LF,5,4,1,2,0,0,1,1,1,1,0,5,0
2026,,2026-04-05,822756,away,LAD,WSN,681624,Andy Pages,44,CF,5,4,1,1,1,0,0,0,1,3,0,2,2
2026,,2026-04-05,822756,away,LAD,WSN,669743,Alex Call,12,RF,5,3,2,2,1,0,0,0,2,0,0,3,0
2026,,2026-04-05,822756,away,LAD,WSN,500743,Miguel Rojas,72,SS,5,5,0,1,0,0,0,0,0,2,0,1,2
2026,,2026-04-05,822756,away,LAD,WSN,690976,Alex Freeland,76,2B,3,3,0,0,0,0,0,0,0,2,0,0,0
2026,,2026-04-05,822756,home,WSN,LAD,691781,Brady House,12,3B,1,1,0,0,0,0,0,0,0,1,0,0,1
2026,,2026-04-05,822756,home,WSN,LAD,682928,CJ Abrams,5,SS,4,3,1,1,0,0,0,0,1,1,1,1,0
2026,,2026-04-05,822756,home,WSN,LAD,683083,Nasim Nuñez,26,2B,5,4,0,1,0,0,0,0,1,0,2,1,1
2026,,2026-04-05,822756,home,WSN,LAD,686452,Drew Millas,14,C,0,0,0,0,0,0,0,0,0,0,0,0,0
2026,,2026-04-05,822756,home,WSN,LAD,678391,Jorbit Vivas,84,3B,3,2,0,1,0,0,0,0,1,1,0,1,1
2026,,2026-04-05,822756,home,WSN,LAD,686894,Joey Wiemer,21,CF,4,4,0,0,0,0,0,0,0,2,0,0,1
2026,,2026-04-05,822756,home,WSN,LAD,678554,Curtis Mead,45,DH,2,1,0,0,0,0,0,0,1,0,0,0,1
2026,,2026-04-05,822756,home,WSN,LAD,695734,Daylen Lile,4,LF,4,4,0,0,0,0,0,0,0,1,0,0,2
2026,,2026-04-05,822756,home,WSN,LAD,677588,José Tena,8,DH,2,2,1,1,0,0,0,0,0,0,0,1,0
2026,,2026-04-05,822756,home,WSN,LAD,695578,James Wood,29,RF,5,4,2,1,0,0,1,3,1,1,0,4,2
2026,,2026-04-05,822756,home,WSN,LAD,696285,Jacob Young,30,PH,1,1,0,0,0,0,0,0,0,0,0,0,1
2026,,2026-04-05,822756,home,WSN,LAD,660688,Keibert Ruiz,20,C,3,3,1,1,0,0,0,1,0,0,0,1,2
2026,,2026-04-05,822756,home,WSN,LAD,671277,Luis García Jr.,2,1B,5,5,1,1,0,0,1,2,0,1,0,4,2
2026,,2026-04-05,823405,away,BAL,PIT,669236,Jeremiah Jackson,82,2B,3,3,0,1,0,0,0,1,0,0,0,1,1
2026,,2026-04-05,823405,away,BAL,PIT,694212,Samuel Basallo,29,C,4,4,0,0,0,0,0,0,0,4,0,0,1
2026,,2026-04-05,823405,away,BAL,PIT,683002,Gunnar Henderson,2,SS,4,4,0,0,0,0,0,0,0,1,0,0,2
2026,,2026-04-05,823405,away,BAL,PIT,665750,Leody Taveras,30,CF,3,3,0,1,0,0,0,0,0,2,0,1,2
2026,,2026-04-05,823405,away,BAL,PIT,621493,Taylor Ward,3,LF,4,4,1,3,1,0,0,0,0,1,0,4,0
2026,,2026-04-05,823405,away,BAL,PIT,687637,Dylan Beavers,12,DH,4,4,0,1,0,0,0,0,0,1,0,1,0
2026,,2026-04-05,823405,away,BAL,PIT,641933,Tyler O'Neill,9,RF,4,4,1,1,0,0,0,0,0,2,0,1,1
2026,,2026-04-05,823405,away,BAL,PIT,677942,Blaze Alexander,23,3B,3,3,0,0,0,0,0,0,0,2,0,0,3
2026,,2026-04-05,823405,away,BAL,PIT,624413,Pete Alonso,25,1B,4,4,0,1,1,0,0,1,0,1,0,2,0
2026,,2026-04-05,823405,home,PIT,BAL,694377,Nick Yorke,38,3B,4,3,0,1,0,0,0,0,0,1,0,1,1
2026,,2026-04-05,823405,home,PIT,BAL,687462,Spencer Horwitz,2,1B,4,2,1,1,0,0,0,0,2,0,0,1,0
2026,,2026-04-05,823405,home,PIT,BAL,664040,Brandon Lowe,5,2B,5,5,1,1,0,0,0,0,0,0,0,1,4
2026,,2026-04-05,823405,home,PIT,BAL,668804,Bryan Reynolds,10,DH,5,2,1,0,0,0,0,1,2,0,0,0,1
2026,,2026-04-05,823405,home,PIT,BAL,665833,Oneil Cruz,15,CF,5,4,2,2,0,0,1,3,0,0,0,5,0
2026,,2026-04-05,823405,home,PIT,BAL,663968,Jake Mangum,28,LF,4,4,2,2,0,0,0,0,0,0,0,2,1
2026,,2026-04-05,823405,home,PIT,BAL,695257,Billy Cook,25,RF,0,0,0,0,0,0,0,0,0,0,0,0,0
2026,,2026-04-05,823405,home,PIT,BAL,680779,Henry Davis,32,C,4,4,0,1,0,0,0,0,0,0,0,1,3
2026,,2026-04-05,823405,home,PIT,BAL,804606,Konnor Griffin,6,SS,4,3,0,0,0,0,0,0,1,1,0,0,3
2026,,2026-04-05,823405,home,PIT,BAL,656811,Ryan O'Hearn,29,RF,5,5,1,2,1,0,1,4,0,1,0,6,2
2026,,2026-04-05,824781,away,SDP,BOS,669134,Luis Campusano,12,C,3,3,1,1,0,0,0,0,0,2,0,1,0
2026,,2026-04-05,824781,away,SDP,BOS,666023,Freddy Fermin,54,C,0,0,0,0,0,0,0,0,0,0,0,0,0
2026,,2026-04-05,824781,away,SDP,BOS,592206,Nick Castellanos,21,1B,3,3,0,1,0,0,0,2,0,0,0,1,1
2026,,2026-04-05,824781,away,SDP,BOS,701538,Jackson Merrill,3,CF,5,5,3,3,0,0,1,2,0,0,0,6,1
2026,,2026-04-05,824781,away,SDP,BOS,657757,Gavin Sheets,30,PH,1,1,1,1,1,0,0,0,0,0,0,2,0
2026,,2026-04-05,824781,away,SDP,BOS,657656,Ramón Laureano,5,LF,5,5,0,0,0,0,0,0,0,1,0,0,2
2026,,2026-04-05,824781,away,SDP,BOS,592518,Manny Machado,13,3B,4,4,2,2,0,0,1,3,0,1,0,5,0
2026,,2026-04-05,824781,away,SDP,BOS,609280,Miguel Andujar,41,DH,4,3,0,0,0,0,0,0,1,2,0,0,2
2026,,2026-04-05,824781,away,SDP,BOS,664034,Ty France,25,1B,1,1,0,0,0,0,0,0,0,0,0,0,2
2026,,2026-04-05,824781,away,SDP,BOS,665487,Fernando Tatis Jr.,23,RF,5,3,1,1,1,0,0,1,1,1,0,2,1
2026,,2026-04-05,824781,away,SDP,BOS,593428,Xander Bogaerts,2,SS,4,3,0,3,1,0,0,0,1,0,0,4,0
2026,,2026-04-05,824781,away,SDP,BOS,630105,Jake Cronenworth,9,2B,4,4,0,0,0,0,0,0,0,0,0,0,5
2026,,2026-04-05,824781,home,BOS,SDP,701350,Roman Anthony,19,DH,5,4,1,0,0,0,0,0,1,1,0,0,2
2026,,2026-04-05,824781,home,BOS,SDP,575929,Willson Contreras,40,1B,5,4,1,0,0,0,0,0,1,2,0,0,2
2026,,2026-04-05,824781,home,BOS,SDP,596115,Trevor Story,10,SS,5,5,0,1,0,0,0,0,0,2,0,1,2
2026,,2026-04-05,824781,home,BOS,SDP,677800,Wilyer Abreu,52,RF,4,4,2,3,1,1,0,1,0,0,0,6,1
2026,,2026-04-05,824781,home,BOS,SDP,702332,Caleb Durbin,5,3B,4,3,0,0,0,0,0,0,1,0,0,0,3
2026,,2026-04-05,824781,home,BOS,SDP,665966,Carlos Narváez,75,C,4,3,1,1,0,0,0,0,1,0,0,1,0
2026,,2026-04-05,824781,home,BOS,SDP,680776,Jarren Duran,16,LF,5,5,1,1,1,0,0,2,0,3,0,2,1
2026,,2026-04-05,824781,home,BOS,SDP,678882,Ceddanne Rafaela,3,CF,0,0,0,0,0,0,0,0,0,0,0,0,0
2026,,2026-04-05,824781,home,BOS,SDP,807799,Masataka Yoshida,7,LF,4,4,0,3,2,0,0,3,0,0,1,5,1
2026,,2026-04-05,824781,home,BOS,SDP,691785,Marcelo Mayer,11,2B,4,4,0,0,0,0,0,0,0,2,0,0,3
2026,,2026-04-05,823566,away,MIA,NYY,665052,Griffin Conine,18,LF,1,0,1,0,0,0,0,0,0,0,0,0,0
2026,,2026-04-05,823566,away,MIA,NYY,681715,Heriberto Hernández,13,LF,3,3,0,0,0,0,0,1,0,0,0,0,2
2026,,2026-04-05,823566,away,MIA,NYY,805300,Jakob Marsee,87,CF,5,3,2,0,0,0,0,0,2,2,0,0,2
2026,,2026-04-05,823566,away,MIA,NYY,691594,Javier Sanoja,8,3B,4,4,0,0,0,0,0,0,0,1,0,0,1
2026,,2026-04-05,823566,away,MIA,NYY,669364,Xavier Edwards,9,2B,4,4,0,2,1,0,0,3,0,0,1,3,2
2026,,2026-04-05,823566,away,MIA,NYY,688363,Graham Pauley,21,1B,1,1,1,1,1,0,0,2,0,0,0,2,0
2026,,2026-04-05,823566,away,MIA,NYY,689414,Liam Hicks,34,C,4,4,0,0,0,0,0,0,0,0,0,0,2
2026,,2026-04-05,823566,away,MIA,NYY,683357,Owen Caissie,17,RF,2,2,0,0,0,0,0,0,0,2,0,0,0
2026,,2026-04-05,823566,away,MIA,NYY,682663,Agustín Ramírez,50,DH,5,5,0,0,0,0,0,0,0,3,0,0,2
2026,,2026-04-05,823566,away,MIA,NYY,681393,Connor Norby,1,1B,3,1,1,0,0,0,0,0,2,0,0,0,1
2026,,2026-04-05,823566,away,MIA,NYY,596103,Austin Slater,15,RF,3,3,1,2,0,0,0,0,0,1,1,2,0
2026,,2026-04-05,823566,away,MIA,NYY,672640,Otto Lopez,6,SS,4,3,1,2,0,0,0,1,1,0,1,2,0
2026,,2026-04-05,823566,home,NYY,MIA,676609,José Caballero,72,SS,4,4,0,0,0,0,0,0,0,0,0,0,0
2026,,2026-04-05,823566,home,NYY,MIA,592450,Aaron Judge,99,RF,5,5,2,2,1,0,0,0,0,1,0,3,0
2026,,2026-04-05,823566,home,NYY,MIA,641857,Ryan McMahon,19,3B,4,3,0,1,0,0,0,0,1,1,0,1,0
2026,,2026-04-05,823566,home,NYY,MIA,669224,Austin Wells,28,C,5,4,0,0,0,0,0,0,1,2,0,0,3
2026,,2026-04-05,823566,home,NYY,MIA,700250,Ben Rice,22,1B,5,2,2,1,0,0,1,3,3,0,0,4,1
2026,,2026-04-05,823566,home,NYY,MIA,641555,J.C. Escarra,25,PH,1,1,0,0,0,0,0,0,0,1,0,0,2
2026,,2026-04-05,823566,home,NYY,MIA,641355,Cody Bellinger,35,LF,5,2,1,0,0,0,0,0,3,0,0,0,2
2026,,2026-04-05,823566,home,NYY,MIA,519317,Giancarlo Stanton,27,DH,5,5,0,2,0,0,0,0,0,2,0,2,6
2026,,2026-04-05,823566,home,NYY,MIA,665862,Jazz Chisholm Jr.,13,2B,5,5,0,1,1,0,0,2,0,0,0,2,7
2026,,2026-04-05,823566,home,NYY,MIA,663757,Trent Grisham,12,CF,5,4,1,0,0,0,0,0,1,2,0,0,2
2026,,2026-04-05,823729,away,TBR,MIN,680700,Richie Palacios,1,2B,4,3,1,2,0,0,1,2,1,0,1,5,0
2026,,2026-04-05,823729,away,TBR,MIN,641584,Jake Fraley,17,RF,1,1,0,0,0,0,0,0,0,0,0,0,0
2026,,2026-04-05,823729,away,TBR,MIN,802415,Chandler Simpson,14,LF,5,5,0,1,0,0,0,0,0,0,0,1,3
2026,,2026-04-05,823729,away,TBR,MIN,676356,Jonny DeLuca,21,RF,3,3,0,0,0,0,0,0,0,1,0,0,3
2026,,2026-04-05,823729,away,TBR,MIN,676439,Hunter Feduccia,9,C,2,1,0,1,0,0,0,0,1,0,0,1,0
2026,,2026-04-05,823729,away,TBR,MIN,666018,Jonathan Aranda,8,1B,5,4,0,0,0,0,0,0,1,0,0,0,1
2026,,2026-04-05,823729,away,TBR,MIN,663743,Nick Fortes,40,C,2,2,0,1,0,0,0,0,0,0,0,1,2
2026,,2026-04-05,823729,away,TBR,MIN,650490,Yandy Díaz,2,DH,5,4,1,1,0,0,0,0,1,1,0,1,3
2026,,2026-04-05,823729,away,TBR,MIN,810938,Ben Williamson,15,SS,4,4,1,1,0,0,0,0,0,2,0,1,0
2026,,2026-04-05,823729,away,TBR,MIN,691406,Junior Caminero,13,3B,5,4,1,1,0,0,1,2,1,0,0,4,1
2026,,2026-04-05,823729,away,TBR,MIN,656775,Cedric Mullins,31,CF,5,5,0,0,0,0,0,0,0,1,0,0,3
2026,,2026-04-05,823729,home,MIN,TBR,665019,Kody Clemens,2,1B,4,4,0,0,0,0,0,0,0,1,0,0,2
2026,,2026-04-05,823729,home,MIN,TBR,686797,Brooks Lee,22,SS,3,2,0,0,0,0,0,0,1,0,0,0,0
2026,,2026-04-05,823729,home,MIN,TBR,668885,Austin Martin,16,CF,3,3,0,1,0,0,0,0,0,1,0,1,1
2026,,2026-04-05,823729,home,MIN,TBR,656484,Tristan Gray,4,3B,3,3,0,0,0,0,0,0,0,1,0,0,2
2026,,2026-04-05,823729,home,MIN,TBR,605137,Josh Bell,56,PH,1,1,0,0,0,0,0,0,0,0,0,0,1
2026,,2026-04-05,823729,home,MIN,TBR,680777,Ryan Jeffers,27,C,4,4,0,0,0,0,0,0,0,1,0,0,2
2026,,2026-04-05,823729,home,MIN,TBR,663616,Trevor Larnach,9,LF,4,3,0,0,0,0,0,0,1,0,0,0,1
2026,,2026-04-05,823729,home,MIN,TBR,621439,Byron Buxton,25,DH,4,4,0,0,0,0,0,0,0,1,0,0,0
2026,,2026-04-05,823729,home,MIN,TBR,670242,Matt Wallner,38,RF,4,4,1,2,0,0,1,1,0,2,0,5,0
2026,,2026-04-05,823729,home,MIN,TBR,807712,Luke Keaschall,15,2B,4,4,0,0,0,0,0,0,0,0,0,0,0
2026,,2026-04-05,824620,away,TOR,CHW,676391,Ernie Clement,22,2B,4,4,0,2,0,0,0,0,0,1,0,2,1
2026,,2026-04-05,824620,away,TOR,CHW,662139,Daulton Varsho,5,CF,4,4,0,1,0,0,0,0,0,1,0,1,1
2026,,2026-04-05,824620,away,TOR,CHW,665926,Andrés Giménez,0,SS,4,3,0,0,0,0,0,0,1,1,0,0,4
2026,,2026-04-05,824620,away,TOR,CHW,678218,Brandon Valenzuela,59,C,3,3,0,1,0,0,0,0,0,2,0,1,2
2026,,2026-04-05,824620,away,TOR,CHW,664770,Nathan Lukes,38,LF,4,4,0,0,0,0,0,0,0,1,0,0,3
2026,,2026-04-05,824620,away,TOR,CHW,680718,Addison Barger,47,RF,3,3,0,0,0,0,0,0,0,0,0,0,4
2026,,2026-04-05,824620,away,TOR,CHW,543807,George Springer,4,DH,4,4,0,1,0,0,0,0,0,1,0,1,4
2026,,2026-04-05,824620,away,TOR,CHW,665489,Vladimir Guerrero Jr.,27,1B,4,3,0,1,0,0,0,0,1,0,0,1,0
2026,,2026-04-05,824620,away,TOR,CHW,660821,Jesús Sánchez,12,RF,1,1,0,0,0,0,0,0,0,0,0,0,0
2026,,2026-04-05,824620,away,TOR,CHW,672960,Kazuma Okamoto,7,3B,4,3,0,0,0,0,0,0,1,2,0,0,0
2026,,2026-04-05,824620,home,CHW,TOR,672820,Lenyn Sosa,50,DH,3,3,0,1,1,0,0,1,0,0,0,2,3
2026,,2026-04-05,824620,home,CHW,TOR,695020,Tanner Murray,41,SS,2,2,0,0,0,0,0,0,0,0,0,0,1
2026,,2026-04-05,824620,home,CHW,TOR,682668,Luisangel Acuña,0,CF,4,4,1,2,0,0,0,0,0,0,1,2,2
2026,,2026-04-05,824620,home,CHW,TOR,808959,Munetaka Murakami,5,1B,4,3,1,0,0,0,0,0,1,1,0,0,2
2026,,2026-04-05,824620,home,CHW,TOR,805367,Chase Meidroth,10,2B,4,4,1,1,1,0,0,0,0,1,0,2,3
2026,,2026-04-05,824620,home,CHW,TOR,695657,Colson Montgomery,12,SS,2,2,0,1,0,0,0,0,0,1,0,1,1
2026,,2026-04-05,824620,home,CHW,TOR,669720,Austin Hays,21,LF,4,4,0,1,0,0,0,1,0,0,0,1,3
2026,,2026-04-05,824620,home,CHW,TOR,700337,Edgar Quero,26,C,4,2,0,1,0,0,0,0,2,0,0,1,1
2026,,2026-04-05,824620,home,CHW,TOR,643217,Andrew Benintendi,23,DH,1,1,0,0,0,0,0,0,0,0,0,0,1
2026,,2026-04-05,824620,home,CHW,TOR,656537,Derek Hill,25,RF,4,3,0,0,0,0,0,0,1,3,0,0,3
2026,,2026-04-05,824620,home,CHW,TOR,678246,Miguel Vargas,20,3B,4,4,0,1,0,1,0,1,0,0,0,3,1
2026,,2026-04-05,824131,away,MIL,KCR,650859,Luis Rengifo,13,3B,5,5,1,1,1,0,0,0,0,1,0,2,2
2026,,2026-04-05,824131,away,MIL,KCR,687401,Joey Ortiz,3,SS,4,4,0,0,0,0,0,0,0,2,0,0,4
2026,,2026-04-05,824131,away,MIL,KCR,592885,Christian Yelich,22,DH,5,5,2,2,1,1,0,1,0,1,0,5,3
2026,,2026-04-05,824131,away,MIL,KCR,641343,Jake Bauers,9,1B,1,1,1,1,1,0,0,1,0,0,0,2,0
2026,,2026-04-05,824131,away,MIL,KCR,663604,Brandon Lockridge,20,LF,5,2,1,1,0,0,0,1,2,0,1,1,0
2026,,2026-04-05,824131,away,MIL,KCR,669003,Garrett Mitchell,5,CF,1,0,0,0,0,0,0,0,1,0,0,0,0
2026,,2026-04-05,824131,away,MIL,KCR,663368,Blake Perkins,16,RF,5,5,0,1,1,0,0,1,0,3,1,2,4
2026,,2026-04-05,824131,away,MIL,KCR,661388,William Contreras,24,C,5,3,1,2,1,0,0,2,2,0,0,3,0
2026,,2026-04-05,824131,away,MIL,KCR,668930,Brice Turang,2,2B,5,3,1,0,0,0,0,0,2,0,1,0,0
2026,,2026-04-05,824131,away,MIL,KCR,682641,Luis Matos,21,RF,4,4,0,1,0,0,0,0,0,3,0,1,1
2026,,2026-04-05,824131,away,MIL,KCR,596142,Gary Sánchez,99,1B,4,3,1,1,0,0,1,2,1,1,0,4,1
2026,,2026-04-05,824131,home,KCR,MIL,663697,Jonathan India,6,2B,4,1,2,0,0,0,0,0,2,0,0,0,0
2026,,2026-04-05,824131,home,KCR,MIL,686475,Tyler Tolbert,2,2B,0,0,0,0,0,0,0,0,0,0,0,0,0
2026,,2026-04-05,824131,home,KCR,MIL,686555,Isaac Collins,1,LF,2,2,1,1,0,0,0,0,0,0,0,1,0
2026,,2026-04-05,824131,home,KCR,MIL,521692,Salvador Perez,13,C,4,4,0,1,1,0,0,0,0,0,0,2,3
2026,,2026-04-05,824131,home,KCR,MIL,679845,Nick Loftin,12,LF,2,2,0,1,0,0,0,0,0,1,0,1,1
2026,,2026-04-05,824131,home,KCR,MIL,516782,Starling Marte,0,RF,4,4,1,1,0,0,0,0,0,2,0,1,1
2026,,2026-04-05,824131,home,KCR,MIL,686469,Vinnie Pasquantino,9,1B,5,5,0,2,0,0,0,2,0,1,0,2,1
2026,,2026-04-05,824131,home,KCR,MIL,672580,Maikel Garcia,11,3B,5,5,1,2,0,0,1,3,0,1,0,5,1
2026,,2026-04-05,824131,home,KCR,MIL,657041,Lane Thomas,15,CF,4,3,0,0,0,0,0,0,1,0,0,0,3
2026,,2026-04-05,824131,home,KCR,MIL,695506,Jac Caglianone,14,DH,4,4,0,0,0,0,0,0,0,3,0,0,2
2026,,2026-04-05,824131,home,KCR,MIL,677951,Bobby Witt Jr.,7,SS,5,4,0,1,0,0,0,0,1,1,1,1,4
2026,,2026-04-05,822917,away,CIN,TEX,682829,Elly De La Cruz,44,SS,5,5,1,2,0,0,0,1,0,1,1,2,3
2026,,2026-04-05,822917,away,CIN,TEX,667472,Dane Myers,17,CF,0,0,0,0,0,0,0,0,0,0,0,0,0
2026,,2026-04-05,822917,away,CIN,TEX,701398,Sal Stewart,27,1B,4,3,0,0,0,0,0,0,1,1,1,0,3
2026,,2026-04-05,822917,away,CIN,TEX,682622,Noelvi Marte,4,RF,2,2,0,1,0,0,0,0,0,0,0,1,0
2026,,2026-04-05,822917,away,CIN,TEX,680574,Matt McLain,9,2B,5,4,1,0,0,0,0,0,1,3,1,0,5
2026,,2026-04-05,822917,away,CIN,TEX,663647,Ke'Bryan Hayes,3,3B,4,4,0,1,0,0,0,0,0,0,0,1,3
2026,,2026-04-05,822917,away,CIN,TEX,666181,Will Benson,30,RF,2,2,0,2,1,0,0,0,0,0,0,3,0
2026,,2026-04-05,822917,away,CIN,TEX,670770,TJ Friedl,29,LF,5,4,0,1,0,0,0,0,1,2,1,1,3
2026,,2026-04-05,822917,away,CIN,TEX,668715,Spencer Steer,7,LF,4,4,0,1,0,0,0,0,0,2,0,1,2
2026,,2026-04-05,822917,away,CIN,TEX,663886,Tyler Stephenson,37,C,4,4,0,0,0,0,0,0,0,2,0,0,4
2026,,2026-04-05,822917,away,CIN,TEX,553993,Eugenio Suárez,28,DH,4,3,0,1,0,0,0,1,1,1,0,1,1
2026,,2026-04-05,822917,home,TEX,CIN,694497,Evan Carter,32,CF,4,4,0,1,0,0,0,0,0,2,1,1,2
2026,,2026-04-05,822917,home,TEX,CIN,694671,Wyatt Langford,36,LF,4,4,0,0,0,0,0,0,0,1,1,0,3
2026,,2026-04-05,822917,home,TEX,CIN,669394,Jake Burger,21,1B,4,4,0,1,1,0,0,0,0,2,0,2,1
2026,,2026-04-05,822917,home,TEX,CIN,592626,Joc Pederson,3,DH,4,3,1,1,0,0,1,1,1,1,0,4,0
2026,,2026-04-05,822917,home,TEX,CIN,608369,Corey Seager,5,SS,4,4,0,0,0,0,0,0,0,2,0,0,1
2026,,2026-04-05,822917,home,TEX,CIN,673962,Josh Jung,6,3B,1,1,0,0,0,0,0,0,0,1,0,0,0
2026,,2026-04-05,822917,home,TEX,CIN,457705,Andrew McCutchen,4,PH,1,1,0,0,0,0,0,0,0,1,0,0,2
2026,,2026-04-05,822917,home,TEX,CIN,543309,Kyle Higashioka,11,C,4,3,0,1,0,0,0,0,1,1,0,1,1
2026,,2026-04-05,822917,home,TEX,CIN,677649,Ezequiel Duran,20,3B,2,2,0,0,0,0,0,0,0,0,0,0,2
2026,,2026-04-05,822917,home,TEX,CIN,607043,Brandon Nimmo,24,RF,4,4,0,2,0,0,0,0,0,2,0,2,2
2026,,2026-04-05,822917,home,TEX,CIN,669701,Josh Smith,8,2B,3,2,0,0,0,0,0,0,1,1,0,0,2
2026,,2026-04-05,822917,home,TEX,CIN,664059,Sam Haggerty,0,PH,1,1,0,0,0,0,0,0,0,1,0,0,0
2026,,2026-04-05,824379,away,PHI,COL,669016,Brandon Marsh,16,LF,4,4,0,1,1,0,0,0,0,2,0,2,2
2026,,2026-04-05,824379,away,PHI,COL,702222,Justin Crawford,2,CF,3,3,0,1,0,0,0,0,0,0,0,1,2
2026,,2026-04-05,824379,away,PHI,COL,547180,Bryce Harper,3,1B,4,4,0,0,0,0,0,0,0,2,0,0,1
2026,,2026-04-05,824379,away,PHI,COL,664761,Alec Bohm,28,3B,4,4,0,1,0,0,0,0,0,1,0,1,1
2026,,2026-04-05,824379,away,PHI,COL,681082,Bryson Stott,5,2B,4,4,0,0,0,0,0,0,0,2,0,0,1
2026,,2026-04-05,824379,away,PHI,COL,656941,Kyle Schwarber,12,DH,4,3,0,0,0,0,0,0,1,1,0,0,2
2026,,2026-04-05,824379,away,PHI,COL,665561,Rafael Marchán,13,C,4,4,0,0,0,0,0,0,0,1,0,0,4
2026,,2026-04-05,824379,away,PHI,COL,666969,Adolis García,53,RF,4,4,1,2,0,0,1,1,0,0,0,5,0
2026,,2026-04-05,824379,away,PHI,COL,607208,Trea Turner,7,SS,4,4,0,1,1,0,0,0,0,1,0,2,0
2026,,2026-04-05,824379,home,COL,PHI,666160,Mickey Moniak,22,RF,4,4,2,2,0,0,2,2,0,1,0,8,1
2026,,2026-04-05,824379,home,COL,PHI,664983,Jake McCarthy,31,CF,2,2,0,1,1,0,0,0,0,0,0,2,0
2026,,2026-04-05,824379,home,COL,PHI,687859,Troy Johnston,20,1B,4,4,0,0,0,0,0,0,0,1,0,0,0
2026,,2026-04-05,824379,home,COL,PHI,650489,Willi Castro,3,2B,3,2,0,1,0,0,0,0,1,1,0,1,0
2026,,2026-04-05,824379,home,COL,PHI,666397,Edouard Julien,6,2B,2,2,0,0,0,0,0,0,0,1,0,0,1
2026,,2026-04-05,824379,home,COL,PHI,696100,Hunter Goodman,15,C,4,4,1,2,0,0,0,0,0,2,0,2,1
2026,,2026-04-05,824379,home,COL,PHI,687597,Jordan Beck,27,LF,3,3,0,0,0,0,0,0,0,1,0,0,2
2026,,2026-04-05,824379,home,COL,PHI,686668,Brenton Doyle,9,CF,1,1,0,0,0,0,0,0,0,0,0,0,0
2026,,2026-04-05,824379,home,COL,PHI,678662,Ezequiel Tovar,14,SS,4,3,0,0,0,0,0,0,1,1,0,0,0
2026,,2026-04-05,824379,home,COL,PHI,681198,TJ Rumfield,7,DH,4,4,1,1,0,0,1,2,0,0,0,4,2
2026,,2026-04-05,824379,home,COL,PHI,691720,Kyle Karros,12,3B,1,1,0,0,0,0,0,0,0,0,0,0,0
2026,,2026-04-05,825025,away,HOU,ATH,669397,Nick Allen,20,SS,5,3,2,1,0,0,0,0,2,1,0,1,0
2026,,2026-04-05,825025,away,HOU,ATH,701358,Cam Smith,11,RF,6,5,0,2,0,0,0,3,1,1,1,2,3
2026,,2026-04-05,825025,away,HOU,ATH,676694,Jake Meyers,6,CF,5,4,1,2,0,0,1,1,1,0,0,5,0
2026,,2026-04-05,825025,away,HOU,ATH,694728,Brice Matthews,0,LF,1,1,0,0,0,0,0,0,0,1,0,0,0
2026,,2026-04-05,825025,away,HOU,ATH,514888,Jose Altuve,27,2B,6,4,2,2,1,0,0,1,2,1,0,3,2
2026,,2026-04-05,825025,away,HOU,ATH,694388,Joey Loperfido,10,LF,4,3,1,0,0,0,0,0,1,2,0,0,3
2026,,2026-04-05,825025,away,HOU,ATH,621043,Carlos Correa,1,3B,6,5,2,2,0,0,0,1,1,2,1,2,6
2026,,2026-04-05,825025,away,HOU,ATH,572233,Christian Walker,8,1B,6,5,1,1,0,0,1,2,1,1,0,4,5
2026,,2026-04-05,825025,away,HOU,ATH,673237,Yainer Diaz,21,C,6,6,0,0,0,0,0,0,0,0,0,0,6
2026,,2026-04-05,825025,away,HOU,ATH,670541,Yordan Alvarez,44,DH,6,4,1,1,0,0,1,2,2,2,0,4,4
2026,,2026-04-05,825025,home,ATH,HOU,671732,Lawrence Butler,4,RF,5,5,1,1,1,0,0,0,0,2,0,2,2
2026,,2026-04-05,825025,home,ATH,HOU,667670,Brent Rooker,25,DH,6,4,2,2,0,0,2,6,1,1,0,8,0
2026,,2026-04-05,825025,home,ATH,HOU,643446,Jeff McNeil,22,2B,5,3,1,1,0,0,0,1,2,1,0,1,0
2026,,2026-04-05,825025,home,ATH,HOU,666126,Carlos Cortes,26,RF,4,3,1,2,1,0,0,2,1,0,0,3,0
2026,,2026-04-05,825025,home,ATH,HOU,691777,Max Muncy,3,3B,5,5,2,2,0,0,0,0,0,0,0,2,0
2026,,2026-04-05,825025,home,ATH,HOU,672016,Denzel Clarke,1,CF,1,1,0,1,0,0,0,0,0,0,0,1,0
2026,,2026-04-05,825025,home,ATH,HOU,691016,Tyler Soderstrom,21,LF,6,4,3,1,0,1,0,3,2,1,0,3,6
2026,,2026-04-05,825025,home,ATH,HOU,701762,Nick Kurtz,16,1B,6,3,1,2,1,0,0,0,3,1,1,3,2
2026,,2026-04-05,825025,home,ATH,HOU,669127,Shea Langeliers,23,C,6,6,1,2,0,0,0,0,0,0,0,2,9
2026,,2026-04-05,825025,home,ATH,HOU,805779,Jacob Wilson,5,SS,5,5,0,2,0,0,0,0,0,0,0,2,2
2026,,2026-04-05,823238,away,NYM,SFG,620443,Luis Torrens,13,C,2,2,1,1,1,0,0,2,0,0,0,2,2
2026,,2026-04-05,823238,away,NYM,SFG,666182,Bo Bichette,19,3B,5,4,0,0,0,0,0,0,1,0,0,0,0
2026,,2026-04-05,823238,away,NYM,SFG,621438,Tyrone Taylor,15,LF,1,1,1,0,0,0,0,0,0,0,0,0,1
2026,,2026-04-05,823238,away,NYM,SFG,682626,Francisco Alvarez,4,C,4,3,0,1,0,0,0,0,0,2,0,1,1
2026,,2026-04-05,823238,away,NYM,SFG,668901,Mark Vientos,27,1B,4,4,1,2,0,0,0,1,0,0,0,2,3
2026,,2026-04-05,823238,away,NYM,SFG,596133,Luke Weaver,30,P,0,0,0,0,0,0,0,0,0,0,0,0,0
2026,,2026-04-05,823238,away,NYM,SFG,701807,Carson Benge,3,RF,4,3,0,0,0,0,0,0,1,1,1,0,2
2026,,2026-04-05,823238,away,NYM,SFG,642207,Devin Williams,38,P,0,0,0,0,0,0,0,0,0,0,0,0,0
2026,,2026-04-05,823238,away,NYM,SFG,543760,Marcus Semien,10,2B,4,4,0,1,1,0,0,1,0,1,0,2,3
2026,,2026-04-05,823238,away,NYM,SFG,596019,Francisco Lindor,12,SS,5,5,0,0,0,0,0,0,0,1,0,0,4
2026,,2026-04-05,823238,away,NYM,SFG,593871,Jorge Polanco,11,DH,4,4,0,2,1,0,0,0,0,0,0,3,0
2026,,2026-04-05,823238,away,NYM,SFG,673357,Luis Robert Jr.,88,CF,5,5,2,3,0,0,0,0,0,0,2,3,1
2026,,2026-04-05,823238,away,NYM,SFG,676724,Jared Young,29,LF,3,3,0,3,1,0,0,0,0,0,0,4,0
2026,,2026-04-05,823238,home,SFG,NYM,666464,Jerar Encarnacion,19,DH,3,3,0,1,0,0,0,0,0,1,0,1,0
2026,,2026-04-05,823238,home,SFG,NYM,671218,Heliot Ramos,17,LF,4,4,0,1,0,0,0,0,0,1,0,1,2
2026,,2026-04-05,823238,home,SFG,NYM,672275,Patrick Bailey,14,C,3,3,1,1,0,0,0,0,0,0,1,1,0
2026,,2026-04-05,823238,home,SFG,NYM,656305,Matt Chapman,26,3B,4,3,1,2,1,0,0,1,1,0,0,3,1
2026,,2026-04-05,823238,home,SFG,NYM,808982,Jung Hoo Lee,51,RF,4,4,0,0,0,0,0,0,0,3,0,0,1
2026,,2026-04-05,823238,home,SFG,NYM,646240,Rafael Devers,16,1B,4,3,0,1,0,0,0,1,1,1,0,1,1
2026,,2026-04-05,823238,home,SFG,NYM,664056,Harrison Bader,9,CF,3,3,0,0,0,0,0,0,0,1,0,0,0
2026,,2026-04-05,823238,home,SFG,NYM,642715,Willy Adames,2,SS,4,4,0,0,0,0,0,0,0,1,0,0,1
2026,,2026-04-05,823238,home,SFG,NYM,650333,Luis Arraez,1,2B,4,4,0,1,0,0,0,0,0,0,0,1,1
2026,,2026-04-05,824053,away,SEA,LAA,647304,Josh Naylor,12,1B,5,5,0,1,0,0,0,0,0,0,0,1,2
2026,,2026-04-05,824053,away,SEA,LAA,702284,Cole Young,2,2B,5,4,2,1,0,0,1,3,1,0,0,4,3
2026,,2026-04-05,824053,away,SEA,LAA,668227,Randy Arozarena,56,LF,5,2,2,1,0,0,0,1,2,0,1,1,0
2026,,2026-04-05,824053,away,SEA,LAA,641487,J.P. Crawford,3,SS,5,4,1,0,0,0,0,0,1,2,0,0,4
2026,,2026-04-05,824053,away,SEA,LAA,686527,Dominic Canzone,8,PH,1,1,0,0,0,0,0,0,0,0,0,0,1
2026,,2026-04-05,824053,away,SEA,LAA,663728,Cal Raleigh,29,C,6,5,1,1,1,0,0,0,1,3,0,2,4
2026,,2026-04-05,824053,away,SEA,LAA,641598,Mitch Garver,18,C,4,3,0,0,0,0,0,0,1,3,0,0,2
2026,,2026-04-05,824053,away,SEA,LAA,642100,Gabe Speier,55,P,0,0,0,0,0,0,0,0,0,0,0,0,0
2026,,2026-04-05,824053,away,SEA,LAA,660844,Leo Rivas,76,3B,5,3,0,1,0,0,0,2,2,1,0,1,0
2026,,2026-04-05,824053,away,SEA,LAA,677594,Julio Rodríguez,44,CF,5,5,1,1,0,0,0,1,0,2,0,1,4
2026,,2026-04-05,824053,away,SEA,LAA,670042,Luke Raley,20,RF,6,5,0,1,1,0,0,0,0,4,0,2,2
2026,,2026-04-05,824053,home,LAA,SEA,624428,Adam Frazier,20,LF,5,4,1,3,1,0,0,1,0,1,0,4,0
2026,,2026-04-05,824053,home,LAA,SEA,672724,Oswald Peraza,2,2B,1,0,0,0,0,0,0,0,0,0,0,0,0
2026,,2026-04-05,824053,home,LAA,SEA,687263,Zach Neto,9,SS,6,5,1,1,1,0,0,1,1,2,0,2,5
2026,,2026-04-05,824053,home,LAA,SEA,624585,Jorge Soler,12,DH,5,4,0,2,0,0,0,2,1,1,0,2,2
2026,,2026-04-05,824053,home,LAA,SEA,545361,Mike Trout,27,CF,5,4,1,1,1,0,0,0,0,2,0,2,3
2026,,2026-04-05,824053,home,LAA,SEA,600869,Jeimer Candelario,46,3B,5,5,1,1,1,0,0,0,0,0,0,2,3
2026,,2026-04-05,824053,home,LAA,SEA,666176,Jo Adell,7,RF,5,5,2,1,0,0,0,1,0,2,0,1,1
2026,,2026-04-05,824053,home,LAA,SEA,694384,Nolan Schanuel,18,1B,6,5,0,1,0,0,0,2,0,0,0,1,4
2026,,2026-04-05,824053,home,LAA,SEA,666139,Josh Lowe,3,LF,4,2,1,0,0,0,0,0,0,1,1,0,0
2026,,2026-04-05,824053,home,LAA,SEA,669326,Bryce Teodosio,22,CF,1,0,0,0,0,0,0,0,0,0,0,0,0
2026,,2026-04-05,824053,home,LAA,SEA,681351,Logan O'Hoppe,14,C,5,3,1,1,0,0,0,1,1,0,0,1,1
2026,,2026-04-05,825102,away,ATL,ARI,671739,Michael Harris II,23,CF,5,5,0,1,0,0,0,0,0,0,0,1,3
2026,,2026-04-05,825102,away,ATL,ARI,622761,Jorge Mateo,2,SS,4,3,3,2,1,0,0,0,1,0,1,3,0
2026,,2026-04-05,825102,away,ATL,ARI,643289,Mauricio Dubón,14,LF,5,5,1,1,1,0,0,0,0,1,0,2,2
2026,,2026-04-05,825102,away,ATL,ARI,686948,Drake Baldwin,30,C,5,5,1,3,0,0,1,4,0,0,0,6,1
2026,,2026-04-05,825102,away,ATL,ARI,621566,Matt Olson,28,1B,5,3,0,0,0,0,0,0,2,2,0,0,4
2026,,2026-04-05,825102,away,ATL,ARI,642086,Dominic Smith,8,PH,1,1,0,0,0,0,0,0,0,0,0,0,0
2026,,2026-04-05,825102,away,ATL,ARI,660670,Ronald Acuña Jr.,13,DH,5,5,0,2,0,0,0,0,0,0,0,2,1
2026,,2026-04-05,825102,away,ATL,ARI,571657,Kyle Farmer,15,3B,0,0,0,0,0,0,0,0,0,0,0,0,0
2026,,2026-04-05,825102,away,ATL,ARI,642201,Eli White,36,RF,2,2,0,0,0,0,0,0,0,0,0,0,1
2026,,2026-04-05,825102,away,ATL,ARI,645277,Ozzie Albies,1,2B,5,5,0,1,0,0,0,0,0,1,0,1,2
2026,,2026-04-05,825102,away,ATL,ARI,663586,Austin Riley,27,3B,2,2,0,0,0,0,0,0,0,0,0,0,2
2026,,2026-04-05,825102,away,ATL,ARI,573262,Mike Yastrzemski,18,RF,5,5,0,1,0,0,0,0,0,2,0,1,7
2026,,2026-04-05,825102,home,ARI,ATL,694374,Tim Tawa,13,LF,4,4,0,0,0,0,0,0,0,0,0,0,4
2026,,2026-04-05,825102,home,ARI,ATL,571448,Nolan Arenado,28,3B,4,3,1,1,0,0,0,1,1,1,0,1,0
2026,,2026-04-05,825102,home,ARI,ATL,606466,Ketel Marte,4,2B,5,5,1,2,2,0,0,1,0,0,0,4,1
2026,,2026-04-05,825102,home,ARI,ATL,545121,Ildemaro Vargas,6,1B,3,2,0,1,0,1,0,2,1,1,0,3,0
2026,,2026-04-05,825102,home,ARI,ATL,672695,Geraldo Perdomo,2,SS,4,2,0,0,0,0,0,1,0,0,0,0,2
2026,,2026-04-05,825102,home,ARI,ATL,699912,Jose Fernandez,11,DH,4,4,0,0,0,0,0,0,0,1,1,0,3
2026,,2026-04-05,825102,home,ARI,ATL,672515,Gabriel Moreno,14,C,1,1,0,0,0,0,0,0,0,1,0,0,0
2026,,2026-04-05,825102,home,ARI,ATL,682998,Corbin Carroll,7,RF,4,4,2,3,0,1,0,1,0,0,1,5,1
2026,,2026-04-05,825102,home,ARI,ATL,543510,James McCann,8,C,3,3,0,0,0,0,0,0,0,0,0,0,0
2026,,2026-04-05,825102,home,ARI,ATL,467793,Carlos Santana,41,1B,1,1,0,1,0,0,0,0,0,0,0,1,0
2026,,2026-04-05,825102,home,ARI,ATL,678489,Jorge Barrosa,1,CF,4,4,2,1,1,0,0,0,0,1,0,2,0
2026,,2026-04-05,824296,away,STL,DET,669357,Nolan Gorman,16,3B,4,3,1,1,0,0,0,1,0,0,0,1,1
2026,,2026-04-05,824296,away,STL,DET,691023,Jordan Walker,18,RF,4,3,0,1,0,0,0,0,1,2,0,1,0
2026,,2026-04-05,824296,away,STL,DET,701675,Nathan Church,27,LF,4,4,1,0,0,0,0,0,0,1,0,0,3
2026,,2026-04-05,824296,away,STL,DET,687363,Victor Scott II,11,CF,4,3,1,1,0,0,0,1,0,0,0,1,0
2026,,2026-04-05,824296,away,STL,DET,802139,JJ Wetherholt,26,2B,4,4,1,1,0,0,0,0,0,1,0,1,2
2026,,2026-04-05,824296,away,STL,DET,676475,Alec Burleson,41,1B,4,4,0,0,0,0,0,0,0,0,0,0,3
2026,,2026-04-05,824296,away,STL,DET,695336,Thomas Saggese,25,SS,4,3,0,0,0,0,0,0,1,1,0,0,3
2026,,2026-04-05,824296,away,STL,DET,602104,Ramón Urías,29,3B,0,0,0,0,0,0,0,0,0,0,0,0,0
2026,,2026-04-05,824296,away,STL,DET,686780,Pedro Pagés,43,C,4,4,1,1,0,0,0,1,0,1,0,1,0
2026,,2026-04-05,824296,away,STL,DET,671056,Iván Herrera,48,DH,4,3,0,1,0,0,0,2,1,1,0,1,0
2026,,2026-04-05,824296,home,DET,STL,663330,Jahmai Jones,18,DH,2,2,0,0,0,0,0,0,0,1,0,0,3
2026,,2026-04-05,824296,home,DET,STL,682985,Riley Greene,31,LF,4,4,0,1,0,0,0,0,0,1,0,1,1
2026,,2026-04-05,824296,home,DET,STL,595879,Javier Báez,28,SS,4,3,0,0,0,0,0,1,0,1,0,0,4
2026,,2026-04-05,824296,home,DET,STL,805808,Kevin McGonigle,7,3B,5,3,0,0,0,0,0,0,2,1,0,0,1
2026,,2026-04-05,824296,home,DET,STL,681481,Kerry Carpenter,30,RF,3,2,1,1,0,0,1,2,1,1,0,4,1
2026,,2026-04-05,824296,home,DET,STL,679529,Spencer Torkelson,20,1B,4,1,0,1,1,0,0,0,3,0,0,2,0
2026,,2026-04-05,824296,home,DET,STL,650402,Gleyber Torres,25,2B,5,5,0,0,0,0,0,0,0,2,0,0,5
2026,,2026-04-05,824296,home,DET,STL,663837,Matt Vierling,8,RF,2,2,0,0,0,0,0,0,0,0,0,0,0
2026,,2026-04-05,824296,home,DET,STL,678009,Parker Meadows,22,CF,4,4,0,2,0,0,0,0,0,0,1,2,0
2026,,2026-04-05,824296,home,DET,STL,693307,Dillon Dingler,13,C,4,3,1,0,0,0,0,0,1,0,0,0,1
2026,,2026-04-05,824296,home,DET,STL,690993,Colt Keith,33,DH,3,3,1,1,0,0,0,0,0,1,0,1,1
2026,,2026-04-06,823002,away,CHC,TBR,624424,Michael Conforto,20,DH,1,1,0,0,0,0,0,0,0,0,0,0,0
2026,,2026-04-06,823002,away,CHC,TBR,666185,Dylan Carlson,5,DH,1,1,0,0,0,0,0,0,0,0,0,0,0
2026,,2026-04-06,823002,away,CHC,TBR,664023,Ian Happ,8,LF,4,3,1,1,1,0,0,0,1,0,0,2,0
2026,,2026-04-06,823002,away,CHC,TBR,608324,Alex Bregman,3,3B,4,4,0,0,0,0,0,0,0,1,0,0,2
2026,,2026-04-06,823002,away,CHC,TBR,683737,Michael Busch,29,1B,4,2,1,0,0,0,0,1,1,0,0,0,0
2026,,2026-04-06,823002,away,CHC,TBR,608348,Carson Kelly,15,C,4,4,0,1,1,0,0,0,0,1,0,2,1
2026,,2026-04-06,823002,away,CHC,TBR,691718,Pete Crow-Armstrong,4,CF,4,4,0,0,0,0,0,0,0,2,0,0,2
2026,,2026-04-06,823002,away,CHC,TBR,665804,Miguel Amaya,9,DH,1,0,0,0,0,0,0,0,1,0,0,0,0
2026,,2026-04-06,823002,away,CHC,TBR,621020,Dansby Swanson,7,SS,4,3,1,0,0,0,0,0,1,3,0,0,1
2026,,2026-04-06,823002,away,CHC,TBR,663538,Nico Hoerner,2,2B,4,4,0,1,0,0,0,2,0,1,0,1,0
2026,,2026-04-06,823002,away,CHC,TBR,807713,Matt Shaw,6,RF,4,4,1,1,0,0,1,1,0,1,0,4,3
2026,,2026-04-06,823002,home,TBR,CHC,670764,Taylor Walls,6,SS,3,3,1,1,1,0,0,0,0,0,0,2,1
2026,,2026-04-06,823002,home,TBR,CHC,641584,Jake Fraley,17,RF,4,4,0,0,0,0,0,0,0,0,0,0,1
2026,,2026-04-06,823002,home,TBR,CHC,802415,Chandler Simpson,14,LF,4,4,1,2,0,0,0,0,0,0,2,2,0
2026,,2026-04-06,823002,home,TBR,CHC,666018,Jonathan Aranda,8,1B,4,4,1,1,0,0,1,2,0,1,0,4,2
2026,,2026-04-06,823002,home,TBR,CHC,663743,Nick Fortes,40,C,4,4,0,1,1,0,0,0,0,1,0,2,2
2026,,2026-04-06,823002,home,TBR,CHC,650490,Yandy Díaz,2,DH,4,4,0,2,0,0,0,0,0,1,1,2,1
2026,,2026-04-06,823002,home,TBR,CHC,810938,Ben Williamson,15,2B,3,2,1,0,0,0,0,0,1,1,0,0,0
2026,,2026-04-06,823002,home,TBR,CHC,691406,Junior Caminero,13,3B,4,4,1,1,0,0,1,1,0,1,0,4,1
2026,,2026-04-06,823002,home,TBR,CHC,656775,Cedric Mullins,31,CF,3,3,1,1,0,0,1,2,0,0,0,4,1
2026,,2026-04-06,824456,away,KCR,CLE,695600,Carter Jensen,22,DH,4,4,2,2,0,0,1,1,0,1,0,5,0
2026,,2026-04-06,824456,away,KCR,CLE,663697,Jonathan India,6,2B,4,4,1,2,0,0,1,3,0,2,0,5,0
2026,,2026-04-06,824456,away,KCR,CLE,686555,Isaac Collins,1,LF,4,4,0,0,0,0,0,0,0,3,0,0,1
2026,,2026-04-06,824456,away,KCR,CLE,521692,Salvador Perez,13,C,4,4,0,0,0,0,0,0,0,1,0,0,3
2026,,2026-04-06,824456,away,KCR,CLE,686681,Michael Massey,19,2B,0,0,0,0,0,0,0,0,0,0,0,0,0
2026,,2026-04-06,824456,away,KCR,CLE,686469,Vinnie Pasquantino,9,1B,5,4,1,1,0,0,0,0,1,1,0,1,4
2026,,2026-04-06,824456,away,KCR,CLE,664728,Kyle Isbel,28,CF,4,4,0,1,0,0,0,0,0,0,0,1,0
2026,,2026-04-06,824456,away,KCR,CLE,672580,Maikel Garcia,11,3B,5,5,0,2,2,0,0,0,0,0,0,4,1
2026,,2026-04-06,824456,away,KCR,CLE,657041,Lane Thomas,15,RF,0,0,0,0,0,0,0,0,0,0,0,0,0
2026,,2026-04-06,824456,away,KCR,CLE,695506,Jac Caglianone,14,RF,4,4,0,1,0,0,0,0,0,0,0,1,2
2026,,2026-04-06,824456,away,KCR,CLE,677951,Bobby Witt Jr.,7,SS,5,4,0,2,0,0,0,0,1,0,1,2,1
2026,,2026-04-06,824456,home,CLE,KCR,800050,Chase DeLauter,24,RF,4,3,0,0,0,0,0,0,1,1,0,0,1
2026,,2026-04-06,824456,home,CLE,KCR,682177,Daniel Schneemann,10,2B,1,1,0,0,0,0,0,0,0,0,0,0,1
2026,,2026-04-06,824456,home,CLE,KCR,677587,Brayan Rocchio,4,SS,3,3,1,1,0,0,1,1,0,0,0,4,1
2026,,2026-04-06,824456,home,CLE,KCR,672356,Gabriel Arias,13,SS,2,2,0,1,1,0,0,0,0,1,0,2,0
2026,,2026-04-06,824456,home,CLE,KCR,666310,Bo Naylor,23,C,4,3,0,0,0,0,0,0,1,1,0,0,0
2026,,2026-04-06,824456,home,CLE,KCR,681807,David Fry,6,1B,1,1,0,0,0,0,0,0,0,0,0,0,1
2026,,2026-04-06,824456,home,CLE,KCR,608070,José Ramírez,11,3B,4,2,0,0,0,0,0,0,2,0,0,0,1
2026,,2026-04-06,824456,home,CLE,KCR,680757,Steven Kwan,38,CF,4,4,1,2,0,0,1,1,0,0,0,5,0
2026,,2026-04-06,824456,home,CLE,KCR,700932,Kyle Manzardo,9,1B,3,2,0,0,0,0,0,0,0,0,0,0,3
2026,,2026-04-06,824456,home,CLE,KCR,656555,Rhys Hoskins,8,DH,4,4,0,0,0,0,0,0,0,2,0,0,1
2026,,2026-04-06,824456,home,CLE,KCR,692216,CJ Kayfus,2,LF,4,4,0,0,0,0,0,0,0,0,0,0,1
2026,,2026-04-06,823401,away,SDP,PIT,666023,Freddy Fermin,54,C,4,4,2,2,1,0,0,0,0,2,0,3,4
2026,,2026-04-06,823401,away,SDP,PIT,592206,Nick Castellanos,21,DH,4,4,0,2,1,0,0,1,0,0,0,3,0
2026,,2026-04-06,823401,away,SDP,PIT,701538,Jackson Merrill,3,CF,5,4,0,1,1,0,0,1,1,1,1,2,0
2026,,2026-04-06,823401,away,SDP,PIT,657757,Gavin Sheets,30,1B,5,5,0,0,0,0,0,0,0,1,0,0,6
2026,,2026-04-06,823401,away,SDP,PIT,657656,Ramón Laureano,5,LF,5,5,1,1,1,0,0,1,0,1,0,2,3
2026,,2026-04-06,823401,away,SDP,PIT,592518,Manny Machado,13,3B,5,4,1,1,0,0,0,1,1,2,0,1,2
2026,,2026-04-06,823401,away,SDP,PIT,665487,Fernando Tatis Jr.,23,RF,5,4,1,0,0,0,0,0,1,1,0,0,1
2026,,2026-04-06,823401,away,SDP,PIT,593428,Xander Bogaerts,2,SS,5,4,0,2,0,0,0,0,1,0,0,2,2
2026,,2026-04-06,823401,away,SDP,PIT,630105,Jake Cronenworth,9,2B,4,3,0,2,1,0,0,1,1,1,0,3,1
2026,,2026-04-06,823401,home,PIT,SDP,687462,Spencer Horwitz,2,1B,4,3,0,2,0,0,0,0,1,0,0,2,1
2026,,2026-04-06,823401,home,PIT,SDP,664040,Brandon Lowe,5,2B,4,3,0,1,0,0,0,0,1,0,0,1,1
2026,,2026-04-06,823401,home,PIT,SDP,668804,Bryan Reynolds,10,LF,4,3,0,1,0,0,0,0,1,1,0,1,1
2026,,2026-04-06,823401,home,PIT,SDP,665833,Oneil Cruz,15,CF,4,4,0,1,0,0,0,0,0,1,1,1,1
2026,,2026-04-06,823401,home,PIT,SDP,663968,Jake Mangum,28,PH,1,1,0,0,0,0,0,0,0,0,0,0,1
2026,,2026-04-06,823401,home,PIT,SDP,680779,Henry Davis,32,C,3,2,0,0,0,0,0,0,1,0,0,0,0
2026,,2026-04-06,823401,home,PIT,SDP,804606,Konnor Griffin,6,SS,4,4,0,0,0,0,0,0,0,2,0,0,4
2026,,2026-04-06,823401,home,PIT,SDP,656811,Ryan O'Hearn,29,RF,4,3,0,1,1,0,0,0,1,1,0,2,4
2026,,2026-04-06,823401,home,PIT,SDP,542303,Marcell Ozuna,24,DH,4,4,0,0,0,0,0,0,0,0,0,0,3
2026,,2026-04-06,823401,home,PIT,SDP,693304,Nick Gonzales,3,3B,4,4,0,1,0,0,0,0,0,1,0,1,1
2026,,2026-04-06,823886,away,CIN,MIA,682829,Elly De La Cruz,44,SS,4,4,1,2,1,0,0,0,0,0,0,3,3
2026,,2026-04-06,823886,away,CIN,MIA,667472,Dane Myers,17,CF,1,0,0,0,0,0,0,0,1,0,1,0,0
2026,,2026-04-06,823886,away,CIN,MIA,701398,Sal Stewart,27,1B,4,4,0,1,0,0,0,1,0,0,1,1,3
2026,,2026-04-06,823886,away,CIN,MIA,680574,Matt McLain,9,2B,4,3,0,0,0,0,0,0,1,1,0,0,1
2026,,2026-04-06,823886,away,CIN,MIA,663647,Ke'Bryan Hayes,3,3B,3,3,0,0,0,0,0,0,0,0,0,0,0
2026,,2026-04-06,823886,away,CIN,MIA,666181,Will Benson,30,RF,4,4,0,1,0,0,0,0,0,1,0,1,1
2026,,2026-04-06,823886,away,CIN,MIA,670770,TJ Friedl,29,LF,4,4,0,2,0,0,0,0,0,1,0,2,0
2026,,2026-04-06,823886,away,CIN,MIA,668715,Spencer Steer,7,LF,3,3,0,0,0,0,0,0,0,1,0,0,1
2026,,2026-04-06,823886,away,CIN,MIA,663886,Tyler Stephenson,37,C,3,3,1,1,0,0,1,1,0,0,0,4,0
2026,,2026-04-06,823886,away,CIN,MIA,553993,Eugenio Suárez,28,DH,4,4,0,0,0,0,0,0,0,0,0,0,1
2026,,2026-04-06,823886,home,MIA,CIN,681715,Heriberto Hernández,13,LF,4,4,0,0,0,0,0,0,0,1,0,0,2
2026,,2026-04-06,823886,home,MIA,CIN,805300,Jakob Marsee,87,CF,4,4,0,0,0,0,0,0,0,1,0,0,2
2026,,2026-04-06,823886,home,MIA,CIN,691594,Javier Sanoja,8,2B,3,3,0,0,0,0,0,0,0,0,0,0,0
2026,,2026-04-06,823886,home,MIA,CIN,669364,Xavier Edwards,9,DH,3,3,0,0,0,0,0,0,0,1,0,0,1
2026,,2026-04-06,823886,home,MIA,CIN,689414,Liam Hicks,34,1B,1,1,0,0,0,0,0,0,0,0,0,0,0
2026,,2026-04-06,823886,home,MIA,CIN,683357,Owen Caissie,17,RF,1,0,0,0,0,0,0,0,1,0,0,0,0
2026,,2026-04-06,823886,home,MIA,CIN,682663,Agustín Ramírez,50,C,4,3,0,1,0,1,0,0,1,1,0,3,1
2026,,2026-04-06,823886,home,MIA,CIN,677870,Leo Jiménez,19,2B,2,2,0,0,0,0,0,0,0,0,0,0,0
2026,,2026-04-06,823886,home,MIA,CIN,681393,Connor Norby,1,3B,3,3,0,0,0,0,0,0,0,0,0,0,1
2026,,2026-04-06,823886,home,MIA,CIN,596103,Austin Slater,15,RF,3,3,0,0,0,0,0,0,0,2,0,0,0
2026,,2026-04-06,823886,home,MIA,CIN,672640,Otto Lopez,6,SS,4,4,0,2,0,0,0,0,0,0,0,2,1
2026,,2026-04-06,822755,away,STL,WSN,669357,Nolan Gorman,16,DH,5,4,1,0,0,0,0,0,1,2,0,0,1
2026,,2026-04-06,822755,away,STL,WSN,691023,Jordan Walker,18,RF,5,5,1,2,0,0,1,1,0,2,0,5,3
2026,,2026-04-06,822755,away,STL,WSN,701675,Nathan Church,27,LF,0,0,0,0,0,0,0,0,0,0,0,0,0
2026,,2026-04-06,822755,away,STL,WSN,687363,Victor Scott II,11,CF,4,3,0,0,0,0,0,1,0,0,0,0,2
2026,,2026-04-06,822755,away,STL,WSN,802139,JJ Wetherholt,26,2B,5,3,0,1,0,0,0,0,2,1,0,1,0
2026,,2026-04-06,822755,away,STL,WSN,676475,Alec Burleson,41,1B,5,4,0,0,0,0,0,1,1,1,0,0,3
2026,,2026-04-06,822755,away,STL,WSN,695336,Thomas Saggese,25,LF,4,3,1,2,1,0,0,0,1,0,0,3,1
2026,,2026-04-06,822755,away,STL,WSN,602104,Ramón Urías,29,3B,4,4,2,3,1,0,1,3,0,0,0,7,1
2026,,2026-04-06,822755,away,STL,WSN,691026,Masyn Winn,0,SS,5,4,1,1,0,0,0,0,1,1,0,1,2
2026,,2026-04-06,822755,away,STL,WSN,671056,Iván Herrera,48,C,5,4,0,0,0,0,0,0,1,1,0,0,3
2026,,2026-04-06,822755,home,WSN,STL,691781,Brady House,12,3B,5,5,1,3,2,0,1,2,0,0,0,8,2
2026,,2026-04-06,822755,home,WSN,STL,682928,CJ Abrams,5,SS,5,4,1,1,0,0,1,1,1,0,0,4,2
2026,,2026-04-06,822755,home,WSN,STL,683083,Nasim Nuñez,26,2B,5,5,0,1,0,0,0,1,0,1,1,1,1
2026,,2026-04-06,822755,home,WSN,STL,686452,Drew Millas,14,C,4,2,1,1,0,0,0,0,2,0,0,1,0
2026,,2026-04-06,822755,home,WSN,STL,678391,Jorbit Vivas,84,PH,1,1,0,1,0,0,0,0,0,0,0,1,0
2026,,2026-04-06,822755,home,WSN,STL,686894,Joey Wiemer,21,CF,0,0,1,0,0,0,0,0,0,0,0,0,0
2026,,2026-04-06,822755,home,WSN,STL,678554,Curtis Mead,45,1B,2,2,1,1,1,0,0,0,0,0,0,2,3
2026,,2026-04-06,822755,home,WSN,STL,695734,Daylen Lile,4,LF,5,5,0,1,0,0,0,1,0,2,0,1,2
2026,,2026-04-06,822755,home,WSN,STL,677588,José Tena,8,DH,4,3,1,0,0,0,0,0,1,0,0,0,2
2026,,2026-04-06,822755,home,WSN,STL,695578,James Wood,29,RF,5,3,2,2,0,0,1,3,2,0,0,5,0
2026,,2026-04-06,822755,home,WSN,STL,696285,Jacob Young,30,CF,3,3,0,1,1,0,0,1,0,1,0,2,1
2026,,2026-04-06,822755,home,WSN,STL,671277,Luis García Jr.,2,1B,3,2,1,0,0,0,0,0,1,0,0,0,1
2026,,2026-04-06,824783,away,MIL,BOS,650859,Luis Rengifo,13,3B,5,5,1,1,1,0,0,0,0,2,0,2,5
2026,,2026-04-06,824783,away,MIL,BOS,592885,Christian Yelich,22,DH,5,4,1,3,1,0,0,1,1,1,0,4,0
2026,,2026-04-06,824783,away,MIL,BOS,641343,Jake Bauers,9,1B,5,4,0,0,0,0,0,1,1,1,0,0,5
2026,,2026-04-06,824783,away,MIL,BOS,686217,Sal Frelick,10,RF,5,4,1,2,0,0,0,1,1,1,0,2,0
2026,,2026-04-06,824783,away,MIL,BOS,669003,Garrett Mitchell,5,CF,5,5,0,2,0,0,0,2,0,3,0,2,4
2026,,2026-04-06,824783,away,MIL,BOS,666152,David Hamilton,6,SS,5,2,2,1,0,0,0,0,2,0,0,1,0
2026,,2026-04-06,824783,away,MIL,BOS,663368,Blake Perkins,16,LF,5,4,0,1,0,0,0,0,0,2,0,1,3
2026,,2026-04-06,824783,away,MIL,BOS,661388,William Contreras,24,C,5,4,1,1,0,0,0,1,1,1,0,1,4
2026,,2026-04-06,824783,away,MIL,BOS,668930,Brice Turang,2,2B,6,4,2,0,0,0,0,1,2,0,1,0,4
2026,,2026-04-06,824783,home,BOS,MIL,701350,Roman Anthony,19,LF,5,5,2,2,1,0,0,0,0,0,0,3,1
2026,,2026-04-06,824783,home,BOS,MIL,575929,Willson Contreras,40,1B,5,3,1,3,1,0,1,2,1,0,0,7,0
2026,,2026-04-06,824783,home,BOS,MIL,596115,Trevor Story,10,SS,5,4,0,1,0,0,0,2,0,0,0,1,3
2026,,2026-04-06,824783,home,BOS,MIL,677800,Wilyer Abreu,52,RF,5,5,0,1,0,0,0,1,0,2,0,1,8
2026,,2026-04-06,824783,home,BOS,MIL,655316,Andruw Monasterio,32,2B,1,1,0,0,0,0,0,0,0,0,0,0,2
2026,,2026-04-06,824783,home,BOS,MIL,702332,Caleb Durbin,5,3B,4,4,1,2,1,0,0,0,0,0,0,3,0
2026,,2026-04-06,824783,home,BOS,MIL,665966,Carlos Narváez,75,C,4,4,0,0,0,0,0,0,0,1,0,0,2
2026,,2026-04-06,824783,home,BOS,MIL,678882,Ceddanne Rafaela,3,CF,4,4,1,1,0,0,0,1,0,1,0,1,1
2026,,2026-04-06,824783,home,BOS,MIL,807799,Masataka Yoshida,7,DH,5,3,1,1,0,0,0,0,2,0,0,1,1
2026,,2026-04-06,824783,home,BOS,MIL,691785,Marcelo Mayer,11,2B,3,3,0,0,0,0,0,0,0,0,0,0,3
2026,,2026-04-06,822832,away,LAD,TOR,687221,Dalton Rushing,68,C,5,4,3,4,0,0,2,2,0,0,0,10,0
2026,,2026-04-06,822832,away,LAD,TOR,663656,Kyle Tucker,23,RF,6,3,3,1,0,0,0,1,2,0,1,1,2
2026,,2026-04-06,822832,away,LAD,TOR,571970,Max Muncy,13,3B,6,6,1,2,0,0,0,0,0,3,0,2,3
2026,,2026-04-06,822832,away,LAD,TOR,518692,Freddie Freeman,5,1B,5,4,2,2,1,0,1,3,1,1,0,6,2
2026,,2026-04-06,822832,away,LAD,TOR,808975,Hyeseong Kim,6,SS,5,4,1,2,0,0,0,0,1,0,0,2,2
2026,,2026-04-06,822832,away,LAD,TOR,669289,Santiago Espinal,21,1B,1,1,0,0,0,0,0,0,0,0,0,0,0
2026,,2026-04-06,822832,away,LAD,TOR,660271,Shohei Ohtani,17,DH,6,6,2,2,0,0,1,1,0,2,0,5,4
2026,,2026-04-06,822832,away,LAD,TOR,606192,Teoscar Hernández,37,LF,6,5,2,2,0,0,1,4,1,1,1,5,2
2026,,2026-04-06,822832,away,LAD,TOR,681624,Andy Pages,44,CF,4,4,0,2,1,0,0,2,0,0,0,3,1
2026,,2026-04-06,822832,away,LAD,TOR,669743,Alex Call,12,CF,1,1,0,0,0,0,0,0,0,0,0,0,1
2026,,2026-04-06,822832,away,LAD,TOR,690976,Alex Freeland,76,2B,5,5,0,0,0,0,0,0,0,1,0,0,4
2026,,2026-04-06,822832,home,TOR,LAD,676391,Ernie Clement,22,2B,4,4,0,1,0,0,0,1,0,0,0,1,1
2026,,2026-04-06,822832,home,TOR,LAD,662139,Daulton Varsho,5,CF,4,3,1,1,1,0,0,0,1,0,0,2,1
2026,,2026-04-06,822832,home,TOR,LAD,665926,Andrés Giménez,0,SS,4,4,0,0,0,0,0,1,0,0,0,0,3
2026,,2026-04-06,822832,home,TOR,LAD,678218,Brandon Valenzuela,59,C,1,1,0,0,0,0,0,0,0,0,0,0,2
2026,,2026-04-06,822832,home,TOR,LAD,676914,Davis Schneider,36,LF,5,4,0,0,0,0,0,0,1,2,0,0,4
2026,,2026-04-06,822832,home,TOR,LAD,543807,George Springer,4,DH,3,2,1,0,0,0,0,0,1,0,0,0,0
2026,,2026-04-06,822832,home,TOR,LAD,623168,Tyler Heineman,55,P,4,3,0,1,0,0,0,0,0,0,0,1,1
2026,,2026-04-06,822832,home,TOR,LAD,665489,Vladimir Guerrero Jr.,27,1B,4,3,0,0,0,0,0,0,1,1,0,0,2
2026,,2026-04-06,822832,home,TOR,LAD,660821,Jesús Sánchez,12,DH,1,1,0,0,0,0,0,0,0,1,0,0,1
2026,,2026-04-06,822832,home,TOR,LAD,664702,Myles Straw,3,RF,4,3,0,0,0,0,0,0,1,1,0,0,4
2026,,2026-04-06,822832,home,TOR,LAD,672960,Kazuma Okamoto,7,3B,4,4,0,2,0,0,0,0,0,1,0,2,1
2026,,2026-04-06,823728,away,DET,MIN,656716,Zach McKinstry,39,RF,4,3,0,1,0,0,0,2,1,1,0,1,0
2026,,2026-04-06,823728,away,DET,MIN,663330,Jahmai Jones,18,LF,2,2,0,0,0,0,0,0,0,1,0,0,3
2026,,2026-04-06,823728,away,DET,MIN,682985,Riley Greene,31,DH,4,3,0,0,0,0,0,0,1,0,0,0,4
2026,,2026-04-06,823728,away,DET,MIN,805808,Kevin McGonigle,7,SS,5,5,1,1,1,0,0,0,0,1,1,2,0
2026,,2026-04-06,823728,away,DET,MIN,679529,Spencer Torkelson,20,1B,4,2,0,0,0,0,0,0,2,1,0,0,0
2026,,2026-04-06,823728,away,DET,MIN,650402,Gleyber Torres,25,2B,5,2,1,0,0,0,0,0,3,1,0,0,0
2026,,2026-04-06,823728,away,DET,MIN,668670,Jake Rogers,34,C,4,4,0,0,0,0,0,0,0,2,0,0,0
2026,,2026-04-06,823728,away,DET,MIN,663837,Matt Vierling,8,CF,4,4,0,1,1,0,0,0,0,2,0,2,4
2026,,2026-04-06,823728,away,DET,MIN,678009,Parker Meadows,22,CF,2,2,0,0,0,0,0,0,0,1,0,0,2
2026,,2026-04-06,823728,away,DET,MIN,690993,Colt Keith,33,3B,4,4,1,1,1,0,0,1,0,1,0,2,3
2026,,2026-04-06,823728,home,MIN,DET,605170,Victor Caratini,37,C,5,4,0,2,0,0,0,3,0,0,0,2,1
2026,,2026-04-06,823728,home,MIN,DET,665019,Kody Clemens,2,1B,1,1,0,0,0,0,0,0,0,1,0,0,3
2026,,2026-04-06,823728,home,MIN,DET,686797,Brooks Lee,22,SS,4,4,0,1,0,0,0,0,0,0,0,1,3
2026,,2026-04-06,823728,home,MIN,DET,668885,Austin Martin,16,LF,1,0,1,0,0,0,0,0,1,0,0,0,0
2026,,2026-04-06,823728,home,MIN,DET,605137,Josh Bell,56,1B,4,3,0,0,0,0,0,0,1,0,0,0,3
2026,,2026-04-06,823728,home,MIN,DET,681546,James Outman,30,CF,4,4,0,0,0,0,0,0,0,4,0,0,8
2026,,2026-04-06,823728,home,MIN,DET,668904,Royce Lewis,23,3B,4,2,0,1,0,0,0,1,2,1,0,1,1
2026,,2026-04-06,823728,home,MIN,DET,663616,Trevor Larnach,9,LF,4,4,2,2,0,0,0,0,0,0,0,2,0
2026,,2026-04-06,823728,home,MIN,DET,621439,Byron Buxton,25,DH,5,4,2,1,1,0,0,0,1,0,0,2,3
2026,,2026-04-06,823728,home,MIN,DET,670242,Matt Wallner,38,RF,5,5,0,2,1,0,0,1,0,3,0,3,5
2026,,2026-04-06,823728,home,MIN,DET,807712,Luke Keaschall,15,2B,5,3,2,1,0,0,1,2,2,1,0,4,0
2026,,2026-04-06,824619,away,BAL,CHW,669236,Jeremiah Jackson,82,2B,3,3,0,1,0,0,0,0,0,0,0,1,1
2026,,2026-04-06,824619,away,BAL,CHW,683002,Gunnar Henderson,2,SS,4,4,1,1,0,0,1,1,0,3,0,4,2
2026,,2026-04-06,824619,away,BAL,CHW,621493,Taylor Ward,3,LF,4,4,0,1,1,0,0,0,0,0,0,2,1
2026,,2026-04-06,824619,away,BAL,CHW,663624,Ryan Mountcastle,6,DH,3,3,0,2,0,0,0,0,0,1,0,2,0
2026,,2026-04-06,824619,away,BAL,CHW,668939,Adley Rutschman,35,C,4,3,1,0,0,0,0,0,1,1,0,0,1
2026,,2026-04-06,824619,away,BAL,CHW,641933,Tyler O'Neill,9,RF,4,4,0,1,0,0,0,1,0,0,0,1,0
2026,,2026-04-06,824619,away,BAL,CHW,677942,Blaze Alexander,23,3B,0,0,0,0,0,0,0,0,0,0,0,0,0
2026,,2026-04-06,824619,away,BAL,CHW,624413,Pete Alonso,25,1B,4,4,0,0,0,0,0,0,0,0,0,0,1
2026,,2026-04-06,824619,away,BAL,CHW,681297,Colton Cowser,17,CF,3,3,0,0,0,0,0,0,0,1,0,0,3
2026,,2026-04-06,824619,away,BAL,CHW,691723,Coby Mayo,16,3B,3,3,0,1,0,0,0,0,0,1,0,1,1
2026,,2026-04-06,824619,home,CHW,BAL,672820,Lenyn Sosa,50,PH,1,1,0,0,0,0,0,1,0,0,0,0,1
2026,,2026-04-06,824619,home,CHW,BAL,671976,Tristan Peters,29,RF,3,3,0,0,0,0,0,0,0,1,0,0,0
2026,,2026-04-06,824619,home,CHW,BAL,682668,Luisangel Acuña,0,CF,3,3,0,0,0,0,0,0,0,0,0,0,0
2026,,2026-04-06,824619,home,CHW,BAL,808959,Munetaka Murakami,5,1B,4,3,1,0,0,0,0,0,1,0,0,0,3
2026,,2026-04-06,824619,home,CHW,BAL,805367,Chase Meidroth,10,2B,4,3,0,2,0,0,0,0,1,0,0,2,0
2026,,2026-04-06,824619,home,CHW,BAL,695657,Colson Montgomery,12,SS,4,4,0,0,0,0,0,0,0,1,0,0,4
2026,,2026-04-06,824619,home,CHW,BAL,669720,Austin Hays,21,LF,1,1,0,1,0,0,0,0,0,0,0,1,0
2026,,2026-04-06,824619,home,CHW,BAL,700337,Edgar Quero,26,C,4,4,0,0,0,0,0,0,0,2,0,0,3
2026,,2026-04-06,824619,home,CHW,BAL,643217,Andrew Benintendi,23,DH,4,4,0,1,0,0,0,0,0,1,0,1,3
2026,,2026-04-06,824619,home,CHW,BAL,656537,Derek Hill,25,LF,2,0,0,0,0,0,0,0,2,0,1,0,0
2026,,2026-04-06,824619,home,CHW,BAL,678246,Miguel Vargas,20,3B,4,3,0,0,0,0,0,0,1,1,0,0,2
2026,,2026-04-06,822918,away,SEA,TEX,647304,Josh Naylor,12,1B,4,4,0,0,0,0,0,0,0,0,0,0,2
2026,,2026-04-06,822918,away,SEA,TEX,645302,Victor Robles,10,PH,0,0,0,0,0,0,0,0,0,0,0,0,0
2026,,2026-04-06,822918,away,SEA,TEX,702284,Cole Young,2,2B,3,3,0,0,0,0,0,0,0,1,0,0,0
2026,,2026-04-06,822918,away,SEA,TEX,668227,Randy Arozarena,56,LF,3,3,0,1,0,0,0,0,0,1,0,1,1
2026,,2026-04-06,822918,away,SEA,TEX,641487,J.P. Crawford,3,DH,1,1,0,0,0,0,0,0,0,0,0,0,1
2026,,2026-04-06,822918,away,SEA,TEX,686527,Dominic Canzone,8,DH,2,2,0,0,0,0,0,0,0,1,0,0,1
2026,,2026-04-06,822918,away,SEA,TEX,663728,Cal Raleigh,29,C,4,3,1,1,0,0,1,1,1,0,0,4,0
2026,,2026-04-06,822918,away,SEA,TEX,608701,Rob Refsnyder,30,RF,1,1,0,0,0,0,0,0,0,1,0,0,1
2026,,2026-04-06,822918,away,SEA,TEX,680977,Brendan Donovan,33,3B,4,4,0,0,0,0,0,0,0,1,0,0,0
2026,,2026-04-06,822918,away,SEA,TEX,660844,Leo Rivas,76,SS,3,3,0,0,0,0,0,0,0,1,0,0,0
2026,,2026-04-06,822918,away,SEA,TEX,677594,Julio Rodríguez,44,CF,4,3,0,0,0,0,0,0,0,1,0,0,1
2026,,2026-04-06,822918,away,SEA,TEX,670042,Luke Raley,20,RF,2,1,0,0,0,0,0,0,1,0,0,0,0
2026,,2026-04-06,822918,home,TEX,SEA,694497,Evan Carter,32,CF,3,3,0,0,0,0,0,0,0,1,0,0,1
2026,,2026-04-06,822918,home,TEX,SEA,694671,Wyatt Langford,36,LF,4,4,1,1,1,0,0,0,0,1,0,2,3
2026,,2026-04-06,822918,home,TEX,SEA,669394,Jake Burger,21,1B,4,4,0,1,1,0,0,1,0,1,0,2,3
2026,,2026-04-06,822918,home,TEX,SEA,592626,Joc Pederson,3,DH,3,3,0,1,1,0,0,0,0,1,0,2,1
2026,,2026-04-06,822918,home,TEX,SEA,608369,Corey Seager,5,SS,4,3,1,2,0,0,0,1,1,0,1,2,0
2026,,2026-04-06,822918,home,TEX,SEA,673962,Josh Jung,6,3B,3,3,0,2,0,0,0,0,0,0,0,2,0
2026,,2026-04-06,822918,home,TEX,SEA,677649,Ezequiel Duran,20,3B,0,0,0,0,0,0,0,0,0,0,0,0,0
2026,,2026-04-06,822918,home,TEX,SEA,607043,Brandon Nimmo,24,RF,4,3,0,0,0,0,0,0,1,0,0,0,1
2026,,2026-04-06,822918,home,TEX,SEA,669701,Josh Smith,8,2B,3,3,0,0,0,0,0,0,0,1,0,0,0
2026,,2026-04-06,822918,home,TEX,SEA,643376,Danny Jansen,9,C,3,3,0,0,0,0,0,0,0,2,0,0,0
2026,,2026-04-06,824376,away,HOU,COL,701358,Cam Smith,11,RF,5,4,2,2,1,0,1,1,1,1,0,6,1
2026,,2026-04-06,824376,away,HOU,COL,676694,Jake Meyers,6,CF,4,4,0,2,1,0,0,0,0,1,0,3,0
2026,,2026-04-06,824376,away,HOU,COL,514888,Jose Altuve,27,2B,5,5,2,3,2,0,0,1,0,0,0,5,4
2026,,2026-04-06,824376,away,HOU,COL,694388,Joey Loperfido,10,LF,4,3,0,0,0,0,0,2,0,0,0,0,1
2026,,2026-04-06,824376,away,HOU,COL,665161,Jeremy Peña,3,SS,5,5,1,2,1,0,0,0,0,0,0,3,2
2026,,2026-04-06,824376,away,HOU,COL,621043,Carlos Correa,1,3B,5,4,1,1,1,0,0,1,1,0,0,2,2
2026,,2026-04-06,824376,away,HOU,COL,572233,Christian Walker,8,1B,5,5,1,2,0,0,0,1,0,0,0,2,2
2026,,2026-04-06,824376,away,HOU,COL,673237,Yainer Diaz,21,C,4,4,0,1,0,0,0,1,0,0,0,1,2
2026,,2026-04-06,824376,away,HOU,COL,670541,Yordan Alvarez,44,DH,5,4,0,0,0,0,0,0,1,1,0,0,2
2026,,2026-04-06,824376,home,COL,HOU,666160,Mickey Moniak,22,DH,5,5,0,1,0,0,0,0,0,2,0,1,3
2026,,2026-04-06,824376,home,COL,HOU,664983,Jake McCarthy,31,LF,4,2,0,0,0,0,0,0,1,1,0,0,2
2026,,2026-04-06,824376,home,COL,HOU,687859,Troy Johnston,20,RF,5,5,2,3,1,0,1,2,0,0,0,7,1
2026,,2026-04-06,824376,home,COL,HOU,650489,Willi Castro,3,2B,4,3,2,2,0,0,0,1,1,0,0,2,1
2026,,2026-04-06,824376,home,COL,HOU,666397,Edouard Julien,6,2B,5,5,1,2,0,0,0,2,0,1,0,2,3
2026,,2026-04-06,824376,home,COL,HOU,696100,Hunter Goodman,15,C,5,5,1,1,0,0,0,1,0,1,0,1,1
2026,,2026-04-06,824376,home,COL,HOU,686668,Brenton Doyle,9,CF,4,3,1,0,0,0,0,0,1,2,0,0,3
2026,,2026-04-06,824376,home,COL,HOU,678662,Ezequiel Tovar,14,SS,0,0,0,0,0,0,0,0,0,0,0,0,0
2026,,2026-04-06,824376,home,COL,HOU,681198,TJ Rumfield,7,1B,4,4,1,2,0,1,0,2,0,0,0,4,1
2026,,2026-04-06,824376,home,COL,HOU,691720,Kyle Karros,12,3B,4,3,1,1,0,0,0,1,1,2,0,1,0
2026,,2026-04-06,824052,away,ATL,LAA,671739,Michael Harris II,23,CF,3,3,0,0,0,0,0,0,0,2,0,0,1
2026,,2026-04-06,824052,away,ATL,LAA,643289,Mauricio Dubón,14,SS,3,3,1,1,0,0,1,1,0,1,0,4,0
2026,,2026-04-06,824052,away,ATL,LAA,686948,Drake Baldwin,30,C,4,4,1,2,0,0,1,1,0,2,0,5,0
2026,,2026-04-06,824052,away,ATL,LAA,621566,Matt Olson,28,1B,4,4,0,1,0,0,0,0,0,2,0,1,1
2026,,2026-04-06,824052,away,ATL,LAA,642086,Dominic Smith,8,DH,3,3,0,0,0,0,0,0,0,0,0,0,1
2026,,2026-04-06,824052,away,ATL,LAA,660670,Ronald Acuña Jr.,13,RF,4,4,0,0,0,0,0,0,0,1,0,0,0
2026,,2026-04-06,824052,away,ATL,LAA,645277,Ozzie Albies,1,2B,3,3,0,0,0,0,0,0,0,2,0,0,1
2026,,2026-04-06,824052,away,ATL,LAA,663586,Austin Riley,27,3B,4,3,0,0,0,0,0,0,1,1,0,0,1
2026,,2026-04-06,824052,away,ATL,LAA,573262,Mike Yastrzemski,18,LF,4,4,0,1,0,0,0,0,0,0,0,1,2
2026,,2026-04-06,824052,home,LAA,ATL,624428,Adam Frazier,20,2B,3,3,0,0,0,0,0,0,0,1,0,0,3
2026,,2026-04-06,824052,home,LAA,ATL,672724,Oswald Peraza,2,3B,4,4,0,0,0,0,0,0,0,1,0,0,4
2026,,2026-04-06,824052,home,LAA,ATL,687263,Zach Neto,9,SS,4,4,1,1,0,0,1,1,0,1,0,4,3
2026,,2026-04-06,824052,home,LAA,ATL,624585,Jorge Soler,12,RF,4,3,2,1,0,0,0,0,0,1,0,1,0
2026,,2026-04-06,824052,home,LAA,ATL,660162,Yoán Moncada,10,DH,3,2,0,0,0,0,0,1,0,2,0,0,0
2026,,2026-04-06,824052,home,LAA,ATL,600869,Jeimer Candelario,46,1B,4,3,1,0,0,0,0,0,1,2,0,0,0
2026,,2026-04-06,824052,home,LAA,ATL,666176,Jo Adell,7,RF,4,4,1,2,0,0,1,2,0,1,0,5,0
2026,,2026-04-06,824052,home,LAA,ATL,666139,Josh Lowe,3,LF,0,0,0,0,0,0,0,0,0,0,0,0,0
2026,,2026-04-06,824052,home,LAA,ATL,669326,Bryce Teodosio,22,CF,3,3,0,1,0,0,0,1,0,1,0,1,0
2026,,2026-04-06,824052,home,LAA,ATL,681351,Logan O'Hoppe,14,C,4,2,1,0,0,0,0,1,1,0,0,0,0
2026,,2026-04-06,823237,away,PHI,SFG,669016,Brandon Marsh,16,LF,5,4,0,1,0,0,0,1,0,1,0,1,2
2026,,2026-04-06,823237,away,PHI,SFG,702222,Justin Crawford,2,CF,4,3,2,2,1,0,0,0,1,1,0,3,3
2026,,2026-04-06,823237,away,PHI,SFG,547180,Bryce Harper,3,1B,5,4,1,3,2,0,0,3,1,0,0,5,2
2026,,2026-04-06,823237,away,PHI,SFG,592663,J.T. Realmuto,10,C,4,3,1,2,0,0,0,0,1,0,0,2,1
2026,,2026-04-06,823237,away,PHI,SFG,664761,Alec Bohm,28,3B,5,5,0,2,1,0,0,1,0,1,0,3,3
2026,,2026-04-06,823237,away,PHI,SFG,681082,Bryson Stott,5,2B,5,5,0,0,0,0,0,0,0,0,0,0,5
2026,,2026-04-06,823237,away,PHI,SFG,656941,Kyle Schwarber,12,DH,5,3,1,0,0,0,0,0,2,3,0,0,2
2026,,2026-04-06,823237,away,PHI,SFG,666969,Adolis García,53,RF,5,3,0,0,0,0,0,0,1,0,1,0,1
2026,,2026-04-06,823237,away,PHI,SFG,607208,Trea Turner,7,SS,5,5,1,1,0,0,0,1,0,1,0,1,3
2026,,2026-04-06,823237,home,SFG,PHI,666464,Jerar Encarnacion,19,DH,4,4,0,1,0,0,0,0,0,1,0,1,1
2026,,2026-04-06,823237,home,SFG,PHI,671218,Heliot Ramos,17,LF,4,4,0,1,0,0,0,1,0,3,0,1,2
2026,,2026-04-06,823237,home,SFG,PHI,656305,Matt Chapman,26,3B,4,4,1,2,0,1,0,2,0,1,0,4,2
2026,,2026-04-06,823237,home,SFG,PHI,672275,Patrick Bailey,14,C,4,4,0,1,0,0,0,0,0,0,0,1,1
2026,,2026-04-06,823237,home,SFG,PHI,808982,Jung Hoo Lee,51,RF,4,4,0,1,0,0,0,0,0,0,0,1,1
2026,,2026-04-06,823237,home,SFG,PHI,646240,Rafael Devers,16,1B,4,4,0,0,0,0,0,0,0,1,0,0,3
2026,,2026-04-06,823237,home,SFG,PHI,664056,Harrison Bader,9,CF,4,4,1,1,0,0,0,0,0,1,0,1,1
2026,,2026-04-06,823237,home,SFG,PHI,642715,Willy Adames,2,SS,5,4,1,2,2,0,0,0,1,0,0,4,0
2026,,2026-04-06,823237,home,SFG,PHI,650333,Luis Arraez,1,2B,5,4,1,2,0,0,0,1,0,0,0,2,1
2026,,2026-04-07,824457,away,KCR,CLE,695600,Carter Jensen,22,C,4,3,1,1,0,0,1,1,1,1,0,4,3
2026,,2026-04-07,824457,away,KCR,CLE,663697,Jonathan India,6,2B,4,3,0,0,0,0,0,0,1,2,0,0,1
2026,,2026-04-07,824457,away,KCR,CLE,686555,Isaac Collins,1,LF,4,3,0,0,0,0,0,0,1,3,0,0,0
2026,,2026-04-07,824457,away,KCR,CLE,521692,Salvador Perez,13,DH,4,3,0,0,0,0,0,0,1,0,0,0,2
2026,,2026-04-07,824457,away,KCR,CLE,686469,Vinnie Pasquantino,9,1B,4,3,0,0,0,0,0,0,1,1,0,0,0
2026,,2026-04-07,824457,away,KCR,CLE,664728,Kyle Isbel,28,CF,3,1,0,0,0,0,0,0,2,0,1,0,0
2026,,2026-04-07,824457,away,KCR,CLE,672580,Maikel Garcia,11,3B,4,4,0,0,0,0,0,0,0,3,0,0,2
2026,,2026-04-07,824457,away,KCR,CLE,657041,Lane Thomas,15,RF,0,0,0,0,0,0,0,0,0,0,1,0,0
2026,,2026-04-07,824457,away,KCR,CLE,695506,Jac Caglianone,14,1B,4,4,0,0,0,0,0,0,0,3,0,0,2
2026,,2026-04-07,824457,away,KCR,CLE,677951,Bobby Witt Jr.,7,SS,4,3,0,0,0,0,0,0,1,1,2,0,2
2026,,2026-04-07,824457,home,CLE,KCR,800050,Chase DeLauter,24,DH,1,0,0,0,0,0,0,0,1,0,0,0,0
2026,,2026-04-07,824457,home,CLE,KCR,595978,Austin Hedges,27,C,3,3,1,1,0,0,0,0,0,0,0,1,0
2026,,2026-04-07,824457,home,CLE,KCR,682177,Daniel Schneemann,10,CF,1,1,0,0,0,0,0,0,0,1,0,0,0
2026,,2026-04-07,824457,home,CLE,KCR,677587,Brayan Rocchio,4,SS,4,4,0,1,0,0,0,1,0,0,0,1,1
2026,,2026-04-07,824457,home,CLE,KCR,666310,Bo Naylor,23,PH,1,0,0,0,0,0,0,0,1,0,0,0,0
2026,,2026-04-07,824457,home,CLE,KCR,681807,David Fry,6,DH,3,2,0,0,0,0,0,0,1,1,0,0,0
2026,,2026-04-07,824457,home,CLE,KCR,608070,José Ramírez,11,3B,4,4,0,0,0,0,0,0,0,0,0,0,3
2026,,2026-04-07,824457,home,CLE,KCR,680757,Steven Kwan,38,LF,4,4,0,1,0,0,0,1,0,0,0,1,1
2026,,2026-04-07,824457,home,CLE,KCR,682657,Angel Martínez,1,LF,3,3,0,2,0,0,0,0,0,0,0,2,0
2026,,2026-04-07,824457,home,CLE,KCR,682877,Juan Brito,34,2B,4,4,0,2,1,0,0,0,0,0,0,3,2
2026,,2026-04-07,824457,home,CLE,KCR,700932,Kyle Manzardo,9,1B,1,1,0,0,0,0,0,0,0,1,0,0,1
2026,,2026-04-07,824457,home,CLE,KCR,656555,Rhys Hoskins,8,1B,3,3,0,0,0,0,0,0,0,3,0,0,2
2026,,2026-04-07,824457,home,CLE,KCR,692216,CJ Kayfus,2,RF,4,4,1,1,0,0,0,0,0,2,0,1,2
2026,,2026-04-07,824618,away,BAL,CHW,669236,Jeremiah Jackson,82,2B,5,4,0,0,0,0,0,0,0,2,0,0,4
2026,,2026-04-07,824618,away,BAL,CHW,694212,Samuel Basallo,29,C,5,3,1,1,0,0,0,0,2,2,0,1,2
2026,,2026-04-07,824618,away,BAL,CHW,683002,Gunnar Henderson,2,DH,5,4,1,2,0,0,1,2,1,2,0,5,4
2026,,2026-04-07,824618,away,BAL,CHW,665750,Leody Taveras,30,CF,2,1,0,0,0,0,0,0,0,1,0,0,1
2026,,2026-04-07,824618,away,BAL,CHW,621493,Taylor Ward,3,LF,5,3,1,1,1,0,0,1,2,2,0,2,1
2026,,2026-04-07,824618,away,BAL,CHW,687637,Dylan Beavers,12,RF,2,2,0,0,0,0,0,0,0,2,0,0,3
2026,,2026-04-07,824618,away,BAL,CHW,663624,Ryan Mountcastle,6,PH,1,1,0,0,0,0,0,1,0,0,0,0,1
2026,,2026-04-07,824618,away,BAL,CHW,641933,Tyler O'Neill,9,RF,3,3,0,2,0,0,0,0,0,0,0,2,1
2026,,2026-04-07,824618,away,BAL,CHW,677942,Blaze Alexander,23,SS,5,4,1,2,1,0,0,0,0,0,1,3,2
2026,,2026-04-07,824618,away,BAL,CHW,624413,Pete Alonso,25,1B,5,4,0,0,0,0,0,0,1,0,0,0,4
2026,,2026-04-07,824618,away,BAL,CHW,681297,Colton Cowser,17,CF,2,2,0,0,0,0,0,0,0,1,0,0,0
2026,,2026-04-07,824618,away,BAL,CHW,691723,Coby Mayo,16,3B,5,3,0,0,0,0,0,0,2,1,0,0,1
2026,,2026-04-07,824618,home,CHW,BAL,672820,Lenyn Sosa,50,1B,4,4,0,1,0,0,0,1,0,1,0,1,2
2026,,2026-04-07,824618,home,CHW,BAL,671976,Tristan Peters,29,LF,1,1,0,0,0,0,0,0,0,1,0,0,1
2026,,2026-04-07,824618,home,CHW,BAL,695020,Tanner Murray,41,3B,3,3,0,0,0,0,0,0,0,0,0,0,1
2026,,2026-04-07,824618,home,CHW,BAL,682668,Luisangel Acuña,0,CF,3,3,0,1,0,0,0,0,0,0,0,1,0
2026,,2026-04-07,824618,home,CHW,BAL,687957,Dustin Harris,37,PH,1,0,0,0,0,0,0,0,1,0,0,0,0
2026,,2026-04-07,824618,home,CHW,BAL,808959,Munetaka Murakami,5,PH,1,1,0,0,0,0,0,0,0,1,0,0,1
2026,,2026-04-07,824618,home,CHW,BAL,805367,Chase Meidroth,10,2B,4,4,1,2,1,0,0,1,0,0,0,3,0
2026,,2026-04-07,824618,home,CHW,BAL,695657,Colson Montgomery,12,SS,4,3,0,1,1,0,0,0,0,2,0,2,0
2026,,2026-04-07,824618,home,CHW,BAL,700337,Edgar Quero,26,C,4,4,0,0,0,0,0,0,0,2,0,0,2
2026,,2026-04-07,824618,home,CHW,BAL,643217,Andrew Benintendi,23,LF,3,3,0,0,0,0,0,0,0,1,0,0,2
2026,,2026-04-07,824618,home,CHW,BAL,656537,Derek Hill,25,RF,4,4,1,1,0,0,0,0,0,2,0,1,2
2026,,2026-04-07,824618,home,CHW,BAL,678246,Miguel Vargas,20,DH,4,4,0,0,0,0,0,0,0,2,0,0,1
2026,,2026-04-07,823648,away,ARI,NYM,694374,Tim Tawa,13,LF,1,1,0,0,0,0,0,0,0,1,0,0,1
2026,,2026-04-07,823648,away,ARI,NYM,680728,Adrian Del Castillo,25,DH,5,5,0,1,0,0,0,2,0,2,0,1,5
2026,,2026-04-07,823648,away,ARI,NYM,571448,Nolan Arenado,28,3B,5,5,0,2,1,0,0,1,0,0,0,3,1
2026,,2026-04-07,823648,away,ARI,NYM,606466,Ketel Marte,4,2B,5,5,0,2,0,0,0,0,0,2,0,2,2
2026,,2026-04-07,823648,away,ARI,NYM,663609,Luken Baker,21,PH,1,1,0,0,0,0,0,0,0,1,0,0,1
2026,,2026-04-07,823648,away,ARI,NYM,545121,Ildemaro Vargas,6,1B,5,5,0,1,0,0,0,0,0,0,0,1,4
2026,,2026-04-07,823648,away,ARI,NYM,672695,Geraldo Perdomo,2,SS,5,4,1,0,0,0,0,0,1,0,0,0,2
2026,,2026-04-07,823648,away,ARI,NYM,699912,Jose Fernandez,11,DH,0,0,0,0,0,0,0,0,0,0,0,0,0
2026,,2026-04-07,823648,away,ARI,NYM,672515,Gabriel Moreno,14,C,5,3,1,2,1,0,0,0,1,0,0,3,0
2026,,2026-04-07,823648,away,ARI,NYM,682998,Corbin Carroll,7,RF,5,5,1,1,0,0,0,0,0,2,0,1,2
2026,,2026-04-07,823648,away,ARI,NYM,677950,Alek Thomas,5,CF,3,2,0,0,0,0,0,0,1,0,0,0,1
2026,,2026-04-07,823648,away,ARI,NYM,678489,Jorge Barrosa,1,CF,4,3,0,0,0,0,0,0,0,2,0,0,1
2026,,2026-04-07,823648,home,NYM,ARI,666182,Bo Bichette,19,3B,5,5,0,1,0,0,0,0,0,1,0,1,2
2026,,2026-04-07,823648,home,NYM,ARI,621438,Tyrone Taylor,28,DH,0,0,1,0,0,0,0,0,0,0,0,0,0
2026,,2026-04-07,823648,home,NYM,ARI,682626,Francisco Alvarez,4,C,4,3,1,1,0,0,0,0,1,0,0,1,0
2026,,2026-04-07,823648,home,NYM,ARI,668901,Mark Vientos,27,1B,3,3,0,0,0,0,0,0,0,1,0,0,2
2026,,2026-04-07,823648,home,NYM,ARI,683146,Brett Baty,7,RF,4,3,0,1,0,0,0,1,0,1,0,1,2
2026,,2026-04-07,823648,home,NYM,ARI,701807,Carson Benge,3,LF,4,3,0,0,0,0,0,0,1,0,0,0,0
2026,,2026-04-07,823648,home,NYM,ARI,543760,Marcus Semien,10,2B,4,4,0,0,0,0,0,0,0,0,0,0,1
2026,,2026-04-07,823648,home,NYM,ARI,596019,Francisco Lindor,12,SS,5,5,2,2,1,0,0,0,0,1,0,3,2
2026,,2026-04-07,823648,home,NYM,ARI,677595,Ronny Mauricio,0,PH,1,1,0,1,0,0,0,1,0,0,0,1,0
2026,,2026-04-07,823648,home,NYM,ARI,593871,Jorge Polanco,11,DH,4,4,0,2,0,0,0,0,0,1,0,2,0
2026,,2026-04-07,823648,home,NYM,ARI,673357,Luis Robert Jr.,88,CF,4,2,0,0,0,0,0,0,2,2,0,0,4
2026,,2026-04-07,823648,home,NYM,ARI,676724,Jared Young,29,1B,1,0,0,0,0,0,0,1,0,0,0,0,0
2026,,2026-04-07,823402,away,SDP,PIT,666023,Freddy Fermin,54,C,3,3,0,0,0,0,0,0,0,1,0,0,2
2026,,2026-04-07,823402,away,SDP,PIT,701538,Jackson Merrill,3,CF,4,4,0,0,0,0,0,0,0,1,0,0,2
2026,,2026-04-07,823402,away,SDP,PIT,657757,Gavin Sheets,30,1B,3,3,0,0,0,0,0,0,0,0,0,0,1
2026,,2026-04-07,823402,away,SDP,PIT,657656,Ramón Laureano,5,LF,4,4,0,0,0,0,0,0,0,1,0,0,1
2026,,2026-04-07,823402,away,SDP,PIT,592518,Manny Machado,13,3B,4,3,0,0,0,0,0,0,1,2,0,0,0
2026,,2026-04-07,823402,away,SDP,PIT,609280,Miguel Andujar,41,DH,3,2,0,1,0,0,0,0,0,0,0,1,1
2026,,2026-04-07,823402,away,SDP,PIT,665487,Fernando Tatis Jr.,23,RF,4,4,0,1,0,0,0,0,0,2,0,1,0
2026,,2026-04-07,823402,away,SDP,PIT,593428,Xander Bogaerts,2,SS,4,4,1,1,0,0,1,1,0,1,0,4,1
2026,,2026-04-07,823402,away,SDP,PIT,630105,Jake Cronenworth,9,2B,3,2,0,0,0,0,0,0,1,1,0,0,0
2026,,2026-04-07,823402,home,PIT,SDP,694377,Nick Yorke,38,3B,4,4,1,1,0,0,0,0,0,1,0,1,3
2026,,2026-04-07,823402,home,PIT,SDP,687462,Spencer Horwitz,2,1B,3,2,1,1,0,0,0,0,1,1,0,1,0
2026,,2026-04-07,823402,home,PIT,SDP,664040,Brandon Lowe,5,DH,4,4,0,0,0,0,0,0,0,3,0,0,1
2026,,2026-04-07,823402,home,PIT,SDP,668804,Bryan Reynolds,10,RF,4,4,1,1,0,0,0,0,0,2,0,1,0
2026,,2026-04-07,823402,home,PIT,SDP,665833,Oneil Cruz,15,CF,5,5,0,1,1,0,0,2,0,2,0,2,3
2026,,2026-04-07,823402,home,PIT,SDP,663968,Jake Mangum,28,LF,1,1,1,1,0,0,0,1,0,0,1,1,0
2026,,2026-04-07,823402,home,PIT,SDP,680779,Henry Davis,32,C,4,4,0,2,1,0,0,0,0,0,0,3,3
2026,,2026-04-07,823402,home,PIT,SDP,804606,Konnor Griffin,6,SS,4,4,1,2,0,0,0,2,0,0,0,2,1
2026,,2026-04-07,823402,home,PIT,SDP,656811,Ryan O'Hearn,29,1B,4,3,1,2,0,0,0,0,1,0,0,2,0
2026,,2026-04-07,823402,home,PIT,SDP,693304,Nick Gonzales,3,2B,4,4,1,1,0,0,0,2,0,1,0,1,2
2026,,2026-04-07,822999,away,CHC,TBR,624424,Michael Conforto,20,LF,5,3,1,2,0,0,0,1,2,0,0,2,0
2026,,2026-04-07,822999,away,CHC,TBR,608324,Alex Bregman,3,3B,5,5,1,3,1,0,0,0,0,0,0,4,2
2026,,2026-04-07,822999,away,CHC,TBR,683737,Michael Busch,29,1B,5,5,0,0,0,0,0,0,0,1,0,0,7
2026,,2026-04-07,822999,away,CHC,TBR,691718,Pete Crow-Armstrong,4,CF,5,5,3,3,0,0,1,1,0,0,1,6,2
2026,,2026-04-07,822999,away,CHC,TBR,665804,Miguel Amaya,9,C,5,5,0,0,0,0,0,0,0,1,0,0,2
2026,,2026-04-07,822999,away,CHC,TBR,694208,Moisés Ballesteros,25,DH,5,4,2,2,0,0,1,3,0,0,0,5,0
2026,,2026-04-07,822999,away,CHC,TBR,621020,Dansby Swanson,7,SS,5,5,2,2,1,0,0,0,0,1,1,3,1
2026,,2026-04-07,822999,away,CHC,TBR,663538,Nico Hoerner,2,2B,5,4,0,2,0,0,0,2,1,0,1,2,2
2026,,2026-04-07,822999,away,CHC,TBR,807713,Matt Shaw,6,RF,5,5,0,2,1,0,0,1,0,2,0,3,3
2026,,2026-04-07,822999,home,TBR,CHC,670764,Taylor Walls,6,SS,4,4,0,0,0,0,0,0,0,1,0,0,3
2026,,2026-04-07,822999,home,TBR,CHC,680700,Richie Palacios,1,2B,4,3,1,1,0,0,0,0,1,1,0,1,1
2026,,2026-04-07,822999,home,TBR,CHC,668723,Ryan Vilade,26,RF,2,2,0,1,0,0,0,1,0,0,0,1,2
2026,,2026-04-07,822999,home,TBR,CHC,641584,Jake Fraley,17,RF,2,2,0,0,0,0,0,0,0,0,0,0,0
2026,,2026-04-07,822999,home,TBR,CHC,802415,Chandler Simpson,14,LF,4,4,0,2,0,0,0,0,0,0,0,2,2
2026,,2026-04-07,822999,home,TBR,CHC,666018,Jonathan Aranda,8,1B,4,4,0,2,1,0,0,1,0,0,0,3,0
2026,,2026-04-07,822999,home,TBR,CHC,663743,Nick Fortes,40,C,4,4,0,0,0,0,0,0,0,0,0,0,4
2026,,2026-04-07,822999,home,TBR,CHC,650490,Yandy Díaz,2,DH,4,3,1,0,0,0,0,0,0,0,0,0,1
2026,,2026-04-07,822999,home,TBR,CHC,691406,Junior Caminero,13,3B,4,3,0,0,0,0,0,0,1,2,0,0,2
2026,,2026-04-07,822999,home,TBR,CHC,656775,Cedric Mullins,31,CF,4,3,0,0,0,0,0,0,1,1,0,0,3
2026,,2026-04-07,823887,away,CIN,MIA,682829,Elly De La Cruz,44,SS,5,3,1,0,0,0,0,1,2,0,1,0,1
2026,,2026-04-07,823887,away,CIN,MIA,701398,Sal Stewart,27,3B,5,3,0,1,0,0,0,1,1,1,0,1,1
2026,,2026-04-07,823887,away,CIN,MIA,667472,Dane Myers,17,CF,0,0,1,0,0,0,0,0,0,0,0,0,0
2026,,2026-04-07,823887,away,CIN,MIA,682622,Noelvi Marte,4,RF,4,4,0,1,0,0,0,0,0,1,1,1,2
2026,,2026-04-07,823887,away,CIN,MIA,663993,Nathaniel Lowe,31,1B,2,2,0,1,0,0,0,1,0,0,0,1,0
2026,,2026-04-07,823887,away,CIN,MIA,680574,Matt McLain,9,2B,5,5,1,2,2,0,0,2,0,0,1,4,1
2026,,2026-04-07,823887,away,CIN,MIA,663647,Ke'Bryan Hayes,3,3B,2,2,0,0,0,0,0,0,0,0,0,0,1
2026,,2026-04-07,823887,away,CIN,MIA,666181,Will Benson,30,DH,1,1,0,0,0,0,0,0,0,0,0,0,2
2026,,2026-04-07,823887,away,CIN,MIA,670770,TJ Friedl,29,LF,5,4,1,0,0,0,0,0,1,0,0,0,1
2026,,2026-04-07,823887,away,CIN,MIA,668715,Spencer Steer,7,1B,4,4,1,0,0,0,0,0,0,2,0,0,3
2026,,2026-04-07,823887,away,CIN,MIA,553993,Eugenio Suárez,28,DH,4,3,0,0,0,0,0,0,1,1,0,0,2
2026,,2026-04-07,823887,away,CIN,MIA,663886,Tyler Stephenson,37,C,4,3,1,0,0,0,0,0,1,3,0,0,1
2026,,2026-04-07,823887,home,MIA,CIN,665052,Griffin Conine,18,RF,2,1,0,0,0,0,0,0,1,1,1,0,0
2026,,2026-04-07,823887,home,MIA,CIN,681715,Heriberto Hernández,13,LF,4,3,0,1,0,0,0,1,1,0,1,1,1
2026,,2026-04-07,823887,home,MIA,CIN,805300,Jakob Marsee,87,CF,5,4,2,2,0,0,0,0,1,0,4,2,2
2026,,2026-04-07,823887,home,MIA,CIN,691594,Javier Sanoja,8,LF,4,3,0,1,0,0,0,0,1,0,1,1,0
2026,,2026-04-07,823887,home,MIA,CIN,669364,Xavier Edwards,9,2B,4,4,0,0,0,0,0,0,0,0,0,0,7
2026,,2026-04-07,823887,home,MIA,CIN,688363,Graham Pauley,21,3B,1,1,0,0,0,0,0,1,0,0,0,0,1
2026,,2026-04-07,823887,home,MIA,CIN,689414,Liam Hicks,34,DH,2,2,0,0,0,0,0,0,0,2,0,0,3
2026,,2026-04-07,823887,home,MIA,CIN,682663,Agustín Ramírez,50,C,5,5,1,1,1,0,0,0,0,2,0,2,3
2026,,2026-04-07,823887,home,MIA,CIN,677870,Leo Jiménez,19,DH,2,2,0,0,0,0,0,0,0,0,0,0,0
2026,,2026-04-07,823887,home,MIA,CIN,681393,Connor Norby,1,1B,5,3,0,1,0,0,0,0,2,0,0,1,2
2026,,2026-04-07,823887,home,MIA,CIN,596103,Austin Slater,15,RF,3,3,0,0,0,0,0,0,0,1,0,0,1
2026,,2026-04-07,823887,home,MIA,CIN,672640,Otto Lopez,6,SS,5,5,0,1,0,0,0,1,0,1,0,1,3
2026,,2026-04-07,822754,away,STL,WSN,669357,Nolan Gorman,16,3B,5,4,0,3,0,0,0,1,1,1,0,3,0
2026,,2026-04-07,822754,away,STL,WSN,691023,Jordan Walker,18,RF,5,5,1,1,0,0,1,2,0,1,0,4,4
2026,,2026-04-07,822754,away,STL,WSN,701675,Nathan Church,27,CF,2,2,1,1,0,0,1,2,0,1,0,4,1
2026,,2026-04-07,822754,away,STL,WSN,687363,Victor Scott II,11,CF,2,2,0,0,0,0,0,0,0,1,0,0,2
2026,,2026-04-07,822754,away,STL,WSN,802139,JJ Wetherholt,26,2B,6,5,1,1,1,0,0,1,1,1,1,2,3
2026,,2026-04-07,822754,away,STL,WSN,676475,Alec Burleson,41,1B,5,3,1,1,0,0,0,0,2,0,0,1,2
2026,,2026-04-07,822754,away,STL,WSN,695336,Thomas Saggese,25,LF,5,5,1,2,1,0,0,1,0,2,0,3,5
2026,,2026-04-07,822754,away,STL,WSN,650968,Yohel Pozo,63,C,2,2,0,0,0,0,0,0,0,0,0,0,2
2026,,2026-04-07,822754,away,STL,WSN,686780,Pedro Pagés,43,C,3,2,0,0,0,0,0,0,1,1,0,0,2
2026,,2026-04-07,822754,away,STL,WSN,602104,Ramón Urías,29,PH,1,0,0,0,0,0,0,0,1,0,0,0,0
2026,,2026-04-07,822754,away,STL,WSN,691026,Masyn Winn,0,SS,5,2,2,0,0,0,0,0,2,0,1,0,3
2026,,2026-04-07,822754,away,STL,WSN,671056,Iván Herrera,48,DH,6,4,0,0,0,0,0,0,2,0,0,0,2
2026,,2026-04-07,822754,home,WSN,STL,691781,Brady House,12,3B,5,5,0,1,0,0,0,0,0,1,0,1,2
2026,,2026-04-07,822754,home,WSN,STL,682928,CJ Abrams,5,SS,5,4,0,2,0,0,0,1,1,2,2,2,2
2026,,2026-04-07,822754,home,WSN,STL,683083,Nasim Nuñez,26,2B,5,4,0,0,0,0,0,0,1,1,1,0,2
2026,,2026-04-07,822754,home,WSN,STL,686452,Drew Millas,14,C,0,0,0,0,0,0,0,0,0,0,0,0,0
2026,,2026-04-07,822754,home,WSN,STL,678391,Jorbit Vivas,84,PH,1,0,0,0,0,0,0,0,0,0,0,0,0
2026,,2026-04-07,822754,home,WSN,STL,686894,Joey Wiemer,21,RF,4,4,0,1,0,0,0,0,0,2,0,1,3
2026,,2026-04-07,822754,home,WSN,STL,678554,Curtis Mead,45,1B,4,4,1,3,0,0,1,2,0,1,1,6,1
2026,,2026-04-07,822754,home,WSN,STL,695734,Daylen Lile,4,DH,5,4,2,1,0,0,0,1,1,2,0,1,1
2026,,2026-04-07,822754,home,WSN,STL,677588,José Tena,8,PH,1,1,0,0,0,0,0,0,0,1,0,0,0
2026,,2026-04-07,822754,home,WSN,STL,695578,James Wood,29,LF,5,4,3,2,0,0,1,1,1,1,1,5,0
2026,,2026-04-07,822754,home,WSN,STL,696285,Jacob Young,30,CF,5,4,0,0,0,0,0,0,0,1,0,0,5
2026,,2026-04-07,822754,home,WSN,STL,660688,Keibert Ruiz,20,C,3,3,0,0,0,0,0,0,0,1,0,0,2
2026,,2026-04-07,822754,home,WSN,STL,671277,Luis García Jr.,2,1B,1,1,0,0,0,0,0,0,0,0,0,0,0
2026,,2026-04-07,824780,away,MIL,BOS,650859,Luis Rengifo,13,3B,4,4,0,0,0,0,0,0,0,0,0,0,1
2026,,2026-04-07,824780,away,MIL,BOS,687401,Joey Ortiz,3,SS,4,4,1,1,0,0,0,0,0,0,0,1,2
2026,,2026-04-07,824780,away,MIL,BOS,592885,Christian Yelich,22,LF,1,1,0,0,0,0,0,1,0,0,1,0,2
2026,,2026-04-07,824780,away,MIL,BOS,686217,Sal Frelick,10,RF,4,3,1,1,0,0,0,0,1,0,0,1,1
2026,,2026-04-07,824780,away,MIL,BOS,663604,Brandon Lockridge,20,LF,3,3,0,0,0,0,0,0,0,3,0,0,1
2026,,2026-04-07,824780,away,MIL,BOS,666152,David Hamilton,6,2B,3,1,0,0,0,0,0,1,0,0,0,0,0
2026,,2026-04-07,824780,away,MIL,BOS,663368,Blake Perkins,16,CF,4,3,0,1,0,0,0,0,1,0,0,1,1
2026,,2026-04-07,824780,away,MIL,BOS,661388,William Contreras,24,C,4,4,0,1,0,0,0,0,0,1,0,1,3
2026,,2026-04-07,824780,away,MIL,BOS,682641,Luis Matos,21,DH,4,4,0,0,0,0,0,0,0,2,0,0,4
2026,,2026-04-07,824780,away,MIL,BOS,596142,Gary Sánchez,99,1B,4,3,0,1,0,0,0,0,1,2,0,1,1
2026,,2026-04-07,824780,home,BOS,MIL,701350,Roman Anthony,19,DH,4,4,0,0,0,0,0,0,0,3,0,0,0
2026,,2026-04-07,824780,home,BOS,MIL,575929,Willson Contreras,40,1B,4,2,1,1,0,0,0,0,2,1,0,1,0
2026,,2026-04-07,824780,home,BOS,MIL,657136,Connor Wong,12,C,3,2,0,0,0,0,0,0,0,1,0,0,1
2026,,2026-04-07,824780,home,BOS,MIL,596115,Trevor Story,10,SS,4,4,0,1,1,0,0,2,0,1,0,2,1
2026,,2026-04-07,824780,home,BOS,MIL,677800,Wilyer Abreu,52,RF,4,3,1,0,0,0,0,0,1,2,0,0,2
2026,,2026-04-07,824780,home,BOS,MIL,643396,Isiah Kiner-Falefa,2,2B,3,3,0,0,0,0,0,0,0,0,0,0,3
2026,,2026-04-07,824780,home,BOS,MIL,702332,Caleb Durbin,5,3B,1,1,0,0,0,0,0,1,0,0,0,0,1
2026,,2026-04-07,824780,home,BOS,MIL,680776,Jarren Duran,16,LF,4,3,1,0,0,0,0,0,1,2,0,0,0
2026,,2026-04-07,824780,home,BOS,MIL,678882,Ceddanne Rafaela,3,CF,3,2,0,1,0,0,0,0,1,0,0,1,1
2026,,2026-04-07,824780,home,BOS,MIL,691785,Marcelo Mayer,11,2B,2,2,0,0,0,0,0,0,0,1,0,0,0
2026,,2026-04-07,823567,away,ATH,NYY,671732,Lawrence Butler,4,RF,4,2,0,0,0,0,0,0,2,1,1,0,0
2026,,2026-04-07,823567,away,ATH,NYY,667670,Brent Rooker,25,DH,4,3,0,0,0,0,0,0,1,1,1,0,2
2026,,2026-04-07,823567,away,ATH,NYY,643446,Jeff McNeil,22,2B,4,3,1,2,0,0,0,0,1,1,0,2,0
2026,,2026-04-07,823567,away,ATH,NYY,666126,Carlos Cortes,26,PH,1,1,0,0,0,0,0,0,0,0,0,0,0
2026,,2026-04-07,823567,away,ATH,NYY,691777,Max Muncy,3,3B,4,4,1,1,0,0,0,0,0,2,0,1,4
2026,,2026-04-07,823567,away,ATH,NYY,672016,Denzel Clarke,1,CF,3,2,0,0,0,0,0,0,0,2,0,0,2
2026,,2026-04-07,823567,away,ATH,NYY,691016,Tyler Soderstrom,21,LF,4,4,0,2,1,0,0,1,0,0,1,3,0
2026,,2026-04-07,823567,away,ATH,NYY,701762,Nick Kurtz,16,1B,5,5,1,1,1,0,0,2,0,2,0,2,2
2026,,2026-04-07,823567,away,ATH,NYY,669127,Shea Langeliers,23,C,4,4,0,0,0,0,0,0,0,3,0,0,3
2026,,2026-04-07,823567,away,ATH,NYY,628451,Andy Ibáñez,77,3B,0,0,0,0,0,0,0,0,0,0,0,0,0
2026,,2026-04-07,823567,away,ATH,NYY,805779,Jacob Wilson,5,SS,4,4,0,0,0,0,0,0,0,1,0,0,2
2026,,2026-04-07,823567,home,NYY,ATH,676609,José Caballero,72,SS,4,4,0,2,1,0,0,0,0,1,1,3,2
2026,,2026-04-07,823567,home,NYY,ATH,545341,Randal Grichuk,34,DH,0,0,1,0,0,0,0,0,0,0,0,0,0
2026,,2026-04-07,823567,home,NYY,ATH,642708,Amed Rosario,14,3B,4,4,2,2,0,0,2,4,0,1,0,8,1
2026,,2026-04-07,823567,home,NYY,ATH,592450,Aaron Judge,99,RF,4,2,0,0,0,0,0,0,1,0,0,0,1
2026,,2026-04-07,823567,home,NYY,ATH,641857,Ryan McMahon,19,3B,0,0,0,0,0,0,0,0,0,0,0,0,0
2026,,2026-04-07,823567,home,NYY,ATH,669224,Austin Wells,28,C,4,3,0,1,1,0,0,0,1,1,0,2,0
2026,,2026-04-07,823567,home,NYY,ATH,700250,Ben Rice,22,1B,4,2,1,1,0,0,0,0,2,0,0,1,2
2026,,2026-04-07,823567,home,NYY,ATH,641355,Cody Bellinger,35,LF,4,4,1,1,0,0,0,0,0,1,0,1,3
2026,,2026-04-07,823567,home,NYY,ATH,519317,Giancarlo Stanton,27,DH,4,4,0,1,0,0,0,1,0,2,0,1,3
2026,,2026-04-07,823567,home,NYY,ATH,665862,Jazz Chisholm Jr.,13,2B,4,4,0,1,0,0,0,0,0,1,0,1,2
2026,,2026-04-07,823567,home,NYY,ATH,663757,Trent Grisham,12,CF,5,5,0,0,0,0,0,0,0,0,0,0,4
2026,,2026-04-07,822831,away,LAD,TOR,669257,Will Smith,16,C,5,5,0,0,0,0,0,1,0,0,0,0,6
2026,,2026-04-07,822831,away,LAD,TOR,663656,Kyle Tucker,23,RF,5,5,0,1,0,0,0,1,0,3,0,1,5
2026,,2026-04-07,822831,away,LAD,TOR,571970,Max Muncy,13,3B,4,4,0,0,0,0,0,0,0,1,0,0,2
2026,,2026-04-07,822831,away,LAD,TOR,518692,Freddie Freeman,5,1B,4,4,0,1,0,0,0,0,0,0,0,1,2
2026,,2026-04-07,822831,away,LAD,TOR,808975,Hyeseong Kim,6,SS,4,3,2,1,1,0,0,0,1,2,0,2,2
2026,,2026-04-07,822831,away,LAD,TOR,660271,Shohei Ohtani,17,DH,5,3,0,1,0,0,0,1,2,0,0,1,2
2026,,2026-04-07,822831,away,LAD,TOR,606192,Teoscar Hernández,37,LF,4,4,0,0,0,0,0,0,0,3,0,0,1
2026,,2026-04-07,822831,away,LAD,TOR,681624,Andy Pages,44,CF,4,4,0,1,0,0,0,0,0,2,0,1,0
2026,,2026-04-07,822831,away,LAD,TOR,690976,Alex Freeland,76,2B,4,3,2,3,1,0,0,1,0,0,0,4,0
2026,,2026-04-07,822831,home,TOR,LAD,676391,Ernie Clement,22,2B,4,3,0,1,0,0,0,0,1,0,0,1,1
2026,,2026-04-07,822831,home,TOR,LAD,662139,Daulton Varsho,5,CF,4,3,0,0,0,0,0,0,1,1,0,0,0
2026,,2026-04-07,822831,home,TOR,LAD,665926,Andrés Giménez,0,SS,4,4,1,2,0,0,0,0,0,0,0,2,3
2026,,2026-04-07,822831,home,TOR,LAD,678218,Brandon Valenzuela,59,C,3,3,0,0,0,0,0,0,0,2,0,0,4
2026,,2026-04-07,822831,home,TOR,LAD,676914,Davis Schneider,36,LF,2,1,0,0,0,0,0,0,1,1,0,0,1
2026,,2026-04-07,822831,home,TOR,LAD,664770,Nathan Lukes,38,RF,2,2,0,0,0,0,0,0,0,1,0,0,1
2026,,2026-04-07,822831,home,TOR,LAD,543807,George Springer,4,DH,4,4,0,1,1,0,0,1,0,1,0,2,3
2026,,2026-04-07,822831,home,TOR,LAD,623168,Tyler Heineman,55,PH,1,1,0,0,0,0,0,0,0,1,0,0,2
2026,,2026-04-07,822831,home,TOR,LAD,665489,Vladimir Guerrero Jr.,27,1B,4,4,0,0,0,0,0,0,0,1,0,0,2
2026,,2026-04-07,822831,home,TOR,LAD,660821,Jesús Sánchez,12,RF,4,4,0,1,1,0,0,0,0,1,0,2,2
2026,,2026-04-07,822831,home,TOR,LAD,672960,Kazuma Okamoto,7,3B,4,4,0,1,1,0,0,0,0,1,0,2,1
2026,,2026-04-07,823727,away,DET,MIN,656716,Zach McKinstry,39,RF,4,3,0,1,1,0,0,0,1,1,0,2,1
2026,,2026-04-07,823727,away,DET,MIN,663330,Jahmai Jones,18,DH,2,2,0,0,0,0,0,0,0,1,0,0,3
2026,,2026-04-07,823727,away,DET,MIN,682985,Riley Greene,31,LF,5,4,0,0,0,0,0,0,1,3,0,0,1
2026,,2026-04-07,823727,away,DET,MIN,595879,Javier Báez,28,SS,4,3,1,2,1,0,0,0,0,1,0,3,2
2026,,2026-04-07,823727,away,DET,MIN,805808,Kevin McGonigle,7,3B,5,5,0,2,1,0,0,2,0,1,0,3,1
2026,,2026-04-07,823727,away,DET,MIN,681481,Kerry Carpenter,30,PH,1,1,0,0,0,0,0,0,0,1,0,0,2
2026,,2026-04-07,823727,away,DET,MIN,679529,Spencer Torkelson,20,1B,4,3,1,2,0,0,0,0,1,1,0,2,0
2026,,2026-04-07,823727,away,DET,MIN,650402,Gleyber Torres,25,2B,5,5,0,1,0,0,0,0,0,1,0,1,3
2026,,2026-04-07,823727,away,DET,MIN,663837,Matt Vierling,8,CF,0,0,0,0,0,0,0,0,0,0,0,0,0
2026,,2026-04-07,823727,away,DET,MIN,678009,Parker Meadows,22,CF,3,3,0,1,0,0,0,0,0,2,0,1,2
2026,,2026-04-07,823727,away,DET,MIN,693307,Dillon Dingler,13,C,5,4,0,0,0,0,0,0,0,1,0,0,2
2026,,2026-04-07,823727,away,DET,MIN,690993,Colt Keith,33,DH,3,3,0,0,0,0,0,0,0,1,0,0,4
2026,,2026-04-07,823727,home,MIN,DET,605170,Victor Caratini,37,1B,4,4,0,2,1,0,0,0,0,2,0,3,2
2026,,2026-04-07,823727,home,MIN,DET,686797,Brooks Lee,22,SS,4,4,0,1,0,0,0,0,0,1,0,1,3
2026,,2026-04-07,823727,home,MIN,DET,668885,Austin Martin,16,LF,4,3,1,0,0,0,0,0,1,0,0,0,2
2026,,2026-04-07,823727,home,MIN,DET,605137,Josh Bell,56,DH,4,4,0,3,1,0,0,1,0,1,0,4,1
2026,,2026-04-07,823727,home,MIN,DET,680777,Ryan Jeffers,27,C,4,4,1,1,1,0,0,2,0,1,0,2,0
2026,,2026-04-07,823727,home,MIN,DET,668904,Royce Lewis,23,3B,4,3,0,0,0,0,0,0,1,1,0,0,4
2026,,2026-04-07,823727,home,MIN,DET,621439,Byron Buxton,25,CF,5,4,1,1,0,0,0,0,1,1,0,1,3
2026,,2026-04-07,823727,home,MIN,DET,670242,Matt Wallner,38,RF,4,4,0,1,0,0,0,0,0,2,0,1,5
2026,,2026-04-07,823727,home,MIN,DET,807712,Luke Keaschall,15,2B,4,4,1,1,0,0,0,1,0,1,0,1,1
2026,,2026-04-07,822916,away,SEA,TEX,647304,Josh Naylor,12,1B,4,4,0,0,0,0,0,0,0,3,0,0,1
2026,,2026-04-07,822916,away,SEA,TEX,702284,Cole Young,2,2B,4,4,1,1,0,0,0,0,0,0,0,1,2
2026,,2026-04-07,822916,away,SEA,TEX,668227,Randy Arozarena,56,LF,4,4,0,0,0,0,0,0,0,3,1,0,1
2026,,2026-04-07,822916,away,SEA,TEX,641487,J.P. Crawford,3,SS,4,3,0,1,0,0,0,0,1,1,0,1,0
2026,,2026-04-07,822916,away,SEA,TEX,686527,Dominic Canzone,8,DH,4,4,0,0,0,0,0,0,0,0,0,0,4
2026,,2026-04-07,822916,away,SEA,TEX,663728,Cal Raleigh,29,C,4,4,0,1,0,0,0,1,0,0,0,1,1
2026,,2026-04-07,822916,away,SEA,TEX,680977,Brendan Donovan,33,3B,5,4,1,2,0,0,1,1,1,0,0,5,2
2026,,2026-04-07,822916,away,SEA,TEX,677594,Julio Rodríguez,44,CF,4,4,0,1,0,0,0,0,0,0,0,1,2
2026,,2026-04-07,822916,away,SEA,TEX,670042,Luke Raley,20,RF,4,4,0,2,0,0,0,0,0,2,0,2,1
2026,,2026-04-07,822916,home,TEX,SEA,694497,Evan Carter,32,CF,3,3,1,1,0,0,0,1,0,0,0,1,0
2026,,2026-04-07,822916,home,TEX,SEA,694671,Wyatt Langford,36,LF,3,3,0,1,0,0,0,0,0,0,0,1,0
2026,,2026-04-07,822916,home,TEX,SEA,669394,Jake Burger,21,1B,3,3,0,0,0,0,0,0,0,0,0,0,1
2026,,2026-04-07,822916,home,TEX,SEA,592626,Joc Pederson,3,DH,3,3,1,1,0,0,0,0,0,0,0,1,0
2026,,2026-04-07,822916,home,TEX,SEA,608369,Corey Seager,5,SS,3,3,0,0,0,0,0,0,0,2,0,0,1
2026,,2026-04-07,822916,home,TEX,SEA,543309,Kyle Higashioka,11,C,3,3,1,2,0,0,1,2,0,1,0,5,0
2026,,2026-04-07,822916,home,TEX,SEA,677649,Ezequiel Duran,20,3B,3,3,0,1,0,0,0,0,0,1,0,1,0
2026,,2026-04-07,822916,home,TEX,SEA,607043,Brandon Nimmo,24,RF,4,4,0,0,0,0,0,0,0,0,0,0,2
2026,,2026-04-07,822916,home,TEX,SEA,669701,Josh Smith,8,2B,3,3,0,0,0,0,0,0,0,0,0,0,1
2026,,2026-04-07,824375,away,HOU,COL,670623,Isaac Paredes,15,3B,4,4,0,1,0,0,0,0,0,2,0,1,1
2026,,2026-04-07,824375,away,HOU,COL,701358,Cam Smith,11,RF,3,3,0,1,0,0,0,0,0,1,0,1,1
2026,,2026-04-07,824375,away,HOU,COL,676694,Jake Meyers,6,CF,3,3,0,0,0,0,0,0,0,0,0,0,1
2026,,2026-04-07,824375,away,HOU,COL,694728,Brice Matthews,0,LF,2,2,0,0,0,0,0,0,0,1,0,0,0
2026,,2026-04-07,824375,away,HOU,COL,514888,Jose Altuve,27,2B,4,4,0,0,0,0,0,0,0,3,0,0,1
2026,,2026-04-07,824375,away,HOU,COL,694388,Joey Loperfido,10,LF,1,1,0,0,0,0,0,0,0,1,0,0,0
2026,,2026-04-07,824375,away,HOU,COL,665161,Jeremy Peña,3,SS,4,3,0,0,0,0,0,0,1,0,0,0,0
2026,,2026-04-07,824375,away,HOU,COL,572233,Christian Walker,8,1B,4,4,1,1,0,0,1,1,0,0,0,4,1
2026,,2026-04-07,824375,away,HOU,COL,673237,Yainer Diaz,21,C,3,3,0,0,0,0,0,0,0,0,0,0,1
2026,,2026-04-07,824375,away,HOU,COL,670541,Yordan Alvarez,44,DH,4,3,0,0,0,0,0,0,0,0,0,0,2
2026,,2026-04-07,824375,home,COL,HOU,666160,Mickey Moniak,22,RF,4,4,1,1,0,0,1,2,0,0,0,4,2
2026,,2026-04-07,824375,home,COL,HOU,687859,Troy Johnston,20,LF,4,4,1,1,0,0,0,0,0,1,0,1,0
2026,,2026-04-07,824375,home,COL,HOU,650489,Willi Castro,3,2B,4,4,1,3,0,0,1,3,0,1,0,6,0
2026,,2026-04-07,824375,home,COL,HOU,666397,Edouard Julien,6,DH,3,3,0,1,0,0,0,0,0,0,0,1,1
2026,,2026-04-07,824375,home,COL,HOU,696100,Hunter Goodman,15,DH,1,1,0,0,0,0,0,0,0,0,0,0,1
2026,,2026-04-07,824375,home,COL,HOU,687597,Jordan Beck,27,LF,3,3,0,0,0,0,0,0,0,0,0,0,4
2026,,2026-04-07,824375,home,COL,HOU,664954,Brett Sullivan,26,C,3,3,0,1,0,0,0,0,0,0,0,1,1
2026,,2026-04-07,824375,home,COL,HOU,686668,Brenton Doyle,9,CF,0,0,0,0,0,0,0,0,0,0,0,0,0
2026,,2026-04-07,824375,home,COL,HOU,678662,Ezequiel Tovar,14,SS,4,4,0,0,0,0,0,0,0,1,0,0,2
2026,,2026-04-07,824375,home,COL,HOU,681198,TJ Rumfield,7,1B,4,3,1,2,0,0,0,0,1,0,0,2,0
2026,,2026-04-07,824375,home,COL,HOU,691720,Kyle Karros,12,3B,3,2,1,1,0,0,0,0,1,1,0,1,1
2026,,2026-04-07,824051,away,ATL,LAA,641680,Jonah Heim,20,C,4,4,0,1,0,0,0,1,0,0,0,1,4
2026,,2026-04-07,824051,away,ATL,LAA,671739,Michael Harris II,23,CF,1,1,0,1,0,0,0,0,0,0,0,1,0
2026,,2026-04-07,824051,away,ATL,LAA,622761,Jorge Mateo,2,SS,2,2,0,0,0,0,0,0,0,2,0,0,1
2026,,2026-04-07,824051,away,ATL,LAA,643289,Mauricio Dubón,14,SS,4,4,1,2,1,0,0,0,0,1,0,3,2
2026,,2026-04-07,824051,away,ATL,LAA,686948,Drake Baldwin,30,DH,5,5,0,2,0,0,0,1,0,2,0,2,0
2026,,2026-04-07,824051,away,ATL,LAA,621566,Matt Olson,28,1B,5,4,2,1,1,0,0,0,1,2,0,2,2
2026,,2026-04-07,824051,away,ATL,LAA,660670,Ronald Acuña Jr.,13,RF,5,5,1,1,0,0,0,0,0,2,0,1,1
2026,,2026-04-07,824051,away,ATL,LAA,642201,Eli White,36,CF,3,2,0,1,1,0,0,2,0,0,0,2,1
2026,,2026-04-07,824051,away,ATL,LAA,645277,Ozzie Albies,1,2B,5,4,1,1,0,0,1,1,1,2,0,4,1
2026,,2026-04-07,824051,away,ATL,LAA,663586,Austin Riley,27,3B,5,5,1,2,0,0,0,1,0,1,0,2,2
2026,,2026-04-07,824051,away,ATL,LAA,573262,Mike Yastrzemski,18,LF,2,1,1,0,0,0,0,0,1,0,0,0,0
2026,,2026-04-07,824051,home,LAA,ATL,624428,Adam Frazier,20,2B,2,1,0,0,0,0,0,0,1,1,0,0,0
2026,,2026-04-07,824051,home,LAA,ATL,672724,Oswald Peraza,2,2B,2,2,0,0,0,0,0,0,0,0,0,0,2
2026,,2026-04-07,824051,home,LAA,ATL,687263,Zach Neto,9,SS,5,5,0,1,0,0,0,0,0,4,0,1,1
2026,,2026-04-07,824051,home,LAA,ATL,624585,Jorge Soler,12,DH,2,1,1,1,0,0,1,2,0,0,0,4,0
2026,,2026-04-07,824051,home,LAA,ATL,660162,Yoán Moncada,10,3B,4,3,0,0,0,0,0,0,1,2,0,0,2
2026,,2026-04-07,824051,home,LAA,ATL,518595,Travis d'Arnaud,25,C,4,4,0,0,0,0,0,0,0,1,0,0,5
2026,,2026-04-07,824051,home,LAA,ATL,545361,Mike Trout,27,CF,5,5,1,1,0,0,0,0,0,2,0,1,1
2026,,2026-04-07,824051,home,LAA,ATL,600869,Jeimer Candelario,46,DH,2,1,0,0,0,0,0,0,0,1,0,0,1
2026,,2026-04-07,824051,home,LAA,ATL,666176,Jo Adell,7,RF,4,4,0,2,0,0,0,0,0,0,1,2,2
2026,,2026-04-07,824051,home,LAA,ATL,694384,Nolan Schanuel,18,1B,5,4,0,1,1,0,0,0,1,1,0,2,4
2026,,2026-04-07,824051,home,LAA,ATL,666139,Josh Lowe,3,LF,3,2,0,0,0,0,0,0,1,1,0,0,2
2026,,2026-04-07,824051,home,LAA,ATL,669326,Bryce Teodosio,22,LF,0,0,0,0,0,0,0,0,0,0,0,0,0
2026,,2026-04-07,824051,home,LAA,ATL,681351,Logan O'Hoppe,14,PH,1,1,0,0,0,0,0,0,0,1,0,0,2
2026,,2026-04-07,823235,away,PHI,SFG,702222,Justin Crawford,2,CF,3,3,0,0,0,0,0,0,0,1,0,0,2
2026,,2026-04-07,823235,away,PHI,SFG,547180,Bryce Harper,3,1B,4,2,0,1,0,0,0,0,2,0,0,1,1
2026,,2026-04-07,823235,away,PHI,SFG,592663,J.T. Realmuto,10,C,0,0,0,0,0,0,0,0,0,0,0,0,0
2026,,2026-04-07,823235,away,PHI,SFG,624641,Edmundo Sosa,33,3B,4,3,0,1,1,0,0,0,1,0,0,2,3
2026,,2026-04-07,823235,away,PHI,SFG,656941,Kyle Schwarber,12,DH,4,4,0,1,0,0,0,0,0,1,0,1,1
2026,,2026-04-07,823235,away,PHI,SFG,805249,Otto Kemp,4,LF,4,4,0,0,0,0,0,0,0,2,0,0,2
2026,,2026-04-07,823235,away,PHI,SFG,665561,Rafael Marchán,13,C,4,4,0,0,0,0,0,0,0,1,0,0,3
2026,,2026-04-07,823235,away,PHI,SFG,664238,Dylan Moore,25,2B,4,3,0,0,0,0,0,0,1,1,0,0,1
2026,,2026-04-07,823235,away,PHI,SFG,666969,Adolis García,53,RF,4,4,0,0,0,0,0,0,0,2,0,0,5
2026,,2026-04-07,823235,away,PHI,SFG,607208,Trea Turner,7,SS,4,4,0,1,0,0,0,0,0,0,0,1,0
2026,,2026-04-07,823235,home,SFG,PHI,669477,Casey Schmitt,10,DH,4,3,1,1,1,0,0,0,1,2,0,2,0
2026,,2026-04-07,823235,home,SFG,PHI,666464,Jerar Encarnacion,19,RF,2,2,0,1,0,0,0,0,0,0,0,1,0
2026,,2026-04-07,823235,home,SFG,PHI,671218,Heliot Ramos,17,LF,4,4,1,1,0,0,0,0,0,3,0,1,3
2026,,2026-04-07,823235,home,SFG,PHI,656305,Matt Chapman,26,3B,4,4,1,3,1,0,0,1,0,1,0,4,0
2026,,2026-04-07,823235,home,SFG,PHI,808982,Jung Hoo Lee,51,RF,2,1,0,0,0,0,0,1,0,0,0,0,2
2026,,2026-04-07,823235,home,SFG,PHI,646240,Rafael Devers,16,1B,4,4,1,1,0,0,0,0,0,1,0,1,2
2026,,2026-04-07,823235,home,SFG,PHI,666931,Jared Oliva,56,CF,2,2,0,0,0,0,0,0,0,0,0,0,3
2026,,2026-04-07,823235,home,SFG,PHI,664056,Harrison Bader,9,CF,2,2,0,0,0,0,0,0,0,0,0,0,2
2026,,2026-04-07,823235,home,SFG,PHI,642715,Willy Adames,2,SS,4,4,1,2,2,0,0,0,0,0,0,4,1
2026,,2026-04-07,823235,home,SFG,PHI,650333,Luis Arraez,1,2B,4,4,0,1,0,0,0,2,0,1,0,1,2
2026,,2026-04-07,823235,home,SFG,PHI,691740,Daniel Susac,6,C,4,4,1,3,0,1,0,2,0,0,0,5,1
2026,,2026-04-08,823403,away,SDP,PIT,669134,Luis Campusano,12,C,4,4,1,1,1,0,0,1,0,1,0,2,3
2026,,2026-04-08,823403,away,SDP,PIT,592206,Nick Castellanos,21,DH,4,3,1,1,1,0,0,2,1,0,0,2,1
2026,,2026-04-08,823403,away,SDP,PIT,701538,Jackson Merrill,3,CF,5,5,0,0,0,0,0,0,0,1,1,0,2
2026,,2026-04-08,823403,away,SDP,PIT,657757,Gavin Sheets,30,1B,5,5,0,1,1,0,0,0,0,1,0,2,3
2026,,2026-04-08,823403,away,SDP,PIT,657656,Ramón Laureano,5,LF,5,5,1,2,0,0,0,0,0,2,2,2,0
2026,,2026-04-08,823403,away,SDP,PIT,609280,Miguel Andujar,41,3B,4,4,1,2,1,0,0,0,0,0,1,3,2
2026,,2026-04-08,823403,away,SDP,PIT,664034,Ty France,25,1B,0,0,0,0,0,0,0,0,0,0,0,0,0
2026,,2026-04-08,823403,away,SDP,PIT,665487,Fernando Tatis Jr.,23,RF,5,5,1,1,0,0,0,1,0,2,1,1,1
2026,,2026-04-08,823403,away,SDP,PIT,669369,Bryce Johnson,29,DH,0,0,1,0,0,0,0,0,0,0,1,0,0
2026,,2026-04-08,823403,away,SDP,PIT,593428,Xander Bogaerts,2,SS,5,5,1,1,0,0,0,0,0,1,0,1,2
2026,,2026-04-08,823403,away,SDP,PIT,630105,Jake Cronenworth,9,2B,4,4,1,1,0,0,1,2,0,1,0,4,3
2026,,2026-04-08,823403,home,PIT,SDP,694377,Nick Yorke,38,1B,4,3,1,3,1,0,0,0,1,0,0,4,0
2026,,2026-04-08,823403,home,PIT,SDP,687462,Spencer Horwitz,2,1B,2,2,0,0,0,0,0,0,0,0,0,0,2
2026,,2026-04-08,823403,home,PIT,SDP,664040,Brandon Lowe,5,2B,4,4,0,0,0,0,0,0,0,1,0,0,3
2026,,2026-04-08,823403,home,PIT,SDP,663698,Joey Bart,14,C,4,4,0,1,0,0,0,1,0,2,0,1,2
2026,,2026-04-08,823403,home,PIT,SDP,668804,Bryan Reynolds,10,RF,4,2,0,0,0,0,0,0,2,0,0,0,0
2026,,2026-04-08,823403,home,PIT,SDP,665833,Oneil Cruz,15,CF,4,4,0,1,1,0,0,0,0,1,0,2,2
2026,,2026-04-08,823403,home,PIT,SDP,663968,Jake Mangum,28,LF,4,3,0,0,0,0,0,0,1,1,0,0,2
2026,,2026-04-08,823403,home,PIT,SDP,804606,Konnor Griffin,6,SS,2,1,0,0,0,0,0,1,0,1,0,0,0
2026,,2026-04-08,823403,home,PIT,SDP,656811,Ryan O'Hearn,29,DH,4,4,0,0,0,0,0,0,0,0,0,0,3
2026,,2026-04-08,823403,home,PIT,SDP,693304,Nick Gonzales,3,3B,4,4,1,1,1,0,0,0,0,0,0,2,3
2026,,2026-04-08,824455,away,KCR,CLE,695600,Carter Jensen,22,C,4,4,0,0,0,0,0,0,0,1,0,0,1
2026,,2026-04-08,824455,away,KCR,CLE,663697,Jonathan India,6,2B,4,3,0,0,0,0,0,0,1,2,0,0,3
2026,,2026-04-08,824455,away,KCR,CLE,686555,Isaac Collins,1,LF,1,1,0,0,0,0,0,0,0,1,0,0,0
2026,,2026-04-08,824455,away,KCR,CLE,521692,Salvador Perez,13,DH,4,4,0,0,0,0,0,0,0,1,0,0,3
2026,,2026-04-08,824455,away,KCR,CLE,686681,Michael Massey,19,LF,2,2,0,0,0,0,0,0,0,1,0,0,2
2026,,2026-04-08,824455,away,KCR,CLE,516782,Starling Marte,0,RF,4,4,0,1,1,0,0,0,0,2,0,2,3
2026,,2026-04-08,824455,away,KCR,CLE,686469,Vinnie Pasquantino,9,1B,4,4,0,1,0,0,0,0,0,2,0,1,1
2026,,2026-04-08,824455,away,KCR,CLE,672580,Maikel Garcia,11,3B,4,4,1,1,0,0,0,0,0,1,0,1,1
2026,,2026-04-08,824455,away,KCR,CLE,657041,Lane Thomas,15,CF,4,2,1,0,0,0,0,0,2,2,0,0,1
2026,,2026-04-08,824455,away,KCR,CLE,677951,Bobby Witt Jr.,7,SS,4,4,0,2,1,0,0,1,0,1,0,3,0
2026,,2026-04-08,824455,home,CLE,KCR,800050,Chase DeLauter,24,RF,5,5,1,1,1,0,0,2,0,1,0,2,2
2026,,2026-04-08,824455,home,CLE,KCR,595978,Austin Hedges,27,C,4,4,1,1,0,0,0,0,0,2,0,1,2
2026,,2026-04-08,824455,home,CLE,KCR,677587,Brayan Rocchio,4,SS,4,3,1,1,0,0,0,1,1,0,0,1,0
2026,,2026-04-08,824455,home,CLE,KCR,681807,David Fry,6,DH,3,2,1,0,0,0,0,0,1,1,0,0,2
2026,,2026-04-08,824455,home,CLE,KCR,608070,José Ramírez,11,3B,5,4,1,2,1,0,0,1,1,1,0,3,1
2026,,2026-04-08,824455,home,CLE,KCR,680757,Steven Kwan,38,CF,5,4,2,1,0,0,0,0,1,1,0,1,0
2026,,2026-04-08,824455,home,CLE,KCR,682657,Angel Martínez,1,LF,5,5,1,4,1,0,1,4,0,1,1,8,0
2026,,2026-04-08,824455,home,CLE,KCR,682877,Juan Brito,34,2B,4,4,1,2,1,0,0,1,0,1,0,3,2
2026,,2026-04-08,824455,home,CLE,KCR,700932,Kyle Manzardo,9,DH,2,2,0,1,0,0,0,0,0,1,0,1,1
2026,,2026-04-08,824455,home,CLE,KCR,656555,Rhys Hoskins,8,1B,4,4,1,3,3,0,0,1,0,0,0,6,1
2026,,2026-04-08,824779,away,MIL,BOS,650859,Luis Rengifo,13,3B,4,4,0,0,0,0,0,0,0,0,0,0,1
2026,,2026-04-08,824779,away,MIL,BOS,687401,Joey Ortiz,3,SS,3,3,0,0,0,0,0,0,0,1,0,0,2
2026,,2026-04-08,824779,away,MIL,BOS,592885,Christian Yelich,22,DH,4,4,0,1,0,0,0,0,0,1,1,1,2
2026,,2026-04-08,824779,away,MIL,BOS,641343,Jake Bauers,9,1B,3,3,0,0,0,0,0,0,0,1,0,0,3
2026,,2026-04-08,824779,away,MIL,BOS,686217,Sal Frelick,10,RF,4,4,0,1,1,0,0,0,0,1,0,2,0
2026,,2026-04-08,824779,away,MIL,BOS,663604,Brandon Lockridge,20,1B,4,4,0,1,0,0,0,0,0,1,0,1,1
2026,,2026-04-08,824779,away,MIL,BOS,669003,Garrett Mitchell,5,CF,4,2,0,0,0,0,0,0,2,1,0,0,1
2026,,2026-04-08,824779,away,MIL,BOS,666152,David Hamilton,6,2B,3,3,0,1,0,0,0,0,0,0,0,1,1
2026,,2026-04-08,824779,away,MIL,BOS,682641,Luis Matos,21,LF,1,1,0,0,0,0,0,0,0,1,0,0,1
2026,,2026-04-08,824779,away,MIL,BOS,596142,Gary Sánchez,99,C,4,3,0,0,0,0,0,0,1,0,0,0,0
2026,,2026-04-08,824779,home,BOS,MIL,701350,Roman Anthony,19,LF,5,3,0,0,0,0,0,0,2,0,1,0,3
2026,,2026-04-08,824779,home,BOS,MIL,575929,Willson Contreras,40,1B,5,4,1,1,0,0,0,1,1,1,0,1,5
2026,,2026-04-08,824779,home,BOS,MIL,596115,Trevor Story,10,DH,4,3,0,1,0,0,0,2,0,1,0,1,0
2026,,2026-04-08,824779,home,BOS,MIL,677800,Wilyer Abreu,52,RF,4,4,1,2,0,0,0,1,0,1,0,2,1
2026,,2026-04-08,824779,home,BOS,MIL,655316,Andruw Monasterio,32,SS,5,2,1,0,0,0,0,0,3,0,0,0,2
2026,,2026-04-08,824779,home,BOS,MIL,643396,Isiah Kiner-Falefa,2,2B,4,4,1,1,0,0,0,0,0,1,0,1,2
2026,,2026-04-08,824779,home,BOS,MIL,702332,Caleb Durbin,5,3B,4,3,0,0,0,0,0,1,1,1,0,0,1
2026,,2026-04-08,824779,home,BOS,MIL,665966,Carlos Narváez,75,C,4,4,0,0,0,0,0,0,0,1,0,0,4
2026,,2026-04-08,824779,home,BOS,MIL,678882,Ceddanne Rafaela,3,CF,4,3,1,2,0,0,0,0,1,0,0,2,0
2026,,2026-04-08,824617,away,BAL,CHW,669236,Jeremiah Jackson,82,2B,0,0,0,0,0,0,0,0,0,0,0,0,0
2026,,2026-04-08,824617,away,BAL,CHW,683002,Gunnar Henderson,2,SS,5,4,2,1,1,0,0,0,1,1,0,2,0
2026,,2026-04-08,824617,away,BAL,CHW,665750,Leody Taveras,30,CF,0,0,0,0,0,0,0,0,0,0,0,0,0
2026,,2026-04-08,824617,away,BAL,CHW,621493,Taylor Ward,3,LF,5,5,1,4,3,0,0,2,0,0,0,7,0
2026,,2026-04-08,824617,away,BAL,CHW,687637,Dylan Beavers,12,CF,4,1,0,0,0,0,0,1,2,0,0,0,0
2026,,2026-04-08,824617,away,BAL,CHW,668939,Adley Rutschman,35,C,5,5,0,0,0,0,0,1,0,3,0,0,3
2026,,2026-04-08,824617,away,BAL,CHW,663624,Ryan Mountcastle,6,1B,4,3,0,0,0,0,0,0,1,0,0,0,2
2026,,2026-04-08,824617,away,BAL,CHW,641933,Tyler O'Neill,9,RF,4,2,1,1,0,0,0,0,1,0,0,1,0
2026,,2026-04-08,824617,away,BAL,CHW,677942,Blaze Alexander,23,3B,4,4,0,0,0,0,0,0,0,0,0,0,2
2026,,2026-04-08,824617,away,BAL,CHW,624413,Pete Alonso,25,DH,5,5,1,1,1,0,0,0,0,2,0,2,2
2026,,2026-04-08,824617,away,BAL,CHW,691723,Coby Mayo,16,3B,4,4,0,0,0,0,0,0,0,1,0,0,5
2026,,2026-04-08,824617,home,CHW,BAL,671976,Tristan Peters,29,CF,4,3,0,1,0,0,0,0,1,0,0,1,2
2026,,2026-04-08,824617,home,CHW,BAL,682668,Luisangel Acuña,0,SS,4,4,0,1,0,0,0,1,0,1,0,1,1
2026,,2026-04-08,824617,home,CHW,BAL,808959,Munetaka Murakami,5,1B,5,4,0,1,0,0,0,0,1,2,0,1,1
2026,,2026-04-08,824617,home,CHW,BAL,687957,Dustin Harris,37,RF,4,3,1,1,0,0,0,1,1,0,2,1,0
2026,,2026-04-08,824617,home,CHW,BAL,805367,Chase Meidroth,10,2B,5,4,1,0,0,0,0,0,1,1,0,0,6
2026,,2026-04-08,824617,home,CHW,BAL,695657,Colson Montgomery,12,3B,5,3,0,0,0,0,0,0,1,2,0,0,3
2026,,2026-04-08,824617,home,CHW,BAL,624512,Reese McGuire,30,C,4,3,0,1,0,0,0,0,0,2,0,1,0
2026,,2026-04-08,824617,home,CHW,BAL,643217,Andrew Benintendi,23,LF,3,3,1,1,0,1,0,0,0,2,0,3,3
2026,,2026-04-08,824617,home,CHW,BAL,656537,Derek Hill,25,LF,1,1,0,0,0,0,0,0,0,0,0,0,2
2026,,2026-04-08,824617,home,CHW,BAL,678246,Miguel Vargas,20,DH,5,4,0,1,0,0,0,0,1,2,0,1,3
2026,,2026-04-08,822915,away,SEA,TEX,702284,Cole Young,2,2B,3,3,0,1,0,0,0,0,0,1,0,1,0
2026,,2026-04-08,822915,away,SEA,TEX,668227,Randy Arozarena,56,LF,3,3,0,0,0,0,0,0,0,2,0,0,2
2026,,2026-04-08,822915,away,SEA,TEX,641487,J.P. Crawford,3,SS,3,3,0,0,0,0,0,0,0,1,0,0,1
2026,,2026-04-08,822915,away,SEA,TEX,663728,Cal Raleigh,29,DH,4,4,0,0,0,0,0,0,0,1,0,0,2
2026,,2026-04-08,822915,away,SEA,TEX,608701,Rob Refsnyder,30,RF,3,2,0,0,0,0,0,0,1,1,0,0,0
2026,,2026-04-08,822915,away,SEA,TEX,656582,Connor Joe,9,1B,3,3,0,0,0,0,0,0,0,1,0,0,1
2026,,2026-04-08,822915,away,SEA,TEX,680977,Brendan Donovan,33,3B,3,3,0,0,0,0,0,0,0,2,0,0,2
2026,,2026-04-08,822915,away,SEA,TEX,641598,Mitch Garver,18,C,3,3,0,1,0,0,0,0,0,1,0,1,0
2026,,2026-04-08,822915,away,SEA,TEX,677594,Julio Rodríguez,44,CF,4,3,0,0,0,0,0,0,1,2,0,0,1
2026,,2026-04-08,822915,away,SEA,TEX,670042,Luke Raley,20,PH,1,1,0,0,0,0,0,0,0,1,0,0,1
2026,,2026-04-08,822915,home,TEX,SEA,694497,Evan Carter,32,CF,3,3,0,0,0,0,0,0,0,0,0,0,0
2026,,2026-04-08,822915,home,TEX,SEA,694671,Wyatt Langford,36,LF,4,3,0,0,0,0,0,0,1,1,0,0,2
2026,,2026-04-08,822915,home,TEX,SEA,669394,Jake Burger,21,1B,4,4,0,0,0,0,0,0,0,1,0,0,4
2026,,2026-04-08,822915,home,TEX,SEA,592626,Joc Pederson,3,DH,2,2,0,0,0,0,0,0,0,0,0,0,0
2026,,2026-04-08,822915,home,TEX,SEA,608369,Corey Seager,5,SS,4,2,0,0,0,0,0,1,1,1,0,0,1
2026,,2026-04-08,822915,home,TEX,SEA,457705,Andrew McCutchen,4,DH,1,1,0,0,0,0,0,0,0,0,0,0,0
2026,,2026-04-08,822915,home,TEX,SEA,677649,Ezequiel Duran,20,3B,3,3,1,1,0,0,0,0,0,1,0,1,1
2026,,2026-04-08,822915,home,TEX,SEA,607043,Brandon Nimmo,24,RF,4,4,0,2,1,0,0,0,0,0,0,3,1
2026,,2026-04-08,822915,home,TEX,SEA,669701,Josh Smith,8,2B,3,3,1,2,0,0,0,0,0,0,0,2,0
2026,,2026-04-08,822915,home,TEX,SEA,643376,Danny Jansen,9,C,3,2,1,1,0,0,0,0,1,0,0,1,0
2026,,2026-04-08,822833,away,LAD,TOR,669257,Will Smith,16,C,5,3,2,2,0,0,0,1,2,1,0,2,2
2026,,2026-04-08,822833,away,LAD,TOR,663656,Kyle Tucker,23,RF,5,3,0,1,0,0,0,0,2,0,0,1,2
2026,,2026-04-08,822833,away,LAD,TOR,571970,Max Muncy,13,3B,5,3,0,0,0,0,0,0,2,1,0,0,3
2026,,2026-04-08,822833,away,LAD,TOR,518692,Freddie Freeman,5,1B,5,5,0,2,0,0,0,1,0,1,0,2,6
2026,,2026-04-08,822833,away,LAD,TOR,660271,Shohei Ohtani,17,DH,5,3,0,0,0,0,0,0,1,2,0,0,1
2026,,2026-04-08,822833,away,LAD,TOR,606192,Teoscar Hernández,37,LF,4,3,0,0,0,0,0,1,0,1,0,0,4
2026,,2026-04-08,822833,away,LAD,TOR,681624,Andy Pages,44,CF,4,4,0,0,0,0,0,0,0,4,0,0,2
2026,,2026-04-08,822833,away,LAD,TOR,500743,Miguel Rojas,72,SS,4,3,1,0,0,0,0,0,1,1,0,0,1
2026,,2026-04-08,822833,away,LAD,TOR,690976,Alex Freeland,76,2B,4,4,0,1,0,0,0,0,0,2,0,1,2
2026,,2026-04-08,822833,home,TOR,LAD,676391,Ernie Clement,22,2B,4,4,0,0,0,0,0,0,0,0,0,0,1
2026,,2026-04-08,822833,home,TOR,LAD,662139,Daulton Varsho,5,CF,4,3,1,1,0,0,0,1,1,0,1,1,1
2026,,2026-04-08,822833,home,TOR,LAD,665926,Andrés Giménez,0,SS,4,4,0,1,0,0,0,0,0,0,1,1,2
2026,,2026-04-08,822833,home,TOR,LAD,678218,Brandon Valenzuela,59,C,1,1,0,0,0,0,0,0,0,0,0,0,1
2026,,2026-04-08,822833,home,TOR,LAD,676914,Davis Schneider,36,LF,2,0,2,0,0,0,0,0,2,0,0,0,0
2026,,2026-04-08,822833,home,TOR,LAD,664770,Nathan Lukes,38,RF,2,2,0,0,0,0,0,0,0,0,0,0,0
2026,,2026-04-08,822833,home,TOR,LAD,543807,George Springer,4,DH,5,5,0,2,1,0,0,1,0,0,0,3,1
2026,,2026-04-08,822833,home,TOR,LAD,623168,Tyler Heineman,55,C,3,3,0,1,0,0,0,0,0,1,0,1,1
2026,,2026-04-08,822833,home,TOR,LAD,665489,Vladimir Guerrero Jr.,27,1B,4,3,0,2,1,0,0,0,1,0,0,3,1
2026,,2026-04-08,822833,home,TOR,LAD,660821,Jesús Sánchez,12,RF,4,4,0,1,1,0,0,1,0,1,0,2,6
2026,,2026-04-08,822833,home,TOR,LAD,664702,Myles Straw,3,PR,0,0,1,0,0,0,0,0,0,0,0,0,0
2026,,2026-04-08,822833,home,TOR,LAD,672960,Kazuma Okamoto,7,3B,4,4,0,0,0,0,0,0,0,1,0,0,7
2026,,2026-04-08,824374,away,HOU,COL,670623,Isaac Paredes,15,3B,4,3,1,0,0,0,0,0,1,0,0,0,1
2026,,2026-04-08,824374,away,HOU,COL,701358,Cam Smith,11,RF,4,4,0,0,0,0,0,0,0,2,0,0,3
2026,,2026-04-08,824374,away,HOU,COL,676694,Jake Meyers,6,CF,0,0,0,0,0,0,0,0,0,0,0,0,0
2026,,2026-04-08,824374,away,HOU,COL,694728,Brice Matthews,0,LF,4,3,0,1,0,0,0,1,1,1,0,1,0
2026,,2026-04-08,824374,away,HOU,COL,514888,Jose Altuve,27,2B,4,4,0,1,0,0,0,0,0,0,0,1,2
2026,,2026-04-08,824374,away,HOU,COL,694388,Joey Loperfido,10,CF,4,4,0,1,0,0,0,0,0,2,0,1,2
2026,,2026-04-08,824374,away,HOU,COL,665161,Jeremy Peña,3,SS,5,5,0,1,0,0,0,0,0,1,0,1,1
2026,,2026-04-08,824374,away,HOU,COL,572233,Christian Walker,8,1B,4,4,0,2,0,0,0,0,0,0,0,2,0
2026,,2026-04-08,824374,away,HOU,COL,543877,Christian Vázquez,2,C,4,4,0,1,0,0,0,0,0,0,0,1,5
2026,,2026-04-08,824374,away,HOU,COL,670541,Yordan Alvarez,44,DH,4,4,0,1,0,0,0,0,0,0,0,1,0
2026,,2026-04-08,824374,home,COL,HOU,666160,Mickey Moniak,22,LF,5,3,0,1,0,0,0,1,1,0,0,1,0
2026,,2026-04-08,824374,home,COL,HOU,664983,Jake McCarthy,31,RF,1,0,0,0,0,0,0,0,1,0,0,0,0
2026,,2026-04-08,824374,home,COL,HOU,687859,Troy Johnston,20,1B,5,4,1,2,1,0,0,1,1,0,0,3,3
2026,,2026-04-08,824374,home,COL,HOU,671289,Tyler Freeman,2,DH,5,3,1,1,0,0,0,1,0,1,1,1,1
2026,,2026-04-08,824374,home,COL,HOU,666397,Edouard Julien,6,2B,5,4,2,2,0,0,0,2,1,0,1,2,1
2026,,2026-04-08,824374,home,COL,HOU,696100,Hunter Goodman,15,C,5,2,3,1,0,0,1,1,2,0,1,4,2
2026,,2026-04-08,824374,home,COL,HOU,686668,Brenton Doyle,9,CF,5,5,1,1,0,0,0,0,0,3,1,1,5
2026,,2026-04-08,824374,home,COL,HOU,678662,Ezequiel Tovar,14,SS,5,5,0,2,2,0,0,1,0,2,0,4,6
2026,,2026-04-08,824374,home,COL,HOU,681198,TJ Rumfield,7,1B,4,2,0,0,0,0,0,1,1,1,0,0,2
2026,,2026-04-08,824374,home,COL,HOU,691720,Kyle Karros,12,3B,4,2,1,0,0,0,0,0,2,0,0,0,0
2026,,2026-04-08,823234,away,PHI,SFG,669016,Brandon Marsh,16,CF,3,3,0,0,0,0,0,0,0,2,0,0,2
2026,,2026-04-08,823234,away,PHI,SFG,702222,Justin Crawford,2,CF,2,2,0,0,0,0,0,0,0,1,0,0,0
2026,,2026-04-08,823234,away,PHI,SFG,547180,Bryce Harper,3,1B,4,3,0,1,0,0,0,0,1,0,0,1,3
2026,,2026-04-08,823234,away,PHI,SFG,664761,Alec Bohm,28,3B,4,4,0,0,0,0,0,0,0,0,0,0,4
2026,,2026-04-08,823234,away,PHI,SFG,681082,Bryson Stott,5,2B,4,4,0,0,0,0,0,0,0,1,0,0,2
2026,,2026-04-08,823234,away,PHI,SFG,656941,Kyle Schwarber,12,DH,4,2,0,1,0,0,0,0,2,1,0,1,2
2026,,2026-04-08,823234,away,PHI,SFG,805249,Otto Kemp,4,LF,2,2,0,1,0,0,0,0,0,1,0,1,0
2026,,2026-04-08,823234,away,PHI,SFG,665561,Rafael Marchán,13,C,4,4,0,0,0,0,0,0,0,1,0,0,1
2026,,2026-04-08,823234,away,PHI,SFG,664238,Dylan Moore,25,PH,1,1,0,0,0,0,0,0,0,1,0,0,0
2026,,2026-04-08,823234,away,PHI,SFG,666969,Adolis García,53,RF,4,3,0,1,0,0,0,0,1,1,0,1,0
2026,,2026-04-08,823234,away,PHI,SFG,607208,Trea Turner,7,SS,4,3,0,0,0,0,0,0,1,1,0,0,0
2026,,2026-04-08,823234,home,SFG,PHI,666464,Jerar Encarnacion,19,LF,3,3,0,0,0,0,0,0,0,0,0,0,0
2026,,2026-04-08,823234,home,SFG,PHI,656305,Matt Chapman,26,3B,4,4,0,1,0,0,0,0,0,3,0,1,4
2026,,2026-04-08,823234,home,SFG,PHI,672275,Patrick Bailey,14,C,3,3,0,1,0,0,0,0,0,0,0,1,0
2026,,2026-04-08,823234,home,SFG,PHI,808982,Jung Hoo Lee,51,RF,4,4,0,0,0,0,0,0,0,1,0,0,2
2026,,2026-04-08,823234,home,SFG,PHI,646240,Rafael Devers,16,1B,4,4,1,2,0,0,1,4,0,1,0,5,3
2026,,2026-04-08,823234,home,SFG,PHI,666931,Jared Oliva,56,LF,1,1,0,1,0,0,0,0,0,0,0,1,0
2026,,2026-04-08,823234,home,SFG,PHI,664056,Harrison Bader,9,CF,4,4,0,0,0,0,0,0,0,1,0,0,2
2026,,2026-04-08,823234,home,SFG,PHI,683766,Christian Koss,50,2B,3,3,0,0,0,0,0,0,0,0,0,0,1
2026,,2026-04-08,823234,home,SFG,PHI,642715,Willy Adames,2,SS,4,4,2,2,1,0,0,0,0,0,0,3,0
2026,,2026-04-08,823234,home,SFG,PHI,650333,Luis Arraez,1,DH,4,2,2,2,0,1,0,0,1,0,0,4,0
2026,,2026-04-08,822753,away,STL,WSN,669357,Nolan Gorman,16,DH,3,1,0,0,0,0,0,0,2,0,0,0,0
2026,,2026-04-08,822753,away,STL,WSN,691023,Jordan Walker,18,RF,5,4,1,1,0,0,1,1,1,2,0,4,6
2026,,2026-04-08,822753,away,STL,WSN,701675,Nathan Church,27,LF,4,4,1,1,0,0,0,0,0,2,0,1,0
2026,,2026-04-08,822753,away,STL,WSN,687363,Victor Scott II,11,CF,0,0,0,0,0,0,0,0,0,0,0,0,0
2026,,2026-04-08,822753,away,STL,WSN,802139,JJ Wetherholt,26,2B,5,4,1,0,0,0,0,0,1,1,0,0,2
2026,,2026-04-08,822753,away,STL,WSN,676475,Alec Burleson,41,1B,5,4,1,3,0,0,0,3,1,0,0,3,0
2026,,2026-04-08,822753,away,STL,WSN,695336,Thomas Saggese,25,LF,4,4,1,1,0,0,0,0,0,1,0,1,1
2026,,2026-04-08,822753,away,STL,WSN,650968,Yohel Pozo,63,DH,2,2,0,1,0,0,0,2,0,0,0,1,2
2026,,2026-04-08,822753,away,STL,WSN,602104,Ramón Urías,29,3B,4,4,0,0,0,0,0,0,0,1,0,0,1
2026,,2026-04-08,822753,away,STL,WSN,691026,Masyn Winn,0,SS,5,5,0,0,0,0,0,0,0,2,0,0,6
2026,,2026-04-08,822753,away,STL,WSN,671056,Iván Herrera,48,C,5,2,1,1,0,0,0,0,2,0,0,1,0
2026,,2026-04-08,822753,home,WSN,STL,691781,Brady House,12,3B,3,3,0,0,0,0,0,0,0,0,0,0,3
2026,,2026-04-08,822753,home,WSN,STL,682928,CJ Abrams,5,SS,3,3,0,0,0,0,0,0,0,0,0,0,3
2026,,2026-04-08,822753,home,WSN,STL,683083,Nasim Nuñez,26,2B,3,3,0,0,0,0,0,0,0,1,0,0,1
2026,,2026-04-08,822753,home,WSN,STL,686452,Drew Millas,14,C,3,3,0,0,0,0,0,0,0,0,0,0,0
2026,,2026-04-08,822753,home,WSN,STL,678391,Jorbit Vivas,84,PH,1,1,0,0,0,0,0,0,0,0,0,0,0
2026,,2026-04-08,822753,home,WSN,STL,695734,Daylen Lile,4,LF,4,3,0,0,0,0,0,0,1,0,0,0,2
2026,,2026-04-08,822753,home,WSN,STL,677588,José Tena,8,DH,3,3,0,0,0,0,0,0,0,1,0,0,1
2026,,2026-04-08,822753,home,WSN,STL,695578,James Wood,29,RF,4,4,0,2,0,0,0,0,0,0,0,2,0
2026,,2026-04-08,822753,home,WSN,STL,696285,Jacob Young,30,CF,3,3,1,1,0,0,0,0,0,0,0,1,0
2026,,2026-04-08,822753,home,WSN,STL,671277,Luis García Jr.,2,1B,4,4,0,1,0,0,0,1,0,0,0,1,1
2026,,2026-04-08,824050,away,ATL,LAA,641680,Jonah Heim,20,C,4,4,0,1,1,0,0,1,0,1,0,2,2
2026,,2026-04-08,824050,away,ATL,LAA,671739,Michael Harris II,23,CF,4,3,1,0,0,0,0,0,1,1,1,0,1
2026,,2026-04-08,824050,away,ATL,LAA,643289,Mauricio Dubón,14,SS,5,5,0,1,1,0,0,2,0,0,0,2,2
2026,,2026-04-08,824050,away,ATL,LAA,686948,Drake Baldwin,30,DH,5,4,1,1,0,0,0,1,0,2,0,1,3
2026,,2026-04-08,824050,away,ATL,LAA,621566,Matt Olson,28,1B,5,4,1,1,0,0,1,2,1,1,0,4,2
2026,,2026-04-08,824050,away,ATL,LAA,660670,Ronald Acuña Jr.,13,RF,5,4,1,2,2,0,0,0,1,1,0,4,1
2026,,2026-04-08,824050,away,ATL,LAA,645277,Ozzie Albies,1,2B,5,4,1,1,0,0,0,1,0,1,0,1,3
2026,,2026-04-08,824050,away,ATL,LAA,663586,Austin Riley,27,3B,5,3,3,1,1,0,0,0,2,1,1,2,1
2026,,2026-04-08,824050,away,ATL,LAA,573262,Mike Yastrzemski,18,LF,4,3,0,0,0,0,0,0,1,1,0,0,3
2026,,2026-04-08,824050,home,LAA,ATL,672724,Oswald Peraza,2,2B,4,4,0,1,1,0,0,0,0,1,0,2,5
2026,,2026-04-08,824050,home,LAA,ATL,687263,Zach Neto,9,SS,4,4,0,1,0,0,0,0,0,0,0,1,3
2026,,2026-04-08,824050,home,LAA,ATL,624585,Jorge Soler,12,RF,4,4,1,1,0,0,1,1,0,1,0,4,0
2026,,2026-04-08,824050,home,LAA,ATL,660162,Yoán Moncada,10,3B,4,3,1,0,0,0,0,0,1,2,0,0,0
2026,,2026-04-08,824050,home,LAA,ATL,545361,Mike Trout,27,CF,4,4,0,0,0,0,0,0,0,1,0,0,5
2026,,2026-04-08,824050,home,LAA,ATL,600869,Jeimer Candelario,46,PH,1,1,0,0,0,0,0,0,0,0,0,0,1
2026,,2026-04-08,824050,home,LAA,ATL,666176,Jo Adell,7,DH,4,4,0,3,0,0,0,0,0,0,0,3,0
2026,,2026-04-08,824050,home,LAA,ATL,694384,Nolan Schanuel,18,1B,4,4,0,0,0,0,0,0,0,2,0,0,0
2026,,2026-04-08,824050,home,LAA,ATL,666139,Josh Lowe,3,LF,3,2,0,0,0,0,0,0,1,1,0,0,1
2026,,2026-04-08,824050,home,LAA,ATL,681351,Logan O'Hoppe,14,C,4,3,0,1,0,0,0,1,1,2,0,1,1
2026,,2026-04-08,823646,away,ARI,NYM,694374,Tim Tawa,13,LF,4,2,0,0,0,0,0,0,1,0,0,0,1
2026,,2026-04-08,823646,away,ARI,NYM,571448,Nolan Arenado,28,3B,5,5,0,0,0,0,0,0,0,2,0,0,3
2026,,2026-04-08,823646,away,ARI,NYM,606466,Ketel Marte,4,DH,5,5,1,1,0,0,0,1,0,2,0,1,2
2026,,2026-04-08,823646,away,ARI,NYM,545121,Ildemaro Vargas,6,2B,4,4,2,3,0,0,0,0,0,0,0,3,0
2026,,2026-04-08,823646,away,ARI,NYM,672695,Geraldo Perdomo,2,SS,5,2,0,1,0,0,0,1,2,0,1,1,1
2026,,2026-04-08,823646,away,ARI,NYM,699912,Jose Fernandez,11,1B,4,4,2,2,0,0,0,0,0,1,0,2,1
2026,,2026-04-08,823646,away,ARI,NYM,672515,Gabriel Moreno,14,C,5,4,0,0,0,0,0,1,0,3,0,0,4
2026,,2026-04-08,823646,away,ARI,NYM,682998,Corbin Carroll,7,RF,5,5,1,3,2,1,0,2,0,0,0,7,2
2026,,2026-04-08,823646,away,ARI,NYM,678489,Jorge Barrosa,1,CF,4,3,1,1,1,0,0,2,1,0,0,2,1
2026,,2026-04-08,823646,home,NYM,ARI,666182,Bo Bichette,19,3B,4,4,1,2,0,0,0,0,0,1,0,2,1
2026,,2026-04-08,823646,home,NYM,ARI,682626,Francisco Alvarez,4,C,4,3,0,1,0,0,0,0,1,0,0,1,1
2026,,2026-04-08,823646,home,NYM,ARI,668901,Mark Vientos,27,1B,4,3,0,0,0,0,0,1,0,2,0,0,5
2026,,2026-04-08,823646,home,NYM,ARI,683146,Brett Baty,7,RF,4,4,0,2,1,0,0,1,0,0,0,3,1
2026,,2026-04-08,823646,home,NYM,ARI,701807,Carson Benge,3,LF,4,4,0,1,0,0,0,0,0,1,0,1,0
2026,,2026-04-08,823646,home,NYM,ARI,543760,Marcus Semien,10,2B,4,4,0,0,0,0,0,0,0,0,0,0,4
2026,,2026-04-08,823646,home,NYM,ARI,596019,Francisco Lindor,12,SS,5,5,0,0,0,0,0,0,0,1,0,0,2
2026,,2026-04-08,823646,home,NYM,ARI,593871,Jorge Polanco,11,DH,4,4,0,0,0,0,0,0,0,0,0,0,2
2026,,2026-04-08,823646,home,NYM,ARI,673357,Luis Robert Jr.,88,CF,4,4,1,1,0,0,0,0,0,2,0,1,1
2026,,2026-04-08,823000,away,CHC,TBR,624424,Michael Conforto,20,LF,4,4,1,1,1,0,0,2,0,2,0,2,2
2026,,2026-04-08,823000,away,CHC,TBR,608324,Alex Bregman,3,3B,4,3,0,0,0,0,0,0,1,2,0,0,1
2026,,2026-04-08,823000,away,CHC,TBR,683737,Michael Busch,29,1B,4,4,0,0,0,0,0,0,0,1,0,0,1
2026,,2026-04-08,823000,away,CHC,TBR,608348,Carson Kelly,15,C,4,4,1,2,1,0,0,0,0,0,0,3,0
2026,,2026-04-08,823000,away,CHC,TBR,691718,Pete Crow-Armstrong,4,CF,4,4,0,0,0,0,0,0,0,1,0,0,2
2026,,2026-04-08,823000,away,CHC,TBR,694208,Moisés Ballesteros,25,DH,4,3,1,1,0,0,0,0,1,0,0,1,1
2026,,2026-04-08,823000,away,CHC,TBR,621020,Dansby Swanson,7,SS,4,3,1,0,0,0,0,0,1,1,0,0,2
2026,,2026-04-08,823000,away,CHC,TBR,663538,Nico Hoerner,2,2B,5,5,2,3,1,0,1,2,0,0,0,7,3
2026,,2026-04-08,823000,away,CHC,TBR,807713,Matt Shaw,6,RF,4,3,0,1,0,0,0,0,1,0,0,1,1
2026,,2026-04-08,823000,home,TBR,CHC,670764,Taylor Walls,6,SS,3,3,0,0,0,0,0,0,0,1,0,0,1
2026,,2026-04-08,823000,home,TBR,CHC,641584,Jake Fraley,17,RF,4,3,0,1,0,0,0,1,1,2,0,1,1
2026,,2026-04-08,823000,home,TBR,CHC,802415,Chandler Simpson,14,LF,4,4,0,1,0,0,0,0,0,0,1,1,0
2026,,2026-04-08,823000,home,TBR,CHC,676356,Jonny DeLuca,21,CF,3,3,1,1,0,0,0,0,0,0,1,1,1
2026,,2026-04-08,823000,home,TBR,CHC,676439,Hunter Feduccia,9,C,4,3,0,0,0,0,0,0,1,2,0,0,0
2026,,2026-04-08,823000,home,TBR,CHC,666018,Jonathan Aranda,8,1B,4,3,1,2,0,0,0,1,0,0,0,2,0
2026,,2026-04-08,823000,home,TBR,CHC,650490,Yandy Díaz,2,DH,4,3,0,0,0,0,0,0,0,0,0,0,0
2026,,2026-04-08,823000,home,TBR,CHC,810938,Ben Williamson,15,2B,4,4,0,0,0,0,0,0,0,0,0,0,0
2026,,2026-04-08,823000,home,TBR,CHC,691406,Junior Caminero,13,3B,4,4,0,0,0,0,0,0,0,2,0,0,4
2026,,2026-04-08,823885,away,CIN,MIA,682829,Elly De La Cruz,44,SS,4,3,1,0,0,0,0,0,1,1,1,0,1
2026,,2026-04-08,823885,away,CIN,MIA,701398,Sal Stewart,27,1B,4,4,2,2,1,0,1,2,0,0,1,6,0
2026,,2026-04-08,823885,away,CIN,MIA,682622,Noelvi Marte,4,RF,4,4,0,1,0,0,0,0,0,1,0,1,1
2026,,2026-04-08,823885,away,CIN,MIA,663993,Nathaniel Lowe,31,PH,1,1,0,0,0,0,0,0,0,1,0,0,2
2026,,2026-04-08,823885,away,CIN,MIA,680574,Matt McLain,9,2B,5,4,1,0,0,0,0,0,0,1,0,0,6
2026,,2026-04-08,823885,away,CIN,MIA,663647,Ke'Bryan Hayes,3,3B,3,3,0,0,0,0,0,0,0,2,0,0,1
2026,,2026-04-08,823885,away,CIN,MIA,666181,Will Benson,30,LF,4,4,0,0,0,0,0,0,0,3,0,0,3
2026,,2026-04-08,823885,away,CIN,MIA,670770,TJ Friedl,29,CF,5,5,0,3,0,0,0,0,0,0,0,3,2
2026,,2026-04-08,823885,away,CIN,MIA,553993,Eugenio Suárez,28,DH,4,4,0,2,1,0,0,1,0,1,0,3,0
2026,,2026-04-08,823885,away,CIN,MIA,663886,Tyler Stephenson,37,C,4,3,0,1,0,0,0,0,1,1,0,1,2
2026,,2026-04-08,823885,home,MIA,CIN,665052,Griffin Conine,18,LF,4,4,2,2,0,0,1,2,0,1,0,5,1
2026,,2026-04-08,823885,home,MIA,CIN,805300,Jakob Marsee,87,CF,5,4,1,2,0,0,0,1,0,0,0,2,1
2026,,2026-04-08,823885,home,MIA,CIN,691594,Javier Sanoja,8,SS,1,1,0,0,0,0,0,0,0,0,0,0,0
2026,,2026-04-08,823885,home,MIA,CIN,669364,Xavier Edwards,9,2B,5,4,1,2,0,0,0,1,1,1,0,2,2
2026,,2026-04-08,823885,home,MIA,CIN,688363,Graham Pauley,21,3B,4,4,0,0,0,0,0,0,0,2,0,0,3
2026,,2026-04-08,823885,home,MIA,CIN,689414,Liam Hicks,34,C,4,4,1,2,0,0,0,1,0,0,0,2,0
2026,,2026-04-08,823885,home,MIA,CIN,683357,Owen Caissie,17,RF,4,3,0,0,0,0,0,0,0,1,0,0,3
2026,,2026-04-08,823885,home,MIA,CIN,682663,Agustín Ramírez,50,DH,4,4,1,1,1,0,0,1,0,0,0,2,4
2026,,2026-04-08,823885,home,MIA,CIN,677870,Leo Jiménez,19,SS,3,2,0,1,0,0,0,0,1,0,0,1,1
2026,,2026-04-08,823885,home,MIA,CIN,681393,Connor Norby,1,1B,4,4,1,2,0,0,1,1,0,1,0,5,1
2026,,2026-04-08,823564,away,ATH,NYY,671732,Lawrence Butler,4,RF,4,3,1,1,0,0,0,0,1,1,0,1,2
2026,,2026-04-08,823564,away,ATH,NYY,667670,Brent Rooker,25,DH,5,3,0,0,0,0,0,1,1,0,1,0,1
2026,,2026-04-08,823564,away,ATH,NYY,643446,Jeff McNeil,22,2B,4,4,0,2,1,0,0,1,0,0,0,3,1
2026,,2026-04-08,823564,away,ATH,NYY,666126,Carlos Cortes,26,RF,2,1,0,0,0,0,0,0,1,0,0,0,0
2026,,2026-04-08,823564,away,ATH,NYY,691777,Max Muncy,3,3B,4,4,1,1,0,0,0,0,0,1,0,1,1
2026,,2026-04-08,823564,away,ATH,NYY,672016,Denzel Clarke,1,CF,1,1,0,0,0,0,0,0,0,0,0,0,1
2026,,2026-04-08,823564,away,ATH,NYY,691016,Tyler Soderstrom,21,LF,5,5,0,0,0,0,0,0,0,2,0,0,4
2026,,2026-04-08,823564,away,ATH,NYY,687231,Darell Hernaiz,2,PH,1,1,0,1,0,0,0,0,0,0,0,1,0
2026,,2026-04-08,823564,away,ATH,NYY,701762,Nick Kurtz,16,1B,5,5,1,2,0,0,0,0,0,2,0,2,3
2026,,2026-04-08,823564,away,ATH,NYY,669127,Shea Langeliers,23,C,5,5,0,2,1,0,0,0,0,1,0,3,1
2026,,2026-04-08,823564,away,ATH,NYY,805779,Jacob Wilson,5,SS,5,5,0,0,0,0,0,0,0,2,0,0,4
2026,,2026-04-08,823564,home,NYY,ATH,642708,Amed Rosario,14,3B,4,4,0,1,0,0,0,0,0,2,0,1,3
2026,,2026-04-08,823564,home,NYY,ATH,592450,Aaron Judge,99,RF,4,3,1,1,0,0,0,0,1,1,0,1,2
2026,,2026-04-08,823564,home,NYY,ATH,641857,Ryan McMahon,19,SS,4,3,0,0,0,0,0,0,1,2,0,0,2
2026,,2026-04-08,823564,home,NYY,ATH,700250,Ben Rice,22,1B,4,4,0,0,0,0,0,0,0,4,0,0,3
2026,,2026-04-08,823564,home,NYY,ATH,641555,J.C. Escarra,25,C,4,3,0,0,0,0,0,1,1,1,0,0,1
2026,,2026-04-08,823564,home,NYY,ATH,641355,Cody Bellinger,35,LF,4,4,0,1,0,0,0,1,0,1,0,1,3
2026,,2026-04-08,823564,home,NYY,ATH,519317,Giancarlo Stanton,27,DH,4,4,0,0,0,0,0,0,0,1,0,0,2
2026,,2026-04-08,823564,home,NYY,ATH,665862,Jazz Chisholm Jr.,13,2B,4,2,0,0,0,0,0,0,2,2,0,0,0
2026,,2026-04-08,823564,home,NYY,ATH,663757,Trent Grisham,12,CF,4,2,1,1,0,0,0,0,2,1,0,1,1
2026,,2026-04-08,823726,away,DET,MIN,656716,Zach McKinstry,39,2B,5,5,0,0,0,0,0,0,0,1,0,0,8
2026,,2026-04-08,823726,away,DET,MIN,663330,Jahmai Jones,18,RF,2,2,0,0,0,0,0,0,0,1,0,0,1
2026,,2026-04-08,823726,away,DET,MIN,595879,Javier Báez,28,SS,4,4,1,2,1,0,0,0,0,0,0,3,1
2026,,2026-04-08,823726,away,DET,MIN,682985,Riley Greene,31,LF,5,4,1,1,0,0,0,1,1,1,0,1,3
2026,,2026-04-08,823726,away,DET,MIN,805808,Kevin McGonigle,7,3B,5,5,1,1,0,0,0,0,0,0,0,1,3
2026,,2026-04-08,823726,away,DET,MIN,681481,Kerry Carpenter,30,RF,3,2,0,1,0,0,0,1,1,0,0,1,0
2026,,2026-04-08,823726,away,DET,MIN,679529,Spencer Torkelson,20,1B,2,1,0,0,0,0,0,0,0,0,0,0,1
2026,,2026-04-08,823726,away,DET,MIN,650402,Gleyber Torres,25,DH,5,5,2,2,1,0,0,2,0,1,0,3,2
2026,,2026-04-08,823726,away,DET,MIN,663837,Matt Vierling,8,CF,2,2,0,0,0,0,0,0,0,0,0,0,3
2026,,2026-04-08,823726,away,DET,MIN,678009,Parker Meadows,22,CF,3,3,0,1,0,0,0,0,0,1,0,1,3
2026,,2026-04-08,823726,away,DET,MIN,693307,Dillon Dingler,13,C,5,4,0,3,0,0,0,1,0,0,0,3,0
2026,,2026-04-08,823726,away,DET,MIN,690993,Colt Keith,33,1B,3,3,1,1,1,0,0,0,0,1,0,2,0
2026,,2026-04-08,823726,home,MIN,DET,605170,Victor Caratini,37,1B,5,4,1,1,0,0,0,0,1,0,0,1,3
2026,,2026-04-08,823726,home,MIN,DET,686797,Brooks Lee,22,SS,4,4,0,0,0,0,0,0,0,0,0,0,3
2026,,2026-04-08,823726,home,MIN,DET,668885,Austin Martin,16,LF,4,3,1,1,0,0,0,0,0,0,0,1,1
2026,,2026-04-08,823726,home,MIN,DET,605137,Josh Bell,56,DH,4,3,1,1,0,0,0,1,1,1,0,1,0
2026,,2026-04-08,823726,home,MIN,DET,680777,Ryan Jeffers,27,C,5,3,0,1,0,0,0,1,2,1,0,1,1
2026,,2026-04-08,823726,home,MIN,DET,681546,James Outman,30,LF,0,0,0,0,0,0,0,0,0,0,0,0,0
2026,,2026-04-08,823726,home,MIN,DET,668904,Royce Lewis,23,3B,4,3,0,2,0,0,0,2,1,0,1,2,0
2026,,2026-04-08,823726,home,MIN,DET,663616,Trevor Larnach,9,PH,1,1,0,0,0,0,0,0,0,0,0,0,2
2026,,2026-04-08,823726,home,MIN,DET,621439,Byron Buxton,25,CF,5,4,3,3,1,0,0,0,1,0,0,4,1
2026,,2026-04-08,823726,home,MIN,DET,670242,Matt Wallner,38,RF,4,4,1,1,1,0,0,1,0,2,0,2,3
2026,,2026-04-08,823726,home,MIN,DET,807712,Luke Keaschall,15,2B,5,5,1,1,0,0,0,1,0,0,1,1,4
2026,,2026-04-09,823884,away,CIN,MIA,682829,Elly De La Cruz,44,SS,5,5,0,1,0,0,0,0,0,3,0,1,3
2026,,2026-04-09,823884,away,CIN,MIA,667472,Dane Myers,17,CF,4,4,0,1,0,0,0,0,0,0,0,1,3
2026,,2026-04-09,823884,away,CIN,MIA,701398,Sal Stewart,27,1B,4,3,1,1,0,0,1,1,1,1,0,4,3
2026,,2026-04-09,823884,away,CIN,MIA,663993,Nathaniel Lowe,31,DH,4,3,0,0,0,0,0,0,1,1,0,0,3
2026,,2026-04-09,823884,away,CIN,MIA,680574,Matt McLain,9,2B,5,5,0,2,0,0,0,0,0,1,0,2,2
2026,,2026-04-09,823884,away,CIN,MIA,666181,Will Benson,30,PH,1,0,0,0,0,0,0,0,1,0,0,0,0
2026,,2026-04-09,823884,away,CIN,MIA,670770,TJ Friedl,29,LF,5,5,0,0,0,0,0,0,0,2,0,0,5
2026,,2026-04-09,823884,away,CIN,MIA,664731,P.J. Higgins,65,C,3,3,0,0,0,0,0,0,0,1,0,0,4
2026,,2026-04-09,823884,away,CIN,MIA,668715,Spencer Steer,7,RF,4,4,0,2,1,0,0,0,0,0,0,3,0
2026,,2026-04-09,823884,away,CIN,MIA,553993,Eugenio Suárez,28,3B,4,3,0,0,0,0,0,0,1,0,0,0,1
2026,,2026-04-09,823884,home,MIA,CIN,665052,Griffin Conine,18,LF,2,2,0,0,0,0,0,0,0,0,0,0,1
2026,,2026-04-09,823884,home,MIA,CIN,681715,Heriberto Hernández,13,LF,2,2,0,0,0,0,0,0,0,0,0,0,4
2026,,2026-04-09,823884,home,MIA,CIN,805300,Jakob Marsee,87,DH,5,4,1,0,0,0,0,0,1,0,1,0,2
2026,,2026-04-09,823884,home,MIA,CIN,691594,Javier Sanoja,8,CF,4,4,0,3,0,0,0,2,0,1,0,3,3
2026,,2026-04-09,823884,home,MIA,CIN,669364,Xavier Edwards,9,2B,5,3,1,1,0,1,0,0,2,1,0,3,2
2026,,2026-04-09,823884,home,MIA,CIN,688363,Graham Pauley,21,3B,4,4,1,1,1,0,0,0,0,2,1,2,3
2026,,2026-04-09,823884,home,MIA,CIN,689414,Liam Hicks,34,1B,5,4,1,1,0,0,0,0,1,0,0,1,4
2026,,2026-04-09,823884,home,MIA,CIN,683357,Owen Caissie,17,RF,4,4,2,3,2,0,0,3,0,1,0,5,0
2026,,2026-04-09,823884,home,MIA,CIN,682663,Agustín Ramírez,50,C,5,5,1,2,0,0,0,2,0,0,0,2,1
2026,,2026-04-09,823884,home,MIA,CIN,672640,Otto Lopez,6,SS,4,3,1,1,1,0,0,0,1,0,0,2,2
2026,,2026-04-09,823565,away,ATH,NYY,671732,Lawrence Butler,4,RF,3,3,0,1,0,0,0,0,0,1,0,1,2
2026,,2026-04-09,823565,away,ATH,NYY,667670,Brent Rooker,25,RF,1,1,0,0,0,0,0,0,0,1,0,0,0
2026,,2026-04-09,823565,away,ATH,NYY,643446,Jeff McNeil,22,2B,1,1,0,0,0,0,0,0,0,0,0,0,0
2026,,2026-04-09,823565,away,ATH,NYY,642851,Austin Wynns,29,C,4,3,0,0,0,0,0,0,0,1,0,0,1
2026,,2026-04-09,823565,away,ATH,NYY,691777,Max Muncy,3,DH,4,4,1,2,1,1,0,0,0,1,0,5,1
2026,,2026-04-09,823565,away,ATH,NYY,672016,Denzel Clarke,1,CF,3,3,0,0,0,0,0,0,0,0,0,0,2
2026,,2026-04-09,823565,away,ATH,NYY,691016,Tyler Soderstrom,21,LF,4,4,0,1,0,0,0,1,0,2,0,1,2
2026,,2026-04-09,823565,away,ATH,NYY,687231,Darell Hernaiz,2,3B,3,3,0,1,0,0,0,0,0,0,0,1,1
2026,,2026-04-09,823565,away,ATH,NYY,701762,Nick Kurtz,16,1B,4,4,0,2,0,0,0,0,0,2,0,2,1
2026,,2026-04-09,823565,away,ATH,NYY,628451,Andy Ibáñez,77,3B,3,3,0,0,0,0,0,0,0,0,0,0,3
2026,,2026-04-09,823565,away,ATH,NYY,805779,Jacob Wilson,5,SS,4,4,0,1,0,0,0,0,0,0,0,1,1
2026,,2026-04-09,823565,home,NYY,ATH,621112,Paul Blackburn,58,P,0,0,0,0,0,0,0,0,0,0,0,0,0
2026,,2026-04-09,823565,home,NYY,ATH,676609,José Caballero,72,SS,2,2,0,0,0,0,0,0,0,0,1,0,0
2026,,2026-04-09,823565,home,NYY,ATH,545341,Randal Grichuk,34,LF,3,3,0,0,0,0,0,0,0,3,0,0,2
2026,,2026-04-09,823565,home,NYY,ATH,642708,Amed Rosario,14,3B,4,2,0,0,0,0,0,0,2,0,0,0,0
2026,,2026-04-09,823565,home,NYY,ATH,592450,Aaron Judge,99,RF,4,4,0,0,0,0,0,0,0,1,0,0,3
2026,,2026-04-09,823565,home,NYY,ATH,641857,Ryan McMahon,19,SS,3,3,0,0,0,0,0,0,0,1,0,0,1
2026,,2026-04-09,823565,home,NYY,ATH,669224,Austin Wells,28,C,3,3,0,0,0,0,0,0,0,1,0,0,2
2026,,2026-04-09,823565,home,NYY,ATH,700250,Ben Rice,22,1B,4,4,0,1,0,0,0,0,0,1,1,1,0
2026,,2026-04-09,823565,home,NYY,ATH,641355,Cody Bellinger,35,LF,4,4,0,0,0,0,0,0,0,0,0,0,0
2026,,2026-04-09,823565,home,NYY,ATH,519317,Giancarlo Stanton,27,DH,3,2,0,0,0,0,0,0,1,0,0,0,0
2026,,2026-04-09,823565,home,NYY,ATH,665862,Jazz Chisholm Jr.,13,2B,1,1,0,0,0,0,0,0,0,0,1,0,0
2026,,2026-04-09,823565,home,NYY,ATH,663757,Trent Grisham,12,CF,1,1,0,0,0,0,0,0,0,1,0,0,0
2026,,2026-04-09,823724,away,DET,MIN,656716,Zach McKinstry,39,2B,4,3,0,0,0,0,0,0,1,1,0,0,1
2026,,2026-04-09,823724,away,DET,MIN,682985,Riley Greene,31,LF,4,4,0,1,1,0,0,0,0,2,0,2,3
2026,,2026-04-09,823724,away,DET,MIN,595879,Javier Báez,28,CF,4,4,0,2,1,0,0,0,0,0,0,3,1
2026,,2026-04-09,823724,away,DET,MIN,805808,Kevin McGonigle,7,SS,1,1,0,0,0,0,0,0,0,0,0,0,0
2026,,2026-04-09,823724,away,DET,MIN,681481,Kerry Carpenter,30,RF,4,4,0,0,0,0,0,0,0,2,0,0,3
2026,,2026-04-09,823724,away,DET,MIN,679529,Spencer Torkelson,20,1B,4,3,0,0,0,0,0,0,1,0,0,0,3
2026,,2026-04-09,823724,away,DET,MIN,650402,Gleyber Torres,25,DH,4,3,0,1,0,0,0,1,0,1,0,1,0
2026,,2026-04-09,823724,away,DET,MIN,668670,Jake Rogers,34,C,3,2,1,0,0,0,0,0,0,1,0,0,3
2026,,2026-04-09,823724,away,DET,MIN,678009,Parker Meadows,22,CF,3,3,0,0,0,0,0,0,0,1,0,0,3
2026,,2026-04-09,823724,away,DET,MIN,693307,Dillon Dingler,13,PH,1,1,0,0,0,0,0,0,0,1,0,0,0
2026,,2026-04-09,823724,away,DET,MIN,690993,Colt Keith,33,3B,4,3,0,1,0,0,0,0,1,0,0,1,2
2026,,2026-04-09,823724,home,MIN,DET,605170,Victor Caratini,37,C,4,4,1,1,0,0,0,0,0,0,0,1,2
2026,,2026-04-09,823724,home,MIN,DET,665019,Kody Clemens,2,LF,4,2,0,0,0,0,0,0,2,1,1,0,4
2026,,2026-04-09,823724,home,MIN,DET,686797,Brooks Lee,22,SS,1,1,0,1,0,0,0,2,0,0,0,1,0
2026,,2026-04-09,823724,home,MIN,DET,668885,Austin Martin,16,PH,1,1,0,1,0,0,0,0,0,0,0,1,0
2026,,2026-04-09,823724,home,MIN,DET,656484,Tristan Gray,4,SS,2,2,0,1,0,0,0,0,0,0,0,1,0
2026,,2026-04-09,823724,home,MIN,DET,605137,Josh Bell,56,1B,4,4,1,3,0,0,1,1,0,0,0,6,0
2026,,2026-04-09,823724,home,MIN,DET,681546,James Outman,30,LF,2,2,0,0,0,0,0,0,0,1,0,0,1
2026,,2026-04-09,823724,home,MIN,DET,668904,Royce Lewis,23,3B,4,4,0,1,0,0,0,0,0,1,0,1,2
2026,,2026-04-09,823724,home,MIN,DET,663616,Trevor Larnach,9,DH,4,3,0,0,0,0,0,0,1,2,0,0,3
2026,,2026-04-09,823724,home,MIN,DET,621439,Byron Buxton,25,CF,4,3,0,0,0,0,0,0,1,2,0,0,1
2026,,2026-04-09,823724,home,MIN,DET,670242,Matt Wallner,38,RF,4,3,1,1,0,0,0,0,1,1,0,1,2
2026,,2026-04-09,823724,home,MIN,DET,807712,Luke Keaschall,15,2B,2,2,0,0,0,0,0,0,0,1,0,0,3
2026,,2026-04-09,823645,away,ARI,NYM,694374,Tim Tawa,13,LF,4,3,0,1,0,0,0,1,0,1,0,1,1
2026,,2026-04-09,823645,away,ARI,NYM,680728,Adrian Del Castillo,25,DH,4,4,1,1,1,0,0,1,0,2,0,2,1
2026,,2026-04-09,823645,away,ARI,NYM,606466,Ketel Marte,4,2B,5,5,0,0,0,0,0,0,0,1,0,0,2
2026,,2026-04-09,823645,away,ARI,NYM,545121,Ildemaro Vargas,6,1B,5,4,1,1,1,0,0,0,1,1,0,2,1
2026,,2026-04-09,823645,away,ARI,NYM,672695,Geraldo Perdomo,2,SS,4,2,2,0,0,0,0,0,2,0,0,0,1
2026,,2026-04-09,823645,away,ARI,NYM,699912,Jose Fernandez,11,3B,4,4,1,2,1,0,0,1,0,0,0,3,1
2026,,2026-04-09,823645,away,ARI,NYM,672515,Gabriel Moreno,14,C,2,2,1,2,2,0,0,2,0,0,0,4,0
2026,,2026-04-09,823645,away,ARI,NYM,543510,James McCann,8,C,2,2,0,0,0,0,0,0,0,2,0,0,1
2026,,2026-04-09,823645,away,ARI,NYM,677950,Alek Thomas,5,CF,4,4,1,0,0,0,0,1,0,1,0,0,3
2026,,2026-04-09,823645,away,ARI,NYM,678489,Jorge Barrosa,1,RF,4,4,0,1,0,1,0,1,0,1,0,3,1
2026,,2026-04-09,823645,home,NYM,ARI,620443,Luis Torrens,13,C,4,4,0,0,0,0,0,0,0,0,0,0,2
2026,,2026-04-09,823645,home,NYM,ARI,666182,Bo Bichette,19,3B,4,3,0,1,0,0,0,0,1,0,0,1,1
2026,,2026-04-09,823645,home,NYM,ARI,621438,Tyrone Taylor,28,LF,2,2,0,1,1,0,0,0,0,0,0,2,0
2026,,2026-04-09,823645,home,NYM,ARI,682626,Francisco Alvarez,4,DH,4,4,0,0,0,0,0,0,0,1,0,0,1
2026,,2026-04-09,823645,home,NYM,ARI,668901,Mark Vientos,27,1B,4,4,0,0,0,0,0,0,0,1,0,0,4
2026,,2026-04-09,823645,home,NYM,ARI,683146,Brett Baty,7,RF,4,4,0,1,0,0,0,0,0,1,1,1,1
2026,,2026-04-09,823645,home,NYM,ARI,543760,Marcus Semien,10,2B,4,4,0,1,0,0,0,0,0,1,0,1,0
2026,,2026-04-09,823645,home,NYM,ARI,596019,Francisco Lindor,12,SS,4,4,0,1,0,0,0,0,0,0,0,1,1
2026,,2026-04-09,823645,home,NYM,ARI,673357,Luis Robert Jr.,88,CF,4,3,1,1,0,0,1,1,1,2,0,4,2
2026,,2026-04-09,823645,home,NYM,ARI,676724,Jared Young,29,LF,1,1,0,0,0,0,0,0,0,0,0,0,0
2026,,2026-04-09,824130,away,CHW,KCR,671976,Tristan Peters,29,RF,3,3,0,0,0,0,0,0,0,1,0,0,2
2026,,2026-04-09,824130,away,CHW,KCR,682668,Luisangel Acuña,0,CF,4,3,0,0,0,0,0,1,0,0,0,0,2
2026,,2026-04-09,824130,away,CHW,KCR,687957,Dustin Harris,37,LF,4,3,0,1,0,0,0,0,1,1,0,1,1
2026,,2026-04-09,824130,away,CHW,KCR,808959,Munetaka Murakami,5,1B,4,2,1,0,0,0,0,0,2,0,0,0,1
2026,,2026-04-09,824130,away,CHW,KCR,805367,Chase Meidroth,10,2B,4,4,0,1,0,0,0,0,0,1,0,1,0
2026,,2026-04-09,824130,away,CHW,KCR,695657,Colson Montgomery,12,SS,4,4,0,1,1,0,0,1,0,0,0,2,2
2026,,2026-04-09,824130,away,CHW,KCR,700337,Edgar Quero,26,C,4,4,0,2,0,0,0,0,0,0,0,2,3
2026,,2026-04-09,824130,away,CHW,KCR,643217,Andrew Benintendi,23,DH,4,3,1,0,0,0,0,0,1,2,0,0,1
2026,,2026-04-09,824130,away,CHW,KCR,656537,Derek Hill,25,LF,0,0,0,0,0,0,0,0,0,0,0,0,0
2026,,2026-04-09,824130,away,CHW,KCR,678246,Miguel Vargas,20,3B,4,3,0,0,0,0,0,0,1,0,0,0,2
2026,,2026-04-09,824130,home,KCR,CHW,695600,Carter Jensen,22,PH,1,1,0,0,0,0,0,0,0,1,0,0,0
2026,,2026-04-09,824130,home,KCR,CHW,663697,Jonathan India,6,2B,4,3,0,0,0,0,0,0,1,0,0,0,3
2026,,2026-04-09,824130,home,KCR,CHW,686555,Isaac Collins,1,LF,4,3,0,0,0,0,0,0,1,0,0,0,1
2026,,2026-04-09,824130,home,KCR,CHW,521692,Salvador Perez,13,C,4,3,0,0,0,0,0,0,0,1,0,0,1
2026,,2026-04-09,824130,home,KCR,CHW,686681,Michael Massey,19,RF,0,0,0,0,0,0,0,0,0,0,0,0,0
2026,,2026-04-09,824130,home,KCR,CHW,686469,Vinnie Pasquantino,9,1B,4,4,0,0,0,0,0,0,0,2,0,0,4
2026,,2026-04-09,824130,home,KCR,CHW,664728,Kyle Isbel,28,CF,4,4,0,0,0,0,0,0,0,3,0,0,2
2026,,2026-04-09,824130,home,KCR,CHW,672580,Maikel Garcia,11,3B,5,4,0,2,0,0,0,0,1,1,0,2,1
2026,,2026-04-09,824130,home,KCR,CHW,657041,Lane Thomas,15,RF,3,3,0,1,0,0,0,0,0,0,0,1,2
2026,,2026-04-09,824130,home,KCR,CHW,695506,Jac Caglianone,14,DH,4,2,0,0,0,0,0,0,1,2,0,0,0
2026,,2026-04-09,824130,home,KCR,CHW,677951,Bobby Witt Jr.,7,SS,5,5,0,2,1,0,0,0,0,1,1,3,3
2026,,2026-04-09,823319,away,COL,SDP,666160,Mickey Moniak,22,RF,3,3,0,0,0,0,0,0,0,1,0,0,3
2026,,2026-04-09,823319,away,COL,SDP,664983,Jake McCarthy,31,LF,5,3,0,1,0,0,0,0,0,1,0,1,0
2026,,2026-04-09,823319,away,COL,SDP,687859,Troy Johnston,20,1B,5,4,0,0,0,0,0,0,1,2,0,0,2
2026,,2026-04-09,823319,away,COL,SDP,650489,Willi Castro,3,2B,5,5,1,0,0,0,0,0,0,5,0,0,4
2026,,2026-04-09,823319,away,COL,SDP,671289,Tyler Freeman,2,RF,3,2,0,1,0,0,0,1,0,0,0,1,0
2026,,2026-04-09,823319,away,COL,SDP,666397,Edouard Julien,6,2B,3,3,0,2,0,0,0,0,0,1,0,2,1
2026,,2026-04-09,823319,away,COL,SDP,696100,Hunter Goodman,15,C,3,2,0,0,0,0,0,0,0,1,0,0,1
2026,,2026-04-09,823319,away,COL,SDP,664954,Brett Sullivan,26,C,2,2,0,1,1,0,0,1,0,0,0,2,1
2026,,2026-04-09,823319,away,COL,SDP,686668,Brenton Doyle,9,CF,5,4,1,2,0,0,1,1,1,0,0,5,1
2026,,2026-04-09,823319,away,COL,SDP,678662,Ezequiel Tovar,14,SS,5,5,0,2,2,0,0,0,0,1,0,4,3
2026,,2026-04-09,823319,away,COL,SDP,681198,TJ Rumfield,7,DH,5,5,0,0,0,0,0,0,0,2,0,0,3
2026,,2026-04-09,823319,away,COL,SDP,691720,Kyle Karros,12,3B,3,3,1,1,0,0,0,0,0,0,0,1,4
2026,,2026-04-09,823319,home,SDP,COL,669134,Luis Campusano,12,C,1,1,0,1,1,0,0,1,0,0,0,2,0
2026,,2026-04-09,823319,home,SDP,COL,666023,Freddy Fermin,54,C,3,3,1,1,0,0,0,0,0,0,0,1,0
2026,,2026-04-09,823319,home,SDP,COL,592206,Nick Castellanos,21,DH,5,5,0,0,0,0,0,0,0,2,0,0,6
2026,,2026-04-09,823319,home,SDP,COL,701538,Jackson Merrill,3,CF,6,4,1,0,0,0,0,0,2,0,0,0,2
2026,,2026-04-09,823319,home,SDP,COL,657757,Gavin Sheets,30,1B,5,5,0,2,1,0,0,0,0,1,0,3,3
2026,,2026-04-09,823319,home,SDP,COL,657656,Ramón Laureano,5,LF,1,1,0,0,0,0,0,0,0,1,0,0,2
2026,,2026-04-09,823319,home,SDP,COL,592518,Manny Machado,13,3B,6,4,1,1,0,0,0,1,1,1,1,1,0
2026,,2026-04-09,823319,home,SDP,COL,609280,Miguel Andujar,41,PH,1,1,0,0,0,0,0,0,0,0,0,0,1
2026,,2026-04-09,823319,home,SDP,COL,664034,Ty France,25,1B,4,3,0,0,0,0,0,0,1,0,0,0,0
2026,,2026-04-09,823319,home,SDP,COL,665487,Fernando Tatis Jr.,23,RF,6,3,0,1,0,0,0,1,1,1,0,1,1
2026,,2026-04-09,823319,home,SDP,COL,669369,Bryce Johnson,29,LF,0,0,0,0,0,0,0,0,0,0,0,0,0
2026,,2026-04-09,823319,home,SDP,COL,593428,Xander Bogaerts,2,SS,6,6,2,2,0,0,1,4,0,1,2,5,4
2026,,2026-04-09,823319,home,SDP,COL,630105,Jake Cronenworth,9,2B,6,5,2,1,0,0,0,0,1,0,0,1,3
2026,,2026-04-10,824695,away,PIT,CHC,694377,Nick Yorke,38,3B,4,4,0,0,0,0,0,0,0,1,0,0,1
2026,,2026-04-10,824695,away,PIT,CHC,663698,Joey Bart,14,C,3,2,0,0,0,0,0,0,0,2,0,0,0
2026,,2026-04-10,824695,away,PIT,CHC,668804,Bryan Reynolds,10,LF,4,4,1,1,0,0,1,2,0,1,0,4,0
2026,,2026-04-10,824695,away,PIT,CHC,665833,Oneil Cruz,15,CF,3,2,0,1,0,0,0,0,1,1,1,1,0
2026,,2026-04-10,824695,away,PIT,CHC,663968,Jake Mangum,28,LF,0,0,0,0,0,0,0,0,0,0,0,0,0
2026,,2026-04-10,824695,away,PIT,CHC,695257,Billy Cook,25,RF,3,3,0,0,0,0,0,0,0,2,0,0,1
2026,,2026-04-10,824695,away,PIT,CHC,804606,Konnor Griffin,6,SS,3,3,0,0,0,0,0,0,0,1,0,0,2
2026,,2026-04-10,824695,away,PIT,CHC,656811,Ryan O'Hearn,29,1B,4,4,1,1,0,0,0,0,0,0,0,1,0
2026,,2026-04-10,824695,away,PIT,CHC,693304,Nick Gonzales,3,2B,3,3,0,0,0,0,0,0,0,1,0,0,0
2026,,2026-04-10,824695,away,PIT,CHC,542303,Marcell Ozuna,24,DH,4,4,0,0,0,0,0,0,0,2,0,0,0
2026,,2026-04-10,824695,home,CHC,PIT,664023,Ian Happ,8,LF,4,3,0,2,0,0,0,0,1,0,0,2,0
2026,,2026-04-10,824695,home,CHC,PIT,664068,Scott Kingery,12,PR,0,0,0,0,0,0,0,0,0,0,0,0,0
2026,,2026-04-10,824695,home,CHC,PIT,608324,Alex Bregman,3,3B,4,4,0,1,0,0,0,0,0,0,0,1,2
2026,,2026-04-10,824695,home,CHC,PIT,683737,Michael Busch,29,1B,5,5,0,0,0,0,0,0,0,2,0,0,4
2026,,2026-04-10,824695,home,CHC,PIT,608348,Carson Kelly,15,C,4,1,0,1,0,0,0,0,3,0,0,1,0
2026,,2026-04-10,824695,home,CHC,PIT,691718,Pete Crow-Armstrong,4,CF,4,4,0,0,0,0,0,0,0,1,0,0,6
2026,,2026-04-10,824695,home,CHC,PIT,665804,Miguel Amaya,9,C,0,0,0,0,0,0,0,0,0,0,0,0,0
2026,,2026-04-10,824695,home,CHC,PIT,694208,Moisés Ballesteros,25,DH,2,2,0,0,0,0,0,0,0,0,0,0,4
2026,,2026-04-10,824695,home,CHC,PIT,673548,Seiya Suzuki,27,RF,4,3,0,1,0,0,0,0,1,1,0,1,3
2026,,2026-04-10,824695,home,CHC,PIT,621020,Dansby Swanson,7,SS,4,3,0,0,0,0,0,0,1,1,0,0,0
2026,,2026-04-10,824695,home,CHC,PIT,663538,Nico Hoerner,2,2B,5,4,0,1,0,0,0,0,1,0,0,1,2
2026,,2026-04-10,824695,home,CHC,PIT,807713,Matt Shaw,6,DH,2,2,0,0,0,0,0,0,0,1,0,0,5
2026,,2026-04-10,823482,away,ARI,PHI,694374,Tim Tawa,13,LF,4,3,1,0,0,0,0,0,1,0,0,0,0
2026,,2026-04-10,823482,away,ARI,PHI,571448,Nolan Arenado,28,3B,4,4,0,0,0,0,0,0,0,1,0,0,3
2026,,2026-04-10,823482,away,ARI,PHI,606466,Ketel Marte,4,2B,5,4,1,1,0,0,0,2,1,2,0,1,1
2026,,2026-04-10,823482,away,ARI,PHI,545121,Ildemaro Vargas,6,1B,4,4,1,1,0,0,0,1,0,2,0,1,1
2026,,2026-04-10,823482,away,ARI,PHI,672695,Geraldo Perdomo,2,SS,4,3,0,1,0,0,0,0,1,2,1,1,3
2026,,2026-04-10,823482,away,ARI,PHI,699912,Jose Fernandez,11,DH,4,4,1,1,0,0,0,0,0,1,0,1,1
2026,,2026-04-10,823482,away,ARI,PHI,672515,Gabriel Moreno,14,C,1,1,0,0,0,0,0,0,0,0,0,0,1
2026,,2026-04-10,823482,away,ARI,PHI,543510,James McCann,8,C,3,2,0,1,1,0,0,2,0,0,0,2,1
2026,,2026-04-10,823482,away,ARI,PHI,677950,Alek Thomas,5,CF,4,4,1,1,0,0,0,0,0,0,0,1,0
2026,,2026-04-10,823482,away,ARI,PHI,678489,Jorge Barrosa,1,RF,4,4,0,1,0,0,0,0,0,2,0,1,3
2026,,2026-04-10,823482,home,PHI,ARI,669016,Brandon Marsh,16,LF,4,4,1,1,0,0,1,3,0,3,0,4,1
2026,,2026-04-10,823482,home,PHI,ARI,702222,Justin Crawford,2,CF,4,2,0,1,0,1,0,0,1,1,0,3,0
2026,,2026-04-10,823482,home,PHI,ARI,547180,Bryce Harper,3,1B,4,4,1,2,1,0,0,1,0,1,1,3,0
2026,,2026-04-10,823482,home,PHI,ARI,592663,J.T. Realmuto,10,C,4,4,0,1,1,0,0,0,0,1,0,2,1
2026,,2026-04-10,823482,home,PHI,ARI,664761,Alec Bohm,28,3B,4,4,0,0,0,0,0,0,0,3,0,0,1
2026,,2026-04-10,823482,home,PHI,ARI,681082,Bryson Stott,5,2B,4,3,0,1,0,0,0,0,0,1,1,1,1
2026,,2026-04-10,823482,home,PHI,ARI,656941,Kyle Schwarber,12,DH,4,3,1,0,0,0,0,0,1,2,0,0,0
2026,,2026-04-10,823482,home,PHI,ARI,666969,Adolis García,53,RF,4,4,0,0,0,0,0,0,0,2,0,0,2
2026,,2026-04-10,823482,home,PHI,ARI,607208,Trea Turner,7,SS,5,5,1,1,0,0,0,0,0,2,0,1,4
2026,,2026-04-10,824297,away,MIA,DET,805300,Jakob Marsee,87,CF,4,4,0,0,0,0,0,0,0,2,0,0,0
2026,,2026-04-10,824297,away,MIA,DET,691594,Javier Sanoja,8,LF,3,3,0,0,0,0,0,0,0,1,0,0,1
2026,,2026-04-10,824297,away,MIA,DET,669364,Xavier Edwards,9,2B,4,4,0,1,0,1,0,0,0,2,0,3,0
2026,,2026-04-10,824297,away,MIA,DET,688363,Graham Pauley,21,3B,3,3,0,0,0,0,0,0,0,0,0,0,3
2026,,2026-04-10,824297,away,MIA,DET,689414,Liam Hicks,34,C,3,3,0,0,0,0,0,0,0,0,0,0,1
2026,,2026-04-10,824297,away,MIA,DET,683357,Owen Caissie,17,RF,3,2,0,0,0,0,0,0,1,2,0,0,0
2026,,2026-04-10,824297,away,MIA,DET,682663,Agustín Ramírez,50,DH,4,4,0,0,0,0,0,0,0,1,0,0,1
2026,,2026-04-10,824297,away,MIA,DET,681393,Connor Norby,1,1B,3,2,0,1,1,0,0,0,1,1,0,2,1
2026,,2026-04-10,824297,away,MIA,DET,672640,Otto Lopez,6,SS,3,3,0,0,0,0,0,0,0,0,0,0,0
2026,,2026-04-10,824297,home,DET,MIA,656716,Zach McKinstry,39,3B,0,0,0,0,0,0,0,0,0,0,0,0,0
2026,,2026-04-10,824297,home,DET,MIA,682985,Riley Greene,31,LF,4,4,0,1,0,0,0,0,0,1,0,1,3
2026,,2026-04-10,824297,home,DET,MIA,595879,Javier Báez,28,CF,3,3,1,1,0,0,1,1,0,1,0,4,2
2026,,2026-04-10,824297,home,DET,MIA,805808,Kevin McGonigle,7,SS,4,3,0,1,0,0,0,0,1,1,0,1,0
2026,,2026-04-10,824297,home,DET,MIA,681481,Kerry Carpenter,30,DH,4,4,0,1,0,0,0,0,0,2,0,1,2
2026,,2026-04-10,824297,home,DET,MIA,679529,Spencer Torkelson,20,1B,3,3,0,1,0,0,0,1,0,1,0,1,0
2026,,2026-04-10,824297,home,DET,MIA,650402,Gleyber Torres,25,2B,4,4,0,0,0,0,0,0,0,1,0,0,4
2026,,2026-04-10,824297,home,DET,MIA,693307,Dillon Dingler,13,C,4,3,1,1,0,0,0,0,0,0,0,1,1
2026,,2026-04-10,824297,home,DET,MIA,690993,Colt Keith,33,3B,4,4,0,2,0,0,0,0,0,0,0,2,1
2026,,2026-04-10,824297,home,DET,MIA,672761,Wenceel Pérez,46,RF,3,3,0,0,0,0,0,0,0,0,0,0,2
2026,,2026-04-10,824534,away,LAA,CIN,624428,Adam Frazier,20,2B,5,2,2,1,0,0,0,1,3,0,0,1,0
2026,,2026-04-10,824534,away,LAA,CIN,672724,Oswald Peraza,2,3B,1,0,0,0,0,0,0,0,1,0,0,0,0
2026,,2026-04-10,824534,away,LAA,CIN,687263,Zach Neto,9,SS,5,5,2,2,0,0,1,2,0,1,0,5,4
2026,,2026-04-10,824534,away,LAA,CIN,624585,Jorge Soler,12,DH,5,5,2,2,1,0,1,4,0,2,0,6,0
2026,,2026-04-10,824534,away,LAA,CIN,660162,Yoán Moncada,10,3B,4,2,1,2,0,1,0,1,2,0,0,4,0
2026,,2026-04-10,824534,away,LAA,CIN,545361,Mike Trout,27,CF,5,4,1,0,0,0,0,1,1,0,0,0,1
2026,,2026-04-10,824534,away,LAA,CIN,666176,Jo Adell,7,RF,5,5,0,0,0,0,0,0,0,1,0,0,5
2026,,2026-04-10,824534,away,LAA,CIN,694384,Nolan Schanuel,18,1B,5,5,0,0,0,0,0,0,0,2,0,0,3
2026,,2026-04-10,824534,away,LAA,CIN,666139,Josh Lowe,3,LF,5,5,1,2,0,0,1,1,0,1,0,5,0
2026,,2026-04-10,824534,away,LAA,CIN,669326,Bryce Teodosio,22,CF,0,0,0,0,0,0,0,0,0,0,0,0,0
2026,,2026-04-10,824534,away,LAA,CIN,681351,Logan O'Hoppe,14,C,5,4,1,1,0,0,0,0,1,0,0,1,0
2026,,2026-04-10,824534,home,CIN,LAA,682829,Elly De La Cruz,44,SS,4,3,1,1,0,0,1,1,1,0,0,4,0
2026,,2026-04-10,824534,home,CIN,LAA,701398,Sal Stewart,27,1B,4,3,0,0,0,0,0,0,1,0,0,0,1
2026,,2026-04-10,824534,home,CIN,LAA,682622,Noelvi Marte,4,PH,1,1,0,0,0,0,0,0,0,1,0,0,0
2026,,2026-04-10,824534,home,CIN,LAA,663993,Nathaniel Lowe,31,1B,0,0,0,0,0,0,0,0,0,0,0,0,0
2026,,2026-04-10,824534,home,CIN,LAA,680574,Matt McLain,9,2B,4,4,0,0,0,0,0,0,0,0,0,0,2
2026,,2026-04-10,824534,home,CIN,LAA,663647,Ke'Bryan Hayes,3,3B,4,3,0,0,0,0,0,0,1,0,0,0,1
2026,,2026-04-10,824534,home,CIN,LAA,666181,Will Benson,30,RF,3,2,1,0,0,0,0,0,1,1,0,0,1
2026,,2026-04-10,824534,home,CIN,LAA,670770,TJ Friedl,29,CF,4,4,0,0,0,0,0,1,0,1,0,0,2
2026,,2026-04-10,824534,home,CIN,LAA,668715,Spencer Steer,7,LF,4,4,0,0,0,0,0,0,0,0,0,0,2
2026,,2026-04-10,824534,home,CIN,LAA,663886,Tyler Stephenson,37,C,4,3,0,1,0,0,0,0,1,0,0,1,1
2026,,2026-04-10,824534,home,CIN,LAA,553993,Eugenio Suárez,28,DH,4,4,0,2,0,0,0,0,0,1,0,2,1
2026,,2026-04-10,822829,away,MIN,TOR,605170,Victor Caratini,37,DH,4,2,0,0,0,0,0,0,1,1,0,0,2
2026,,2026-04-10,822829,away,MIN,TOR,686797,Brooks Lee,22,SS,4,3,1,1,0,0,1,1,0,2,0,4,1
2026,,2026-04-10,822829,away,MIN,TOR,668885,Austin Martin,16,LF,5,4,1,2,1,0,0,0,1,1,1,3,1
2026,,2026-04-10,822829,away,MIN,TOR,656484,Tristan Gray,4,3B,4,3,0,0,0,0,0,0,0,2,0,0,0
2026,,2026-04-10,822829,away,MIN,TOR,605137,Josh Bell,56,1B,4,4,0,0,0,0,0,0,0,1,0,0,3
2026,,2026-04-10,822829,away,MIN,TOR,680777,Ryan Jeffers,27,C,4,3,1,3,0,0,1,3,0,0,0,6,0
2026,,2026-04-10,822829,away,MIN,TOR,621439,Byron Buxton,25,CF,5,5,0,0,0,0,0,0,0,3,0,0,1
2026,,2026-04-10,822829,away,MIN,TOR,670242,Matt Wallner,38,RF,4,4,0,0,0,0,0,0,0,2,0,0,5
2026,,2026-04-10,822829,away,MIN,TOR,807712,Luke Keaschall,15,2B,4,4,1,1,0,0,0,0,0,0,0,1,2
2026,,2026-04-10,822829,home,TOR,MIN,676391,Ernie Clement,22,2B,4,4,1,2,1,0,0,1,0,0,0,3,1
2026,,2026-04-10,822829,home,TOR,MIN,662139,Daulton Varsho,5,CF,5,5,1,2,1,0,1,1,0,1,0,6,3
2026,,2026-04-10,822829,home,TOR,MIN,665926,Andrés Giménez,0,SS,4,3,1,1,0,0,0,1,0,0,0,1,2
2026,,2026-04-10,822829,home,TOR,MIN,678218,Brandon Valenzuela,59,C,4,4,2,2,0,0,1,2,0,1,0,5,1
2026,,2026-04-10,822829,home,TOR,MIN,676914,Davis Schneider,36,LF,4,3,2,2,1,0,0,2,1,1,0,3,0
2026,,2026-04-10,822829,home,TOR,MIN,543807,George Springer,4,DH,5,4,0,1,1,0,0,1,1,0,0,2,1
2026,,2026-04-10,822829,home,TOR,MIN,665489,Vladimir Guerrero Jr.,27,1B,5,5,2,3,2,0,0,1,0,0,1,5,1
2026,,2026-04-10,822829,home,TOR,MIN,660821,Jesús Sánchez,12,RF,4,4,1,1,1,0,0,1,0,1,0,2,2
2026,,2026-04-10,822829,home,TOR,MIN,664702,Myles Straw,3,RF,1,1,0,0,0,0,0,0,0,0,0,0,1
2026,,2026-04-10,822829,home,TOR,MIN,672960,Kazuma Okamoto,7,3B,4,4,0,0,0,0,0,0,0,0,0,0,2
2026,,2026-04-10,823643,away,ATH,NYM,671732,Lawrence Butler,4,RF,5,4,0,0,0,0,0,0,1,0,0,0,1
2026,,2026-04-10,823643,away,ATH,NYM,680869,Zack Gelof,20,2B,0,0,1,0,0,0,0,0,0,0,0,0,0
2026,,2026-04-10,823643,away,ATH,NYM,643446,Jeff McNeil,22,2B,4,4,0,2,1,0,0,1,0,0,0,3,2
2026,,2026-04-10,823643,away,ATH,NYM,666126,Carlos Cortes,26,DH,4,4,1,1,0,0,0,0,0,0,0,1,3
2026,,2026-04-10,823643,away,ATH,NYM,691777,Max Muncy,3,3B,4,4,1,1,1,0,0,0,0,2,0,2,2
2026,,2026-04-10,823643,away,ATH,NYM,672016,Denzel Clarke,1,CF,4,4,0,1,0,0,0,2,0,1,0,1,1
2026,,2026-04-10,823643,away,ATH,NYM,691016,Tyler Soderstrom,21,LF,4,4,0,0,0,0,0,0,0,0,0,0,3
2026,,2026-04-10,823643,away,ATH,NYM,701762,Nick Kurtz,16,1B,4,2,0,0,0,0,0,0,2,1,0,0,2
2026,,2026-04-10,823643,away,ATH,NYM,669127,Shea Langeliers,23,C,4,4,0,1,0,0,0,1,0,0,0,1,2
2026,,2026-04-10,823643,away,ATH,NYM,805779,Jacob Wilson,5,SS,4,4,1,3,0,0,0,0,0,0,0,3,0
2026,,2026-04-10,823643,home,NYM,ATH,666182,Bo Bichette,19,DH,4,4,0,1,0,0,0,0,0,2,0,1,1
2026,,2026-04-10,823643,home,NYM,ATH,682626,Francisco Alvarez,4,C,3,2,0,1,0,0,0,0,1,1,0,1,0
2026,,2026-04-10,823643,home,NYM,ATH,683146,Brett Baty,7,RF,4,4,0,0,0,0,0,0,0,2,0,0,2
2026,,2026-04-10,823643,home,NYM,ATH,701807,Carson Benge,3,LF,3,3,0,1,0,0,0,0,0,1,0,1,2
2026,,2026-04-10,823643,home,NYM,ATH,543760,Marcus Semien,10,2B,4,4,0,0,0,0,0,0,0,0,0,0,1
2026,,2026-04-10,823643,home,NYM,ATH,596019,Francisco Lindor,12,SS,4,4,0,1,0,0,0,0,0,1,0,1,2
2026,,2026-04-10,823643,home,NYM,ATH,677595,Ronny Mauricio,0,3B,3,3,0,0,0,0,0,0,0,2,0,0,0
2026,,2026-04-10,823643,home,NYM,ATH,676724,Jared Young,29,1B,4,4,0,1,0,0,0,0,0,1,0,1,2
2026,,2026-04-10,823643,home,NYM,ATH,673357,Luis Robert Jr.,88,CF,4,4,0,1,0,0,0,0,0,0,0,1,3
2026,,2026-04-10,822997,away,NYY,TBR,676609,José Caballero,72,SS,3,3,0,0,0,0,0,0,0,2,0,0,0
2026,,2026-04-10,822997,away,NYY,TBR,545341,Randal Grichuk,34,LF,4,4,0,0,0,0,0,0,0,2,0,0,2
2026,,2026-04-10,822997,away,NYY,TBR,642708,Amed Rosario,14,3B,4,4,0,2,0,1,0,1,0,1,0,4,0
2026,,2026-04-10,822997,away,NYY,TBR,592450,Aaron Judge,99,RF,4,4,1,1,0,0,0,0,0,2,1,1,2
2026,,2026-04-10,822997,away,NYY,TBR,502671,Paul Goldschmidt,48,1B,3,1,0,0,0,0,0,0,1,1,0,0,0
2026,,2026-04-10,822997,away,NYY,TBR,669224,Austin Wells,28,C,3,3,0,0,0,0,0,0,0,0,0,0,0
2026,,2026-04-10,822997,away,NYY,TBR,700250,Ben Rice,22,1B,1,1,1,1,0,0,1,1,0,0,0,4,0
2026,,2026-04-10,822997,away,NYY,TBR,641355,Cody Bellinger,35,CF,4,3,0,0,0,0,0,1,0,2,0,0,1
2026,,2026-04-10,822997,away,NYY,TBR,519317,Giancarlo Stanton,27,DH,4,3,1,1,0,0,0,0,1,1,0,1,1
2026,,2026-04-10,822997,away,NYY,TBR,665862,Jazz Chisholm Jr.,13,2B,4,4,0,0,0,0,0,0,0,1,1,0,3
2026,,2026-04-10,822997,away,NYY,TBR,663757,Trent Grisham,12,PH,1,1,0,0,0,0,0,0,0,0,0,0,2
2026,,2026-04-10,822997,home,TBR,NYY,670764,Taylor Walls,6,SS,4,2,2,1,0,0,0,0,0,0,0,1,1
2026,,2026-04-10,822997,home,TBR,NYY,802415,Chandler Simpson,14,LF,5,5,0,1,0,0,0,2,0,1,0,1,4
2026,,2026-04-10,822997,home,TBR,NYY,676356,Jonny DeLuca,21,RF,4,4,0,0,0,0,0,0,0,0,0,0,3
2026,,2026-04-10,822997,home,TBR,NYY,666018,Jonathan Aranda,8,1B,5,4,1,0,0,0,0,1,1,1,0,0,3
2026,,2026-04-10,822997,home,TBR,NYY,663743,Nick Fortes,40,C,4,4,0,2,0,0,0,0,0,1,0,2,4
2026,,2026-04-10,822997,home,TBR,NYY,650490,Yandy Díaz,2,DH,4,4,1,2,0,0,1,2,0,0,0,5,2
2026,,2026-04-10,822997,home,TBR,NYY,810938,Ben Williamson,15,2B,4,2,1,1,1,0,0,0,2,1,1,2,0
2026,,2026-04-10,822997,home,TBR,NYY,691406,Junior Caminero,13,3B,5,4,0,1,0,0,0,0,1,1,0,1,1
2026,,2026-04-10,822997,home,TBR,NYY,656775,Cedric Mullins,31,CF,4,3,0,1,0,0,0,0,1,0,0,1,0
2026,,2026-04-10,824858,away,SFG,BAL,669477,Casey Schmitt,10,DH,5,5,2,3,3,0,0,1,0,2,0,6,1
2026,,2026-04-10,824858,away,SFG,BAL,671218,Heliot Ramos,17,LF,4,4,1,1,0,0,0,1,0,1,0,1,3
2026,,2026-04-10,824858,away,SFG,BAL,656305,Matt Chapman,26,3B,5,4,1,2,0,0,0,0,1,0,0,2,1
2026,,2026-04-10,824858,away,SFG,BAL,672275,Patrick Bailey,14,C,4,4,0,1,0,0,0,0,0,0,0,1,0
2026,,2026-04-10,824858,away,SFG,BAL,808982,Jung Hoo Lee,51,RF,4,4,1,2,1,0,1,2,0,1,0,6,3
2026,,2026-04-10,824858,away,SFG,BAL,646240,Rafael Devers,16,1B,5,5,0,1,0,0,0,0,0,0,0,1,4
2026,,2026-04-10,824858,away,SFG,BAL,664056,Harrison Bader,9,CF,4,4,0,0,0,0,0,0,0,1,0,0,2
2026,,2026-04-10,824858,away,SFG,BAL,642715,Willy Adames,2,SS,5,5,1,2,1,0,1,2,0,1,0,6,0
2026,,2026-04-10,824858,away,SFG,BAL,650333,Luis Arraez,1,2B,5,3,0,0,0,0,0,0,2,0,0,0,2
2026,,2026-04-10,824858,home,BAL,SFG,669236,Jeremiah Jackson,82,2B,4,4,1,1,0,0,0,0,0,1,0,1,2
2026,,2026-04-10,824858,home,BAL,SFG,694212,Samuel Basallo,29,DH,4,3,0,0,0,0,0,0,1,0,0,0,0
2026,,2026-04-10,824858,home,BAL,SFG,683002,Gunnar Henderson,2,SS,5,4,1,1,0,0,1,2,1,0,0,4,0
2026,,2026-04-10,824858,home,BAL,SFG,665750,Leody Taveras,30,CF,4,4,0,2,1,0,0,1,0,0,0,3,0
2026,,2026-04-10,824858,home,BAL,SFG,621493,Taylor Ward,3,LF,5,5,0,1,1,0,0,0,0,1,0,2,1
2026,,2026-04-10,824858,home,BAL,SFG,687637,Dylan Beavers,12,RF,3,2,1,0,0,0,0,0,1,0,0,0,0
2026,,2026-04-10,824858,home,BAL,SFG,668939,Adley Rutschman,35,C,5,5,0,3,2,0,0,0,0,0,0,5,1
2026,,2026-04-10,824858,home,BAL,SFG,663624,Ryan Mountcastle,6,PH,1,1,0,0,0,0,0,0,0,0,0,0,2
2026,,2026-04-10,824858,home,BAL,SFG,677942,Blaze Alexander,23,3B,4,4,0,0,0,0,0,0,0,2,0,0,3
2026,,2026-04-10,824858,home,BAL,SFG,624413,Pete Alonso,25,1B,4,3,0,0,0,0,0,0,1,2,0,0,4
2026,,2026-04-10,824858,home,BAL,SFG,681297,Colton Cowser,17,RF,0,0,0,0,0,0,0,0,0,0,0,0,0
2026,,2026-04-10,824941,away,CLE,ATL,800050,Chase DeLauter,24,RF,5,4,1,1,1,0,0,0,1,0,0,2,2
2026,,2026-04-10,824941,away,CLE,ATL,677587,Brayan Rocchio,4,SS,4,3,0,0,0,0,0,0,1,0,0,0,2
2026,,2026-04-10,824941,away,CLE,ATL,666310,Bo Naylor,23,C,3,3,0,0,0,0,0,0,0,0,0,0,0
2026,,2026-04-10,824941,away,CLE,ATL,681807,David Fry,6,C,1,0,0,0,0,0,0,0,1,0,0,0,0
2026,,2026-04-10,824941,away,CLE,ATL,608070,José Ramírez,11,3B,5,4,0,0,0,0,0,0,1,1,0,0,4
2026,,2026-04-10,824941,away,CLE,ATL,680757,Steven Kwan,38,CF,5,4,0,2,0,0,0,0,1,1,0,2,0
2026,,2026-04-10,824941,away,CLE,ATL,682877,Juan Brito,34,2B,4,4,1,1,0,0,0,0,0,0,0,1,0
2026,,2026-04-10,824941,away,CLE,ATL,682657,Angel Martínez,1,LF,4,4,1,2,0,0,0,2,0,0,1,2,0
2026,,2026-04-10,824941,away,CLE,ATL,700932,Kyle Manzardo,9,1B,4,4,1,1,0,0,1,1,0,2,0,4,5
2026,,2026-04-10,824941,away,CLE,ATL,656555,Rhys Hoskins,8,DH,4,4,1,1,0,0,0,1,0,1,0,1,0
2026,,2026-04-10,824941,home,ATL,CLE,671739,Michael Harris II,23,CF,4,4,1,2,0,0,1,2,0,1,0,5,2
2026,,2026-04-10,824941,home,ATL,CLE,643289,Mauricio Dubón,14,SS,4,4,1,2,1,0,0,0,0,0,0,3,2
2026,,2026-04-10,824941,home,ATL,CLE,686948,Drake Baldwin,30,C,5,5,2,2,1,0,0,1,0,1,0,3,2
2026,,2026-04-10,824941,home,ATL,CLE,621566,Matt Olson,28,1B,5,4,2,1,0,0,1,2,1,0,0,4,1
2026,,2026-04-10,824941,home,ATL,CLE,642086,Dominic Smith,8,DH,4,4,2,3,0,0,0,2,0,0,0,3,0
2026,,2026-04-10,824941,home,ATL,CLE,660670,Ronald Acuña Jr.,13,RF,5,5,1,2,0,0,1,2,0,0,0,5,2
2026,,2026-04-10,824941,home,ATL,CLE,645277,Ozzie Albies,1,2B,4,4,0,1,0,0,0,1,0,1,0,1,2
2026,,2026-04-10,824941,home,ATL,CLE,663586,Austin Riley,27,3B,5,4,1,2,0,0,0,1,1,0,0,2,1
2026,,2026-04-10,824941,home,ATL,CLE,573262,Mike Yastrzemski,18,LF,5,4,1,0,0,0,0,0,1,2,0,0,3
2026,,2026-04-10,824128,away,CHW,KCR,672820,Lenyn Sosa,50,DH,3,3,0,1,1,0,0,0,0,0,0,2,0
2026,,2026-04-10,824128,away,CHW,KCR,695020,Tanner Murray,41,LF,3,3,0,0,0,0,0,0,0,2,0,0,1
2026,,2026-04-10,824128,away,CHW,KCR,682668,Luisangel Acuña,0,CF,3,3,0,0,0,0,0,0,0,0,0,0,1
2026,,2026-04-10,824128,away,CHW,KCR,808959,Munetaka Murakami,5,1B,4,4,0,0,0,0,0,0,0,3,0,0,2
2026,,2026-04-10,824128,away,CHW,KCR,805367,Chase Meidroth,10,2B,4,4,0,0,0,0,0,0,0,3,0,0,1
2026,,2026-04-10,824128,away,CHW,KCR,695657,Colson Montgomery,12,SS,3,3,0,0,0,0,0,0,0,2,0,0,1
2026,,2026-04-10,824128,away,CHW,KCR,700337,Edgar Quero,26,C,3,3,0,0,0,0,0,0,0,0,0,0,1
2026,,2026-04-10,824128,away,CHW,KCR,656537,Derek Hill,25,RF,3,3,0,1,0,0,0,0,0,1,1,1,0
2026,,2026-04-10,824128,away,CHW,KCR,678246,Miguel Vargas,20,3B,4,3,0,0,0,0,0,0,1,0,0,0,1
2026,,2026-04-10,824128,home,KCR,CHW,695600,Carter Jensen,22,DH,3,3,1,1,0,0,1,1,0,1,0,4,2
2026,,2026-04-10,824128,home,KCR,CHW,686555,Isaac Collins,1,LF,3,3,0,1,0,0,0,0,0,1,0,1,2
2026,,2026-04-10,824128,home,KCR,CHW,521692,Salvador Perez,13,C,3,3,0,1,0,0,0,0,0,0,0,1,1
2026,,2026-04-10,824128,home,KCR,CHW,686681,Michael Massey,19,2B,3,3,0,1,1,0,0,0,0,0,0,2,1
2026,,2026-04-10,824128,home,KCR,CHW,686469,Vinnie Pasquantino,9,1B,3,3,0,0,0,0,0,0,0,0,0,0,1
2026,,2026-04-10,824128,home,KCR,CHW,664728,Kyle Isbel,28,CF,3,2,0,0,0,0,0,0,1,0,0,0,1
2026,,2026-04-10,824128,home,KCR,CHW,672580,Maikel Garcia,11,3B,4,4,1,1,0,0,0,0,0,0,0,1,1
2026,,2026-04-10,824128,home,KCR,CHW,695506,Jac Caglianone,14,RF,3,3,0,1,1,0,0,0,0,1,0,2,1
2026,,2026-04-10,824128,home,KCR,CHW,677951,Bobby Witt Jr.,7,SS,4,4,0,1,1,0,0,1,0,0,0,2,0
2026,,2026-04-10,823808,away,WSN,MIL,691781,Brady House,12,3B,4,3,0,0,0,0,0,0,1,2,0,0,2
2026,,2026-04-10,823808,away,WSN,MIL,682928,CJ Abrams,5,SS,4,3,1,2,1,0,0,1,0,0,0,3,3
2026,,2026-04-10,823808,away,WSN,MIL,683083,Nasim Nuñez,26,DH,0,0,1,0,0,0,0,0,0,0,0,0,0
2026,,2026-04-10,823808,away,WSN,MIL,686452,Drew Millas,14,C,1,0,0,0,0,0,0,1,0,0,0,0,0
2026,,2026-04-10,823808,away,WSN,MIL,678391,Jorbit Vivas,84,2B,4,3,1,0,0,0,0,1,0,0,0,0,1
2026,,2026-04-10,823808,away,WSN,MIL,686894,Joey Wiemer,21,CF,4,3,1,1,0,0,0,0,1,1,0,1,2
2026,,2026-04-10,823808,away,WSN,MIL,678554,Curtis Mead,45,1B,5,5,1,1,0,0,0,1,0,1,0,1,4
2026,,2026-04-10,823808,away,WSN,MIL,695734,Daylen Lile,4,LF,5,5,0,1,0,0,0,0,0,0,1,1,4
2026,,2026-04-10,823808,away,WSN,MIL,695578,James Wood,29,RF,5,5,1,4,2,0,0,1,0,1,0,6,0
2026,,2026-04-10,823808,away,WSN,MIL,696285,Jacob Young,30,PH,1,1,0,1,1,0,0,1,0,0,0,2,0
2026,,2026-04-10,823808,away,WSN,MIL,660688,Keibert Ruiz,20,C,2,2,0,0,0,0,0,0,0,0,0,0,0
2026,,2026-04-10,823808,away,WSN,MIL,671277,Luis García Jr.,2,DH,4,4,1,1,0,0,0,1,0,1,0,1,1
2026,,2026-04-10,823808,home,MIL,WSN,650859,Luis Rengifo,13,3B,4,3,0,0,0,0,0,0,1,2,0,0,3
2026,,2026-04-10,823808,home,MIL,WSN,592885,Christian Yelich,22,DH,4,4,0,0,0,0,0,0,0,1,0,0,2
2026,,2026-04-10,823808,home,MIL,WSN,641343,Jake Bauers,9,1B,4,3,1,2,0,0,1,3,1,0,0,5,0
2026,,2026-04-10,823808,home,MIL,WSN,686217,Sal Frelick,10,RF,4,3,0,0,0,0,0,0,0,0,0,0,1
2026,,2026-04-10,823808,home,MIL,WSN,663604,Brandon Lockridge,20,CF,1,1,0,0,0,0,0,0,0,0,0,0,0
2026,,2026-04-10,823808,home,MIL,WSN,669003,Garrett Mitchell,5,CF,3,2,1,0,0,0,0,0,1,1,0,0,1
2026,,2026-04-10,823808,home,MIL,WSN,666152,David Hamilton,6,SS,4,4,0,0,0,0,0,0,0,0,0,0,3
2026,,2026-04-10,823808,home,MIL,WSN,663368,Blake Perkins,16,LF,4,3,0,0,0,0,0,0,1,1,0,0,2
2026,,2026-04-10,823808,home,MIL,WSN,661388,William Contreras,24,C,4,4,0,1,0,0,0,0,0,1,0,1,1
2026,,2026-04-10,823808,home,MIL,WSN,668930,Brice Turang,2,2B,4,3,1,1,0,0,0,0,1,1,1,1,1
2026,,2026-04-10,823076,away,BOS,STL,575929,Willson Contreras,40,1B,4,4,0,0,0,0,0,0,0,2,0,0,4
2026,,2026-04-10,823076,away,BOS,STL,596115,Trevor Story,10,SS,4,4,1,0,0,0,0,1,0,1,1,0,2
2026,,2026-04-10,823076,away,BOS,STL,677800,Wilyer Abreu,52,RF,4,4,0,2,0,0,0,0,0,0,0,2,0
2026,,2026-04-10,823076,away,BOS,STL,702332,Caleb Durbin,5,3B,4,3,0,0,0,0,0,0,0,1,0,0,0
2026,,2026-04-10,823076,away,BOS,STL,665966,Carlos Narváez,75,C,3,3,0,0,0,0,0,0,0,1,0,0,2
2026,,2026-04-10,823076,away,BOS,STL,680776,Jarren Duran,16,LF,4,4,0,0,0,0,0,0,0,0,0,0,1
2026,,2026-04-10,823076,away,BOS,STL,678882,Ceddanne Rafaela,3,CF,3,3,0,1,1,0,0,0,0,0,0,2,0
2026,,2026-04-10,823076,away,BOS,STL,807799,Masataka Yoshida,7,DH,4,3,1,1,0,0,0,0,0,1,0,1,2
2026,,2026-04-10,823076,away,BOS,STL,691785,Marcelo Mayer,11,2B,4,4,0,1,0,0,0,0,0,1,1,1,1
2026,,2026-04-10,823076,home,STL,BOS,691023,Jordan Walker,18,RF,4,4,1,2,0,0,0,0,0,1,0,2,3
2026,,2026-04-10,823076,home,STL,BOS,701675,Nathan Church,27,LF,0,0,0,0,0,0,0,0,0,0,0,0,0
2026,,2026-04-10,823076,home,STL,BOS,687363,Victor Scott II,11,CF,4,2,0,1,0,0,0,1,1,0,0,1,1
2026,,2026-04-10,823076,home,STL,BOS,665877,José Fermín,15,LF,4,3,0,1,0,0,0,1,0,2,0,1,2
2026,,2026-04-10,823076,home,STL,BOS,802139,JJ Wetherholt,26,2B,5,3,0,0,0,0,0,0,2,1,0,0,2
2026,,2026-04-10,823076,home,STL,BOS,676475,Alec Burleson,41,1B,5,5,0,0,0,0,0,0,0,1,0,0,5
2026,,2026-04-10,823076,home,STL,BOS,695336,Thomas Saggese,25,SS,2,2,0,1,0,0,0,1,0,0,0,1,0
2026,,2026-04-10,823076,home,STL,BOS,602104,Ramón Urías,29,3B,4,3,2,1,1,0,0,0,1,0,0,2,1
2026,,2026-04-10,823076,home,STL,BOS,686780,Pedro Pagés,43,C,4,4,0,1,1,0,0,0,0,1,0,2,4
2026,,2026-04-10,823076,home,STL,BOS,691026,Masyn Winn,0,SS,2,0,0,0,0,0,0,0,1,0,0,0,0
2026,,2026-04-10,823076,home,STL,BOS,671056,Iván Herrera,48,DH,5,4,0,1,0,0,0,0,1,3,0,1,6
2026,,2026-04-10,823318,away,COL,SDP,666160,Mickey Moniak,22,LF,2,2,0,0,0,0,0,0,0,1,0,0,0
2026,,2026-04-10,823318,away,COL,SDP,650489,Willi Castro,3,2B,4,4,0,1,0,0,0,0,0,1,1,1,2
2026,,2026-04-10,823318,away,COL,SDP,671289,Tyler Freeman,2,RF,4,4,0,1,0,0,0,0,0,1,0,1,1
2026,,2026-04-10,823318,away,COL,SDP,666397,Edouard Julien,6,DH,3,3,0,1,0,0,0,0,0,0,0,1,0
2026,,2026-04-10,823318,away,COL,SDP,696100,Hunter Goodman,15,DH,1,1,1,1,0,0,0,1,0,0,0,1,0
2026,,2026-04-10,823318,away,COL,SDP,687597,Jordan Beck,27,LF,2,1,0,1,0,0,0,1,1,0,1,1,0
2026,,2026-04-10,823318,away,COL,SDP,664954,Brett Sullivan,26,C,3,3,0,0,0,0,0,0,0,0,0,0,2
2026,,2026-04-10,823318,away,COL,SDP,686668,Brenton Doyle,9,CF,4,4,1,1,0,0,0,0,0,2,0,1,2
2026,,2026-04-10,823318,away,COL,SDP,678662,Ezequiel Tovar,14,SS,4,4,0,1,0,0,0,0,0,1,0,1,2
2026,,2026-04-10,823318,away,COL,SDP,681198,TJ Rumfield,7,1B,4,4,0,1,0,0,0,0,0,1,0,1,2
2026,,2026-04-10,823318,away,COL,SDP,691720,Kyle Karros,12,3B,3,3,0,0,0,0,0,0,0,0,0,0,1
2026,,2026-04-10,823318,home,SDP,COL,669134,Luis Campusano,12,C,3,2,1,2,1,0,1,1,1,0,0,6,0
2026,,2026-04-10,823318,home,SDP,COL,666023,Freddy Fermin,54,C,0,0,0,0,0,0,0,0,0,0,0,0,0
2026,,2026-04-10,823318,home,SDP,COL,701538,Jackson Merrill,3,CF,4,4,1,1,0,0,0,0,0,1,0,1,1
2026,,2026-04-10,823318,home,SDP,COL,657757,Gavin Sheets,30,1B,4,4,2,2,0,0,2,4,0,2,0,8,0
2026,,2026-04-10,823318,home,SDP,COL,657656,Ramón Laureano,5,LF,4,3,0,1,0,0,0,0,1,1,0,1,1
2026,,2026-04-10,823318,home,SDP,COL,592518,Manny Machado,13,3B,4,3,1,0,0,0,0,0,1,0,0,0,1
2026,,2026-04-10,823318,home,SDP,COL,609280,Miguel Andujar,41,DH,3,3,0,0,0,0,0,0,0,1,0,0,0
2026,,2026-04-10,823318,home,SDP,COL,665487,Fernando Tatis Jr.,23,RF,4,4,0,0,0,0,0,0,0,0,0,0,3
2026,,2026-04-10,823318,home,SDP,COL,669369,Bryce Johnson,29,PR,0,0,0,0,0,0,0,0,0,0,0,0,0
2026,,2026-04-10,823318,home,SDP,COL,593428,Xander Bogaerts,2,SS,4,4,0,0,0,0,0,0,0,0,0,0,2
2026,,2026-04-10,823318,home,SDP,COL,630105,Jake Cronenworth,9,2B,3,3,0,0,0,0,0,0,0,1,0,0,2
2026,,2026-04-10,823156,away,HOU,SEA,670623,Isaac Paredes,15,2B,4,2,1,1,0,0,0,0,0,0,0,1,1
2026,,2026-04-10,823156,away,HOU,SEA,701358,Cam Smith,11,RF,4,4,0,0,0,0,0,0,0,0,0,0,3
2026,,2026-04-10,823156,away,HOU,SEA,514888,Jose Altuve,27,DH,4,4,0,0,0,0,0,0,0,1,0,0,2
2026,,2026-04-10,823156,away,HOU,SEA,666211,Taylor Trammell,26,PH,1,0,0,0,0,0,0,0,1,0,0,0,0
2026,,2026-04-10,823156,away,HOU,SEA,694388,Joey Loperfido,10,CF,4,3,0,1,0,0,0,0,1,1,0,1,3
2026,,2026-04-10,823156,away,HOU,SEA,665161,Jeremy Peña,3,SS,5,5,1,1,0,0,0,0,0,1,0,1,3
2026,,2026-04-10,823156,away,HOU,SEA,621043,Carlos Correa,1,3B,4,4,1,1,0,0,0,0,0,1,0,1,0
2026,,2026-04-10,823156,away,HOU,SEA,572233,Christian Walker,8,1B,4,3,1,0,0,0,0,0,1,1,0,0,3
2026,,2026-04-10,823156,away,HOU,SEA,543877,Christian Vázquez,2,C,3,3,1,2,1,0,0,3,0,1,0,3,1
2026,,2026-04-10,823156,away,HOU,SEA,670541,Yordan Alvarez,44,LF,4,3,1,2,0,0,1,3,1,0,0,5,0
2026,,2026-04-10,823156,home,SEA,HOU,647304,Josh Naylor,12,1B,5,4,1,1,0,0,0,0,1,2,0,1,2
2026,,2026-04-10,823156,home,SEA,HOU,702284,Cole Young,2,2B,5,3,1,1,0,0,0,0,2,1,0,1,2
2026,,2026-04-10,823156,home,SEA,HOU,668227,Randy Arozarena,56,LF,5,4,1,2,0,0,1,3,0,1,0,5,1
2026,,2026-04-10,823156,home,SEA,HOU,641487,J.P. Crawford,3,SS,5,3,1,1,0,0,0,1,2,1,0,1,2
2026,,2026-04-10,823156,home,SEA,HOU,686527,Dominic Canzone,8,DH,5,4,1,1,1,0,0,1,1,2,0,2,4
2026,,2026-04-10,823156,home,SEA,HOU,663728,Cal Raleigh,29,C,5,3,1,0,0,0,0,1,2,0,0,0,3
2026,,2026-04-10,823156,home,SEA,HOU,660844,Leo Rivas,76,3B,4,2,1,1,0,0,0,0,2,0,0,1,3
2026,,2026-04-10,823156,home,SEA,HOU,677594,Julio Rodríguez,44,CF,5,5,1,1,0,0,0,0,0,1,0,1,4
2026,,2026-04-10,823156,home,SEA,HOU,670042,Luke Raley,20,RF,5,4,1,1,1,0,0,1,0,2,0,2,3
2026,,2026-04-10,823968,away,TEX,LAD,694497,Evan Carter,32,CF,4,3,1,1,0,0,1,2,1,1,1,4,0
2026,,2026-04-10,823968,away,TEX,LAD,694671,Wyatt Langford,36,LF,3,3,1,1,0,0,1,1,0,0,0,4,2
2026,,2026-04-10,823968,away,TEX,LAD,669394,Jake Burger,21,1B,4,4,0,0,0,0,0,0,0,0,0,0,0
2026,,2026-04-10,823968,away,TEX,LAD,592626,Joc Pederson,3,DH,1,1,1,1,0,0,0,0,0,0,0,1,0
2026,,2026-04-10,823968,away,TEX,LAD,608369,Corey Seager,5,SS,5,5,1,1,0,0,1,3,0,3,0,4,2
2026,,2026-04-10,823968,away,TEX,LAD,673962,Josh Jung,6,3B,4,3,0,1,0,0,0,0,1,0,0,1,1
2026,,2026-04-10,823968,away,TEX,LAD,457705,Andrew McCutchen,4,DH,3,3,0,0,0,0,0,0,0,3,0,0,0
2026,,2026-04-10,823968,away,TEX,LAD,677649,Ezequiel Duran,20,3B,2,2,0,1,0,0,0,1,0,1,0,1,0
2026,,2026-04-10,823968,away,TEX,LAD,607043,Brandon Nimmo,24,RF,5,4,1,1,0,0,0,0,1,2,0,1,1
2026,,2026-04-10,823968,away,TEX,LAD,669701,Josh Smith,8,2B,4,4,1,1,0,0,0,0,0,1,0,1,1
2026,,2026-04-10,823968,away,TEX,LAD,643376,Danny Jansen,9,C,4,4,0,1,0,0,0,0,0,3,0,1,1
2026,,2026-04-10,823968,away,TEX,LAD,664059,Sam Haggerty,0,LF,0,0,1,0,0,0,0,0,0,0,1,0,0
2026,,2026-04-10,823968,home,LAD,TEX,669257,Will Smith,16,C,5,5,0,1,0,0,0,0,0,2,0,1,3
2026,,2026-04-10,823968,home,LAD,TEX,663656,Kyle Tucker,23,RF,5,4,0,1,0,0,0,0,1,1,0,1,2
2026,,2026-04-10,823968,home,LAD,TEX,571970,Max Muncy,13,3B,5,5,5,4,0,0,3,3,0,0,0,13,1
2026,,2026-04-10,823968,home,LAD,TEX,518692,Freddie Freeman,5,1B,5,4,0,0,0,0,0,0,1,2,0,0,2
2026,,2026-04-10,823968,home,LAD,TEX,808975,Hyeseong Kim,6,SS,2,1,0,0,0,0,0,1,0,1,0,0,0
2026,,2026-04-10,823968,home,LAD,TEX,669289,Santiago Espinal,21,2B,2,2,0,1,1,0,0,0,0,0,0,2,2
2026,,2026-04-10,823968,home,LAD,TEX,660271,Shohei Ohtani,17,DH,5,4,0,1,0,0,0,0,1,1,0,1,0
2026,,2026-04-10,823968,home,LAD,TEX,606192,Teoscar Hernández,37,LF,4,4,1,1,0,0,0,0,0,0,0,1,1
2026,,2026-04-10,823968,home,LAD,TEX,681624,Andy Pages,44,CF,4,3,2,3,1,0,1,4,1,0,0,7,0
2026,,2026-04-10,823968,home,LAD,TEX,500743,Miguel Rojas,72,SS,2,2,0,2,0,0,0,0,0,0,0,2,0
2026,,2026-04-10,823968,home,LAD,TEX,690976,Alex Freeland,76,2B,2,2,0,1,0,0,0,0,0,0,0,1,1
2026,,2026-04-11,823480,away,ARI,PHI,694374,Tim Tawa,13,LF,4,3,0,0,0,0,0,0,1,1,0,0,0
2026,,2026-04-11,823480,away,ARI,PHI,680728,Adrian Del Castillo,25,C,4,4,0,3,0,0,0,1,0,0,0,3,0
2026,,2026-04-11,823480,away,ARI,PHI,571448,Nolan Arenado,28,3B,4,4,0,0,0,0,0,0,0,2,0,0,3
2026,,2026-04-11,823480,away,ARI,PHI,606466,Ketel Marte,4,2B,4,4,1,1,0,0,1,1,0,0,0,4,2
2026,,2026-04-11,823480,away,ARI,PHI,672695,Geraldo Perdomo,2,SS,4,3,1,0,0,0,0,0,1,1,0,0,1
2026,,2026-04-11,823480,away,ARI,PHI,699912,Jose Fernandez,11,1B,4,4,0,1,0,0,0,1,0,2,0,1,2
2026,,2026-04-11,823480,away,ARI,PHI,682998,Corbin Carroll,7,DH,4,3,1,0,0,0,0,0,1,2,0,0,0
2026,,2026-04-11,823480,away,ARI,PHI,677950,Alek Thomas,5,CF,4,3,0,1,1,0,0,0,0,1,1,2,0
2026,,2026-04-11,823480,away,ARI,PHI,678489,Jorge Barrosa,1,RF,4,4,0,1,0,0,0,0,0,2,0,1,2
2026,,2026-04-11,823480,home,PHI,ARI,669016,Brandon Marsh,16,LF,4,4,0,0,0,0,0,0,0,1,0,0,1
2026,,2026-04-11,823480,home,PHI,ARI,702222,Justin Crawford,2,CF,3,2,1,2,1,0,0,0,1,0,0,3,0
2026,,2026-04-11,823480,home,PHI,ARI,547180,Bryce Harper,3,1B,4,3,1,1,0,0,1,1,1,0,0,4,0
2026,,2026-04-11,823480,home,PHI,ARI,592663,J.T. Realmuto,10,C,4,4,0,0,0,0,0,0,0,3,0,0,3
2026,,2026-04-11,823480,home,PHI,ARI,664761,Alec Bohm,28,3B,4,4,1,0,0,0,0,0,0,1,0,0,0
2026,,2026-04-11,823480,home,PHI,ARI,681082,Bryson Stott,5,2B,4,3,0,1,0,0,0,0,1,0,0,1,1
2026,,2026-04-11,823480,home,PHI,ARI,656941,Kyle Schwarber,12,DH,4,4,1,1,0,0,1,3,0,2,0,4,1
2026,,2026-04-11,823480,home,PHI,ARI,666969,Adolis García,53,RF,4,2,0,0,0,0,0,0,1,2,0,0,1
2026,,2026-04-11,823480,home,PHI,ARI,607208,Trea Turner,7,SS,4,4,0,0,0,0,0,0,0,2,0,0,4
2026,,2026-04-11,824294,away,MIA,DET,681715,Heriberto Hernández,13,LF,4,3,0,1,0,0,0,0,1,1,1,1,1
2026,,2026-04-11,824294,away,MIA,DET,805300,Jakob Marsee,87,CF,5,4,0,0,0,0,0,0,1,2,0,0,3
2026,,2026-04-11,824294,away,MIA,DET,669364,Xavier Edwards,9,2B,4,4,0,0,0,0,0,0,0,0,0,0,3
2026,,2026-04-11,824294,away,MIA,DET,688363,Graham Pauley,21,3B,4,3,0,0,0,0,0,0,1,0,0,0,4
2026,,2026-04-11,824294,away,MIA,DET,689414,Liam Hicks,34,DH,4,4,1,1,0,0,0,0,0,0,0,1,1
2026,,2026-04-11,824294,away,MIA,DET,683357,Owen Caissie,17,RF,4,4,0,0,0,0,0,0,0,2,0,0,4
2026,,2026-04-11,824294,away,MIA,DET,682663,Agustín Ramírez,50,C,4,4,0,1,0,0,0,0,0,1,0,1,3
2026,,2026-04-11,824294,away,MIA,DET,681393,Connor Norby,1,1B,4,3,0,1,1,0,0,1,0,1,0,2,1
2026,,2026-04-11,824294,away,MIA,DET,672640,Otto Lopez,6,SS,4,4,0,2,2,0,0,0,0,0,0,4,0
2026,,2026-04-11,824294,home,DET,MIA,656716,Zach McKinstry,39,2B,4,4,0,0,0,0,0,0,0,1,0,0,4
2026,,2026-04-11,824294,home,DET,MIA,682985,Riley Greene,31,DH,4,3,2,2,0,0,1,4,1,0,1,5,0
2026,,2026-04-11,824294,home,DET,MIA,805808,Kevin McGonigle,7,SS,4,3,2,1,1,0,0,0,1,0,0,2,0
2026,,2026-04-11,824294,home,DET,MIA,681481,Kerry Carpenter,30,LF,4,3,0,1,1,0,0,0,0,0,0,2,2
2026,,2026-04-11,824294,home,DET,MIA,679529,Spencer Torkelson,20,1B,4,2,0,1,0,0,0,1,2,1,0,1,1
2026,,2026-04-11,824294,home,DET,MIA,663837,Matt Vierling,8,CF,3,3,0,0,0,0,0,0,0,2,0,0,2
2026,,2026-04-11,824294,home,DET,MIA,693307,Dillon Dingler,13,C,4,3,1,0,0,0,0,0,0,0,0,0,1
2026,,2026-04-11,824294,home,DET,MIA,690993,Colt Keith,33,3B,4,4,1,1,1,0,0,1,0,2,0,2,1
2026,,2026-04-11,824294,home,DET,MIA,672761,Wenceel Pérez,46,RF,4,4,0,0,0,0,0,0,0,0,0,0,2
2026,,2026-04-11,824697,away,PIT,CHC,694377,Nick Yorke,38,RF,5,4,0,3,1,0,0,0,1,1,0,4,1
2026,,2026-04-11,824697,away,PIT,CHC,687462,Spencer Horwitz,2,1B,4,4,0,1,0,0,0,0,0,0,0,1,4
2026,,2026-04-11,824697,away,PIT,CHC,664040,Brandon Lowe,5,2B,6,4,1,0,0,0,0,0,2,1,0,0,3
2026,,2026-04-11,824697,away,PIT,CHC,668804,Bryan Reynolds,10,LF,5,5,0,2,0,0,0,1,0,1,0,2,3
2026,,2026-04-11,824697,away,PIT,CHC,663698,Joey Bart,14,C,1,1,0,0,0,0,0,0,0,1,0,0,1
2026,,2026-04-11,824697,away,PIT,CHC,665833,Oneil Cruz,15,CF,6,5,1,4,1,0,0,0,1,0,3,5,0
2026,,2026-04-11,824697,away,PIT,CHC,663968,Jake Mangum,28,LF,1,1,0,0,0,0,0,0,0,1,0,0,2
2026,,2026-04-11,824697,away,PIT,CHC,695257,Billy Cook,25,RF,0,0,0,0,0,0,0,0,0,0,0,0,0
2026,,2026-04-11,824697,away,PIT,CHC,680779,Henry Davis,32,C,4,4,0,0,0,0,0,0,0,4,0,0,1
2026,,2026-04-11,824697,away,PIT,CHC,804606,Konnor Griffin,6,SS,5,5,0,1,0,0,0,0,0,2,1,1,2
2026,,2026-04-11,824697,away,PIT,CHC,656811,Ryan O'Hearn,29,1B,5,3,0,0,0,0,0,1,1,0,0,0,2
2026,,2026-04-11,824697,away,PIT,CHC,542303,Marcell Ozuna,24,DH,5,4,1,0,0,0,0,0,1,1,0,0,4
2026,,2026-04-11,824697,away,PIT,CHC,693304,Nick Gonzales,3,3B,1,1,1,0,0,0,0,0,0,0,0,0,2
2026,,2026-04-11,824697,home,CHC,PIT,624424,Michael Conforto,20,RF,5,3,1,1,0,0,0,0,2,1,0,1,0
2026,,2026-04-11,824697,home,CHC,PIT,664023,Ian Happ,8,LF,6,5,0,0,0,0,0,0,1,2,0,0,3
2026,,2026-04-11,824697,home,CHC,PIT,608324,Alex Bregman,3,3B,6,6,0,2,0,0,0,1,0,1,0,2,2
2026,,2026-04-11,824697,home,CHC,PIT,683737,Michael Busch,29,1B,3,3,0,0,0,0,0,0,0,2,0,0,2
2026,,2026-04-11,824697,home,CHC,PIT,608348,Carson Kelly,15,1B,2,1,0,0,0,0,0,0,1,0,0,0,1
2026,,2026-04-11,824697,home,CHC,PIT,691718,Pete Crow-Armstrong,4,CF,5,4,0,1,0,0,0,0,1,3,0,1,3
2026,,2026-04-11,824697,home,CHC,PIT,665804,Miguel Amaya,9,C,5,4,1,0,0,0,0,0,1,4,0,0,5
2026,,2026-04-11,824697,home,CHC,PIT,694208,Moisés Ballesteros,25,DH,2,2,0,2,0,0,0,0,0,0,0,2,0
2026,,2026-04-11,824697,home,CHC,PIT,673548,Seiya Suzuki,27,DH,4,4,0,1,0,0,0,0,0,1,0,1,5
2026,,2026-04-11,824697,home,CHC,PIT,621020,Dansby Swanson,7,SS,5,4,1,1,0,0,0,1,1,0,0,1,4
2026,,2026-04-11,824697,home,CHC,PIT,663538,Nico Hoerner,2,2B,6,6,0,1,0,0,0,1,0,0,0,1,4
2026,,2026-04-11,824697,home,CHC,PIT,807713,Matt Shaw,6,1B,1,1,0,0,0,0,0,0,0,0,0,0,2
2026,,2026-04-11,822830,away,MIN,TOR,605170,Victor Caratini,37,1B,4,3,0,0,0,0,0,0,1,1,0,0,2
2026,,2026-04-11,822830,away,MIN,TOR,686797,Brooks Lee,22,SS,4,4,1,2,0,0,1,1,0,0,0,5,0
2026,,2026-04-11,822830,away,MIN,TOR,668885,Austin Martin,16,RF,4,2,1,1,0,0,0,0,2,1,0,1,0
2026,,2026-04-11,822830,away,MIN,TOR,605137,Josh Bell,56,DH,4,4,1,1,0,0,0,2,0,1,0,1,0
2026,,2026-04-11,822830,away,MIN,TOR,680777,Ryan Jeffers,27,C,4,3,1,0,0,0,0,1,1,0,0,0,1
2026,,2026-04-11,822830,away,MIN,TOR,681546,James Outman,30,LF,0,0,0,0,0,0,0,0,0,0,0,0,0
2026,,2026-04-11,822830,away,MIN,TOR,668952,Ryan Kreidler,5,3B,4,4,0,0,0,0,0,0,0,1,0,0,2
2026,,2026-04-11,822830,away,MIN,TOR,663616,Trevor Larnach,9,LF,4,3,1,1,0,0,1,3,1,0,0,4,1
2026,,2026-04-11,822830,away,MIN,TOR,621439,Byron Buxton,25,CF,5,5,1,1,0,0,0,0,0,1,0,1,0
2026,,2026-04-11,822830,away,MIN,TOR,807712,Luke Keaschall,15,2B,4,3,1,0,0,0,0,0,1,0,0,0,1
2026,,2026-04-11,822830,home,TOR,MIN,676391,Ernie Clement,22,3B,4,4,0,1,0,0,0,0,0,0,0,1,1
2026,,2026-04-11,822830,home,TOR,MIN,662139,Daulton Varsho,5,CF,4,4,1,1,0,0,1,2,0,0,0,4,2
2026,,2026-04-11,822830,home,TOR,MIN,665926,Andrés Giménez,0,SS,3,2,0,0,0,0,0,0,1,1,0,0,0
2026,,2026-04-11,822830,home,TOR,MIN,678218,Brandon Valenzuela,59,C,3,3,0,0,0,0,0,0,0,1,0,0,2
2026,,2026-04-11,822830,home,TOR,MIN,676914,Davis Schneider,36,2B,4,4,0,0,0,0,0,0,0,2,0,0,1
2026,,2026-04-11,822830,home,TOR,MIN,664770,Nathan Lukes,38,RF,4,3,0,0,0,0,0,0,0,0,0,0,1
2026,,2026-04-11,822830,home,TOR,MIN,543807,George Springer,4,DH,2,1,1,0,0,0,0,0,1,0,0,0,0
2026,,2026-04-11,822830,home,TOR,MIN,665489,Vladimir Guerrero Jr.,27,1B,4,4,1,2,0,0,0,0,0,1,0,2,0
2026,,2026-04-11,822830,home,TOR,MIN,660821,Jesús Sánchez,12,LF,4,4,1,1,0,0,1,2,0,0,0,4,1
2026,,2026-04-11,822830,home,TOR,MIN,664702,Myles Straw,3,DH,2,2,0,0,0,0,0,0,0,0,0,0,2
2026,,2026-04-11,824535,away,LAA,CIN,624428,Adam Frazier,20,LF,2,2,0,0,0,0,0,0,0,1,0,0,0
2026,,2026-04-11,824535,away,LAA,CIN,687263,Zach Neto,9,SS,5,4,2,2,1,0,0,0,1,1,0,3,0
2026,,2026-04-11,824535,away,LAA,CIN,624585,Jorge Soler,12,DH,5,4,0,0,0,0,0,0,1,1,0,0,4
2026,,2026-04-11,824535,away,LAA,CIN,660162,Yoán Moncada,10,3B,4,2,1,0,0,0,0,0,2,1,0,0,2
2026,,2026-04-11,824535,away,LAA,CIN,545361,Mike Trout,27,CF,5,3,0,1,1,0,0,2,2,0,0,2,1
2026,,2026-04-11,824535,away,LAA,CIN,666176,Jo Adell,7,RF,5,4,0,1,0,0,0,0,0,1,0,1,3
2026,,2026-04-11,824535,away,LAA,CIN,687093,Vaughn Grissom,5,2B,4,3,0,0,0,0,0,0,1,0,0,0,4
2026,,2026-04-11,824535,away,LAA,CIN,694384,Nolan Schanuel,18,1B,4,3,0,1,0,0,0,1,1,0,0,1,4
2026,,2026-04-11,824535,away,LAA,CIN,669326,Bryce Teodosio,22,LF,2,2,0,0,0,0,0,0,0,1,0,0,3
2026,,2026-04-11,824535,away,LAA,CIN,681351,Logan O'Hoppe,14,C,4,3,0,0,0,0,0,0,1,1,0,0,1
2026,,2026-04-11,824535,home,CIN,LAA,682829,Elly De La Cruz,44,SS,5,4,1,3,2,0,0,0,1,1,2,5,0
2026,,2026-04-11,824535,home,CIN,LAA,667472,Dane Myers,17,CF,0,0,0,0,0,0,0,0,0,0,0,0,0
2026,,2026-04-11,824535,home,CIN,LAA,701398,Sal Stewart,27,1B,5,3,1,0,0,0,0,1,2,1,0,0,3
2026,,2026-04-11,824535,home,CIN,LAA,682622,Noelvi Marte,4,RF,4,4,1,1,0,0,0,0,0,0,0,1,3
2026,,2026-04-11,824535,home,CIN,LAA,663993,Nathaniel Lowe,31,1B,4,4,0,1,1,0,0,3,0,1,0,2,3
2026,,2026-04-11,824535,home,CIN,LAA,680574,Matt McLain,9,2B,1,0,0,0,0,0,0,0,1,0,1,0,0
2026,,2026-04-11,824535,home,CIN,LAA,663647,Ke'Bryan Hayes,3,3B,4,4,0,0,0,0,0,0,0,0,0,0,4
2026,,2026-04-11,824535,home,CIN,LAA,670770,TJ Friedl,29,LF,5,4,1,1,0,0,0,0,1,1,1,1,0
2026,,2026-04-11,824535,home,CIN,LAA,668715,Spencer Steer,7,LF,4,3,2,1,0,0,1,1,1,0,0,4,1
2026,,2026-04-11,824535,home,CIN,LAA,663886,Tyler Stephenson,37,C,4,2,0,0,0,0,0,0,2,0,0,0,0
2026,,2026-04-11,824535,home,CIN,LAA,553993,Eugenio Suárez,28,DH,5,4,1,1,0,0,0,0,1,2,0,1,4
2026,,2026-04-11,823644,away,ATH,NYM,671732,Lawrence Butler,4,RF,5,5,0,1,0,0,0,1,0,3,0,1,3
2026,,2026-04-11,823644,away,ATH,NYM,643446,Jeff McNeil,22,2B,5,5,2,3,0,0,0,0,0,1,0,3,0
2026,,2026-04-11,823644,away,ATH,NYM,666126,Carlos Cortes,26,DH,5,4,1,1,0,0,1,3,1,0,0,4,2
2026,,2026-04-11,823644,away,ATH,NYM,691777,Max Muncy,3,3B,5,5,0,2,0,0,0,0,0,3,0,2,5
2026,,2026-04-11,823644,away,ATH,NYM,672016,Denzel Clarke,1,CF,5,4,1,1,0,0,0,1,1,1,0,1,1
2026,,2026-04-11,823644,away,ATH,NYM,691016,Tyler Soderstrom,21,LF,5,5,2,3,0,0,2,5,0,0,0,9,1
2026,,2026-04-11,823644,away,ATH,NYM,687231,Darell Hernaiz,2,3B,0,0,0,0,0,0,0,0,0,0,0,0,0
2026,,2026-04-11,823644,away,ATH,NYM,701762,Nick Kurtz,16,1B,5,3,1,0,0,0,0,0,2,1,0,0,3
2026,,2026-04-11,823644,away,ATH,NYM,669127,Shea Langeliers,23,C,5,5,2,2,1,0,0,1,0,1,0,3,2
2026,,2026-04-11,823644,away,ATH,NYM,805779,Jacob Wilson,5,SS,5,5,2,2,0,0,0,0,0,1,0,2,1
2026,,2026-04-11,823644,home,NYM,ATH,666182,Bo Bichette,19,3B,5,3,1,2,0,0,1,3,2,1,0,5,0
2026,,2026-04-11,823644,home,NYM,ATH,621438,Tyrone Taylor,28,RF,2,2,0,1,0,0,0,0,0,0,0,1,1
2026,,2026-04-11,823644,home,NYM,ATH,682626,Francisco Alvarez,4,C,4,4,1,2,0,0,1,1,0,0,0,5,0
2026,,2026-04-11,823644,home,NYM,ATH,668901,Mark Vientos,27,1B,5,5,0,0,0,0,0,0,0,1,0,0,5
2026,,2026-04-11,823644,home,NYM,ATH,683146,Brett Baty,7,RF,2,1,0,0,0,0,0,1,0,1,0,0,0
2026,,2026-04-11,823644,home,NYM,ATH,701807,Carson Benge,3,LF,4,3,1,1,0,0,0,0,1,1,1,1,2
2026,,2026-04-11,823644,home,NYM,ATH,543760,Marcus Semien,10,2B,4,4,0,1,0,0,0,0,0,1,0,1,3
2026,,2026-04-11,823644,home,NYM,ATH,596019,Francisco Lindor,12,SS,5,5,1,1,0,0,0,0,0,2,0,1,2
2026,,2026-04-11,823644,home,NYM,ATH,593871,Jorge Polanco,11,DH,5,5,1,1,0,0,1,1,0,1,0,4,4
2026,,2026-04-11,823644,home,NYM,ATH,673357,Luis Robert Jr.,88,CF,5,4,1,1,0,0,0,0,1,2,0,1,2
2026,,2026-04-11,824129,away,CHW,KCR,672820,Lenyn Sosa,50,DH,3,3,0,1,1,0,0,0,0,0,0,2,1
2026,,2026-04-11,824129,away,CHW,KCR,671976,Tristan Peters,29,CF,3,3,0,0,0,0,0,0,0,1,0,0,1
2026,,2026-04-11,824129,away,CHW,KCR,695020,Tanner Murray,41,3B,3,3,0,1,0,0,0,0,0,0,0,1,0
2026,,2026-04-11,824129,away,CHW,KCR,808959,Munetaka Murakami,5,1B,4,3,0,0,0,0,0,0,1,2,0,0,0
2026,,2026-04-11,824129,away,CHW,KCR,687957,Dustin Harris,37,RF,3,3,0,0,0,0,0,0,0,0,0,0,1
2026,,2026-04-11,824129,away,CHW,KCR,805367,Chase Meidroth,10,2B,4,4,0,0,0,0,0,0,0,2,0,0,1
2026,,2026-04-11,824129,away,CHW,KCR,695657,Colson Montgomery,12,SS,4,4,0,0,0,0,0,0,0,0,0,0,2
2026,,2026-04-11,824129,away,CHW,KCR,624512,Reese McGuire,30,C,3,3,0,1,0,0,0,0,0,1,0,1,1
2026,,2026-04-11,824129,away,CHW,KCR,643217,Andrew Benintendi,23,LF,4,4,0,1,1,0,0,0,0,2,0,2,1
2026,,2026-04-11,824129,home,KCR,CHW,695600,Carter Jensen,22,DH,3,3,0,0,0,0,0,0,0,2,0,0,1
2026,,2026-04-11,824129,home,KCR,CHW,663697,Jonathan India,6,2B,3,1,0,0,0,0,0,0,1,0,0,0,0
2026,,2026-04-11,824129,home,KCR,CHW,521692,Salvador Perez,13,C,4,4,0,1,0,0,0,0,0,2,0,1,0
2026,,2026-04-11,824129,home,KCR,CHW,686681,Michael Massey,19,LF,2,2,0,1,0,0,0,0,0,1,0,1,1
2026,,2026-04-11,824129,home,KCR,CHW,686469,Vinnie Pasquantino,9,1B,4,3,0,0,0,0,0,1,0,1,0,0,0
2026,,2026-04-11,824129,home,KCR,CHW,664728,Kyle Isbel,28,CF,3,2,0,0,0,0,0,0,0,0,0,0,1
2026,,2026-04-11,824129,home,KCR,CHW,672580,Maikel Garcia,11,3B,4,4,2,2,1,0,1,1,0,0,0,6,3
2026,,2026-04-11,824129,home,KCR,CHW,657041,Lane Thomas,15,LF,1,1,0,0,0,0,0,0,0,0,0,0,0
2026,,2026-04-11,824129,home,KCR,CHW,695506,Jac Caglianone,14,RF,3,3,0,0,0,0,0,0,0,0,0,0,2
2026,,2026-04-11,824129,home,KCR,CHW,677951,Bobby Witt Jr.,7,SS,4,4,0,0,0,0,0,0,0,0,0,0,1
2026,,2026-04-11,822996,away,NYY,TBR,676609,José Caballero,72,SS,5,5,0,2,1,0,0,3,0,2,0,3,0
2026,,2026-04-11,822996,away,NYY,TBR,545341,Randal Grichuk,34,DH,1,1,2,0,0,0,0,0,0,0,0,0,2
2026,,2026-04-11,822996,away,NYY,TBR,642708,Amed Rosario,14,3B,3,3,0,0,0,0,0,0,0,1,0,0,2
2026,,2026-04-11,822996,away,NYY,TBR,592450,Aaron Judge,99,RF,5,3,0,0,0,0,0,0,2,1,1,0,2
2026,,2026-04-11,822996,away,NYY,TBR,641857,Ryan McMahon,19,3B,2,2,0,1,0,0,0,0,0,0,0,1,0
2026,,2026-04-11,822996,away,NYY,TBR,669224,Austin Wells,28,C,5,5,1,1,0,0,1,1,0,1,0,4,3
2026,,2026-04-11,822996,away,NYY,TBR,700250,Ben Rice,22,1B,5,3,0,1,1,0,0,0,2,1,0,2,2
2026,,2026-04-11,822996,away,NYY,TBR,641355,Cody Bellinger,35,LF,5,5,0,2,0,0,0,0,0,1,1,2,2
2026,,2026-04-11,822996,away,NYY,TBR,519317,Giancarlo Stanton,27,DH,4,3,0,0,0,0,0,0,1,1,0,0,6
2026,,2026-04-11,822996,away,NYY,TBR,665862,Jazz Chisholm Jr.,13,2B,5,5,1,1,1,0,0,0,0,1,0,2,1
2026,,2026-04-11,822996,away,NYY,TBR,663757,Trent Grisham,12,CF,5,3,0,0,0,0,0,0,2,0,0,0,1
2026,,2026-04-11,822996,home,TBR,NYY,670764,Taylor Walls,6,SS,4,3,1,2,0,0,0,1,0,1,0,2,0
2026,,2026-04-11,822996,home,TBR,NYY,668723,Ryan Vilade,26,LF,4,4,0,1,0,0,0,0,0,0,0,1,1
2026,,2026-04-11,822996,home,TBR,NYY,802415,Chandler Simpson,14,LF,1,1,2,1,0,0,0,0,0,0,1,1,0
2026,,2026-04-11,822996,home,TBR,NYY,676356,Jonny DeLuca,21,RF,4,4,0,2,0,0,0,1,0,1,0,2,0
2026,,2026-04-11,822996,home,TBR,NYY,676439,Hunter Feduccia,9,C,1,1,0,0,0,0,0,0,0,1,0,0,3
2026,,2026-04-11,822996,home,TBR,NYY,666018,Jonathan Aranda,8,1B,5,4,0,0,0,0,0,2,0,1,0,0,3
2026,,2026-04-11,822996,home,TBR,NYY,663743,Nick Fortes,40,C,3,3,0,1,1,0,0,0,0,0,0,2,1
2026,,2026-04-11,822996,home,TBR,NYY,650490,Yandy Díaz,2,DH,5,4,0,1,0,0,0,1,1,1,0,1,1
2026,,2026-04-11,822996,home,TBR,NYY,810938,Ben Williamson,15,2B,4,4,0,0,0,0,0,0,0,1,0,0,1
2026,,2026-04-11,822996,home,TBR,NYY,691406,Junior Caminero,13,3B,4,4,1,1,1,0,0,0,0,1,0,2,1
2026,,2026-04-11,822996,home,TBR,NYY,656775,Cedric Mullins,31,CF,4,4,1,0,0,0,0,0,0,1,0,0,2
2026,,2026-04-11,823805,away,WSN,MIL,691781,Brady House,12,3B,4,4,0,0,0,0,0,0,0,1,0,0,5
2026,,2026-04-11,823805,away,WSN,MIL,682928,CJ Abrams,5,SS,4,4,0,1,0,0,0,0,0,0,0,1,0
2026,,2026-04-11,823805,away,WSN,MIL,683083,Nasim Nuñez,26,2B,4,3,2,3,1,0,0,0,1,0,0,4,0
2026,,2026-04-11,823805,away,WSN,MIL,686452,Drew Millas,14,C,0,0,0,0,0,0,0,0,0,0,0,0,0
2026,,2026-04-11,823805,away,WSN,MIL,686894,Joey Wiemer,21,RF,4,4,0,0,0,0,0,0,0,3,0,0,2
2026,,2026-04-11,823805,away,WSN,MIL,678554,Curtis Mead,45,1B,5,3,0,0,0,0,0,0,2,0,0,0,4
2026,,2026-04-11,823805,away,WSN,MIL,695734,Daylen Lile,4,LF,4,4,0,1,0,0,0,0,0,0,0,1,2
2026,,2026-04-11,823805,away,WSN,MIL,677588,José Tena,8,PR,0,0,0,0,0,0,0,0,0,0,0,0,0
2026,,2026-04-11,823805,away,WSN,MIL,695578,James Wood,29,DH,5,3,0,1,1,0,0,2,1,1,0,2,1
2026,,2026-04-11,823805,away,WSN,MIL,696285,Jacob Young,30,CF,4,4,1,2,0,0,0,0,0,0,0,2,0
2026,,2026-04-11,823805,away,WSN,MIL,660688,Keibert Ruiz,20,C,4,3,0,1,1,0,0,1,1,0,0,2,2
2026,,2026-04-11,823805,home,MIL,WSN,650859,Luis Rengifo,13,3B,4,4,0,0,0,0,0,0,0,1,0,0,2
2026,,2026-04-11,823805,home,MIL,WSN,687401,Joey Ortiz,3,SS,4,4,0,1,0,0,0,0,0,0,0,1,3
2026,,2026-04-11,823805,home,MIL,WSN,592885,Christian Yelich,22,DH,4,2,0,0,0,0,0,0,2,1,0,0,0
2026,,2026-04-11,823805,home,MIL,WSN,641343,Jake Bauers,9,1B,2,2,0,0,0,0,0,0,0,0,0,0,4
2026,,2026-04-11,823805,home,MIL,WSN,686217,Sal Frelick,10,RF,4,4,0,0,0,0,0,0,0,2,0,0,3
2026,,2026-04-11,823805,home,MIL,WSN,663604,Brandon Lockridge,20,LF,4,3,0,0,0,0,0,0,1,1,0,0,1
2026,,2026-04-11,823805,home,MIL,WSN,669003,Garrett Mitchell,5,CF,2,1,0,0,0,0,0,0,1,1,0,0,0
2026,,2026-04-11,823805,home,MIL,WSN,663368,Blake Perkins,16,CF,2,2,0,0,0,0,0,0,0,0,0,0,0
2026,,2026-04-11,823805,home,MIL,WSN,661388,William Contreras,24,C,4,4,1,1,0,0,1,1,0,0,0,4,2
2026,,2026-04-11,823805,home,MIL,WSN,668930,Brice Turang,2,2B,4,3,0,0,0,0,0,0,1,1,0,0,0
2026,,2026-04-11,823805,home,MIL,WSN,596142,Gary Sánchez,99,1B,2,1,0,0,0,0,0,0,1,0,0,0,1
2026,,2026-04-11,824857,away,SFG,BAL,669477,Casey Schmitt,10,DH,4,4,0,1,0,0,0,0,0,2,0,1,2
2026,,2026-04-11,824857,away,SFG,BAL,671218,Heliot Ramos,17,LF,4,4,0,2,0,0,0,2,0,0,0,2,2
2026,,2026-04-11,824857,away,SFG,BAL,672275,Patrick Bailey,14,C,3,3,0,0,0,0,0,0,0,0,0,0,3
2026,,2026-04-11,824857,away,SFG,BAL,656305,Matt Chapman,26,3B,4,4,0,1,0,0,0,0,0,0,0,1,3
2026,,2026-04-11,824857,away,SFG,BAL,808982,Jung Hoo Lee,51,RF,4,4,0,2,0,0,0,0,0,0,0,2,1
2026,,2026-04-11,824857,away,SFG,BAL,646240,Rafael Devers,16,1B,4,4,2,1,0,0,0,0,0,1,0,1,4
2026,,2026-04-11,824857,away,SFG,BAL,664056,Harrison Bader,9,CF,4,4,0,1,0,0,0,0,0,2,0,1,1
2026,,2026-04-11,824857,away,SFG,BAL,683766,Christian Koss,50,2B,1,1,0,1,1,0,0,0,0,0,0,2,0
2026,,2026-04-11,824857,away,SFG,BAL,642715,Willy Adames,2,SS,4,3,0,0,0,0,0,0,1,1,0,0,1
2026,,2026-04-11,824857,away,SFG,BAL,650333,Luis Arraez,1,2B,3,3,0,1,0,0,0,0,0,0,0,1,1
2026,,2026-04-11,824857,away,SFG,BAL,691740,Daniel Susac,6,PH,1,1,0,0,0,0,0,0,0,0,0,0,2
2026,,2026-04-11,824857,home,BAL,SFG,669236,Jeremiah Jackson,82,2B,4,4,1,3,1,0,1,2,0,0,0,7,0
2026,,2026-04-11,824857,home,BAL,SFG,694212,Samuel Basallo,29,C,4,4,0,0,0,0,0,0,0,1,0,0,3
2026,,2026-04-11,824857,home,BAL,SFG,683002,Gunnar Henderson,2,SS,5,4,1,1,0,0,1,1,1,2,1,4,3
2026,,2026-04-11,824857,home,BAL,SFG,665750,Leody Taveras,30,CF,4,4,1,0,0,0,0,0,0,1,0,0,3
2026,,2026-04-11,824857,home,BAL,SFG,621493,Taylor Ward,3,LF,4,3,0,0,0,0,0,0,1,2,0,0,1
2026,,2026-04-11,824857,home,BAL,SFG,687637,Dylan Beavers,12,DH,3,2,2,1,0,0,0,0,1,1,1,1,0
2026,,2026-04-11,824857,home,BAL,SFG,663624,Ryan Mountcastle,6,DH,1,1,0,1,1,0,0,0,0,0,0,2,0
2026,,2026-04-11,824857,home,BAL,SFG,624413,Pete Alonso,25,1B,4,3,0,0,0,0,0,0,1,2,1,0,2
2026,,2026-04-11,824857,home,BAL,SFG,681297,Colton Cowser,17,RF,4,4,0,2,0,0,0,1,0,1,0,2,1
2026,,2026-04-11,824857,home,BAL,SFG,691723,Coby Mayo,16,3B,4,4,1,1,0,0,0,2,0,1,0,1,2
2026,,2026-04-11,823074,away,BOS,STL,701350,Roman Anthony,19,DH,5,4,2,1,0,0,0,0,1,2,0,1,3
2026,,2026-04-11,823074,away,BOS,STL,575929,Willson Contreras,40,1B,5,4,0,2,1,0,0,3,0,2,0,3,0
2026,,2026-04-11,823074,away,BOS,STL,596115,Trevor Story,10,SS,5,4,1,0,0,0,0,0,1,1,0,0,4
2026,,2026-04-11,823074,away,BOS,STL,677800,Wilyer Abreu,52,RF,5,4,0,0,0,0,0,0,1,0,0,0,3
2026,,2026-04-11,823074,away,BOS,STL,702332,Caleb Durbin,5,3B,5,5,1,1,0,0,0,2,0,0,0,1,4
2026,,2026-04-11,823074,away,BOS,STL,665966,Carlos Narváez,75,C,4,4,1,2,0,0,0,0,0,0,0,2,4
2026,,2026-04-11,823074,away,BOS,STL,680776,Jarren Duran,16,LF,5,5,1,2,0,0,0,1,0,0,0,2,0
2026,,2026-04-11,823074,away,BOS,STL,678882,Ceddanne Rafaela,3,CF,4,3,1,1,0,0,0,1,0,1,0,1,0
2026,,2026-04-11,823074,away,BOS,STL,691785,Marcelo Mayer,11,2B,4,2,0,1,0,0,0,0,2,0,0,1,1
2026,,2026-04-11,823074,home,STL,BOS,669357,Nolan Gorman,16,3B,4,3,0,0,0,0,0,0,1,2,0,0,0
2026,,2026-04-11,823074,home,STL,BOS,691023,Jordan Walker,18,RF,4,3,1,1,0,0,1,1,1,2,0,4,0
2026,,2026-04-11,823074,home,STL,BOS,701675,Nathan Church,27,CF,2,1,0,0,0,0,0,0,0,0,0,0,2
2026,,2026-04-11,823074,home,STL,BOS,687363,Victor Scott II,11,CF,2,2,0,0,0,0,0,0,0,1,0,0,1
2026,,2026-04-11,823074,home,STL,BOS,665877,José Fermín,15,LF,4,3,0,1,0,0,0,0,0,1,0,1,1
2026,,2026-04-11,823074,home,STL,BOS,802139,JJ Wetherholt,26,2B,4,4,0,1,0,0,0,0,0,0,0,1,0
2026,,2026-04-11,823074,home,STL,BOS,676475,Alec Burleson,41,1B,2,1,0,0,0,0,0,0,1,0,0,0,1
2026,,2026-04-11,823074,home,STL,BOS,695336,Thomas Saggese,25,SS,2,2,0,1,0,0,0,0,0,0,0,1,1
2026,,2026-04-11,823074,home,STL,BOS,650968,Yohel Pozo,63,C,2,2,0,0,0,0,0,0,0,0,0,0,4
2026,,2026-04-11,823074,home,STL,BOS,686780,Pedro Pagés,43,C,2,2,0,0,0,0,0,0,0,0,0,0,1
2026,,2026-04-11,823074,home,STL,BOS,602104,Ramón Urías,29,SS,4,4,0,1,0,0,0,0,0,1,0,1,2
2026,,2026-04-11,823074,home,STL,BOS,671056,Iván Herrera,48,DH,4,4,0,0,0,0,0,0,0,1,0,0,1
2026,,2026-04-11,824939,away,CLE,ATL,800050,Chase DeLauter,24,DH,5,4,0,1,1,0,0,1,1,0,0,2,1
2026,,2026-04-11,824939,away,CLE,ATL,595978,Austin Hedges,27,C,4,3,0,1,0,0,0,0,1,0,0,1,3
2026,,2026-04-11,824939,away,CLE,ATL,682177,Daniel Schneemann,10,CF,3,2,1,1,0,0,0,2,1,1,0,1,2
2026,,2026-04-11,824939,away,CLE,ATL,677587,Brayan Rocchio,4,SS,4,3,0,0,0,0,0,0,1,1,0,0,1
2026,,2026-04-11,824939,away,CLE,ATL,681807,David Fry,6,RF,2,2,0,0,0,0,0,0,0,1,0,0,0
2026,,2026-04-11,824939,away,CLE,ATL,608070,José Ramírez,11,3B,5,4,2,2,0,0,1,1,1,1,2,5,0
2026,,2026-04-11,824939,away,CLE,ATL,680757,Steven Kwan,38,LF,5,4,1,0,0,0,0,0,1,0,1,0,4
2026,,2026-04-11,824939,away,CLE,ATL,682877,Juan Brito,34,2B,4,2,0,0,0,0,0,0,2,0,0,0,1
2026,,2026-04-11,824939,away,CLE,ATL,682657,Angel Martínez,1,RF,5,5,2,2,1,0,0,0,0,0,1,3,0
2026,,2026-04-11,824939,away,CLE,ATL,656555,Rhys Hoskins,8,1B,4,4,0,0,0,0,0,1,0,0,0,0,3
2026,,2026-04-11,824939,home,ATL,CLE,641680,Jonah Heim,20,C,4,4,0,1,0,0,0,0,0,0,0,1,2
2026,,2026-04-11,824939,home,ATL,CLE,663897,Luke Williams,37,LF,0,0,0,0,0,0,0,0,0,0,0,0,0
2026,,2026-04-11,824939,home,ATL,CLE,622761,Jorge Mateo,2,SS,2,2,0,0,0,0,0,0,0,1,0,0,0
2026,,2026-04-11,824939,home,ATL,CLE,643289,Mauricio Dubón,14,SS,4,4,0,0,0,0,0,0,0,1,0,0,2
2026,,2026-04-11,824939,home,ATL,CLE,686948,Drake Baldwin,30,DH,4,3,0,1,0,0,0,0,1,1,0,1,1
2026,,2026-04-11,824939,home,ATL,CLE,621566,Matt Olson,28,1B,4,3,0,1,1,0,0,0,1,1,0,2,2
2026,,2026-04-11,824939,home,ATL,CLE,642086,Dominic Smith,8,PH,1,1,0,0,0,0,0,0,0,0,0,0,1
2026,,2026-04-11,824939,home,ATL,CLE,660670,Ronald Acuña Jr.,13,RF,4,4,0,1,0,1,0,0,0,2,0,3,0
2026,,2026-04-11,824939,home,ATL,CLE,645277,Ozzie Albies,1,2B,4,4,0,1,0,0,0,0,0,1,0,1,1
2026,,2026-04-11,824939,home,ATL,CLE,663586,Austin Riley,27,3B,4,3,0,0,0,0,0,0,1,0,0,0,2
2026,,2026-04-11,824939,home,ATL,CLE,573262,Mike Yastrzemski,18,CF,4,4,0,0,0,0,0,0,0,2,0,0,2
2026,,2026-04-11,823316,away,COL,SDP,666160,Mickey Moniak,22,CF,4,4,2,3,0,0,2,4,0,1,0,9,0
2026,,2026-04-11,823316,away,COL,SDP,664983,Jake McCarthy,31,CF,2,1,0,0,0,0,0,0,1,0,0,0,0
2026,,2026-04-11,823316,away,COL,SDP,687859,Troy Johnston,20,1B,4,4,0,0,0,0,0,0,0,1,0,0,1
2026,,2026-04-11,823316,away,COL,SDP,650489,Willi Castro,3,PH,1,1,0,0,0,0,0,0,0,1,0,0,0
2026,,2026-04-11,823316,away,COL,SDP,671289,Tyler Freeman,2,RF,2,2,0,1,0,0,0,0,0,0,0,1,2
2026,,2026-04-11,823316,away,COL,SDP,666397,Edouard Julien,6,2B,5,3,2,2,0,0,1,1,2,1,1,5,0
2026,,2026-04-11,823316,away,COL,SDP,696100,Hunter Goodman,15,DH,4,4,0,0,0,0,0,0,0,3,0,0,1
2026,,2026-04-11,823316,away,COL,SDP,687597,Jordan Beck,27,LF,3,3,0,0,0,0,0,0,0,1,0,0,0
2026,,2026-04-11,823316,away,COL,SDP,664954,Brett Sullivan,26,C,4,4,0,1,1,0,0,0,0,1,0,2,0
2026,,2026-04-11,823316,away,COL,SDP,678662,Ezequiel Tovar,14,SS,5,5,1,1,1,0,0,0,0,0,0,2,5
2026,,2026-04-11,823316,away,COL,SDP,681198,TJ Rumfield,7,PH,1,1,0,1,0,0,0,0,0,0,0,1,0
2026,,2026-04-11,823316,away,COL,SDP,691720,Kyle Karros,12,3B,3,2,0,0,0,0,0,0,1,1,0,0,0
2026,,2026-04-11,823316,home,SDP,COL,666023,Freddy Fermin,54,C,4,2,2,0,0,0,0,0,1,0,0,0,1
2026,,2026-04-11,823316,home,SDP,COL,592206,Nick Castellanos,21,RF,4,3,0,1,0,0,0,0,1,0,0,1,2
2026,,2026-04-11,823316,home,SDP,COL,701538,Jackson Merrill,3,CF,5,4,1,1,1,0,0,3,1,1,0,2,3
2026,,2026-04-11,823316,home,SDP,COL,657757,Gavin Sheets,30,1B,4,4,0,0,0,0,0,0,0,2,0,0,4
2026,,2026-04-11,823316,home,SDP,COL,657656,Ramón Laureano,5,LF,5,3,3,2,1,0,1,3,2,0,0,6,1
2026,,2026-04-11,823316,home,SDP,COL,592518,Manny Machado,13,3B,5,5,1,1,0,0,1,2,0,0,0,4,5
2026,,2026-04-11,823316,home,SDP,COL,609280,Miguel Andujar,41,DH,4,4,1,2,1,0,0,0,0,0,0,3,0
2026,,2026-04-11,823316,home,SDP,COL,665487,Fernando Tatis Jr.,23,2B,5,4,0,3,1,0,0,1,1,1,1,4,1
2026,,2026-04-11,823316,home,SDP,COL,669369,Bryce Johnson,29,RF,0,0,0,0,0,0,0,0,0,0,0,0,0
2026,,2026-04-11,823316,home,SDP,COL,630105,Jake Cronenworth,9,SS,4,3,1,0,0,0,0,0,1,1,0,0,3
2026,,2026-04-11,823967,away,TEX,LAD,694497,Evan Carter,32,CF,3,2,0,0,0,0,0,0,1,1,0,0,0
2026,,2026-04-11,823967,away,TEX,LAD,669394,Jake Burger,21,1B,4,4,0,0,0,0,0,0,0,0,0,0,1
2026,,2026-04-11,823967,away,TEX,LAD,592626,Joc Pederson,3,DH,2,2,0,0,0,0,0,0,0,2,0,0,0
2026,,2026-04-11,823967,away,TEX,LAD,608369,Corey Seager,5,SS,4,3,0,0,0,0,0,0,1,1,0,0,0
2026,,2026-04-11,823967,away,TEX,LAD,673962,Josh Jung,6,3B,3,3,1,1,0,0,0,0,0,0,0,1,0
2026,,2026-04-11,823967,away,TEX,LAD,457705,Andrew McCutchen,4,DH,2,2,0,0,0,0,0,0,0,2,0,0,2
2026,,2026-04-11,823967,away,TEX,LAD,543309,Kyle Higashioka,11,C,3,3,0,0,0,0,0,0,0,2,0,0,1
2026,,2026-04-11,823967,away,TEX,LAD,677649,Ezequiel Duran,20,2B,4,4,0,0,0,0,0,0,0,2,0,0,1
2026,,2026-04-11,823967,away,TEX,LAD,607043,Brandon Nimmo,24,RF,4,4,2,3,1,0,2,3,0,0,0,10,0
2026,,2026-04-11,823967,away,TEX,LAD,669701,Josh Smith,8,2B,2,2,0,0,0,0,0,0,0,0,0,0,1
2026,,2026-04-11,823967,away,TEX,LAD,664059,Sam Haggerty,0,LF,1,1,0,0,0,0,0,0,0,0,0,0,0
2026,,2026-04-11,823967,away,TEX,LAD,643376,Danny Jansen,9,PH,1,1,0,0,0,0,0,0,0,1,0,0,2
2026,,2026-04-11,823967,home,LAD,TEX,669257,Will Smith,16,C,4,2,2,2,0,0,0,0,2,0,0,2,0
2026,,2026-04-11,823967,home,LAD,TEX,663656,Kyle Tucker,23,RF,4,4,0,0,0,0,0,0,0,1,0,0,2
2026,,2026-04-11,823967,home,LAD,TEX,571970,Max Muncy,13,3B,4,3,0,0,0,0,0,0,1,1,0,0,3
2026,,2026-04-11,823967,home,LAD,TEX,518692,Freddie Freeman,5,1B,4,3,1,1,0,0,0,0,1,0,0,1,2
2026,,2026-04-11,823967,home,LAD,TEX,808975,Hyeseong Kim,6,SS,4,3,0,1,0,0,0,0,1,1,1,1,0
2026,,2026-04-11,823967,home,LAD,TEX,660271,Shohei Ohtani,17,DH,4,4,1,2,0,0,1,1,0,2,0,5,3
2026,,2026-04-11,823967,home,LAD,TEX,606192,Teoscar Hernández,37,LF,4,4,2,2,1,0,1,3,0,0,0,6,2
2026,,2026-04-11,823967,home,LAD,TEX,681624,Andy Pages,44,CF,4,3,0,1,0,0,0,1,1,1,1,1,1
2026,,2026-04-11,823967,home,LAD,TEX,690976,Alex Freeland,76,2B,4,4,0,0,0,0,0,0,0,2,0,0,1
2026,,2026-04-11,823155,away,HOU,SEA,670623,Isaac Paredes,15,3B,5,5,0,1,0,0,0,1,0,1,0,1,2
2026,,2026-04-11,823155,away,HOU,SEA,669397,Nick Allen,20,SS,1,1,0,0,0,0,0,0,0,0,0,0,0
2026,,2026-04-11,823155,away,HOU,SEA,701358,Cam Smith,11,RF,5,5,1,4,2,0,0,2,0,1,0,6,2
2026,,2026-04-11,823155,away,HOU,SEA,514888,Jose Altuve,27,2B,5,4,0,1,0,0,0,0,1,1,0,1,3
2026,,2026-04-11,823155,away,HOU,SEA,666211,Taylor Trammell,26,CF,5,4,1,2,1,0,0,3,1,2,0,3,4
2026,,2026-04-11,823155,away,HOU,SEA,694388,Joey Loperfido,10,LF,5,4,2,2,1,0,0,0,1,2,0,3,1
2026,,2026-04-11,823155,away,HOU,SEA,665161,Jeremy Peña,3,SS,3,3,0,1,0,0,0,0,0,0,0,1,1
2026,,2026-04-11,823155,away,HOU,SEA,621043,Carlos Correa,1,SS,5,5,2,3,1,0,0,0,0,0,0,4,3
2026,,2026-04-11,823155,away,HOU,SEA,572233,Christian Walker,8,1B,2,1,0,0,0,0,0,0,1,0,0,0,0
2026,,2026-04-11,823155,away,HOU,SEA,673237,Yainer Diaz,21,C,5,5,0,0,0,0,0,0,0,2,0,0,9
2026,,2026-04-11,823155,away,HOU,SEA,670541,Yordan Alvarez,44,DH,6,6,1,3,1,0,1,1,0,0,0,7,5
2026,,2026-04-11,823155,home,SEA,HOU,647304,Josh Naylor,12,1B,4,4,0,0,0,0,0,0,0,0,0,0,1
2026,,2026-04-11,823155,home,SEA,HOU,702284,Cole Young,2,2B,4,3,2,1,0,0,0,0,1,1,0,1,1
2026,,2026-04-11,823155,home,SEA,HOU,668227,Randy Arozarena,56,LF,4,3,0,0,0,0,0,0,1,1,0,0,1
2026,,2026-04-11,823155,home,SEA,HOU,641487,J.P. Crawford,3,SS,5,3,2,2,0,0,0,3,2,0,0,2,0
2026,,2026-04-11,823155,home,SEA,HOU,686527,Dominic Canzone,8,DH,2,2,1,1,1,0,0,0,0,0,0,2,0
2026,,2026-04-11,823155,home,SEA,HOU,663728,Cal Raleigh,29,C,4,3,1,1,0,0,1,3,0,0,0,4,1
2026,,2026-04-11,823155,home,SEA,HOU,608701,Rob Refsnyder,30,DH,1,1,0,0,0,0,0,0,0,0,0,0,1
2026,,2026-04-11,823155,home,SEA,HOU,680977,Brendan Donovan,33,PH,1,0,0,0,0,0,0,0,1,0,0,0,0
2026,,2026-04-11,823155,home,SEA,HOU,660844,Leo Rivas,76,3B,4,2,1,0,0,0,0,0,2,2,0,0,0
2026,,2026-04-11,823155,home,SEA,HOU,677594,Julio Rodríguez,44,CF,4,4,1,2,1,0,1,2,0,1,0,6,0
2026,,2026-04-11,823155,home,SEA,HOU,670042,Luke Raley,20,RF,4,4,0,0,0,0,0,0,0,3,0,0,1
2026,,2026-04-12,824859,away,SFG,BAL,669477,Casey Schmitt,10,DH,4,4,2,3,0,0,1,1,0,0,0,6,0
2026,,2026-04-12,824859,away,SFG,BAL,666464,Jerar Encarnacion,19,RF,3,3,0,0,0,0,0,0,0,1,0,0,1
2026,,2026-04-12,824859,away,SFG,BAL,671218,Heliot Ramos,17,LF,3,3,0,1,1,0,0,0,0,1,0,2,1
2026,,2026-04-12,824859,away,SFG,BAL,656305,Matt Chapman,26,3B,4,4,0,0,0,0,0,0,0,1,0,0,1
2026,,2026-04-12,824859,away,SFG,BAL,808982,Jung Hoo Lee,51,CF,4,4,0,0,0,0,0,0,0,0,0,0,2
2026,,2026-04-12,824859,away,SFG,BAL,646240,Rafael Devers,16,1B,4,4,0,1,0,0,0,0,0,3,0,1,1
2026,,2026-04-12,824859,away,SFG,BAL,666931,Jared Oliva,56,PH,1,1,0,0,0,0,0,0,0,0,0,0,0
2026,,2026-04-12,824859,away,SFG,BAL,683766,Christian Koss,50,2B,3,3,0,0,0,0,0,0,0,0,0,0,0
2026,,2026-04-12,824859,away,SFG,BAL,642715,Willy Adames,2,SS,4,4,0,1,1,0,0,0,0,0,0,2,0
2026,,2026-04-12,824859,away,SFG,BAL,691740,Daniel Susac,6,C,3,3,0,1,0,0,0,1,0,1,0,1,1
2026,,2026-04-12,824859,home,BAL,SFG,669236,Jeremiah Jackson,82,2B,4,4,0,1,0,0,0,0,0,2,0,1,1
2026,,2026-04-12,824859,home,BAL,SFG,694212,Samuel Basallo,29,C,4,3,1,1,0,0,1,2,1,0,0,4,2
2026,,2026-04-12,824859,home,BAL,SFG,683002,Gunnar Henderson,2,SS,5,5,1,1,0,0,0,0,0,1,1,1,2
2026,,2026-04-12,824859,home,BAL,SFG,665750,Leody Taveras,30,CF,4,4,1,2,1,0,0,0,0,1,0,3,3
2026,,2026-04-12,824859,home,BAL,SFG,621493,Taylor Ward,3,LF,5,4,2,2,0,0,0,0,1,0,0,2,1
2026,,2026-04-12,824859,home,BAL,SFG,687637,Dylan Beavers,12,DH,3,3,0,0,0,0,0,0,0,1,0,0,2
2026,,2026-04-12,824859,home,BAL,SFG,671286,Johnathan Rodríguez,62,DH,1,0,0,0,0,0,0,0,1,0,0,0,0
2026,,2026-04-12,824859,home,BAL,SFG,624413,Pete Alonso,25,1B,5,4,1,2,1,0,0,2,1,0,0,3,3
2026,,2026-04-12,824859,home,BAL,SFG,681297,Colton Cowser,17,RF,4,3,0,1,0,0,0,1,1,1,0,1,2
2026,,2026-04-12,824859,home,BAL,SFG,691723,Coby Mayo,16,3B,4,4,0,1,0,0,0,1,0,1,0,1,4
2026,,2026-04-12,823479,away,ARI,PHI,694374,Tim Tawa,13,LF,3,3,0,0,0,0,0,0,0,1,0,0,3
2026,,2026-04-12,823479,away,ARI,PHI,680728,Adrian Del Castillo,25,PH,1,1,0,1,0,0,0,1,0,0,0,1,0
2026,,2026-04-12,823479,away,ARI,PHI,571448,Nolan Arenado,28,3B,3,2,1,1,0,0,0,1,0,0,0,1,0
2026,,2026-04-12,823479,away,ARI,PHI,606466,Ketel Marte,4,2B,1,0,0,0,0,0,0,0,1,0,0,0,0
2026,,2026-04-12,823479,away,ARI,PHI,663609,Luken Baker,21,1B,0,0,0,0,0,0,0,0,0,0,0,0,0
2026,,2026-04-12,823479,away,ARI,PHI,545121,Ildemaro Vargas,6,LF,5,5,1,1,1,0,0,0,0,1,0,2,1
2026,,2026-04-12,823479,away,ARI,PHI,672695,Geraldo Perdomo,2,SS,4,4,1,0,0,0,0,0,0,0,1,0,4
2026,,2026-04-12,823479,away,ARI,PHI,699912,Jose Fernandez,11,3B,4,4,1,2,0,0,0,1,0,1,0,2,1
2026,,2026-04-12,823479,away,ARI,PHI,682998,Corbin Carroll,7,DH,5,4,0,2,1,0,0,0,1,1,0,3,0
2026,,2026-04-12,823479,away,ARI,PHI,543510,James McCann,8,C,4,4,0,2,1,0,0,1,0,2,0,3,2
2026,,2026-04-12,823479,away,ARI,PHI,677950,Alek Thomas,5,CF,4,3,0,0,0,0,0,0,0,2,0,0,3
2026,,2026-04-12,823479,away,ARI,PHI,678489,Jorge Barrosa,1,RF,4,4,0,0,0,0,0,0,0,3,0,0,2
2026,,2026-04-12,823479,home,PHI,ARI,669016,Brandon Marsh,16,LF,4,4,0,2,0,0,0,0,0,0,0,2,0
2026,,2026-04-12,823479,home,PHI,ARI,702222,Justin Crawford,2,CF,4,4,1,1,1,0,0,0,0,1,0,2,0
2026,,2026-04-12,823479,home,PHI,ARI,547180,Bryce Harper,3,1B,4,3,0,2,1,0,0,1,1,0,0,3,1
2026,,2026-04-12,823479,home,PHI,ARI,664761,Alec Bohm,28,3B,4,3,0,0,0,0,0,0,1,1,0,0,2
2026,,2026-04-12,823479,home,PHI,ARI,681082,Bryson Stott,5,2B,4,4,0,1,0,0,0,0,0,1,1,1,4
2026,,2026-04-12,823479,home,PHI,ARI,656941,Kyle Schwarber,12,DH,4,4,1,2,1,0,0,0,0,1,0,3,1
2026,,2026-04-12,823479,home,PHI,ARI,665561,Rafael Marchán,13,C,4,4,0,0,0,0,0,0,0,0,0,0,2
2026,,2026-04-12,823479,home,PHI,ARI,666969,Adolis García,53,RF,4,4,0,0,0,0,0,0,0,1,0,0,5
2026,,2026-04-12,823479,home,PHI,ARI,607208,Trea Turner,7,SS,4,4,1,2,0,0,1,2,0,0,0,5,0
2026,,2026-04-12,822828,away,MIN,TOR,605170,Victor Caratini,37,C,4,3,0,1,0,0,0,1,0,1,0,1,2
2026,,2026-04-12,822828,away,MIN,TOR,665019,Kody Clemens,2,1B,5,5,1,1,0,0,1,1,0,2,0,4,2
2026,,2026-04-12,822828,away,MIN,TOR,686797,Brooks Lee,22,SS,4,4,0,1,1,0,0,2,0,1,0,2,0
2026,,2026-04-12,822828,away,MIN,TOR,668885,Austin Martin,16,LF,0,0,0,0,0,0,0,0,0,0,0,0,0
2026,,2026-04-12,822828,away,MIN,TOR,656484,Tristan Gray,4,3B,4,3,1,1,0,0,1,3,0,0,0,4,1
2026,,2026-04-12,822828,away,MIN,TOR,605137,Josh Bell,56,DH,4,2,2,0,0,0,0,0,2,1,0,0,1
2026,,2026-04-12,822828,away,MIN,TOR,681546,James Outman,30,CF,4,4,0,0,0,0,0,0,0,2,0,0,2
2026,,2026-04-12,822828,away,MIN,TOR,663616,Trevor Larnach,9,LF,5,5,1,1,0,0,0,0,0,2,0,1,0
2026,,2026-04-12,822828,away,MIN,TOR,670242,Matt Wallner,38,RF,4,3,2,1,0,0,0,1,0,1,0,1,1
2026,,2026-04-12,822828,away,MIN,TOR,807712,Luke Keaschall,15,2B,4,4,1,2,0,0,0,0,0,2,1,2,0
2026,,2026-04-12,822828,home,TOR,MIN,676391,Ernie Clement,22,2B,5,5,2,3,1,0,0,0,0,0,0,4,2
2026,,2026-04-12,822828,home,TOR,MIN,662139,Daulton Varsho,5,CF,5,5,0,3,1,0,0,1,0,0,0,4,4
2026,,2026-04-12,822828,home,TOR,MIN,665926,Andrés Giménez,0,SS,4,4,0,2,1,0,0,0,0,1,0,3,1
2026,,2026-04-12,822828,home,TOR,MIN,678218,Brandon Valenzuela,59,C,4,3,0,0,0,0,0,0,1,2,0,0,3
2026,,2026-04-12,822828,home,TOR,MIN,664770,Nathan Lukes,38,RF,4,4,0,0,0,0,0,0,0,1,0,0,2
2026,,2026-04-12,822828,home,TOR,MIN,665489,Vladimir Guerrero Jr.,27,1B,5,3,0,1,0,0,0,0,2,0,0,1,1
2026,,2026-04-12,822828,home,TOR,MIN,660821,Jesús Sánchez,12,LF,5,4,0,1,0,0,0,1,0,2,0,1,5
2026,,2026-04-12,822828,home,TOR,MIN,650391,Eloy Jiménez,74,DH,4,4,0,2,0,0,0,0,0,2,0,2,0
2026,,2026-04-12,822828,home,TOR,MIN,672960,Kazuma Okamoto,7,3B,5,4,0,0,0,0,0,0,1,1,0,0,5
2026,,2026-04-12,824533,away,LAA,CIN,672724,Oswald Peraza,2,3B,5,5,1,1,0,0,1,2,0,0,0,4,5
2026,,2026-04-12,824533,away,LAA,CIN,687263,Zach Neto,9,SS,6,3,1,0,0,0,0,0,3,0,0,0,2
2026,,2026-04-12,824533,away,LAA,CIN,624585,Jorge Soler,12,DH,5,3,0,0,0,0,0,1,1,0,0,0,4
2026,,2026-04-12,824533,away,LAA,CIN,545361,Mike Trout,27,CF,5,4,3,2,1,0,0,1,1,0,0,3,1
2026,,2026-04-12,824533,away,LAA,CIN,666176,Jo Adell,7,RF,5,5,1,2,0,0,0,1,0,0,0,2,3
2026,,2026-04-12,824533,away,LAA,CIN,687093,Vaughn Grissom,5,2B,5,4,1,1,0,0,0,0,0,0,0,1,2
2026,,2026-04-12,824533,away,LAA,CIN,694384,Nolan Schanuel,18,1B,5,3,1,2,0,0,0,3,2,0,0,2,0
2026,,2026-04-12,824533,away,LAA,CIN,666139,Josh Lowe,3,LF,0,0,0,0,0,0,0,0,0,0,0,0,0
2026,,2026-04-12,824533,away,LAA,CIN,669326,Bryce Teodosio,22,CF,5,4,1,0,0,0,0,0,1,2,1,0,3
2026,,2026-04-12,824533,away,LAA,CIN,681351,Logan O'Hoppe,14,C,5,4,0,2,1,0,0,1,1,1,0,3,3
2026,,2026-04-12,824533,home,CIN,LAA,682829,Elly De La Cruz,44,SS,5,5,2,2,0,0,1,3,0,1,0,5,1
2026,,2026-04-12,824533,home,CIN,LAA,667472,Dane Myers,17,PH,1,1,1,1,0,0,0,0,0,0,0,1,0
2026,,2026-04-12,824533,home,CIN,LAA,701398,Sal Stewart,27,3B,5,5,1,1,0,0,0,1,0,1,0,1,1
2026,,2026-04-12,824533,home,CIN,LAA,682622,Noelvi Marte,4,RF,4,4,0,0,0,0,0,0,0,1,0,0,1
2026,,2026-04-12,824533,home,CIN,LAA,663993,Nathaniel Lowe,31,DH,4,1,0,0,0,0,0,0,3,1,0,0,2
2026,,2026-04-12,824533,home,CIN,LAA,680574,Matt McLain,9,2B,5,5,0,1,0,0,0,0,0,1,0,1,4
2026,,2026-04-12,824533,home,CIN,LAA,666181,Will Benson,30,LF,1,0,0,0,0,0,0,0,1,0,0,0,0
2026,,2026-04-12,824533,home,CIN,LAA,670770,TJ Friedl,29,CF,5,3,2,0,0,0,0,0,1,2,0,0,1
2026,,2026-04-12,824533,home,CIN,LAA,664731,P.J. Higgins,65,C,3,3,0,1,0,0,0,0,0,1,0,1,0
2026,,2026-04-12,824533,home,CIN,LAA,668715,Spencer Steer,7,1B,4,4,0,0,0,0,0,0,0,3,0,0,4
2026,,2026-04-12,824533,home,CIN,LAA,553993,Eugenio Suárez,28,3B,3,2,0,0,0,0,0,0,1,1,0,0,0
2026,,2026-04-12,823642,away,ATH,NYM,671732,Lawrence Butler,4,RF,4,4,0,0,0,0,0,0,0,1,0,0,0
2026,,2026-04-12,823642,away,ATH,NYM,643446,Jeff McNeil,22,2B,4,4,0,1,1,0,0,0,0,0,0,2,1
2026,,2026-04-12,823642,away,ATH,NYM,666126,Carlos Cortes,26,DH,3,3,0,1,0,0,0,0,0,0,0,1,0
2026,,2026-04-12,823642,away,ATH,NYM,691777,Max Muncy,3,3B,4,3,0,0,0,0,0,0,1,1,0,0,1
2026,,2026-04-12,823642,away,ATH,NYM,672016,Denzel Clarke,1,CF,3,3,0,0,0,0,0,0,0,1,0,0,4
2026,,2026-04-12,823642,away,ATH,NYM,691016,Tyler Soderstrom,21,LF,4,4,0,0,0,0,0,0,0,1,0,0,2
2026,,2026-04-12,823642,away,ATH,NYM,687231,Darell Hernaiz,2,SS,3,2,0,0,0,0,0,0,1,2,1,0,2
2026,,2026-04-12,823642,away,ATH,NYM,701762,Nick Kurtz,16,1B,4,3,1,1,0,0,1,1,1,2,0,4,0
2026,,2026-04-12,823642,away,ATH,NYM,669127,Shea Langeliers,23,C,4,4,0,1,0,0,0,0,0,2,0,1,1
2026,,2026-04-12,823642,away,ATH,NYM,628451,Andy Ibáñez,77,DH,1,1,0,0,0,0,0,0,0,0,0,0,0
2026,,2026-04-12,823642,home,NYM,ATH,620443,Luis Torrens,13,C,3,3,0,1,0,0,0,0,0,0,0,1,0
2026,,2026-04-12,823642,home,NYM,ATH,666182,Bo Bichette,19,3B,4,4,0,0,0,0,0,0,0,2,0,0,1
2026,,2026-04-12,823642,home,NYM,ATH,621438,Tyrone Taylor,28,LF,3,2,0,0,0,0,0,0,1,0,0,0,1
2026,,2026-04-12,823642,home,NYM,ATH,668901,Mark Vientos,27,1B,2,2,0,0,0,0,0,0,0,0,0,0,2
2026,,2026-04-12,823642,home,NYM,ATH,683146,Brett Baty,7,RF,3,3,0,0,0,0,0,0,0,1,0,0,0
2026,,2026-04-12,823642,home,NYM,ATH,701807,Carson Benge,3,CF,3,3,0,0,0,0,0,0,0,0,0,0,0
2026,,2026-04-12,823642,home,NYM,ATH,543760,Marcus Semien,10,2B,3,3,0,0,0,0,0,0,0,0,0,0,0
2026,,2026-04-12,823642,home,NYM,ATH,596019,Francisco Lindor,12,SS,4,4,0,2,0,0,0,0,0,0,0,2,1
2026,,2026-04-12,823642,home,NYM,ATH,593871,Jorge Polanco,11,DH,4,4,0,0,0,0,0,0,0,2,0,0,3
2026,,2026-04-12,823642,home,NYM,ATH,676724,Jared Young,29,1B,2,2,0,1,0,0,0,0,0,0,0,1,0
2026,,2026-04-12,824293,away,MIA,DET,681715,Heriberto Hernández,13,LF,4,3,0,0,0,0,0,0,1,2,0,0,0
2026,,2026-04-12,824293,away,MIA,DET,805300,Jakob Marsee,87,CF,4,4,1,1,0,1,0,0,0,1,0,3,1
2026,,2026-04-12,824293,away,MIA,DET,691594,Javier Sanoja,8,3B,3,3,0,0,0,0,0,0,0,0,0,0,0
2026,,2026-04-12,824293,away,MIA,DET,691277,Deyvison De Los Santos,63,DH,2,2,0,0,0,0,0,0,0,2,0,0,0
2026,,2026-04-12,824293,away,MIA,DET,669364,Xavier Edwards,9,2B,4,4,0,1,0,0,0,0,0,0,0,1,2
2026,,2026-04-12,824293,away,MIA,DET,689414,Liam Hicks,34,DH,1,1,0,0,0,0,0,0,0,0,0,0,2
2026,,2026-04-12,824293,away,MIA,DET,682663,Agustín Ramírez,50,C,4,4,0,0,0,0,0,0,0,1,0,0,3
2026,,2026-04-12,824293,away,MIA,DET,681393,Connor Norby,1,1B,4,3,0,1,0,0,0,0,0,2,0,1,1
2026,,2026-04-12,824293,away,MIA,DET,596103,Austin Slater,15,RF,4,3,0,2,0,0,0,0,1,0,0,2,0
2026,,2026-04-12,824293,away,MIA,DET,672640,Otto Lopez,6,SS,4,3,1,1,0,0,1,2,0,0,0,4,0
2026,,2026-04-12,824293,home,DET,MIA,656716,Zach McKinstry,39,3B,4,4,0,1,0,0,0,0,0,0,0,1,1
2026,,2026-04-12,824293,home,DET,MIA,682985,Riley Greene,31,LF,4,3,2,2,0,0,0,0,1,1,0,2,1
2026,,2026-04-12,824293,home,DET,MIA,595879,Javier Báez,28,CF,4,4,0,1,0,0,0,1,0,1,0,1,0
2026,,2026-04-12,824293,home,DET,MIA,805808,Kevin McGonigle,7,SS,5,4,2,3,0,0,1,1,1,0,0,6,0
2026,,2026-04-12,824293,home,DET,MIA,681481,Kerry Carpenter,30,RF,4,3,1,1,0,0,1,2,1,1,0,4,1
2026,,2026-04-12,824293,home,DET,MIA,679529,Spencer Torkelson,20,1B,4,4,1,1,0,0,0,0,0,1,0,1,2
2026,,2026-04-12,824293,home,DET,MIA,650402,Gleyber Torres,25,2B,5,5,0,1,0,0,0,0,0,1,0,1,4
2026,,2026-04-12,824293,home,DET,MIA,693307,Dillon Dingler,13,C,4,4,1,1,0,0,1,3,0,0,0,4,2
2026,,2026-04-12,824293,home,DET,MIA,690993,Colt Keith,33,DH,5,5,1,1,0,0,0,0,0,1,0,1,5
2026,,2026-04-12,822998,away,NYY,TBR,676609,José Caballero,72,SS,3,3,0,0,0,0,0,0,0,1,0,0,1
2026,,2026-04-12,822998,away,NYY,TBR,545341,Randal Grichuk,34,RF,2,2,0,0,0,0,0,0,0,1,0,0,1
2026,,2026-04-12,822998,away,NYY,TBR,642708,Amed Rosario,14,RF,1,1,0,1,1,0,0,0,0,0,0,2,0
2026,,2026-04-12,822998,away,NYY,TBR,592450,Aaron Judge,99,DH,4,3,2,1,0,0,1,2,1,1,0,4,0
2026,,2026-04-12,822998,away,NYY,TBR,641857,Ryan McMahon,19,3B,4,4,0,1,0,0,0,0,0,1,0,1,2
2026,,2026-04-12,822998,away,NYY,TBR,669224,Austin Wells,28,C,2,1,0,0,0,0,0,0,1,0,0,0,1
2026,,2026-04-12,822998,away,NYY,TBR,700250,Ben Rice,22,1B,4,4,2,2,1,0,0,0,0,2,0,3,0
2026,,2026-04-12,822998,away,NYY,TBR,641555,J.C. Escarra,25,C,2,2,0,0,0,0,0,0,0,0,0,0,1
2026,,2026-04-12,822998,away,NYY,TBR,641355,Cody Bellinger,35,LF,4,4,0,1,0,0,0,1,0,1,0,1,0
2026,,2026-04-12,822998,away,NYY,TBR,519317,Giancarlo Stanton,27,PH,1,1,0,0,0,0,0,1,0,0,0,0,1
2026,,2026-04-12,822998,away,NYY,TBR,665862,Jazz Chisholm Jr.,13,2B,4,4,0,1,1,0,0,0,0,0,0,2,2
2026,,2026-04-12,822998,away,NYY,TBR,663757,Trent Grisham,12,CF,4,4,0,0,0,0,0,0,0,1,0,0,0
2026,,2026-04-12,822998,home,TBR,NYY,670764,Taylor Walls,6,SS,4,3,1,2,0,0,0,1,0,1,1,2,0
2026,,2026-04-12,822998,home,TBR,NYY,680700,Richie Palacios,1,2B,3,3,0,0,0,0,0,1,0,1,0,0,0
2026,,2026-04-12,822998,home,TBR,NYY,641584,Jake Fraley,17,RF,4,4,1,1,0,0,0,0,0,2,0,1,4
2026,,2026-04-12,822998,home,TBR,NYY,802415,Chandler Simpson,14,LF,4,4,2,3,0,1,0,1,0,0,1,5,0
2026,,2026-04-12,822998,home,TBR,NYY,676439,Hunter Feduccia,9,C,2,2,0,0,0,0,0,0,0,1,0,0,1
2026,,2026-04-12,822998,home,TBR,NYY,666018,Jonathan Aranda,8,1B,4,4,0,0,0,0,0,0,0,3,0,0,3
2026,,2026-04-12,822998,home,TBR,NYY,663743,Nick Fortes,40,C,2,2,0,0,0,0,0,0,0,0,0,0,3
2026,,2026-04-12,822998,home,TBR,NYY,650490,Yandy Díaz,2,DH,4,3,0,1,0,0,0,1,1,0,0,1,1
2026,,2026-04-12,822998,home,TBR,NYY,810938,Ben Williamson,15,2B,1,1,0,1,0,0,0,0,0,0,0,1,0
2026,,2026-04-12,822998,home,TBR,NYY,691406,Junior Caminero,13,3B,4,3,0,2,0,0,0,1,0,1,0,2,1
2026,,2026-04-12,822998,home,TBR,NYY,656775,Cedric Mullins,31,CF,4,3,1,1,0,1,0,0,0,0,0,3,1
2026,,2026-04-12,824126,away,CHW,KCR,672820,Lenyn Sosa,,DH,5,5,1,2,0,0,0,0,0,2,0,2,3
2026,,2026-04-12,824126,away,CHW,KCR,671976,Tristan Peters,29,LF,0,0,0,0,0,0,0,0,0,0,0,0,0
2026,,2026-04-12,824126,away,CHW,KCR,695020,Tanner Murray,41,LF,2,2,1,1,0,0,1,2,0,0,0,4,0
2026,,2026-04-12,824126,away,CHW,KCR,682668,Luisangel Acuña,0,CF,4,4,0,0,0,0,0,0,0,1,0,0,4
2026,,2026-04-12,824126,away,CHW,KCR,687957,Dustin Harris,37,RF,2,2,1,1,1,0,0,0,0,0,0,2,1
2026,,2026-04-12,824126,away,CHW,KCR,808959,Munetaka Murakami,5,1B,5,3,1,0,0,0,0,0,2,1,0,0,1
2026,,2026-04-12,824126,away,CHW,KCR,805367,Chase Meidroth,10,2B,5,3,0,0,0,0,0,0,1,0,0,0,0
2026,,2026-04-12,824126,away,CHW,KCR,695657,Colson Montgomery,12,SS,4,3,2,2,1,0,1,2,0,0,0,6,3
2026,,2026-04-12,824126,away,CHW,KCR,700337,Edgar Quero,26,C,4,3,0,0,0,0,0,0,1,1,0,0,3
2026,,2026-04-12,824126,away,CHW,KCR,643217,Andrew Benintendi,23,LF,2,1,0,0,0,0,0,1,1,1,0,0,1
2026,,2026-04-12,824126,away,CHW,KCR,656537,Derek Hill,25,RF,2,2,0,1,0,0,0,0,0,1,0,1,0
2026,,2026-04-12,824126,away,CHW,KCR,678246,Miguel Vargas,20,3B,5,4,0,0,0,0,0,0,0,2,0,0,0
2026,,2026-04-12,824126,home,KCR,CHW,695600,Carter Jensen,22,C,4,4,0,2,0,0,0,1,0,0,0,2,1
2026,,2026-04-12,824126,home,KCR,CHW,686555,Isaac Collins,1,LF,4,4,2,2,0,0,0,1,0,0,0,2,0
2026,,2026-04-12,824126,home,KCR,CHW,521692,Salvador Perez,13,DH,4,4,0,0,0,0,0,0,0,2,0,0,4
2026,,2026-04-12,824126,home,KCR,CHW,686681,Michael Massey,19,2B,4,4,0,0,0,0,0,0,0,1,0,0,4
2026,,2026-04-12,824126,home,KCR,CHW,686469,Vinnie Pasquantino,9,1B,5,4,0,0,0,0,0,1,1,1,0,0,2
2026,,2026-04-12,824126,home,KCR,CHW,664728,Kyle Isbel,28,CF,4,2,1,0,0,0,0,0,1,2,0,0,1
2026,,2026-04-12,824126,home,KCR,CHW,672580,Maikel Garcia,11,3B,5,4,1,0,0,0,0,0,1,0,0,0,2
2026,,2026-04-12,824126,home,KCR,CHW,695506,Jac Caglianone,14,RF,4,4,1,1,1,0,0,0,0,2,0,2,0
2026,,2026-04-12,824126,home,KCR,CHW,677951,Bobby Witt Jr.,7,SS,5,2,0,1,0,0,0,2,3,1,0,1,0
2026,,2026-04-12,823804,away,WSN,MIL,691781,Brady House,12,DH,5,5,0,1,0,0,0,1,0,2,0,1,1
2026,,2026-04-12,823804,away,WSN,MIL,682928,CJ Abrams,5,SS,5,4,1,2,0,0,0,1,0,1,0,2,0
2026,,2026-04-12,823804,away,WSN,MIL,683083,Nasim Nuñez,26,2B,4,4,0,0,0,0,0,0,0,2,0,0,3
2026,,2026-04-12,823804,away,WSN,MIL,686452,Drew Millas,14,C,2,2,0,0,0,0,0,0,0,1,0,0,1
2026,,2026-04-12,823804,away,WSN,MIL,678391,Jorbit Vivas,84,3B,4,3,0,1,0,0,0,0,0,0,0,1,1
2026,,2026-04-12,823804,away,WSN,MIL,678554,Curtis Mead,45,1B,2,2,1,1,0,0,0,1,0,0,1,1,0
2026,,2026-04-12,823804,away,WSN,MIL,695734,Daylen Lile,4,LF,5,5,0,2,1,0,0,0,0,0,0,3,1
2026,,2026-04-12,823804,away,WSN,MIL,677588,José Tena,8,PH,1,1,1,1,0,0,0,1,0,0,0,1,0
2026,,2026-04-12,823804,away,WSN,MIL,695578,James Wood,29,RF,5,3,2,1,0,0,1,1,2,1,1,4,1
2026,,2026-04-12,823804,away,WSN,MIL,696285,Jacob Young,30,CF,5,5,2,2,1,0,0,0,0,0,0,3,3
2026,,2026-04-12,823804,away,WSN,MIL,660688,Keibert Ruiz,20,C,1,1,0,1,0,0,0,2,0,0,0,1,0
2026,,2026-04-12,823804,away,WSN,MIL,671277,Luis García Jr.,2,1B,3,3,1,0,0,0,0,0,0,0,0,0,2
2026,,2026-04-12,823804,home,MIL,WSN,650859,Luis Rengifo,13,3B,1,1,0,0,0,0,0,0,0,0,0,0,0
2026,,2026-04-12,823804,home,MIL,WSN,687401,Joey Ortiz,3,SS,4,4,0,0,0,0,0,0,0,1,0,0,0
2026,,2026-04-12,823804,home,MIL,WSN,592885,Christian Yelich,22,DH,2,2,0,0,0,0,0,0,0,0,0,0,2
2026,,2026-04-12,823804,home,MIL,WSN,641343,Jake Bauers,9,1B,4,4,1,2,0,0,1,1,0,0,0,5,1
2026,,2026-04-12,823804,home,MIL,WSN,686217,Sal Frelick,10,RF,4,4,0,0,0,0,0,0,0,0,0,0,1
2026,,2026-04-12,823804,home,MIL,WSN,663604,Brandon Lockridge,20,LF,4,4,0,1,0,0,0,0,0,1,0,1,1
2026,,2026-04-12,823804,home,MIL,WSN,669003,Garrett Mitchell,5,CF,4,4,0,1,0,0,0,0,0,2,0,1,1
2026,,2026-04-12,823804,home,MIL,WSN,666152,David Hamilton,6,3B,3,3,0,0,0,0,0,0,0,0,0,0,1
2026,,2026-04-12,823804,home,MIL,WSN,661388,William Contreras,24,C,5,4,1,1,0,0,0,0,1,1,0,1,1
2026,,2026-04-12,823804,home,MIL,WSN,668930,Brice Turang,2,2B,5,4,3,3,0,0,2,2,1,0,0,9,0
2026,,2026-04-12,823804,home,MIL,WSN,596142,Gary Sánchez,99,DH,2,2,1,1,0,0,1,3,0,0,0,4,0
2026,,2026-04-12,823075,away,BOS,STL,701350,Roman Anthony,19,DH,5,5,0,0,0,0,0,1,0,0,0,0,4
2026,,2026-04-12,823075,away,BOS,STL,575929,Willson Contreras,40,1B,5,5,1,4,0,0,1,3,0,0,0,7,1
2026,,2026-04-12,823075,away,BOS,STL,657136,Connor Wong,12,C,4,4,1,1,0,0,0,0,0,0,0,1,3
2026,,2026-04-12,823075,away,BOS,STL,596115,Trevor Story,10,SS,5,5,1,4,1,0,0,2,0,0,0,5,1
2026,,2026-04-12,823075,away,BOS,STL,677800,Wilyer Abreu,52,RF,5,4,1,0,0,0,0,0,1,1,0,0,3
2026,,2026-04-12,823075,away,BOS,STL,702332,Caleb Durbin,5,3B,5,3,2,0,0,0,0,0,1,0,0,0,2
2026,,2026-04-12,823075,away,BOS,STL,680776,Jarren Duran,16,LF,5,4,2,1,1,0,0,3,1,2,0,2,1
2026,,2026-04-12,823075,away,BOS,STL,678882,Ceddanne Rafaela,3,CF,4,3,1,0,0,0,0,0,0,1,0,0,2
2026,,2026-04-12,823075,away,BOS,STL,691785,Marcelo Mayer,11,2B,5,5,0,1,0,0,0,0,0,0,0,1,5
2026,,2026-04-12,823075,home,STL,BOS,669357,Nolan Gorman,16,DH,4,3,0,0,0,0,0,1,0,2,0,0,1
2026,,2026-04-12,823075,home,STL,BOS,691023,Jordan Walker,18,RF,4,4,1,2,0,0,1,1,0,0,0,5,1
2026,,2026-04-12,823075,home,STL,BOS,687363,Victor Scott II,11,CF,3,3,0,1,0,0,0,0,0,0,0,1,1
2026,,2026-04-12,823075,home,STL,BOS,665877,José Fermín,15,LF,4,4,0,1,0,0,0,0,0,1,0,1,0
2026,,2026-04-12,823075,home,STL,BOS,802139,JJ Wetherholt,26,2B,4,4,0,0,0,0,0,0,0,0,0,0,1
2026,,2026-04-12,823075,home,STL,BOS,676475,Alec Burleson,41,1B,4,4,1,2,0,0,1,1,0,0,0,5,1
2026,,2026-04-12,823075,home,STL,BOS,695336,Thomas Saggese,25,SS,4,4,0,0,0,0,0,0,0,1,0,0,2
2026,,2026-04-12,823075,home,STL,BOS,602104,Ramón Urías,29,3B,4,3,0,0,0,0,0,0,1,0,0,0,2
2026,,2026-04-12,823075,home,STL,BOS,671056,Iván Herrera,48,C,4,3,1,1,0,0,0,0,1,0,0,1,0
2026,,2026-04-12,824696,away,PIT,CHC,694377,Nick Yorke,38,3B,4,3,0,0,0,0,0,0,0,1,0,0,3
2026,,2026-04-12,824696,away,PIT,CHC,687462,Spencer Horwitz,2,1B,4,3,1,0,0,0,0,0,1,2,0,0,2
2026,,2026-04-12,824696,away,PIT,CHC,664040,Brandon Lowe,5,2B,5,4,2,2,0,0,2,5,1,2,0,8,1
2026,,2026-04-12,824696,away,PIT,CHC,663698,Joey Bart,14,C,4,4,0,0,0,0,0,0,0,2,0,0,3
2026,,2026-04-12,824696,away,PIT,CHC,668804,Bryan Reynolds,10,LF,4,4,0,1,0,0,0,0,0,1,1,1,1
2026,,2026-04-12,824696,away,PIT,CHC,665833,Oneil Cruz,15,CF,5,4,1,1,0,0,1,1,1,3,1,4,3
2026,,2026-04-12,824696,away,PIT,CHC,695257,Billy Cook,25,RF,0,0,0,0,0,0,0,0,0,0,0,0,0
2026,,2026-04-12,824696,away,PIT,CHC,804606,Konnor Griffin,6,SS,4,3,1,0,0,0,0,0,0,2,0,0,0
2026,,2026-04-12,824696,away,PIT,CHC,656811,Ryan O'Hearn,29,1B,4,4,0,2,0,0,0,0,0,1,0,2,1
2026,,2026-04-12,824696,away,PIT,CHC,542303,Marcell Ozuna,24,DH,4,4,1,1,0,0,0,0,0,1,0,1,2
2026,,2026-04-12,824696,home,CHC,PIT,624424,Michael Conforto,20,PH,1,1,0,1,1,0,0,0,0,0,0,2,0
2026,,2026-04-12,824696,home,CHC,PIT,664023,Ian Happ,8,LF,5,4,0,0,0,0,0,0,1,0,0,0,6
2026,,2026-04-12,824696,home,CHC,PIT,664068,Scott Kingery,12,PR,0,0,1,0,0,0,0,0,0,0,0,0,0
2026,,2026-04-12,824696,home,CHC,PIT,608324,Alex Bregman,3,3B,5,3,0,1,0,0,0,2,1,0,0,1,2
2026,,2026-04-12,824696,home,CHC,PIT,683737,Michael Busch,29,1B,1,1,0,1,0,0,0,1,0,0,0,1,0
2026,,2026-04-12,824696,home,CHC,PIT,608348,Carson Kelly,15,C,5,5,0,2,1,0,0,1,0,1,0,3,2
2026,,2026-04-12,824696,home,CHC,PIT,691718,Pete Crow-Armstrong,4,CF,4,4,0,0,0,0,0,0,0,2,0,0,3
2026,,2026-04-12,824696,home,CHC,PIT,665804,Miguel Amaya,9,DH,1,0,0,0,0,0,0,0,1,0,0,0,0
2026,,2026-04-12,824696,home,CHC,PIT,694208,Moisés Ballesteros,25,DH,3,3,1,2,0,0,1,1,0,1,0,5,0
2026,,2026-04-12,824696,home,CHC,PIT,673548,Seiya Suzuki,27,RF,5,3,1,0,0,0,0,0,2,1,0,0,1
2026,,2026-04-12,824696,home,CHC,PIT,621020,Dansby Swanson,7,SS,4,2,3,1,0,0,1,1,2,0,0,4,1
2026,,2026-04-12,824696,home,CHC,PIT,663538,Nico Hoerner,2,2B,5,5,1,2,1,0,0,0,0,0,0,3,1
2026,,2026-04-12,824696,home,CHC,PIT,807713,Matt Shaw,6,1B,3,3,0,0,0,0,0,0,0,2,0,0,1
2026,,2026-04-12,823317,away,COL,SDP,666160,Mickey Moniak,22,LF,4,4,0,0,0,0,0,0,0,2,0,0,0
2026,,2026-04-12,823317,away,COL,SDP,607536,Kyle Freeland,21,P,0,0,0,0,0,0,0,0,0,0,0,0,0
2026,,2026-04-12,823317,away,COL,SDP,671289,Tyler Freeman,2,2B,4,4,0,0,0,0,0,0,0,1,0,0,0
2026,,2026-04-12,823317,away,COL,SDP,666397,Edouard Julien,6,2B,3,3,0,0,0,0,0,0,0,0,0,0,0
2026,,2026-04-12,823317,away,COL,SDP,696100,Hunter Goodman,15,DH,4,3,0,1,0,0,0,0,1,2,0,1,0
2026,,2026-04-12,823317,away,COL,SDP,687597,Jordan Beck,27,RF,1,1,0,0,0,0,0,0,0,0,0,0,0
2026,,2026-04-12,823317,away,COL,SDP,664954,Brett Sullivan,26,C,3,3,0,1,1,0,0,2,0,2,0,2,0
2026,,2026-04-12,823317,away,COL,SDP,686668,Brenton Doyle,9,CF,3,2,1,0,0,0,0,0,1,2,0,0,1
2026,,2026-04-12,823317,away,COL,SDP,678662,Ezequiel Tovar,14,SS,3,2,1,0,0,0,0,0,0,2,0,0,1
2026,,2026-04-12,823317,away,COL,SDP,681198,TJ Rumfield,7,1B,4,4,0,0,0,0,0,0,0,1,0,0,2
2026,,2026-04-12,823317,away,COL,SDP,691720,Kyle Karros,12,3B,3,3,0,0,0,0,0,0,0,0,0,0,1
2026,,2026-04-12,823317,home,SDP,COL,666023,Freddy Fermin,54,C,4,2,0,0,0,0,0,1,1,0,0,0,1
2026,,2026-04-12,823317,home,SDP,COL,592206,Nick Castellanos,21,DH,4,4,0,0,0,0,0,0,0,0,0,0,8
2026,,2026-04-12,823317,home,SDP,COL,701538,Jackson Merrill,3,CF,4,3,2,2,0,0,1,1,0,0,1,5,1
2026,,2026-04-12,823317,home,SDP,COL,657656,Ramón Laureano,5,LF,5,4,2,1,0,0,1,2,0,1,0,4,1
2026,,2026-04-12,823317,home,SDP,COL,592518,Manny Machado,13,3B,4,1,0,1,0,0,0,2,2,0,0,1,0
2026,,2026-04-12,823317,home,SDP,COL,665487,Fernando Tatis Jr.,23,2B,5,5,0,2,0,0,0,0,0,0,0,2,1
2026,,2026-04-12,823317,home,SDP,COL,664034,Ty France,25,1B,4,3,3,3,1,0,1,1,0,0,0,7,0
2026,,2026-04-12,823317,home,SDP,COL,669369,Bryce Johnson,29,RF,4,3,0,0,0,0,0,0,0,1,0,0,4
2026,,2026-04-12,823317,home,SDP,COL,593428,Xander Bogaerts,2,SS,4,1,0,1,0,0,0,0,3,0,0,1,0
2026,,2026-04-12,823154,away,HOU,SEA,514888,Jose Altuve,27,2B,4,4,0,3,1,0,0,0,0,0,0,4,0
2026,,2026-04-12,823154,away,HOU,SEA,666211,Taylor Trammell,26,CF,3,3,0,0,0,0,0,0,0,2,0,0,0
2026,,2026-04-12,823154,away,HOU,SEA,694388,Joey Loperfido,10,LF,3,3,0,0,0,0,0,0,0,1,0,0,0
2026,,2026-04-12,823154,away,HOU,SEA,670623,Isaac Paredes,15,3B,4,4,0,1,0,0,0,0,0,1,0,1,2
2026,,2026-04-12,823154,away,HOU,SEA,669397,Nick Allen,20,SS,3,3,0,0,0,0,0,0,0,1,0,0,0
2026,,2026-04-12,823154,away,HOU,SEA,701358,Cam Smith,11,RF,3,3,0,0,0,0,0,0,0,1,0,0,0
2026,,2026-04-12,823154,away,HOU,SEA,572233,Christian Walker,8,1B,3,3,0,0,0,0,0,0,0,1,0,0,1
2026,,2026-04-12,823154,away,HOU,SEA,673237,Yainer Diaz,21,C,3,3,1,1,0,0,1,1,0,0,0,4,0
2026,,2026-04-12,823154,away,HOU,SEA,670541,Yordan Alvarez,44,DH,4,3,0,0,0,0,0,0,1,1,0,0,2
2026,,2026-04-12,823154,home,SEA,HOU,647304,Josh Naylor,12,1B,5,3,1,0,0,0,0,0,1,1,0,0,4
2026,,2026-04-12,823154,home,SEA,HOU,702284,Cole Young,2,2B,4,2,0,0,0,0,0,1,2,0,0,0,2
2026,,2026-04-12,823154,home,SEA,HOU,668227,Randy Arozarena,56,LF,5,4,2,3,0,0,0,1,1,0,1,3,0
2026,,2026-04-12,823154,home,SEA,HOU,641487,J.P. Crawford,3,SS,4,1,1,0,0,0,0,0,3,0,0,0,1
2026,,2026-04-12,823154,home,SEA,HOU,686527,Dominic Canzone,8,DH,4,3,0,0,0,0,0,0,1,1,0,0,5
2026,,2026-04-12,823154,home,SEA,HOU,663728,Cal Raleigh,29,C,5,5,0,0,0,0,0,0,0,3,0,0,6
2026,,2026-04-12,823154,home,SEA,HOU,680977,Brendan Donovan,33,3B,5,3,1,0,0,0,0,1,0,1,0,0,5
2026,,2026-04-12,823154,home,SEA,HOU,677594,Julio Rodríguez,44,CF,5,4,0,2,0,0,0,1,1,1,1,2,1
2026,,2026-04-12,823154,home,SEA,HOU,670042,Luke Raley,20,RF,5,5,1,3,1,1,0,2,0,0,0,6,4
2026,,2026-04-12,823966,away,TEX,LAD,694497,Evan Carter,32,CF,5,3,1,1,0,0,1,1,2,0,0,4,3
2026,,2026-04-12,823966,away,TEX,LAD,669394,Jake Burger,21,1B,5,5,0,1,0,0,0,0,0,4,0,1,5
2026,,2026-04-12,823966,away,TEX,LAD,592626,Joc Pederson,3,DH,5,4,1,1,0,0,0,0,1,2,0,1,5
2026,,2026-04-12,823966,away,TEX,LAD,608369,Corey Seager,5,SS,5,4,0,0,0,0,0,0,1,1,0,0,4
2026,,2026-04-12,823966,away,TEX,LAD,673962,Josh Jung,6,3B,5,3,2,2,1,0,0,0,2,1,0,3,0
2026,,2026-04-12,823966,away,TEX,LAD,677649,Ezequiel Duran,20,LF,4,3,1,1,0,0,0,0,1,1,0,1,5
2026,,2026-04-12,823966,away,TEX,LAD,607043,Brandon Nimmo,24,RF,5,5,0,2,0,0,0,2,0,0,0,2,3
2026,,2026-04-12,823966,away,TEX,LAD,669701,Josh Smith,8,2B,5,5,0,2,0,0,0,1,0,1,0,2,2
2026,,2026-04-12,823966,away,TEX,LAD,643376,Danny Jansen,9,C,5,2,0,0,0,0,0,0,3,1,0,0,1
2026,,2026-04-12,823966,home,LAD,TEX,669257,Will Smith,16,PH,1,0,0,0,0,0,0,0,1,0,0,0,0
2026,,2026-04-12,823966,home,LAD,TEX,687221,Dalton Rushing,68,C,4,4,1,1,1,0,0,0,0,2,0,2,1
2026,,2026-04-12,823966,home,LAD,TEX,663656,Kyle Tucker,23,RF,5,5,0,1,0,0,0,1,0,2,0,1,5
2026,,2026-04-12,823966,home,LAD,TEX,571970,Max Muncy,13,3B,4,4,0,0,0,0,0,0,0,3,0,0,2
2026,,2026-04-12,823966,home,LAD,TEX,518692,Freddie Freeman,5,1B,4,4,0,1,0,0,0,0,0,1,0,1,1
2026,,2026-04-12,823966,home,LAD,TEX,808975,Hyeseong Kim,6,SS,2,2,0,0,0,0,0,0,0,1,0,0,2
2026,,2026-04-12,823966,home,LAD,TEX,660271,Shohei Ohtani,17,DH,5,3,1,1,0,0,1,1,2,1,0,4,3
2026,,2026-04-12,823966,home,LAD,TEX,681624,Andy Pages,44,CF,4,4,0,1,0,0,0,0,0,0,0,1,2
2026,,2026-04-12,823966,home,LAD,TEX,669743,Alex Call,12,LF,4,3,0,1,0,0,0,0,1,1,0,1,1
2026,,2026-04-12,823966,home,LAD,TEX,500743,Miguel Rojas,72,SS,1,0,0,0,0,0,0,0,1,0,0,0,0
2026,,2026-04-12,823966,home,LAD,TEX,690976,Alex Freeland,76,2B,4,3,0,0,0,0,0,0,1,1,0,0,2
2026,,2026-04-12,824938,away,CLE,ATL,800050,Chase DeLauter,24,RF,3,2,0,2,1,0,0,0,1,0,0,3,0
2026,,2026-04-12,824938,away,CLE,ATL,682177,Daniel Schneemann,10,3B,4,4,0,3,2,0,0,0,0,0,0,5,0
2026,,2026-04-12,824938,away,CLE,ATL,677587,Brayan Rocchio,4,SS,4,4,0,0,0,0,0,0,0,1,0,0,3
2026,,2026-04-12,824938,away,CLE,ATL,666310,Bo Naylor,23,C,1,1,0,0,0,0,0,0,0,0,0,0,0
2026,,2026-04-12,824938,away,CLE,ATL,681807,David Fry,6,RF,4,4,0,1,0,0,0,0,0,3,0,1,3
2026,,2026-04-12,824938,away,CLE,ATL,608070,José Ramírez,11,3B,4,4,0,1,0,0,0,0,0,0,1,1,2
2026,,2026-04-12,824938,away,CLE,ATL,682657,Angel Martínez,1,CF,4,4,0,0,0,0,0,0,0,0,0,0,0
2026,,2026-04-12,824938,away,CLE,ATL,682877,Juan Brito,34,2B,4,4,0,0,0,0,0,0,0,3,0,0,1
2026,,2026-04-12,824938,away,CLE,ATL,700932,Kyle Manzardo,9,DH,4,4,0,1,0,0,0,0,0,0,0,1,0
2026,,2026-04-12,824938,away,CLE,ATL,692216,CJ Kayfus,2,LF,0,0,0,0,0,0,0,0,0,0,0,0,0
2026,,2026-04-12,824938,away,CLE,ATL,656555,Rhys Hoskins,8,1B,4,4,1,1,0,0,1,1,0,1,0,4,4
2026,,2026-04-12,824938,home,ATL,CLE,663897,Luke Williams,37,2B,1,0,0,0,0,0,0,0,1,0,0,0,0
2026,,2026-04-12,824938,home,ATL,CLE,622761,Jorge Mateo,2,SS,4,4,2,4,0,0,0,1,0,0,0,4,0
2026,,2026-04-12,824938,home,ATL,CLE,643289,Mauricio Dubón,14,CF,4,4,2,3,1,0,0,2,0,0,0,4,0
2026,,2026-04-12,824938,home,ATL,CLE,686948,Drake Baldwin,30,C,5,5,1,0,0,0,0,1,0,0,0,0,5
2026,,2026-04-12,824938,home,ATL,CLE,621566,Matt Olson,28,1B,5,5,2,2,1,0,0,1,0,0,0,3,2
2026,,2026-04-12,824938,home,ATL,CLE,642086,Dominic Smith,8,DH,2,2,1,1,0,0,1,2,0,0,0,4,2
2026,,2026-04-12,824938,home,ATL,CLE,660670,Ronald Acuña Jr.,13,RF,5,4,0,2,1,0,0,1,0,0,1,3,1
2026,,2026-04-12,824938,home,ATL,CLE,571657,Kyle Farmer,15,DH,3,3,1,1,1,0,0,2,0,0,0,2,3
2026,,2026-04-12,824938,home,ATL,CLE,645277,Ozzie Albies,1,2B,4,4,2,3,0,0,0,1,0,0,0,3,1
2026,,2026-04-12,824938,home,ATL,CLE,663586,Austin Riley,27,3B,5,5,1,2,1,0,0,2,0,2,0,3,1
2026,,2026-04-12,824938,home,ATL,CLE,573262,Mike Yastrzemski,18,LF,5,4,1,1,0,0,0,0,1,3,0,1,3
2026,,2026-04-13,823153,away,HOU,SEA,694376,Shay Whitcomb,14,3B,0,0,0,0,0,0,0,0,0,0,0,0,0
2026,,2026-04-13,823153,away,HOU,SEA,670623,Isaac Paredes,15,DH,4,4,0,2,0,0,0,0,0,1,0,2,2
2026,,2026-04-13,823153,away,HOU,SEA,669397,Nick Allen,20,SS,2,2,0,0,0,0,0,0,0,0,0,0,1
2026,,2026-04-13,823153,away,HOU,SEA,701358,Cam Smith,11,RF,4,4,1,1,0,0,0,0,0,0,0,1,2
2026,,2026-04-13,823153,away,HOU,SEA,514888,Jose Altuve,27,2B,4,4,0,0,0,0,0,0,0,0,0,0,1
2026,,2026-04-13,823153,away,HOU,SEA,666211,Taylor Trammell,26,CF,4,4,1,1,0,0,0,0,0,1,0,1,1
2026,,2026-04-13,823153,away,HOU,SEA,694388,Joey Loperfido,10,PH,1,1,0,1,0,0,0,0,0,0,0,1,0
2026,,2026-04-13,823153,away,HOU,SEA,621043,Carlos Correa,1,SS,4,4,0,1,0,0,0,0,0,2,0,1,2
2026,,2026-04-13,823153,away,HOU,SEA,572233,Christian Walker,8,1B,4,3,0,0,0,0,0,0,1,2,0,0,2
2026,,2026-04-13,823153,away,HOU,SEA,673237,Yainer Diaz,21,C,3,3,0,1,0,0,0,1,0,0,0,1,0
2026,,2026-04-13,823153,away,HOU,SEA,670541,Yordan Alvarez,44,LF,4,3,0,0,0,0,0,0,1,0,0,0,0
2026,,2026-04-13,823153,home,SEA,HOU,647304,Josh Naylor,12,1B,4,4,2,2,0,0,2,5,0,0,0,8,1
2026,,2026-04-13,823153,home,SEA,HOU,702284,Cole Young,2,2B,4,4,0,0,0,0,0,0,0,1,0,0,1
2026,,2026-04-13,823153,home,SEA,HOU,668227,Randy Arozarena,56,LF,4,4,0,0,0,0,0,0,0,0,0,0,1
2026,,2026-04-13,823153,home,SEA,HOU,641487,J.P. Crawford,3,SS,4,4,0,1,0,0,0,0,0,0,0,1,2
2026,,2026-04-13,823153,home,SEA,HOU,663728,Cal Raleigh,29,DH,5,5,2,2,0,0,0,0,0,0,0,2,3
2026,,2026-04-13,823153,home,SEA,HOU,680977,Brendan Donovan,33,3B,5,4,0,2,1,0,0,0,1,0,0,3,1
2026,,2026-04-13,823153,home,SEA,HOU,641598,Mitch Garver,18,C,4,4,0,1,0,0,0,0,0,1,0,1,2
2026,,2026-04-13,823153,home,SEA,HOU,677594,Julio Rodríguez,44,CF,4,4,2,2,1,0,0,0,0,0,0,3,2
2026,,2026-04-13,823153,home,SEA,HOU,670042,Luke Raley,20,RF,4,4,0,3,0,0,0,1,0,1,0,3,0
2026,,2026-04-13,824856,away,ARI,BAL,680728,Adrian Del Castillo,25,C,4,4,1,1,0,0,0,0,0,1,0,1,1
2026,,2026-04-13,824856,away,ARI,BAL,571448,Nolan Arenado,28,3B,4,4,2,2,0,0,2,5,0,1,0,8,1
2026,,2026-04-13,824856,away,ARI,BAL,606466,Ketel Marte,4,2B,5,5,2,2,0,0,2,2,0,1,0,8,2
2026,,2026-04-13,824856,away,ARI,BAL,545121,Ildemaro Vargas,6,1B,4,4,1,2,1,0,0,0,0,0,0,3,1
2026,,2026-04-13,824856,away,ARI,BAL,672695,Geraldo Perdomo,2,SS,4,3,0,0,0,0,0,0,1,0,0,0,2
2026,,2026-04-13,824856,away,ARI,BAL,699912,Jose Fernandez,11,DH,4,4,1,0,0,0,0,0,0,1,0,0,1
2026,,2026-04-13,824856,away,ARI,BAL,682998,Corbin Carroll,7,RF,4,4,0,1,0,0,0,0,0,2,0,1,1
2026,,2026-04-13,824856,away,ARI,BAL,677950,Alek Thomas,5,CF,4,4,0,0,0,0,0,0,0,3,0,0,1
2026,,2026-04-13,824856,away,ARI,BAL,678489,Jorge Barrosa,1,LF,4,4,0,2,1,0,0,0,0,2,0,3,0
2026,,2026-04-13,824856,home,BAL,ARI,669236,Jeremiah Jackson,82,2B,4,4,2,3,0,0,2,5,0,0,0,9,0
2026,,2026-04-13,824856,home,BAL,ARI,694212,Samuel Basallo,29,C,4,4,0,0,0,0,0,0,0,1,0,0,2
2026,,2026-04-13,824856,home,BAL,ARI,683002,Gunnar Henderson,2,SS,5,5,0,1,0,1,0,1,0,1,0,3,2
2026,,2026-04-13,824856,home,BAL,ARI,665750,Leody Taveras,30,CF,4,3,1,1,0,0,0,1,1,1,0,1,0
2026,,2026-04-13,824856,home,BAL,ARI,621493,Taylor Ward,3,LF,5,4,1,0,0,0,0,0,0,3,0,0,3
2026,,2026-04-13,824856,home,BAL,ARI,687637,Dylan Beavers,12,DH,4,4,1,1,0,0,0,0,0,0,0,1,0
2026,,2026-04-13,824856,home,BAL,ARI,677942,Blaze Alexander,23,3B,4,2,1,0,0,0,0,0,1,2,0,0,0
2026,,2026-04-13,824856,home,BAL,ARI,624413,Pete Alonso,25,1B,4,3,2,2,1,0,1,2,1,0,0,6,1
2026,,2026-04-13,824856,home,BAL,ARI,681297,Colton Cowser,17,RF,4,3,1,0,0,0,0,0,1,1,0,0,1
2026,,2026-04-13,823400,away,WSN,PIT,682928,CJ Abrams,5,SS,2,2,1,1,0,0,1,1,0,0,0,4,0
2026,,2026-04-13,823400,away,WSN,PIT,683083,Nasim Nuñez,26,SS,4,4,0,1,0,0,0,2,0,0,0,1,3
2026,,2026-04-13,823400,away,WSN,PIT,678391,Jorbit Vivas,84,3B,4,3,1,1,1,0,0,0,1,0,0,2,0
2026,,2026-04-13,823400,away,WSN,PIT,686894,Joey Wiemer,21,P,1,1,0,0,0,0,0,0,0,1,0,0,0
2026,,2026-04-13,823400,away,WSN,PIT,678554,Curtis Mead,45,2B,2,2,0,0,0,0,0,0,0,0,0,0,0
2026,,2026-04-13,823400,away,WSN,PIT,695734,Daylen Lile,4,RF,4,4,1,2,0,0,0,0,0,1,0,2,0
2026,,2026-04-13,823400,away,WSN,PIT,677588,José Tena,8,LF,4,3,1,1,0,0,0,0,0,0,0,1,0
2026,,2026-04-13,823400,away,WSN,PIT,695578,James Wood,29,RF,4,3,0,1,0,0,0,0,1,2,0,1,0
2026,,2026-04-13,823400,away,WSN,PIT,696285,Jacob Young,30,CF,4,4,1,1,0,0,1,2,0,1,0,4,1
2026,,2026-04-13,823400,away,WSN,PIT,660688,Keibert Ruiz,20,C,4,4,0,0,0,0,0,0,0,1,0,0,1
2026,,2026-04-13,823400,away,WSN,PIT,671277,Luis García Jr.,2,1B,5,5,0,0,0,0,0,0,0,3,0,0,3
2026,,2026-04-13,823400,home,PIT,WSN,694377,Nick Yorke,38,RF,6,6,0,0,0,0,0,0,0,2,0,0,8
2026,,2026-04-13,823400,home,PIT,WSN,687462,Spencer Horwitz,2,1B,5,4,2,2,0,0,1,1,1,0,0,5,0
2026,,2026-04-13,823400,home,PIT,WSN,664040,Brandon Lowe,5,2B,6,5,2,3,0,0,1,5,0,0,0,6,1
2026,,2026-04-13,823400,home,PIT,WSN,663698,Joey Bart,14,DH,1,0,0,0,0,0,0,1,0,0,0,0,0
2026,,2026-04-13,823400,home,PIT,WSN,668804,Bryan Reynolds,10,DH,5,4,1,3,0,1,0,4,0,1,0,5,1
2026,,2026-04-13,823400,home,PIT,WSN,665833,Oneil Cruz,15,CF,5,3,3,2,0,0,0,3,2,0,1,2,0
2026,,2026-04-13,823400,home,PIT,WSN,663968,Jake Mangum,28,LF,5,4,2,1,0,0,0,0,1,0,0,1,1
2026,,2026-04-13,823400,home,PIT,WSN,695257,Billy Cook,25,CF,1,1,0,1,0,0,0,0,0,0,0,1,0
2026,,2026-04-13,823400,home,PIT,WSN,680779,Henry Davis,32,C,5,4,3,2,0,0,0,0,1,1,1,2,3
2026,,2026-04-13,823400,home,PIT,WSN,804606,Konnor Griffin,6,SS,5,4,2,1,0,0,0,1,1,2,0,1,1
2026,,2026-04-13,823400,home,PIT,WSN,656811,Ryan O'Hearn,29,RF,5,5,1,1,1,0,0,1,0,3,0,2,6
2026,,2026-04-13,823400,home,PIT,WSN,693304,Nick Gonzales,3,3B,1,0,0,0,0,0,0,0,1,0,0,0,0
2026,,2026-04-13,823481,away,CHC,PHI,624424,Michael Conforto,20,PH,1,1,0,0,0,0,0,0,0,1,0,0,1
2026,,2026-04-13,823481,away,CHC,PHI,664023,Ian Happ,8,LF,5,5,1,2,1,0,0,0,0,2,0,3,5
2026,,2026-04-13,823481,away,CHC,PHI,664068,Scott Kingery,12,2B,2,2,0,0,0,0,0,0,0,0,0,0,3
2026,,2026-04-13,823481,away,CHC,PHI,608324,Alex Bregman,3,3B,5,4,0,1,0,0,0,0,1,1,0,1,3
2026,,2026-04-13,823481,away,CHC,PHI,608348,Carson Kelly,15,1B,3,2,1,1,0,0,0,0,1,0,0,1,0
2026,,2026-04-13,823481,away,CHC,PHI,691718,Pete Crow-Armstrong,4,CF,5,5,1,1,0,0,0,1,0,2,0,1,5
2026,,2026-04-13,823481,away,CHC,PHI,665804,Miguel Amaya,9,1B,5,4,1,2,0,0,0,0,0,2,0,2,1
2026,,2026-04-13,823481,away,CHC,PHI,694208,Moisés Ballesteros,25,C,2,2,1,2,1,0,0,1,0,0,0,3,0
2026,,2026-04-13,823481,away,CHC,PHI,673548,Seiya Suzuki,27,DH,5,4,0,1,0,0,0,1,1,0,0,1,3
2026,,2026-04-13,823481,away,CHC,PHI,621020,Dansby Swanson,7,SS,4,3,2,1,0,0,1,2,1,1,0,4,2
2026,,2026-04-13,823481,away,CHC,PHI,663538,Nico Hoerner,2,2B,3,3,0,0,0,0,0,0,0,2,0,0,0
2026,,2026-04-13,823481,away,CHC,PHI,807713,Matt Shaw,6,RF,4,3,0,0,0,0,0,0,1,1,0,0,4
2026,,2026-04-13,823481,home,PHI,CHC,669016,Brandon Marsh,16,RF,5,4,2,3,1,0,0,2,1,0,1,4,2
2026,,2026-04-13,823481,home,PHI,CHC,702222,Justin Crawford,2,CF,5,5,0,0,0,0,0,0,0,2,0,0,4
2026,,2026-04-13,823481,home,PHI,CHC,547180,Bryce Harper,3,1B,4,3,2,1,0,0,0,0,1,0,0,1,0
2026,,2026-04-13,823481,home,PHI,CHC,592663,J.T. Realmuto,10,C,5,5,0,3,0,0,0,3,0,0,0,3,0
2026,,2026-04-13,823481,home,PHI,CHC,624641,Edmundo Sosa,33,SS,1,1,1,1,0,0,0,0,0,0,0,1,0
2026,,2026-04-13,823481,home,PHI,CHC,664761,Alec Bohm,28,3B,5,4,0,1,0,0,0,2,0,1,0,1,4
2026,,2026-04-13,823481,home,PHI,CHC,681082,Bryson Stott,5,2B,5,4,1,1,0,0,0,1,1,0,0,1,3
2026,,2026-04-13,823481,home,PHI,CHC,656941,Kyle Schwarber,12,DH,5,3,4,2,0,0,2,3,1,0,0,8,1
2026,,2026-04-13,823481,home,PHI,CHC,805249,Otto Kemp,4,LF,1,0,0,0,0,0,0,0,1,0,0,0,0
2026,,2026-04-13,823481,home,PHI,CHC,664238,Dylan Moore,25,1B,1,1,0,0,0,0,0,0,0,1,0,0,2
2026,,2026-04-13,823481,home,PHI,CHC,666969,Adolis García,53,RF,4,4,2,2,1,0,0,1,0,1,0,3,0
2026,,2026-04-13,823481,home,PHI,CHC,607208,Trea Turner,7,SS,4,4,1,1,0,0,0,0,0,0,0,1,1
2026,,2026-04-13,823563,away,LAA,NYY,624428,Adam Frazier,20,2B,4,3,2,2,0,0,0,0,1,1,0,2,0
2026,,2026-04-13,823563,away,LAA,NYY,672724,Oswald Peraza,2,3B,0,0,0,0,0,0,0,0,0,0,0,0,0
2026,,2026-04-13,823563,away,LAA,NYY,687263,Zach Neto,9,SS,5,4,1,1,0,0,0,1,1,3,0,1,1
2026,,2026-04-13,823563,away,LAA,NYY,624585,Jorge Soler,12,DH,5,5,1,2,1,0,0,1,0,2,0,3,0
2026,,2026-04-13,823563,away,LAA,NYY,660162,Yoán Moncada,10,3B,5,5,1,2,0,0,0,0,0,2,0,2,1
2026,,2026-04-13,823563,away,LAA,NYY,545361,Mike Trout,27,CF,5,5,3,2,0,0,2,5,0,0,0,8,3
2026,,2026-04-13,823563,away,LAA,NYY,666176,Jo Adell,7,RF,5,4,1,2,1,0,0,1,0,0,0,3,2
2026,,2026-04-13,823563,away,LAA,NYY,694384,Nolan Schanuel,18,1B,5,5,0,0,0,0,0,0,0,0,0,0,1
2026,,2026-04-13,823563,away,LAA,NYY,666139,Josh Lowe,3,LF,5,3,1,0,0,0,0,1,1,0,0,0,1
2026,,2026-04-13,823563,away,LAA,NYY,669326,Bryce Teodosio,22,LF,0,0,0,0,0,0,0,0,0,0,0,0,0
2026,,2026-04-13,823563,away,LAA,NYY,681351,Logan O'Hoppe,14,C,4,4,0,1,0,0,0,1,0,0,0,1,1
2026,,2026-04-13,823563,home,NYY,LAA,676609,José Caballero,72,SS,5,5,2,2,1,0,1,2,0,0,1,6,0
2026,,2026-04-13,823563,home,NYY,LAA,642708,Amed Rosario,14,3B,2,2,0,1,0,0,0,0,0,0,0,1,3
2026,,2026-04-13,823563,home,NYY,LAA,545341,Randal Grichuk,34,LF,2,1,1,0,0,0,0,0,1,0,0,0,0
2026,,2026-04-13,823563,home,NYY,LAA,641857,Ryan McMahon,19,3B,3,2,0,0,0,0,0,0,1,0,0,0,1
2026,,2026-04-13,823563,home,NYY,LAA,592450,Aaron Judge,99,RF,5,5,2,2,0,0,2,3,0,1,0,8,2
2026,,2026-04-13,823563,home,NYY,LAA,502671,Paul Goldschmidt,48,1B,3,2,1,1,1,0,0,0,1,1,0,2,1
2026,,2026-04-13,823563,home,NYY,LAA,669224,Austin Wells,28,C,5,3,0,1,0,0,0,0,2,0,0,1,0
2026,,2026-04-13,823563,home,NYY,LAA,700250,Ben Rice,22,1B,3,2,1,1,0,0,0,0,1,1,0,1,1
2026,,2026-04-13,823563,home,NYY,LAA,641355,Cody Bellinger,35,LF,5,5,0,1,0,0,0,0,0,0,0,1,3
2026,,2026-04-13,823563,home,NYY,LAA,519317,Giancarlo Stanton,27,DH,5,4,1,2,1,0,0,0,1,2,0,3,1
2026,,2026-04-13,823563,home,NYY,LAA,665862,Jazz Chisholm Jr.,13,2B,5,5,1,1,0,0,0,0,0,2,0,1,5
2026,,2026-04-13,823563,home,NYY,LAA,663757,Trent Grisham,12,CF,3,3,2,2,0,0,2,5,0,0,0,8,0
2026,,2026-04-13,824937,away,MIA,ATL,681715,Heriberto Hernández,13,LF,5,5,1,2,0,0,0,0,0,1,1,2,3
2026,,2026-04-13,824937,away,MIA,ATL,805300,Jakob Marsee,87,CF,5,4,2,1,0,0,0,0,1,0,1,1,1
2026,,2026-04-13,824937,away,MIA,ATL,669364,Xavier Edwards,9,2B,5,4,3,2,0,0,0,0,1,1,0,2,2
2026,,2026-04-13,824937,away,MIA,ATL,688363,Graham Pauley,21,3B,5,5,1,1,0,0,0,0,0,2,0,1,3
2026,,2026-04-13,824937,away,MIA,ATL,689414,Liam Hicks,34,C,5,4,0,3,0,0,0,3,0,0,1,3,0
2026,,2026-04-13,824937,away,MIA,ATL,683357,Owen Caissie,17,RF,5,5,0,1,0,0,0,0,0,2,0,1,5
2026,,2026-04-13,824937,away,MIA,ATL,682663,Agustín Ramírez,50,DH,5,4,2,3,0,0,1,4,1,0,0,6,0
2026,,2026-04-13,824937,away,MIA,ATL,681393,Connor Norby,1,1B,5,5,1,2,0,0,1,2,0,1,0,5,1
2026,,2026-04-13,824937,away,MIA,ATL,672640,Otto Lopez,6,SS,5,5,0,1,0,0,0,1,0,2,0,1,5
2026,,2026-04-13,824937,home,ATL,MIA,671739,Michael Harris II,23,CF,4,3,0,2,0,0,0,0,1,1,0,2,1
2026,,2026-04-13,824937,home,ATL,MIA,622761,Jorge Mateo,2,SS,1,1,0,0,0,0,0,0,0,1,0,0,0
2026,,2026-04-13,824937,home,ATL,MIA,643289,Mauricio Dubón,14,LF,4,2,0,0,0,0,0,0,2,0,0,0,4
2026,,2026-04-13,824937,home,ATL,MIA,686948,Drake Baldwin,30,C,5,4,1,1,0,0,0,0,1,1,0,1,3
2026,,2026-04-13,824937,home,ATL,MIA,621566,Matt Olson,28,1B,5,5,1,2,0,0,0,0,0,2,0,2,2
2026,,2026-04-13,824937,home,ATL,MIA,642086,Dominic Smith,8,DH,4,3,0,1,1,0,0,1,0,2,0,2,1
2026,,2026-04-13,824937,home,ATL,MIA,660670,Ronald Acuña Jr.,13,RF,5,4,1,1,0,0,0,0,1,2,0,1,4
2026,,2026-04-13,824937,home,ATL,MIA,571657,Kyle Farmer,15,PH,1,1,0,0,0,0,0,0,0,0,0,0,1
2026,,2026-04-13,824937,home,ATL,MIA,645277,Ozzie Albies,1,2B,4,3,0,0,0,0,0,0,1,1,0,0,2
2026,,2026-04-13,824937,home,ATL,MIA,663586,Austin Riley,27,3B,5,5,1,1,0,0,0,2,0,0,1,1,2
2026,,2026-04-13,824937,home,ATL,MIA,573262,Mike Yastrzemski,18,LF,2,2,0,1,0,0,0,1,0,0,1,1,0
2026,,2026-04-13,823725,away,BOS,MIN,701350,Roman Anthony,19,DH,5,2,2,1,1,0,0,0,2,0,0,2,0
2026,,2026-04-13,823725,away,BOS,MIN,575929,Willson Contreras,40,1B,3,3,1,1,0,0,0,0,0,2,0,1,0
2026,,2026-04-13,823725,away,BOS,MIN,596115,Trevor Story,10,SS,3,3,0,1,0,0,0,1,0,1,0,1,1
2026,,2026-04-13,823725,away,BOS,MIN,677800,Wilyer Abreu,52,RF,4,3,0,2,0,0,0,1,1,1,0,2,0
2026,,2026-04-13,823725,away,BOS,MIN,655316,Andruw Monasterio,32,1B,2,2,0,1,0,0,0,1,0,1,0,1,1
2026,,2026-04-13,823725,away,BOS,MIN,643396,Isiah Kiner-Falefa,2,SS,1,1,0,0,0,0,0,0,0,0,0,0,2
2026,,2026-04-13,823725,away,BOS,MIN,702332,Caleb Durbin,5,3B,5,5,2,2,1,0,0,1,0,1,0,3,3
2026,,2026-04-13,823725,away,BOS,MIN,665966,Carlos Narváez,75,C,4,4,0,0,0,0,0,0,0,3,0,0,2
2026,,2026-04-13,823725,away,BOS,MIN,680776,Jarren Duran,16,LF,5,5,1,1,0,0,1,2,0,1,0,4,5
2026,,2026-04-13,823725,away,BOS,MIN,678882,Ceddanne Rafaela,3,CF,4,4,0,1,0,0,0,0,0,0,0,1,1
2026,,2026-04-13,823725,away,BOS,MIN,691785,Marcelo Mayer,11,2B,4,3,0,0,0,0,0,0,1,0,0,0,3
2026,,2026-04-13,823725,home,MIN,BOS,605170,Victor Caratini,37,1B,4,2,2,1,0,0,1,3,2,0,0,4,0
2026,,2026-04-13,823725,home,MIN,BOS,686797,Brooks Lee,22,SS,4,4,0,1,0,0,0,1,0,0,0,1,1
2026,,2026-04-13,823725,home,MIN,BOS,668885,Austin Martin,16,LF,5,4,2,1,1,0,0,0,1,1,0,2,0
2026,,2026-04-13,823725,home,MIN,BOS,605137,Josh Bell,56,DH,5,5,1,1,1,0,0,2,0,0,0,2,2
2026,,2026-04-13,823725,home,MIN,BOS,680777,Ryan Jeffers,27,C,5,4,3,3,0,0,1,3,1,0,0,6,0
2026,,2026-04-13,823725,home,MIN,BOS,681546,James Outman,30,CF,0,0,0,0,0,0,0,0,0,0,0,0,0
2026,,2026-04-13,823725,home,MIN,BOS,668952,Ryan Kreidler,5,3B,4,4,1,1,0,0,1,1,0,0,0,4,3
2026,,2026-04-13,823725,home,MIN,BOS,621439,Byron Buxton,25,CF,5,5,2,2,0,0,1,1,0,1,0,5,0
2026,,2026-04-13,823725,home,MIN,BOS,670242,Matt Wallner,38,RF,4,3,0,0,0,0,0,0,0,1,0,0,1
2026,,2026-04-13,823725,home,MIN,BOS,807712,Luke Keaschall,15,2B,5,4,2,1,1,0,0,1,1,1,0,2,0
2026,,2026-04-13,823073,away,CLE,STL,595978,Austin Hedges,27,C,4,2,1,0,0,0,0,1,1,0,0,0,2
2026,,2026-04-13,823073,away,CLE,STL,682177,Daniel Schneemann,10,CF,5,5,0,1,0,0,0,2,0,3,0,1,2
2026,,2026-04-13,823073,away,CLE,STL,677587,Brayan Rocchio,4,SS,4,3,2,2,0,0,1,2,1,0,0,5,1
2026,,2026-04-13,823073,away,CLE,STL,681807,David Fry,6,DH,5,4,2,1,0,0,0,0,1,1,0,1,3
2026,,2026-04-13,823073,away,CLE,STL,608070,José Ramírez,11,3B,5,4,1,2,1,0,0,0,1,0,2,3,0
2026,,2026-04-13,823073,away,CLE,STL,680757,Steven Kwan,38,LF,5,5,0,2,0,0,0,2,0,0,0,2,0
2026,,2026-04-13,823073,away,CLE,STL,682657,Angel Martínez,1,RF,5,5,1,2,0,0,1,1,0,0,0,5,2
2026,,2026-04-13,823073,away,CLE,STL,682877,Juan Brito,34,2B,4,4,1,1,0,0,0,0,0,1,0,1,2
2026,,2026-04-13,823073,away,CLE,STL,656555,Rhys Hoskins,8,1B,5,4,1,0,0,0,0,0,1,1,0,0,3
2026,,2026-04-13,823073,home,STL,CLE,669357,Nolan Gorman,16,3B,4,4,0,1,0,0,0,0,0,3,0,1,2
2026,,2026-04-13,823073,home,STL,CLE,691023,Jordan Walker,18,RF,5,5,2,2,0,0,1,1,0,1,0,5,3
2026,,2026-04-13,823073,home,STL,CLE,701675,Nathan Church,27,LF,2,2,0,0,0,0,0,0,0,0,0,0,4
2026,,2026-04-13,823073,home,STL,CLE,687363,Victor Scott II,11,CF,2,2,0,0,0,0,0,0,0,0,0,0,2
2026,,2026-04-13,823073,home,STL,CLE,665877,José Fermín,15,CF,2,1,0,0,0,0,0,0,1,0,0,0,3
2026,,2026-04-13,823073,home,STL,CLE,802139,JJ Wetherholt,26,2B,5,5,1,1,0,0,0,0,0,1,0,1,0
2026,,2026-04-13,823073,home,STL,CLE,676475,Alec Burleson,41,1B,5,5,0,2,1,0,0,1,0,0,0,3,0
2026,,2026-04-13,823073,home,STL,CLE,695336,Thomas Saggese,25,LF,2,2,0,0,0,0,0,0,0,1,0,0,4
2026,,2026-04-13,823073,home,STL,CLE,686780,Pedro Pagés,43,C,4,3,0,1,0,0,0,1,0,0,0,1,2
2026,,2026-04-13,823073,home,STL,CLE,691026,Masyn Winn,0,SS,4,1,0,1,1,0,0,0,3,0,0,2,0
2026,,2026-04-13,823073,home,STL,CLE,671056,Iván Herrera,48,DH,5,5,0,1,0,0,0,0,0,0,0,1,0
2026,,2026-04-13,825024,away,TEX,ATH,694497,Evan Carter,32,CF,5,4,1,0,0,0,0,0,1,2,0,0,3
2026,,2026-04-13,825024,away,TEX,ATH,669394,Jake Burger,21,1B,5,4,2,2,0,0,2,4,1,1,0,8,1
2026,,2026-04-13,825024,away,TEX,ATH,592626,Joc Pederson,3,DH,5,5,1,3,0,0,0,0,0,1,0,3,1
2026,,2026-04-13,825024,away,TEX,ATH,608369,Corey Seager,5,SS,5,4,2,1,1,0,0,0,1,1,0,2,1
2026,,2026-04-13,825024,away,TEX,ATH,673962,Josh Jung,6,3B,4,4,0,1,1,0,0,2,0,1,0,2,3
2026,,2026-04-13,825024,away,TEX,ATH,543309,Kyle Higashioka,11,C,5,4,1,2,0,0,0,0,1,0,0,2,2
2026,,2026-04-13,825024,away,TEX,ATH,677649,Ezequiel Duran,20,RF,4,3,0,1,0,0,0,0,1,1,1,1,0
2026,,2026-04-13,825024,away,TEX,ATH,607043,Brandon Nimmo,24,RF,5,5,0,0,0,0,0,0,0,4,0,0,3
2026,,2026-04-13,825024,away,TEX,ATH,669701,Josh Smith,8,2B,4,4,1,1,0,0,0,2,0,1,0,1,3
2026,,2026-04-13,825024,away,TEX,ATH,664059,Sam Haggerty,0,LF,0,0,0,0,0,0,0,0,0,0,0,0,0
2026,,2026-04-13,825024,home,ATH,TEX,671732,Lawrence Butler,4,RF,4,4,1,1,0,0,1,1,0,0,0,4,0
2026,,2026-04-13,825024,home,ATH,TEX,680869,Zack Gelof,20,CF,1,1,0,0,0,0,0,0,0,1,0,0,0
2026,,2026-04-13,825024,home,ATH,TEX,643446,Jeff McNeil,22,2B,4,4,0,1,0,0,0,0,0,0,0,1,0
2026,,2026-04-13,825024,home,ATH,TEX,642851,Austin Wynns,29,C,0,0,0,0,0,0,0,0,0,0,0,0,0
2026,,2026-04-13,825024,home,ATH,TEX,666126,Carlos Cortes,26,DH,3,3,0,0,0,0,0,0,0,0,0,0,3
2026,,2026-04-13,825024,home,ATH,TEX,691777,Max Muncy,3,3B,2,1,0,1,0,0,0,0,0,0,0,1,0
2026,,2026-04-13,825024,home,ATH,TEX,672016,Denzel Clarke,1,CF,2,2,0,0,0,0,0,0,0,2,0,0,2
2026,,2026-04-13,825024,home,ATH,TEX,691016,Tyler Soderstrom,21,LF,4,3,0,0,0,0,0,0,1,0,0,0,2
2026,,2026-04-13,825024,home,ATH,TEX,687231,Darell Hernaiz,2,3B,2,2,0,0,0,0,0,0,0,1,0,0,0
2026,,2026-04-13,825024,home,ATH,TEX,701762,Nick Kurtz,16,1B,4,3,0,0,0,0,0,0,1,2,0,0,0
2026,,2026-04-13,825024,home,ATH,TEX,669127,Shea Langeliers,23,C,4,4,0,2,0,0,0,0,0,2,0,2,1
2026,,2026-04-13,825024,home,ATH,TEX,805779,Jacob Wilson,5,SS,4,4,0,0,0,0,0,0,0,0,0,0,2
2026,,2026-04-13,823964,away,NYM,LAD,666182,Bo Bichette,19,3B,3,3,0,0,0,0,0,0,0,0,0,0,0
2026,,2026-04-13,823964,away,NYM,LAD,621438,Tyrone Taylor,28,RF,3,3,0,0,0,0,0,0,0,0,0,0,1
2026,,2026-04-13,823964,away,NYM,LAD,682626,Francisco Alvarez,4,C,3,3,0,1,0,0,0,0,0,0,0,1,1
2026,,2026-04-13,823964,away,NYM,LAD,668901,Mark Vientos,27,1B,3,3,0,0,0,0,0,0,0,1,0,0,0
2026,,2026-04-13,823964,away,NYM,LAD,502054,Tommy Pham,39,LF,3,3,0,0,0,0,0,0,0,1,0,0,1
2026,,2026-04-13,823964,away,NYM,LAD,543760,Marcus Semien,10,2B,3,3,0,1,0,0,0,0,0,0,0,1,0
2026,,2026-04-13,823964,away,NYM,LAD,596019,Francisco Lindor,12,SS,4,4,0,0,0,0,0,0,0,0,0,0,1
2026,,2026-04-13,823964,away,NYM,LAD,593871,Jorge Polanco,11,DH,3,3,0,1,0,0,0,0,0,0,0,1,0
2026,,2026-04-13,823964,away,NYM,LAD,673357,Luis Robert Jr.,88,CF,3,3,0,0,0,0,0,0,0,0,0,0,0
2026,,2026-04-13,823964,home,LAD,NYM,669257,Will Smith,16,C,4,3,0,1,0,0,0,1,1,0,0,1,1
2026,,2026-04-13,823964,home,LAD,NYM,663656,Kyle Tucker,23,RF,4,2,1,0,0,0,0,0,2,1,0,0,1
2026,,2026-04-13,823964,home,LAD,NYM,571970,Max Muncy,13,3B,4,4,0,0,0,0,0,0,0,4,0,0,5
2026,,2026-04-13,823964,home,LAD,NYM,518692,Freddie Freeman,5,1B,4,4,1,2,1,0,0,0,0,1,0,3,5
2026,,2026-04-13,823964,home,LAD,NYM,669289,Santiago Espinal,21,2B,4,4,0,0,0,0,0,0,0,1,0,0,0
2026,,2026-04-13,823964,home,LAD,NYM,660271,Shohei Ohtani,17,DH,5,4,1,0,0,0,0,0,0,1,0,0,2
2026,,2026-04-13,823964,home,LAD,NYM,606192,Teoscar Hernández,37,LF,4,2,0,1,1,0,0,0,2,1,0,2,1
2026,,2026-04-13,823964,home,LAD,NYM,681624,Andy Pages,44,CF,4,4,1,1,0,0,1,3,0,2,0,4,7
2026,,2026-04-13,823964,home,LAD,NYM,500743,Miguel Rojas,72,SS,4,4,0,3,1,0,0,0,0,1,0,4,0
2026,,2026-04-14,824853,away,ARI,BAL,694374,Tim Tawa,13,LF,4,4,0,0,0,0,0,0,0,2,0,0,2
2026,,2026-04-14,824853,away,ARI,BAL,571448,Nolan Arenado,28,3B,4,4,0,0,0,0,0,0,0,1,0,0,3
2026,,2026-04-14,824853,away,ARI,BAL,663609,Luken Baker,21,1B,4,4,0,1,0,0,0,0,0,2,0,1,1
2026,,2026-04-14,824853,away,ARI,BAL,545121,Ildemaro Vargas,6,2B,5,5,1,1,0,0,1,3,0,2,0,4,3
2026,,2026-04-14,824853,away,ARI,BAL,672695,Geraldo Perdomo,2,SS,4,4,1,3,0,0,0,0,0,1,2,3,0
2026,,2026-04-14,824853,away,ARI,BAL,699912,Jose Fernandez,11,DH,4,4,0,2,1,0,0,1,0,2,0,3,1
2026,,2026-04-14,824853,away,ARI,BAL,682998,Corbin Carroll,7,RF,4,4,0,0,0,0,0,0,0,2,0,0,1
2026,,2026-04-14,824853,away,ARI,BAL,543510,James McCann,8,C,4,4,1,2,0,0,0,0,0,1,0,2,1
2026,,2026-04-14,824853,away,ARI,BAL,678489,Jorge Barrosa,1,CF,4,2,1,1,1,0,0,0,1,0,0,2,0
2026,,2026-04-14,824853,home,BAL,ARI,669236,Jeremiah Jackson,82,2B,4,4,0,2,1,0,0,0,0,0,0,3,3
2026,,2026-04-14,824853,home,BAL,ARI,694212,Samuel Basallo,29,C,4,3,1,2,0,0,1,1,1,0,0,5,0
2026,,2026-04-14,824853,home,BAL,ARI,683002,Gunnar Henderson,2,SS,5,5,0,0,0,0,0,0,0,2,0,0,0
2026,,2026-04-14,824853,home,BAL,ARI,665750,Leody Taveras,30,CF,4,3,0,1,0,0,0,2,1,0,0,1,1
2026,,2026-04-14,824853,home,BAL,ARI,621493,Taylor Ward,3,LF,5,5,1,1,0,0,0,0,0,0,1,1,0
2026,,2026-04-14,824853,home,BAL,ARI,687637,Dylan Beavers,12,DH,4,3,0,0,0,0,0,0,1,1,0,0,5
2026,,2026-04-14,824853,home,BAL,ARI,677942,Blaze Alexander,23,3B,4,3,0,0,0,0,0,0,0,1,0,0,2
2026,,2026-04-14,824853,home,BAL,ARI,624413,Pete Alonso,25,1B,4,2,1,0,0,0,0,0,2,1,0,0,0
2026,,2026-04-14,824853,home,BAL,ARI,681297,Colton Cowser,17,RF,4,3,0,1,0,0,0,0,1,0,0,1,3
2026,,2026-04-14,824292,away,KCR,DET,695600,Carter Jensen,22,DH,3,3,0,0,0,0,0,1,0,0,0,0,2
2026,,2026-04-14,824292,away,KCR,DET,663697,Jonathan India,6,2B,3,2,0,0,0,0,0,0,1,0,0,0,0
2026,,2026-04-14,824292,away,KCR,DET,686475,Tyler Tolbert,2,LF,2,2,0,0,0,0,0,0,0,0,0,0,2
2026,,2026-04-14,824292,away,KCR,DET,686555,Isaac Collins,1,LF,0,0,0,0,0,0,0,0,0,0,0,0,0
2026,,2026-04-14,824292,away,KCR,DET,521692,Salvador Perez,13,C,4,4,0,1,0,0,0,0,0,0,0,1,3
2026,,2026-04-14,824292,away,KCR,DET,516782,Starling Marte,0,RF,4,4,0,1,0,0,0,0,0,0,0,1,1
2026,,2026-04-14,824292,away,KCR,DET,686469,Vinnie Pasquantino,9,1B,4,4,1,0,0,0,0,0,0,1,0,0,3
2026,,2026-04-14,824292,away,KCR,DET,664728,Kyle Isbel,28,CF,1,1,0,0,0,0,0,0,0,1,0,0,0
2026,,2026-04-14,824292,away,KCR,DET,672580,Maikel Garcia,11,3B,4,4,0,1,0,0,0,0,0,1,0,1,0
2026,,2026-04-14,824292,away,KCR,DET,657041,Lane Thomas,15,LF,4,3,0,1,0,0,0,0,1,0,1,1,1
2026,,2026-04-14,824292,away,KCR,DET,677951,Bobby Witt Jr.,7,SS,4,4,0,1,0,0,0,0,0,1,0,1,1
2026,,2026-04-14,824292,home,DET,KCR,656716,Zach McKinstry,39,2B,3,3,1,1,1,0,0,0,0,0,0,2,1
2026,,2026-04-14,824292,home,DET,KCR,682985,Riley Greene,31,LF,3,3,0,0,0,0,0,0,0,1,0,0,3
2026,,2026-04-14,824292,home,DET,KCR,595879,Javier Báez,28,CF,3,3,0,0,0,0,0,0,0,0,0,0,3
2026,,2026-04-14,824292,home,DET,KCR,805808,Kevin McGonigle,7,SS,4,2,1,0,0,0,0,0,2,0,0,0,1
2026,,2026-04-14,824292,home,DET,KCR,679529,Spencer Torkelson,20,1B,3,1,0,0,0,0,0,0,2,1,0,0,0
2026,,2026-04-14,824292,home,DET,KCR,650402,Gleyber Torres,25,DH,4,4,0,0,0,0,0,0,0,0,0,0,1
2026,,2026-04-14,824292,home,DET,KCR,663837,Matt Vierling,8,CF,3,2,0,1,0,0,0,0,1,0,0,1,0
2026,,2026-04-14,824292,home,DET,KCR,693307,Dillon Dingler,13,C,4,4,0,2,1,0,0,1,0,0,0,3,3
2026,,2026-04-14,824292,home,DET,KCR,690993,Colt Keith,33,3B,1,1,0,0,0,0,0,0,0,0,0,0,1
2026,,2026-04-14,824292,home,DET,KCR,672761,Wenceel Pérez,46,RF,4,3,0,0,0,0,0,0,1,0,0,0,2
2026,,2026-04-14,823398,away,WSN,PIT,691781,Brady House,12,DH,4,4,1,2,1,0,0,1,0,1,0,3,2
2026,,2026-04-14,823398,away,WSN,PIT,682928,CJ Abrams,5,SS,4,4,1,3,1,0,1,2,0,0,0,7,0
2026,,2026-04-14,823398,away,WSN,PIT,683083,Nasim Nuñez,26,2B,4,3,1,0,0,0,0,0,1,0,0,0,1
2026,,2026-04-14,823398,away,WSN,PIT,686452,Drew Millas,14,C,3,3,0,0,0,0,0,0,0,0,0,0,2
2026,,2026-04-14,823398,away,WSN,PIT,678391,Jorbit Vivas,84,3B,4,3,0,1,0,0,0,0,0,1,0,1,1
2026,,2026-04-14,823398,away,WSN,PIT,686894,Joey Wiemer,21,RF,0,0,0,0,0,0,0,0,0,0,0,0,0
2026,,2026-04-14,823398,away,WSN,PIT,678554,Curtis Mead,45,1B,2,2,0,0,0,0,0,0,0,0,0,0,0
2026,,2026-04-14,823398,away,WSN,PIT,695734,Daylen Lile,4,LF,4,4,0,1,0,0,0,1,0,1,0,1,1
2026,,2026-04-14,823398,away,WSN,PIT,677588,José Tena,8,PH,1,1,0,1,0,0,0,0,0,0,0,1,0
2026,,2026-04-14,823398,away,WSN,PIT,695578,James Wood,29,RF,5,3,1,0,0,0,0,0,2,3,1,0,2
2026,,2026-04-14,823398,away,WSN,PIT,696285,Jacob Young,30,CF,4,4,0,0,0,0,0,0,0,2,0,0,2
2026,,2026-04-14,823398,away,WSN,PIT,660688,Keibert Ruiz,20,C,0,0,0,0,0,0,0,0,0,0,0,0,0
2026,,2026-04-14,823398,away,WSN,PIT,671277,Luis García Jr.,2,1B,3,2,1,1,0,0,0,1,1,0,0,1,2
2026,,2026-04-14,823398,home,PIT,WSN,694377,Nick Yorke,38,3B,2,2,0,0,0,0,0,0,0,0,0,0,5
2026,,2026-04-14,823398,home,PIT,WSN,687462,Spencer Horwitz,2,1B,2,2,0,0,0,0,0,0,0,0,0,0,1
2026,,2026-04-14,823398,home,PIT,WSN,664040,Brandon Lowe,5,2B,3,2,2,1,0,0,1,1,1,1,0,4,0
2026,,2026-04-14,823398,home,PIT,WSN,663698,Joey Bart,14,C,4,3,1,1,0,0,1,1,1,1,0,4,2
2026,,2026-04-14,823398,home,PIT,WSN,668804,Bryan Reynolds,10,RF,4,3,1,1,0,0,0,0,1,1,0,1,0
2026,,2026-04-14,823398,home,PIT,WSN,665833,Oneil Cruz,15,CF,5,5,0,0,0,0,0,0,0,3,0,0,4
2026,,2026-04-14,823398,home,PIT,WSN,663968,Jake Mangum,28,LF,2,2,0,1,0,0,0,0,0,0,0,1,0
2026,,2026-04-14,823398,home,PIT,WSN,695257,Billy Cook,25,PR,0,0,0,0,0,0,0,0,0,0,0,0,0
2026,,2026-04-14,823398,home,PIT,WSN,804606,Konnor Griffin,6,SS,4,4,0,2,1,0,0,0,0,0,0,3,0
2026,,2026-04-14,823398,home,PIT,WSN,656811,Ryan O'Hearn,29,1B,4,3,0,0,0,0,0,0,1,0,0,0,3
2026,,2026-04-14,823398,home,PIT,WSN,693304,Nick Gonzales,3,2B,4,4,0,0,0,0,0,1,0,1,0,0,4
2026,,2026-04-14,823398,home,PIT,WSN,542303,Marcell Ozuna,24,DH,4,4,0,2,1,0,0,1,0,0,0,3,1
2026,,2026-04-14,824531,away,SFG,CIN,669477,Casey Schmitt,10,DH,4,3,0,0,0,0,0,0,0,1,0,0,1
2026,,2026-04-14,824531,away,SFG,CIN,671218,Heliot Ramos,17,LF,4,4,0,0,0,0,0,0,0,1,0,0,3
2026,,2026-04-14,824531,away,SFG,CIN,672275,Patrick Bailey,14,C,3,3,0,0,0,0,0,0,0,0,0,0,1
2026,,2026-04-14,824531,away,SFG,CIN,656305,Matt Chapman,26,3B,4,4,0,0,0,0,0,0,0,0,0,0,3
2026,,2026-04-14,824531,away,SFG,CIN,808982,Jung Hoo Lee,51,RF,4,4,0,2,1,0,0,0,0,0,0,3,1
2026,,2026-04-14,824531,away,SFG,CIN,646240,Rafael Devers,16,1B,4,3,0,0,0,0,0,0,1,1,0,0,1
2026,,2026-04-14,824531,away,SFG,CIN,666931,Jared Oliva,56,CF,3,3,0,0,0,0,0,0,0,1,0,0,0
2026,,2026-04-14,824531,away,SFG,CIN,642715,Willy Adames,2,SS,4,4,1,2,0,0,1,1,0,1,0,5,0
2026,,2026-04-14,824531,away,SFG,CIN,650333,Luis Arraez,1,2B,4,4,0,3,0,0,0,0,0,0,0,3,1
2026,,2026-04-14,824531,away,SFG,CIN,691740,Daniel Susac,6,PH,1,1,0,0,0,0,0,0,0,0,0,0,0
2026,,2026-04-14,824531,home,CIN,SFG,682829,Elly De La Cruz,44,SS,3,3,0,1,0,0,0,0,0,1,0,1,1
2026,,2026-04-14,824531,home,CIN,SFG,667472,Dane Myers,17,CF,4,3,0,0,0,0,0,0,1,1,0,0,1
2026,,2026-04-14,824531,home,CIN,SFG,701398,Sal Stewart,27,1B,3,3,1,1,0,0,1,1,0,2,0,4,2
2026,,2026-04-14,824531,home,CIN,SFG,680574,Matt McLain,9,2B,4,2,0,0,0,0,0,0,2,0,0,0,1
2026,,2026-04-14,824531,home,CIN,SFG,663647,Ke'Bryan Hayes,3,3B,3,3,0,0,0,0,0,0,0,0,0,0,1
2026,,2026-04-14,824531,home,CIN,SFG,666181,Will Benson,30,LF,0,0,0,0,0,0,0,0,0,0,0,0,0
2026,,2026-04-14,824531,home,CIN,SFG,668715,Spencer Steer,7,LF,3,3,1,1,0,0,1,1,0,0,0,4,1
2026,,2026-04-14,824531,home,CIN,SFG,663886,Tyler Stephenson,37,C,3,2,0,0,0,0,0,0,1,2,0,0,0
2026,,2026-04-14,824531,home,CIN,SFG,553993,Eugenio Suárez,28,DH,3,2,0,0,0,0,0,0,1,1,0,0,2
2026,,2026-04-14,824531,home,CIN,SFG,677956,Rece Hinds,57,RF,3,3,0,0,0,0,0,0,0,2,0,0,1
2026,,2026-04-14,823478,away,CHC,PHI,624424,Michael Conforto,20,DH,1,1,0,0,0,0,0,0,0,1,0,0,0
2026,,2026-04-14,823478,away,CHC,PHI,664023,Ian Happ,8,LF,5,5,0,2,1,0,0,1,0,2,0,3,4
2026,,2026-04-14,823478,away,CHC,PHI,608324,Alex Bregman,3,3B,5,5,0,3,0,0,0,3,0,1,0,3,1
2026,,2026-04-14,823478,away,CHC,PHI,683737,Michael Busch,29,1B,6,4,1,2,0,0,0,0,2,1,0,2,1
2026,,2026-04-14,823478,away,CHC,PHI,608348,Carson Kelly,15,C,5,4,2,2,0,0,1,3,1,0,0,5,2
2026,,2026-04-14,823478,away,CHC,PHI,691718,Pete Crow-Armstrong,4,CF,5,4,2,2,1,0,0,0,0,1,0,3,1
2026,,2026-04-14,823478,away,CHC,PHI,665804,Miguel Amaya,9,DH,1,0,1,0,0,0,0,0,1,0,0,0,0
2026,,2026-04-14,823478,away,CHC,PHI,694208,Moisés Ballesteros,25,DH,2,2,0,1,0,0,0,0,0,0,0,1,0
2026,,2026-04-14,823478,away,CHC,PHI,673548,Seiya Suzuki,27,RF,5,5,1,1,0,0,0,0,0,3,0,1,7
2026,,2026-04-14,823478,away,CHC,PHI,621020,Dansby Swanson,7,SS,5,3,2,0,0,0,0,0,2,1,0,0,4
2026,,2026-04-14,823478,away,CHC,PHI,663538,Nico Hoerner,2,2B,6,6,1,2,0,0,0,3,0,1,0,2,4
2026,,2026-04-14,823478,away,CHC,PHI,807713,Matt Shaw,6,DH,1,1,0,0,0,0,0,0,0,0,0,0,0
2026,,2026-04-14,823478,home,PHI,CHC,669016,Brandon Marsh,16,LF,3,3,1,1,0,0,0,0,0,0,0,1,0
2026,,2026-04-14,823478,home,PHI,CHC,702222,Justin Crawford,2,CF,3,3,0,0,0,0,0,0,0,1,0,0,1
2026,,2026-04-14,823478,home,PHI,CHC,547180,Bryce Harper,3,1B,4,4,0,0,0,0,0,0,0,1,0,0,2
2026,,2026-04-14,823478,home,PHI,CHC,592663,J.T. Realmuto,10,C,4,4,1,2,0,0,0,0,0,0,0,2,0
2026,,2026-04-14,823478,home,PHI,CHC,624641,Edmundo Sosa,33,3B,4,4,2,2,1,0,1,3,0,0,0,6,1
2026,,2026-04-14,823478,home,PHI,CHC,664761,Alec Bohm,28,PH,1,1,0,0,0,0,0,0,0,1,0,0,3
2026,,2026-04-14,823478,home,PHI,CHC,681082,Bryson Stott,5,2B,4,4,0,1,0,0,0,0,0,1,0,1,3
2026,,2026-04-14,823478,home,PHI,CHC,656941,Kyle Schwarber,12,DH,4,4,0,1,0,0,0,0,0,2,0,1,0
2026,,2026-04-14,823478,home,PHI,CHC,805249,Otto Kemp,4,LF,0,0,0,0,0,0,0,0,0,0,0,0,0
2026,,2026-04-14,823478,home,PHI,CHC,666969,Adolis García,53,RF,4,3,0,0,0,0,0,0,1,1,0,0,0
2026,,2026-04-14,823478,home,PHI,CHC,607208,Trea Turner,7,SS,4,4,0,1,0,0,0,1,0,1,0,1,0
2026,,2026-04-14,823562,away,LAA,NYY,624428,Adam Frazier,20,2B,1,1,0,0,0,0,0,0,0,0,0,0,2
2026,,2026-04-14,823562,away,LAA,NYY,672724,Oswald Peraza,2,3B,4,3,1,3,0,0,1,1,1,0,0,6,0
2026,,2026-04-14,823562,away,LAA,NYY,687263,Zach Neto,9,SS,5,5,0,0,0,0,0,0,0,4,0,0,6
2026,,2026-04-14,823562,away,LAA,NYY,624585,Jorge Soler,12,DH,5,3,2,1,0,0,1,1,2,1,0,4,1
2026,,2026-04-14,823562,away,LAA,NYY,660162,Yoán Moncada,10,3B,4,4,1,2,0,0,1,3,0,2,0,5,1
2026,,2026-04-14,823562,away,LAA,NYY,545361,Mike Trout,27,CF,5,5,1,1,0,0,1,1,0,2,0,4,6
2026,,2026-04-14,823562,away,LAA,NYY,666176,Jo Adell,7,RF,5,5,1,2,0,0,1,1,0,1,0,5,0
2026,,2026-04-14,823562,away,LAA,NYY,687093,Vaughn Grissom,5,1B,5,3,1,2,0,0,0,0,2,1,0,2,0
2026,,2026-04-14,823562,away,LAA,NYY,669326,Bryce Teodosio,22,LF,4,4,0,1,0,0,0,0,0,1,0,1,4
2026,,2026-04-14,823562,away,LAA,NYY,681351,Logan O'Hoppe,14,C,5,4,0,0,0,0,0,0,1,0,0,0,4
2026,,2026-04-14,823562,home,NYY,LAA,676609,José Caballero,72,SS,3,3,0,0,0,0,0,0,0,1,0,0,2
2026,,2026-04-14,823562,home,NYY,LAA,545341,Randal Grichuk,34,LF,3,3,1,1,1,0,0,0,0,1,0,2,0
2026,,2026-04-14,823562,home,NYY,LAA,642708,Amed Rosario,14,3B,4,4,0,1,0,0,0,0,0,0,0,1,1
2026,,2026-04-14,823562,home,NYY,LAA,592450,Aaron Judge,99,RF,4,4,0,1,1,0,0,0,0,2,0,2,0
2026,,2026-04-14,823562,home,NYY,LAA,641857,Ryan McMahon,19,3B,2,2,0,1,0,0,0,0,0,0,0,1,0
2026,,2026-04-14,823562,home,NYY,LAA,502671,Paul Goldschmidt,48,1B,3,3,0,0,0,0,0,0,0,1,0,0,1
2026,,2026-04-14,823562,home,NYY,LAA,669224,Austin Wells,28,C,3,3,0,1,0,0,0,0,0,0,0,1,0
2026,,2026-04-14,823562,home,NYY,LAA,700250,Ben Rice,22,1B,1,0,0,0,0,0,0,1,0,0,0,0,0
2026,,2026-04-14,823562,home,NYY,LAA,519317,Giancarlo Stanton,27,DH,4,4,0,0,0,0,0,0,0,3,0,0,2
2026,,2026-04-14,823562,home,NYY,LAA,665862,Jazz Chisholm Jr.,13,2B,1,1,0,0,0,0,0,0,0,1,0,0,1
2026,,2026-04-14,823562,home,NYY,LAA,663757,Trent Grisham,12,CF,4,4,0,0,0,0,0,0,0,3,0,0,2
2026,,2026-04-14,824935,away,MIA,ATL,805300,Jakob Marsee,87,CF,4,3,1,2,0,0,0,1,1,0,1,2,0
2026,,2026-04-14,824935,away,MIA,ATL,691594,Javier Sanoja,8,LF,4,4,0,2,0,0,0,0,0,1,1,2,0
2026,,2026-04-14,824935,away,MIA,ATL,669364,Xavier Edwards,9,2B,4,3,0,0,0,0,0,0,1,0,0,0,2
2026,,2026-04-14,824935,away,MIA,ATL,688363,Graham Pauley,21,3B,4,4,1,1,1,0,0,1,0,1,0,2,1
2026,,2026-04-14,824935,away,MIA,ATL,689414,Liam Hicks,34,1B,4,4,0,1,0,0,0,0,0,1,0,1,0
2026,,2026-04-14,824935,away,MIA,ATL,683357,Owen Caissie,17,RF,4,4,0,0,0,0,0,0,0,4,0,0,3
2026,,2026-04-14,824935,away,MIA,ATL,682663,Agustín Ramírez,50,C,4,3,1,1,0,0,0,1,0,1,0,1,1
2026,,2026-04-14,824935,away,MIA,ATL,681393,Connor Norby,1,DH,4,4,1,1,0,0,0,1,0,2,0,1,0
2026,,2026-04-14,824935,away,MIA,ATL,672640,Otto Lopez,6,SS,4,3,1,1,0,0,0,1,1,1,1,1,0
2026,,2026-04-14,824935,home,ATL,MIA,671739,Michael Harris II,23,CF,4,4,0,0,0,0,0,0,0,2,0,0,3
2026,,2026-04-14,824935,home,ATL,MIA,622761,Jorge Mateo,2,DH,0,0,0,0,0,0,0,0,0,0,0,0,0
2026,,2026-04-14,824935,home,ATL,MIA,643289,Mauricio Dubón,14,SS,3,3,1,1,0,0,0,0,0,2,0,1,1
2026,,2026-04-14,824935,home,ATL,MIA,686948,Drake Baldwin,30,C,4,4,2,2,1,0,0,1,0,1,0,3,1
2026,,2026-04-14,824935,home,ATL,MIA,621566,Matt Olson,28,1B,4,4,0,1,1,0,0,1,0,1,0,2,2
2026,,2026-04-14,824935,home,ATL,MIA,642086,Dominic Smith,8,DH,4,4,0,3,1,0,0,4,0,0,0,4,0
2026,,2026-04-14,824935,home,ATL,MIA,660670,Ronald Acuña Jr.,13,RF,4,3,0,0,0,0,0,0,1,0,1,0,2
2026,,2026-04-14,824935,home,ATL,MIA,645277,Ozzie Albies,1,2B,4,3,2,1,1,0,0,0,0,0,0,2,0
2026,,2026-04-14,824935,home,ATL,MIA,663586,Austin Riley,27,3B,4,4,0,0,0,0,0,0,0,0,0,0,2
2026,,2026-04-14,824935,home,ATL,MIA,573262,Mike Yastrzemski,18,LF,4,4,1,1,0,0,0,0,0,1,0,1,1
2026,,2026-04-14,823723,away,BOS,MIN,701350,Roman Anthony,19,LF,4,4,0,2,1,0,0,0,0,1,0,3,1
2026,,2026-04-14,823723,away,BOS,MIN,575929,Willson Contreras,40,1B,2,1,0,0,0,0,0,0,0,1,0,0,1
2026,,2026-04-14,823723,away,BOS,MIN,596115,Trevor Story,10,SS,4,4,0,1,0,0,0,0,0,2,0,1,1
2026,,2026-04-14,823723,away,BOS,MIN,677800,Wilyer Abreu,52,RF,4,4,0,0,0,0,0,0,0,1,0,0,2
2026,,2026-04-14,823723,away,BOS,MIN,655316,Andruw Monasterio,32,1B,2,2,0,0,0,0,0,0,0,2,0,0,3
2026,,2026-04-14,823723,away,BOS,MIN,643396,Isiah Kiner-Falefa,2,2B,3,3,0,1,0,0,0,0,0,0,0,1,0
2026,,2026-04-14,823723,away,BOS,MIN,702332,Caleb Durbin,5,3B,4,3,0,0,0,0,0,0,1,0,0,0,1
2026,,2026-04-14,823723,away,BOS,MIN,665966,Carlos Narváez,75,C,4,4,0,0,0,0,0,0,0,4,0,0,1
2026,,2026-04-14,823723,away,BOS,MIN,680776,Jarren Duran,16,CF,4,4,0,0,0,0,0,0,0,1,0,0,1
2026,,2026-04-14,823723,away,BOS,MIN,807799,Masataka Yoshida,7,DH,4,4,0,2,0,0,0,0,0,0,0,2,2
2026,,2026-04-14,823723,home,MIN,BOS,605170,Victor Caratini,37,C,4,3,0,0,0,0,0,0,0,1,0,0,0
2026,,2026-04-14,823723,home,MIN,BOS,665019,Kody Clemens,2,1B,4,3,0,1,0,0,0,0,0,1,1,1,3
2026,,2026-04-14,823723,home,MIN,BOS,686797,Brooks Lee,22,SS,4,4,1,1,0,0,1,1,0,1,0,4,2
2026,,2026-04-14,823723,home,MIN,BOS,656484,Tristan Gray,4,3B,4,4,1,1,0,0,0,0,0,2,0,1,2
2026,,2026-04-14,823723,home,MIN,BOS,605137,Josh Bell,56,DH,4,4,0,0,0,0,0,0,0,0,0,0,2
2026,,2026-04-14,823723,home,MIN,BOS,663616,Trevor Larnach,9,LF,4,3,0,1,0,0,0,2,1,1,0,1,1
2026,,2026-04-14,823723,home,MIN,BOS,621439,Byron Buxton,25,CF,5,5,4,4,0,0,2,2,0,1,0,10,1
2026,,2026-04-14,823723,home,MIN,BOS,670242,Matt Wallner,38,RF,4,3,0,0,0,0,0,0,1,1,0,0,1
2026,,2026-04-14,823723,home,MIN,BOS,807712,Luke Keaschall,15,2B,4,4,0,2,0,0,0,1,0,0,0,2,1
2026,,2026-04-14,824616,away,TBR,CHW,670764,Taylor Walls,6,SS,4,3,0,1,0,0,0,0,1,1,1,1,1
2026,,2026-04-14,824616,away,TBR,CHW,668723,Ryan Vilade,26,RF,5,5,3,3,1,0,0,1,0,1,0,4,1
2026,,2026-04-14,824616,away,TBR,CHW,802415,Chandler Simpson,14,LF,5,3,0,1,0,0,0,0,0,0,0,1,2
2026,,2026-04-14,824616,away,TBR,CHW,676356,Jonny DeLuca,21,CF,5,5,0,1,1,0,0,1,0,2,0,2,3
2026,,2026-04-14,824616,away,TBR,CHW,666018,Jonathan Aranda,8,1B,5,3,1,1,0,0,0,0,2,2,0,1,0
2026,,2026-04-14,824616,away,TBR,CHW,663743,Nick Fortes,40,C,4,4,1,1,0,0,0,1,0,0,0,1,1
2026,,2026-04-14,824616,away,TBR,CHW,650490,Yandy Díaz,2,DH,5,5,0,2,0,0,0,1,0,0,0,2,1
2026,,2026-04-14,824616,away,TBR,CHW,810938,Ben Williamson,15,2B,5,3,2,2,2,0,0,3,1,1,0,4,0
2026,,2026-04-14,824616,away,TBR,CHW,691406,Junior Caminero,13,3B,5,3,1,0,0,0,0,0,2,0,0,0,5
2026,,2026-04-14,824616,home,CHW,TBR,671976,Tristan Peters,29,CF,1,1,0,1,0,0,0,0,0,0,0,1,0
2026,,2026-04-14,824616,home,CHW,TBR,695020,Tanner Murray,41,LF,2,2,0,1,0,0,0,0,0,0,0,1,1
2026,,2026-04-14,824616,home,CHW,TBR,682668,Luisangel Acuña,0,SS,4,4,0,0,0,0,0,0,0,1,0,0,3
2026,,2026-04-14,824616,home,CHW,TBR,687957,Dustin Harris,37,RF,2,1,0,0,0,0,0,0,1,0,0,0,0
2026,,2026-04-14,824616,home,CHW,TBR,808959,Munetaka Murakami,5,1B,5,3,2,1,0,0,1,2,2,0,0,4,1
2026,,2026-04-14,824616,home,CHW,TBR,805367,Chase Meidroth,10,2B,5,3,1,1,0,0,0,0,1,0,1,1,1
2026,,2026-04-14,824616,home,CHW,TBR,695657,Colson Montgomery,12,DH,4,4,0,0,0,0,0,0,0,1,0,0,1
2026,,2026-04-14,824616,home,CHW,TBR,700337,Edgar Quero,26,C,5,4,0,0,0,0,0,0,1,1,1,0,4
2026,,2026-04-14,824616,home,CHW,TBR,643217,Andrew Benintendi,23,LF,2,1,0,0,0,0,0,0,1,1,0,0,0
2026,,2026-04-14,824616,home,CHW,TBR,677592,Everson Pereira,28,CF,4,4,1,1,0,0,1,3,0,2,0,4,3
2026,,2026-04-14,824616,home,CHW,TBR,656537,Derek Hill,25,CF,2,2,0,0,0,0,0,0,0,0,1,0,3
2026,,2026-04-14,824616,home,CHW,TBR,678246,Miguel Vargas,20,3B,5,4,1,0,0,0,0,0,1,0,0,0,2
2026,,2026-04-14,823802,away,TOR,MIL,672820,Lenyn Sosa,50,PH,1,1,1,1,0,0,0,0,0,0,0,1,0
2026,,2026-04-14,823802,away,TOR,MIL,676391,Ernie Clement,22,2B,5,5,1,1,0,0,0,1,0,1,0,1,1
2026,,2026-04-14,823802,away,TOR,MIL,662139,Daulton Varsho,5,CF,5,5,1,2,0,0,1,1,0,1,0,5,1
2026,,2026-04-14,823802,away,TOR,MIL,665926,Andrés Giménez,0,SS,4,4,1,1,0,0,1,2,0,1,0,4,2
2026,,2026-04-14,823802,away,TOR,MIL,678218,Brandon Valenzuela,59,C,2,2,0,0,0,0,0,0,0,1,0,0,0
2026,,2026-04-14,823802,away,TOR,MIL,676914,Davis Schneider,36,LF,3,3,1,1,1,0,0,0,0,1,0,2,0
2026,,2026-04-14,823802,away,TOR,MIL,664770,Nathan Lukes,38,RF,2,2,0,0,0,0,0,0,0,1,0,0,1
2026,,2026-04-14,823802,away,TOR,MIL,623168,Tyler Heineman,55,C,1,1,0,0,0,0,0,0,0,0,0,0,1
2026,,2026-04-14,823802,away,TOR,MIL,665489,Vladimir Guerrero Jr.,27,1B,5,5,1,2,1,0,0,2,0,0,0,3,1
2026,,2026-04-14,823802,away,TOR,MIL,660821,Jesús Sánchez,12,RF,5,4,1,2,0,0,0,0,1,0,0,2,2
2026,,2026-04-14,823802,away,TOR,MIL,650391,Eloy Jiménez,74,DH,4,3,0,0,0,0,0,0,1,0,0,0,3
2026,,2026-04-14,823802,away,TOR,MIL,664702,Myles Straw,3,DH,1,1,1,1,1,0,0,2,0,0,0,2,0
2026,,2026-04-14,823802,away,TOR,MIL,672960,Kazuma Okamoto,7,3B,4,4,1,2,0,0,0,1,0,1,0,2,1
2026,,2026-04-14,823802,home,MIL,TOR,650859,Luis Rengifo,13,3B,3,3,0,0,0,0,0,0,0,1,0,0,4
2026,,2026-04-14,823802,home,MIL,TOR,687401,Joey Ortiz,3,SS,5,4,1,0,0,0,0,0,0,1,0,0,5
2026,,2026-04-14,823802,home,MIL,TOR,641343,Jake Bauers,9,1B,5,4,1,1,0,0,1,3,1,1,0,4,2
2026,,2026-04-14,823802,home,MIL,TOR,686217,Sal Frelick,10,RF,6,4,1,1,0,0,0,0,2,1,1,1,3
2026,,2026-04-14,823802,home,MIL,TOR,663604,Brandon Lockridge,20,LF,2,2,0,1,1,0,0,1,0,0,0,2,0
2026,,2026-04-14,823802,home,MIL,TOR,669003,Garrett Mitchell,5,CF,5,3,0,1,0,0,0,0,2,1,0,1,1
2026,,2026-04-14,823802,home,MIL,TOR,666152,David Hamilton,6,3B,2,2,0,0,0,0,0,0,0,2,0,0,1
2026,,2026-04-14,823802,home,MIL,TOR,661388,William Contreras,24,C,6,5,0,2,0,0,0,1,1,0,0,2,2
2026,,2026-04-14,823802,home,MIL,TOR,668930,Brice Turang,2,2B,6,6,2,3,0,0,0,1,0,3,1,3,3
2026,,2026-04-14,823802,home,MIL,TOR,682641,Luis Matos,21,LF,3,3,0,2,0,0,0,0,0,0,0,2,0
2026,,2026-04-14,823802,home,MIL,TOR,596142,Gary Sánchez,99,DH,6,5,2,1,0,0,1,1,1,2,0,4,6
2026,,2026-04-14,823072,away,CLE,STL,671655,George Valera,7,RF,4,4,0,1,1,0,0,1,0,0,0,2,2
2026,,2026-04-14,823072,away,CLE,STL,800050,Chase DeLauter,24,DH,5,5,0,0,0,0,0,0,0,1,0,0,0
2026,,2026-04-14,823072,away,CLE,STL,682177,Daniel Schneemann,10,CF,4,2,1,1,0,0,1,1,2,0,0,4,1
2026,,2026-04-14,823072,away,CLE,STL,677587,Brayan Rocchio,4,SS,4,4,0,1,0,0,0,0,0,2,0,1,1
2026,,2026-04-14,823072,away,CLE,STL,666310,Bo Naylor,23,C,2,2,0,1,0,0,0,0,0,0,0,1,2
2026,,2026-04-14,823072,away,CLE,STL,681807,David Fry,6,C,2,2,0,0,0,0,0,0,0,0,0,0,2
2026,,2026-04-14,823072,away,CLE,STL,608070,José Ramírez,11,3B,5,4,2,2,0,0,1,1,1,1,1,5,1
2026,,2026-04-14,823072,away,CLE,STL,680757,Steven Kwan,38,LF,5,5,0,0,0,0,0,0,0,0,0,0,1
2026,,2026-04-14,823072,away,CLE,STL,682877,Juan Brito,34,2B,1,1,1,0,0,0,0,0,0,0,0,0,1
2026,,2026-04-14,823072,away,CLE,STL,682657,Angel Martínez,1,RF,4,4,0,1,1,0,0,2,0,0,0,2,2
2026,,2026-04-14,823072,away,CLE,STL,700932,Kyle Manzardo,9,1B,5,5,1,2,1,0,0,0,0,2,0,3,2
2026,,2026-04-14,823072,home,STL,CLE,669357,Nolan Gorman,16,3B,1,1,0,0,0,0,0,0,0,0,0,0,0
2026,,2026-04-14,823072,home,STL,CLE,691023,Jordan Walker,18,RF,4,4,0,1,0,0,0,0,0,1,1,1,1
2026,,2026-04-14,823072,home,STL,CLE,687363,Victor Scott II,11,CF,2,2,0,1,0,0,0,0,0,0,0,1,0
2026,,2026-04-14,823072,home,STL,CLE,701675,Nathan Church,27,CF,1,0,0,0,0,0,0,1,0,0,0,0,0
2026,,2026-04-14,823072,home,STL,CLE,665877,José Fermín,15,PH,1,0,1,0,0,0,0,0,1,0,0,0,0
2026,,2026-04-14,823072,home,STL,CLE,802139,JJ Wetherholt,26,2B,4,4,2,2,0,0,2,3,0,1,0,8,1
2026,,2026-04-14,823072,home,STL,CLE,676475,Alec Burleson,41,1B,4,4,0,1,0,0,0,0,0,1,0,1,2
2026,,2026-04-14,823072,home,STL,CLE,695336,Thomas Saggese,25,LF,4,4,1,0,0,0,0,0,0,3,0,0,1
2026,,2026-04-14,823072,home,STL,CLE,650968,Yohel Pozo,63,DH,4,4,0,1,1,0,0,1,0,0,0,2,2
2026,,2026-04-14,823072,home,STL,CLE,602104,Ramón Urías,29,3B,3,2,0,0,0,0,0,0,1,0,0,0,2
2026,,2026-04-14,823072,home,STL,CLE,691026,Masyn Winn,0,SS,4,4,1,1,0,0,0,0,0,2,0,1,2
2026,,2026-04-14,823072,home,STL,CLE,671056,Iván Herrera,48,C,4,3,1,1,0,0,1,1,1,0,0,4,0
2026,,2026-04-14,824210,away,COL,HOU,666160,Mickey Moniak,22,CF,3,3,0,0,0,0,0,0,0,0,0,0,6
2026,,2026-04-14,824210,away,COL,HOU,664983,Jake McCarthy,31,CF,3,3,0,2,0,1,0,2,0,1,0,4,0
2026,,2026-04-14,824210,away,COL,HOU,687859,Troy Johnston,20,LF,1,1,0,1,0,0,0,1,0,0,0,1,0
2026,,2026-04-14,824210,away,COL,HOU,650489,Willi Castro,3,3B,5,5,0,0,0,0,0,0,0,3,0,0,1
2026,,2026-04-14,824210,away,COL,HOU,671289,Tyler Freeman,2,DH,5,3,0,0,0,0,0,0,1,1,0,0,3
2026,,2026-04-14,824210,away,COL,HOU,666397,Edouard Julien,6,2B,0,0,0,0,0,0,0,0,0,0,0,0,0
2026,,2026-04-14,824210,away,COL,HOU,696100,Hunter Goodman,15,C,5,5,2,2,0,0,2,2,0,3,0,8,1
2026,,2026-04-14,824210,away,COL,HOU,687597,Jordan Beck,27,RF,5,5,2,2,0,0,1,1,0,1,0,5,4
2026,,2026-04-14,824210,away,COL,HOU,664954,Brett Sullivan,26,PR,0,0,0,0,0,0,0,0,0,0,0,0,0
2026,,2026-04-14,824210,away,COL,HOU,686668,Brenton Doyle,9,CF,2,2,0,1,0,0,0,0,0,1,0,1,0
2026,,2026-04-14,824210,away,COL,HOU,678662,Ezequiel Tovar,14,SS,5,4,1,1,0,0,0,0,1,2,0,1,1
2026,,2026-04-14,824210,away,COL,HOU,681198,TJ Rumfield,7,1B,5,4,0,1,0,0,0,0,1,0,0,1,0
2026,,2026-04-14,824210,away,COL,HOU,691720,Kyle Karros,12,3B,4,3,1,2,0,0,0,0,1,0,0,2,0
2026,,2026-04-14,824210,home,HOU,COL,670623,Isaac Paredes,15,3B,4,3,0,0,0,0,0,0,1,0,0,0,0
2026,,2026-04-14,824210,home,HOU,COL,701358,Cam Smith,11,RF,4,4,1,1,0,0,0,1,0,1,0,1,3
2026,,2026-04-14,824210,home,HOU,COL,694728,Brice Matthews,0,LF,2,2,0,0,0,0,0,0,0,1,0,0,3
2026,,2026-04-14,824210,home,HOU,COL,514888,Jose Altuve,27,2B,5,5,1,0,0,0,0,0,0,2,0,0,3
2026,,2026-04-14,824210,home,HOU,COL,666211,Taylor Trammell,26,CF,2,2,0,1,0,0,0,0,0,1,0,1,0
2026,,2026-04-14,824210,home,HOU,COL,694388,Joey Loperfido,10,LF,4,4,0,2,1,0,0,1,0,1,0,3,2
2026,,2026-04-14,824210,home,HOU,COL,621043,Carlos Correa,1,SS,4,4,1,1,0,0,0,0,0,0,0,1,2
2026,,2026-04-14,824210,home,HOU,COL,572233,Christian Walker,8,1B,4,4,2,3,0,0,1,2,0,0,0,6,1
2026,,2026-04-14,824210,home,HOU,COL,543877,Christian Vázquez,2,C,4,4,1,2,1,0,0,1,0,2,0,3,2
2026,,2026-04-14,824210,home,HOU,COL,670541,Yordan Alvarez,44,DH,4,4,1,1,1,0,0,2,0,1,0,2,0
2026,,2026-04-14,823315,away,SEA,SDP,647304,Josh Naylor,12,1B,4,4,0,1,0,0,0,0,0,0,0,1,2
2026,,2026-04-14,823315,away,SEA,SDP,702284,Cole Young,2,2B,3,3,0,0,0,0,0,0,0,1,0,0,3
2026,,2026-04-14,823315,away,SEA,SDP,668227,Randy Arozarena,56,LF,4,4,1,2,0,0,0,0,0,1,0,2,2
2026,,2026-04-14,823315,away,SEA,SDP,641487,J.P. Crawford,3,SS,4,3,0,0,0,0,0,0,0,0,0,0,2
2026,,2026-04-14,823315,away,SEA,SDP,621550,Patrick Wisdom,35,DH,1,1,0,0,0,0,0,0,0,1,0,0,0
2026,,2026-04-14,823315,away,SEA,SDP,686527,Dominic Canzone,8,DH,2,1,0,0,0,0,0,1,0,0,0,0,1
2026,,2026-04-14,823315,away,SEA,SDP,663728,Cal Raleigh,29,C,4,4,0,0,0,0,0,0,0,2,0,0,1
2026,,2026-04-14,823315,away,SEA,SDP,680977,Brendan Donovan,33,3B,4,3,0,0,0,0,0,0,0,0,0,0,0
2026,,2026-04-14,823315,away,SEA,SDP,677594,Julio Rodríguez,44,CF,4,2,0,0,0,0,0,0,2,1,0,0,1
2026,,2026-04-14,823315,away,SEA,SDP,670042,Luke Raley,20,RF,4,3,0,1,0,0,0,0,1,1,0,1,1
2026,,2026-04-14,823315,home,SDP,SEA,669134,Luis Campusano,12,C,4,4,0,1,0,0,0,0,0,1,0,1,3
2026,,2026-04-14,823315,home,SDP,SEA,701538,Jackson Merrill,3,CF,4,4,2,3,1,0,0,0,0,0,1,4,1
2026,,2026-04-14,823315,home,SDP,SEA,657757,Gavin Sheets,30,DH,4,3,0,0,0,0,0,0,1,1,0,0,3
2026,,2026-04-14,823315,home,SDP,SEA,657656,Ramón Laureano,5,LF,4,4,1,2,0,1,0,0,0,1,0,4,1
2026,,2026-04-14,823315,home,SDP,SEA,592518,Manny Machado,13,3B,4,4,0,0,0,0,0,0,0,0,0,0,5
2026,,2026-04-14,823315,home,SDP,SEA,665487,Fernando Tatis Jr.,23,RF,4,4,1,1,0,0,0,1,0,1,0,1,2
2026,,2026-04-14,823315,home,SDP,SEA,664034,Ty France,25,1B,4,4,0,1,0,0,0,0,0,0,0,1,2
2026,,2026-04-14,823315,home,SDP,SEA,593428,Xander Bogaerts,2,SS,4,4,0,3,0,0,0,3,0,0,0,3,0
2026,,2026-04-14,823315,home,SDP,SEA,630105,Jake Cronenworth,9,2B,3,3,0,0,0,0,0,0,0,0,0,0,1
2026,,2026-04-14,825022,away,TEX,ATH,694497,Evan Carter,32,CF,1,1,0,0,0,0,0,0,0,1,0,0,0
2026,,2026-04-14,825022,away,TEX,ATH,694671,Wyatt Langford,36,DH,4,3,0,0,0,0,0,0,1,1,0,0,1
2026,,2026-04-14,825022,away,TEX,ATH,669394,Jake Burger,21,1B,4,4,0,1,0,0,0,1,0,1,0,1,2
2026,,2026-04-14,825022,away,TEX,ATH,592626,Joc Pederson,3,PH,1,1,0,0,0,0,0,0,0,0,0,0,0
2026,,2026-04-14,825022,away,TEX,ATH,608369,Corey Seager,5,SS,4,3,0,0,0,0,0,0,1,0,0,0,1
2026,,2026-04-14,825022,away,TEX,ATH,673962,Josh Jung,6,3B,4,4,0,1,1,0,0,0,0,1,0,2,2
2026,,2026-04-14,825022,away,TEX,ATH,457705,Andrew McCutchen,4,LF,3,3,0,0,0,0,0,0,0,1,0,0,1
2026,,2026-04-14,825022,away,TEX,ATH,677649,Ezequiel Duran,20,2B,3,2,0,0,0,0,0,0,1,0,1,0,1
2026,,2026-04-14,825022,away,TEX,ATH,607043,Brandon Nimmo,24,RF,4,4,1,1,1,0,0,0,0,0,0,2,2
2026,,2026-04-14,825022,away,TEX,ATH,669701,Josh Smith,8,DH,0,0,0,0,0,0,0,0,0,0,0,0,0
2026,,2026-04-14,825022,away,TEX,ATH,664059,Sam Haggerty,0,CF,3,2,0,0,0,0,0,0,1,2,0,0,0
2026,,2026-04-14,825022,away,TEX,ATH,643376,Danny Jansen,9,C,3,3,0,1,0,0,0,0,0,1,0,1,1
2026,,2026-04-14,825022,home,ATH,TEX,671732,Lawrence Butler,4,RF,1,1,0,0,0,0,0,0,0,1,0,0,1
2026,,2026-04-14,825022,home,ATH,TEX,680869,Zack Gelof,20,RF,3,2,0,0,0,0,0,0,0,2,0,0,0
2026,,2026-04-14,825022,home,ATH,TEX,643446,Jeff McNeil,22,2B,4,4,0,0,0,0,0,0,0,0,0,0,3
2026,,2026-04-14,825022,home,ATH,TEX,642851,Austin Wynns,29,C,4,3,0,1,0,0,0,0,1,0,0,1,0
2026,,2026-04-14,825022,home,ATH,TEX,691777,Max Muncy,3,3B,4,3,0,0,0,0,0,0,1,2,0,0,3
2026,,2026-04-14,825022,home,ATH,TEX,672016,Denzel Clarke,1,CF,3,3,1,1,1,0,0,0,0,2,0,2,2
2026,,2026-04-14,825022,home,ATH,TEX,691016,Tyler Soderstrom,21,LF,4,2,0,0,0,0,0,0,2,0,0,0,4
2026,,2026-04-14,825022,home,ATH,TEX,701762,Nick Kurtz,16,1B,4,3,0,1,0,0,0,0,1,1,0,1,1
2026,,2026-04-14,825022,home,ATH,TEX,669127,Shea Langeliers,23,DH,4,2,1,0,0,0,0,0,2,2,0,0,0
2026,,2026-04-14,825022,home,ATH,TEX,805779,Jacob Wilson,5,SS,4,3,0,1,0,0,0,2,1,1,0,1,1
2026,,2026-04-14,823965,away,NYM,LAD,666182,Bo Bichette,19,3B,4,4,0,1,1,0,0,0,0,1,0,2,0
2026,,2026-04-14,823965,away,NYM,LAD,682626,Francisco Alvarez,4,C,4,3,0,0,0,0,0,0,1,1,0,0,0
2026,,2026-04-14,823965,away,NYM,LAD,668901,Mark Vientos,27,1B,3,3,0,0,0,0,0,0,0,2,0,0,0
2026,,2026-04-14,823965,away,NYM,LAD,683146,Brett Baty,7,RF,3,3,0,0,0,0,0,0,0,2,0,0,2
2026,,2026-04-14,823965,away,NYM,LAD,701807,Carson Benge,3,LF,3,3,0,1,0,0,0,0,0,0,0,1,0
2026,,2026-04-14,823965,away,NYM,LAD,543760,Marcus Semien,10,2B,3,3,0,0,0,0,0,0,0,1,0,0,0
2026,,2026-04-14,823965,away,NYM,LAD,596019,Francisco Lindor,12,SS,4,4,1,2,0,0,1,1,0,1,1,5,0
2026,,2026-04-14,823965,away,NYM,LAD,593871,Jorge Polanco,11,DH,4,4,0,0,0,0,0,0,0,2,0,0,0
2026,,2026-04-14,823965,away,NYM,LAD,673357,Luis Robert Jr.,88,CF,4,4,0,0,0,0,0,0,0,1,0,0,2
2026,,2026-04-14,823965,home,LAD,NYM,669257,Will Smith,16,C,4,4,0,1,1,0,0,0,0,2,0,2,2
2026,,2026-04-14,823965,home,LAD,NYM,663656,Kyle Tucker,23,RF,4,3,1,1,0,0,0,1,1,0,0,1,0
2026,,2026-04-14,823965,home,LAD,NYM,571970,Max Muncy,13,3B,3,3,0,1,0,0,0,0,0,0,0,1,0
2026,,2026-04-14,823965,home,LAD,NYM,518692,Freddie Freeman,5,1B,4,4,0,0,0,0,0,1,0,2,0,0,3
2026,,2026-04-14,823965,home,LAD,NYM,808975,Hyeseong Kim,6,SS,2,1,0,0,0,0,0,0,1,0,0,0,0
2026,,2026-04-14,823965,home,LAD,NYM,669289,Santiago Espinal,21,2B,1,0,0,0,0,0,0,0,0,0,0,0,0
2026,,2026-04-14,823965,home,LAD,NYM,660271,Shohei Ohtani,17,DH,4,3,0,0,0,0,0,0,1,0,0,0,0
2026,,2026-04-14,823965,home,LAD,NYM,606192,Teoscar Hernández,37,LF,3,3,0,0,0,0,0,0,0,3,0,0,1
2026,,2026-04-14,823965,home,LAD,NYM,681624,Andy Pages,44,CF,3,3,0,0,0,0,0,0,0,2,0,0,1
2026,,2026-04-14,823965,home,LAD,NYM,500743,Miguel Rojas,72,SS,1,0,1,0,0,0,0,0,1,0,0,0,0
2026,,2026-04-14,823965,home,LAD,NYM,690976,Alex Freeland,76,2B,2,2,0,0,0,0,0,0,0,0,0,0,1
2026,,2026-04-15,824855,away,ARI,BAL,680728,Adrian Del Castillo,42,C,5,5,1,1,0,0,1,3,0,0,0,4,2
2026,,2026-04-15,824855,away,ARI,BAL,571448,Nolan Arenado,42,3B,5,5,0,2,0,0,0,1,0,1,0,2,1
2026,,2026-04-15,824855,away,ARI,BAL,606466,Ketel Marte,42,DH,5,5,1,1,0,0,0,0,0,3,0,1,1
2026,,2026-04-15,824855,away,ARI,BAL,545121,Ildemaro Vargas,42,2B,5,5,1,2,1,0,0,0,0,0,0,3,1
2026,,2026-04-15,824855,away,ARI,BAL,672695,Geraldo Perdomo,42,SS,5,4,1,1,0,0,0,0,0,1,0,1,3
2026,,2026-04-15,824855,away,ARI,BAL,699912,Jose Fernandez,42,1B,5,5,1,1,0,0,0,0,0,1,0,1,2
2026,,2026-04-15,824855,away,ARI,BAL,682998,Corbin Carroll,42,RF,5,4,2,2,2,0,0,0,1,1,0,4,0
2026,,2026-04-15,824855,away,ARI,BAL,677950,Alek Thomas,42,CF,5,5,1,1,1,0,0,1,0,0,0,2,3
2026,,2026-04-15,824855,away,ARI,BAL,678489,Jorge Barrosa,42,LF,4,4,0,1,1,0,0,1,0,1,0,2,1
2026,,2026-04-15,824855,home,BAL,ARI,669236,Jeremiah Jackson,42,2B,5,5,1,2,0,0,1,3,0,1,0,5,2
2026,,2026-04-15,824855,home,BAL,ARI,642215,Weston Wilson,42,LF,3,3,1,1,0,0,0,0,0,1,0,1,2
2026,,2026-04-15,824855,home,BAL,ARI,683002,Gunnar Henderson,42,SS,5,5,1,1,0,0,0,0,0,1,1,1,1
2026,,2026-04-15,824855,home,BAL,ARI,665750,Leody Taveras,42,RF,2,2,0,1,0,0,0,1,0,0,0,1,1
2026,,2026-04-15,824855,home,BAL,ARI,621493,Taylor Ward,42,DH,5,5,0,0,0,0,0,0,0,0,0,0,3
2026,,2026-04-15,824855,home,BAL,ARI,677942,Blaze Alexander,42,CF,4,3,0,1,0,0,0,0,1,1,1,1,0
2026,,2026-04-15,824855,home,BAL,ARI,671286,Johnathan Rodríguez,42,RF,3,2,0,0,0,0,0,0,1,1,0,0,1
2026,,2026-04-15,824855,home,BAL,ARI,624413,Pete Alonso,42,1B,5,3,1,0,0,0,0,0,2,1,0,0,1
2026,,2026-04-15,824855,home,BAL,ARI,669087,Sam Huff,42,C,4,4,0,1,1,0,0,1,0,1,0,2,0
2026,,2026-04-15,824855,home,BAL,ARI,681297,Colton Cowser,42,LF,2,2,0,0,0,0,0,0,0,1,0,0,2
2026,,2026-04-15,824855,home,BAL,ARI,691723,Coby Mayo,42,3B,4,4,1,1,1,0,0,0,0,0,0,2,2
2026,,2026-04-15,823071,away,CLE,STL,671655,George Valera,42,LF,2,2,0,1,1,0,0,0,0,1,0,2,1
2026,,2026-04-15,823071,away,CLE,STL,800050,Chase DeLauter,42,RF,4,3,0,0,0,0,0,0,1,0,0,0,1
2026,,2026-04-15,823071,away,CLE,STL,682177,Daniel Schneemann,42,3B,3,3,1,2,0,0,0,0,0,1,0,2,0
2026,,2026-04-15,823071,away,CLE,STL,677587,Brayan Rocchio,42,SS,3,3,0,1,0,0,0,0,0,0,0,1,1
2026,,2026-04-15,823071,away,CLE,STL,666310,Bo Naylor,42,C,3,3,0,1,1,0,0,2,0,1,0,2,1
2026,,2026-04-15,823071,away,CLE,STL,608070,José Ramírez,42,DH,4,4,1,0,0,0,0,0,0,1,0,0,2
2026,,2026-04-15,823071,away,CLE,STL,680757,Steven Kwan,42,CF,4,4,0,1,1,0,0,0,0,0,0,2,1
2026,,2026-04-15,823071,away,CLE,STL,682877,Juan Brito,42,2B,4,4,0,0,0,0,0,0,0,2,0,0,2
2026,,2026-04-15,823071,away,CLE,STL,682657,Angel Martínez,42,LF,2,2,0,0,0,0,0,0,0,1,0,0,0
2026,,2026-04-15,823071,away,CLE,STL,700932,Kyle Manzardo,42,1B,2,2,0,2,0,0,0,1,0,0,0,2,0
2026,,2026-04-15,823071,away,CLE,STL,656555,Rhys Hoskins,42,1B,2,1,1,0,0,0,0,0,1,1,0,0,0
2026,,2026-04-15,823071,home,STL,CLE,669357,Nolan Gorman,42,3B,4,4,0,1,0,0,0,0,0,0,0,1,2
2026,,2026-04-15,823071,home,STL,CLE,691023,Jordan Walker,42,RF,5,5,0,1,1,0,0,0,0,2,0,2,4
2026,,2026-04-15,823071,home,STL,CLE,701675,Nathan Church,42,LF,4,4,2,3,1,0,0,1,0,0,1,4,0
2026,,2026-04-15,823071,home,STL,CLE,687363,Victor Scott II,42,CF,4,2,1,0,0,0,0,0,2,2,1,0,2
2026,,2026-04-15,823071,home,STL,CLE,802139,JJ Wetherholt,42,2B,5,1,0,0,0,0,0,1,2,0,1,0,0
2026,,2026-04-15,823071,home,STL,CLE,676475,Alec Burleson,42,1B,5,5,0,2,0,0,0,2,0,2,0,2,4
2026,,2026-04-15,823071,home,STL,CLE,686780,Pedro Pagés,42,C,4,3,0,1,0,0,0,1,0,0,1,1,1
2026,,2026-04-15,823071,home,STL,CLE,602104,Ramón Urías,42,3B,1,1,1,0,0,0,0,0,0,0,0,0,2
2026,,2026-04-15,823071,home,STL,CLE,691026,Masyn Winn,42,SS,4,4,1,1,0,0,0,0,0,1,0,1,1
2026,,2026-04-15,823071,home,STL,CLE,671056,Iván Herrera,42,DH,5,2,0,0,0,0,0,0,3,0,0,0,3
2026,,2026-04-15,823722,away,BOS,MIN,701350,Roman Anthony,42,RF,5,4,2,2,0,0,0,0,1,1,0,2,1
2026,,2026-04-15,823722,away,BOS,MIN,657136,Connor Wong,42,C,4,3,0,1,0,0,0,1,0,0,1,1,0
2026,,2026-04-15,823722,away,BOS,MIN,596115,Trevor Story,42,SS,5,4,1,2,1,0,1,5,1,0,0,6,2
2026,,2026-04-15,823722,away,BOS,MIN,655316,Andruw Monasterio,42,1B,5,5,1,3,1,0,0,1,0,0,0,4,1
2026,,2026-04-15,823722,away,BOS,MIN,643396,Isiah Kiner-Falefa,42,3B,4,3,1,2,0,0,0,0,1,0,0,2,1
2026,,2026-04-15,823722,away,BOS,MIN,680776,Jarren Duran,42,LF,5,5,1,0,0,0,0,0,0,3,0,0,4
2026,,2026-04-15,823722,away,BOS,MIN,678882,Ceddanne Rafaela,42,CF,5,3,2,1,0,0,0,0,1,1,0,1,3
2026,,2026-04-15,823722,away,BOS,MIN,807799,Masataka Yoshida,42,DH,5,5,1,1,1,0,0,1,0,2,0,2,5
2026,,2026-04-15,823722,away,BOS,MIN,691785,Marcelo Mayer,42,2B,5,5,0,1,0,0,0,0,0,0,0,1,2
2026,,2026-04-15,823722,home,MIN,BOS,605170,Victor Caratini,42,DH,4,3,0,1,0,0,0,0,0,0,0,1,1
2026,,2026-04-15,823722,home,MIN,BOS,665019,Kody Clemens,42,2B,2,2,0,0,0,0,0,0,0,1,0,0,0
2026,,2026-04-15,823722,home,MIN,BOS,686797,Brooks Lee,42,SS,4,4,1,1,0,0,0,1,0,0,0,1,1
2026,,2026-04-15,823722,home,MIN,BOS,668885,Austin Martin,42,LF,5,4,1,2,0,0,1,1,1,1,0,5,1
2026,,2026-04-15,823722,home,MIN,BOS,656484,Tristan Gray,42,1B,1,1,1,1,0,0,0,0,0,0,0,1,0
2026,,2026-04-15,823722,home,MIN,BOS,605137,Josh Bell,42,1B,3,3,0,0,0,0,0,0,0,0,0,0,0
2026,,2026-04-15,823722,home,MIN,BOS,680777,Ryan Jeffers,42,C,4,4,0,0,0,0,0,0,0,1,0,0,2
2026,,2026-04-15,823722,home,MIN,BOS,681546,James Outman,42,CF,1,0,0,0,0,0,0,0,1,0,0,0,0
2026,,2026-04-15,823722,home,MIN,BOS,668952,Ryan Kreidler,42,3B,4,3,1,1,0,0,1,3,1,2,0,4,0
2026,,2026-04-15,823722,home,MIN,BOS,621439,Byron Buxton,42,CF,3,3,0,0,0,0,0,0,0,1,0,0,1
2026,,2026-04-15,823722,home,MIN,BOS,670242,Matt Wallner,42,RF,4,3,1,0,0,0,0,0,1,1,0,0,2
2026,,2026-04-15,823722,home,MIN,BOS,807712,Luke Keaschall,42,2B,3,3,0,0,0,0,0,0,0,0,0,0,1
2026,,2026-04-15,824291,away,KCR,DET,695600,Carter Jensen,42,DH,4,4,0,0,0,0,0,0,0,2,0,0,0
2026,,2026-04-15,824291,away,KCR,DET,663697,Jonathan India,42,2B,2,2,0,0,0,0,0,0,0,0,0,0,0
2026,,2026-04-15,824291,away,KCR,DET,686475,Tyler Tolbert,42,PR,0,0,0,0,0,0,0,0,0,0,0,0,0
2026,,2026-04-15,824291,away,KCR,DET,521692,Salvador Perez,42,C,4,4,0,0,0,0,0,0,0,2,0,0,2
2026,,2026-04-15,824291,away,KCR,DET,686681,Michael Massey,42,2B,2,1,1,0,0,0,0,0,1,1,0,0,0
2026,,2026-04-15,824291,away,KCR,DET,516782,Starling Marte,42,LF,1,1,0,0,0,0,0,0,0,0,0,0,2
2026,,2026-04-15,824291,away,KCR,DET,686469,Vinnie Pasquantino,42,1B,4,3,0,1,0,1,0,0,1,0,0,3,0
2026,,2026-04-15,824291,away,KCR,DET,664728,Kyle Isbel,42,CF,2,2,0,1,0,0,0,1,0,0,0,1,1
2026,,2026-04-15,824291,away,KCR,DET,672580,Maikel Garcia,42,3B,4,4,0,0,0,0,0,0,0,1,0,0,3
2026,,2026-04-15,824291,away,KCR,DET,657041,Lane Thomas,42,CF,4,4,0,1,0,0,0,0,0,1,0,1,4
2026,,2026-04-15,824291,away,KCR,DET,695506,Jac Caglianone,42,RF,4,3,0,3,0,1,0,0,1,0,0,5,0
2026,,2026-04-15,824291,away,KCR,DET,677951,Bobby Witt Jr.,42,SS,4,4,0,0,0,0,0,0,0,1,0,0,0
2026,,2026-04-15,824291,home,DET,KCR,656716,Zach McKinstry,42,3B,2,2,0,1,0,0,0,0,0,1,0,1,0
2026,,2026-04-15,824291,home,DET,KCR,595879,Javier Báez,42,SS,3,3,1,1,1,0,0,0,0,0,0,2,0
2026,,2026-04-15,824291,home,DET,KCR,682985,Riley Greene,42,LF,3,3,0,0,0,0,0,0,0,2,0,0,0
2026,,2026-04-15,824291,home,DET,KCR,805808,Kevin McGonigle,42,3B,4,3,0,1,0,0,0,0,1,2,0,1,0
2026,,2026-04-15,824291,home,DET,KCR,681481,Kerry Carpenter,42,RF,3,3,0,0,0,0,0,0,0,1,0,0,0
2026,,2026-04-15,824291,home,DET,KCR,679529,Spencer Torkelson,42,1B,3,3,0,0,0,0,0,0,0,0,0,0,0
2026,,2026-04-15,824291,home,DET,KCR,668670,Jake Rogers,42,C,3,2,0,0,0,0,0,1,0,1,0,0,0
2026,,2026-04-15,824291,home,DET,KCR,650402,Gleyber Torres,42,2B,4,4,0,3,0,0,0,0,0,0,0,3,0
2026,,2026-04-15,824291,home,DET,KCR,663837,Matt Vierling,42,CF,0,0,0,0,0,0,0,0,0,0,0,0,0
2026,,2026-04-15,824291,home,DET,KCR,690993,Colt Keith,42,DH,4,4,0,0,0,0,0,0,0,2,0,0,5
2026,,2026-04-15,824291,home,DET,KCR,672761,Wenceel Pérez,42,RF,1,1,1,1,0,0,1,1,0,0,0,4,0
2026,,2026-04-15,823399,away,WSN,PIT,691781,Brady House,42,3B,4,4,0,0,0,0,0,0,0,1,0,0,1
2026,,2026-04-15,823399,away,WSN,PIT,682928,CJ Abrams,42,SS,4,1,0,1,1,0,0,0,1,0,0,2,0
2026,,2026-04-15,823399,away,WSN,PIT,683083,Nasim Nuñez,42,PH,1,1,0,0,0,0,0,0,0,0,0,0,1
2026,,2026-04-15,823399,away,WSN,PIT,686452,Drew Millas,42,C,1,1,0,0,0,0,0,0,0,0,0,0,1
2026,,2026-04-15,823399,away,WSN,PIT,678391,Jorbit Vivas,42,2B,3,3,0,1,0,0,0,0,0,1,0,1,1
2026,,2026-04-15,823399,away,WSN,PIT,686894,Joey Wiemer,42,CF,3,3,0,0,0,0,0,0,0,1,0,0,3
2026,,2026-04-15,823399,away,WSN,PIT,678554,Curtis Mead,42,1B,4,4,0,1,1,0,0,0,0,1,0,2,2
2026,,2026-04-15,823399,away,WSN,PIT,695734,Daylen Lile,42,LF,4,4,0,0,0,0,0,0,0,1,0,0,1
2026,,2026-04-15,823399,away,WSN,PIT,677588,José Tena,42,2B,1,1,0,0,0,0,0,0,0,1,0,0,0
2026,,2026-04-15,823399,away,WSN,PIT,695578,James Wood,42,RF,4,4,0,0,0,0,0,0,0,2,0,0,2
2026,,2026-04-15,823399,away,WSN,PIT,660688,Keibert Ruiz,42,C,2,2,0,0,0,0,0,0,0,0,0,0,2
2026,,2026-04-15,823399,away,WSN,PIT,671277,Luis García Jr.,42,DH,3,2,0,0,0,0,0,0,1,0,0,0,0
2026,,2026-04-15,823399,home,PIT,WSN,694377,Nick Yorke,42,3B,3,3,0,0,0,0,0,0,0,0,0,0,3
2026,,2026-04-15,823399,home,PIT,WSN,687462,Spencer Horwitz,42,1B,3,2,0,0,0,0,0,0,0,1,0,0,0
2026,,2026-04-15,823399,home,PIT,WSN,664040,Brandon Lowe,42,2B,4,4,0,0,0,0,0,0,0,1,0,0,1
2026,,2026-04-15,823399,home,PIT,WSN,668804,Bryan Reynolds,42,RF,4,1,1,0,0,0,0,0,3,0,0,0,1
2026,,2026-04-15,823399,home,PIT,WSN,665833,Oneil Cruz,42,CF,4,4,0,0,0,0,0,0,0,2,0,0,1
2026,,2026-04-15,823399,home,PIT,WSN,695257,Billy Cook,42,LF,0,0,0,0,0,0,0,0,0,0,0,0,0
2026,,2026-04-15,823399,home,PIT,WSN,680779,Henry Davis,42,C,3,2,0,0,0,0,0,0,0,0,0,0,0
2026,,2026-04-15,823399,home,PIT,WSN,804606,Konnor Griffin,42,SS,0,0,0,0,0,0,0,0,0,0,0,0,0
2026,,2026-04-15,823399,home,PIT,WSN,656811,Ryan O'Hearn,42,RF,4,4,1,3,0,0,0,0,0,1,1,3,1
2026,,2026-04-15,823399,home,PIT,WSN,693304,Nick Gonzales,42,SS,4,4,0,1,0,0,0,1,0,1,0,1,2
2026,,2026-04-15,823399,home,PIT,WSN,542303,Marcell Ozuna,42,DH,4,4,0,1,0,0,0,1,0,1,0,1,4
2026,,2026-04-15,824532,away,SFG,CIN,669477,Casey Schmitt,42,DH,4,4,0,0,0,0,0,0,0,0,0,0,2
2026,,2026-04-15,824532,away,SFG,CIN,666464,Jerar Encarnacion,42,RF,2,2,0,1,0,0,0,0,0,0,0,1,1
2026,,2026-04-15,824532,away,SFG,CIN,671218,Heliot Ramos,42,LF,2,2,0,1,0,0,0,1,0,1,0,1,1
2026,,2026-04-15,824532,away,SFG,CIN,686823,Will Brennan,42,LF,2,2,0,0,0,0,0,0,0,0,0,0,1
2026,,2026-04-15,824532,away,SFG,CIN,656305,Matt Chapman,42,3B,4,4,1,1,0,0,0,0,0,0,0,1,3
2026,,2026-04-15,824532,away,SFG,CIN,808982,Jung Hoo Lee,42,CF,4,3,1,1,1,0,0,0,1,0,0,2,1
2026,,2026-04-15,824532,away,SFG,CIN,687551,Drew Gilbert,42,CF,2,2,0,0,0,0,0,0,0,0,0,0,1
2026,,2026-04-15,824532,away,SFG,CIN,646240,Rafael Devers,42,1B,4,4,1,2,0,0,0,0,0,1,0,2,0
2026,,2026-04-15,824532,away,SFG,CIN,642715,Willy Adames,42,SS,4,4,0,0,0,0,0,0,0,4,0,0,3
2026,,2026-04-15,824532,away,SFG,CIN,650333,Luis Arraez,42,2B,4,3,0,1,0,0,0,0,1,0,0,1,0
2026,,2026-04-15,824532,away,SFG,CIN,691740,Daniel Susac,42,C,4,4,0,2,1,0,0,2,0,0,0,3,1
2026,,2026-04-15,824532,home,CIN,SFG,682829,Elly De La Cruz,42,SS,5,4,2,1,0,0,1,1,1,3,0,4,4
2026,,2026-04-15,824532,home,CIN,SFG,701398,Sal Stewart,42,1B,4,4,2,2,0,0,2,6,0,1,0,8,0
2026,,2026-04-15,824532,home,CIN,SFG,667472,Dane Myers,42,CF,0,0,0,0,0,0,0,0,0,0,0,0,0
2026,,2026-04-15,824532,home,CIN,SFG,680574,Matt McLain,42,2B,5,2,2,0,0,0,0,0,3,1,0,0,0
2026,,2026-04-15,824532,home,CIN,SFG,663647,Ke'Bryan Hayes,42,3B,4,3,0,0,0,0,0,0,1,0,0,0,2
2026,,2026-04-15,824532,home,CIN,SFG,670770,TJ Friedl,42,LF,5,4,1,1,0,0,0,0,0,0,0,1,2
2026,,2026-04-15,824532,home,CIN,SFG,668715,Spencer Steer,42,LF,4,4,0,2,0,0,0,0,0,2,0,2,2
2026,,2026-04-15,824532,home,CIN,SFG,553993,Eugenio Suárez,42,DH,4,4,1,3,0,0,1,1,0,0,0,6,0
2026,,2026-04-15,824532,home,CIN,SFG,663886,Tyler Stephenson,42,C,4,3,0,1,0,0,0,0,1,1,0,1,1
2026,,2026-04-15,824532,home,CIN,SFG,677956,Rece Hinds,42,RF,4,4,0,0,0,0,0,0,0,2,0,0,2
2026,,2026-04-15,823477,away,CHC,PHI,664023,Ian Happ,42,LF,5,4,0,0,0,0,0,0,0,2,0,0,4
2026,,2026-04-15,823477,away,CHC,PHI,608324,Alex Bregman,42,3B,5,4,1,1,0,0,0,0,1,3,1,1,1
2026,,2026-04-15,823477,away,CHC,PHI,683737,Michael Busch,42,1B,5,5,0,0,0,0,0,0,0,1,0,0,2
2026,,2026-04-15,823477,away,CHC,PHI,691718,Pete Crow-Armstrong,42,CF,4,4,1,2,0,0,0,0,0,1,0,2,0
2026,,2026-04-15,823477,away,CHC,PHI,665804,Miguel Amaya,42,C,5,5,1,1,0,0,0,0,0,0,0,1,2
2026,,2026-04-15,823477,away,CHC,PHI,673548,Seiya Suzuki,42,DH,5,4,1,2,0,0,0,0,1,1,0,2,0
2026,,2026-04-15,823477,away,CHC,PHI,621020,Dansby Swanson,42,SS,5,5,2,3,0,0,1,2,0,0,0,6,1
2026,,2026-04-15,823477,away,CHC,PHI,663538,Nico Hoerner,42,2B,5,5,2,3,0,0,1,5,0,0,1,6,0
2026,,2026-04-15,823477,away,CHC,PHI,807713,Matt Shaw,42,RF,4,4,3,3,3,0,0,2,0,0,0,6,0
2026,,2026-04-15,823477,home,PHI,CHC,669016,Brandon Marsh,42,LF,3,3,0,0,0,0,0,0,0,1,0,0,0
2026,,2026-04-15,823477,home,PHI,CHC,702222,Justin Crawford,42,CF,1,1,0,0,0,0,0,0,0,0,0,0,0
2026,,2026-04-15,823477,home,PHI,CHC,547180,Bryce Harper,42,1B,4,4,1,1,0,0,1,1,0,2,0,4,1
2026,,2026-04-15,823477,home,PHI,CHC,592663,J.T. Realmuto,42,C,2,2,0,0,0,0,0,0,0,1,0,0,1
2026,,2026-04-15,823477,home,PHI,CHC,624641,Edmundo Sosa,42,SS,4,4,0,1,0,0,0,0,0,2,0,1,2
2026,,2026-04-15,823477,home,PHI,CHC,664761,Alec Bohm,42,3B,3,3,0,0,0,0,0,0,0,0,0,0,0
2026,,2026-04-15,823477,home,PHI,CHC,656941,Kyle Schwarber,42,DH,4,4,0,0,0,0,0,0,0,3,0,0,1
2026,,2026-04-15,823477,home,PHI,CHC,805249,Otto Kemp,42,2B,3,3,0,0,0,0,0,0,0,1,0,0,0
2026,,2026-04-15,823477,home,PHI,CHC,665561,Rafael Marchán,42,C,2,2,0,0,0,0,0,0,0,0,0,0,1
2026,,2026-04-15,823477,home,PHI,CHC,666969,Adolis García,42,RF,4,4,0,2,1,0,0,0,0,1,0,3,1
2026,,2026-04-15,823477,home,PHI,CHC,607208,Trea Turner,42,SS,3,2,1,1,0,0,1,1,1,1,0,4,0
2026,,2026-04-15,823561,away,LAA,NYY,624428,Adam Frazier,42,2B,3,3,1,1,0,0,1,1,0,1,0,4,0
2026,,2026-04-15,823561,away,LAA,NYY,672724,Oswald Peraza,42,3B,4,3,0,0,0,0,0,0,1,0,1,0,0
2026,,2026-04-15,823561,away,LAA,NYY,687263,Zach Neto,42,SS,4,2,1,1,1,0,0,0,1,0,0,2,0
2026,,2026-04-15,823561,away,LAA,NYY,660162,Yoán Moncada,42,DH,4,4,0,0,0,0,0,0,0,1,0,0,0
2026,,2026-04-15,823561,away,LAA,NYY,545361,Mike Trout,42,CF,4,4,1,2,0,0,1,2,0,1,0,5,1
2026,,2026-04-15,823561,away,LAA,NYY,666176,Jo Adell,42,RF,4,4,0,0,0,0,0,0,0,1,0,0,2
2026,,2026-04-15,823561,away,LAA,NYY,694384,Nolan Schanuel,42,1B,4,4,0,1,0,0,0,0,0,0,0,1,1
2026,,2026-04-15,823561,away,LAA,NYY,666139,Josh Lowe,42,LF,4,4,0,1,0,0,0,0,0,2,0,1,1
2026,,2026-04-15,823561,away,LAA,NYY,669326,Bryce Teodosio,42,LF,0,0,0,0,0,0,0,0,0,0,0,0,0
2026,,2026-04-15,823561,away,LAA,NYY,681351,Logan O'Hoppe,42,C,4,4,1,1,0,0,1,1,0,1,0,4,1
2026,,2026-04-15,823561,home,NYY,LAA,676609,José Caballero,42,SS,4,3,1,1,1,0,0,2,1,0,0,2,2
2026,,2026-04-15,823561,home,NYY,LAA,545341,Randal Grichuk,42,LF,0,0,0,0,0,0,0,0,0,0,0,0,0
2026,,2026-04-15,823561,home,NYY,LAA,592450,Aaron Judge,42,RF,4,4,1,1,0,0,1,1,0,0,0,4,0
2026,,2026-04-15,823561,home,NYY,LAA,641857,Ryan McMahon,42,3B,3,3,0,0,0,0,0,0,0,1,0,0,3
2026,,2026-04-15,823561,home,NYY,LAA,502671,Paul Goldschmidt,42,PH,1,1,0,0,0,0,0,0,0,0,0,0,1
2026,,2026-04-15,823561,home,NYY,LAA,669224,Austin Wells,42,C,4,2,1,1,0,0,0,0,2,0,0,1,1
2026,,2026-04-15,823561,home,NYY,LAA,700250,Ben Rice,42,1B,4,4,0,0,0,0,0,0,0,0,0,0,1
2026,,2026-04-15,823561,home,NYY,LAA,641355,Cody Bellinger,42,CF,4,3,0,1,1,0,0,0,1,0,0,2,0
2026,,2026-04-15,823561,home,NYY,LAA,519317,Giancarlo Stanton,42,DH,4,4,0,0,0,0,0,0,0,3,0,0,2
2026,,2026-04-15,823561,home,NYY,LAA,665862,Jazz Chisholm Jr.,42,2B,4,3,2,1,0,0,0,0,1,2,1,1,1
2026,,2026-04-15,823561,home,NYY,LAA,663757,Trent Grisham,42,CF,3,3,0,1,0,0,0,2,0,0,0,1,0
2026,,2026-04-15,824936,away,MIA,ATL,681715,Heriberto Hernández,42,LF,4,4,0,0,0,0,0,1,0,3,0,0,3
2026,,2026-04-15,824936,away,MIA,ATL,805300,Jakob Marsee,42,CF,5,4,0,0,0,0,0,0,1,2,0,0,0
2026,,2026-04-15,824936,away,MIA,ATL,691277,Deyvison De Los Santos,42,1B,3,3,0,1,0,0,0,0,0,1,0,1,0
2026,,2026-04-15,824936,away,MIA,ATL,669364,Xavier Edwards,42,2B,5,4,0,1,0,0,0,0,1,0,0,1,3
2026,,2026-04-15,824936,away,MIA,ATL,688363,Graham Pauley,42,3B,4,4,0,1,1,0,0,0,0,0,0,2,2
2026,,2026-04-15,824936,away,MIA,ATL,689414,Liam Hicks,42,C,4,4,1,1,0,0,1,2,0,1,0,4,3
2026,,2026-04-15,824936,away,MIA,ATL,683357,Owen Caissie,42,RF,2,2,0,0,0,0,0,0,0,1,0,0,1
2026,,2026-04-15,824936,away,MIA,ATL,682663,Agustín Ramírez,42,PH,1,1,0,0,0,0,0,0,0,1,0,0,0
2026,,2026-04-15,824936,away,MIA,ATL,681393,Connor Norby,42,DH,4,4,1,2,1,0,0,0,0,1,0,3,3
2026,,2026-04-15,824936,away,MIA,ATL,596103,Austin Slater,42,RF,2,0,0,0,0,0,0,0,2,0,0,0,0
2026,,2026-04-15,824936,away,MIA,ATL,672640,Otto Lopez,42,SS,5,4,1,2,0,0,0,0,0,2,0,2,1
2026,,2026-04-15,824936,home,ATL,MIA,671739,Michael Harris II,42,CF,4,4,0,0,0,0,0,0,0,2,1,0,2
2026,,2026-04-15,824936,home,ATL,MIA,643289,Mauricio Dubón,42,SS,4,4,0,1,0,0,0,1,0,0,0,1,1
2026,,2026-04-15,824936,home,ATL,MIA,686948,Drake Baldwin,42,C,4,4,1,2,0,0,0,1,0,2,0,2,0
2026,,2026-04-15,824936,home,ATL,MIA,621566,Matt Olson,42,1B,4,4,1,1,0,0,1,2,0,1,0,4,2
2026,,2026-04-15,824936,home,ATL,MIA,642086,Dominic Smith,42,DH,4,4,0,1,0,0,0,0,0,0,0,1,1
2026,,2026-04-15,824936,home,ATL,MIA,660670,Ronald Acuña Jr.,42,RF,4,4,1,2,1,0,0,0,0,2,0,3,2
2026,,2026-04-15,824936,home,ATL,MIA,645277,Ozzie Albies,42,2B,4,4,1,1,0,0,1,1,0,0,0,4,1
2026,,2026-04-15,824936,home,ATL,MIA,663586,Austin Riley,42,3B,4,4,1,2,1,0,1,1,0,0,0,6,0
2026,,2026-04-15,824936,home,ATL,MIA,573262,Mike Yastrzemski,42,LF,4,3,1,1,0,0,0,0,0,0,0,1,1
2026,,2026-04-15,824615,away,TBR,CHW,670764,Taylor Walls,42,SS,4,4,1,1,0,0,0,0,0,0,0,1,1
2026,,2026-04-15,824615,away,TBR,CHW,680700,Richie Palacios,42,2B,4,3,0,1,0,0,0,0,1,1,1,1,1
2026,,2026-04-15,824615,away,TBR,CHW,668723,Ryan Vilade,42,1B,1,1,0,0,0,0,0,0,0,0,0,0,0
2026,,2026-04-15,824615,away,TBR,CHW,641584,Jake Fraley,42,RF,3,3,1,1,0,0,1,1,0,0,1,4,2
2026,,2026-04-15,824615,away,TBR,CHW,802415,Chandler Simpson,42,LF,5,4,0,0,0,0,0,0,0,1,0,0,0
2026,,2026-04-15,824615,away,TBR,CHW,676356,Jonny DeLuca,42,RF,1,1,1,1,0,0,1,3,0,0,0,4,0
2026,,2026-04-15,824615,away,TBR,CHW,676439,Hunter Feduccia,42,C,4,4,1,1,0,0,0,0,0,2,0,1,3
2026,,2026-04-15,824615,away,TBR,CHW,666018,Jonathan Aranda,42,1B,4,3,1,1,1,0,0,1,1,0,0,2,0
2026,,2026-04-15,824615,away,TBR,CHW,650490,Yandy Díaz,42,DH,4,2,1,1,1,0,0,1,2,0,0,2,1
2026,,2026-04-15,824615,away,TBR,CHW,810938,Ben Williamson,42,DH,1,1,0,0,0,0,0,0,0,0,0,0,0
2026,,2026-04-15,824615,away,TBR,CHW,691406,Junior Caminero,42,3B,5,4,2,1,0,0,1,2,1,1,0,4,1
2026,,2026-04-15,824615,away,TBR,CHW,656775,Cedric Mullins,42,CF,4,4,0,1,0,0,0,0,0,0,1,1,1
2026,,2026-04-15,824615,home,CHW,TBR,671976,Tristan Peters,42,RF,3,3,0,0,0,0,0,0,0,0,0,0,2
2026,,2026-04-15,824615,home,CHW,TBR,695020,Tanner Murray,42,3B,4,2,1,1,0,0,0,0,1,0,0,1,0
2026,,2026-04-15,824615,home,CHW,TBR,682668,Luisangel Acuña,42,CF,4,3,0,0,0,0,0,0,1,0,0,0,3
2026,,2026-04-15,824615,home,CHW,TBR,808959,Munetaka Murakami,42,DH,4,2,0,1,0,0,0,0,2,1,0,1,1
2026,,2026-04-15,824615,home,CHW,TBR,695657,Colson Montgomery,42,SS,4,4,0,0,0,0,0,0,0,4,0,0,3
2026,,2026-04-15,824615,home,CHW,TBR,624512,Reese McGuire,42,P,4,4,0,2,0,0,0,1,0,0,0,2,1
2026,,2026-04-15,824615,home,CHW,TBR,700337,Edgar Quero,42,C,0,0,0,0,0,0,0,0,0,0,0,0,0
2026,,2026-04-15,824615,home,CHW,TBR,643217,Andrew Benintendi,42,LF,5,5,0,1,0,1,0,0,0,1,0,3,2
2026,,2026-04-15,824615,home,CHW,TBR,803011,Sam Antonacci,42,2B,4,3,1,1,0,0,0,0,1,0,0,1,0
2026,,2026-04-15,824615,home,CHW,TBR,656537,Derek Hill,42,PH,1,1,1,1,0,0,0,0,0,0,0,1,0
2026,,2026-04-15,824615,home,CHW,TBR,678246,Miguel Vargas,42,1B,4,4,0,0,0,0,0,0,0,0,0,0,3
2026,,2026-04-15,823803,away,TOR,MIL,672820,Lenyn Sosa,42,2B,3,3,0,1,0,0,0,0,0,0,0,1,2
2026,,2026-04-15,823803,away,TOR,MIL,676391,Ernie Clement,42,3B,4,4,0,0,0,0,0,0,0,1,0,0,1
2026,,2026-04-15,823803,away,TOR,MIL,662139,Daulton Varsho,42,CF,4,3,1,1,0,0,0,0,1,0,0,1,0
2026,,2026-04-15,823803,away,TOR,MIL,665926,Andrés Giménez,42,SS,4,4,0,1,0,0,0,0,0,0,0,1,0
2026,,2026-04-15,823803,away,TOR,MIL,678218,Brandon Valenzuela,42,C,3,3,0,1,0,0,0,0,0,1,0,1,1
2026,,2026-04-15,823803,away,TOR,MIL,676914,Davis Schneider,42,LF,1,1,0,0,0,0,0,0,0,1,0,0,0
2026,,2026-04-15,823803,away,TOR,MIL,664770,Nathan Lukes,42,RF,3,3,0,0,0,0,0,0,0,0,0,0,1
2026,,2026-04-15,823803,away,TOR,MIL,665489,Vladimir Guerrero Jr.,42,1B,4,3,0,1,0,0,0,0,1,1,0,1,0
2026,,2026-04-15,823803,away,TOR,MIL,660821,Jesús Sánchez,42,LF,3,2,0,0,0,0,0,1,0,0,0,0,0
2026,,2026-04-15,823803,away,TOR,MIL,664702,Myles Straw,42,RF,1,1,0,0,0,0,0,0,0,1,0,0,2
2026,,2026-04-15,823803,away,TOR,MIL,672960,Kazuma Okamoto,42,DH,4,3,0,0,0,0,0,0,1,1,0,0,1
2026,,2026-04-15,823803,home,MIL,TOR,687401,Joey Ortiz,42,SS,3,3,0,1,0,0,0,0,0,1,1,1,2
2026,,2026-04-15,823803,home,MIL,TOR,641343,Jake Bauers,42,1B,4,3,0,0,0,0,0,0,1,1,0,0,1
2026,,2026-04-15,823803,home,MIL,TOR,686217,Sal Frelick,42,RF,4,4,1,0,0,0,0,0,0,1,0,0,2
2026,,2026-04-15,823803,home,MIL,TOR,663604,Brandon Lockridge,42,LF,4,3,0,1,0,0,0,0,1,0,0,1,3
2026,,2026-04-15,823803,home,MIL,TOR,669003,Garrett Mitchell,42,CF,2,2,0,0,0,0,0,0,0,2,0,0,1
2026,,2026-04-15,823803,home,MIL,TOR,666152,David Hamilton,42,3B,3,3,1,1,0,0,0,0,0,0,0,1,1
2026,,2026-04-15,823803,home,MIL,TOR,663368,Blake Perkins,42,CF,1,1,0,0,0,0,0,0,0,0,0,0,1
2026,,2026-04-15,823803,home,MIL,TOR,661388,William Contreras,42,DH,4,4,0,2,0,0,0,1,0,0,0,2,0
2026,,2026-04-15,823803,home,MIL,TOR,668930,Brice Turang,42,2B,4,3,0,0,0,0,0,1,1,0,0,0,2
2026,,2026-04-15,823803,home,MIL,TOR,596142,Gary Sánchez,42,C,4,3,0,0,0,0,0,0,1,1,0,0,3
2026,,2026-04-15,824209,away,COL,HOU,666160,Mickey Moniak,42,LF,3,3,0,1,1,0,0,0,0,2,0,2,3
2026,,2026-04-15,824209,away,COL,HOU,664983,Jake McCarthy,42,LF,4,3,0,1,0,0,0,0,1,1,1,1,1
2026,,2026-04-15,824209,away,COL,HOU,687859,Troy Johnston,42,1B,2,0,0,0,0,0,0,0,1,0,0,0,0
2026,,2026-04-15,824209,away,COL,HOU,650489,Willi Castro,42,2B,2,1,0,1,1,0,0,1,0,0,0,2,0
2026,,2026-04-15,824209,away,COL,HOU,671289,Tyler Freeman,42,2B,2,2,0,0,0,0,0,0,0,1,0,0,0
2026,,2026-04-15,824209,away,COL,HOU,666397,Edouard Julien,42,1B,5,4,0,0,0,0,0,0,1,2,0,0,1
2026,,2026-04-15,824209,away,COL,HOU,696100,Hunter Goodman,42,C,4,4,0,0,0,0,0,0,0,3,0,0,2
2026,,2026-04-15,824209,away,COL,HOU,687597,Jordan Beck,42,RF,3,3,0,0,0,0,0,0,0,1,0,0,4
2026,,2026-04-15,824209,away,COL,HOU,664954,Brett Sullivan,42,PH,1,1,0,0,0,0,0,0,0,1,0,0,0
2026,,2026-04-15,824209,away,COL,HOU,686668,Brenton Doyle,42,CF,2,2,0,1,0,0,0,0,0,1,1,1,0
2026,,2026-04-15,824209,away,COL,HOU,678662,Ezequiel Tovar,42,SS,4,3,1,0,0,0,0,0,1,1,0,0,0
2026,,2026-04-15,824209,away,COL,HOU,681198,TJ Rumfield,42,DH,4,4,0,0,0,0,0,0,0,1,0,0,5
2026,,2026-04-15,824209,away,COL,HOU,691720,Kyle Karros,42,3B,2,1,0,0,0,0,0,0,1,1,0,0,0
2026,,2026-04-15,824209,home,HOU,COL,670623,Isaac Paredes,42,2B,4,3,0,0,0,0,0,0,1,0,0,0,1
2026,,2026-04-15,824209,home,HOU,COL,669397,Nick Allen,42,SS,3,3,0,2,1,0,0,0,0,1,0,3,0
2026,,2026-04-15,824209,home,HOU,COL,701358,Cam Smith,42,RF,4,2,0,1,1,0,0,1,1,0,0,2,1
2026,,2026-04-15,824209,home,HOU,COL,694728,Brice Matthews,42,LF,3,3,0,0,0,0,0,0,0,2,0,0,2
2026,,2026-04-15,824209,home,HOU,COL,694388,Joey Loperfido,42,CF,4,4,0,0,0,0,0,0,0,2,0,0,0
2026,,2026-04-15,824209,home,HOU,COL,621043,Carlos Correa,42,3B,4,2,1,0,0,0,0,0,2,0,0,0,1
2026,,2026-04-15,824209,home,HOU,COL,572233,Christian Walker,42,1B,4,2,0,0,0,0,0,1,1,0,0,0,1
2026,,2026-04-15,824209,home,HOU,COL,673237,Yainer Diaz,42,C,4,4,0,0,0,0,0,0,0,0,0,0,4
2026,,2026-04-15,824209,home,HOU,COL,670541,Yordan Alvarez,42,DH,4,3,2,2,1,0,1,1,1,0,0,6,2
2026,,2026-04-15,823314,away,SEA,SDP,647304,Josh Naylor,42,1B,5,5,0,0,0,0,0,0,0,3,0,0,3
2026,,2026-04-15,823314,away,SEA,SDP,702284,Cole Young,42,2B,5,4,1,0,0,0,0,0,1,1,0,0,4
2026,,2026-04-15,823314,away,SEA,SDP,668227,Randy Arozarena,42,LF,5,4,3,2,1,0,0,0,1,0,1,3,0
2026,,2026-04-15,823314,away,SEA,SDP,686527,Dominic Canzone,42,DH,5,4,0,1,1,0,0,2,1,1,0,2,2
2026,,2026-04-15,823314,away,SEA,SDP,663728,Cal Raleigh,42,C,5,4,0,1,1,0,0,0,1,2,0,2,3
2026,,2026-04-15,823314,away,SEA,SDP,680977,Brendan Donovan,42,3B,5,3,0,1,0,0,0,2,1,2,0,1,0
2026,,2026-04-15,823314,away,SEA,SDP,660844,Leo Rivas,42,SS,4,3,0,1,0,0,0,0,1,1,0,1,1
2026,,2026-04-15,823314,away,SEA,SDP,677594,Julio Rodríguez,42,CF,5,4,0,0,0,0,0,0,1,1,0,0,6
2026,,2026-04-15,823314,away,SEA,SDP,670042,Luke Raley,42,RF,5,5,2,4,1,0,1,2,0,1,0,8,1
2026,,2026-04-15,823314,home,SDP,SEA,669134,Luis Campusano,42,C,4,4,1,1,0,0,0,1,0,0,0,1,2
2026,,2026-04-15,823314,home,SDP,SEA,666023,Freddy Fermin,42,C,0,0,0,0,0,0,0,0,0,0,0,0,0
2026,,2026-04-15,823314,home,SDP,SEA,592206,Nick Castellanos,42,RF,4,4,0,0,0,0,0,0,0,2,0,0,3
2026,,2026-04-15,823314,home,SDP,SEA,701538,Jackson Merrill,42,CF,5,5,1,2,1,0,0,2,0,1,0,3,1
2026,,2026-04-15,823314,home,SDP,SEA,657757,Gavin Sheets,42,DH,4,4,1,2,2,0,0,0,0,0,0,4,0
2026,,2026-04-15,823314,home,SDP,SEA,657656,Ramón Laureano,42,LF,5,5,1,2,1,0,0,1,0,1,0,3,0
2026,,2026-04-15,823314,home,SDP,SEA,592518,Manny Machado,42,3B,4,3,1,0,0,0,0,0,1,1,0,0,1
2026,,2026-04-15,823314,home,SDP,SEA,664034,Ty France,42,1B,4,4,1,1,0,0,0,0,0,1,0,1,1
2026,,2026-04-15,823314,home,SDP,SEA,665487,Fernando Tatis Jr.,42,PH,1,0,0,0,0,0,0,1,0,0,0,0,0
2026,,2026-04-15,823314,home,SDP,SEA,593428,Xander Bogaerts,42,SS,4,4,1,2,0,0,1,2,0,0,0,5,1
2026,,2026-04-15,823314,home,SDP,SEA,630105,Jake Cronenworth,42,2B,3,2,0,0,0,0,0,0,1,1,0,0,0
2026,,2026-04-15,825021,away,TEX,ATH,694497,Evan Carter,42,CF,4,3,0,0,0,0,0,0,1,0,1,0,3
2026,,2026-04-15,825021,away,TEX,ATH,694671,Wyatt Langford,42,DH,4,4,1,2,0,0,0,0,0,0,0,2,0
2026,,2026-04-15,825021,away,TEX,ATH,669394,Jake Burger,42,1B,2,2,1,1,0,0,1,3,0,1,0,4,1
2026,,2026-04-15,825021,away,TEX,ATH,592626,Joc Pederson,42,1B,2,2,0,0,0,0,0,0,0,2,0,0,1
2026,,2026-04-15,825021,away,TEX,ATH,608369,Corey Seager,42,SS,4,3,2,1,0,0,1,2,1,1,0,4,0
2026,,2026-04-15,825021,away,TEX,ATH,673962,Josh Jung,42,3B,4,3,0,0,0,0,0,0,1,0,0,0,0
2026,,2026-04-15,825021,away,TEX,ATH,457705,Andrew McCutchen,42,PH,1,1,0,0,0,0,0,0,0,1,0,0,0
2026,,2026-04-15,825021,away,TEX,ATH,677649,Ezequiel Duran,42,LF,3,3,0,0,0,0,0,0,0,1,0,0,1
2026,,2026-04-15,825021,away,TEX,ATH,607043,Brandon Nimmo,42,RF,4,3,1,0,0,0,0,0,1,1,0,0,0
2026,,2026-04-15,825021,away,TEX,ATH,669701,Josh Smith,42,2B,4,3,0,0,0,0,0,0,1,1,0,0,0
2026,,2026-04-15,825021,away,TEX,ATH,643376,Danny Jansen,42,C,4,4,0,1,0,0,0,0,0,0,0,1,3
2026,,2026-04-15,825021,home,ATH,TEX,671732,Lawrence Butler,42,RF,4,4,1,1,0,0,0,0,0,2,0,1,1
2026,,2026-04-15,825021,home,ATH,TEX,643446,Jeff McNeil,42,2B,4,2,0,0,0,0,0,0,2,0,0,0,0
2026,,2026-04-15,825021,home,ATH,TEX,666126,Carlos Cortes,42,DH,4,3,1,0,0,0,0,0,1,1,0,0,1
2026,,2026-04-15,825021,home,ATH,TEX,691777,Max Muncy,42,3B,4,3,1,0,0,0,0,0,0,3,1,0,5
2026,,2026-04-15,825021,home,ATH,TEX,672016,Denzel Clarke,42,CF,4,3,0,1,0,0,0,1,0,1,1,1,0
2026,,2026-04-15,825021,home,ATH,TEX,691016,Tyler Soderstrom,42,LF,4,2,1,1,1,0,0,1,2,1,0,2,0
2026,,2026-04-15,825021,home,ATH,TEX,701762,Nick Kurtz,42,1B,5,4,0,0,0,0,0,0,1,3,0,0,1
2026,,2026-04-15,825021,home,ATH,TEX,669127,Shea Langeliers,42,C,5,5,1,2,1,0,1,2,0,0,0,6,2
2026,,2026-04-15,825021,home,ATH,TEX,805779,Jacob Wilson,42,SS,4,4,1,2,0,0,1,2,0,0,0,5,3
2026,,2026-04-15,823963,away,NYM,LAD,666182,Bo Bichette,42,3B,4,4,1,1,0,0,0,0,0,1,0,1,0
2026,,2026-04-15,823963,away,NYM,LAD,682626,Francisco Alvarez,42,C,4,2,0,0,0,0,0,0,1,1,0,0,0
2026,,2026-04-15,823963,away,NYM,LAD,683146,Brett Baty,42,1B,4,4,0,0,0,0,0,0,0,2,0,0,0
2026,,2026-04-15,823963,away,NYM,LAD,701807,Carson Benge,42,RF,4,4,1,1,1,0,0,0,0,1,0,2,3
2026,,2026-04-15,823963,away,NYM,LAD,502054,Tommy Pham,42,LF,3,3,0,0,0,0,0,0,0,2,0,0,3
2026,,2026-04-15,823963,away,NYM,LAD,543760,Marcus Semien,42,2B,4,3,0,1,0,0,0,1,1,1,0,1,1
2026,,2026-04-15,823963,away,NYM,LAD,669004,MJ Melendez,42,DH,4,4,0,2,2,0,0,1,0,2,0,4,3
2026,,2026-04-15,823963,away,NYM,LAD,596019,Francisco Lindor,42,SS,4,4,0,0,0,0,0,0,0,2,0,0,3
2026,,2026-04-15,823963,away,NYM,LAD,673357,Luis Robert Jr.,42,CF,4,4,0,0,0,0,0,0,0,2,0,0,0
2026,,2026-04-15,823963,home,LAD,NYM,669257,Will Smith,42,C,5,5,0,1,0,0,0,0,0,0,0,1,4
2026,,2026-04-15,823963,home,LAD,NYM,687221,Dalton Rushing,42,DH,4,4,2,2,1,0,1,4,0,2,0,6,2
2026,,2026-04-15,823963,home,LAD,NYM,663656,Kyle Tucker,42,RF,5,5,1,1,0,0,1,1,0,0,0,4,1
2026,,2026-04-15,823963,home,LAD,NYM,571970,Max Muncy,42,3B,4,3,1,0,0,0,0,0,1,1,0,0,0
2026,,2026-04-15,823963,home,LAD,NYM,518692,Freddie Freeman,42,1B,5,4,0,2,1,0,0,0,1,0,0,3,1
2026,,2026-04-15,823963,home,LAD,NYM,808975,Hyeseong Kim,42,SS,4,4,1,1,0,0,1,2,0,3,0,4,2
2026,,2026-04-15,823963,home,LAD,NYM,606192,Teoscar Hernández,42,LF,4,4,2,2,0,0,1,1,0,0,0,5,2
2026,,2026-04-15,823963,home,LAD,NYM,681624,Andy Pages,42,CF,4,3,1,2,0,0,0,0,0,0,1,2,0
2026,,2026-04-15,823963,home,LAD,NYM,690976,Alex Freeland,42,2B,4,4,0,1,0,0,0,0,0,2,0,1,0
2026,,2026-04-16,823396,away,WSN,PIT,691781,Brady House,12,3B,6,6,0,1,0,0,0,0,0,2,0,1,3
2026,,2026-04-16,823396,away,WSN,PIT,682928,CJ Abrams,5,SS,5,2,0,1,0,0,0,0,2,0,0,1,0
2026,,2026-04-16,823396,away,WSN,PIT,683083,Nasim Nuñez,26,2B,5,2,1,0,0,0,0,0,2,1,0,0,2
2026,,2026-04-16,823396,away,WSN,PIT,686452,Drew Millas,14,C,2,2,1,2,1,0,0,0,0,0,0,3,0
2026,,2026-04-16,823396,away,WSN,PIT,678391,Jorbit Vivas,84,DH,5,4,3,1,0,0,0,0,0,1,0,1,5
2026,,2026-04-16,823396,away,WSN,PIT,686894,Joey Wiemer,21,PH,1,1,0,1,1,0,0,1,0,0,0,2,0
2026,,2026-04-16,823396,away,WSN,PIT,678554,Curtis Mead,45,1B,3,3,0,0,0,0,0,0,0,0,0,0,3
2026,,2026-04-16,823396,away,WSN,PIT,695734,Daylen Lile,4,LF,5,5,1,2,1,0,0,0,0,1,0,3,1
2026,,2026-04-16,823396,away,WSN,PIT,695578,James Wood,29,RF,6,6,1,2,0,0,0,1,0,2,1,2,5
2026,,2026-04-16,823396,away,WSN,PIT,696285,Jacob Young,30,CF,5,4,0,0,0,0,0,1,0,2,0,0,6
2026,,2026-04-16,823396,away,WSN,PIT,660688,Keibert Ruiz,20,C,2,2,0,0,0,0,0,0,0,0,0,0,1
2026,,2026-04-16,823396,away,WSN,PIT,671277,Luis García Jr.,2,1B,3,3,1,0,0,0,0,1,0,1,1,0,0
2026,,2026-04-16,823396,home,PIT,WSN,694377,Nick Yorke,38,3B,5,4,0,1,0,0,0,0,1,1,0,1,2
2026,,2026-04-16,823396,home,PIT,WSN,687462,Spencer Horwitz,2,1B,1,1,1,0,0,0,0,0,0,0,0,0,1
2026,,2026-04-16,823396,home,PIT,WSN,664040,Brandon Lowe,5,2B,5,5,0,2,0,0,0,1,0,2,0,2,3
2026,,2026-04-16,823396,home,PIT,WSN,663698,Joey Bart,14,C,5,5,1,1,0,0,0,0,0,2,0,1,7
2026,,2026-04-16,823396,home,PIT,WSN,668804,Bryan Reynolds,10,RF,2,2,0,0,0,0,0,0,0,1,0,0,3
2026,,2026-04-16,823396,home,PIT,WSN,665833,Oneil Cruz,15,CF,5,5,1,2,1,0,0,1,0,1,2,3,4
2026,,2026-04-16,823396,home,PIT,WSN,663968,Jake Mangum,28,LF,6,5,2,3,0,0,0,0,1,0,1,3,2
2026,,2026-04-16,823396,home,PIT,WSN,695257,Billy Cook,25,LF,2,2,1,1,0,0,0,0,0,0,0,1,0
2026,,2026-04-16,823396,home,PIT,WSN,680779,Henry Davis,32,PR,0,0,0,0,0,0,0,0,0,0,0,0,0
2026,,2026-04-16,823396,home,PIT,WSN,804606,Konnor Griffin,6,SS,5,5,0,2,0,1,0,1,0,2,0,4,2
2026,,2026-04-16,823396,home,PIT,WSN,656811,Ryan O'Hearn,29,1B,1,0,0,0,0,0,0,0,0,0,0,0,0
2026,,2026-04-16,823396,home,PIT,WSN,693304,Nick Gonzales,3,3B,4,4,0,2,0,0,0,1,0,1,0,2,2
2026,,2026-04-16,823396,home,PIT,WSN,542303,Marcell Ozuna,24,DH,5,4,1,1,0,0,1,3,1,1,0,4,4
2026,,2026-04-16,824530,away,SFG,CIN,669477,Casey Schmitt,10,DH,4,4,0,1,0,0,0,1,0,0,0,1,1
2026,,2026-04-16,824530,away,SFG,CIN,671218,Heliot Ramos,17,LF,2,1,0,0,0,0,0,0,1,0,0,0,1
2026,,2026-04-16,824530,away,SFG,CIN,686823,Will Brennan,7,LF,2,2,0,0,0,0,0,0,0,0,0,0,1
2026,,2026-04-16,824530,away,SFG,CIN,672275,Patrick Bailey,14,C,3,3,0,0,0,0,0,0,0,2,0,0,1
2026,,2026-04-16,824530,away,SFG,CIN,656305,Matt Chapman,26,3B,4,4,1,1,1,0,0,1,0,2,0,2,0
2026,,2026-04-16,824530,away,SFG,CIN,687551,Drew Gilbert,0,CF,3,2,0,0,0,0,0,0,1,1,0,0,2
2026,,2026-04-16,824530,away,SFG,CIN,808982,Jung Hoo Lee,51,RF,4,4,1,3,0,0,0,1,0,1,0,3,0
2026,,2026-04-16,824530,away,SFG,CIN,646240,Rafael Devers,16,1B,4,4,0,0,0,0,0,0,0,2,0,0,2
2026,,2026-04-16,824530,away,SFG,CIN,642715,Willy Adames,2,SS,4,3,0,1,0,0,0,0,0,1,0,1,1
2026,,2026-04-16,824530,away,SFG,CIN,650333,Luis Arraez,1,2B,4,4,1,0,0,0,0,0,0,0,0,0,0
2026,,2026-04-16,824530,home,CIN,SFG,682829,Elly De La Cruz,44,SS,4,4,0,0,0,0,0,0,0,3,0,0,3
2026,,2026-04-16,824530,home,CIN,SFG,667472,Dane Myers,17,PH,1,1,0,0,0,0,0,0,0,1,0,0,0
2026,,2026-04-16,824530,home,CIN,SFG,701398,Sal Stewart,27,1B,4,4,0,0,0,0,0,0,0,2,0,0,1
2026,,2026-04-16,824530,home,CIN,SFG,680574,Matt McLain,9,2B,4,3,0,0,0,0,0,0,1,1,0,0,2
2026,,2026-04-16,824530,home,CIN,SFG,663647,Ke'Bryan Hayes,3,3B,3,3,0,0,0,0,0,0,0,1,0,0,2
2026,,2026-04-16,824530,home,CIN,SFG,670770,TJ Friedl,29,CF,3,2,0,0,0,0,0,0,0,0,0,0,1
2026,,2026-04-16,824530,home,CIN,SFG,664731,P.J. Higgins,65,C,3,2,0,1,0,0,0,0,1,1,0,1,0
2026,,2026-04-16,824530,home,CIN,SFG,668715,Spencer Steer,7,LF,3,2,0,0,0,0,0,0,0,2,0,0,0
2026,,2026-04-16,824530,home,CIN,SFG,553993,Eugenio Suárez,28,DH,3,2,0,0,0,0,0,0,1,0,0,0,0
2026,,2026-04-16,824530,home,CIN,SFG,677956,Rece Hinds,57,RF,3,3,0,0,0,0,0,0,0,1,0,0,2
2026,,2026-04-16,824289,away,KCR,DET,695600,Carter Jensen,22,C,5,5,0,2,0,0,0,1,0,0,0,2,1
2026,,2026-04-16,824289,away,KCR,DET,663697,Jonathan India,6,2B,4,4,1,1,1,0,0,0,0,1,0,2,3
2026,,2026-04-16,824289,away,KCR,DET,521692,Salvador Perez,13,DH,5,4,1,2,0,0,1,4,0,2,0,5,1
2026,,2026-04-16,824289,away,KCR,DET,686681,Michael Massey,19,LF,2,2,0,1,0,0,0,0,0,1,0,1,0
2026,,2026-04-16,824289,away,KCR,DET,686469,Vinnie Pasquantino,9,1B,5,5,1,1,0,0,1,1,0,1,0,4,4
2026,,2026-04-16,824289,away,KCR,DET,664728,Kyle Isbel,28,CF,4,3,0,0,0,0,0,0,0,0,0,0,2
2026,,2026-04-16,824289,away,KCR,DET,672580,Maikel Garcia,11,3B,5,5,1,1,0,0,0,1,0,1,0,1,2
2026,,2026-04-16,824289,away,KCR,DET,657041,Lane Thomas,15,LF,2,1,1,1,0,0,0,0,1,0,0,1,0
2026,,2026-04-16,824289,away,KCR,DET,695506,Jac Caglianone,14,RF,4,4,1,1,0,0,0,1,0,0,0,1,1
2026,,2026-04-16,824289,away,KCR,DET,677951,Bobby Witt Jr.,7,SS,5,5,3,3,2,0,0,1,0,2,0,5,0
2026,,2026-04-16,824289,home,DET,KCR,663330,Jahmai Jones,18,DH,3,3,1,1,0,0,0,1,0,1,0,1,1
2026,,2026-04-16,824289,home,DET,KCR,682985,Riley Greene,31,LF,5,4,2,3,2,0,0,2,1,1,0,5,0
2026,,2026-04-16,824289,home,DET,KCR,595879,Javier Báez,28,CF,4,3,1,0,0,0,0,0,1,2,0,0,2
2026,,2026-04-16,824289,home,DET,KCR,805808,Kevin McGonigle,7,SS,5,4,2,1,0,1,0,0,1,0,0,3,2
2026,,2026-04-16,824289,home,DET,KCR,681481,Kerry Carpenter,30,DH,2,1,0,0,0,0,0,1,0,1,0,0,2
2026,,2026-04-16,824289,home,DET,KCR,679529,Spencer Torkelson,20,1B,4,4,0,2,1,0,0,1,0,2,0,3,1
2026,,2026-04-16,824289,home,DET,KCR,650402,Gleyber Torres,25,2B,5,4,2,2,1,0,0,1,1,0,0,3,2
2026,,2026-04-16,824289,home,DET,KCR,663837,Matt Vierling,8,CF,3,3,1,2,0,0,0,1,0,0,1,2,1
2026,,2026-04-16,824289,home,DET,KCR,693307,Dillon Dingler,13,C,5,5,1,2,1,0,1,2,0,0,0,6,2
2026,,2026-04-16,824289,home,DET,KCR,690993,Colt Keith,33,3B,2,2,0,1,0,0,0,1,0,0,0,1,1
2026,,2026-04-16,824289,home,DET,KCR,672761,Wenceel Pérez,46,RF,4,4,0,0,0,0,0,0,0,1,0,0,3
2026,,2026-04-16,823560,away,LAA,NYY,624428,Adam Frazier,20,LF,2,1,1,0,0,0,0,0,0,1,0,0,2
2026,,2026-04-16,823560,away,LAA,NYY,672724,Oswald Peraza,2,3B,5,4,2,2,1,0,1,3,1,1,1,6,0
2026,,2026-04-16,823560,away,LAA,NYY,687263,Zach Neto,9,SS,5,5,1,1,0,0,0,0,0,2,0,1,0
2026,,2026-04-16,823560,away,LAA,NYY,518595,Travis d'Arnaud,25,C,5,4,0,1,0,0,0,0,1,0,0,1,0
2026,,2026-04-16,823560,away,LAA,NYY,545361,Mike Trout,27,DH,5,2,3,1,0,0,1,1,3,0,0,4,0
2026,,2026-04-16,823560,away,LAA,NYY,666176,Jo Adell,7,RF,5,4,3,2,0,0,1,4,1,1,0,5,1
2026,,2026-04-16,823560,away,LAA,NYY,687093,Vaughn Grissom,5,2B,5,4,1,1,0,0,0,1,1,0,0,1,0
2026,,2026-04-16,823560,away,LAA,NYY,694384,Nolan Schanuel,18,1B,5,5,0,0,0,0,0,0,0,1,0,0,4
2026,,2026-04-16,823560,away,LAA,NYY,666139,Josh Lowe,3,CF,5,5,0,1,0,0,0,2,0,0,0,1,1
2026,,2026-04-16,823560,away,LAA,NYY,669326,Bryce Teodosio,22,CF,2,2,0,0,0,0,0,0,0,1,0,0,0
2026,,2026-04-16,823560,home,NYY,LAA,676609,José Caballero,72,SS,4,4,0,3,0,0,0,0,0,1,2,3,1
2026,,2026-04-16,823560,home,NYY,LAA,642708,Amed Rosario,14,3B,4,4,0,0,0,0,0,0,0,1,0,0,0
2026,,2026-04-16,823560,home,NYY,LAA,592450,Aaron Judge,99,RF,4,4,1,1,0,0,1,1,0,1,0,4,1
2026,,2026-04-16,823560,home,NYY,LAA,700250,Ben Rice,22,1B,4,4,1,1,0,0,1,1,0,1,0,4,0
2026,,2026-04-16,823560,home,NYY,LAA,641555,J.C. Escarra,25,C,4,4,0,1,0,0,0,0,0,3,0,1,3
2026,,2026-04-16,823560,home,NYY,LAA,641355,Cody Bellinger,35,LF,4,3,1,1,0,0,0,0,1,1,0,1,0
2026,,2026-04-16,823560,home,NYY,LAA,519317,Giancarlo Stanton,27,DH,4,4,1,1,0,0,1,2,0,0,0,4,0
2026,,2026-04-16,823560,home,NYY,LAA,665862,Jazz Chisholm Jr.,13,2B,4,2,0,0,0,0,0,0,2,0,1,0,0
2026,,2026-04-16,823560,home,NYY,LAA,663757,Trent Grisham,12,CF,4,3,0,0,0,0,0,0,1,0,0,0,2
2026,,2026-04-16,823801,away,TOR,MIL,672820,Lenyn Sosa,50,2B,4,4,0,1,1,0,0,0,0,0,0,2,1
2026,,2026-04-16,823801,away,TOR,MIL,676391,Ernie Clement,22,3B,3,3,0,1,0,0,0,0,0,0,0,1,1
2026,,2026-04-16,823801,away,TOR,MIL,662139,Daulton Varsho,5,CF,4,4,0,1,0,0,0,0,0,2,0,1,1
2026,,2026-04-16,823801,away,TOR,MIL,665926,Andrés Giménez,0,SS,3,3,1,2,1,0,0,0,0,1,0,3,0
2026,,2026-04-16,823801,away,TOR,MIL,676914,Davis Schneider,36,LF,4,3,0,0,0,0,0,0,1,1,0,0,1
2026,,2026-04-16,823801,away,TOR,MIL,623168,Tyler Heineman,55,C,3,2,0,0,0,0,0,1,0,1,0,0,0
2026,,2026-04-16,823801,away,TOR,MIL,665489,Vladimir Guerrero Jr.,27,DH,4,4,0,1,0,0,0,0,0,2,0,1,2
2026,,2026-04-16,823801,away,TOR,MIL,660821,Jesús Sánchez,12,RF,3,3,0,0,0,0,0,0,0,0,0,0,1
2026,,2026-04-16,823801,away,TOR,MIL,650391,Eloy Jiménez,74,PH,1,1,0,0,0,0,0,0,0,0,0,0,1
2026,,2026-04-16,823801,away,TOR,MIL,672960,Kazuma Okamoto,7,1B,4,4,0,0,0,0,0,0,0,1,0,0,2
2026,,2026-04-16,823801,home,MIL,TOR,650859,Luis Rengifo,13,1B,2,1,0,0,0,0,0,1,0,0,0,0,1
2026,,2026-04-16,823801,home,MIL,TOR,675659,Greg Jones,14,RF,3,2,0,1,0,0,0,0,0,0,0,1,1
2026,,2026-04-16,823801,home,MIL,TOR,687401,Joey Ortiz,3,SS,3,1,0,0,0,0,0,1,1,1,0,0,0
2026,,2026-04-16,823801,home,MIL,TOR,641343,Jake Bauers,9,1B,2,2,0,0,0,0,0,0,0,1,0,0,3
2026,,2026-04-16,823801,home,MIL,TOR,686217,Sal Frelick,10,DH,0,0,0,0,0,0,0,0,0,0,0,0,0
2026,,2026-04-16,823801,home,MIL,TOR,663604,Brandon Lockridge,20,LF,4,4,0,0,0,0,0,0,0,2,0,0,2
2026,,2026-04-16,823801,home,MIL,TOR,669003,Garrett Mitchell,5,CF,1,0,1,0,0,0,0,0,1,0,0,0,0
2026,,2026-04-16,823801,home,MIL,TOR,666152,David Hamilton,6,3B,3,3,0,1,0,0,0,0,0,2,0,1,0
2026,,2026-04-16,823801,home,MIL,TOR,661388,William Contreras,24,C,4,4,0,2,0,0,0,0,0,0,0,2,0
2026,,2026-04-16,823801,home,MIL,TOR,668930,Brice Turang,2,2B,4,4,1,1,1,0,0,0,0,2,0,2,0
2026,,2026-04-16,823801,home,MIL,TOR,682641,Luis Matos,21,RF,2,2,0,0,0,0,0,0,0,0,0,0,2
2026,,2026-04-16,823801,home,MIL,TOR,596142,Gary Sánchez,99,DH,4,3,0,2,1,0,0,0,1,0,0,3,2
2026,,2026-04-16,824614,away,TBR,CHW,670764,Taylor Walls,6,SS,5,4,0,1,0,0,0,2,1,1,0,1,1
2026,,2026-04-16,824614,away,TBR,CHW,680700,Richie Palacios,1,2B,3,2,0,2,0,0,0,1,0,0,0,2,0
2026,,2026-04-16,824614,away,TBR,CHW,668723,Ryan Vilade,26,1B,2,1,0,0,0,0,0,0,1,0,1,0,0
2026,,2026-04-16,824614,away,TBR,CHW,641584,Jake Fraley,17,RF,3,3,0,0,0,0,0,0,0,3,0,0,8
2026,,2026-04-16,824614,away,TBR,CHW,802415,Chandler Simpson,14,LF,6,6,0,0,0,0,0,0,0,1,0,0,6
2026,,2026-04-16,824614,away,TBR,CHW,676356,Jonny DeLuca,21,RF,2,1,1,0,0,0,0,0,1,0,0,0,1
2026,,2026-04-16,824614,away,TBR,CHW,676439,Hunter Feduccia,9,C,1,0,0,0,0,0,0,1,1,0,0,0,0
2026,,2026-04-16,824614,away,TBR,CHW,666018,Jonathan Aranda,8,1B,3,1,1,0,0,0,0,0,2,1,0,0,2
2026,,2026-04-16,824614,away,TBR,CHW,663743,Nick Fortes,40,C,4,4,0,2,0,0,0,0,0,1,0,2,0
2026,,2026-04-16,824614,away,TBR,CHW,650490,Yandy Díaz,2,DH,5,5,1,2,0,0,0,0,0,0,0,2,4
2026,,2026-04-16,824614,away,TBR,CHW,810938,Ben Williamson,15,2B,2,2,0,0,0,0,0,0,0,1,0,0,1
2026,,2026-04-16,824614,away,TBR,CHW,691406,Junior Caminero,13,3B,5,5,1,2,0,0,1,1,0,1,0,5,0
2026,,2026-04-16,824614,away,TBR,CHW,656775,Cedric Mullins,31,CF,5,3,1,0,0,0,0,0,1,1,0,0,0
2026,,2026-04-16,824614,home,CHW,TBR,671976,Tristan Peters,29,CF,2,2,0,0,0,0,0,0,0,1,0,0,4
2026,,2026-04-16,824614,home,CHW,TBR,695020,Tanner Murray,41,SS,2,2,0,1,0,0,0,0,0,1,0,1,1
2026,,2026-04-16,824614,home,CHW,TBR,808959,Munetaka Murakami,5,1B,4,4,0,0,0,0,0,0,0,3,0,0,2
2026,,2026-04-16,824614,home,CHW,TBR,805367,Chase Meidroth,10,2B,4,4,1,2,1,0,0,0,0,1,0,3,0
2026,,2026-04-16,824614,home,CHW,TBR,695657,Colson Montgomery,12,SS,2,1,0,0,0,0,0,0,1,0,0,0,1
2026,,2026-04-16,824614,home,CHW,TBR,700337,Edgar Quero,26,C,4,3,0,1,1,0,0,1,1,1,0,2,1
2026,,2026-04-16,824614,home,CHW,TBR,643217,Andrew Benintendi,23,DH,4,3,0,0,0,0,0,0,1,0,0,0,5
2026,,2026-04-16,824614,home,CHW,TBR,677592,Everson Pereira,28,RF,4,3,1,2,0,0,1,1,1,0,0,5,1
2026,,2026-04-16,824614,home,CHW,TBR,803011,Sam Antonacci,17,LF,4,4,0,0,0,0,0,0,0,0,0,0,1
2026,,2026-04-16,824614,home,CHW,TBR,656537,Derek Hill,25,CF,2,2,0,1,0,0,0,0,0,0,0,1,0
2026,,2026-04-16,824614,home,CHW,TBR,678246,Miguel Vargas,20,3B,5,5,1,1,0,0,1,1,0,0,0,4,1
2026,,2026-04-16,825023,away,TEX,ATH,694497,Evan Carter,32,CF,3,2,0,0,0,0,0,0,0,0,0,0,3
2026,,2026-04-16,825023,away,TEX,ATH,694671,Wyatt Langford,36,LF,6,5,1,1,0,0,0,0,1,1,1,1,4
2026,,2026-04-16,825023,away,TEX,ATH,669394,Jake Burger,21,1B,5,4,1,1,0,0,0,1,0,0,0,1,2
2026,,2026-04-16,825023,away,TEX,ATH,592626,Joc Pederson,3,DH,3,1,2,1,0,0,0,1,2,0,0,1,0
2026,,2026-04-16,825023,away,TEX,ATH,673962,Josh Jung,6,3B,5,5,2,3,1,0,1,2,0,0,0,7,2
2026,,2026-04-16,825023,away,TEX,ATH,457705,Andrew McCutchen,4,DH,2,1,0,0,0,0,0,0,1,1,0,0,1
2026,,2026-04-16,825023,away,TEX,ATH,543309,Kyle Higashioka,11,C,5,4,1,0,0,0,0,0,1,2,0,0,2
2026,,2026-04-16,825023,away,TEX,ATH,677649,Ezequiel Duran,20,SS,5,4,2,2,1,0,0,2,1,0,1,3,1
2026,,2026-04-16,825023,away,TEX,ATH,607043,Brandon Nimmo,24,RF,6,4,0,1,0,0,0,1,1,0,0,1,2
2026,,2026-04-16,825023,away,TEX,ATH,669701,Josh Smith,8,2B,5,4,0,1,1,0,0,1,1,2,0,2,0
2026,,2026-04-16,825023,away,TEX,ATH,664059,Sam Haggerty,0,LF,2,2,0,0,0,0,0,0,0,1,0,0,2
2026,,2026-04-16,825023,home,ATH,TEX,671732,Lawrence Butler,4,RF,5,5,0,2,0,0,0,0,0,0,0,2,0
2026,,2026-04-16,825023,home,ATH,TEX,680869,Zack Gelof,20,2B,0,0,1,0,0,0,0,0,0,0,0,0,0
2026,,2026-04-16,825023,home,ATH,TEX,643446,Jeff McNeil,22,2B,5,4,0,1,1,0,0,0,0,1,0,2,1
2026,,2026-04-16,825023,home,ATH,TEX,642851,Austin Wynns,29,C,4,4,1,0,0,0,0,0,0,1,0,0,3
2026,,2026-04-16,825023,home,ATH,TEX,666126,Carlos Cortes,26,RF,4,4,0,2,0,0,0,1,0,0,0,2,2
2026,,2026-04-16,825023,home,ATH,TEX,672016,Denzel Clarke,1,CF,1,1,0,0,0,0,0,0,0,0,0,0,1
2026,,2026-04-16,825023,home,ATH,TEX,691016,Tyler Soderstrom,21,LF,5,5,1,1,1,0,0,0,0,1,0,2,7
2026,,2026-04-16,825023,home,ATH,TEX,687231,Darell Hernaiz,2,3B,4,4,0,1,0,0,0,0,0,0,1,1,3
2026,,2026-04-16,825023,home,ATH,TEX,701762,Nick Kurtz,16,1B,5,4,0,2,1,0,0,3,1,0,0,3,2
2026,,2026-04-16,825023,home,ATH,TEX,669127,Shea Langeliers,23,DH,5,2,2,2,0,0,0,0,3,0,0,2,0
2026,,2026-04-16,825023,home,ATH,TEX,805779,Jacob Wilson,5,SS,5,5,1,2,0,0,0,2,0,0,1,2,2
2026,,2026-04-16,824453,away,BAL,CLE,669236,Jeremiah Jackson,82,2B,3,3,0,0,0,0,0,0,0,2,0,0,0
2026,,2026-04-16,824453,away,BAL,CLE,694212,Samuel Basallo,29,C,4,4,0,0,0,0,0,0,0,0,0,0,2
2026,,2026-04-16,824453,away,BAL,CLE,683002,Gunnar Henderson,2,DH,4,3,0,0,0,0,0,1,0,1,0,0,1
2026,,2026-04-16,824453,away,BAL,CLE,665750,Leody Taveras,30,CF,3,2,1,1,0,0,0,0,1,1,0,1,0
2026,,2026-04-16,824453,away,BAL,CLE,621493,Taylor Ward,3,LF,4,3,0,1,0,0,0,0,1,0,0,1,1
2026,,2026-04-16,824453,away,BAL,CLE,677942,Blaze Alexander,23,SS,3,3,1,1,0,0,0,0,0,1,0,1,1
2026,,2026-04-16,824453,away,BAL,CLE,671286,Johnathan Rodríguez,62,RF,3,3,0,0,0,0,0,0,0,2,0,0,1
2026,,2026-04-16,824453,away,BAL,CLE,624413,Pete Alonso,25,1B,4,4,0,1,1,0,0,1,0,1,0,2,1
2026,,2026-04-16,824453,away,BAL,CLE,681297,Colton Cowser,17,PH,1,1,0,0,0,0,0,0,0,0,0,0,2
2026,,2026-04-16,824453,away,BAL,CLE,691723,Coby Mayo,16,3B,3,3,0,0,0,0,0,0,0,1,0,0,0
2026,,2026-04-16,824453,home,CLE,BAL,671655,George Valera,7,RF,4,4,0,2,0,0,0,1,0,1,0,2,1
2026,,2026-04-16,824453,home,CLE,BAL,800050,Chase DeLauter,24,DH,4,3,1,0,0,0,0,0,1,0,0,0,2
2026,,2026-04-16,824453,home,CLE,BAL,595978,Austin Hedges,27,C,4,4,0,0,0,0,0,0,0,2,0,0,3
2026,,2026-04-16,824453,home,CLE,BAL,677587,Brayan Rocchio,4,SS,3,3,1,1,1,0,0,0,0,0,0,2,0
2026,,2026-04-16,824453,home,CLE,BAL,608070,José Ramírez,11,3B,4,3,2,2,0,0,1,2,1,0,0,5,0
2026,,2026-04-16,824453,home,CLE,BAL,680757,Steven Kwan,38,CF,4,4,0,2,0,0,0,1,0,1,0,2,0
2026,,2026-04-16,824453,home,CLE,BAL,682657,Angel Martínez,1,LF,4,4,0,0,0,0,0,0,0,2,0,0,4
2026,,2026-04-16,824453,home,CLE,BAL,682877,Juan Brito,34,2B,4,3,0,0,0,0,0,0,1,2,0,0,2
2026,,2026-04-16,824453,home,CLE,BAL,700932,Kyle Manzardo,9,1B,4,3,0,1,0,0,0,0,1,2,0,1,2
2026,,2026-04-16,824208,away,COL,HOU,666160,Mickey Moniak,22,LF,4,3,0,1,0,0,0,0,1,1,0,1,3
2026,,2026-04-16,824208,away,COL,HOU,664983,Jake McCarthy,31,RF,0,0,0,0,0,0,0,0,0,0,0,0,0
2026,,2026-04-16,824208,away,COL,HOU,687859,Troy Johnston,20,DH,4,4,0,1,0,0,0,0,0,1,0,1,2
2026,,2026-04-16,824208,away,COL,HOU,671289,Tyler Freeman,2,RF,5,5,0,3,0,0,0,1,0,0,0,3,2
2026,,2026-04-16,824208,away,COL,HOU,666397,Edouard Julien,6,2B,5,4,0,0,0,0,0,0,1,2,0,0,2
2026,,2026-04-16,824208,away,COL,HOU,696100,Hunter Goodman,15,C,4,3,1,2,1,0,1,1,1,1,0,6,3
2026,,2026-04-16,824208,away,COL,HOU,686668,Brenton Doyle,9,CF,4,3,1,2,0,0,0,0,1,0,2,2,0
2026,,2026-04-16,824208,away,COL,HOU,678662,Ezequiel Tovar,14,SS,4,4,0,0,0,0,0,0,0,0,0,0,2
2026,,2026-04-16,824208,away,COL,HOU,681198,TJ Rumfield,7,1B,5,4,0,0,0,0,0,0,1,0,0,0,3
2026,,2026-04-16,824208,away,COL,HOU,691720,Kyle Karros,12,3B,4,3,1,0,0,0,0,0,1,0,0,0,2
2026,,2026-04-16,824208,home,HOU,COL,670623,Isaac Paredes,15,1B,5,3,0,0,0,0,0,0,2,2,0,0,2
2026,,2026-04-16,824208,home,HOU,COL,669397,Nick Allen,20,SS,0,0,0,0,0,0,0,0,0,0,0,0,0
2026,,2026-04-16,824208,home,HOU,COL,701358,Cam Smith,11,RF,4,4,0,0,0,0,0,0,0,2,0,0,6
2026,,2026-04-16,824208,home,HOU,COL,514888,Jose Altuve,27,2B,5,4,1,2,1,0,0,0,1,2,0,3,0
2026,,2026-04-16,824208,home,HOU,COL,666211,Taylor Trammell,26,CF,4,3,0,0,0,0,0,0,1,0,0,0,2
2026,,2026-04-16,824208,home,HOU,COL,694388,Joey Loperfido,10,LF,4,3,0,1,0,0,0,1,0,1,0,1,3
2026,,2026-04-16,824208,home,HOU,COL,621043,Carlos Correa,1,3B,4,4,0,1,1,0,0,0,0,2,0,2,4
2026,,2026-04-16,824208,home,HOU,COL,572233,Christian Walker,8,1B,4,2,0,0,0,0,0,0,1,1,0,0,2
2026,,2026-04-16,824208,home,HOU,COL,673237,Yainer Diaz,21,C,4,4,0,0,0,0,0,0,0,2,0,0,1
2026,,2026-04-16,824208,home,HOU,COL,670541,Yordan Alvarez,44,DH,5,4,1,1,0,0,0,1,1,1,0,1,1
2026,,2026-04-16,823313,away,SEA,SDP,647304,Josh Naylor,12,1B,4,4,0,0,0,0,0,0,0,1,0,0,5
2026,,2026-04-16,823313,away,SEA,SDP,702284,Cole Young,2,2B,4,4,1,1,0,0,0,0,0,1,0,1,0
2026,,2026-04-16,823313,away,SEA,SDP,668227,Randy Arozarena,56,LF,4,3,0,1,0,0,0,0,1,0,0,1,2
2026,,2026-04-16,823313,away,SEA,SDP,641487,J.P. Crawford,3,SS,4,4,0,0,0,0,0,0,0,2,0,0,3
2026,,2026-04-16,823313,away,SEA,SDP,686527,Dominic Canzone,8,DH,2,2,0,0,0,0,0,0,0,1,0,0,0
2026,,2026-04-16,823313,away,SEA,SDP,663728,Cal Raleigh,29,C,4,4,0,2,0,0,0,1,0,1,0,2,1
2026,,2026-04-16,823313,away,SEA,SDP,656582,Connor Joe,9,RF,2,2,0,0,0,0,0,0,0,1,0,0,5
2026,,2026-04-16,823313,away,SEA,SDP,680977,Brendan Donovan,33,3B,4,3,1,2,0,0,0,0,1,0,0,2,0
2026,,2026-04-16,823313,away,SEA,SDP,641598,Mitch Garver,18,DH,2,2,0,0,0,0,0,0,0,2,0,0,0
2026,,2026-04-16,823313,away,SEA,SDP,677594,Julio Rodríguez,44,CF,4,3,0,1,0,0,0,1,0,2,0,1,2
2026,,2026-04-16,823313,away,SEA,SDP,670042,Luke Raley,20,RF,2,2,0,0,0,0,0,0,0,1,0,0,0
2026,,2026-04-16,823313,home,SDP,SEA,669134,Luis Campusano,12,C,4,4,1,1,0,0,0,1,0,0,0,1,1
2026,,2026-04-16,823313,home,SDP,SEA,701538,Jackson Merrill,3,CF,4,4,0,1,1,0,0,0,0,1,0,2,4
2026,,2026-04-16,823313,home,SDP,SEA,657757,Gavin Sheets,30,1B,4,3,1,1,1,0,0,0,1,1,0,2,1
2026,,2026-04-16,823313,home,SDP,SEA,657656,Ramón Laureano,5,LF,5,4,0,1,0,0,0,1,1,1,0,1,4
2026,,2026-04-16,823313,home,SDP,SEA,592518,Manny Machado,13,3B,4,4,0,2,0,0,0,1,0,1,0,2,1
2026,,2026-04-16,823313,home,SDP,SEA,609280,Miguel Andujar,41,DH,4,4,1,2,0,0,0,0,0,0,0,2,1
2026,,2026-04-16,823313,home,SDP,SEA,665487,Fernando Tatis Jr.,23,RF,4,2,1,1,0,0,0,2,1,0,0,1,1
2026,,2026-04-16,823313,home,SDP,SEA,593428,Xander Bogaerts,2,SS,4,4,0,0,0,0,0,0,0,1,0,0,3
2026,,2026-04-16,823313,home,SDP,SEA,630105,Jake Cronenworth,9,2B,4,4,1,1,0,0,0,0,0,1,0,1,3
2026,,2026-04-17,824693,away,NYM,CHC,666182,Bo Bichette,19,3B,5,5,0,1,0,0,0,0,0,1,0,1,3
2026,,2026-04-17,824693,away,NYM,CHC,621438,Tyrone Taylor,28,LF,4,3,0,2,0,0,0,2,0,1,0,2,0
2026,,2026-04-17,824693,away,NYM,CHC,682626,Francisco Alvarez,4,C,4,3,1,2,0,0,0,1,1,0,0,2,0
2026,,2026-04-17,824693,away,NYM,CHC,668901,Mark Vientos,27,1B,2,2,0,1,0,0,0,0,0,0,0,1,3
2026,,2026-04-17,824693,away,NYM,CHC,683146,Brett Baty,7,1B,2,2,0,0,0,0,0,0,0,1,0,0,2
2026,,2026-04-17,824693,away,NYM,CHC,701807,Carson Benge,3,RF,4,4,0,1,0,0,0,0,0,1,0,1,1
2026,,2026-04-17,824693,away,NYM,CHC,502054,Tommy Pham,39,PH,1,1,0,0,0,0,0,0,0,0,0,0,1
2026,,2026-04-17,824693,away,NYM,CHC,543760,Marcus Semien,10,2B,4,4,1,2,1,0,0,1,0,1,0,3,3
2026,,2026-04-17,824693,away,NYM,CHC,669004,MJ Melendez,1,DH,4,3,1,2,0,0,0,0,1,1,0,2,2
2026,,2026-04-17,824693,away,NYM,CHC,596019,Francisco Lindor,12,SS,4,4,1,2,1,0,0,0,0,0,0,3,1
2026,,2026-04-17,824693,away,NYM,CHC,673357,Luis Robert Jr.,88,CF,4,4,0,1,1,0,0,0,0,0,0,2,1
2026,,2026-04-17,824693,home,CHC,NYM,664023,Ian Happ,8,LF,5,4,1,1,0,0,1,2,1,1,0,4,4
2026,,2026-04-17,824693,home,CHC,NYM,608324,Alex Bregman,3,3B,5,5,1,1,0,0,0,0,0,1,0,1,5
2026,,2026-04-17,824693,home,CHC,NYM,683737,Michael Busch,29,1B,5,4,2,2,0,0,0,0,1,1,0,2,1
2026,,2026-04-17,824693,home,CHC,NYM,608348,Carson Kelly,15,C,4,4,1,1,0,0,0,0,0,0,0,1,2
2026,,2026-04-17,824693,home,CHC,NYM,691718,Pete Crow-Armstrong,4,CF,4,3,0,0,0,0,0,0,1,1,0,0,0
2026,,2026-04-17,824693,home,CHC,NYM,694208,Moisés Ballesteros,25,DH,2,2,1,2,0,0,1,3,0,0,0,5,0
2026,,2026-04-17,824693,home,CHC,NYM,673548,Seiya Suzuki,27,RF,5,5,2,2,1,0,0,1,0,1,0,3,4
2026,,2026-04-17,824693,home,CHC,NYM,621020,Dansby Swanson,7,SS,4,2,2,1,0,0,0,1,1,0,0,1,0
2026,,2026-04-17,824693,home,CHC,NYM,663538,Nico Hoerner,2,2B,5,5,1,3,0,0,1,2,0,0,0,6,1
2026,,2026-04-17,824693,home,CHC,NYM,807713,Matt Shaw,6,DH,3,3,1,1,1,0,0,1,0,1,0,2,0
2026,,2026-04-17,824454,away,BAL,CLE,669236,Jeremiah Jackson,82,2B,4,4,1,1,0,0,1,3,0,2,0,4,3
2026,,2026-04-17,824454,away,BAL,CLE,694212,Samuel Basallo,29,C,3,3,0,0,0,0,0,0,0,1,0,0,3
2026,,2026-04-17,824454,away,BAL,CLE,642215,Weston Wilson,32,PH,1,1,1,1,1,0,0,2,0,0,0,2,0
2026,,2026-04-17,824454,away,BAL,CLE,683002,Gunnar Henderson,2,SS,5,5,0,0,0,0,0,0,0,2,0,0,2
2026,,2026-04-17,824454,away,BAL,CLE,665750,Leody Taveras,30,RF,4,3,1,1,0,0,0,0,1,0,1,1,0
2026,,2026-04-17,824454,away,BAL,CLE,621493,Taylor Ward,3,LF,5,3,1,0,0,0,0,0,2,1,0,0,0
2026,,2026-04-17,824454,away,BAL,CLE,687637,Dylan Beavers,12,DH,5,3,1,1,0,0,0,0,2,1,0,1,2
2026,,2026-04-17,824454,away,BAL,CLE,677942,Blaze Alexander,23,CF,0,0,0,0,0,0,0,0,0,0,0,0,0
2026,,2026-04-17,824454,away,BAL,CLE,671286,Johnathan Rodríguez,62,PH,1,0,0,0,0,0,0,1,0,0,0,0,0
2026,,2026-04-17,824454,away,BAL,CLE,624413,Pete Alonso,25,1B,5,4,1,2,0,0,0,0,0,0,0,2,1
2026,,2026-04-17,824454,away,BAL,CLE,669087,Sam Huff,31,C,1,1,0,0,0,0,0,0,0,1,0,0,1
2026,,2026-04-17,824454,away,BAL,CLE,681297,Colton Cowser,17,RF,3,3,0,0,0,0,0,0,0,1,0,0,1
2026,,2026-04-17,824454,away,BAL,CLE,691723,Coby Mayo,16,3B,4,3,0,1,0,0,0,0,1,2,0,1,2
2026,,2026-04-17,824454,home,CLE,BAL,671655,George Valera,7,PH,1,1,0,0,0,0,0,0,0,0,0,0,1
2026,,2026-04-17,824454,home,CLE,BAL,800050,Chase DeLauter,24,RF,5,4,1,1,1,0,0,0,1,0,0,2,2
2026,,2026-04-17,824454,home,CLE,BAL,682177,Daniel Schneemann,10,SS,4,4,1,2,0,0,1,4,0,0,0,5,4
2026,,2026-04-17,824454,home,CLE,BAL,666310,Bo Naylor,23,C,4,4,0,0,0,0,0,0,0,0,0,0,3
2026,,2026-04-17,824454,home,CLE,BAL,608070,José Ramírez,11,3B,5,1,1,0,0,0,0,0,4,0,1,0,1
2026,,2026-04-17,824454,home,CLE,BAL,680757,Steven Kwan,38,CF,5,4,1,1,0,0,0,0,1,0,0,1,0
2026,,2026-04-17,824454,home,CLE,BAL,682877,Juan Brito,34,2B,4,4,0,0,0,0,0,0,0,1,0,0,2
2026,,2026-04-17,824454,home,CLE,BAL,682657,Angel Martínez,1,LF,4,4,0,1,0,0,0,0,0,2,0,1,3
2026,,2026-04-17,824454,home,CLE,BAL,700932,Kyle Manzardo,9,DH,5,5,0,1,0,0,0,0,0,3,0,1,7
2026,,2026-04-17,824454,home,CLE,BAL,656555,Rhys Hoskins,8,1B,4,3,0,1,0,0,0,0,1,1,0,1,6
2026,,2026-04-17,823476,away,ATL,PHI,671739,Michael Harris II,23,CF,4,4,2,3,0,0,1,1,0,0,0,6,1
2026,,2026-04-17,823476,away,ATL,PHI,643289,Mauricio Dubón,14,SS,4,3,0,0,0,0,0,0,0,0,0,0,0
2026,,2026-04-17,823476,away,ATL,PHI,686948,Drake Baldwin,30,C,5,5,1,2,0,0,0,0,0,1,0,2,3
2026,,2026-04-17,823476,away,ATL,PHI,621566,Matt Olson,28,1B,5,2,1,1,0,0,0,1,3,0,0,1,1
2026,,2026-04-17,823476,away,ATL,PHI,642086,Dominic Smith,8,DH,5,5,1,1,0,0,1,1,0,0,0,4,4
2026,,2026-04-17,823476,away,ATL,PHI,660670,Ronald Acuña Jr.,13,RF,5,4,2,1,0,0,0,0,1,0,0,1,2
2026,,2026-04-17,823476,away,ATL,PHI,642201,Eli White,36,LF,2,2,0,1,0,0,0,0,0,0,0,1,0
2026,,2026-04-17,823476,away,ATL,PHI,645277,Ozzie Albies,1,2B,5,5,0,0,0,0,0,1,0,0,0,0,4
2026,,2026-04-17,823476,away,ATL,PHI,663586,Austin Riley,27,3B,5,5,2,2,0,0,2,4,0,3,0,8,5
2026,,2026-04-17,823476,away,ATL,PHI,573262,Mike Yastrzemski,18,LF,3,3,0,1,0,0,0,1,0,1,0,1,0
2026,,2026-04-17,823476,home,PHI,ATL,702222,Justin Crawford,2,CF,3,2,0,0,0,0,0,0,0,0,0,0,1
2026,,2026-04-17,823476,home,PHI,ATL,547180,Bryce Harper,3,1B,4,4,0,3,0,1,0,0,0,0,0,5,1
2026,,2026-04-17,823476,home,PHI,ATL,592663,J.T. Realmuto,10,C,4,4,0,2,0,0,0,0,0,0,0,2,5
2026,,2026-04-17,823476,home,PHI,ATL,624641,Edmundo Sosa,33,2B,4,4,0,0,0,0,0,0,0,1,0,0,5
2026,,2026-04-17,823476,home,PHI,ATL,664761,Alec Bohm,28,3B,4,4,0,0,0,0,0,0,0,1,0,0,2
2026,,2026-04-17,823476,home,PHI,ATL,656941,Kyle Schwarber,12,DH,5,4,0,0,0,0,0,0,0,2,0,0,2
2026,,2026-04-17,823476,home,PHI,ATL,805249,Otto Kemp,4,LF,4,4,0,0,0,0,0,0,0,1,0,0,1
2026,,2026-04-17,823476,home,PHI,ATL,664238,Dylan Moore,25,PH,1,1,0,0,0,0,0,0,0,0,0,0,0
2026,,2026-04-17,823476,home,PHI,ATL,666969,Adolis García,53,RF,4,2,0,0,0,0,0,0,2,0,0,0,1
2026,,2026-04-17,823476,home,PHI,ATL,607208,Trea Turner,7,SS,5,4,0,1,0,0,0,0,1,0,0,1,1
2026,,2026-04-17,822752,away,SFG,WSN,669477,Casey Schmitt,10,DH,5,5,2,2,0,0,1,1,0,1,0,5,4
2026,,2026-04-17,822752,away,SFG,WSN,671218,Heliot Ramos,17,LF,5,4,1,1,0,0,1,4,1,0,0,4,0
2026,,2026-04-17,822752,away,SFG,WSN,656305,Matt Chapman,26,3B,5,5,1,3,0,0,0,3,0,1,0,3,1
2026,,2026-04-17,822752,away,SFG,WSN,808982,Jung Hoo Lee,51,RF,5,4,1,1,0,0,0,0,1,0,0,1,0
2026,,2026-04-17,822752,away,SFG,WSN,687551,Drew Gilbert,0,CF,4,3,2,1,0,0,1,1,1,1,0,4,1
2026,,2026-04-17,822752,away,SFG,WSN,646240,Rafael Devers,16,1B,5,5,0,1,1,0,0,1,0,3,0,2,4
2026,,2026-04-17,822752,away,SFG,WSN,642715,Willy Adames,2,SS,5,5,2,2,1,0,0,0,0,0,0,3,0
2026,,2026-04-17,822752,away,SFG,WSN,650333,Luis Arraez,1,2B,5,5,1,2,0,0,0,0,0,0,0,2,3
2026,,2026-04-17,822752,away,SFG,WSN,691740,Daniel Susac,6,C,5,5,0,2,1,0,0,0,0,1,0,3,3
2026,,2026-04-17,822752,home,WSN,SFG,691781,Brady House,12,3B,5,5,0,0,0,0,0,0,0,1,0,0,2
2026,,2026-04-17,822752,home,WSN,SFG,682928,CJ Abrams,5,SS,4,4,0,1,0,0,0,0,0,1,0,1,2
2026,,2026-04-17,822752,home,WSN,SFG,683083,Nasim Nuñez,26,2B,4,3,0,0,0,0,0,0,1,1,0,0,2
2026,,2026-04-17,822752,home,WSN,SFG,686894,Joey Wiemer,21,CF,3,3,1,1,0,0,0,0,0,1,0,1,1
2026,,2026-04-17,822752,home,WSN,SFG,678391,Jorbit Vivas,84,PH,1,1,0,0,0,0,0,0,0,0,0,0,0
2026,,2026-04-17,822752,home,WSN,SFG,678554,Curtis Mead,45,1B,1,1,0,0,0,0,0,0,0,0,0,0,1
2026,,2026-04-17,822752,home,WSN,SFG,695734,Daylen Lile,4,LF,4,3,2,1,0,0,1,2,1,1,0,4,1
2026,,2026-04-17,822752,home,WSN,SFG,677588,José Tena,8,DH,4,4,1,3,1,0,0,1,0,1,0,4,1
2026,,2026-04-17,822752,home,WSN,SFG,695578,James Wood,29,RF,5,5,1,1,0,0,1,1,0,2,0,4,4
2026,,2026-04-17,822752,home,WSN,SFG,696285,Jacob Young,30,CF,0,0,0,0,0,0,0,0,0,0,0,0,0
2026,,2026-04-17,822752,home,WSN,SFG,660688,Keibert Ruiz,20,C,4,3,0,1,0,0,0,0,0,1,0,1,2
2026,,2026-04-17,822752,home,WSN,SFG,671277,Luis García Jr.,2,1B,3,2,0,0,0,0,0,0,1,0,0,0,0
2026,,2026-04-17,823397,away,TBR,PIT,680700,Richie Palacios,1,2B,2,2,0,0,0,0,0,0,0,0,0,0,1
2026,,2026-04-17,823397,away,TBR,PIT,668723,Ryan Vilade,26,2B,1,1,0,0,0,0,0,0,0,0,0,0,0
2026,,2026-04-17,823397,away,TBR,PIT,641584,Jake Fraley,17,RF,4,4,0,1,0,0,0,0,0,0,1,1,1
2026,,2026-04-17,823397,away,TBR,PIT,802415,Chandler Simpson,14,LF,4,4,1,1,0,0,0,0,0,0,0,1,1
2026,,2026-04-17,823397,away,TBR,PIT,666018,Jonathan Aranda,8,1B,4,3,0,0,0,0,0,0,1,2,0,0,0
2026,,2026-04-17,823397,away,TBR,PIT,663743,Nick Fortes,40,C,3,3,0,1,0,0,0,0,0,1,0,1,1
2026,,2026-04-17,823397,away,TBR,PIT,650490,Yandy Díaz,2,DH,4,4,0,1,1,0,0,0,0,0,0,2,2
2026,,2026-04-17,823397,away,TBR,PIT,810938,Ben Williamson,15,SS,4,3,0,0,0,0,0,0,1,1,0,0,1
2026,,2026-04-17,823397,away,TBR,PIT,691406,Junior Caminero,13,3B,4,4,0,1,0,0,0,1,0,1,0,1,0
2026,,2026-04-17,823397,away,TBR,PIT,656775,Cedric Mullins,31,CF,4,4,0,0,0,0,0,0,0,1,0,0,3
2026,,2026-04-17,823397,home,PIT,TBR,687462,Spencer Horwitz,2,1B,4,3,0,3,1,0,0,1,1,0,0,4,0
2026,,2026-04-17,823397,home,PIT,TBR,664040,Brandon Lowe,5,2B,5,5,0,3,2,0,0,2,0,0,0,5,3
2026,,2026-04-17,823397,home,PIT,TBR,668804,Bryan Reynolds,10,RF,5,4,0,0,0,0,0,0,1,2,0,0,2
2026,,2026-04-17,823397,home,PIT,TBR,665833,Oneil Cruz,15,CF,5,4,1,1,0,0,1,2,1,2,0,4,2
2026,,2026-04-17,823397,home,PIT,TBR,695257,Billy Cook,25,LF,0,0,1,0,0,0,0,0,0,0,1,0,0
2026,,2026-04-17,823397,home,PIT,TBR,680779,Henry Davis,32,C,4,2,0,0,0,0,0,0,1,0,0,0,2
2026,,2026-04-17,823397,home,PIT,TBR,804606,Konnor Griffin,6,SS,4,3,2,1,0,0,0,0,1,0,1,1,2
2026,,2026-04-17,823397,home,PIT,TBR,656811,Ryan O'Hearn,29,1B,4,4,0,0,0,0,0,0,0,1,0,0,3
2026,,2026-04-17,823397,home,PIT,TBR,693304,Nick Gonzales,3,3B,4,4,0,0,0,0,0,0,0,1,0,0,3
2026,,2026-04-17,823397,home,PIT,TBR,542303,Marcell Ozuna,24,DH,4,4,1,3,0,0,0,0,0,0,0,3,2
2026,,2026-04-17,823559,away,KCR,NYY,695600,Carter Jensen,22,DH,4,2,0,0,0,0,0,0,2,2,0,0,0
2026,,2026-04-17,823559,away,KCR,NYY,663697,Jonathan India,6,2B,2,2,0,0,0,0,0,0,0,1,0,0,3
2026,,2026-04-17,823559,away,KCR,NYY,521692,Salvador Perez,13,C,4,4,0,0,0,0,0,0,0,2,0,0,2
2026,,2026-04-17,823559,away,KCR,NYY,686681,Michael Massey,19,2B,2,2,0,0,0,0,0,0,0,0,0,0,1
2026,,2026-04-17,823559,away,KCR,NYY,516782,Starling Marte,0,LF,1,1,0,0,0,0,0,0,0,0,0,0,2
2026,,2026-04-17,823559,away,KCR,NYY,686469,Vinnie Pasquantino,9,1B,4,4,1,2,0,0,1,2,0,0,0,5,1
2026,,2026-04-17,823559,away,KCR,NYY,664728,Kyle Isbel,28,CF,2,2,0,0,0,0,0,0,0,0,0,0,0
2026,,2026-04-17,823559,away,KCR,NYY,672580,Maikel Garcia,11,3B,4,3,1,0,0,0,0,0,1,1,0,0,0
2026,,2026-04-17,823559,away,KCR,NYY,657041,Lane Thomas,15,CF,4,4,0,1,0,0,0,0,0,0,0,1,1
2026,,2026-04-17,823559,away,KCR,NYY,695506,Jac Caglianone,14,RF,4,4,0,1,0,0,0,0,0,3,0,1,3
2026,,2026-04-17,823559,away,KCR,NYY,677951,Bobby Witt Jr.,7,SS,4,4,0,0,0,0,0,0,0,1,0,0,1
2026,,2026-04-17,823559,home,NYY,KCR,676609,José Caballero,72,SS,3,2,0,0,0,0,0,0,1,1,1,0,2
2026,,2026-04-17,823559,home,NYY,KCR,642708,Amed Rosario,14,3B,3,3,0,0,0,0,0,0,0,0,0,0,0
2026,,2026-04-17,823559,home,NYY,KCR,592450,Aaron Judge,99,RF,4,3,0,1,1,0,0,0,1,1,1,2,2
2026,,2026-04-17,823559,home,NYY,KCR,641857,Ryan McMahon,19,3B,1,1,1,1,0,0,1,2,0,0,0,4,0
2026,,2026-04-17,823559,home,NYY,KCR,669224,Austin Wells,28,C,3,2,0,0,0,0,0,0,1,0,0,0,1
2026,,2026-04-17,823559,home,NYY,KCR,700250,Ben Rice,22,1B,4,4,2,2,0,0,1,2,0,1,0,5,0
2026,,2026-04-17,823559,home,NYY,KCR,641355,Cody Bellinger,35,LF,4,4,1,1,0,0,0,0,0,1,0,1,3
2026,,2026-04-17,823559,home,NYY,KCR,519317,Giancarlo Stanton,27,DH,4,4,0,0,0,0,0,0,0,3,0,0,2
2026,,2026-04-17,823559,home,NYY,KCR,665862,Jazz Chisholm Jr.,13,2B,4,2,0,0,0,0,0,0,2,1,0,0,0
2026,,2026-04-17,823559,home,NYY,KCR,663757,Trent Grisham,12,CF,4,4,0,0,0,0,0,0,0,0,0,0,3
2026,,2026-04-17,823883,away,MIL,MIA,675659,Greg Jones,14,LF,5,5,0,0,0,0,0,1,0,2,1,0,8
2026,,2026-04-17,823883,away,MIL,MIA,650859,Luis Rengifo,13,3B,5,4,1,2,1,0,0,1,0,0,1,3,2
2026,,2026-04-17,823883,away,MIL,MIA,687401,Joey Ortiz,3,SS,0,0,1,0,0,0,0,0,0,0,0,0,0
2026,,2026-04-17,823883,away,MIL,MIA,641343,Jake Bauers,9,1B,5,4,3,3,0,0,0,0,1,1,1,3,3
2026,,2026-04-17,823883,away,MIL,MIA,686217,Sal Frelick,10,RF,6,6,0,1,0,0,0,0,0,0,0,1,2
2026,,2026-04-17,823883,away,MIL,MIA,669003,Garrett Mitchell,5,CF,5,4,0,2,1,0,0,3,1,2,0,3,3
2026,,2026-04-17,823883,away,MIL,MIA,666152,David Hamilton,6,3B,5,5,0,0,0,0,0,0,0,2,0,0,4
2026,,2026-04-17,823883,away,MIL,MIA,661388,William Contreras,24,C,5,5,0,1,1,0,0,0,0,0,0,2,1
2026,,2026-04-17,823883,away,MIL,MIA,668930,Brice Turang,2,2B,5,4,1,0,0,0,0,0,1,2,0,0,0
2026,,2026-04-17,823883,away,MIL,MIA,596142,Gary Sánchez,99,DH,5,2,1,0,0,0,0,0,3,1,0,0,0
2026,,2026-04-17,823883,away,MIL,MIA,656730,Trevor Megill,29,P,0,0,0,0,0,0,0,0,0,0,0,0,0
2026,,2026-04-17,823883,home,MIA,MIL,681715,Heriberto Hernández,13,LF,2,0,0,0,0,0,0,0,2,0,0,0,0
2026,,2026-04-17,823883,home,MIA,MIL,805300,Jakob Marsee,87,CF,5,4,1,0,0,0,0,0,1,0,0,0,1
2026,,2026-04-17,823883,home,MIA,MIL,691594,Javier Sanoja,8,3B,4,3,0,0,0,0,0,0,1,0,0,0,0
2026,,2026-04-17,823883,home,MIA,MIL,669364,Xavier Edwards,9,2B,5,4,2,2,1,0,0,0,1,0,0,3,1
2026,,2026-04-17,823883,home,MIA,MIL,688363,Graham Pauley,21,3B,2,2,0,0,0,0,0,0,0,1,0,0,0
2026,,2026-04-17,823883,home,MIA,MIL,689414,Liam Hicks,34,DH,5,5,0,1,1,0,0,0,0,0,0,2,2
2026,,2026-04-17,823883,home,MIA,MIL,683357,Owen Caissie,17,RF,3,2,0,1,0,0,0,1,0,1,0,1,0
2026,,2026-04-17,823883,home,MIA,MIL,682663,Agustín Ramírez,50,C,5,5,0,1,1,0,0,1,0,2,0,2,4
2026,,2026-04-17,823883,home,MIA,MIL,681393,Connor Norby,1,1B,4,4,0,0,0,0,0,0,0,2,0,0,1
2026,,2026-04-17,823883,home,MIA,MIL,596103,Austin Slater,15,RF,1,1,0,0,0,0,0,0,0,1,0,0,2
2026,,2026-04-17,823883,home,MIA,MIL,672640,Otto Lopez,6,SS,5,5,2,3,0,1,1,2,0,2,0,8,1
2026,,2026-04-17,824778,away,DET,BOS,701678,Hao-Yu  Lee,50,3B,3,3,0,0,0,0,0,0,0,1,0,0,0
2026,,2026-04-17,824778,away,DET,BOS,663330,Jahmai Jones,18,DH,4,4,0,2,1,0,0,0,0,1,0,3,0
2026,,2026-04-17,824778,away,DET,BOS,682985,Riley Greene,31,LF,1,1,0,0,0,0,0,0,0,0,0,0,1
2026,,2026-04-17,824778,away,DET,BOS,595879,Javier Báez,28,CF,3,3,0,1,0,0,0,0,0,0,0,1,0
2026,,2026-04-17,824778,away,DET,BOS,805808,Kevin McGonigle,7,SS,4,4,0,1,0,0,0,0,0,1,0,1,1
2026,,2026-04-17,824778,away,DET,BOS,679529,Spencer Torkelson,20,1B,4,4,0,0,0,0,0,0,0,0,0,0,1
2026,,2026-04-17,824778,away,DET,BOS,650402,Gleyber Torres,25,2B,4,3,0,0,0,0,0,0,1,0,0,0,0
2026,,2026-04-17,824778,away,DET,BOS,663837,Matt Vierling,8,LF,3,3,0,0,0,0,0,0,0,0,0,0,1
2026,,2026-04-17,824778,away,DET,BOS,693307,Dillon Dingler,13,C,4,3,0,0,0,0,0,0,1,2,0,0,3
2026,,2026-04-17,824778,away,DET,BOS,672761,Wenceel Pérez,46,RF,4,4,0,0,0,0,0,0,0,1,0,0,1
2026,,2026-04-17,824778,home,BOS,DET,701350,Roman Anthony,19,DH,4,4,0,0,0,0,0,0,0,1,0,0,3
2026,,2026-04-17,824778,home,BOS,DET,575929,Willson Contreras,40,1B,4,3,0,0,0,0,0,0,0,1,0,0,1
2026,,2026-04-17,824778,home,BOS,DET,657136,Connor Wong,12,C,3,2,0,1,1,0,0,0,1,0,0,2,1
2026,,2026-04-17,824778,home,BOS,DET,596115,Trevor Story,10,SS,4,4,0,0,0,0,0,0,0,2,0,0,1
2026,,2026-04-17,824778,home,BOS,DET,677800,Wilyer Abreu,52,RF,4,4,0,0,0,0,0,0,0,2,0,0,1
2026,,2026-04-17,824778,home,BOS,DET,702332,Caleb Durbin,5,3B,3,3,0,1,1,0,0,0,0,0,0,2,0
2026,,2026-04-17,824778,home,BOS,DET,680776,Jarren Duran,16,LF,4,4,1,1,0,0,0,0,0,1,1,1,1
2026,,2026-04-17,824778,home,BOS,DET,678882,Ceddanne Rafaela,3,CF,4,3,0,0,0,0,0,0,1,1,0,0,2
2026,,2026-04-17,824778,home,BOS,DET,807799,Masataka Yoshida,7,PH,1,1,0,1,0,0,0,1,0,0,0,1,0
2026,,2026-04-17,824778,home,BOS,DET,691785,Marcelo Mayer,11,2B,4,3,0,0,0,0,0,0,1,1,0,0,0
2026,,2026-04-17,824207,away,STL,HOU,669357,Nolan Gorman,16,3B,5,5,1,1,0,0,1,3,0,3,0,4,5
2026,,2026-04-17,824207,away,STL,HOU,691023,Jordan Walker,18,RF,5,4,1,1,0,0,0,1,1,2,0,1,3
2026,,2026-04-17,824207,away,STL,HOU,701675,Nathan Church,27,LF,4,3,0,1,0,0,0,0,1,1,1,1,2
2026,,2026-04-17,824207,away,STL,HOU,687363,Victor Scott II,11,CF,4,4,0,0,0,0,0,0,0,2,0,0,2
2026,,2026-04-17,824207,away,STL,HOU,802139,JJ Wetherholt,26,2B,5,3,3,1,0,0,0,0,1,0,0,1,2
2026,,2026-04-17,824207,away,STL,HOU,676475,Alec Burleson,41,1B,5,4,1,2,1,0,0,0,1,1,0,3,1
2026,,2026-04-17,824207,away,STL,HOU,686780,Pedro Pagés,43,C,4,4,1,1,1,0,0,0,0,0,0,2,2
2026,,2026-04-17,824207,away,STL,HOU,691026,Masyn Winn,0,SS,5,5,0,1,0,0,0,2,0,0,0,1,2
2026,,2026-04-17,824207,away,STL,HOU,671056,Iván Herrera,48,DH,5,4,2,2,0,0,1,3,0,0,0,5,1
2026,,2026-04-17,824207,home,HOU,STL,694376,Shay Whitcomb,14,3B,1,1,0,0,0,0,0,0,0,1,0,0,3
2026,,2026-04-17,824207,home,HOU,STL,670623,Isaac Paredes,15,3B,2,2,0,0,0,0,0,0,0,1,0,0,4
2026,,2026-04-17,824207,home,HOU,STL,669397,Nick Allen,20,SS,1,1,0,0,0,0,0,0,0,0,0,0,0
2026,,2026-04-17,824207,home,HOU,STL,701358,Cam Smith,11,RF,4,2,0,0,0,0,0,0,1,0,0,0,0
2026,,2026-04-17,824207,home,HOU,STL,694728,Brice Matthews,0,LF,1,1,0,0,0,0,0,0,0,1,0,0,1
2026,,2026-04-17,824207,home,HOU,STL,514888,Jose Altuve,27,2B,5,5,1,1,0,0,1,1,0,1,0,4,1
2026,,2026-04-17,824207,home,HOU,STL,666211,Taylor Trammell,26,CF,4,4,0,2,0,0,0,1,0,1,0,2,0
2026,,2026-04-17,824207,home,HOU,STL,694388,Joey Loperfido,10,LF,3,3,0,0,0,0,0,0,0,1,0,0,1
2026,,2026-04-17,824207,home,HOU,STL,621043,Carlos Correa,1,SS,5,5,1,1,1,0,0,0,0,1,0,2,1
2026,,2026-04-17,824207,home,HOU,STL,572233,Christian Walker,8,1B,4,4,0,0,0,0,0,0,0,2,0,0,2
2026,,2026-04-17,824207,home,HOU,STL,543877,Christian Vázquez,2,C,4,3,1,2,0,0,1,1,1,1,0,5,3
2026,,2026-04-17,824207,home,HOU,STL,670541,Yordan Alvarez,44,DH,5,5,1,2,0,0,1,1,0,0,0,5,1
2026,,2026-04-17,823720,away,CIN,MIN,682829,Elly De La Cruz,44,SS,4,3,1,1,1,0,0,0,1,0,0,2,0
2026,,2026-04-17,823720,away,CIN,MIN,667472,Dane Myers,17,CF,1,1,0,0,0,0,0,0,0,0,0,0,0
2026,,2026-04-17,823720,away,CIN,MIN,701398,Sal Stewart,27,1B,4,4,1,1,0,0,0,0,0,1,1,1,2
2026,,2026-04-17,823720,away,CIN,MIN,663993,Nathaniel Lowe,31,DH,3,3,0,0,0,0,0,0,0,1,0,0,3
2026,,2026-04-17,823720,away,CIN,MIN,680574,Matt McLain,9,2B,4,4,0,0,0,0,0,0,0,3,0,0,0
2026,,2026-04-17,823720,away,CIN,MIN,663647,Ke'Bryan Hayes,3,3B,0,0,0,0,0,0,0,0,0,0,0,0,0
2026,,2026-04-17,823720,away,CIN,MIN,666181,Will Benson,30,RF,2,2,0,0,0,0,0,0,0,0,0,0,0
2026,,2026-04-17,823720,away,CIN,MIN,670770,TJ Friedl,29,LF,4,4,0,0,0,0,0,0,0,1,0,0,0
2026,,2026-04-17,823720,away,CIN,MIN,668715,Spencer Steer,7,RF,3,3,0,0,0,0,0,0,0,0,0,0,3
2026,,2026-04-17,823720,away,CIN,MIN,663886,Tyler Stephenson,37,C,3,3,0,0,0,0,0,0,0,1,0,0,0
2026,,2026-04-17,823720,away,CIN,MIN,553993,Eugenio Suárez,28,3B,4,4,0,2,1,0,0,2,0,1,0,3,2
2026,,2026-04-17,823720,home,MIN,CIN,605170,Victor Caratini,37,C,4,4,0,0,0,0,0,0,0,1,0,0,3
2026,,2026-04-17,823720,home,MIN,CIN,686797,Brooks Lee,22,SS,4,3,1,0,0,0,0,0,1,0,0,0,1
2026,,2026-04-17,823720,home,MIN,CIN,668885,Austin Martin,16,LF,4,2,0,1,0,0,0,1,1,0,0,1,0
2026,,2026-04-17,823720,home,MIN,CIN,656484,Tristan Gray,4,3B,1,1,0,0,0,0,0,0,0,1,0,0,0
2026,,2026-04-17,823720,home,MIN,CIN,605137,Josh Bell,56,1B,4,4,0,2,0,0,0,0,0,0,0,2,1
2026,,2026-04-17,823720,home,MIN,CIN,680777,Ryan Jeffers,27,DH,4,4,0,1,0,0,0,0,0,0,0,1,0
2026,,2026-04-17,823720,home,MIN,CIN,681546,James Outman,30,DH,0,0,0,0,0,0,0,0,0,0,0,0,0
2026,,2026-04-17,823720,home,MIN,CIN,668952,Ryan Kreidler,5,3B,2,1,0,0,0,0,0,0,1,0,0,0,1
2026,,2026-04-17,823720,home,MIN,CIN,663616,Trevor Larnach,9,PH,1,0,0,0,0,0,0,0,1,0,0,0,0
2026,,2026-04-17,823720,home,MIN,CIN,621439,Byron Buxton,25,CF,5,4,0,1,0,0,0,0,1,0,0,1,1
2026,,2026-04-17,823720,home,MIN,CIN,670242,Matt Wallner,38,RF,4,3,0,0,0,0,0,0,0,1,0,0,3
2026,,2026-04-17,823720,home,MIN,CIN,807712,Luke Keaschall,15,2B,4,4,0,0,0,0,0,0,0,1,0,0,7
2026,,2026-04-17,824373,away,LAD,COL,669257,Will Smith,16,C,5,4,1,2,0,0,0,2,0,1,0,2,0
2026,,2026-04-17,824373,away,LAD,COL,663656,Kyle Tucker,23,RF,5,5,1,1,1,0,0,0,0,2,0,2,4
2026,,2026-04-17,824373,away,LAD,COL,571970,Max Muncy,13,3B,4,4,2,3,1,0,2,3,0,1,0,10,0
2026,,2026-04-17,824373,away,LAD,COL,518692,Freddie Freeman,5,1B,5,4,1,2,1,0,0,0,1,0,0,3,1
2026,,2026-04-17,824373,away,LAD,COL,808975,Hyeseong Kim,6,SS,4,3,0,1,0,0,0,0,1,0,2,1,1
2026,,2026-04-17,824373,away,LAD,COL,669289,Santiago Espinal,21,3B,1,1,0,0,0,0,0,0,0,0,0,0,1
2026,,2026-04-17,824373,away,LAD,COL,660271,Shohei Ohtani,17,DH,5,5,1,2,1,0,0,0,0,1,0,3,1
2026,,2026-04-17,824373,away,LAD,COL,606192,Teoscar Hernández,37,LF,5,5,0,0,0,0,0,0,0,3,0,0,5
2026,,2026-04-17,824373,away,LAD,COL,681624,Andy Pages,44,CF,4,2,1,1,0,0,0,1,1,0,0,1,0
2026,,2026-04-17,824373,away,LAD,COL,690976,Alex Freeland,76,2B,4,3,0,1,0,0,0,1,0,0,0,1,2
2026,,2026-04-17,824373,home,COL,LAD,666160,Mickey Moniak,22,DH,4,3,1,1,1,0,0,0,1,1,1,2,1
2026,,2026-04-17,824373,home,COL,LAD,664983,Jake McCarthy,31,LF,3,3,0,0,0,0,0,0,0,1,0,0,1
2026,,2026-04-17,824373,home,COL,LAD,687859,Troy Johnston,20,RF,4,4,0,0,0,0,0,1,0,2,0,0,2
2026,,2026-04-17,824373,home,COL,LAD,666397,Edouard Julien,6,2B,4,3,0,0,0,0,0,0,1,0,0,0,1
2026,,2026-04-17,824373,home,COL,LAD,664954,Brett Sullivan,26,C,3,3,0,0,0,0,0,0,0,1,0,0,1
2026,,2026-04-17,824373,home,COL,LAD,686668,Brenton Doyle,9,CF,3,3,0,0,0,0,0,0,0,1,0,0,0
2026,,2026-04-17,824373,home,COL,LAD,678662,Ezequiel Tovar,14,SS,3,3,0,1,1,0,0,0,0,1,0,2,0
2026,,2026-04-17,824373,home,COL,LAD,681198,TJ Rumfield,7,1B,4,4,0,0,0,0,0,0,0,2,0,0,3
2026,,2026-04-17,824373,home,COL,LAD,691720,Kyle Karros,12,3B,3,2,0,0,0,0,0,0,1,1,0,0,0
2026,,2026-04-17,824048,away,SDP,LAA,669134,Luis Campusano,12,C,3,1,0,0,0,0,0,0,2,0,0,0,0
2026,,2026-04-17,824048,away,SDP,LAA,592206,Nick Castellanos,21,DH,4,4,0,0,0,0,0,0,0,4,0,0,1
2026,,2026-04-17,824048,away,SDP,LAA,701538,Jackson Merrill,3,CF,4,4,0,0,0,0,0,0,0,2,0,0,3
2026,,2026-04-17,824048,away,SDP,LAA,657757,Gavin Sheets,30,LF,4,4,0,1,1,0,0,0,0,1,0,2,2
2026,,2026-04-17,824048,away,SDP,LAA,592518,Manny Machado,13,3B,4,4,0,1,0,0,0,0,0,2,0,1,0
2026,,2026-04-17,824048,away,SDP,LAA,665487,Fernando Tatis Jr.,23,RF,4,3,0,0,0,0,0,0,1,1,0,0,0
2026,,2026-04-17,824048,away,SDP,LAA,664034,Ty France,25,1B,3,3,0,1,0,0,0,0,0,0,0,1,0
2026,,2026-04-17,824048,away,SDP,LAA,669369,Bryce Johnson,29,PH,1,1,0,0,0,0,0,0,0,1,0,0,0
2026,,2026-04-17,824048,away,SDP,LAA,593428,Xander Bogaerts,2,SS,3,2,0,0,0,0,0,0,1,0,0,0,0
2026,,2026-04-17,824048,away,SDP,LAA,630105,Jake Cronenworth,9,2B,4,4,0,0,0,0,0,0,0,2,0,0,3
2026,,2026-04-17,824048,home,LAA,SDP,624428,Adam Frazier,20,2B,4,4,2,2,0,1,0,1,0,1,0,4,3
2026,,2026-04-17,824048,home,LAA,SDP,672724,Oswald Peraza,2,3B,5,4,1,2,0,0,0,0,0,0,0,2,0
2026,,2026-04-17,824048,home,LAA,SDP,687263,Zach Neto,9,SS,5,5,0,2,0,0,0,1,0,1,0,2,1
2026,,2026-04-17,824048,home,LAA,SDP,660162,Yoán Moncada,10,3B,5,5,1,1,0,0,1,1,0,1,0,4,2
2026,,2026-04-17,824048,home,LAA,SDP,545361,Mike Trout,27,CF,5,3,1,0,0,0,0,0,2,1,0,0,1
2026,,2026-04-17,824048,home,LAA,SDP,666176,Jo Adell,7,DH,5,5,0,1,1,0,0,2,0,2,0,2,5
2026,,2026-04-17,824048,home,LAA,SDP,694384,Nolan Schanuel,18,1B,5,5,1,3,0,0,0,1,0,1,0,3,3
2026,,2026-04-17,824048,home,LAA,SDP,666139,Josh Lowe,3,RF,4,4,1,2,0,0,1,2,0,1,0,5,2
2026,,2026-04-17,824048,home,LAA,SDP,669326,Bryce Teodosio,22,LF,0,0,0,0,0,0,0,0,0,0,0,0,0
2026,,2026-04-17,824048,home,LAA,SDP,681351,Logan O'Hoppe,14,C,4,2,1,0,0,0,0,0,1,1,0,0,2
2026,,2026-04-17,823152,away,TEX,SEA,694497,Evan Carter,32,CF,5,4,0,1,0,0,0,0,0,1,0,1,4
2026,,2026-04-17,823152,away,TEX,SEA,694671,Wyatt Langford,36,LF,5,5,1,3,0,0,0,1,0,2,0,3,1
2026,,2026-04-17,823152,away,TEX,SEA,669394,Jake Burger,21,1B,5,5,1,3,0,0,0,1,0,1,0,3,1
2026,,2026-04-17,823152,away,TEX,SEA,592626,Joc Pederson,3,DH,3,2,0,1,0,0,0,0,1,1,0,1,2
2026,,2026-04-17,823152,away,TEX,SEA,608369,Corey Seager,5,SS,5,4,2,2,2,0,0,0,0,0,0,4,2
2026,,2026-04-17,823152,away,TEX,SEA,673962,Josh Jung,6,3B,5,5,0,3,3,0,0,1,0,0,0,6,3
2026,,2026-04-17,823152,away,TEX,SEA,457705,Andrew McCutchen,4,DH,2,1,0,0,0,0,0,1,0,1,0,0,2
2026,,2026-04-17,823152,away,TEX,SEA,607043,Brandon Nimmo,24,RF,5,4,1,1,0,0,1,1,1,2,0,4,1
2026,,2026-04-17,823152,away,TEX,SEA,669701,Josh Smith,8,2B,5,4,0,0,0,0,0,0,0,2,0,0,3
2026,,2026-04-17,823152,away,TEX,SEA,643376,Danny Jansen,9,C,5,5,0,1,1,0,0,0,0,2,0,2,5
2026,,2026-04-17,823152,home,SEA,TEX,647304,Josh Naylor,12,1B,4,2,0,2,0,0,0,0,2,0,0,2,0
2026,,2026-04-17,823152,home,SEA,TEX,702284,Cole Young,2,2B,4,2,0,1,0,0,0,0,2,0,0,1,0
2026,,2026-04-17,823152,home,SEA,TEX,668227,Randy Arozarena,56,LF,4,4,0,0,0,0,0,0,0,1,0,0,6
2026,,2026-04-17,823152,home,SEA,TEX,641487,J.P. Crawford,3,SS,4,4,0,1,0,0,0,0,0,1,0,1,0
2026,,2026-04-17,823152,home,SEA,TEX,686527,Dominic Canzone,8,DH,2,2,0,1,0,0,0,0,0,0,0,1,0
2026,,2026-04-17,823152,home,SEA,TEX,663728,Cal Raleigh,29,C,4,3,0,0,0,0,0,0,1,0,0,0,2
2026,,2026-04-17,823152,home,SEA,TEX,608701,Rob Refsnyder,30,RF,2,2,0,0,0,0,0,0,0,0,0,0,2
2026,,2026-04-17,823152,home,SEA,TEX,680977,Brendan Donovan,33,3B,2,2,0,0,0,0,0,0,0,0,0,0,1
2026,,2026-04-17,823152,home,SEA,TEX,641598,Mitch Garver,18,DH,2,2,0,0,0,0,0,0,0,0,0,0,0
2026,,2026-04-17,823152,home,SEA,TEX,660844,Leo Rivas,76,3B,2,2,0,0,0,0,0,0,0,2,0,0,2
2026,,2026-04-17,823152,home,SEA,TEX,677594,Julio Rodríguez,44,CF,4,4,0,1,1,0,0,0,0,2,0,2,1
2026,,2026-04-17,823152,home,SEA,TEX,670042,Luke Raley,20,RF,2,2,0,0,0,0,0,0,0,1,0,0,3
2026,,2026-04-17,825101,away,TOR,ARI,672820,Lenyn Sosa,50,DH,4,3,0,0,0,0,0,1,0,0,0,0,0
2026,,2026-04-17,825101,away,TOR,ARI,676391,Ernie Clement,22,2B,3,3,0,1,1,0,0,0,0,1,0,2,1
2026,,2026-04-17,825101,away,TOR,ARI,662139,Daulton Varsho,5,CF,1,1,0,0,0,0,0,0,0,1,0,0,0
2026,,2026-04-17,825101,away,TOR,ARI,665926,Andrés Giménez,0,SS,4,4,0,1,1,0,0,0,0,1,1,2,1
2026,,2026-04-17,825101,away,TOR,ARI,676914,Davis Schneider,36,LF,3,3,0,0,0,0,0,0,0,1,0,0,1
2026,,2026-04-17,825101,away,TOR,ARI,664770,Nathan Lukes,38,RF,1,1,0,1,0,0,0,0,0,0,0,1,0
2026,,2026-04-17,825101,away,TOR,ARI,623168,Tyler Heineman,55,C,3,3,1,1,0,0,0,0,0,1,0,1,1
2026,,2026-04-17,825101,away,TOR,ARI,665489,Vladimir Guerrero Jr.,27,1B,4,4,0,1,0,0,0,1,0,0,0,1,1
2026,,2026-04-17,825101,away,TOR,ARI,660821,Jesús Sánchez,12,LF,4,4,0,1,0,0,0,0,0,1,0,1,1
2026,,2026-04-17,825101,away,TOR,ARI,664702,Myles Straw,3,CF,3,3,2,2,0,0,1,1,0,0,0,5,2
2026,,2026-04-17,825101,away,TOR,ARI,672960,Kazuma Okamoto,7,3B,4,4,0,0,0,0,0,0,0,1,0,0,1
2026,,2026-04-17,825101,home,ARI,TOR,694374,Tim Tawa,13,LF,4,3,0,1,1,0,0,1,1,0,0,2,1
2026,,2026-04-17,825101,home,ARI,TOR,571448,Nolan Arenado,28,3B,4,4,1,2,0,0,1,2,0,0,0,5,2
2026,,2026-04-17,825101,home,ARI,TOR,606466,Ketel Marte,4,DH,5,5,2,2,0,0,0,0,0,0,0,2,1
2026,,2026-04-17,825101,home,ARI,TOR,545121,Ildemaro Vargas,6,2B,4,3,0,1,0,0,0,0,0,0,0,1,2
2026,,2026-04-17,825101,home,ARI,TOR,672695,Geraldo Perdomo,2,SS,4,4,0,1,1,0,0,0,0,1,0,2,4
2026,,2026-04-17,825101,home,ARI,TOR,699912,Jose Fernandez,11,1B,4,4,0,1,0,0,0,1,0,1,0,1,2
2026,,2026-04-17,825101,home,ARI,TOR,682998,Corbin Carroll,7,RF,5,4,1,1,0,0,0,1,1,2,0,1,1
2026,,2026-04-17,825101,home,ARI,TOR,543510,James McCann,8,C,4,4,1,1,0,0,0,0,0,1,0,1,2
2026,,2026-04-17,825101,home,ARI,TOR,678489,Jorge Barrosa,1,CF,4,3,1,0,0,0,0,0,0,1,0,0,1
2026,,2026-04-17,825019,away,CHW,ATH,682668,Luisangel Acuña,0,CF,5,4,2,2,1,0,0,1,1,2,1,3,3
2026,,2026-04-17,825019,away,CHW,ATH,808959,Munetaka Murakami,5,1B,5,5,2,3,0,0,1,4,0,2,0,6,2
2026,,2026-04-17,825019,away,CHW,ATH,805367,Chase Meidroth,10,2B,5,4,2,2,0,0,0,0,1,0,0,2,3
2026,,2026-04-17,825019,away,CHW,ATH,695657,Colson Montgomery,12,SS,5,4,0,2,1,0,0,2,1,2,0,3,0
2026,,2026-04-17,825019,away,CHW,ATH,700337,Edgar Quero,26,C,5,5,0,2,0,0,0,1,0,2,0,2,2
2026,,2026-04-17,825019,away,CHW,ATH,643217,Andrew Benintendi,23,DH,6,6,2,3,2,0,0,1,0,1,0,5,4
2026,,2026-04-17,825019,away,CHW,ATH,677592,Everson Pereira,28,RF,5,5,0,0,0,0,0,0,0,1,0,0,6
2026,,2026-04-17,825019,away,CHW,ATH,803011,Sam Antonacci,17,LF,5,3,0,0,0,0,0,0,1,0,0,0,0
2026,,2026-04-17,825019,away,CHW,ATH,678246,Miguel Vargas,20,3B,5,5,1,1,0,0,0,0,0,1,0,1,3
2026,,2026-04-17,825019,home,ATH,CHW,671732,Lawrence Butler,4,RF,3,3,0,0,0,0,0,0,0,1,0,0,1
2026,,2026-04-17,825019,home,ATH,CHW,680869,Zack Gelof,20,PH,1,1,0,0,0,0,0,0,0,0,0,0,1
2026,,2026-04-17,825019,home,ATH,CHW,643446,Jeff McNeil,22,2B,3,3,0,1,1,0,0,0,0,0,0,2,0
2026,,2026-04-17,825019,home,ATH,CHW,666126,Carlos Cortes,26,LF,3,2,0,0,0,0,0,0,1,0,0,0,1
2026,,2026-04-17,825019,home,ATH,CHW,691777,Max Muncy,3,3B,3,2,1,0,0,0,0,0,1,1,0,0,1
2026,,2026-04-17,825019,home,ATH,CHW,672016,Denzel Clarke,1,CF,3,3,0,1,0,0,0,0,0,2,0,1,0
2026,,2026-04-17,825019,home,ATH,CHW,691016,Tyler Soderstrom,21,DH,4,4,0,0,0,0,0,0,0,1,0,0,3
2026,,2026-04-17,825019,home,ATH,CHW,701762,Nick Kurtz,16,1B,4,2,0,1,0,0,0,1,2,0,0,1,0
2026,,2026-04-17,825019,home,ATH,CHW,669127,Shea Langeliers,23,C,4,4,1,1,1,0,0,0,0,0,0,2,2
2026,,2026-04-17,825019,home,ATH,CHW,628451,Andy Ibáñez,77,2B,1,1,0,0,0,0,0,1,0,0,0,0,1
2026,,2026-04-17,825019,home,ATH,CHW,805779,Jacob Wilson,5,SS,4,4,0,0,0,0,0,0,0,0,0,0,2
2026,,2026-04-18,823558,away,KCR,NYY,695600,Carter Jensen,22,C,4,3,2,2,0,0,1,2,1,1,0,5,0
2026,,2026-04-18,823558,away,KCR,NYY,663697,Jonathan India,6,2B,0,0,0,0,0,0,0,0,0,0,0,0,0
2026,,2026-04-18,823558,away,KCR,NYY,686475,Tyler Tolbert,2,SS,1,1,1,1,0,0,0,0,0,0,0,1,0
2026,,2026-04-18,823558,away,KCR,NYY,686555,Isaac Collins,1,DH,4,4,0,0,0,0,0,0,0,4,0,0,2
2026,,2026-04-18,823558,away,KCR,NYY,686681,Michael Massey,19,3B,4,4,0,1,1,0,0,2,0,1,0,2,1
2026,,2026-04-18,823558,away,KCR,NYY,686469,Vinnie Pasquantino,9,1B,4,4,0,0,0,0,0,0,0,1,0,0,3
2026,,2026-04-18,823558,away,KCR,NYY,664728,Kyle Isbel,28,CF,3,3,0,0,0,0,0,0,0,1,0,0,0
2026,,2026-04-18,823558,away,KCR,NYY,672580,Maikel Garcia,11,3B,4,4,0,1,1,0,0,0,0,1,0,2,0
2026,,2026-04-18,823558,away,KCR,NYY,657041,Lane Thomas,15,LF,3,3,0,0,0,0,0,0,0,1,0,0,1
2026,,2026-04-18,823558,away,KCR,NYY,695506,Jac Caglianone,14,RF,4,4,1,1,0,0,0,0,0,1,0,1,2
2026,,2026-04-18,823558,away,KCR,NYY,677951,Bobby Witt Jr.,7,SS,3,3,0,1,0,0,0,0,0,1,0,1,1
2026,,2026-04-18,823558,home,NYY,KCR,676609,José Caballero,72,SS,4,4,3,2,0,0,0,0,0,0,0,2,2
2026,,2026-04-18,823558,home,NYY,KCR,545341,Randal Grichuk,34,LF,5,4,1,1,1,0,0,1,0,1,0,2,1
2026,,2026-04-18,823558,home,NYY,KCR,642708,Amed Rosario,14,RF,5,5,2,2,0,0,1,3,0,0,0,5,2
2026,,2026-04-18,823558,home,NYY,KCR,592450,Aaron Judge,99,RF,4,2,1,0,0,0,0,0,2,2,0,0,2
2026,,2026-04-18,823558,home,NYY,KCR,641857,Ryan McMahon,19,3B,1,0,1,0,0,0,0,0,1,0,0,0,0
2026,,2026-04-18,823558,home,NYY,KCR,700250,Ben Rice,22,1B,5,3,1,1,0,0,1,1,2,0,0,4,0
2026,,2026-04-18,823558,home,NYY,KCR,641555,J.C. Escarra,25,C,4,4,2,2,1,1,0,3,0,0,0,5,1
2026,,2026-04-18,823558,home,NYY,KCR,641355,Cody Bellinger,35,CF,5,4,2,3,0,0,2,5,1,0,0,9,1
2026,,2026-04-18,823558,home,NYY,KCR,519317,Giancarlo Stanton,27,DH,5,5,0,0,0,0,0,0,0,0,0,0,4
2026,,2026-04-18,823558,home,NYY,KCR,665862,Jazz Chisholm Jr.,13,2B,5,4,0,0,0,0,0,0,1,3,0,0,3
2026,,2026-04-18,823721,away,CIN,MIN,682829,Elly De La Cruz,44,SS,5,5,0,1,0,0,0,1,0,2,0,1,3
2026,,2026-04-18,823721,away,CIN,MIN,667472,Dane Myers,17,CF,2,1,0,1,0,0,0,1,0,0,0,1,0
2026,,2026-04-18,823721,away,CIN,MIN,701398,Sal Stewart,27,3B,5,4,1,1,0,0,0,0,1,0,0,1,3
2026,,2026-04-18,823721,away,CIN,MIN,663993,Nathaniel Lowe,31,1B,4,4,0,2,1,0,0,0,0,1,0,3,2
2026,,2026-04-18,823721,away,CIN,MIN,680574,Matt McLain,9,2B,0,0,0,0,0,0,0,0,0,0,0,0,0
2026,,2026-04-18,823721,away,CIN,MIN,663647,Ke'Bryan Hayes,3,3B,3,3,0,0,0,0,0,0,0,0,0,0,1
2026,,2026-04-18,823721,away,CIN,MIN,666181,Will Benson,30,LF,3,2,0,1,0,0,0,0,1,0,1,1,0
2026,,2026-04-18,823721,away,CIN,MIN,670770,TJ Friedl,29,LF,5,4,0,0,0,0,0,0,0,1,0,0,1
2026,,2026-04-18,823721,away,CIN,MIN,668715,Spencer Steer,7,1B,1,1,1,1,0,0,0,0,0,0,0,1,0
2026,,2026-04-18,823721,away,CIN,MIN,553993,Eugenio Suárez,28,DH,4,4,2,2,1,0,0,0,0,1,0,3,2
2026,,2026-04-18,823721,away,CIN,MIN,663886,Tyler Stephenson,37,C,4,3,0,1,0,0,0,2,0,2,0,1,3
2026,,2026-04-18,823721,away,CIN,MIN,677956,Rece Hinds,57,RF,4,3,1,1,0,0,0,1,0,0,0,1,2
2026,,2026-04-18,823721,home,MIN,CIN,665019,Kody Clemens,2,1B,1,1,0,0,0,0,0,0,0,1,0,0,0
2026,,2026-04-18,823721,home,MIN,CIN,686797,Brooks Lee,22,SS,4,3,0,1,0,0,0,1,1,0,0,1,0
2026,,2026-04-18,823721,home,MIN,CIN,668885,Austin Martin,16,RF,5,4,2,0,0,0,0,0,1,2,0,0,3
2026,,2026-04-18,823721,home,MIN,CIN,656484,Tristan Gray,4,3B,4,4,0,1,0,0,0,0,0,3,0,1,6
2026,,2026-04-18,823721,home,MIN,CIN,605137,Josh Bell,56,1B,4,4,2,2,0,0,0,0,0,1,0,2,2
2026,,2026-04-18,823721,home,MIN,CIN,680777,Ryan Jeffers,27,C,5,5,0,1,0,1,0,2,0,0,0,3,3
2026,,2026-04-18,823721,home,MIN,CIN,681546,James Outman,30,LF,0,0,0,0,0,0,0,0,0,0,0,0,0
2026,,2026-04-18,823721,home,MIN,CIN,668952,Ryan Kreidler,5,CF,4,2,0,1,1,0,0,0,2,0,0,2,2
2026,,2026-04-18,823721,home,MIN,CIN,663616,Trevor Larnach,9,LF,4,3,0,0,0,0,0,0,1,1,0,0,3
2026,,2026-04-18,823721,home,MIN,CIN,621439,Byron Buxton,25,DH,5,5,0,1,0,0,0,0,0,2,0,1,3
2026,,2026-04-18,823721,home,MIN,CIN,670242,Matt Wallner,38,PH,1,1,0,0,0,0,0,0,0,1,0,0,0
2026,,2026-04-18,823721,home,MIN,CIN,807712,Luke Keaschall,15,2B,5,5,0,2,1,0,0,1,0,1,1,3,2
2026,,2026-04-18,824694,away,NYM,CHC,621438,Tyrone Taylor,28,PH,1,1,0,0,0,0,0,0,0,0,0,0,0
2026,,2026-04-18,824694,away,NYM,CHC,666182,Bo Bichette,19,3B,4,4,1,1,0,0,0,0,0,0,0,1,3
2026,,2026-04-18,824694,away,NYM,CHC,682626,Francisco Alvarez,4,C,4,4,0,0,0,0,0,0,0,0,0,0,2
2026,,2026-04-18,824694,away,NYM,CHC,668901,Mark Vientos,27,1B,4,4,1,1,0,0,1,1,0,1,0,4,2
2026,,2026-04-18,824694,away,NYM,CHC,683146,Brett Baty,7,RF,3,2,0,0,0,0,0,0,1,0,0,0,0
2026,,2026-04-18,824694,away,NYM,CHC,701807,Carson Benge,3,LF,4,3,0,0,0,0,0,0,1,1,0,0,2
2026,,2026-04-18,824694,away,NYM,CHC,502054,Tommy Pham,39,PH,1,1,0,0,0,0,0,0,0,1,0,0,0
2026,,2026-04-18,824694,away,NYM,CHC,543760,Marcus Semien,10,2B,4,3,0,1,0,0,0,0,1,1,0,1,1
2026,,2026-04-18,824694,away,NYM,CHC,669004,MJ Melendez,1,DH,4,3,0,0,0,0,0,0,1,2,0,0,4
2026,,2026-04-18,824694,away,NYM,CHC,596019,Francisco Lindor,12,SS,4,4,0,2,0,0,0,0,0,1,0,2,0
2026,,2026-04-18,824694,away,NYM,CHC,673357,Luis Robert Jr.,88,CF,4,4,0,2,1,0,0,0,0,0,0,3,2
2026,,2026-04-18,824694,home,CHC,NYM,664023,Ian Happ,8,LF,4,2,2,1,0,0,1,1,2,0,0,4,0
2026,,2026-04-18,824694,home,CHC,NYM,608324,Alex Bregman,3,3B,4,4,0,0,0,0,0,0,0,0,0,0,1
2026,,2026-04-18,824694,home,CHC,NYM,683737,Michael Busch,29,1B,4,4,0,1,0,0,0,0,0,1,0,1,0
2026,,2026-04-18,824694,home,CHC,NYM,608348,Carson Kelly,15,DH,1,1,1,1,0,0,1,3,0,0,0,4,0
2026,,2026-04-18,824694,home,CHC,NYM,691718,Pete Crow-Armstrong,4,CF,3,3,0,0,0,0,0,0,0,0,0,0,2
2026,,2026-04-18,824694,home,CHC,NYM,665804,Miguel Amaya,9,C,3,3,0,1,0,0,0,0,0,0,0,1,1
2026,,2026-04-18,824694,home,CHC,NYM,694208,Moisés Ballesteros,25,DH,2,2,0,1,0,0,0,0,0,1,0,1,1
2026,,2026-04-18,824694,home,CHC,NYM,673548,Seiya Suzuki,27,RF,4,2,1,0,0,0,0,0,1,0,0,0,1
2026,,2026-04-18,824694,home,CHC,NYM,621020,Dansby Swanson,7,SS,3,3,0,0,0,0,0,0,0,1,0,0,2
2026,,2026-04-18,824694,home,CHC,NYM,663538,Nico Hoerner,2,2B,4,4,0,0,0,0,0,0,0,0,0,0,0
2026,,2026-04-18,823394,away,TBR,PIT,670764,Taylor Walls,6,SS,6,6,1,0,0,0,0,0,0,4,1,0,9
2026,,2026-04-18,823394,away,TBR,PIT,680700,Richie Palacios,1,2B,2,2,0,1,0,0,0,0,0,0,0,1,0
2026,,2026-04-18,823394,away,TBR,PIT,668723,Ryan Vilade,26,1B,1,1,0,0,0,0,0,0,0,0,0,0,1
2026,,2026-04-18,823394,away,TBR,PIT,641584,Jake Fraley,17,RF,2,2,0,1,0,0,0,0,0,1,0,1,0
2026,,2026-04-18,823394,away,TBR,PIT,802415,Chandler Simpson,14,LF,7,7,0,2,0,0,0,0,0,1,0,2,5
2026,,2026-04-18,823394,away,TBR,PIT,676356,Jonny DeLuca,21,RF,4,4,2,2,1,0,0,2,0,0,0,3,3
2026,,2026-04-18,823394,away,TBR,PIT,676439,Hunter Feduccia,9,C,2,1,1,0,0,0,0,0,1,0,0,0,3
2026,,2026-04-18,823394,away,TBR,PIT,666018,Jonathan Aranda,8,1B,5,4,1,2,0,0,0,1,1,1,0,2,1
2026,,2026-04-18,823394,away,TBR,PIT,663743,Nick Fortes,40,C,4,2,0,1,0,0,0,0,1,0,0,1,1
2026,,2026-04-18,823394,away,TBR,PIT,650490,Yandy Díaz,2,DH,6,5,1,1,0,0,0,0,1,3,0,1,3
2026,,2026-04-18,823394,away,TBR,PIT,810938,Ben Williamson,15,2B,4,4,0,1,0,0,0,0,0,1,0,1,1
2026,,2026-04-18,823394,away,TBR,PIT,691406,Junior Caminero,13,3B,7,7,1,2,1,0,0,1,0,0,0,3,4
2026,,2026-04-18,823394,away,TBR,PIT,656775,Cedric Mullins,31,CF,6,5,1,2,0,0,1,3,0,1,0,5,3
2026,,2026-04-18,823394,home,PIT,TBR,694377,Nick Yorke,38,3B,6,6,1,1,0,0,0,1,0,2,0,1,5
2026,,2026-04-18,823394,home,PIT,TBR,687462,Spencer Horwitz,2,1B,6,4,0,0,0,0,0,0,2,2,0,0,4
2026,,2026-04-18,823394,home,PIT,TBR,664040,Brandon Lowe,5,2B,6,5,1,0,0,0,0,0,1,1,0,0,3
2026,,2026-04-18,823394,home,PIT,TBR,663698,Joey Bart,14,C,1,1,0,0,0,0,0,0,0,1,0,0,2
2026,,2026-04-18,823394,home,PIT,TBR,668804,Bryan Reynolds,10,RF,6,3,1,0,0,0,0,0,3,1,0,0,2
2026,,2026-04-18,823394,home,PIT,TBR,665833,Oneil Cruz,15,CF,6,6,0,1,1,0,0,0,0,1,0,2,1
2026,,2026-04-18,823394,home,PIT,TBR,663968,Jake Mangum,28,LF,2,1,1,0,0,0,0,0,1,1,0,0,2
2026,,2026-04-18,823394,home,PIT,TBR,695257,Billy Cook,25,LF,0,0,0,0,0,0,0,0,0,0,0,0,0
2026,,2026-04-18,823394,home,PIT,TBR,680779,Henry Davis,32,C,4,4,0,0,0,0,0,0,0,0,0,0,0
2026,,2026-04-18,823394,home,PIT,TBR,804606,Konnor Griffin,6,SS,6,6,0,1,0,0,0,2,0,2,1,1,1
2026,,2026-04-18,823394,home,PIT,TBR,656811,Ryan O'Hearn,29,RF,4,3,2,2,0,0,1,2,1,1,0,5,0
2026,,2026-04-18,823394,home,PIT,TBR,693304,Nick Gonzales,3,PH,1,1,0,0,0,0,0,0,0,0,0,0,1
2026,,2026-04-18,823394,home,PIT,TBR,542303,Marcell Ozuna,24,DH,6,6,1,2,0,0,1,2,0,2,0,5,6
2026,,2026-04-18,822751,away,SFG,WSN,669477,Casey Schmitt,10,DH,6,6,0,2,1,0,0,1,0,2,0,3,2
2026,,2026-04-18,822751,away,SFG,WSN,671218,Heliot Ramos,17,LF,6,5,2,3,1,0,1,2,1,1,0,7,2
2026,,2026-04-18,822751,away,SFG,WSN,656305,Matt Chapman,26,3B,6,6,1,2,0,0,0,1,0,0,0,2,3
2026,,2026-04-18,822751,away,SFG,WSN,672275,Patrick Bailey,14,C,4,4,0,1,0,0,0,0,0,3,0,1,3
2026,,2026-04-18,822751,away,SFG,WSN,808982,Jung Hoo Lee,51,RF,6,6,1,2,0,0,0,0,0,1,0,2,4
2026,,2026-04-18,822751,away,SFG,WSN,687551,Drew Gilbert,0,CF,5,5,0,2,0,0,0,1,0,1,0,2,2
2026,,2026-04-18,822751,away,SFG,WSN,646240,Rafael Devers,16,1B,6,6,0,1,0,0,0,1,0,1,0,1,5
2026,,2026-04-18,822751,away,SFG,WSN,642715,Willy Adames,2,SS,6,6,1,1,0,0,0,0,0,2,0,1,4
2026,,2026-04-18,822751,away,SFG,WSN,650333,Luis Arraez,1,2B,6,6,2,2,0,0,0,0,0,0,0,2,2
2026,,2026-04-18,822751,away,SFG,WSN,691740,Daniel Susac,6,C,1,1,0,0,0,0,0,0,0,0,0,0,1
2026,,2026-04-18,822751,home,WSN,SFG,691781,Brady House,12,DH,2,2,0,1,0,0,0,1,0,1,0,1,0
2026,,2026-04-18,822751,home,WSN,SFG,682928,CJ Abrams,5,SS,6,5,0,0,0,0,0,0,1,1,0,0,4
2026,,2026-04-18,822751,home,WSN,SFG,683083,Nasim Nuñez,26,2B,5,4,1,0,0,0,0,0,0,1,0,0,4
2026,,2026-04-18,822751,home,WSN,SFG,686452,Drew Millas,14,C,5,5,1,1,1,0,0,0,0,1,0,2,5
2026,,2026-04-18,822751,home,WSN,SFG,686894,Joey Wiemer,21,DH,1,1,0,0,0,0,0,0,0,1,0,0,2
2026,,2026-04-18,822751,home,WSN,SFG,678391,Jorbit Vivas,84,3B,5,4,1,1,1,0,0,0,1,0,0,2,3
2026,,2026-04-18,822751,home,WSN,SFG,678554,Curtis Mead,45,1B,3,3,0,0,0,0,0,0,0,0,0,0,4
2026,,2026-04-18,822751,home,WSN,SFG,677588,José Tena,8,DH,3,2,0,1,0,0,0,1,1,0,0,1,0
2026,,2026-04-18,822751,home,WSN,SFG,695734,Daylen Lile,4,LF,6,6,0,2,1,0,0,0,0,2,0,3,5
2026,,2026-04-18,822751,home,WSN,SFG,695578,James Wood,29,RF,6,3,3,1,0,0,1,2,2,1,0,4,1
2026,,2026-04-18,822751,home,WSN,SFG,696285,Jacob Young,30,CF,6,6,0,2,0,0,0,0,0,0,0,2,4
2026,,2026-04-18,822751,home,WSN,SFG,671277,Luis García Jr.,2,1B,3,3,0,1,0,0,0,2,0,0,0,1,0
2026,,2026-04-18,825020,away,CHW,ATH,671976,Tristan Peters,29,CF,2,1,1,0,0,0,0,0,1,1,0,0,0
2026,,2026-04-18,825020,away,CHW,ATH,695020,Tanner Murray,41,SS,0,0,0,0,0,0,0,0,0,0,0,0,0
2026,,2026-04-18,825020,away,CHW,ATH,682668,Luisangel Acuña,0,CF,1,1,0,1,0,0,0,0,0,0,1,1,0
2026,,2026-04-18,825020,away,CHW,ATH,808959,Munetaka Murakami,5,1B,5,2,1,1,0,0,1,1,3,1,0,4,0
2026,,2026-04-18,825020,away,CHW,ATH,805367,Chase Meidroth,10,2B,5,4,0,1,0,0,0,0,0,1,0,1,4
2026,,2026-04-18,825020,away,CHW,ATH,695657,Colson Montgomery,12,3B,6,4,1,1,0,0,1,1,1,1,0,4,3
2026,,2026-04-18,825020,away,CHW,ATH,624512,Reese McGuire,30,C,5,4,1,1,0,0,0,1,0,0,0,1,3
2026,,2026-04-18,825020,away,CHW,ATH,700337,Edgar Quero,26,PH,1,0,0,0,0,0,0,0,0,0,0,0,0
2026,,2026-04-18,825020,away,CHW,ATH,643217,Andrew Benintendi,23,DH,6,6,1,1,0,0,1,3,0,1,0,4,5
2026,,2026-04-18,825020,away,CHW,ATH,677592,Everson Pereira,28,RF,6,5,1,2,2,0,0,0,1,1,0,4,5
2026,,2026-04-18,825020,away,CHW,ATH,803011,Sam Antonacci,17,LF,6,5,0,0,0,0,0,0,0,1,0,0,8
2026,,2026-04-18,825020,away,CHW,ATH,656537,Derek Hill,25,CF,2,2,0,0,0,0,0,0,0,0,0,0,3
2026,,2026-04-18,825020,away,CHW,ATH,678246,Miguel Vargas,20,1B,6,4,0,0,0,0,0,0,2,0,0,0,3
2026,,2026-04-18,825020,home,ATH,CHW,671732,Lawrence Butler,4,RF,5,3,1,1,1,0,0,1,2,0,2,2,1
2026,,2026-04-18,825020,home,ATH,CHW,680869,Zack Gelof,20,2B,1,1,0,1,0,0,0,0,0,0,0,1,0
2026,,2026-04-18,825020,home,ATH,CHW,643446,Jeff McNeil,22,2B,5,3,0,0,0,0,0,1,1,0,0,0,2
2026,,2026-04-18,825020,home,ATH,CHW,642851,Austin Wynns,29,C,5,4,1,0,0,0,0,0,1,1,0,0,4
2026,,2026-04-18,825020,home,ATH,CHW,666126,Carlos Cortes,26,RF,2,2,0,0,0,0,0,0,0,0,0,0,1
2026,,2026-04-18,825020,home,ATH,CHW,691777,Max Muncy,3,3B,6,5,1,1,0,1,0,1,0,2,0,3,3
2026,,2026-04-18,825020,home,ATH,CHW,672016,Denzel Clarke,1,CF,3,1,0,0,0,0,0,0,1,0,1,0,1
2026,,2026-04-18,825020,home,ATH,CHW,691016,Tyler Soderstrom,21,LF,6,5,0,1,0,0,0,1,1,1,0,1,8
2026,,2026-04-18,825020,home,ATH,CHW,687231,Darell Hernaiz,2,PR,0,0,0,0,0,0,0,0,0,0,0,0,0
2026,,2026-04-18,825020,home,ATH,CHW,701762,Nick Kurtz,16,1B,6,3,1,2,0,0,1,2,3,0,0,5,0
2026,,2026-04-18,825020,home,ATH,CHW,669127,Shea Langeliers,23,C,6,5,1,2,0,0,0,0,1,1,0,2,3
2026,,2026-04-18,825020,home,ATH,CHW,678022,Jack Perkins,50,P,0,0,0,0,0,0,0,0,0,0,0,0,0
2026,,2026-04-18,825020,home,ATH,CHW,628451,Andy Ibáñez,77,PH,1,1,0,0,0,0,0,0,0,0,0,0,0
2026,,2026-04-18,825020,home,ATH,CHW,805779,Jacob Wilson,5,SS,6,6,2,2,0,0,1,1,0,1,0,5,6
2026,,2026-04-18,824775,away,DET,BOS,682985,Riley Greene,31,LF,4,2,0,0,0,0,0,0,2,1,0,0,0
2026,,2026-04-18,824775,away,DET,BOS,595879,Javier Báez,28,SS,4,4,1,1,1,0,0,0,0,0,0,2,1
2026,,2026-04-18,824775,away,DET,BOS,805808,Kevin McGonigle,7,3B,5,5,1,2,0,0,0,1,0,0,0,2,1
2026,,2026-04-18,824775,away,DET,BOS,681481,Kerry Carpenter,30,RF,4,3,1,2,0,0,1,2,1,1,0,5,1
2026,,2026-04-18,824775,away,DET,BOS,679529,Spencer Torkelson,20,1B,4,4,0,0,0,0,0,0,0,3,0,0,4
2026,,2026-04-18,824775,away,DET,BOS,650402,Gleyber Torres,25,2B,5,5,0,1,0,0,0,0,0,2,0,1,2
2026,,2026-04-18,824775,away,DET,BOS,668670,Jake Rogers,34,C,4,3,0,1,1,0,0,1,0,0,0,2,0
2026,,2026-04-18,824775,away,DET,BOS,693307,Dillon Dingler,13,DH,2,2,0,0,0,0,0,0,0,0,0,0,1
2026,,2026-04-18,824775,away,DET,BOS,690993,Colt Keith,33,DH,3,3,0,1,0,0,0,0,0,0,0,1,0
2026,,2026-04-18,824775,away,DET,BOS,672761,Wenceel Pérez,46,CF,4,3,1,0,0,0,0,0,1,0,0,0,4
2026,,2026-04-18,824775,home,BOS,DET,701350,Roman Anthony,19,LF,4,3,0,1,0,0,0,0,1,1,0,1,0
2026,,2026-04-18,824775,home,BOS,DET,575929,Willson Contreras,40,1B,4,4,0,1,0,0,0,0,0,3,0,1,3
2026,,2026-04-18,824775,home,BOS,DET,657136,Connor Wong,12,C,3,3,0,0,0,0,0,0,0,1,0,0,2
2026,,2026-04-18,824775,home,BOS,DET,596115,Trevor Story,10,DH,4,4,0,0,0,0,0,0,0,3,0,0,4
2026,,2026-04-18,824775,home,BOS,DET,677800,Wilyer Abreu,52,RF,4,4,1,1,0,0,0,0,0,1,0,1,3
2026,,2026-04-18,824775,home,BOS,DET,655316,Andruw Monasterio,32,SS,4,4,0,1,0,0,0,0,0,1,1,1,1
2026,,2026-04-18,824775,home,BOS,DET,643396,Isiah Kiner-Falefa,2,2B,3,3,0,0,0,0,0,0,0,0,0,0,1
2026,,2026-04-18,824775,home,BOS,DET,702332,Caleb Durbin,5,3B,3,2,0,0,0,0,0,0,1,1,0,0,0
2026,,2026-04-18,824775,home,BOS,DET,678882,Ceddanne Rafaela,3,CF,4,4,0,1,1,0,0,0,0,1,0,2,1
2026,,2026-04-18,823882,away,MIL,MIA,650859,Luis Rengifo,13,3B,5,4,1,1,1,0,0,0,1,0,0,2,1
2026,,2026-04-18,823882,away,MIL,MIA,687401,Joey Ortiz,3,SS,4,2,1,0,0,0,0,0,2,0,0,0,2
2026,,2026-04-18,823882,away,MIL,MIA,641343,Jake Bauers,9,1B,5,5,0,0,0,0,0,0,0,0,0,0,4
2026,,2026-04-18,823882,away,MIL,MIA,686217,Sal Frelick,10,RF,5,5,0,1,0,0,0,1,0,0,0,1,2
2026,,2026-04-18,823882,away,MIL,MIA,663604,Brandon Lockridge,20,LF,5,4,0,1,0,0,0,1,1,2,1,1,4
2026,,2026-04-18,823882,away,MIL,MIA,669003,Garrett Mitchell,5,CF,5,2,1,0,0,0,0,0,3,1,1,0,1
2026,,2026-04-18,823882,away,MIL,MIA,661388,William Contreras,24,C,5,4,1,0,0,0,0,0,1,1,0,0,3
2026,,2026-04-18,823882,away,MIL,MIA,668930,Brice Turang,2,2B,5,3,1,2,0,0,1,3,2,0,0,5,1
2026,,2026-04-18,823882,away,MIL,MIA,596142,Gary Sánchez,99,DH,5,3,0,0,0,0,0,0,1,1,0,0,4
2026,,2026-04-18,823882,home,MIA,MIL,681715,Heriberto Hernández,13,LF,4,4,0,0,0,0,0,1,0,0,0,0,3
2026,,2026-04-18,823882,home,MIA,MIL,805300,Jakob Marsee,87,CF,4,4,0,1,0,0,0,0,0,0,0,1,1
2026,,2026-04-18,823882,home,MIA,MIL,691594,Javier Sanoja,8,3B,4,3,0,0,0,0,0,0,1,0,0,0,2
2026,,2026-04-18,823882,home,MIA,MIL,669364,Xavier Edwards,9,2B,4,4,0,1,0,0,0,0,0,1,0,1,1
2026,,2026-04-18,823882,home,MIA,MIL,689414,Liam Hicks,34,C,4,4,1,2,0,0,0,0,0,0,0,2,0
2026,,2026-04-18,823882,home,MIA,MIL,683357,Owen Caissie,17,RF,4,4,0,1,0,0,0,0,0,2,0,1,2
2026,,2026-04-18,823882,home,MIA,MIL,682663,Agustín Ramírez,50,DH,4,4,0,0,0,0,0,0,0,1,0,0,3
2026,,2026-04-18,823882,home,MIA,MIL,681393,Connor Norby,1,1B,4,4,0,2,0,0,0,1,0,0,0,2,1
2026,,2026-04-18,823882,home,MIA,MIL,672640,Otto Lopez,6,SS,4,4,1,1,0,0,0,0,0,0,0,1,2
2026,,2026-04-18,824451,away,BAL,CLE,669236,Jeremiah Jackson,82,2B,3,3,0,0,0,0,0,0,0,1,0,0,0
2026,,2026-04-18,824451,away,BAL,CLE,694212,Samuel Basallo,29,C,3,3,0,0,0,0,0,0,0,1,0,0,1
2026,,2026-04-18,824451,away,BAL,CLE,683002,Gunnar Henderson,2,SS,4,4,1,2,0,0,1,1,0,2,0,5,0
2026,,2026-04-18,824451,away,BAL,CLE,665750,Leody Taveras,30,CF,4,3,1,1,0,0,1,1,1,1,0,4,0
2026,,2026-04-18,824451,away,BAL,CLE,621493,Taylor Ward,3,LF,4,4,0,1,1,0,0,0,0,0,0,2,1
2026,,2026-04-18,824451,away,BAL,CLE,687637,Dylan Beavers,12,RF,4,4,0,0,0,0,0,0,0,3,0,0,3
2026,,2026-04-18,824451,away,BAL,CLE,624413,Pete Alonso,25,1B,4,4,0,0,0,0,0,0,0,4,0,0,3
2026,,2026-04-18,824451,away,BAL,CLE,681297,Colton Cowser,17,DH,4,4,0,0,0,0,0,0,0,4,0,0,0
2026,,2026-04-18,824451,away,BAL,CLE,691723,Coby Mayo,16,3B,3,3,0,0,0,0,0,0,0,0,0,0,1
2026,,2026-04-18,824451,home,CLE,BAL,671655,George Valera,7,LF,3,3,0,0,0,0,0,0,0,0,0,0,0
2026,,2026-04-18,824451,home,CLE,BAL,800050,Chase DeLauter,24,RF,4,4,0,0,0,0,0,0,0,0,0,0,0
2026,,2026-04-18,824451,home,CLE,BAL,682177,Daniel Schneemann,10,2B,3,3,1,1,0,0,0,0,0,2,0,1,0
2026,,2026-04-18,824451,home,CLE,BAL,677587,Brayan Rocchio,4,SS,3,3,1,1,0,0,1,3,0,0,0,4,0
2026,,2026-04-18,824451,home,CLE,BAL,666310,Bo Naylor,23,C,3,3,1,1,0,0,1,1,0,1,0,4,2
2026,,2026-04-18,824451,home,CLE,BAL,608070,José Ramírez,11,3B,3,2,0,0,0,0,0,0,1,0,1,0,0
2026,,2026-04-18,824451,home,CLE,BAL,680757,Steven Kwan,38,CF,4,4,0,0,0,0,0,0,0,2,0,0,0
2026,,2026-04-18,824451,home,CLE,BAL,682657,Angel Martínez,1,LF,0,0,0,0,0,0,0,0,0,0,0,0,0
2026,,2026-04-18,824451,home,CLE,BAL,700932,Kyle Manzardo,9,1B,3,3,0,0,0,0,0,0,0,2,0,0,1
2026,,2026-04-18,824451,home,CLE,BAL,656555,Rhys Hoskins,8,DH,3,2,1,0,0,0,0,0,1,1,0,0,0
2026,,2026-04-18,824206,away,STL,HOU,669357,Nolan Gorman,16,DH,5,5,1,2,0,0,0,2,0,0,0,2,2
2026,,2026-04-18,824206,away,STL,HOU,691023,Jordan Walker,18,RF,5,4,0,1,0,0,0,0,1,2,1,1,1
2026,,2026-04-18,824206,away,STL,HOU,701675,Nathan Church,27,LF,4,4,0,1,0,0,0,0,0,2,0,1,0
2026,,2026-04-18,824206,away,STL,HOU,687363,Victor Scott II,11,CF,0,0,0,0,0,0,0,0,0,0,0,0,0
2026,,2026-04-18,824206,away,STL,HOU,665877,José Fermín,15,LF,4,3,1,1,0,0,1,1,1,1,0,4,2
2026,,2026-04-18,824206,away,STL,HOU,802139,JJ Wetherholt,26,2B,5,3,1,1,0,0,0,0,1,1,0,1,0
2026,,2026-04-18,824206,away,STL,HOU,676475,Alec Burleson,41,1B,5,5,1,2,1,0,1,1,0,0,0,6,5
2026,,2026-04-18,824206,away,STL,HOU,602104,Ramón Urías,29,3B,4,3,1,0,0,0,0,0,1,0,0,0,3
2026,,2026-04-18,824206,away,STL,HOU,691026,Masyn Winn,0,SS,5,5,1,1,0,0,1,2,0,3,0,4,4
2026,,2026-04-18,824206,away,STL,HOU,671056,Iván Herrera,48,C,5,4,1,1,1,0,0,0,0,2,0,2,3
2026,,2026-04-18,824206,home,HOU,STL,514888,Jose Altuve,27,2B,5,4,1,0,0,0,0,0,1,2,0,0,0
2026,,2026-04-18,824206,home,HOU,STL,666211,Taylor Trammell,26,CF,4,4,0,1,0,0,0,0,0,1,1,1,0
2026,,2026-04-18,824206,home,HOU,STL,694376,Shay Whitcomb,14,3B,4,4,1,1,0,0,1,3,0,2,0,4,3
2026,,2026-04-18,824206,home,HOU,STL,670623,Isaac Paredes,15,DH,4,4,0,0,0,0,0,0,0,1,0,0,3
2026,,2026-04-18,824206,home,HOU,STL,701358,Cam Smith,11,RF,4,2,1,0,0,0,0,0,2,0,0,0,1
2026,,2026-04-18,824206,home,HOU,STL,621043,Carlos Correa,1,SS,4,2,0,0,0,0,0,0,2,1,0,0,0
2026,,2026-04-18,824206,home,HOU,STL,572233,Christian Walker,8,1B,4,4,0,0,0,0,0,0,0,1,0,0,4
2026,,2026-04-18,824206,home,HOU,STL,543877,Christian Vázquez,2,C,4,2,1,0,0,0,0,0,2,0,0,0,1
2026,,2026-04-18,824206,home,HOU,STL,670541,Yordan Alvarez,44,LF,5,4,1,2,1,0,1,1,1,1,0,6,0
2026,,2026-04-18,823151,away,TEX,SEA,694497,Evan Carter,32,CF,5,2,0,0,0,0,0,1,2,1,0,0,1
2026,,2026-04-18,823151,away,TEX,SEA,694671,Wyatt Langford,36,LF,5,5,1,3,1,0,0,0,0,0,0,4,1
2026,,2026-04-18,823151,away,TEX,SEA,669394,Jake Burger,21,1B,5,4,0,0,0,0,0,0,1,2,0,0,3
2026,,2026-04-18,823151,away,TEX,SEA,592626,Joc Pederson,3,DH,3,2,0,1,0,0,0,0,1,1,0,1,0
2026,,2026-04-18,823151,away,TEX,SEA,608369,Corey Seager,5,SS,5,4,0,0,0,0,0,0,1,1,0,0,2
2026,,2026-04-18,823151,away,TEX,SEA,673962,Josh Jung,6,3B,5,4,1,2,0,0,1,1,1,0,0,5,4
2026,,2026-04-18,823151,away,TEX,SEA,543309,Kyle Higashioka,11,C,5,4,0,0,0,0,0,0,1,1,0,0,7
2026,,2026-04-18,823151,away,TEX,SEA,677649,Ezequiel Duran,20,2B,5,5,0,3,1,0,0,1,0,0,0,4,4
2026,,2026-04-18,823151,away,TEX,SEA,607043,Brandon Nimmo,24,RF,6,6,0,1,0,0,0,0,0,2,0,1,3
2026,,2026-04-18,823151,away,TEX,SEA,669701,Josh Smith,8,DH,2,1,1,1,0,0,0,0,1,0,0,1,0
2026,,2026-04-18,823151,away,TEX,SEA,664059,Sam Haggerty,0,PH,0,0,0,0,0,0,0,0,0,0,0,0,0
2026,,2026-04-18,823151,home,SEA,TEX,647304,Josh Naylor,12,1B,4,4,0,1,0,0,0,0,0,1,0,1,1
2026,,2026-04-18,823151,home,SEA,TEX,702284,Cole Young,2,2B,4,3,1,2,0,0,0,2,1,1,1,2,1
2026,,2026-04-18,823151,home,SEA,TEX,641487,J.P. Crawford,3,SS,5,5,1,2,2,0,0,0,0,1,0,4,3
2026,,2026-04-18,823151,home,SEA,TEX,668227,Randy Arozarena,56,LF,4,4,1,1,0,0,0,0,0,2,0,1,2
2026,,2026-04-18,823151,home,SEA,TEX,686527,Dominic Canzone,8,DH,4,4,1,3,1,0,0,2,0,1,0,4,0
2026,,2026-04-18,823151,home,SEA,TEX,663728,Cal Raleigh,29,C,5,4,0,0,0,0,0,0,1,1,0,0,2
2026,,2026-04-18,823151,home,SEA,TEX,677594,Julio Rodríguez,44,CF,4,4,0,1,0,0,0,1,0,0,0,1,1
2026,,2026-04-18,823151,home,SEA,TEX,660844,Leo Rivas,76,3B,4,3,0,0,0,0,0,1,0,1,0,0,4
2026,,2026-04-18,823151,home,SEA,TEX,670042,Luke Raley,20,RF,4,3,3,1,0,0,1,1,1,0,0,4,1
2026,,2026-04-18,823474,away,ATL,PHI,641680,Jonah Heim,20,C,4,4,0,2,1,0,0,0,0,2,0,3,1
2026,,2026-04-18,823474,away,ATL,PHI,671739,Michael Harris II,23,CF,1,0,0,0,0,0,0,0,1,0,0,0,0
2026,,2026-04-18,823474,away,ATL,PHI,622761,Jorge Mateo,2,SS,3,3,0,0,0,0,0,0,0,2,0,0,1
2026,,2026-04-18,823474,away,ATL,PHI,643289,Mauricio Dubón,14,SS,4,4,0,1,0,0,0,2,0,2,0,1,2
2026,,2026-04-18,823474,away,ATL,PHI,686948,Drake Baldwin,30,DH,5,5,1,1,0,0,0,0,0,1,0,1,4
2026,,2026-04-18,823474,away,ATL,PHI,621566,Matt Olson,28,1B,5,4,1,1,1,0,0,0,1,1,0,2,2
2026,,2026-04-18,823474,away,ATL,PHI,660670,Ronald Acuña Jr.,13,RF,5,4,0,1,0,0,0,0,1,1,0,1,1
2026,,2026-04-18,823474,away,ATL,PHI,642201,Eli White,36,LF,4,4,0,0,0,0,0,0,0,1,0,0,3
2026,,2026-04-18,823474,away,ATL,PHI,645277,Ozzie Albies,1,2B,5,4,1,2,1,0,0,0,1,0,0,3,1
2026,,2026-04-18,823474,away,ATL,PHI,663586,Austin Riley,27,3B,5,5,0,2,0,0,0,1,0,2,0,2,2
2026,,2026-04-18,823474,home,PHI,ATL,669016,Brandon Marsh,16,CF,2,2,0,0,0,0,0,0,0,1,0,0,1
2026,,2026-04-18,823474,home,PHI,ATL,547180,Bryce Harper,3,1B,4,4,0,0,0,0,0,0,0,3,0,0,2
2026,,2026-04-18,823474,home,PHI,ATL,592663,J.T. Realmuto,10,C,2,2,0,0,0,0,0,0,0,0,0,0,2
2026,,2026-04-18,823474,home,PHI,ATL,624641,Edmundo Sosa,33,2B,3,3,0,1,0,0,0,0,0,1,0,1,1
2026,,2026-04-18,823474,home,PHI,ATL,664761,Alec Bohm,28,3B,3,3,0,1,0,0,0,0,0,0,0,1,0
2026,,2026-04-18,823474,home,PHI,ATL,656941,Kyle Schwarber,12,DH,4,4,0,1,0,0,0,0,0,1,0,1,1
2026,,2026-04-18,823474,home,PHI,ATL,665561,Rafael Marchán,13,C,2,2,0,0,0,0,0,0,0,1,0,0,0
2026,,2026-04-18,823474,home,PHI,ATL,694025,Felix Reyes,29,LF,3,3,1,1,0,0,1,1,0,1,0,4,1
2026,,2026-04-18,823474,home,PHI,ATL,664238,Dylan Moore,25,CF,1,1,0,0,0,0,0,0,0,1,0,0,0
2026,,2026-04-18,823474,home,PHI,ATL,666969,Adolis García,53,RF,4,3,0,0,0,0,0,0,1,1,0,0,1
2026,,2026-04-18,823474,home,PHI,ATL,607208,Trea Turner,7,SS,4,4,0,1,0,0,0,0,0,0,1,1,0
2026,,2026-04-18,824372,away,LAD,COL,669257,Will Smith,16,PH,1,1,0,1,0,0,0,0,0,0,0,1,0
2026,,2026-04-18,824372,away,LAD,COL,687221,Dalton Rushing,68,C,4,4,1,1,0,0,1,1,0,1,0,4,0
2026,,2026-04-18,824372,away,LAD,COL,663656,Kyle Tucker,23,RF,5,5,1,3,0,0,1,2,0,0,0,6,2
2026,,2026-04-18,824372,away,LAD,COL,571970,Max Muncy,13,3B,4,4,0,0,0,0,0,0,0,1,0,0,4
2026,,2026-04-18,824372,away,LAD,COL,518692,Freddie Freeman,5,1B,4,3,0,2,0,1,0,0,1,0,0,4,2
2026,,2026-04-18,824372,away,LAD,COL,808975,Hyeseong Kim,6,2B,1,1,0,0,0,0,0,0,0,0,0,0,0
2026,,2026-04-18,824372,away,LAD,COL,669289,Santiago Espinal,21,PR,0,0,0,0,0,0,0,0,0,0,0,0,0
2026,,2026-04-18,824372,away,LAD,COL,660271,Shohei Ohtani,17,DH,5,4,1,1,0,0,0,0,0,0,0,1,0
2026,,2026-04-18,824372,away,LAD,COL,606192,Teoscar Hernández,37,LF,4,3,0,0,0,0,0,0,1,1,0,0,4
2026,,2026-04-18,824372,away,LAD,COL,681624,Andy Pages,44,CF,4,4,0,0,0,0,0,0,0,3,0,0,3
2026,,2026-04-18,824372,away,LAD,COL,669743,Alex Call,12,PH,1,0,0,0,0,0,0,0,0,0,0,0,0
2026,,2026-04-18,824372,away,LAD,COL,500743,Miguel Rojas,72,SS,3,3,0,0,0,0,0,0,0,0,0,0,0
2026,,2026-04-18,824372,away,LAD,COL,690976,Alex Freeland,76,2B,2,2,0,0,0,0,0,0,0,2,0,0,0
2026,,2026-04-18,824372,home,COL,LAD,666160,Mickey Moniak,22,RF,4,4,1,1,1,0,0,0,0,1,0,2,1
2026,,2026-04-18,824372,home,COL,LAD,687859,Troy Johnston,20,1B,4,4,1,3,2,0,0,2,0,1,1,5,0
2026,,2026-04-18,824372,home,COL,LAD,666397,Edouard Julien,6,2B,4,3,0,0,0,0,0,0,1,2,0,0,0
2026,,2026-04-18,824372,home,COL,LAD,696100,Hunter Goodman,15,C,4,4,1,1,1,0,0,0,0,1,0,2,2
2026,,2026-04-18,824372,home,COL,LAD,687597,Jordan Beck,27,LF,3,3,0,0,0,0,0,0,0,0,0,0,3
2026,,2026-04-18,824372,home,COL,LAD,686668,Brenton Doyle,9,CF,3,3,0,0,0,0,0,0,0,1,0,0,3
2026,,2026-04-18,824372,home,COL,LAD,678662,Ezequiel Tovar,14,SS,4,4,1,1,0,0,0,0,0,1,0,1,1
2026,,2026-04-18,824372,home,COL,LAD,681198,TJ Rumfield,7,DH,4,4,0,1,0,0,0,1,0,0,0,1,1
2026,,2026-04-18,824372,home,COL,LAD,691720,Kyle Karros,12,3B,3,1,0,0,0,0,0,1,1,0,0,0,1
2026,,2026-04-18,825098,away,TOR,ARI,676391,Ernie Clement,22,2B,5,5,0,2,1,0,0,0,0,1,0,3,3
2026,,2026-04-18,825098,away,TOR,ARI,665926,Andrés Giménez,0,SS,4,4,0,0,0,0,0,0,0,1,0,0,4
2026,,2026-04-18,825098,away,TOR,ARI,676914,Davis Schneider,36,DH,0,0,0,0,0,0,0,0,0,0,0,0,0
2026,,2026-04-18,825098,away,TOR,ARI,664770,Nathan Lukes,38,RF,5,5,1,3,0,0,0,0,0,0,0,3,1
2026,,2026-04-18,825098,away,TOR,ARI,623168,Tyler Heineman,55,C,4,4,0,0,0,0,0,0,0,1,0,0,1
2026,,2026-04-18,825098,away,TOR,ARI,665489,Vladimir Guerrero Jr.,27,1B,4,4,0,1,0,0,0,0,0,1,0,1,3
2026,,2026-04-18,825098,away,TOR,ARI,660821,Jesús Sánchez,12,LF,4,4,0,1,0,0,0,1,0,0,0,1,1
2026,,2026-04-18,825098,away,TOR,ARI,650391,Eloy Jiménez,74,DH,4,4,1,2,0,0,0,0,0,1,0,2,3
2026,,2026-04-18,825098,away,TOR,ARI,664702,Myles Straw,3,CF,4,3,0,1,0,0,0,0,0,0,0,1,1
2026,,2026-04-18,825098,away,TOR,ARI,672960,Kazuma Okamoto,7,3B,4,4,0,2,0,0,0,1,0,2,0,2,1
2026,,2026-04-18,825098,home,ARI,TOR,680728,Adrian Del Castillo,25,C,4,4,0,0,0,0,0,0,0,1,0,0,1
2026,,2026-04-18,825098,home,ARI,TOR,571448,Nolan Arenado,28,3B,3,3,0,0,0,0,0,0,0,0,0,0,1
2026,,2026-04-18,825098,home,ARI,TOR,606466,Ketel Marte,4,DH,4,3,1,0,0,0,0,0,1,0,0,0,1
2026,,2026-04-18,825098,home,ARI,TOR,545121,Ildemaro Vargas,6,2B,3,3,1,1,0,0,0,0,0,0,0,1,1
2026,,2026-04-18,825098,home,ARI,TOR,672695,Geraldo Perdomo,2,SS,4,4,0,3,0,0,0,1,0,1,0,3,0
2026,,2026-04-18,825098,home,ARI,TOR,699912,Jose Fernandez,11,1B,3,3,1,1,0,0,0,0,0,0,0,1,0
2026,,2026-04-18,825098,home,ARI,TOR,682998,Corbin Carroll,7,RF,4,3,2,1,0,0,1,4,1,0,1,4,0
2026,,2026-04-18,825098,home,ARI,TOR,666971,Lourdes Gurriel Jr.,12,LF,4,4,0,0,0,0,0,0,0,1,0,0,2
2026,,2026-04-18,825098,home,ARI,TOR,678489,Jorge Barrosa,1,LF,0,0,0,0,0,0,0,0,0,0,0,0,0
2026,,2026-04-18,825098,home,ARI,TOR,677950,Alek Thomas,5,CF,3,3,1,2,1,0,0,1,0,0,0,3,0
2026,,2026-04-18,824049,away,SDP,LAA,666023,Freddy Fermin,54,C,4,2,2,1,0,0,0,0,2,1,0,1,1
2026,,2026-04-18,824049,away,SDP,LAA,701538,Jackson Merrill,3,CF,5,5,0,0,0,0,0,0,0,3,0,0,4
2026,,2026-04-18,824049,away,SDP,LAA,657757,Gavin Sheets,30,1B,2,2,0,0,0,0,0,0,0,0,0,0,2
2026,,2026-04-18,824049,away,SDP,LAA,657656,Ramón Laureano,5,LF,5,4,0,1,0,0,0,2,0,2,0,1,4
2026,,2026-04-18,824049,away,SDP,LAA,592518,Manny Machado,13,3B,4,4,0,0,0,0,0,0,0,1,0,0,2
2026,,2026-04-18,824049,away,SDP,LAA,609280,Miguel Andujar,41,DH,3,3,0,2,1,0,0,0,0,1,0,3,1
2026,,2026-04-18,824049,away,SDP,LAA,665487,Fernando Tatis Jr.,23,RF,5,4,0,2,0,0,0,2,1,1,1,2,2
2026,,2026-04-18,824049,away,SDP,LAA,664034,Ty France,25,1B,2,2,0,0,0,0,0,0,0,1,0,0,2
2026,,2026-04-18,824049,away,SDP,LAA,669369,Bryce Johnson,29,DH,1,1,1,1,0,0,0,0,0,0,1,1,0
2026,,2026-04-18,824049,away,SDP,LAA,593428,Xander Bogaerts,2,SS,4,4,0,1,0,0,0,0,0,0,0,1,2
2026,,2026-04-18,824049,away,SDP,LAA,630105,Jake Cronenworth,9,2B,4,1,1,1,0,0,0,0,2,0,0,1,0
2026,,2026-04-18,824049,home,LAA,SDP,624428,Adam Frazier,20,2B,4,4,0,1,0,0,0,0,0,0,0,1,2
2026,,2026-04-18,824049,home,LAA,SDP,672724,Oswald Peraza,2,3B,4,4,0,0,0,0,0,0,0,3,0,0,2
2026,,2026-04-18,824049,home,LAA,SDP,687263,Zach Neto,9,SS,4,3,0,1,1,0,0,0,1,1,0,2,2
2026,,2026-04-18,824049,home,LAA,SDP,660162,Yoán Moncada,10,DH,4,4,0,1,0,0,0,0,0,1,0,1,1
2026,,2026-04-18,824049,home,LAA,SDP,545361,Mike Trout,27,CF,4,4,0,1,1,0,0,0,0,0,0,2,4
2026,,2026-04-18,824049,home,LAA,SDP,666176,Jo Adell,7,RF,4,3,0,0,0,0,0,0,1,1,0,0,3
2026,,2026-04-18,824049,home,LAA,SDP,687093,Vaughn Grissom,5,1B,2,1,0,0,0,0,0,0,1,0,0,0,1
2026,,2026-04-18,824049,home,LAA,SDP,694384,Nolan Schanuel,18,1B,4,3,0,1,0,0,0,1,1,1,0,1,1
2026,,2026-04-18,824049,home,LAA,SDP,666139,Josh Lowe,3,LF,2,2,0,0,0,0,0,0,0,1,0,0,0
2026,,2026-04-18,824049,home,LAA,SDP,669326,Bryce Teodosio,22,LF,0,0,0,0,0,0,0,0,0,0,0,0,0
2026,,2026-04-18,824049,home,LAA,SDP,681351,Logan O'Hoppe,14,C,4,4,1,1,0,0,0,0,0,2,0,1,2
2026,,2026-04-19,822750,away,SFG,WSN,669477,Casey Schmitt,10,1B,4,4,0,1,1,0,0,0,0,0,0,2,5
2026,,2026-04-19,822750,away,SFG,WSN,666464,Jerar Encarnacion,19,RF,1,1,0,0,0,0,0,0,0,1,0,0,1
2026,,2026-04-19,822750,away,SFG,WSN,671218,Heliot Ramos,17,LF,4,4,0,1,1,0,0,0,0,2,0,2,1
2026,,2026-04-19,822750,away,SFG,WSN,672275,Patrick Bailey,14,C,3,2,0,1,0,0,0,0,1,0,0,1,0
2026,,2026-04-19,822750,away,SFG,WSN,656305,Matt Chapman,26,3B,4,4,0,2,0,0,0,0,0,0,0,2,1
2026,,2026-04-19,822750,away,SFG,WSN,687551,Drew Gilbert,0,CF,4,4,0,2,0,0,0,0,0,0,0,2,2
2026,,2026-04-19,822750,away,SFG,WSN,808982,Jung Hoo Lee,51,RF,3,3,0,0,0,0,0,0,0,1,0,0,1
2026,,2026-04-19,822750,away,SFG,WSN,646240,Rafael Devers,16,DH,4,4,0,2,0,0,0,0,0,1,0,2,1
2026,,2026-04-19,822750,away,SFG,WSN,642715,Willy Adames,2,SS,5,5,0,0,0,0,0,0,0,3,0,0,5
2026,,2026-04-19,822750,away,SFG,WSN,650333,Luis Arraez,1,2B,4,4,0,0,0,0,0,0,0,0,0,0,0
2026,,2026-04-19,822750,away,SFG,WSN,691740,Daniel Susac,6,PH,1,1,0,0,0,0,0,0,0,1,0,0,1
2026,,2026-04-19,822750,home,WSN,SFG,691781,Brady House,12,3B,4,4,0,1,0,0,0,0,0,1,0,1,2
2026,,2026-04-19,822750,home,WSN,SFG,682928,CJ Abrams,5,SS,4,4,0,0,0,0,0,0,0,0,0,0,3
2026,,2026-04-19,822750,home,WSN,SFG,683083,Nasim Nuñez,26,2B,3,3,1,1,0,0,0,0,0,0,1,1,2
2026,,2026-04-19,822750,home,WSN,SFG,686894,Joey Wiemer,21,RF,3,3,0,1,1,0,0,0,0,2,0,2,1
2026,,2026-04-19,822750,home,WSN,SFG,678554,Curtis Mead,45,1B,4,4,1,1,0,0,1,2,0,0,0,4,2
2026,,2026-04-19,822750,home,WSN,SFG,695578,James Wood,29,LF,4,3,0,0,0,0,0,0,1,2,0,0,1
2026,,2026-04-19,822750,home,WSN,SFG,696285,Jacob Young,30,CF,4,4,0,1,0,0,0,0,0,1,0,1,0
2026,,2026-04-19,822750,home,WSN,SFG,660688,Keibert Ruiz,20,C,3,3,1,2,1,0,0,1,0,0,0,3,0
2026,,2026-04-19,822750,home,WSN,SFG,671277,Luis García Jr.,2,DH,3,3,0,0,0,0,0,0,0,2,0,0,2
2026,,2026-04-19,823393,away,TBR,PIT,670764,Taylor Walls,6,SS,3,3,0,0,0,0,0,0,0,0,0,0,1
2026,,2026-04-19,823393,away,TBR,PIT,680700,Richie Palacios,1,2B,3,3,1,1,1,0,0,0,0,2,0,2,1
2026,,2026-04-19,823393,away,TBR,PIT,802415,Chandler Simpson,14,LF,4,4,0,1,0,0,0,0,0,1,0,1,0
2026,,2026-04-19,823393,away,TBR,PIT,676356,Jonny DeLuca,21,RF,3,3,1,1,0,0,0,0,0,1,1,1,1
2026,,2026-04-19,823393,away,TBR,PIT,676439,Hunter Feduccia,9,C,3,3,0,1,0,0,0,2,0,0,0,1,0
2026,,2026-04-19,823393,away,TBR,PIT,666018,Jonathan Aranda,8,1B,4,4,0,0,0,0,0,0,0,1,0,0,0
2026,,2026-04-19,823393,away,TBR,PIT,650490,Yandy Díaz,2,DH,4,4,0,0,0,0,0,0,0,1,0,0,0
2026,,2026-04-19,823393,away,TBR,PIT,691406,Junior Caminero,13,3B,4,4,1,1,0,0,1,1,0,0,0,4,1
2026,,2026-04-19,823393,away,TBR,PIT,656775,Cedric Mullins,31,CF,4,4,0,1,1,0,0,0,0,1,0,2,0
2026,,2026-04-19,823393,home,PIT,TBR,694377,Nick Yorke,38,3B,4,4,1,1,0,0,1,1,0,0,0,4,3
2026,,2026-04-19,823393,home,PIT,TBR,687462,Spencer Horwitz,2,1B,2,2,1,1,0,0,1,1,0,0,0,4,1
2026,,2026-04-19,823393,home,PIT,TBR,663698,Joey Bart,14,C,4,4,1,1,1,0,0,0,0,0,0,2,1
2026,,2026-04-19,823393,home,PIT,TBR,668804,Bryan Reynolds,10,RF,4,4,0,2,0,0,0,3,0,1,0,2,2
2026,,2026-04-19,823393,home,PIT,TBR,665833,Oneil Cruz,15,CF,4,3,0,0,0,0,0,0,1,3,0,0,3
2026,,2026-04-19,823393,home,PIT,TBR,663968,Jake Mangum,28,LF,5,5,1,2,1,0,0,0,0,1,1,3,3
2026,,2026-04-19,823393,home,PIT,TBR,695257,Billy Cook,25,1B,2,2,1,1,0,0,0,0,0,0,1,1,0
2026,,2026-04-19,823393,home,PIT,TBR,804606,Konnor Griffin,6,SS,4,4,0,1,0,0,0,0,0,2,1,1,1
2026,,2026-04-19,823393,home,PIT,TBR,693304,Nick Gonzales,3,2B,4,4,1,2,0,0,0,1,0,0,0,2,1
2026,,2026-04-19,823393,home,PIT,TBR,542303,Marcell Ozuna,24,DH,4,4,0,1,1,0,0,0,0,2,0,2,3
2026,,2026-04-19,823556,away,KCR,NYY,686555,Isaac Collins,1,LF,4,4,0,0,0,0,0,0,0,1,0,0,3
2026,,2026-04-19,823556,away,KCR,NYY,521692,Salvador Perez,13,DH,4,4,0,0,0,0,0,0,0,2,0,0,1
2026,,2026-04-19,823556,away,KCR,NYY,686681,Michael Massey,19,2B,3,3,0,0,0,0,0,0,0,1,0,0,0
2026,,2026-04-19,823556,away,KCR,NYY,516782,Starling Marte,0,RF,4,3,0,1,0,0,0,0,0,0,0,1,1
2026,,2026-04-19,823556,away,KCR,NYY,686469,Vinnie Pasquantino,9,1B,4,4,0,0,0,0,0,0,0,2,0,0,3
2026,,2026-04-19,823556,away,KCR,NYY,553869,Elias Díaz,43,C,3,3,0,2,1,0,0,0,0,0,0,3,0
2026,,2026-04-19,823556,away,KCR,NYY,672580,Maikel Garcia,11,3B,4,4,0,0,0,0,0,0,0,2,0,0,2
2026,,2026-04-19,823556,away,KCR,NYY,657041,Lane Thomas,15,CF,4,3,0,1,0,0,0,0,1,0,0,1,0
2026,,2026-04-19,823556,away,KCR,NYY,677951,Bobby Witt Jr.,7,SS,4,3,0,2,1,0,0,0,1,1,0,3,0
2026,,2026-04-19,823556,home,NYY,KCR,676609,José Caballero,72,SS,4,4,0,1,0,0,0,0,0,0,0,1,3
2026,,2026-04-19,823556,home,NYY,KCR,642708,Amed Rosario,14,2B,4,3,0,1,0,0,0,0,1,1,0,1,0
2026,,2026-04-19,823556,home,NYY,KCR,592450,Aaron Judge,99,RF,5,5,1,1,0,0,1,2,0,3,0,4,3
2026,,2026-04-19,823556,home,NYY,KCR,641857,Ryan McMahon,19,3B,4,3,0,0,0,0,0,0,1,2,0,0,3
2026,,2026-04-19,823556,home,NYY,KCR,502671,Paul Goldschmidt,48,1B,5,4,1,0,0,0,0,0,1,1,0,0,2
2026,,2026-04-19,823556,home,NYY,KCR,669224,Austin Wells,28,C,4,1,0,0,0,0,0,1,2,0,0,0,3
2026,,2026-04-19,823556,home,NYY,KCR,700250,Ben Rice,22,DH,5,3,2,1,0,0,1,1,2,1,0,4,3
2026,,2026-04-19,823556,home,NYY,KCR,641355,Cody Bellinger,35,LF,5,3,2,1,1,0,0,0,2,0,0,2,0
2026,,2026-04-19,823556,home,NYY,KCR,663757,Trent Grisham,12,CF,5,4,1,2,0,0,1,3,1,1,0,5,0
2026,,2026-04-19,824452,away,BAL,CLE,669236,Jeremiah Jackson,82,2B,4,3,0,1,0,0,0,0,1,1,1,1,2
2026,,2026-04-19,824452,away,BAL,CLE,642215,Weston Wilson,32,3B,2,1,0,0,0,0,0,0,0,1,1,0,1
2026,,2026-04-19,824452,away,BAL,CLE,683002,Gunnar Henderson,2,SS,5,4,0,0,0,0,0,0,1,1,0,0,0
2026,,2026-04-19,824452,away,BAL,CLE,665750,Leody Taveras,30,CF,1,1,0,0,0,0,0,0,0,1,0,0,0
2026,,2026-04-19,824452,away,BAL,CLE,621493,Taylor Ward,3,LF,5,5,1,2,0,0,1,3,0,0,0,5,0
2026,,2026-04-19,824452,away,BAL,CLE,687637,Dylan Beavers,12,RF,2,2,0,0,0,0,0,1,0,1,0,0,3
2026,,2026-04-19,824452,away,BAL,CLE,677942,Blaze Alexander,23,3B,3,3,0,0,0,0,0,0,0,0,0,0,2
2026,,2026-04-19,824452,away,BAL,CLE,671286,Johnathan Rodríguez,62,RF,3,2,0,0,0,0,0,0,1,1,0,0,2
2026,,2026-04-19,824452,away,BAL,CLE,624413,Pete Alonso,25,1B,4,4,1,1,0,0,0,0,0,1,0,1,2
2026,,2026-04-19,824452,away,BAL,CLE,669087,Sam Huff,31,C,4,4,1,1,0,0,0,0,0,3,0,1,2
2026,,2026-04-19,824452,away,BAL,CLE,681297,Colton Cowser,17,PH,1,1,0,0,0,0,0,0,0,0,0,0,0
2026,,2026-04-19,824452,away,BAL,CLE,691723,Coby Mayo,16,DH,4,3,1,0,0,0,0,0,1,2,0,0,5
2026,,2026-04-19,824452,home,CLE,BAL,595978,Austin Hedges,27,C,4,4,1,0,0,0,0,0,0,2,0,0,4
2026,,2026-04-19,824452,home,CLE,BAL,682177,Daniel Schneemann,10,3B,4,2,1,0,0,0,0,0,2,1,0,0,1
2026,,2026-04-19,824452,home,CLE,BAL,677587,Brayan Rocchio,4,SS,4,4,0,3,0,0,0,3,0,1,0,3,0
2026,,2026-04-19,824452,home,CLE,BAL,681807,David Fry,6,RF,4,3,2,2,0,0,0,0,1,1,0,2,0
2026,,2026-04-19,824452,home,CLE,BAL,608070,José Ramírez,11,DH,4,4,2,2,0,0,2,2,0,2,0,8,0
2026,,2026-04-19,824452,home,CLE,BAL,680757,Steven Kwan,38,CF,5,4,0,0,0,0,0,1,0,1,0,0,3
2026,,2026-04-19,824452,home,CLE,BAL,682877,Juan Brito,34,2B,4,4,1,1,1,0,0,2,0,3,0,2,3
2026,,2026-04-19,824452,home,CLE,BAL,682657,Angel Martínez,1,LF,4,4,0,0,0,0,0,0,0,1,0,0,1
2026,,2026-04-19,824452,home,CLE,BAL,656555,Rhys Hoskins,8,1B,4,3,1,0,0,0,0,0,1,0,0,0,0
2026,,2026-04-19,823881,away,MIL,MIA,675659,Greg Jones,14,LF,2,2,0,0,0,0,0,0,0,1,0,0,2
2026,,2026-04-19,823881,away,MIL,MIA,650859,Luis Rengifo,13,1B,4,4,0,1,0,0,0,0,0,1,0,1,0
2026,,2026-04-19,823881,away,MIL,MIA,687401,Joey Ortiz,3,SS,0,0,0,0,0,0,0,0,0,0,0,0,0
2026,,2026-04-19,823881,away,MIL,MIA,641343,Jake Bauers,9,1B,3,3,0,0,0,0,0,0,0,1,0,0,0
2026,,2026-04-19,823881,away,MIL,MIA,686217,Sal Frelick,10,RF,1,1,1,1,0,0,0,0,0,0,0,1,0
2026,,2026-04-19,823881,away,MIL,MIA,663604,Brandon Lockridge,20,LF,4,4,0,1,1,0,0,0,0,3,0,2,1
2026,,2026-04-19,823881,away,MIL,MIA,669003,Garrett Mitchell,5,DH,4,3,1,0,0,0,0,1,1,2,0,0,0
2026,,2026-04-19,823881,away,MIL,MIA,666152,David Hamilton,6,3B,3,2,1,0,0,0,0,0,1,0,1,0,1
2026,,2026-04-19,823881,away,MIL,MIA,663368,Blake Perkins,16,CF,2,2,0,0,0,0,0,0,0,0,0,0,0
2026,,2026-04-19,823881,away,MIL,MIA,661388,William Contreras,24,C,1,1,0,0,0,0,0,0,0,0,0,0,2
2026,,2026-04-19,823881,away,MIL,MIA,668930,Brice Turang,2,2B,4,3,0,1,0,0,0,0,1,1,0,1,0
2026,,2026-04-19,823881,away,MIL,MIA,682641,Luis Matos,21,RF,2,2,0,0,0,0,0,0,0,1,0,0,1
2026,,2026-04-19,823881,away,MIL,MIA,596142,Gary Sánchez,99,C,4,4,0,1,0,0,0,2,0,0,0,1,1
2026,,2026-04-19,823881,home,MIA,MIL,805300,Jakob Marsee,87,CF,5,3,1,0,0,0,0,0,2,2,0,0,1
2026,,2026-04-19,823881,home,MIA,MIL,691594,Javier Sanoja,8,3B,2,2,0,1,0,0,0,2,0,0,0,1,0
2026,,2026-04-19,823881,home,MIA,MIL,669364,Xavier Edwards,9,2B,5,4,1,1,0,0,0,0,1,2,0,1,2
2026,,2026-04-19,823881,home,MIA,MIL,688363,Graham Pauley,21,3B,2,1,0,0,0,0,0,0,1,1,0,0,0
2026,,2026-04-19,823881,home,MIA,MIL,669065,Kyle Stowers,28,LF,4,3,0,2,1,0,0,0,0,1,0,3,2
2026,,2026-04-19,823881,home,MIA,MIL,689414,Liam Hicks,34,C,4,3,1,2,1,0,0,1,1,0,0,3,2
2026,,2026-04-19,823881,home,MIA,MIL,683357,Owen Caissie,17,RF,4,4,1,1,1,0,0,0,0,2,0,2,2
2026,,2026-04-19,823881,home,MIA,MIL,682663,Agustín Ramírez,50,DH,4,4,0,0,0,0,0,0,0,1,0,0,6
2026,,2026-04-19,823881,home,MIA,MIL,681393,Connor Norby,1,1B,4,4,0,0,0,0,0,0,0,4,0,0,4
2026,,2026-04-19,823881,home,MIA,MIL,672640,Otto Lopez,6,SS,4,4,1,1,0,0,0,0,0,0,0,1,4
2026,,2026-04-19,824205,away,STL,HOU,669357,Nolan Gorman,16,3B,4,4,0,0,0,0,0,0,0,1,0,0,1
2026,,2026-04-19,824205,away,STL,HOU,691023,Jordan Walker,18,RF,5,5,1,1,1,0,0,0,0,2,0,2,1
2026,,2026-04-19,824205,away,STL,HOU,701675,Nathan Church,27,LF,3,2,1,0,0,0,0,0,1,1,0,0,1
2026,,2026-04-19,824205,away,STL,HOU,687363,Victor Scott II,11,CF,3,2,1,0,0,0,0,1,1,0,0,0,1
2026,,2026-04-19,824205,away,STL,HOU,665877,José Fermín,15,CF,2,2,0,1,1,0,0,0,0,0,0,2,1
2026,,2026-04-19,824205,away,STL,HOU,802139,JJ Wetherholt,26,2B,5,4,0,1,0,0,0,2,0,2,0,1,1
2026,,2026-04-19,824205,away,STL,HOU,676475,Alec Burleson,41,1B,5,5,0,0,0,0,0,0,0,2,0,0,3
2026,,2026-04-19,824205,away,STL,HOU,695336,Thomas Saggese,25,LF,0,0,0,0,0,0,0,0,0,0,0,0,0
2026,,2026-04-19,824205,away,STL,HOU,650968,Yohel Pozo,63,PH,1,1,0,0,0,0,0,0,0,0,0,0,1
2026,,2026-04-19,824205,away,STL,HOU,686780,Pedro Pagés,43,C,5,4,1,1,0,0,0,0,1,1,0,1,2
2026,,2026-04-19,824205,away,STL,HOU,602104,Ramón Urías,29,3B,1,0,1,0,0,0,0,0,0,0,0,0,0
2026,,2026-04-19,824205,away,STL,HOU,691026,Masyn Winn,0,SS,5,5,1,3,1,0,0,3,0,2,0,4,1
2026,,2026-04-19,824205,away,STL,HOU,671056,Iván Herrera,48,DH,5,5,1,1,0,0,0,1,0,2,0,1,3
2026,,2026-04-19,824205,home,HOU,STL,694376,Shay Whitcomb,14,LF,2,2,0,0,0,0,0,0,0,1,0,0,1
2026,,2026-04-19,824205,home,HOU,STL,670623,Isaac Paredes,15,3B,4,4,0,1,0,0,0,2,0,1,0,1,1
2026,,2026-04-19,824205,home,HOU,STL,701358,Cam Smith,11,RF,4,4,0,0,0,0,0,0,0,1,0,0,1
2026,,2026-04-19,824205,home,HOU,STL,687957,Dustin Harris,37,LF,2,2,0,0,0,0,0,0,0,0,0,0,0
2026,,2026-04-19,824205,home,HOU,STL,694728,Brice Matthews,0,3B,0,0,0,0,0,0,0,0,0,0,0,0,0
2026,,2026-04-19,824205,home,HOU,STL,514888,Jose Altuve,27,2B,5,5,1,3,0,0,0,1,0,0,0,3,1
2026,,2026-04-19,824205,home,HOU,STL,666211,Taylor Trammell,26,CF,4,4,2,2,0,1,0,0,0,1,0,4,1
2026,,2026-04-19,824205,home,HOU,STL,621043,Carlos Correa,1,SS,5,3,0,0,0,0,0,1,1,0,0,0,2
2026,,2026-04-19,824205,home,HOU,STL,572233,Christian Walker,8,1B,5,3,1,0,0,0,0,0,2,1,0,0,3
2026,,2026-04-19,824205,home,HOU,STL,673237,Yainer Diaz,21,C,4,4,0,1,1,0,0,0,0,1,0,2,1
2026,,2026-04-19,824205,home,HOU,STL,670541,Yordan Alvarez,44,DH,5,5,1,1,0,0,1,1,0,0,0,4,4
2026,,2026-04-19,823718,away,CIN,MIN,682829,Elly De La Cruz,44,SS,5,5,2,1,1,0,0,0,0,1,0,2,3
2026,,2026-04-19,823718,away,CIN,MIN,667472,Dane Myers,17,CF,3,2,1,0,0,0,0,0,1,1,0,0,3
2026,,2026-04-19,823718,away,CIN,MIN,701398,Sal Stewart,27,3B,5,5,0,0,0,0,0,1,0,1,0,0,3
2026,,2026-04-19,823718,away,CIN,MIN,663993,Nathaniel Lowe,31,PH,0,0,0,0,0,0,0,0,0,0,0,0,0
2026,,2026-04-19,823718,away,CIN,MIN,680574,Matt McLain,9,2B,5,4,0,1,0,0,0,0,1,1,0,1,2
2026,,2026-04-19,823718,away,CIN,MIN,663647,Ke'Bryan Hayes,3,3B,2,2,0,0,0,0,0,0,0,1,0,0,0
2026,,2026-04-19,823718,away,CIN,MIN,666181,Will Benson,30,LF,1,0,2,0,0,0,0,0,1,0,0,0,0
2026,,2026-04-19,823718,away,CIN,MIN,670770,TJ Friedl,29,LF,5,5,0,2,1,0,0,3,0,1,1,3,2
2026,,2026-04-19,823718,away,CIN,MIN,664731,P.J. Higgins,65,C,0,0,0,0,0,0,0,0,0,0,0,0,0
2026,,2026-04-19,823718,away,CIN,MIN,668715,Spencer Steer,7,1B,5,4,1,1,0,0,0,0,1,3,0,1,2
2026,,2026-04-19,823718,away,CIN,MIN,663886,Tyler Stephenson,37,C,4,3,0,1,0,0,0,0,1,1,0,1,2
2026,,2026-04-19,823718,away,CIN,MIN,553993,Eugenio Suárez,28,DH,5,4,1,0,0,0,0,0,1,2,0,0,1
2026,,2026-04-19,823718,away,CIN,MIN,677956,Rece Hinds,57,RF,5,4,0,1,1,0,0,2,1,2,0,2,3
2026,,2026-04-19,823718,home,MIN,CIN,605170,Victor Caratini,37,C,5,4,0,2,0,0,0,2,0,0,0,2,2
2026,,2026-04-19,823718,home,MIN,CIN,665019,Kody Clemens,2,1B,5,5,0,1,0,0,0,0,0,1,0,1,5
2026,,2026-04-19,823718,home,MIN,CIN,686797,Brooks Lee,22,SS,5,4,0,0,0,0,0,0,1,1,0,0,4
2026,,2026-04-19,823718,home,MIN,CIN,668885,Austin Martin,16,LF,1,1,0,1,1,0,0,1,0,0,0,2,0
2026,,2026-04-19,823718,home,MIN,CIN,656484,Tristan Gray,4,3B,4,4,0,0,0,0,0,0,0,2,0,0,2
2026,,2026-04-19,823718,home,MIN,CIN,605137,Josh Bell,56,DH,5,5,0,1,0,0,0,1,0,0,0,1,5
2026,,2026-04-19,823718,home,MIN,CIN,680777,Ryan Jeffers,27,PH,1,0,0,0,0,0,0,0,1,0,0,0,0
2026,,2026-04-19,823718,home,MIN,CIN,681546,James Outman,30,RF,4,4,1,2,1,0,0,0,0,0,0,3,0
2026,,2026-04-19,823718,home,MIN,CIN,663616,Trevor Larnach,9,LF,4,1,1,1,0,0,0,0,3,0,0,1,0
2026,,2026-04-19,823718,home,MIN,CIN,621439,Byron Buxton,25,CF,5,4,2,1,0,0,0,0,1,1,0,1,3
2026,,2026-04-19,823718,home,MIN,CIN,807712,Luke Keaschall,15,2B,5,5,0,0,0,0,0,0,0,0,0,0,5
2026,,2026-04-19,824691,away,NYM,CHC,620443,Luis Torrens,13,C,4,4,0,1,1,0,0,0,0,1,0,2,4
2026,,2026-04-19,824691,away,NYM,CHC,666182,Bo Bichette,19,3B,4,4,0,0,0,0,0,0,0,1,0,0,1
2026,,2026-04-19,824691,away,NYM,CHC,621438,Tyrone Taylor,28,RF,2,2,0,0,0,0,0,0,0,1,0,0,1
2026,,2026-04-19,824691,away,NYM,CHC,682626,Francisco Alvarez,4,PH,1,1,0,0,0,0,0,0,0,1,0,0,1
2026,,2026-04-19,824691,away,NYM,CHC,668901,Mark Vientos,27,1B,4,4,0,0,0,0,0,0,0,0,0,0,1
2026,,2026-04-19,824691,away,NYM,CHC,683146,Brett Baty,7,RF,2,2,0,1,0,0,0,0,0,0,0,1,0
2026,,2026-04-19,824691,away,NYM,CHC,701807,Carson Benge,3,LF,3,3,0,0,0,0,0,0,0,1,0,0,2
2026,,2026-04-19,824691,away,NYM,CHC,502054,Tommy Pham,39,LF,0,0,0,0,0,0,0,0,0,0,0,0,0
2026,,2026-04-19,824691,away,NYM,CHC,543760,Marcus Semien,10,2B,4,3,0,2,0,0,0,0,0,0,1,2,0
2026,,2026-04-19,824691,away,NYM,CHC,669004,MJ Melendez,1,DH,4,4,1,1,0,0,1,1,0,3,0,4,1
2026,,2026-04-19,824691,away,NYM,CHC,596019,Francisco Lindor,12,SS,4,4,0,0,0,0,0,0,0,1,0,0,1
2026,,2026-04-19,824691,away,NYM,CHC,673357,Luis Robert Jr.,88,CF,4,4,0,1,0,0,0,0,0,0,0,1,0
2026,,2026-04-19,824691,home,CHC,NYM,624424,Michael Conforto,20,LF,1,1,0,1,1,0,0,1,0,0,0,2,0
2026,,2026-04-19,824691,home,CHC,NYM,664023,Ian Happ,8,LF,4,3,0,2,0,0,0,0,1,0,0,2,1
2026,,2026-04-19,824691,home,CHC,NYM,664068,Scott Kingery,12,PR,0,0,1,0,0,0,0,0,0,0,0,0,0
2026,,2026-04-19,824691,home,CHC,NYM,573204,Caleb Thielbar,24,P,0,0,0,0,0,0,0,0,0,0,0,0,0
2026,,2026-04-19,824691,home,CHC,NYM,608324,Alex Bregman,3,3B,4,3,0,1,0,0,0,0,1,0,0,1,1
2026,,2026-04-19,824691,home,CHC,NYM,683737,Michael Busch,29,1B,4,4,0,0,0,0,0,0,0,1,0,0,2
2026,,2026-04-19,824691,home,CHC,NYM,608348,Carson Kelly,15,C,4,4,0,0,0,0,0,0,0,3,0,0,3
2026,,2026-04-19,824691,home,CHC,NYM,691718,Pete Crow-Armstrong,4,CF,4,3,1,1,0,1,0,0,0,1,0,3,2
2026,,2026-04-19,824691,home,CHC,NYM,694208,Moisés Ballesteros,25,DH,2,2,0,0,0,0,0,0,0,0,0,0,1
2026,,2026-04-19,824691,home,CHC,NYM,673548,Seiya Suzuki,27,RF,4,4,0,0,0,0,0,0,0,2,0,0,6
2026,,2026-04-19,824691,home,CHC,NYM,621020,Dansby Swanson,7,SS,4,4,0,0,0,0,0,0,0,1,0,0,3
2026,,2026-04-19,824691,home,CHC,NYM,663538,Nico Hoerner,2,2B,5,3,0,1,0,0,0,1,1,0,1,1,1
2026,,2026-04-19,824691,home,CHC,NYM,807713,Matt Shaw,6,DH,1,1,0,1,0,0,0,0,0,0,0,1,0
2026,,2026-04-19,824371,away,LAD,COL,669257,Will Smith,16,C,5,5,1,1,0,0,0,1,0,1,0,1,2
2026,,2026-04-19,824371,away,LAD,COL,687221,Dalton Rushing,68,PH,1,1,0,0,0,0,0,1,0,0,0,0,2
2026,,2026-04-19,824371,away,LAD,COL,663656,Kyle Tucker,23,RF,5,5,0,1,0,0,0,0,0,1,0,1,2
2026,,2026-04-19,824371,away,LAD,COL,669899,Ryan Ward,67,1B,5,5,0,2,0,0,0,1,0,0,0,2,3
2026,,2026-04-19,824371,away,LAD,COL,571970,Max Muncy,13,3B,5,5,0,3,0,0,0,0,0,0,0,3,1
2026,,2026-04-19,824371,away,LAD,COL,808975,Hyeseong Kim,6,SS,4,4,1,2,1,0,0,0,0,0,0,3,4
2026,,2026-04-19,824371,away,LAD,COL,660271,Shohei Ohtani,17,DH,5,5,1,2,2,0,0,1,0,2,0,4,2
2026,,2026-04-19,824371,away,LAD,COL,681624,Andy Pages,44,CF,5,4,1,1,0,0,0,0,1,1,0,1,2
2026,,2026-04-19,824371,away,LAD,COL,669743,Alex Call,12,LF,4,3,1,1,0,0,0,0,1,1,0,1,1
2026,,2026-04-19,824371,away,LAD,COL,690976,Alex Freeland,76,2B,4,4,1,2,0,0,0,2,0,1,0,2,4
2026,,2026-04-19,824371,home,COL,LAD,666160,Mickey Moniak,22,LF,5,5,2,2,0,0,1,3,0,0,0,5,2
2026,,2026-04-19,824371,home,COL,LAD,664983,Jake McCarthy,31,CF,3,3,1,1,1,0,0,0,0,0,0,2,2
2026,,2026-04-19,824371,home,COL,LAD,687859,Troy Johnston,20,RF,4,3,0,2,1,0,0,0,1,0,0,3,1
2026,,2026-04-19,824371,home,COL,LAD,650489,Willi Castro,3,2B,4,4,1,1,0,0,0,0,0,1,1,1,5
2026,,2026-04-19,824371,home,COL,LAD,671289,Tyler Freeman,2,DH,5,4,0,1,0,0,0,1,1,1,0,1,3
2026,,2026-04-19,824371,home,COL,LAD,666397,Edouard Julien,6,1B,5,5,1,3,1,0,0,3,0,0,0,4,1
2026,,2026-04-19,824371,home,COL,LAD,696100,Hunter Goodman,15,C,5,4,1,1,1,0,0,0,0,2,0,2,2
2026,,2026-04-19,824371,home,COL,LAD,686668,Brenton Doyle,9,CF,1,1,1,1,0,0,0,0,0,0,0,1,0
2026,,2026-04-19,824371,home,COL,LAD,678662,Ezequiel Tovar,14,SS,1,1,0,0,0,0,0,0,0,1,0,0,1
2026,,2026-04-19,824371,home,COL,LAD,681198,TJ Rumfield,7,1B,3,3,0,1,0,0,0,1,0,0,0,1,2
2026,,2026-04-19,824371,home,COL,LAD,691720,Kyle Karros,12,3B,4,3,2,2,0,0,1,1,1,0,0,5,1
2026,,2026-04-19,825018,away,CHW,ATH,671976,Tristan Peters,29,CF,0,0,0,0,0,0,0,0,0,0,0,0,0
2026,,2026-04-19,825018,away,CHW,ATH,695020,Tanner Murray,41,LF,3,3,0,0,0,0,0,0,0,1,0,0,1
2026,,2026-04-19,825018,away,CHW,ATH,682668,Luisangel Acuña,0,CF,3,3,0,0,0,0,0,0,0,1,0,0,0
2026,,2026-04-19,825018,away,CHW,ATH,808959,Munetaka Murakami,5,1B,5,5,1,1,0,0,1,2,0,2,0,4,3
2026,,2026-04-19,825018,away,CHW,ATH,805367,Chase Meidroth,10,2B,5,5,2,2,1,0,0,0,0,1,0,3,2
2026,,2026-04-19,825018,away,CHW,ATH,695657,Colson Montgomery,12,SS,4,3,1,1,0,0,1,1,1,1,0,4,3
2026,,2026-04-19,825018,away,CHW,ATH,700337,Edgar Quero,26,C,5,4,0,0,0,0,0,1,0,1,0,0,3
2026,,2026-04-19,825018,away,CHW,ATH,643217,Andrew Benintendi,23,PH,1,1,0,0,0,0,0,0,0,1,0,0,2
2026,,2026-04-19,825018,away,CHW,ATH,677592,Everson Pereira,28,DH,5,4,0,2,1,0,0,0,0,1,0,3,1
2026,,2026-04-19,825018,away,CHW,ATH,803011,Sam Antonacci,17,LF,1,1,0,1,0,0,0,0,0,0,0,1,0
2026,,2026-04-19,825018,away,CHW,ATH,656537,Derek Hill,25,RF,4,4,1,1,0,0,1,1,0,2,0,4,2
2026,,2026-04-19,825018,away,CHW,ATH,678246,Miguel Vargas,20,3B,5,3,2,2,0,0,1,2,2,0,0,5,0
2026,,2026-04-19,825018,home,ATH,CHW,671732,Lawrence Butler,4,CF,2,2,0,0,0,0,0,0,0,1,0,0,3
2026,,2026-04-19,825018,home,ATH,CHW,680869,Zack Gelof,20,2B,3,3,1,1,1,0,0,2,0,0,0,2,0
2026,,2026-04-19,825018,home,ATH,CHW,643446,Jeff McNeil,22,PH,1,0,0,0,0,0,0,0,0,0,0,0,0
2026,,2026-04-19,825018,home,ATH,CHW,666126,Carlos Cortes,26,RF,2,2,0,1,1,0,0,0,0,0,0,2,1
2026,,2026-04-19,825018,home,ATH,CHW,691777,Max Muncy,3,DH,4,4,0,0,0,0,0,0,0,1,0,0,2
2026,,2026-04-19,825018,home,ATH,CHW,672016,Denzel Clarke,1,CF,2,2,0,0,0,0,0,0,0,2,0,0,0
2026,,2026-04-19,825018,home,ATH,CHW,691016,Tyler Soderstrom,21,LF,4,4,1,1,1,0,0,0,0,2,0,2,1
2026,,2026-04-19,825018,home,ATH,CHW,687231,Darell Hernaiz,2,3B,4,2,2,1,0,0,1,1,2,0,0,4,0
2026,,2026-04-19,825018,home,ATH,CHW,701762,Nick Kurtz,16,1B,4,3,0,0,0,0,0,0,1,2,0,0,1
2026,,2026-04-19,825018,home,ATH,CHW,669127,Shea Langeliers,23,C,4,4,0,0,0,0,0,0,0,2,0,0,1
2026,,2026-04-19,825018,home,ATH,CHW,628451,Andy Ibáñez,77,2B,2,2,0,0,0,0,0,0,0,0,0,0,1
2026,,2026-04-19,825018,home,ATH,CHW,805779,Jacob Wilson,5,SS,5,5,0,1,0,0,0,0,0,1,0,1,2
2026,,2026-04-19,824047,away,SDP,LAA,669134,Luis Campusano,12,C,2,2,0,0,0,0,0,0,0,2,0,0,0
2026,,2026-04-19,824047,away,SDP,LAA,666023,Freddy Fermin,54,C,0,0,0,0,0,0,0,0,0,0,0,0,0
2026,,2026-04-19,824047,away,SDP,LAA,701538,Jackson Merrill,3,CF,4,4,0,0,0,0,0,0,0,2,0,0,1
2026,,2026-04-19,824047,away,SDP,LAA,657757,Gavin Sheets,30,1B,4,3,0,1,0,0,0,0,1,0,0,1,1
2026,,2026-04-19,824047,away,SDP,LAA,657656,Ramón Laureano,5,LF,4,4,0,0,0,0,0,0,0,3,0,0,3
2026,,2026-04-19,824047,away,SDP,LAA,592518,Manny Machado,13,3B,4,4,0,0,0,0,0,0,0,1,0,0,1
2026,,2026-04-19,824047,away,SDP,LAA,609280,Miguel Andujar,41,DH,4,4,0,0,0,0,0,0,0,0,0,0,4
2026,,2026-04-19,824047,away,SDP,LAA,665487,Fernando Tatis Jr.,23,RF,4,4,1,1,0,0,0,0,0,1,1,1,0
2026,,2026-04-19,824047,away,SDP,LAA,664034,Ty France,25,1B,0,0,0,0,0,0,0,0,0,0,0,0,0
2026,,2026-04-19,824047,away,SDP,LAA,669369,Bryce Johnson,29,RF,3,3,0,2,1,0,0,1,0,0,1,3,0
2026,,2026-04-19,824047,away,SDP,LAA,593428,Xander Bogaerts,2,SS,4,2,1,1,0,0,0,1,2,1,0,1,0
2026,,2026-04-19,824047,away,SDP,LAA,630105,Jake Cronenworth,9,2B,1,1,0,0,0,0,0,0,0,1,0,0,2
2026,,2026-04-19,824047,home,LAA,SDP,624428,Adam Frazier,20,2B,3,2,0,0,0,0,0,0,0,2,0,0,1
2026,,2026-04-19,824047,home,LAA,SDP,672724,Oswald Peraza,2,2B,2,2,1,1,1,0,0,0,0,0,0,2,0
2026,,2026-04-19,824047,home,LAA,SDP,687263,Zach Neto,9,SS,4,2,0,0,0,0,0,1,2,1,1,0,2
2026,,2026-04-19,824047,home,LAA,SDP,624585,Jorge Soler,12,DH,4,4,0,1,0,0,0,0,0,3,0,1,2
2026,,2026-04-19,824047,home,LAA,SDP,660162,Yoán Moncada,10,3B,4,3,0,0,0,0,0,0,1,1,0,0,2
2026,,2026-04-19,824047,home,LAA,SDP,518595,Travis d'Arnaud,25,C,3,1,0,0,0,0,0,0,0,1,0,0,0
2026,,2026-04-19,824047,home,LAA,SDP,545361,Mike Trout,27,CF,4,1,0,0,0,0,0,0,3,0,0,0,0
2026,,2026-04-19,824047,home,LAA,SDP,666176,Jo Adell,7,RF,4,4,0,0,0,0,0,0,0,1,0,0,4
2026,,2026-04-19,824047,home,LAA,SDP,687093,Vaughn Grissom,5,PH,1,1,0,0,0,0,0,0,0,1,0,0,0
2026,,2026-04-19,824047,home,LAA,SDP,694384,Nolan Schanuel,18,1B,4,3,0,0,0,0,0,0,1,0,0,0,5
2026,,2026-04-19,824047,home,LAA,SDP,666139,Josh Lowe,3,LF,2,2,0,0,0,0,0,0,0,0,0,0,0
2026,,2026-04-19,824047,home,LAA,SDP,669326,Bryce Teodosio,22,LF,0,0,0,0,0,0,0,0,0,0,0,0,0
2026,,2026-04-19,824047,home,LAA,SDP,681351,Logan O'Hoppe,14,C,1,1,0,0,0,0,0,0,0,1,0,0,0
2026,,2026-04-19,823150,away,TEX,SEA,694497,Evan Carter,32,CF,4,4,0,1,1,0,0,1,0,0,0,2,1
2026,,2026-04-19,823150,away,TEX,SEA,694671,Wyatt Langford,36,LF,4,4,1,1,0,0,0,0,0,1,0,1,2
2026,,2026-04-19,823150,away,TEX,SEA,669394,Jake Burger,21,1B,4,4,0,0,0,0,0,0,0,3,0,0,2
2026,,2026-04-19,823150,away,TEX,SEA,592626,Joc Pederson,3,DH,4,3,0,0,0,0,0,0,0,1,0,0,1
2026,,2026-04-19,823150,away,TEX,SEA,608369,Corey Seager,5,SS,4,3,1,0,0,0,0,0,1,2,0,0,2
2026,,2026-04-19,823150,away,TEX,SEA,673962,Josh Jung,6,3B,4,3,0,0,0,0,0,1,0,2,0,0,1
2026,,2026-04-19,823150,away,TEX,SEA,543309,Kyle Higashioka,11,C,0,0,0,0,0,0,0,0,0,0,0,0,0
2026,,2026-04-19,823150,away,TEX,SEA,607043,Brandon Nimmo,24,RF,4,4,0,2,1,0,0,0,0,0,0,3,1
2026,,2026-04-19,823150,away,TEX,SEA,669701,Josh Smith,8,2B,3,3,0,1,0,0,0,0,0,0,0,1,2
2026,,2026-04-19,823150,away,TEX,SEA,664059,Sam Haggerty,0,PH,1,1,0,0,0,0,0,0,0,1,0,0,0
2026,,2026-04-19,823150,away,TEX,SEA,643376,Danny Jansen,9,C,2,2,0,0,0,0,0,0,0,1,0,0,1
2026,,2026-04-19,823150,home,SEA,TEX,702284,Cole Young,2,2B,4,4,0,1,0,0,0,0,0,1,0,1,3
2026,,2026-04-19,823150,home,SEA,TEX,668227,Randy Arozarena,56,LF,4,4,1,2,1,0,1,2,0,1,0,6,2
2026,,2026-04-19,823150,home,SEA,TEX,641487,J.P. Crawford,3,SS,4,3,1,1,0,0,1,2,1,1,0,4,1
2026,,2026-04-19,823150,home,SEA,TEX,663728,Cal Raleigh,29,DH,4,4,0,1,0,0,0,0,0,1,0,1,0
2026,,2026-04-19,823150,home,SEA,TEX,656582,Connor Joe,9,1B,4,3,0,1,0,0,0,0,1,1,1,1,1
2026,,2026-04-19,823150,home,SEA,TEX,608701,Rob Refsnyder,30,RF,4,4,1,1,0,0,1,1,0,0,0,4,1
2026,,2026-04-19,823150,home,SEA,TEX,641598,Mitch Garver,18,C,4,3,1,0,0,0,0,0,1,1,0,0,1
2026,,2026-04-19,823150,home,SEA,TEX,660844,Leo Rivas,76,3B,4,3,0,0,0,0,0,0,0,1,0,0,2
2026,,2026-04-19,823150,home,SEA,TEX,677594,Julio Rodríguez,44,CF,4,3,1,1,0,0,0,0,1,0,0,1,0
2026,,2026-04-19,823150,home,SEA,TEX,670042,Luke Raley,20,RF,1,1,0,0,0,0,0,0,0,0,0,0,3
2026,,2026-04-19,825100,away,TOR,ARI,676391,Ernie Clement,22,2B,5,5,1,2,2,0,0,0,0,0,0,4,2
2026,,2026-04-19,825100,away,TOR,ARI,665926,Andrés Giménez,0,SS,5,4,1,1,0,0,0,1,0,0,0,1,1
2026,,2026-04-19,825100,away,TOR,ARI,678218,Brandon Valenzuela,59,C,4,4,0,1,0,0,0,0,0,2,0,1,3
2026,,2026-04-19,825100,away,TOR,ARI,664770,Nathan Lukes,38,RF,5,5,1,3,2,0,0,3,0,0,0,5,1
2026,,2026-04-19,825100,away,TOR,ARI,665489,Vladimir Guerrero Jr.,27,1B,5,5,2,3,1,0,0,2,0,1,0,4,2
2026,,2026-04-19,825100,away,TOR,ARI,660821,Jesús Sánchez,12,LF,5,4,1,1,0,0,0,0,1,0,0,1,1
2026,,2026-04-19,825100,away,TOR,ARI,650391,Eloy Jiménez,74,DH,5,4,1,1,0,0,0,1,1,1,0,1,2
2026,,2026-04-19,825100,away,TOR,ARI,664702,Myles Straw,3,CF,4,3,1,0,0,0,0,0,1,1,0,0,2
2026,,2026-04-19,825100,away,TOR,ARI,672960,Kazuma Okamoto,7,3B,5,4,2,2,1,0,1,3,1,2,0,6,0
2026,,2026-04-19,825100,home,ARI,TOR,694374,Tim Tawa,13,LF,1,1,0,1,0,0,0,0,0,0,0,1,0
2026,,2026-04-19,825100,home,ARI,TOR,680728,Adrian Del Castillo,25,DH,4,3,1,2,1,0,0,1,1,0,0,3,0
2026,,2026-04-19,825100,home,ARI,TOR,571448,Nolan Arenado,28,3B,3,3,0,0,0,0,0,0,0,1,0,0,4
2026,,2026-04-19,825100,home,ARI,TOR,606466,Ketel Marte,4,2B,4,4,1,1,0,0,0,0,0,0,0,1,1
2026,,2026-04-19,825100,home,ARI,TOR,545121,Ildemaro Vargas,6,3B,4,4,0,1,0,0,0,0,0,1,0,1,2
2026,,2026-04-19,825100,home,ARI,TOR,699912,Jose Fernandez,11,SS,4,4,0,1,0,0,0,0,0,1,0,1,0
2026,,2026-04-19,825100,home,ARI,TOR,682998,Corbin Carroll,7,RF,2,2,0,0,0,0,0,0,0,1,0,0,0
2026,,2026-04-19,825100,home,ARI,TOR,666971,Lourdes Gurriel Jr.,12,LF,4,4,1,1,0,0,0,0,0,0,0,1,1
2026,,2026-04-19,825100,home,ARI,TOR,605244,Aramis Garcia,35,C,0,0,0,0,0,0,0,0,0,0,0,0,0
2026,,2026-04-19,825100,home,ARI,TOR,543510,James McCann,8,1B,4,4,0,1,0,0,0,1,0,1,0,1,1
2026,,2026-04-19,825100,home,ARI,TOR,678489,Jorge Barrosa,1,RF,2,2,1,1,0,0,1,2,0,0,0,4,1
2026,,2026-04-19,825100,home,ARI,TOR,677950,Alek Thomas,5,CF,4,4,0,1,1,0,0,0,0,0,0,2,2
2026,,2026-04-19,824777,away,DET,BOS,701678,Hao-Yu  Lee,50,3B,4,4,0,0,0,0,0,0,0,2,0,0,1
2026,,2026-04-19,824777,away,DET,BOS,663330,Jahmai Jones,18,DH,3,3,1,1,0,0,1,1,0,0,0,4,0
2026,,2026-04-19,824777,away,DET,BOS,595879,Javier Báez,28,SS,4,4,1,2,0,0,0,0,0,1,0,2,1
2026,,2026-04-19,824777,away,DET,BOS,682985,Riley Greene,31,LF,4,4,0,1,0,0,0,0,0,2,0,1,2
2026,,2026-04-19,824777,away,DET,BOS,681481,Kerry Carpenter,30,DH,2,1,0,1,0,0,0,0,1,0,0,1,0
2026,,2026-04-19,824777,away,DET,BOS,679529,Spencer Torkelson,20,1B,4,3,0,0,0,0,0,0,1,1,0,0,1
2026,,2026-04-19,824777,away,DET,BOS,650402,Gleyber Torres,25,2B,5,4,1,1,0,0,0,1,1,1,0,1,2
2026,,2026-04-19,824777,away,DET,BOS,663837,Matt Vierling,8,CF,5,5,2,2,1,0,0,0,0,0,0,3,2
2026,,2026-04-19,824777,away,DET,BOS,693307,Dillon Dingler,13,C,5,5,1,4,1,0,1,4,0,0,0,8,0
2026,,2026-04-19,824777,away,DET,BOS,672761,Wenceel Pérez,46,RF,4,4,0,0,0,0,0,0,0,1,0,0,2
2026,,2026-04-19,824777,home,BOS,DET,701350,Roman Anthony,19,LF,4,3,0,0,0,0,0,0,1,1,0,0,0
2026,,2026-04-19,824777,home,BOS,DET,575929,Willson Contreras,40,DH,4,4,1,1,0,0,1,1,0,1,0,4,0
2026,,2026-04-19,824777,home,BOS,DET,596115,Trevor Story,10,SS,4,3,0,1,0,0,0,0,1,2,1,1,0
2026,,2026-04-19,824777,home,BOS,DET,677800,Wilyer Abreu,52,RF,4,3,1,1,0,0,0,0,1,0,0,1,1
2026,,2026-04-19,824777,home,BOS,DET,655316,Andruw Monasterio,32,1B,4,4,0,0,0,0,0,0,0,2,0,0,1
2026,,2026-04-19,824777,home,BOS,DET,643396,Isiah Kiner-Falefa,2,2B,2,2,0,0,0,0,0,0,0,1,0,0,0
2026,,2026-04-19,824777,home,BOS,DET,702332,Caleb Durbin,5,3B,4,4,0,1,1,0,0,1,0,0,0,2,1
2026,,2026-04-19,824777,home,BOS,DET,665966,Carlos Narváez,75,C,3,3,0,1,1,0,0,0,0,0,0,2,0
2026,,2026-04-19,824777,home,BOS,DET,678882,Ceddanne Rafaela,3,CF,4,4,0,1,1,0,0,0,0,3,0,2,3
2026,,2026-04-19,824777,home,BOS,DET,807799,Masataka Yoshida,7,PH,1,1,0,0,0,0,0,0,0,0,0,0,1
2026,,2026-04-19,824777,home,BOS,DET,691785,Marcelo Mayer,11,2B,1,1,0,0,0,0,0,0,0,0,0,0,1
2026,,2026-04-19,823475,away,ATL,PHI,671739,Michael Harris II,23,CF,4,3,2,3,0,0,1,1,1,0,0,6,0
2026,,2026-04-19,823475,away,ATL,PHI,643289,Mauricio Dubón,14,SS,4,4,0,0,0,0,0,0,0,2,0,0,4
2026,,2026-04-19,823475,away,ATL,PHI,686948,Drake Baldwin,30,C,5,4,0,0,0,0,0,0,1,1,0,0,2
2026,,2026-04-19,823475,away,ATL,PHI,621566,Matt Olson,28,1B,5,5,1,0,0,0,0,1,0,2,0,0,4
2026,,2026-04-19,823475,away,ATL,PHI,642086,Dominic Smith,8,DH,4,4,0,1,0,0,0,0,0,1,0,1,4
2026,,2026-04-19,823475,away,ATL,PHI,660670,Ronald Acuña Jr.,13,RF,5,4,1,1,0,0,0,0,1,1,0,1,1
2026,,2026-04-19,823475,away,ATL,PHI,642201,Eli White,36,LF,1,1,0,0,0,0,0,0,0,0,0,0,0
2026,,2026-04-19,823475,away,ATL,PHI,645277,Ozzie Albies,1,2B,4,3,0,1,1,0,0,1,1,1,0,2,1
2026,,2026-04-19,823475,away,ATL,PHI,663586,Austin Riley,27,3B,5,4,0,1,0,0,0,1,0,0,0,1,0
2026,,2026-04-19,823475,away,ATL,PHI,573262,Mike Yastrzemski,18,LF,3,3,0,1,1,0,0,0,0,1,0,2,3
2026,,2026-04-19,823475,home,PHI,ATL,669016,Brandon Marsh,16,LF,4,4,0,0,0,0,0,0,0,1,0,0,2
2026,,2026-04-19,823475,home,PHI,ATL,702222,Justin Crawford,2,CF,4,3,0,1,0,0,0,0,1,0,0,1,0
2026,,2026-04-19,823475,home,PHI,ATL,547180,Bryce Harper,3,1B,4,3,0,1,0,0,0,0,1,0,0,1,3
2026,,2026-04-19,823475,home,PHI,ATL,664761,Alec Bohm,28,3B,4,3,0,0,0,0,0,0,0,0,0,0,1
2026,,2026-04-19,823475,home,PHI,ATL,681082,Bryson Stott,5,2B,4,4,0,1,1,0,0,0,0,0,0,2,2
2026,,2026-04-19,823475,home,PHI,ATL,656941,Kyle Schwarber,12,DH,5,4,1,2,1,0,1,2,1,0,0,6,2
2026,,2026-04-19,823475,home,PHI,ATL,665561,Rafael Marchán,13,C,4,4,0,0,0,0,0,0,0,2,0,0,3
2026,,2026-04-19,823475,home,PHI,ATL,666969,Adolis García,53,RF,4,3,0,0,0,0,0,0,1,3,0,0,2
2026,,2026-04-19,823475,home,PHI,ATL,607208,Trea Turner,7,SS,5,5,1,1,0,0,0,0,0,1,0,1,3
2026,,2026-04-20,824776,away,DET,BOS,701678,Hao-Yu  Lee,50,3B,4,4,1,2,1,0,0,1,0,1,0,3,3
2026,,2026-04-20,824776,away,DET,BOS,663330,Jahmai Jones,18,PH,1,1,0,1,0,0,0,1,0,0,0,1,0
2026,,2026-04-20,824776,away,DET,BOS,682985,Riley Greene,31,LF,5,3,1,2,1,0,0,2,2,0,0,3,0
2026,,2026-04-20,824776,away,DET,BOS,805808,Kevin McGonigle,7,SS,5,5,1,2,1,0,0,0,0,1,0,3,1
2026,,2026-04-20,824776,away,DET,BOS,681481,Kerry Carpenter,30,RF,2,1,0,0,0,0,0,0,0,1,0,0,0
2026,,2026-04-20,824776,away,DET,BOS,679529,Spencer Torkelson,20,PH,1,1,0,0,0,0,0,0,0,1,0,0,2
2026,,2026-04-20,824776,away,DET,BOS,668670,Jake Rogers,34,C,4,4,0,1,0,0,0,1,0,1,1,1,5
2026,,2026-04-20,824776,away,DET,BOS,650402,Gleyber Torres,25,2B,5,4,1,1,0,0,0,1,1,0,0,1,1
2026,,2026-04-20,824776,away,DET,BOS,663837,Matt Vierling,8,CF,4,4,1,1,1,0,0,0,0,2,0,2,5
2026,,2026-04-20,824776,away,DET,BOS,693307,Dillon Dingler,13,DH,5,4,1,0,0,0,0,0,1,0,0,0,3
2026,,2026-04-20,824776,away,DET,BOS,690993,Colt Keith,33,1B,4,4,0,0,0,0,0,0,0,0,0,0,2
2026,,2026-04-20,824776,away,DET,BOS,672761,Wenceel Pérez,46,RF,1,1,0,0,0,0,0,0,0,0,0,0,1
2026,,2026-04-20,824776,home,BOS,DET,701350,Roman Anthony,19,LF,5,2,0,1,0,0,0,1,3,1,1,1,0
2026,,2026-04-20,824776,home,BOS,DET,575929,Willson Contreras,40,1B,5,5,0,1,0,0,0,0,0,1,0,1,8
2026,,2026-04-20,824776,home,BOS,DET,596115,Trevor Story,10,SS,5,4,2,1,1,0,0,0,1,2,0,2,2
2026,,2026-04-20,824776,home,BOS,DET,677800,Wilyer Abreu,52,RF,5,4,0,0,0,0,0,1,1,1,0,0,4
2026,,2026-04-20,824776,home,BOS,DET,643396,Isiah Kiner-Falefa,2,2B,2,2,0,1,0,0,0,2,0,1,1,1,2
2026,,2026-04-20,824776,home,BOS,DET,702332,Caleb Durbin,5,3B,5,4,1,2,1,0,0,0,1,0,0,3,1
2026,,2026-04-20,824776,home,BOS,DET,665966,Carlos Narváez,75,C,4,3,1,2,1,0,0,1,1,0,1,3,1
2026,,2026-04-20,824776,home,BOS,DET,680776,Jarren Duran,16,CF,3,3,0,0,0,0,0,0,0,1,0,0,0
2026,,2026-04-20,824776,home,BOS,DET,678882,Ceddanne Rafaela,3,CF,2,2,1,1,0,0,0,2,0,0,0,1,1
2026,,2026-04-20,824776,home,BOS,DET,807799,Masataka Yoshida,7,DH,5,4,2,2,0,0,0,0,1,0,0,2,5
2026,,2026-04-20,824776,home,BOS,DET,691785,Marcelo Mayer,11,2B,3,3,1,1,0,0,0,0,0,0,0,1,1
2026,,2026-04-20,824450,away,HOU,CLE,670623,Isaac Paredes,15,3B,5,5,2,3,0,0,2,2,0,0,0,9,2
2026,,2026-04-20,824450,away,HOU,CLE,701358,Cam Smith,11,RF,3,2,1,0,0,0,0,1,0,1,1,0,2
2026,,2026-04-20,824450,away,HOU,CLE,687957,Dustin Harris,37,LF,4,3,1,0,0,0,0,0,1,0,0,0,2
2026,,2026-04-20,824450,away,HOU,CLE,694728,Brice Matthews,0,CF,4,3,1,1,1,0,0,1,1,0,1,2,2
2026,,2026-04-20,824450,away,HOU,CLE,514888,Jose Altuve,27,2B,5,5,0,0,0,0,0,0,0,0,0,0,5
2026,,2026-04-20,824450,away,HOU,CLE,666211,Taylor Trammell,26,CF,2,1,0,1,0,0,0,0,1,0,0,1,0
2026,,2026-04-20,824450,away,HOU,CLE,621043,Carlos Correa,1,SS,5,5,1,3,0,0,0,2,0,2,0,3,0
2026,,2026-04-20,824450,away,HOU,CLE,572233,Christian Walker,8,1B,5,5,3,3,1,0,1,2,0,1,0,7,0
2026,,2026-04-20,824450,away,HOU,CLE,673237,Yainer Diaz,21,C,5,4,0,1,0,0,0,1,0,0,0,1,2
2026,,2026-04-20,824450,away,HOU,CLE,670541,Yordan Alvarez,44,DH,5,5,0,1,0,0,0,0,0,0,0,1,4
2026,,2026-04-20,824450,home,CLE,HOU,671655,George Valera,7,LF,4,3,0,1,0,0,0,1,1,0,0,1,3
2026,,2026-04-20,824450,home,CLE,HOU,800050,Chase DeLauter,24,RF,5,4,0,0,0,0,0,0,1,0,0,0,5
2026,,2026-04-20,824450,home,CLE,HOU,677587,Brayan Rocchio,4,SS,4,3,0,3,1,0,0,0,1,0,1,4,0
2026,,2026-04-20,824450,home,CLE,HOU,666310,Bo Naylor,23,C,4,4,0,0,0,0,0,0,0,1,0,0,1
2026,,2026-04-20,824450,home,CLE,HOU,608070,José Ramírez,11,3B,5,4,2,1,1,0,0,0,1,1,0,2,2
2026,,2026-04-20,824450,home,CLE,HOU,680757,Steven Kwan,38,CF,5,4,0,0,0,0,0,0,1,0,0,0,4
2026,,2026-04-20,824450,home,CLE,HOU,682877,Juan Brito,34,2B,4,3,0,0,0,0,0,0,0,0,0,0,2
2026,,2026-04-20,824450,home,CLE,HOU,700932,Kyle Manzardo,9,1B,5,5,0,1,0,0,0,0,0,3,0,1,1
2026,,2026-04-20,824450,home,CLE,HOU,656555,Rhys Hoskins,8,DH,5,4,0,2,0,0,0,1,1,1,0,2,1
2026,,2026-04-20,822994,away,CIN,TBR,682829,Elly De La Cruz,44,SS,4,4,0,1,0,0,0,1,0,0,0,1,1
2026,,2026-04-20,822994,away,CIN,TBR,667472,Dane Myers,17,CF,0,0,0,0,0,0,0,0,0,0,0,0,0
2026,,2026-04-20,822994,away,CIN,TBR,701398,Sal Stewart,27,1B,4,4,2,2,1,0,1,2,0,1,1,6,2
2026,,2026-04-20,822994,away,CIN,TBR,680574,Matt McLain,9,2B,5,5,1,2,1,0,0,0,0,2,0,3,0
2026,,2026-04-20,822994,away,CIN,TBR,663647,Ke'Bryan Hayes,3,3B,4,4,0,1,0,0,0,0,0,1,0,1,1
2026,,2026-04-20,822994,away,CIN,TBR,670770,TJ Friedl,29,LF,5,5,1,1,1,0,0,0,0,0,0,2,2
2026,,2026-04-20,822994,away,CIN,TBR,668715,Spencer Steer,7,LF,4,3,1,1,1,0,0,0,0,1,0,2,0
2026,,2026-04-20,822994,away,CIN,TBR,663886,Tyler Stephenson,37,C,4,4,0,0,0,0,0,0,0,0,0,0,3
2026,,2026-04-20,822994,away,CIN,TBR,553993,Eugenio Suárez,28,DH,4,4,1,1,0,0,0,0,0,2,0,1,2
2026,,2026-04-20,822994,away,CIN,TBR,677956,Rece Hinds,57,RF,4,4,0,1,1,0,0,2,0,1,0,2,1
2026,,2026-04-20,822994,home,TBR,CIN,670764,Taylor Walls,6,SS,4,3,0,0,0,0,0,0,1,1,0,0,0
2026,,2026-04-20,822994,home,TBR,CIN,680700,Richie Palacios,1,2B,4,4,0,1,0,0,0,0,0,0,0,1,1
2026,,2026-04-20,822994,home,TBR,CIN,641584,Jake Fraley,17,RF,4,3,0,1,1,0,0,0,1,1,0,2,3
2026,,2026-04-20,822994,home,TBR,CIN,802415,Chandler Simpson,14,LF,5,5,1,2,0,0,0,0,0,0,0,2,3
2026,,2026-04-20,822994,home,TBR,CIN,666018,Jonathan Aranda,8,1B,4,2,0,1,0,0,0,0,2,0,0,1,1
2026,,2026-04-20,822994,home,TBR,CIN,663743,Nick Fortes,40,C,4,4,0,0,0,0,0,0,0,2,0,0,5
2026,,2026-04-20,822994,home,TBR,CIN,650490,Yandy Díaz,2,DH,4,3,0,0,0,0,0,1,1,0,0,0,2
2026,,2026-04-20,822994,home,TBR,CIN,691406,Junior Caminero,13,3B,4,4,0,1,0,0,0,0,0,0,0,1,1
2026,,2026-04-20,822994,home,TBR,CIN,656775,Cedric Mullins,31,CF,4,4,0,0,0,0,0,0,0,1,0,0,5
2026,,2026-04-20,823879,away,STL,MIA,669357,Nolan Gorman,16,DH,4,3,0,0,0,0,0,0,1,1,0,0,3
2026,,2026-04-20,823879,away,STL,MIA,691023,Jordan Walker,18,RF,4,3,2,1,0,0,0,0,1,2,1,1,2
2026,,2026-04-20,823879,away,STL,MIA,687363,Victor Scott II,11,CF,2,2,0,0,0,0,0,0,0,1,0,0,0
2026,,2026-04-20,823879,away,STL,MIA,665877,José Fermín,15,CF,2,2,0,0,0,0,0,0,0,1,0,0,0
2026,,2026-04-20,823879,away,STL,MIA,802139,JJ Wetherholt,26,2B,4,3,0,0,0,0,0,0,0,2,0,0,0
2026,,2026-04-20,823879,away,STL,MIA,676475,Alec Burleson,41,1B,4,4,0,0,0,0,0,0,0,1,0,0,3
2026,,2026-04-20,823879,away,STL,MIA,695336,Thomas Saggese,25,LF,4,4,0,0,0,0,0,0,0,2,0,0,3
2026,,2026-04-20,823879,away,STL,MIA,602104,Ramón Urías,29,3B,4,3,0,1,0,0,0,1,0,2,0,1,1
2026,,2026-04-20,823879,away,STL,MIA,691026,Masyn Winn,0,SS,4,3,1,2,0,1,0,1,0,1,1,4,0
2026,,2026-04-20,823879,away,STL,MIA,671056,Iván Herrera,48,C,4,3,0,1,0,0,0,0,0,0,0,1,0
2026,,2026-04-20,823879,home,MIA,STL,805300,Jakob Marsee,87,CF,4,3,0,0,0,0,0,0,1,1,0,0,0
2026,,2026-04-20,823879,home,MIA,STL,669364,Xavier Edwards,9,2B,4,2,0,1,1,0,0,1,2,0,0,2,0
2026,,2026-04-20,823879,home,MIA,STL,688363,Graham Pauley,21,3B,3,3,0,0,0,0,0,0,0,0,0,0,0
2026,,2026-04-20,823879,home,MIA,STL,669065,Kyle Stowers,28,LF,4,3,2,1,0,0,0,0,1,0,0,1,2
2026,,2026-04-20,823879,home,MIA,STL,689414,Liam Hicks,34,DH,4,4,0,2,0,0,0,2,0,0,0,2,1
2026,,2026-04-20,823879,home,MIA,STL,683357,Owen Caissie,17,RF,4,4,0,0,0,0,0,0,0,1,0,0,1
2026,,2026-04-20,823879,home,MIA,STL,682663,Agustín Ramírez,50,C,4,4,1,1,0,0,1,1,0,1,0,4,2
2026,,2026-04-20,823879,home,MIA,STL,681393,Connor Norby,1,1B,3,2,0,0,0,0,0,0,1,1,0,0,0
2026,,2026-04-20,823879,home,MIA,STL,672640,Otto Lopez,6,SS,4,3,2,1,1,0,0,1,1,0,1,2,1
2026,,2026-04-20,822749,away,ATL,WSN,671739,Michael Harris II,23,CF,4,4,0,1,0,0,0,1,0,0,0,1,0
2026,,2026-04-20,822749,away,ATL,WSN,622761,Jorge Mateo,2,SS,4,3,1,0,0,0,0,0,1,1,0,0,2
2026,,2026-04-20,822749,away,ATL,WSN,686948,Drake Baldwin,30,C,5,4,2,2,1,0,0,2,1,0,0,3,0
2026,,2026-04-20,822749,away,ATL,WSN,621566,Matt Olson,28,1B,5,4,1,1,0,0,1,3,0,0,0,4,1
2026,,2026-04-20,822749,away,ATL,WSN,642086,Dominic Smith,8,DH,4,4,0,1,0,0,0,1,0,0,0,1,1
2026,,2026-04-20,822749,away,ATL,WSN,660670,Ronald Acuña Jr.,13,RF,3,1,1,0,0,0,0,0,0,1,0,0,0
2026,,2026-04-20,822749,away,ATL,WSN,642201,Eli White,36,RF,2,2,0,1,0,0,0,1,0,1,0,1,0
2026,,2026-04-20,822749,away,ATL,WSN,645277,Ozzie Albies,1,2B,4,4,1,1,0,0,0,1,0,0,0,1,0
2026,,2026-04-20,822749,away,ATL,WSN,663586,Austin Riley,27,3B,5,4,1,0,0,0,0,0,1,2,0,0,2
2026,,2026-04-20,822749,away,ATL,WSN,573262,Mike Yastrzemski,18,LF,4,4,2,0,0,0,0,0,0,1,0,0,3
2026,,2026-04-20,822749,home,WSN,ATL,691781,Brady House,12,3B,4,4,1,1,0,0,0,0,0,2,0,1,0
2026,,2026-04-20,822749,home,WSN,ATL,682928,CJ Abrams,5,SS,4,2,2,0,0,0,0,0,1,1,1,0,0
2026,,2026-04-20,822749,home,WSN,ATL,683083,Nasim Nuñez,26,2B,3,3,0,0,0,0,0,0,0,0,0,0,0
2026,,2026-04-20,822749,home,WSN,ATL,686452,Drew Millas,14,C,3,3,0,0,0,0,0,0,0,2,0,0,0
2026,,2026-04-20,822749,home,WSN,ATL,695734,Daylen Lile,4,LF,4,3,1,1,0,0,1,1,1,0,0,4,1
2026,,2026-04-20,822749,home,WSN,ATL,677588,José Tena,8,DH,4,4,0,0,0,0,0,0,0,1,0,0,3
2026,,2026-04-20,822749,home,WSN,ATL,695578,James Wood,29,RF,4,4,0,0,0,0,0,0,0,1,0,0,0
2026,,2026-04-20,822749,home,WSN,ATL,696285,Jacob Young,30,CF,4,4,0,1,0,0,0,2,0,1,0,1,0
2026,,2026-04-20,822749,home,WSN,ATL,671277,Luis García Jr.,2,1B,4,4,0,0,0,0,0,0,0,1,0,0,0
2026,,2026-04-20,824125,away,BAL,KCR,669236,Jeremiah Jackson,82,2B,5,5,1,1,0,0,0,0,0,0,0,1,5
2026,,2026-04-20,824125,away,BAL,KCR,694212,Samuel Basallo,29,C,5,3,1,2,0,0,0,2,2,0,0,2,0
2026,,2026-04-20,824125,away,BAL,KCR,624413,Pete Alonso,25,1B,5,4,0,0,0,0,0,0,1,2,0,0,3
2026,,2026-04-20,824125,away,BAL,KCR,642215,Weston Wilson,32,3B,3,2,1,0,0,0,0,0,1,2,0,0,1
2026,,2026-04-20,824125,away,BAL,KCR,683002,Gunnar Henderson,2,SS,6,4,0,0,0,0,0,0,2,3,0,0,1
2026,,2026-04-20,824125,away,BAL,KCR,665750,Leody Taveras,30,CF,5,5,1,1,0,0,1,4,0,1,0,4,1
2026,,2026-04-20,824125,away,BAL,KCR,621493,Taylor Ward,3,LF,6,4,0,1,1,0,0,0,2,0,0,2,1
2026,,2026-04-20,824125,away,BAL,KCR,687637,Dylan Beavers,12,DH,5,5,1,1,0,0,0,1,0,1,0,1,3
2026,,2026-04-20,824125,away,BAL,KCR,681297,Colton Cowser,17,RF,2,2,0,0,0,0,0,0,0,2,0,0,0
2026,,2026-04-20,824125,away,BAL,KCR,691723,Coby Mayo,16,1B,0,0,1,0,0,0,0,0,0,0,0,0,0
2026,,2026-04-20,824125,away,BAL,KCR,677942,Blaze Alexander,23,RF,5,5,1,0,0,0,0,0,0,3,0,0,1
2026,,2026-04-20,824125,home,KCR,BAL,695600,Carter Jensen,22,C,5,4,0,1,0,0,0,0,0,1,0,1,3
2026,,2026-04-20,824125,home,KCR,BAL,686555,Isaac Collins,1,LF,6,6,1,2,0,0,0,0,0,2,0,2,7
2026,,2026-04-20,824125,home,KCR,BAL,521692,Salvador Perez,13,DH,6,6,1,3,0,0,0,0,0,1,0,3,0
2026,,2026-04-20,824125,home,KCR,BAL,679845,Nick Loftin,12,2B,3,2,0,2,1,0,0,3,1,0,0,3,0
2026,,2026-04-20,824125,home,KCR,BAL,686681,Michael Massey,19,2B,3,3,0,0,0,0,0,0,0,1,0,0,3
2026,,2026-04-20,824125,home,KCR,BAL,686469,Vinnie Pasquantino,9,1B,6,4,1,0,0,0,0,0,2,1,0,0,5
2026,,2026-04-20,824125,home,KCR,BAL,664728,Kyle Isbel,28,CF,6,5,0,0,0,0,0,0,0,4,0,0,4
2026,,2026-04-20,824125,home,KCR,BAL,553869,Elias Díaz,43,C,1,1,0,0,0,0,0,0,0,0,0,0,1
2026,,2026-04-20,824125,home,KCR,BAL,672580,Maikel Garcia,11,3B,6,6,0,3,0,0,0,0,0,1,0,3,3
2026,,2026-04-20,824125,home,KCR,BAL,657041,Lane Thomas,15,RF,1,0,1,0,0,0,0,0,1,0,0,0,0
2026,,2026-04-20,824125,home,KCR,BAL,695506,Jac Caglianone,14,RF,5,4,1,1,0,0,1,1,1,1,0,4,7
2026,,2026-04-20,824125,home,KCR,BAL,677951,Bobby Witt Jr.,7,SS,6,5,0,2,0,0,0,1,1,1,0,2,3
2026,,2026-04-20,824692,away,PHI,CHC,669016,Brandon Marsh,16,LF,4,4,0,1,0,0,0,0,0,0,0,1,2
2026,,2026-04-20,824692,away,PHI,CHC,702222,Justin Crawford,2,CF,4,2,0,1,1,0,0,1,2,0,0,2,0
2026,,2026-04-20,824692,away,PHI,CHC,547180,Bryce Harper,3,1B,4,3,0,1,0,0,0,0,1,0,0,1,1
2026,,2026-04-20,824692,away,PHI,CHC,664761,Alec Bohm,28,3B,4,3,0,0,0,0,0,0,1,1,0,0,2
2026,,2026-04-20,824692,away,PHI,CHC,681082,Bryson Stott,5,2B,4,4,1,1,0,0,0,0,0,0,1,1,3
2026,,2026-04-20,824692,away,PHI,CHC,656941,Kyle Schwarber,12,DH,5,5,0,0,0,0,0,0,0,2,0,0,3
2026,,2026-04-20,824692,away,PHI,CHC,665561,Rafael Marchán,13,C,4,4,0,1,0,0,0,0,0,1,0,1,5
2026,,2026-04-20,824692,away,PHI,CHC,666969,Adolis García,53,RF,4,4,0,1,0,0,0,0,0,1,0,1,3
2026,,2026-04-20,824692,away,PHI,CHC,607208,Trea Turner,7,SS,5,4,0,0,0,0,0,0,1,0,0,0,2
2026,,2026-04-20,824692,home,CHC,PHI,624424,Michael Conforto,20,RF,2,0,0,0,0,0,0,1,1,0,0,0,0
2026,,2026-04-20,824692,home,CHC,PHI,664023,Ian Happ,8,LF,4,3,1,1,0,0,0,0,1,2,0,1,3
2026,,2026-04-20,824692,home,CHC,PHI,608324,Alex Bregman,3,3B,4,4,0,2,2,0,0,0,0,1,0,4,1
2026,,2026-04-20,824692,home,CHC,PHI,683737,Michael Busch,29,1B,4,4,1,1,0,0,0,0,0,1,0,1,1
2026,,2026-04-20,824692,home,CHC,PHI,691718,Pete Crow-Armstrong,4,CF,4,3,1,0,0,0,0,0,1,0,0,0,2
2026,,2026-04-20,824692,home,CHC,PHI,665804,Miguel Amaya,9,C,4,4,0,0,0,0,0,0,0,2,0,0,6
2026,,2026-04-20,824692,home,CHC,PHI,694208,Moisés Ballesteros,25,DH,2,1,1,1,0,0,0,0,1,0,0,1,0
2026,,2026-04-20,824692,home,CHC,PHI,673548,Seiya Suzuki,27,DH,2,1,0,0,0,0,0,0,1,1,0,0,2
2026,,2026-04-20,824692,home,CHC,PHI,621020,Dansby Swanson,7,SS,4,4,1,1,0,0,1,3,0,1,0,4,2
2026,,2026-04-20,824692,home,CHC,PHI,663538,Nico Hoerner,2,2B,4,4,0,1,0,0,0,0,0,2,0,1,0
2026,,2026-04-20,824692,home,CHC,PHI,807713,Matt Shaw,6,RF,2,2,0,1,0,0,0,0,0,0,0,1,2
2026,,2026-04-20,824370,away,LAD,COL,669257,Will Smith,16,C,5,5,0,0,0,0,0,0,0,1,0,0,6
2026,,2026-04-20,824370,away,LAD,COL,687221,Dalton Rushing,68,1B,5,5,2,2,0,0,2,3,0,2,0,8,5
2026,,2026-04-20,824370,away,LAD,COL,669899,Ryan Ward,67,PH,1,1,0,0,0,0,0,0,0,1,0,0,0
2026,,2026-04-20,824370,away,LAD,COL,571970,Max Muncy,13,3B,5,4,4,4,0,0,2,2,1,0,0,10,0
2026,,2026-04-20,824370,away,LAD,COL,808975,Hyeseong Kim,6,SS,0,0,0,0,0,0,0,0,0,0,0,0,0
2026,,2026-04-20,824370,away,LAD,COL,669289,Santiago Espinal,21,2B,5,4,1,2,0,0,0,0,0,0,0,2,2
2026,,2026-04-20,824370,away,LAD,COL,660271,Shohei Ohtani,17,DH,6,4,2,1,0,0,0,0,2,1,1,1,2
2026,,2026-04-20,824370,away,LAD,COL,606192,Teoscar Hernández,37,LF,5,5,0,1,0,0,0,1,0,1,0,1,2
2026,,2026-04-20,824370,away,LAD,COL,681624,Andy Pages,44,CF,5,5,1,1,0,0,0,0,0,0,1,1,1
2026,,2026-04-20,824370,away,LAD,COL,669743,Alex Call,12,RF,6,5,1,1,0,0,0,1,1,1,0,1,4
2026,,2026-04-20,824370,away,LAD,COL,500743,Miguel Rojas,72,SS,4,3,1,3,0,0,1,2,0,0,0,6,0
2026,,2026-04-20,824370,home,COL,LAD,687859,Troy Johnston,20,RF,4,4,0,1,0,0,0,0,0,1,0,1,0
2026,,2026-04-20,824370,home,COL,LAD,650489,Willi Castro,3,2B,4,4,0,2,0,0,0,0,0,1,0,2,1
2026,,2026-04-20,824370,home,COL,LAD,671289,Tyler Freeman,2,RF,0,0,0,0,0,0,0,0,0,0,0,0,0
2026,,2026-04-20,824370,home,COL,LAD,696100,Hunter Goodman,15,DH,5,5,0,0,0,0,0,0,0,1,0,0,4
2026,,2026-04-20,824370,home,COL,LAD,687597,Jordan Beck,27,LF,5,4,1,3,1,0,0,1,0,0,0,4,2
2026,,2026-04-20,824370,home,COL,LAD,664954,Brett Sullivan,26,C,4,4,0,2,0,0,0,0,0,0,0,2,2
2026,,2026-04-20,824370,home,COL,LAD,686668,Brenton Doyle,9,CF,5,5,0,1,1,0,0,1,0,0,0,2,5
2026,,2026-04-20,824370,home,COL,LAD,678662,Ezequiel Tovar,14,SS,4,4,0,0,0,0,0,0,0,2,0,0,1
2026,,2026-04-20,824370,home,COL,LAD,681198,TJ Rumfield,7,1B,4,4,1,1,0,0,1,1,0,0,0,4,1
2026,,2026-04-20,824370,home,COL,LAD,691720,Kyle Karros,12,3B,4,3,1,1,1,0,0,0,1,0,0,2,2
2026,,2026-04-20,824046,away,TOR,LAA,672820,Lenyn Sosa,50,2B,3,2,0,0,0,0,0,1,0,1,0,0,3
2026,,2026-04-20,824046,away,TOR,LAA,676391,Ernie Clement,22,2B,5,5,0,1,0,0,0,0,0,0,0,1,2
2026,,2026-04-20,824046,away,TOR,LAA,662139,Daulton Varsho,5,CF,4,3,0,0,0,0,0,0,0,1,0,0,2
2026,,2026-04-20,824046,away,TOR,LAA,665926,Andrés Giménez,0,SS,1,1,0,0,0,0,0,0,0,0,0,0,1
2026,,2026-04-20,824046,away,TOR,LAA,676914,Davis Schneider,36,LF,3,2,1,0,0,0,0,0,1,1,0,0,0
2026,,2026-04-20,824046,away,TOR,LAA,664770,Nathan Lukes,38,RF,2,2,0,1,0,0,0,2,0,0,0,1,0
2026,,2026-04-20,824046,away,TOR,LAA,623168,Tyler Heineman,55,C,4,2,0,0,0,0,0,0,0,1,0,0,1
2026,,2026-04-20,824046,away,TOR,LAA,665489,Vladimir Guerrero Jr.,27,1B,4,4,2,3,0,0,1,2,0,1,0,6,1
2026,,2026-04-20,824046,away,TOR,LAA,660821,Jesús Sánchez,12,DH,1,1,0,0,0,0,0,0,0,0,0,0,0
2026,,2026-04-20,824046,away,TOR,LAA,650391,Eloy Jiménez,74,DH,3,3,0,2,0,0,0,0,0,0,0,2,0
2026,,2026-04-20,824046,away,TOR,LAA,664702,Myles Straw,3,LF,4,3,2,1,0,0,0,0,1,0,0,1,1
2026,,2026-04-20,824046,away,TOR,LAA,672960,Kazuma Okamoto,7,3B,4,3,0,0,0,0,0,0,1,1,0,0,4
2026,,2026-04-20,824046,home,LAA,TOR,624428,Adam Frazier,20,2B,4,4,0,0,0,0,0,0,0,3,0,0,2
2026,,2026-04-20,824046,home,LAA,TOR,687263,Zach Neto,9,SS,4,3,1,1,0,0,0,0,1,1,2,1,0
2026,,2026-04-20,824046,home,LAA,TOR,624585,Jorge Soler,12,DH,4,4,0,1,0,0,0,1,0,2,0,1,3
2026,,2026-04-20,824046,home,LAA,TOR,660162,Yoán Moncada,10,3B,4,2,0,0,0,0,0,0,2,1,0,0,2
2026,,2026-04-20,824046,home,LAA,TOR,545361,Mike Trout,27,CF,4,4,0,1,0,0,0,0,0,3,1,1,1
2026,,2026-04-20,824046,home,LAA,TOR,666176,Jo Adell,7,RF,4,4,0,1,0,0,0,0,0,2,0,1,3
2026,,2026-04-20,824046,home,LAA,TOR,694384,Nolan Schanuel,18,1B,4,3,1,1,1,0,0,1,0,1,0,2,1
2026,,2026-04-20,824046,home,LAA,TOR,666139,Josh Lowe,3,LF,4,4,0,1,0,0,0,0,0,1,0,1,1
2026,,2026-04-20,824046,home,LAA,TOR,681351,Logan O'Hoppe,14,C,4,4,0,0,0,0,0,0,0,4,0,0,2
2026,,2026-04-20,823149,away,ATH,SEA,671732,Lawrence Butler,4,RF,4,4,0,2,0,0,0,2,0,0,1,2,4
2026,,2026-04-20,823149,away,ATH,SEA,680869,Zack Gelof,20,CF,4,4,0,0,0,0,0,0,0,2,0,0,0
2026,,2026-04-20,823149,away,ATH,SEA,643446,Jeff McNeil,22,2B,4,3,1,1,0,0,0,0,1,0,0,1,1
2026,,2026-04-20,823149,away,ATH,SEA,666126,Carlos Cortes,26,DH,5,5,1,4,0,0,1,1,0,0,0,7,1
2026,,2026-04-20,823149,away,ATH,SEA,691777,Max Muncy,3,3B,4,2,0,0,0,0,0,1,0,0,0,0,1
2026,,2026-04-20,823149,away,ATH,SEA,672016,Denzel Clarke,1,CF,0,0,0,0,0,0,0,0,0,0,0,0,0
2026,,2026-04-20,823149,away,ATH,SEA,691016,Tyler Soderstrom,21,LF,5,5,1,2,1,0,0,0,0,0,0,3,3
2026,,2026-04-20,823149,away,ATH,SEA,701762,Nick Kurtz,16,1B,5,4,1,1,0,0,1,1,1,1,0,4,0
2026,,2026-04-20,823149,away,ATH,SEA,669127,Shea Langeliers,23,C,5,5,1,1,0,0,1,1,0,1,0,4,1
2026,,2026-04-20,823149,away,ATH,SEA,805779,Jacob Wilson,5,SS,4,4,1,2,0,0,0,0,0,0,0,2,2
2026,,2026-04-20,823149,home,SEA,ATH,647304,Josh Naylor,12,1B,4,4,0,3,2,0,0,1,0,0,1,5,0
2026,,2026-04-20,823149,home,SEA,ATH,702284,Cole Young,2,2B,4,4,1,1,0,0,0,0,0,0,0,1,1
2026,,2026-04-20,823149,home,SEA,ATH,641487,J.P. Crawford,3,SS,5,4,0,0,0,0,0,0,1,0,0,0,2
2026,,2026-04-20,823149,home,SEA,ATH,668227,Randy Arozarena,56,LF,4,4,0,0,0,0,0,0,0,3,0,0,4
2026,,2026-04-20,823149,home,SEA,ATH,686527,Dominic Canzone,8,RF,4,4,1,2,1,0,1,1,0,0,0,6,0
2026,,2026-04-20,823149,home,SEA,ATH,663728,Cal Raleigh,29,C,5,5,1,1,0,0,1,1,0,1,0,4,2
2026,,2026-04-20,823149,home,SEA,ATH,608701,Rob Refsnyder,30,DH,2,2,0,0,0,0,0,0,0,1,0,0,2
2026,,2026-04-20,823149,home,SEA,ATH,677594,Julio Rodríguez,44,CF,4,4,1,2,0,0,0,0,0,1,1,2,0
2026,,2026-04-20,823149,home,SEA,ATH,660844,Leo Rivas,76,3B,4,4,0,1,1,0,0,1,0,1,0,2,1
2026,,2026-04-20,823149,home,SEA,ATH,670042,Luke Raley,20,DH,2,2,0,0,0,0,0,0,0,2,0,0,2
2026,,2026-04-21,824448,away,HOU,CLE,670623,Isaac Paredes,15,3B,4,3,1,1,0,0,0,0,1,0,0,1,0
2026,,2026-04-21,824448,away,HOU,CLE,701358,Cam Smith,11,RF,4,4,1,2,0,0,0,0,0,1,0,2,2
2026,,2026-04-21,824448,away,HOU,CLE,687957,Dustin Harris,37,LF,2,1,1,0,0,0,0,0,0,0,0,0,0
2026,,2026-04-21,824448,away,HOU,CLE,694728,Brice Matthews,0,LF,4,3,1,2,1,0,0,1,0,1,0,3,0
2026,,2026-04-21,824448,away,HOU,CLE,514888,Jose Altuve,27,2B,5,5,0,0,0,0,0,0,0,2,0,0,5
2026,,2026-04-21,824448,away,HOU,CLE,669288,Daniel Johnson,31,CF,2,0,0,0,0,0,0,0,1,0,0,0,0
2026,,2026-04-21,824448,away,HOU,CLE,621043,Carlos Correa,1,SS,5,4,0,2,0,0,0,1,1,1,0,2,2
2026,,2026-04-21,824448,away,HOU,CLE,572233,Christian Walker,8,1B,4,4,0,0,0,0,0,0,0,0,0,0,1
2026,,2026-04-21,824448,away,HOU,CLE,673237,Yainer Diaz,21,C,4,4,1,1,1,0,0,0,0,0,0,2,2
2026,,2026-04-21,824448,away,HOU,CLE,670541,Yordan Alvarez,44,DH,5,5,0,2,1,0,0,3,0,0,0,3,4
2026,,2026-04-21,824448,home,CLE,HOU,671655,George Valera,7,RF,5,5,0,1,0,0,0,1,0,1,0,1,2
2026,,2026-04-21,824448,home,CLE,HOU,800050,Chase DeLauter,24,DH,5,4,1,1,0,1,0,3,1,0,0,3,2
2026,,2026-04-21,824448,home,CLE,HOU,595978,Austin Hedges,27,C,2,2,0,1,0,0,0,0,0,1,0,1,0
2026,,2026-04-21,824448,home,CLE,HOU,682177,Daniel Schneemann,10,2B,4,2,1,1,0,0,0,0,2,1,0,1,2
2026,,2026-04-21,824448,home,CLE,HOU,677587,Brayan Rocchio,4,SS,4,4,1,1,0,0,0,1,0,1,0,1,1
2026,,2026-04-21,824448,home,CLE,HOU,666310,Bo Naylor,23,C,2,2,0,0,0,0,0,0,0,1,0,0,4
2026,,2026-04-21,824448,home,CLE,HOU,608070,José Ramírez,11,3B,5,3,2,1,0,0,0,0,2,0,1,1,4
2026,,2026-04-21,824448,home,CLE,HOU,680757,Steven Kwan,38,CF,5,3,1,1,0,0,0,0,2,0,0,1,0
2026,,2026-04-21,824448,home,CLE,HOU,682657,Angel Martínez,1,LF,4,4,2,2,0,0,1,1,0,2,0,5,3
2026,,2026-04-21,824448,home,CLE,HOU,700932,Kyle Manzardo,9,1B,5,4,0,2,0,0,0,2,1,0,0,2,1
2026,,2026-04-21,822995,away,CIN,TBR,682829,Elly De La Cruz,44,SS,6,6,3,3,0,0,2,5,0,1,1,9,2
2026,,2026-04-21,822995,away,CIN,TBR,667472,Dane Myers,17,CF,6,3,4,1,0,0,1,1,3,0,0,4,1
2026,,2026-04-21,822995,away,CIN,TBR,701398,Sal Stewart,27,1B,6,4,0,2,0,0,0,3,1,0,1,2,0
2026,,2026-04-21,822995,away,CIN,TBR,680574,Matt McLain,9,2B,6,6,1,2,1,0,0,1,0,1,1,3,2
2026,,2026-04-21,822995,away,CIN,TBR,663647,Ke'Bryan Hayes,3,3B,5,3,2,1,0,0,1,1,2,0,0,4,2
2026,,2026-04-21,822995,away,CIN,TBR,666181,Will Benson,30,RF,1,0,0,0,0,0,0,0,1,0,0,0,0
2026,,2026-04-21,822995,away,CIN,TBR,668715,Spencer Steer,7,LF,5,3,1,1,0,0,1,1,2,1,0,4,1
2026,,2026-04-21,822995,away,CIN,TBR,663886,Tyler Stephenson,37,C,5,4,0,0,0,0,0,0,1,3,0,0,2
2026,,2026-04-21,822995,away,CIN,TBR,553993,Eugenio Suárez,28,DH,5,5,0,0,0,0,0,0,0,2,0,0,5
2026,,2026-04-21,822995,away,CIN,TBR,677956,Rece Hinds,57,RF,4,3,1,0,0,0,0,0,0,3,0,0,3
2026,,2026-04-21,822995,home,TBR,CIN,670764,Taylor Walls,6,SS,4,4,0,0,0,0,0,0,0,3,0,0,4
2026,,2026-04-21,822995,home,TBR,CIN,680700,Richie Palacios,1,2B,4,2,1,0,0,0,0,0,2,1,0,0,1
2026,,2026-04-21,822995,home,TBR,CIN,668723,Ryan Vilade,26,RF,3,3,0,1,1,0,0,0,0,0,0,2,3
2026,,2026-04-21,822995,home,TBR,CIN,641584,Jake Fraley,17,RF,1,1,0,0,0,0,0,0,0,1,0,0,0
2026,,2026-04-21,822995,home,TBR,CIN,802415,Chandler Simpson,14,LF,5,4,1,0,0,0,0,0,1,0,0,0,1
2026,,2026-04-21,822995,home,TBR,CIN,676356,Jonny DeLuca,21,CF,4,4,0,1,1,0,0,2,0,2,0,2,1
2026,,2026-04-21,822995,home,TBR,CIN,676439,Hunter Feduccia,9,C,4,4,0,1,0,0,0,0,0,2,0,1,3
2026,,2026-04-21,822995,home,TBR,CIN,666018,Jonathan Aranda,8,1B,5,3,2,1,0,0,1,3,2,1,0,4,1
2026,,2026-04-21,822995,home,TBR,CIN,650490,Yandy Díaz,2,DH,4,4,0,1,0,0,0,0,0,1,0,1,2
2026,,2026-04-21,822995,home,TBR,CIN,810938,Ben Williamson,15,P,1,0,0,0,0,0,0,1,1,0,0,0,0
2026,,2026-04-21,822995,home,TBR,CIN,691406,Junior Caminero,13,3B,5,4,2,2,0,0,0,0,1,1,0,2,1
2026,,2026-04-21,822995,home,TBR,CIN,656775,Cedric Mullins,31,CF,2,2,0,1,0,0,0,0,0,0,1,1,0
2026,,2026-04-21,823880,away,STL,MIA,669357,Nolan Gorman,16,3B,4,4,0,1,0,0,0,1,0,2,0,1,3
2026,,2026-04-21,823880,away,STL,MIA,691023,Jordan Walker,18,RF,4,4,0,0,0,0,0,0,0,2,0,0,4
2026,,2026-04-21,823880,away,STL,MIA,701675,Nathan Church,27,LF,4,4,1,2,0,0,1,2,0,0,1,5,2
2026,,2026-04-21,823880,away,STL,MIA,687363,Victor Scott II,11,CF,4,3,0,0,0,0,0,0,1,1,0,0,0
2026,,2026-04-21,823880,away,STL,MIA,802139,JJ Wetherholt,26,2B,5,4,2,1,1,0,0,0,1,2,0,2,0
2026,,2026-04-21,823880,away,STL,MIA,676475,Alec Burleson,41,1B,4,4,1,2,1,0,0,2,0,1,0,3,1
2026,,2026-04-21,823880,away,STL,MIA,686780,Pedro Pagés,43,C,4,4,0,0,0,0,0,0,0,2,0,0,1
2026,,2026-04-21,823880,away,STL,MIA,691026,Masyn Winn,0,SS,4,4,1,2,1,0,0,0,0,0,0,3,0
2026,,2026-04-21,823880,away,STL,MIA,671056,Iván Herrera,48,DH,5,5,0,2,0,0,0,0,0,2,0,2,1
2026,,2026-04-21,823880,home,MIA,STL,681715,Heriberto Hernández,13,LF,2,1,0,1,0,0,0,2,0,0,0,1,0
2026,,2026-04-21,823880,home,MIA,STL,805300,Jakob Marsee,87,CF,5,4,1,3,0,0,1,1,0,0,0,6,1
2026,,2026-04-21,823880,home,MIA,STL,691594,Javier Sanoja,8,3B,1,0,0,0,0,0,0,0,1,0,0,0,0
2026,,2026-04-21,823880,home,MIA,STL,669364,Xavier Edwards,9,2B,5,4,1,2,0,0,0,0,1,0,0,2,2
2026,,2026-04-21,823880,home,MIA,STL,669065,Kyle Stowers,28,RF,5,4,0,0,0,0,0,0,1,1,0,0,4
2026,,2026-04-21,823880,home,MIA,STL,688363,Graham Pauley,21,3B,2,2,0,1,0,0,0,0,0,1,0,1,0
2026,,2026-04-21,823880,home,MIA,STL,689414,Liam Hicks,34,C,4,3,1,0,0,0,0,0,1,0,0,0,3
2026,,2026-04-21,823880,home,MIA,STL,683357,Owen Caissie,17,RF,2,2,0,0,0,0,0,0,0,2,0,0,1
2026,,2026-04-21,823880,home,MIA,STL,682663,Agustín Ramírez,50,DH,4,4,0,0,0,0,0,0,0,2,0,0,4
2026,,2026-04-21,823880,home,MIA,STL,681393,Connor Norby,1,1B,4,4,0,1,0,0,0,0,0,2,0,1,4
2026,,2026-04-21,823880,home,MIA,STL,596103,Austin Slater,15,PH,1,1,0,0,0,0,0,0,0,0,0,0,0
2026,,2026-04-21,823880,home,MIA,STL,672640,Otto Lopez,6,SS,5,5,0,0,0,0,0,0,0,1,0,0,2
2026,,2026-04-21,824290,away,MIL,DET,650859,Luis Rengifo,13,3B,4,3,1,1,0,0,0,1,1,0,0,1,0
2026,,2026-04-21,824290,away,MIL,DET,675659,Greg Jones,14,LF,1,1,0,1,0,0,0,0,0,0,0,1,0
2026,,2026-04-21,824290,away,MIL,DET,687401,Joey Ortiz,3,SS,1,1,1,0,0,0,0,0,0,1,0,0,0
2026,,2026-04-21,824290,away,MIL,DET,641343,Jake Bauers,9,1B,5,5,0,2,1,0,0,1,0,0,0,3,2
2026,,2026-04-21,824290,away,MIL,DET,686217,Sal Frelick,10,RF,4,3,2,1,0,0,0,1,1,0,0,1,0
2026,,2026-04-21,824290,away,MIL,DET,669003,Garrett Mitchell,5,CF,5,5,2,2,0,1,0,1,0,1,0,4,1
2026,,2026-04-21,824290,away,MIL,DET,666152,David Hamilton,6,3B,5,5,2,4,0,0,0,0,0,0,0,4,0
2026,,2026-04-21,824290,away,MIL,DET,663368,Blake Perkins,16,LF,4,2,2,0,0,0,0,1,1,2,0,0,3
2026,,2026-04-21,824290,away,MIL,DET,661388,William Contreras,24,C,5,5,1,2,0,0,0,2,0,0,0,2,1
2026,,2026-04-21,824290,away,MIL,DET,668930,Brice Turang,2,2B,6,5,0,2,0,0,0,4,0,0,0,2,2
2026,,2026-04-21,824290,away,MIL,DET,682641,Luis Matos,21,RF,1,1,0,0,0,0,0,0,0,0,0,0,0
2026,,2026-04-21,824290,away,MIL,DET,596142,Gary Sánchez,99,DH,5,5,1,1,0,1,0,1,0,1,0,3,2
2026,,2026-04-21,824290,home,DET,MIL,701678,Hao-Yu  Lee,50,2B,4,3,0,1,0,0,0,0,1,2,0,1,2
2026,,2026-04-21,824290,home,DET,MIL,663330,Jahmai Jones,18,DH,2,2,0,0,0,0,0,0,0,0,0,0,0
2026,,2026-04-21,824290,home,DET,MIL,682985,Riley Greene,31,LF,4,3,1,1,0,0,0,0,1,0,0,1,1
2026,,2026-04-21,824290,home,DET,MIL,595879,Javier Báez,28,CF,3,3,0,0,0,0,0,0,0,1,0,0,5
2026,,2026-04-21,824290,home,DET,MIL,805808,Kevin McGonigle,7,SS,5,5,1,2,1,0,0,1,0,0,0,3,4
2026,,2026-04-21,824290,home,DET,MIL,681481,Kerry Carpenter,30,DH,3,3,0,0,0,0,0,0,0,2,0,0,3
2026,,2026-04-21,824290,home,DET,MIL,679529,Spencer Torkelson,20,1B,4,3,0,1,0,0,0,0,1,2,0,1,1
2026,,2026-04-21,824290,home,DET,MIL,650402,Gleyber Torres,25,2B,4,2,0,1,0,0,0,0,1,0,0,1,0
2026,,2026-04-21,824290,home,DET,MIL,663837,Matt Vierling,8,RF,5,4,0,1,1,0,0,2,1,0,0,2,2
2026,,2026-04-21,824290,home,DET,MIL,693307,Dillon Dingler,13,C,5,5,0,0,0,0,0,0,0,2,0,0,3
2026,,2026-04-21,824290,home,DET,MIL,690993,Colt Keith,33,3B,1,1,1,1,0,0,0,0,0,0,0,1,0
2026,,2026-04-21,824290,home,DET,MIL,672761,Wenceel Pérez,46,CF,1,1,1,1,0,0,0,0,0,0,0,1,0
2026,,2026-04-21,822747,away,ATL,WSN,641680,Jonah Heim,20,C,4,4,0,1,1,0,0,0,0,0,0,2,1
2026,,2026-04-21,822747,away,ATL,WSN,671739,Michael Harris II,23,CF,4,4,0,1,1,0,0,1,0,0,0,2,3
2026,,2026-04-21,822747,away,ATL,WSN,643289,Mauricio Dubón,14,SS,4,3,1,2,1,0,0,0,1,0,0,3,1
2026,,2026-04-21,822747,away,ATL,WSN,686948,Drake Baldwin,30,DH,5,4,2,1,0,0,1,1,1,2,0,4,1
2026,,2026-04-21,822747,away,ATL,WSN,621566,Matt Olson,28,1B,4,4,0,0,0,0,0,0,0,1,0,0,2
2026,,2026-04-21,822747,away,ATL,WSN,660670,Ronald Acuña Jr.,13,RF,5,5,0,1,0,0,0,0,0,1,0,1,1
2026,,2026-04-21,822747,away,ATL,WSN,642201,Eli White,36,LF,2,2,1,1,0,0,1,1,0,0,0,4,0
2026,,2026-04-21,822747,away,ATL,WSN,645277,Ozzie Albies,1,2B,4,4,0,1,0,0,0,0,0,0,0,1,0
2026,,2026-04-21,822747,away,ATL,WSN,663586,Austin Riley,27,3B,4,3,0,0,0,0,0,1,1,0,0,0,1
2026,,2026-04-21,822747,away,ATL,WSN,573262,Mike Yastrzemski,18,LF,2,2,0,0,0,0,0,0,0,2,0,0,1
2026,,2026-04-21,822747,home,WSN,ATL,691781,Brady House,12,3B,3,2,2,1,0,0,0,0,1,1,1,1,0
2026,,2026-04-21,822747,home,WSN,ATL,682928,CJ Abrams,5,SS,5,4,0,0,0,0,0,0,1,2,0,0,4
2026,,2026-04-21,822747,home,WSN,ATL,683083,Nasim Nuñez,26,2B,5,4,1,1,0,0,0,1,1,2,2,1,3
2026,,2026-04-21,822747,home,WSN,ATL,686452,Drew Millas,14,C,5,5,1,1,0,0,0,0,0,3,0,1,5
2026,,2026-04-21,822747,home,WSN,ATL,678391,Jorbit Vivas,84,3B,2,1,0,0,0,0,0,0,1,0,0,0,3
2026,,2026-04-21,822747,home,WSN,ATL,678554,Curtis Mead,45,DH,3,2,2,1,0,0,1,3,1,1,0,4,1
2026,,2026-04-21,822747,home,WSN,ATL,695734,Daylen Lile,4,LF,5,3,0,0,0,0,0,1,2,0,0,0,1
2026,,2026-04-21,822747,home,WSN,ATL,677588,José Tena,8,DH,2,2,0,0,0,0,0,0,0,1,0,0,4
2026,,2026-04-21,822747,home,WSN,ATL,695578,James Wood,29,RF,6,2,3,1,0,0,1,1,4,0,0,4,0
2026,,2026-04-21,822747,home,WSN,ATL,696285,Jacob Young,30,CF,5,4,1,1,0,0,0,2,1,0,0,1,4
2026,,2026-04-21,822747,home,WSN,ATL,671277,Luis García Jr.,2,1B,5,5,1,4,1,0,0,3,0,0,1,5,1
2026,,2026-04-21,824773,away,NYY,BOS,676609,José Caballero,72,SS,4,4,0,1,0,0,0,0,0,2,0,1,5
2026,,2026-04-21,824773,away,NYY,BOS,642708,Amed Rosario,14,3B,4,3,1,0,0,0,0,0,1,0,0,0,0
2026,,2026-04-21,824773,away,NYY,BOS,545341,Randal Grichuk,34,LF,4,4,0,2,1,0,0,1,0,0,0,3,2
2026,,2026-04-21,824773,away,NYY,BOS,641857,Ryan McMahon,19,3B,1,1,0,0,0,0,0,0,0,1,0,0,1
2026,,2026-04-21,824773,away,NYY,BOS,592450,Aaron Judge,99,RF,5,3,1,1,0,0,0,0,2,0,0,1,0
2026,,2026-04-21,824773,away,NYY,BOS,669224,Austin Wells,28,C,4,4,0,1,0,0,0,0,0,0,0,1,1
2026,,2026-04-21,824773,away,NYY,BOS,700250,Ben Rice,22,1B,5,4,0,0,0,0,0,0,0,4,0,0,5
2026,,2026-04-21,824773,away,NYY,BOS,519317,Giancarlo Stanton,27,DH,4,4,1,2,1,0,1,3,0,1,0,6,1
2026,,2026-04-21,824773,away,NYY,BOS,641355,Cody Bellinger,35,LF,4,3,1,1,0,0,0,0,1,0,0,1,1
2026,,2026-04-21,824773,away,NYY,BOS,665862,Jazz Chisholm Jr.,13,2B,4,4,0,2,0,0,0,0,0,1,0,2,1
2026,,2026-04-21,824773,away,NYY,BOS,663757,Trent Grisham,12,CF,0,0,0,0,0,0,0,0,0,0,0,0,0
2026,,2026-04-21,824773,home,BOS,NYY,701350,Roman Anthony,19,LF,4,3,0,0,0,0,0,0,1,1,0,0,1
2026,,2026-04-21,824773,home,BOS,NYY,575929,Willson Contreras,40,1B,4,4,0,1,0,0,0,0,0,0,0,1,2
2026,,2026-04-21,824773,home,BOS,NYY,596115,Trevor Story,10,SS,4,3,0,0,0,0,0,0,1,0,0,0,0
2026,,2026-04-21,824773,home,BOS,NYY,677800,Wilyer Abreu,52,RF,4,4,0,0,0,0,0,0,0,0,0,0,1
2026,,2026-04-21,824773,home,BOS,NYY,655316,Andruw Monasterio,32,2B,1,1,0,0,0,0,0,0,0,0,0,0,2
2026,,2026-04-21,824773,home,BOS,NYY,702332,Caleb Durbin,5,3B,3,3,0,0,0,0,0,0,0,2,0,0,4
2026,,2026-04-21,824773,home,BOS,NYY,665966,Carlos Narváez,75,C,3,3,0,1,0,0,0,0,0,0,0,1,0
2026,,2026-04-21,824773,home,BOS,NYY,680776,Jarren Duran,16,PH,1,1,0,0,0,0,0,0,0,1,0,0,1
2026,,2026-04-21,824773,home,BOS,NYY,678882,Ceddanne Rafaela,3,CF,4,3,0,1,0,0,0,0,1,0,0,1,0
2026,,2026-04-21,824773,home,BOS,NYY,807799,Masataka Yoshida,7,DH,4,4,0,0,0,0,0,0,0,0,0,0,3
2026,,2026-04-21,824773,home,BOS,NYY,691785,Marcelo Mayer,11,2B,2,1,0,1,1,0,0,0,0,0,0,2,0
2026,,2026-04-21,823640,away,MIN,NYM,665019,Kody Clemens,2,1B,4,3,1,1,1,0,0,0,0,1,0,2,0
2026,,2026-04-21,823640,away,MIN,NYM,686797,Brooks Lee,22,SS,4,4,0,0,0,0,0,0,0,4,0,0,4
2026,,2026-04-21,823640,away,MIN,NYM,668885,Austin Martin,16,LF,0,0,0,0,0,0,0,0,0,0,0,0,0
2026,,2026-04-21,823640,away,MIN,NYM,605137,Josh Bell,56,DH,4,3,0,0,0,0,0,0,1,0,0,0,1
2026,,2026-04-21,823640,away,MIN,NYM,680777,Ryan Jeffers,27,C,4,3,1,0,0,0,0,0,1,2,0,0,0
2026,,2026-04-21,823640,away,MIN,NYM,681546,James Outman,30,DH,0,0,1,0,0,0,0,0,0,0,1,0,0
2026,,2026-04-21,823640,away,MIN,NYM,668904,Royce Lewis,23,3B,4,4,0,0,0,0,0,0,0,2,0,0,5
2026,,2026-04-21,823640,away,MIN,NYM,663616,Trevor Larnach,9,LF,4,4,0,1,0,0,0,0,0,1,0,1,0
2026,,2026-04-21,823640,away,MIN,NYM,621439,Byron Buxton,25,CF,5,5,1,1,0,0,1,2,0,3,0,4,3
2026,,2026-04-21,823640,away,MIN,NYM,670242,Matt Wallner,38,RF,4,3,1,1,0,0,0,1,1,1,0,1,1
2026,,2026-04-21,823640,away,MIN,NYM,807712,Luke Keaschall,15,2B,4,4,0,2,0,0,0,2,0,1,1,2,0
2026,,2026-04-21,823640,home,NYM,MIN,620443,Luis Torrens,13,DH,2,2,0,0,0,0,0,0,0,2,0,0,0
2026,,2026-04-21,823640,home,NYM,MIN,666182,Bo Bichette,19,3B,4,4,0,1,0,0,0,0,0,0,0,1,1
2026,,2026-04-21,823640,home,NYM,MIN,621438,Tyrone Taylor,28,RF,2,2,0,0,0,0,0,0,0,2,0,0,0
2026,,2026-04-21,823640,home,NYM,MIN,682626,Francisco Alvarez,4,C,4,4,0,0,0,0,0,0,0,1,0,0,1
2026,,2026-04-21,823640,home,NYM,MIN,668901,Mark Vientos,27,1B,3,2,0,1,0,0,0,0,1,0,0,1,0
2026,,2026-04-21,823640,home,NYM,MIN,683146,Brett Baty,7,RF,2,2,0,1,0,0,0,0,0,1,0,1,1
2026,,2026-04-21,823640,home,NYM,MIN,701807,Carson Benge,3,LF,3,3,1,0,0,0,0,0,0,0,1,0,3
2026,,2026-04-21,823640,home,NYM,MIN,543760,Marcus Semien,10,2B,4,3,1,0,0,0,0,0,1,1,0,0,0
2026,,2026-04-21,823640,home,NYM,MIN,669004,MJ Melendez,1,DH,2,2,0,0,0,0,0,0,0,0,0,0,1
2026,,2026-04-21,823640,home,NYM,MIN,596019,Francisco Lindor,12,SS,4,3,1,1,0,0,1,3,1,1,0,4,0
2026,,2026-04-21,823640,home,NYM,MIN,673357,Luis Robert Jr.,88,CF,4,4,0,0,0,0,0,0,0,0,0,0,1
2026,,2026-04-21,824127,away,BAL,KCR,669236,Jeremiah Jackson,82,2B,4,3,1,1,0,0,0,0,1,0,0,1,1
2026,,2026-04-21,824127,away,BAL,KCR,694212,Samuel Basallo,29,1B,1,0,0,0,0,0,0,0,1,0,0,0,0
2026,,2026-04-21,824127,away,BAL,KCR,624413,Pete Alonso,25,DH,4,4,0,2,1,0,0,0,0,0,0,3,1
2026,,2026-04-21,824127,away,BAL,KCR,642215,Weston Wilson,32,3B,4,3,1,1,0,0,0,0,1,1,0,1,2
2026,,2026-04-21,824127,away,BAL,KCR,683002,Gunnar Henderson,2,SS,4,4,1,1,1,0,0,0,0,0,0,2,2
2026,,2026-04-21,824127,away,BAL,KCR,665750,Leody Taveras,30,CF,4,4,0,0,0,0,0,0,0,0,0,0,5
2026,,2026-04-21,824127,away,BAL,KCR,621493,Taylor Ward,3,LF,5,4,0,0,0,0,0,0,1,1,0,0,1
2026,,2026-04-21,824127,away,BAL,KCR,681297,Colton Cowser,17,RF,1,1,0,0,0,0,0,0,0,0,0,0,1
2026,,2026-04-21,824127,away,BAL,KCR,668939,Adley Rutschman,35,C,4,4,1,2,0,0,1,2,0,1,0,5,1
2026,,2026-04-21,824127,away,BAL,KCR,691723,Coby Mayo,16,1B,3,3,1,1,0,0,1,3,0,0,0,4,0
2026,,2026-04-21,824127,away,BAL,KCR,677942,Blaze Alexander,23,RF,3,2,0,0,0,0,0,0,1,1,0,0,0
2026,,2026-04-21,824127,home,KCR,BAL,695600,Carter Jensen,22,DH,4,3,1,2,1,0,0,0,1,0,0,3,2
2026,,2026-04-21,824127,home,KCR,BAL,686555,Isaac Collins,1,LF,4,4,0,0,0,0,0,0,0,2,0,0,3
2026,,2026-04-21,824127,home,KCR,BAL,521692,Salvador Perez,13,C,4,4,0,1,1,0,0,0,0,0,0,2,0
2026,,2026-04-21,824127,home,KCR,BAL,686681,Michael Massey,19,2B,4,3,1,2,1,0,1,2,0,0,0,6,1
2026,,2026-04-21,824127,home,KCR,BAL,686469,Vinnie Pasquantino,9,1B,5,4,0,0,0,0,0,1,0,1,0,0,5
2026,,2026-04-21,824127,home,KCR,BAL,664728,Kyle Isbel,28,CF,4,4,2,3,2,0,0,0,0,0,0,5,0
2026,,2026-04-21,824127,home,KCR,BAL,672580,Maikel Garcia,11,3B,5,3,2,1,0,0,0,1,2,1,1,1,1
2026,,2026-04-21,824127,home,KCR,BAL,695506,Jac Caglianone,14,RF,4,4,0,0,0,0,0,0,0,3,0,0,3
2026,,2026-04-21,824127,home,KCR,BAL,677951,Bobby Witt Jr.,7,SS,5,3,0,1,1,0,0,1,1,0,0,2,1
2026,,2026-04-21,824690,away,PHI,CHC,669016,Brandon Marsh,16,CF,4,4,0,2,0,0,0,0,0,0,0,2,1
2026,,2026-04-21,824690,away,PHI,CHC,547180,Bryce Harper,3,1B,4,4,1,1,0,0,1,2,0,1,0,4,1
2026,,2026-04-21,824690,away,PHI,CHC,592663,J.T. Realmuto,10,C,4,4,0,0,0,0,0,0,0,0,0,0,1
2026,,2026-04-21,824690,away,PHI,CHC,624641,Edmundo Sosa,33,2B,4,4,0,0,0,0,0,0,0,1,0,0,3
2026,,2026-04-21,824690,away,PHI,CHC,664761,Alec Bohm,28,3B,4,3,0,0,0,0,0,1,0,0,0,0,0
2026,,2026-04-21,824690,away,PHI,CHC,656941,Kyle Schwarber,12,DH,4,3,2,1,0,0,1,1,1,0,0,4,1
2026,,2026-04-21,824690,away,PHI,CHC,694025,Felix Reyes,29,LF,4,4,0,1,0,0,0,0,0,0,0,1,1
2026,,2026-04-21,824690,away,PHI,CHC,666969,Adolis García,53,RF,4,4,1,1,0,0,0,0,0,0,0,1,1
2026,,2026-04-21,824690,away,PHI,CHC,607208,Trea Turner,7,SS,5,4,0,0,0,0,0,0,1,1,1,0,2
2026,,2026-04-21,824690,home,CHC,PHI,664023,Ian Happ,8,LF,6,4,2,1,0,0,0,0,2,0,1,1,5
2026,,2026-04-21,824690,home,CHC,PHI,664068,Scott Kingery,12,3B,2,2,0,1,0,0,0,0,0,0,0,1,3
2026,,2026-04-21,824690,home,CHC,PHI,608324,Alex Bregman,3,DH,6,4,1,1,0,0,0,0,2,0,0,1,6
2026,,2026-04-21,824690,home,CHC,PHI,608348,Carson Kelly,15,C,5,4,0,1,0,0,0,0,1,1,0,1,5
2026,,2026-04-21,824690,home,CHC,PHI,683737,Michael Busch,29,1B,5,4,1,1,0,0,0,2,1,1,0,1,6
2026,,2026-04-21,824690,home,CHC,PHI,691718,Pete Crow-Armstrong,4,CF,5,5,0,2,0,0,0,0,0,1,0,2,5
2026,,2026-04-21,824690,home,CHC,PHI,694208,Moisés Ballesteros,25,PH,1,0,0,0,0,0,0,1,1,0,0,0,0
2026,,2026-04-21,824690,home,CHC,PHI,673548,Seiya Suzuki,27,RF,5,4,1,2,0,0,1,2,0,1,0,5,3
2026,,2026-04-21,824690,home,CHC,PHI,621020,Dansby Swanson,7,SS,5,2,0,0,0,0,0,0,3,1,0,0,2
2026,,2026-04-21,824690,home,CHC,PHI,663538,Nico Hoerner,2,2B,6,5,2,2,0,0,1,1,0,0,0,5,2
2026,,2026-04-21,824690,home,CHC,PHI,807713,Matt Shaw,6,3B,2,2,0,1,0,0,0,0,0,1,0,1,1
2026,,2026-04-21,822914,away,PIT,TEX,694377,Nick Yorke,38,3B,4,4,0,0,0,0,0,0,0,0,0,0,2
2026,,2026-04-21,822914,away,PIT,TEX,668804,Bryan Reynolds,10,LF,4,3,0,0,0,0,0,0,1,2,0,0,1
2026,,2026-04-21,822914,away,PIT,TEX,665833,Oneil Cruz,15,CF,4,4,1,1,0,0,0,0,0,1,1,1,2
2026,,2026-04-21,822914,away,PIT,TEX,663968,Jake Mangum,28,RF,4,4,0,2,0,0,0,0,0,0,0,2,2
2026,,2026-04-21,822914,away,PIT,TEX,680779,Henry Davis,32,C,3,3,0,0,0,0,0,0,0,1,0,0,3
2026,,2026-04-21,822914,away,PIT,TEX,804606,Konnor Griffin,6,SS,3,3,0,0,0,0,0,0,0,0,0,0,2
2026,,2026-04-21,822914,away,PIT,TEX,656811,Ryan O'Hearn,29,1B,4,4,0,1,0,0,0,1,0,1,0,1,0
2026,,2026-04-21,822914,away,PIT,TEX,693304,Nick Gonzales,3,2B,4,4,0,2,0,0,0,0,0,2,0,2,0
2026,,2026-04-21,822914,away,PIT,TEX,542303,Marcell Ozuna,24,DH,4,4,0,0,0,0,0,0,0,2,0,0,2
2026,,2026-04-21,822914,home,TEX,PIT,694497,Evan Carter,32,CF,4,3,0,1,0,0,0,1,1,1,0,1,1
2026,,2026-04-21,822914,home,TEX,PIT,694671,Wyatt Langford,36,LF,2,1,0,0,0,0,0,0,1,1,1,0,0
2026,,2026-04-21,822914,home,TEX,PIT,669394,Jake Burger,21,1B,4,4,0,1,0,0,0,0,0,1,0,1,1
2026,,2026-04-21,822914,home,TEX,PIT,592626,Joc Pederson,3,DH,4,3,1,1,0,0,0,0,1,2,0,1,0
2026,,2026-04-21,822914,home,TEX,PIT,608369,Corey Seager,5,SS,4,4,1,1,0,0,0,1,0,1,0,1,2
2026,,2026-04-21,822914,home,TEX,PIT,673962,Josh Jung,6,3B,4,3,1,1,1,0,0,1,1,0,0,2,2
2026,,2026-04-21,822914,home,TEX,PIT,677649,Ezequiel Duran,20,LF,2,2,1,1,1,0,0,1,0,0,0,2,1
2026,,2026-04-21,822914,home,TEX,PIT,607043,Brandon Nimmo,24,RF,5,5,0,0,0,0,0,0,0,1,0,0,4
2026,,2026-04-21,822914,home,TEX,PIT,669701,Josh Smith,8,2B,4,2,1,1,1,0,0,1,1,1,0,2,1
2026,,2026-04-21,822914,home,TEX,PIT,643376,Danny Jansen,9,C,4,4,0,1,1,0,0,0,0,2,0,2,6
2026,,2026-04-21,824369,away,SDP,COL,666023,Freddy Fermin,54,C,4,3,0,1,1,0,0,0,0,0,0,2,0
2026,,2026-04-21,824369,away,SDP,COL,592206,Nick Castellanos,21,PH,1,1,0,0,0,0,0,0,0,1,0,0,0
2026,,2026-04-21,824369,away,SDP,COL,701538,Jackson Merrill,3,CF,4,3,0,0,0,0,0,0,0,3,0,0,1
2026,,2026-04-21,824369,away,SDP,COL,657757,Gavin Sheets,30,1B,3,3,0,0,0,0,0,0,0,1,0,0,1
2026,,2026-04-21,824369,away,SDP,COL,657656,Ramón Laureano,5,LF,4,4,0,0,0,0,0,0,0,3,0,0,1
2026,,2026-04-21,824369,away,SDP,COL,592518,Manny Machado,13,3B,4,3,0,0,0,0,0,1,1,1,0,0,1
2026,,2026-04-21,824369,away,SDP,COL,609280,Miguel Andujar,41,DH,4,4,0,1,0,0,0,0,0,1,0,1,1
2026,,2026-04-21,824369,away,SDP,COL,664034,Ty France,25,1B,0,0,0,0,0,0,0,0,0,0,0,0,0
2026,,2026-04-21,824369,away,SDP,COL,665487,Fernando Tatis Jr.,23,RF,4,4,0,2,0,0,0,0,0,2,0,2,0
2026,,2026-04-21,824369,away,SDP,COL,593428,Xander Bogaerts,2,SS,4,4,0,1,0,0,0,0,0,2,0,1,3
2026,,2026-04-21,824369,away,SDP,COL,630105,Jake Cronenworth,9,2B,4,4,1,1,1,0,0,0,0,1,0,2,3
2026,,2026-04-21,824369,home,COL,SDP,666160,Mickey Moniak,22,CF,4,4,0,1,0,0,0,0,0,1,0,1,1
2026,,2026-04-21,824369,home,COL,SDP,687859,Troy Johnston,20,RF,3,3,0,0,0,0,0,0,0,0,0,0,1
2026,,2026-04-21,824369,home,COL,SDP,650489,Willi Castro,3,2B,1,1,0,0,0,0,0,0,0,0,0,0,0
2026,,2026-04-21,824369,home,COL,SDP,666397,Edouard Julien,6,1B,4,4,0,1,0,0,0,0,0,2,0,1,0
2026,,2026-04-21,824369,home,COL,SDP,696100,Hunter Goodman,15,C,4,4,0,1,0,0,0,0,0,1,0,1,1
2026,,2026-04-21,824369,home,COL,SDP,687597,Jordan Beck,27,LF,3,3,0,0,0,0,0,0,0,1,0,0,1
2026,,2026-04-21,824369,home,COL,SDP,686668,Brenton Doyle,9,CF,2,2,0,0,0,0,0,0,0,2,0,0,0
2026,,2026-04-21,824369,home,COL,SDP,678662,Ezequiel Tovar,14,SS,3,2,0,0,0,0,0,0,0,0,1,0,1
2026,,2026-04-21,824369,home,COL,SDP,681198,TJ Rumfield,7,DH,3,3,0,0,0,0,0,0,0,1,0,0,2
2026,,2026-04-21,824369,home,COL,SDP,691720,Kyle Karros,12,3B,3,3,0,0,0,0,0,0,0,0,0,0,1
2026,,2026-04-21,824045,away,TOR,LAA,672820,Lenyn Sosa,50,PH,1,1,0,1,1,0,0,2,0,0,0,2,0
2026,,2026-04-21,824045,away,TOR,LAA,676391,Ernie Clement,22,2B,4,4,1,2,1,0,0,0,0,1,0,3,1
2026,,2026-04-21,824045,away,TOR,LAA,662139,Daulton Varsho,5,CF,4,4,0,2,0,0,0,0,0,1,0,2,2
2026,,2026-04-21,824045,away,TOR,LAA,665926,Andrés Giménez,0,SS,4,4,0,0,0,0,0,0,0,1,0,0,2
2026,,2026-04-21,824045,away,TOR,LAA,678218,Brandon Valenzuela,59,C,4,4,0,0,0,0,0,0,0,0,0,0,0
2026,,2026-04-21,824045,away,TOR,LAA,676914,Davis Schneider,36,LF,0,0,1,0,0,0,0,0,0,0,0,0,0
2026,,2026-04-21,824045,away,TOR,LAA,664770,Nathan Lukes,38,LF,3,2,0,0,0,0,0,0,0,0,0,0,0
2026,,2026-04-21,824045,away,TOR,LAA,665489,Vladimir Guerrero Jr.,27,1B,4,3,2,1,0,0,0,0,1,0,0,1,1
2026,,2026-04-21,824045,away,TOR,LAA,660821,Jesús Sánchez,12,RF,3,2,0,1,0,0,0,0,1,0,0,1,0
2026,,2026-04-21,824045,away,TOR,LAA,650391,Eloy Jiménez,74,DH,4,2,0,1,0,0,0,2,1,0,0,1,1
2026,,2026-04-21,824045,away,TOR,LAA,664702,Myles Straw,3,RF,2,2,0,0,0,0,0,0,0,0,0,0,0
2026,,2026-04-21,824045,away,TOR,LAA,672960,Kazuma Okamoto,7,3B,4,4,0,0,0,0,0,0,0,1,0,0,5
2026,,2026-04-21,824045,home,LAA,TOR,624428,Adam Frazier,20,2B,1,1,0,0,0,0,0,0,0,0,0,0,0
2026,,2026-04-21,824045,home,LAA,TOR,672724,Oswald Peraza,2,3B,3,3,1,2,0,0,0,0,0,1,0,2,0
2026,,2026-04-21,824045,home,LAA,TOR,687263,Zach Neto,9,SS,4,4,0,0,0,0,0,0,0,2,0,0,0
2026,,2026-04-21,824045,home,LAA,TOR,624585,Jorge Soler,12,DH,4,3,0,0,0,0,0,0,0,0,0,0,0
2026,,2026-04-21,824045,home,LAA,TOR,660162,Yoán Moncada,10,PH,1,1,0,1,0,0,0,1,0,0,0,1,0
2026,,2026-04-21,824045,home,LAA,TOR,545361,Mike Trout,27,CF,4,4,1,1,0,0,0,0,0,0,0,1,0
2026,,2026-04-21,824045,home,LAA,TOR,666176,Jo Adell,7,RF,4,3,0,0,0,0,0,0,0,1,0,0,0
2026,,2026-04-21,824045,home,LAA,TOR,687093,Vaughn Grissom,5,2B,2,0,0,0,0,0,0,1,1,0,0,0,0
2026,,2026-04-21,824045,home,LAA,TOR,694384,Nolan Schanuel,18,1B,4,4,0,1,0,0,0,0,0,1,0,1,4
2026,,2026-04-21,824045,home,LAA,TOR,666139,Josh Lowe,3,LF,1,1,0,0,0,0,0,0,0,0,0,0,0
2026,,2026-04-21,824045,home,LAA,TOR,669326,Bryce Teodosio,22,LF,2,2,0,0,0,0,0,0,0,1,0,0,2
2026,,2026-04-21,824045,home,LAA,TOR,681351,Logan O'Hoppe,14,C,3,2,0,0,0,0,0,0,1,0,0,0,1
2026,,2026-04-21,823148,away,ATH,SEA,671732,Lawrence Butler,4,RF,4,3,0,0,0,0,0,0,1,2,0,0,2
2026,,2026-04-21,823148,away,ATH,SEA,680869,Zack Gelof,20,CF,4,4,0,1,0,0,0,0,0,1,0,1,3
2026,,2026-04-21,823148,away,ATH,SEA,643446,Jeff McNeil,22,2B,5,5,1,2,0,0,1,1,0,1,0,5,4
2026,,2026-04-21,823148,away,ATH,SEA,666126,Carlos Cortes,26,DH,5,5,0,1,1,0,0,0,0,1,0,2,5
2026,,2026-04-21,823148,away,ATH,SEA,691777,Max Muncy,3,3B,5,5,0,2,0,0,0,0,0,2,0,2,5
2026,,2026-04-21,823148,away,ATH,SEA,691016,Tyler Soderstrom,21,LF,5,4,1,2,2,0,0,1,1,0,0,4,1
2026,,2026-04-21,823148,away,ATH,SEA,701762,Nick Kurtz,16,1B,5,4,2,1,0,0,0,0,1,1,1,1,1
2026,,2026-04-21,823148,away,ATH,SEA,669127,Shea Langeliers,23,C,5,4,1,2,0,0,1,1,1,1,0,5,1
2026,,2026-04-21,823148,away,ATH,SEA,805779,Jacob Wilson,5,SS,5,5,0,2,1,0,0,2,0,1,0,3,1
2026,,2026-04-21,823148,home,SEA,ATH,647304,Josh Naylor,12,1B,4,2,0,0,0,0,0,1,1,0,0,0,3
2026,,2026-04-21,823148,home,SEA,ATH,702284,Cole Young,2,2B,4,4,0,1,0,0,0,0,0,1,0,1,1
2026,,2026-04-21,823148,home,SEA,ATH,668227,Randy Arozarena,56,LF,4,4,0,1,0,0,0,0,0,0,0,1,3
2026,,2026-04-21,823148,home,SEA,ATH,641487,J.P. Crawford,3,SS,4,4,0,0,0,0,0,0,0,1,0,0,2
2026,,2026-04-21,823148,home,SEA,ATH,686527,Dominic Canzone,8,PH,1,1,0,0,0,0,0,0,0,0,0,0,0
2026,,2026-04-21,823148,home,SEA,ATH,663728,Cal Raleigh,29,DH,4,3,1,2,0,0,1,1,1,0,0,5,0
2026,,2026-04-21,823148,home,SEA,ATH,608701,Rob Refsnyder,30,RF,3,3,1,1,0,0,0,0,0,0,0,1,0
2026,,2026-04-21,823148,home,SEA,ATH,641598,Mitch Garver,18,C,4,4,0,1,0,0,0,0,0,1,0,1,0
2026,,2026-04-21,823148,home,SEA,ATH,677594,Julio Rodríguez,44,CF,4,3,0,2,0,0,0,0,1,0,0,2,2
2026,,2026-04-21,823148,home,SEA,ATH,660844,Leo Rivas,76,3B,3,3,0,0,0,0,0,0,0,0,0,0,1
2026,,2026-04-21,823148,home,SEA,ATH,670042,Luke Raley,20,RF,2,2,0,0,0,0,0,0,0,2,0,0,0
2026,,2026-04-21,825099,away,CHW,ARI,671976,Tristan Peters,29,CF,5,5,0,3,0,0,0,0,0,1,1,3,2
2026,,2026-04-21,825099,away,CHW,ARI,808959,Munetaka Murakami,5,1B,6,5,2,3,0,0,1,1,1,0,0,6,1
2026,,2026-04-21,825099,away,CHW,ARI,805367,Chase Meidroth,10,2B,5,3,2,1,0,0,0,0,2,1,0,1,1
2026,,2026-04-21,825099,away,CHW,ARI,695657,Colson Montgomery,12,SS,5,5,2,2,1,0,1,3,0,2,0,6,3
2026,,2026-04-21,825099,away,CHW,ARI,624512,Reese McGuire,30,C,5,2,0,0,0,0,0,1,2,1,0,0,1
2026,,2026-04-21,825099,away,CHW,ARI,643217,Andrew Benintendi,23,DH,6,6,1,2,0,0,0,0,0,1,0,2,5
2026,,2026-04-21,825099,away,CHW,ARI,677592,Everson Pereira,28,RF,5,3,1,0,0,0,0,1,0,2,0,0,3
2026,,2026-04-21,825099,away,CHW,ARI,803011,Sam Antonacci,17,LF,5,5,1,2,0,1,1,3,0,0,0,7,0
2026,,2026-04-21,825099,away,CHW,ARI,678246,Miguel Vargas,20,3B,5,4,2,1,0,0,1,1,1,0,0,4,3
2026,,2026-04-21,825099,home,ARI,CHW,680728,Adrian Del Castillo,25,C,5,5,0,0,0,0,0,0,0,1,0,0,7
2026,,2026-04-21,825099,home,ARI,CHW,571448,Nolan Arenado,28,3B,4,3,1,2,1,0,0,0,1,0,0,3,0
2026,,2026-04-21,825099,home,ARI,CHW,606466,Ketel Marte,4,2B,5,4,0,1,0,0,0,0,1,1,0,1,1
2026,,2026-04-21,825099,home,ARI,CHW,545121,Ildemaro Vargas,6,1B,4,4,1,1,0,0,1,3,0,0,0,4,3
2026,,2026-04-21,825099,home,ARI,CHW,672695,Geraldo Perdomo,2,SS,5,3,1,1,0,1,0,0,2,0,0,3,2
2026,,2026-04-21,825099,home,ARI,CHW,699912,Jose Fernandez,11,DH,4,4,1,1,0,0,0,0,0,1,0,1,1
2026,,2026-04-21,825099,home,ARI,CHW,682998,Corbin Carroll,7,RF,5,3,0,0,0,0,0,0,2,3,0,0,1
2026,,2026-04-21,825099,home,ARI,CHW,666971,Lourdes Gurriel Jr.,12,LF,4,3,0,0,0,0,0,1,1,0,0,0,2
2026,,2026-04-21,825099,home,ARI,CHW,677950,Alek Thomas,5,CF,4,4,1,2,0,0,1,1,0,0,0,5,2
2026,,2026-04-21,823236,away,LAD,SFG,669257,Will Smith,16,C,1,1,0,0,0,0,0,0,0,1,0,0,1
2026,,2026-04-21,823236,away,LAD,SFG,687221,Dalton Rushing,68,C,3,2,0,0,0,0,0,0,1,0,0,0,1
2026,,2026-04-21,823236,away,LAD,SFG,663656,Kyle Tucker,23,RF,4,4,0,0,0,0,0,0,0,3,0,0,2
2026,,2026-04-21,823236,away,LAD,SFG,571970,Max Muncy,13,3B,4,3,0,0,0,0,0,0,1,2,0,0,2
2026,,2026-04-21,823236,away,LAD,SFG,518692,Freddie Freeman,5,1B,4,2,0,0,0,0,0,0,2,0,0,0,0
2026,,2026-04-21,823236,away,LAD,SFG,808975,Hyeseong Kim,6,SS,2,1,0,1,0,0,0,1,1,0,0,1,0
2026,,2026-04-21,823236,away,LAD,SFG,660271,Shohei Ohtani,17,DH,4,4,0,1,0,0,0,0,0,2,0,1,0
2026,,2026-04-21,823236,away,LAD,SFG,606192,Teoscar Hernández,37,LF,4,3,1,1,1,0,0,0,1,0,0,2,2
2026,,2026-04-21,823236,away,LAD,SFG,681624,Andy Pages,44,PH,1,1,0,0,0,0,0,0,0,1,0,0,0
2026,,2026-04-21,823236,away,LAD,SFG,669743,Alex Call,12,CF,4,4,0,0,0,0,0,0,0,0,0,0,4
2026,,2026-04-21,823236,away,LAD,SFG,500743,Miguel Rojas,72,SS,1,1,0,0,0,0,0,0,0,0,0,0,0
2026,,2026-04-21,823236,away,LAD,SFG,690976,Alex Freeland,76,2B,4,3,0,0,0,0,0,0,1,3,0,0,0
2026,,2026-04-21,823236,home,SFG,LAD,669477,Casey Schmitt,10,DH,4,3,0,0,0,0,0,1,0,0,0,0,1
2026,,2026-04-21,823236,home,SFG,LAD,666464,Jerar Encarnacion,19,RF,0,0,0,0,0,0,0,0,0,0,0,0,0
2026,,2026-04-21,823236,home,SFG,LAD,671218,Heliot Ramos,17,LF,3,3,0,1,0,0,0,0,0,0,0,1,2
2026,,2026-04-21,823236,home,SFG,LAD,656305,Matt Chapman,26,3B,4,2,1,0,0,0,0,0,2,1,0,0,1
2026,,2026-04-21,823236,home,SFG,LAD,672275,Patrick Bailey,14,C,3,2,0,0,0,0,0,0,1,1,0,0,0
2026,,2026-04-21,823236,home,SFG,LAD,808982,Jung Hoo Lee,51,RF,3,3,0,2,0,0,0,1,0,0,0,2,0
2026,,2026-04-21,823236,home,SFG,LAD,687551,Drew Gilbert,0,CF,3,3,0,0,0,0,0,0,0,2,0,0,2
2026,,2026-04-21,823236,home,SFG,LAD,646240,Rafael Devers,16,1B,4,4,0,1,0,0,0,1,0,2,0,1,1
2026,,2026-04-21,823236,home,SFG,LAD,642715,Willy Adames,2,SS,4,4,1,1,0,0,0,0,0,2,0,1,1
2026,,2026-04-21,823236,home,SFG,LAD,650333,Luis Arraez,1,2B,4,4,1,1,0,0,0,0,0,0,0,1,1
2026,,2026-04-22,823878,away,STL,MIA,669357,Nolan Gorman,16,3B,4,3,0,1,1,0,0,0,1,0,0,2,0
2026,,2026-04-22,823878,away,STL,MIA,701675,Nathan Church,27,RF,4,3,0,1,0,0,0,0,1,2,0,1,1
2026,,2026-04-22,823878,away,STL,MIA,687363,Victor Scott II,11,CF,3,3,0,0,0,0,0,0,0,2,0,0,1
2026,,2026-04-22,823878,away,STL,MIA,665877,José Fermín,15,LF,4,4,0,0,0,0,0,0,0,1,0,0,3
2026,,2026-04-22,823878,away,STL,MIA,802139,JJ Wetherholt,26,2B,4,4,0,0,0,0,0,0,0,2,0,0,1
2026,,2026-04-22,823878,away,STL,MIA,695336,Thomas Saggese,25,SS,3,3,0,0,0,0,0,0,0,1,0,0,3
2026,,2026-04-22,823878,away,STL,MIA,602104,Ramón Urías,29,1B,4,4,0,0,0,0,0,0,0,0,0,0,2
2026,,2026-04-22,823878,away,STL,MIA,686780,Pedro Pagés,43,C,3,3,0,1,0,0,0,0,0,1,0,1,1
2026,,2026-04-22,823878,away,STL,MIA,671056,Iván Herrera,48,DH,4,4,1,1,0,0,1,1,0,0,0,4,0
2026,,2026-04-22,823878,home,MIA,STL,681715,Heriberto Hernández,13,LF,4,4,1,2,0,0,0,0,0,0,0,2,3
2026,,2026-04-22,823878,home,MIA,STL,805300,Jakob Marsee,87,CF,5,4,0,1,0,0,0,2,1,0,1,1,5
2026,,2026-04-22,823878,home,MIA,STL,691594,Javier Sanoja,8,2B,4,4,0,3,0,0,0,0,0,0,0,3,3
2026,,2026-04-22,823878,home,MIA,STL,669364,Xavier Edwards,9,DH,5,5,0,0,0,0,0,0,0,1,0,0,9
2026,,2026-04-22,823878,home,MIA,STL,688363,Graham Pauley,21,3B,2,2,0,1,0,0,0,0,0,0,0,1,1
2026,,2026-04-22,823878,home,MIA,STL,689414,Liam Hicks,34,1B,4,4,0,1,0,0,0,0,0,0,0,1,1
2026,,2026-04-22,823878,home,MIA,STL,683357,Owen Caissie,17,RF,4,4,0,1,0,0,0,1,0,2,0,1,2
2026,,2026-04-22,823878,home,MIA,STL,682663,Agustín Ramírez,50,C,4,3,1,2,0,0,0,1,1,0,0,2,0
2026,,2026-04-22,823878,home,MIA,STL,677870,Leo Jiménez,19,2B,2,0,1,0,0,0,0,0,1,0,0,0,0
2026,,2026-04-22,823878,home,MIA,STL,672640,Otto Lopez,6,SS,4,4,1,1,0,0,0,0,0,2,0,1,0
2026,,2026-04-22,824449,away,HOU,CLE,670623,Isaac Paredes,15,3B,4,4,0,1,0,0,0,0,0,1,0,1,3
2026,,2026-04-22,824449,away,HOU,CLE,701358,Cam Smith,11,RF,4,4,0,0,0,0,0,0,0,2,0,0,4
2026,,2026-04-22,824449,away,HOU,CLE,694728,Brice Matthews,0,LF,3,2,0,0,0,0,0,0,1,0,0,0,1
2026,,2026-04-22,824449,away,HOU,CLE,514888,Jose Altuve,27,2B,4,4,0,0,0,0,0,0,0,0,0,0,2
2026,,2026-04-22,824449,away,HOU,CLE,669288,Daniel Johnson,31,CF,4,4,0,0,0,0,0,0,0,1,0,0,2
2026,,2026-04-22,824449,away,HOU,CLE,621043,Carlos Correa,1,SS,4,4,1,1,1,0,0,0,0,1,0,2,2
2026,,2026-04-22,824449,away,HOU,CLE,572233,Christian Walker,8,1B,4,3,0,1,0,0,0,0,1,0,0,1,0
2026,,2026-04-22,824449,away,HOU,CLE,543877,Christian Vázquez,2,C,4,3,0,0,0,0,0,0,1,1,0,0,1
2026,,2026-04-22,824449,away,HOU,CLE,670541,Yordan Alvarez,44,DH,4,4,1,3,0,0,1,2,0,0,0,6,0
2026,,2026-04-22,824449,home,CLE,HOU,671655,George Valera,7,LF,4,4,0,0,0,0,0,0,0,0,0,0,2
2026,,2026-04-22,824449,home,CLE,HOU,800050,Chase DeLauter,24,RF,4,4,0,2,0,0,0,0,0,0,0,2,1
2026,,2026-04-22,824449,home,CLE,HOU,682177,Daniel Schneemann,10,3B,4,3,0,1,0,0,0,0,1,2,0,1,1
2026,,2026-04-22,824449,home,CLE,HOU,677587,Brayan Rocchio,4,SS,4,4,0,0,0,0,0,0,0,0,0,0,2
2026,,2026-04-22,824449,home,CLE,HOU,666310,Bo Naylor,23,C,4,3,0,0,0,0,0,0,1,1,0,0,2
2026,,2026-04-22,824449,home,CLE,HOU,608070,José Ramírez,11,DH,4,4,0,1,0,0,0,0,0,2,0,1,4
2026,,2026-04-22,824449,home,CLE,HOU,680757,Steven Kwan,38,CF,4,3,0,1,0,0,0,0,1,0,0,1,0
2026,,2026-04-22,824449,home,CLE,HOU,682877,Juan Brito,34,2B,3,3,0,0,0,0,0,0,0,2,0,0,2
2026,,2026-04-22,824449,home,CLE,HOU,682657,Angel Martínez,1,PH,1,1,0,0,0,0,0,0,0,0,0,0,1
2026,,2026-04-22,824449,home,CLE,HOU,700932,Kyle Manzardo,9,1B,3,2,0,0,0,0,0,0,1,2,0,0,2
2026,,2026-04-22,824449,home,CLE,HOU,656555,Rhys Hoskins,8,1B,1,1,0,0,0,0,0,0,0,1,0,0,1
2026,,2026-04-22,822993,away,CIN,TBR,682829,Elly De La Cruz,44,SS,4,4,0,0,0,0,0,0,0,2,0,0,2
2026,,2026-04-22,822993,away,CIN,TBR,701398,Sal Stewart,27,1B,4,4,0,1,0,0,0,0,0,1,0,1,2
2026,,2026-04-22,822993,away,CIN,TBR,663993,Nathaniel Lowe,31,DH,4,4,1,1,0,0,0,0,0,1,0,1,1
2026,,2026-04-22,822993,away,CIN,TBR,680574,Matt McLain,9,2B,4,4,0,1,0,0,0,0,0,1,0,1,3
2026,,2026-04-22,822993,away,CIN,TBR,666181,Will Benson,30,RF,3,2,0,0,0,0,0,0,1,0,0,0,0
2026,,2026-04-22,822993,away,CIN,TBR,670770,TJ Friedl,29,CF,4,4,0,1,0,0,0,0,0,0,0,1,2
2026,,2026-04-22,822993,away,CIN,TBR,664731,P.J. Higgins,65,C,3,2,0,0,0,0,0,1,0,1,0,0,0
2026,,2026-04-22,822993,away,CIN,TBR,668715,Spencer Steer,7,LF,3,3,0,1,1,0,0,0,0,0,0,2,0
2026,,2026-04-22,822993,away,CIN,TBR,553993,Eugenio Suárez,28,3B,4,4,0,0,0,0,0,0,0,1,0,0,2
2026,,2026-04-22,822993,home,TBR,CIN,670764,Taylor Walls,6,SS,3,3,1,1,0,0,0,0,0,0,0,1,2
2026,,2026-04-22,822993,home,TBR,CIN,680700,Richie Palacios,1,RF,1,1,0,0,0,0,0,0,0,0,0,0,2
2026,,2026-04-22,822993,home,TBR,CIN,668723,Ryan Vilade,26,RF,3,2,1,2,0,0,0,1,1,0,0,2,0
2026,,2026-04-22,822993,home,TBR,CIN,802415,Chandler Simpson,14,LF,4,3,0,1,0,0,0,1,0,0,0,1,0
2026,,2026-04-22,822993,home,TBR,CIN,676356,Jonny DeLuca,21,CF,4,3,1,0,0,0,0,0,1,0,0,0,5
2026,,2026-04-22,822993,home,TBR,CIN,666018,Jonathan Aranda,8,1B,4,2,0,0,0,0,0,0,1,2,0,0,2
2026,,2026-04-22,822993,home,TBR,CIN,663743,Nick Fortes,40,C,4,3,0,0,0,0,0,0,0,0,0,0,1
2026,,2026-04-22,822993,home,TBR,CIN,650490,Yandy Díaz,2,DH,4,4,1,3,0,0,0,1,0,1,0,3,0
2026,,2026-04-22,822993,home,TBR,CIN,810938,Ben Williamson,15,2B,4,4,1,1,0,0,0,1,0,1,0,1,1
2026,,2026-04-22,822993,home,TBR,CIN,691406,Junior Caminero,13,3B,4,4,1,1,0,0,1,2,0,0,0,4,4
2026,,2026-04-22,824123,away,BAL,KCR,669236,Jeremiah Jackson,82,2B,4,4,1,1,0,0,0,2,0,1,0,1,1
2026,,2026-04-22,824123,away,BAL,KCR,694212,Samuel Basallo,29,C,4,4,1,1,0,0,0,0,0,1,0,1,1
2026,,2026-04-22,824123,away,BAL,KCR,683002,Gunnar Henderson,2,SS,5,5,0,0,0,0,0,0,0,3,0,0,1
2026,,2026-04-22,824123,away,BAL,KCR,665750,Leody Taveras,30,CF,4,4,1,2,0,0,0,1,0,1,0,2,1
2026,,2026-04-22,824123,away,BAL,KCR,621493,Taylor Ward,3,DH,5,3,1,1,1,0,0,0,2,0,0,2,1
2026,,2026-04-22,824123,away,BAL,KCR,687637,Dylan Beavers,12,RF,5,5,0,2,2,0,0,0,0,0,0,4,2
2026,,2026-04-22,824123,away,BAL,KCR,624413,Pete Alonso,25,1B,5,4,2,1,0,0,1,2,1,0,0,4,2
2026,,2026-04-22,824123,away,BAL,KCR,681297,Colton Cowser,17,LF,4,4,1,2,1,0,0,0,0,1,0,3,0
2026,,2026-04-22,824123,away,BAL,KCR,691723,Coby Mayo,16,3B,4,4,1,1,0,0,1,3,0,1,0,4,1
2026,,2026-04-22,824123,home,KCR,BAL,695600,Carter Jensen,22,C,4,3,2,2,0,0,1,2,1,0,0,5,0
2026,,2026-04-22,824123,home,KCR,BAL,521692,Salvador Perez,13,DH,4,4,0,0,0,0,0,0,0,1,0,0,3
2026,,2026-04-22,824123,home,KCR,BAL,679845,Nick Loftin,12,3B,2,2,0,0,0,0,0,0,0,0,0,0,0
2026,,2026-04-22,824123,home,KCR,BAL,686681,Michael Massey,19,2B,4,4,1,2,1,0,0,0,0,1,0,3,2
2026,,2026-04-22,824123,home,KCR,BAL,686469,Vinnie Pasquantino,9,1B,4,3,2,2,1,0,1,1,1,0,0,6,0
2026,,2026-04-22,824123,home,KCR,BAL,664728,Kyle Isbel,28,CF,4,4,1,1,0,0,1,2,0,1,0,4,2
2026,,2026-04-22,824123,home,KCR,BAL,672580,Maikel Garcia,11,3B,3,3,0,0,0,0,0,0,0,1,0,0,0
2026,,2026-04-22,824123,home,KCR,BAL,657041,Lane Thomas,15,LF,4,4,0,1,0,0,0,1,0,0,0,1,2
2026,,2026-04-22,824123,home,KCR,BAL,695506,Jac Caglianone,14,RF,4,4,0,1,0,0,0,0,0,0,0,1,3
2026,,2026-04-22,824123,home,KCR,BAL,677951,Bobby Witt Jr.,7,SS,5,5,0,1,0,0,0,0,0,1,1,1,1
2026,,2026-04-22,824044,away,TOR,LAA,672820,Lenyn Sosa,50,1B,4,4,0,1,0,0,0,0,0,1,0,1,1
2026,,2026-04-22,824044,away,TOR,LAA,676391,Ernie Clement,22,2B,5,5,0,3,0,0,0,1,0,0,0,3,3
2026,,2026-04-22,824044,away,TOR,LAA,662139,Daulton Varsho,5,CF,4,4,0,1,0,0,0,0,0,1,0,1,1
2026,,2026-04-22,824044,away,TOR,LAA,665926,Andrés Giménez,0,SS,4,4,1,2,1,0,0,0,0,1,0,3,2
2026,,2026-04-22,824044,away,TOR,LAA,678218,Brandon Valenzuela,59,PR,0,0,0,0,0,0,0,0,0,0,0,0,0
2026,,2026-04-22,824044,away,TOR,LAA,676914,Davis Schneider,36,LF,1,1,0,0,0,0,0,0,0,0,0,0,0
2026,,2026-04-22,824044,away,TOR,LAA,664770,Nathan Lukes,38,RF,5,5,1,2,1,0,0,1,0,1,0,3,3
2026,,2026-04-22,824044,away,TOR,LAA,623168,Tyler Heineman,55,C,3,3,0,0,0,0,0,1,0,1,0,0,2
2026,,2026-04-22,824044,away,TOR,LAA,665489,Vladimir Guerrero Jr.,27,DH,4,4,0,0,0,0,0,0,0,1,0,0,3
2026,,2026-04-22,824044,away,TOR,LAA,660821,Jesús Sánchez,12,RF,3,3,0,1,0,0,0,0,0,2,0,1,1
2026,,2026-04-22,824044,away,TOR,LAA,650391,Eloy Jiménez,74,PH,1,1,0,1,0,0,0,0,0,0,0,1,0
2026,,2026-04-22,824044,away,TOR,LAA,672960,Kazuma Okamoto,7,3B,4,3,1,1,0,0,0,0,1,1,0,1,2
2026,,2026-04-22,824044,home,LAA,TOR,624428,Adam Frazier,20,2B,0,0,0,0,0,0,0,0,0,0,0,0,0
2026,,2026-04-22,824044,home,LAA,TOR,672724,Oswald Peraza,2,3B,3,3,0,1,0,0,0,0,0,0,0,1,3
2026,,2026-04-22,824044,home,LAA,TOR,687263,Zach Neto,9,SS,5,4,0,1,1,0,0,0,1,1,0,2,3
2026,,2026-04-22,824044,home,LAA,TOR,624585,Jorge Soler,12,RF,4,3,0,0,0,0,0,0,1,1,0,0,3
2026,,2026-04-22,824044,home,LAA,TOR,660162,Yoán Moncada,10,PH,1,0,1,0,0,0,0,0,1,0,0,0,0
2026,,2026-04-22,824044,home,LAA,TOR,545361,Mike Trout,27,DH,5,3,2,1,0,0,1,1,2,1,1,4,3
2026,,2026-04-22,824044,home,LAA,TOR,666176,Jo Adell,7,RF,5,4,1,1,0,0,0,1,0,0,0,1,3
2026,,2026-04-22,824044,home,LAA,TOR,687093,Vaughn Grissom,5,3B,4,4,0,1,0,0,0,1,0,0,0,1,0
2026,,2026-04-22,824044,home,LAA,TOR,694384,Nolan Schanuel,18,1B,4,4,2,2,1,0,1,4,0,1,0,6,1
2026,,2026-04-22,824044,home,LAA,TOR,666139,Josh Lowe,3,LF,1,1,0,0,0,0,0,0,0,0,0,0,2
2026,,2026-04-22,824044,home,LAA,TOR,669326,Bryce Teodosio,22,CF,4,4,0,2,0,0,0,0,0,2,0,2,1
2026,,2026-04-22,824044,home,LAA,TOR,681351,Logan O'Hoppe,14,C,4,4,1,2,0,0,0,0,0,2,0,2,1
2026,,2026-04-22,823147,away,ATH,SEA,671732,Lawrence Butler,4,RF,4,3,0,0,0,0,0,0,1,3,0,0,3
2026,,2026-04-22,823147,away,ATH,SEA,680869,Zack Gelof,20,CF,0,0,0,0,0,0,0,0,0,0,0,0,0
2026,,2026-04-22,823147,away,ATH,SEA,643446,Jeff McNeil,22,2B,4,3,0,1,0,0,0,1,0,0,0,1,1
2026,,2026-04-22,823147,away,ATH,SEA,642851,Austin Wynns,29,C,4,4,0,1,0,0,0,0,0,1,0,1,4
2026,,2026-04-22,823147,away,ATH,SEA,666126,Carlos Cortes,26,RF,5,5,1,2,0,0,0,0,0,1,0,2,0
2026,,2026-04-22,823147,away,ATH,SEA,691777,Max Muncy,3,3B,4,2,0,0,0,0,0,0,1,0,0,0,0
2026,,2026-04-22,823147,away,ATH,SEA,691016,Tyler Soderstrom,21,LF,4,3,0,0,0,0,0,1,0,0,0,0,1
2026,,2026-04-22,823147,away,ATH,SEA,701762,Nick Kurtz,16,1B,5,4,2,2,0,0,1,1,1,1,0,5,1
2026,,2026-04-22,823147,away,ATH,SEA,669127,Shea Langeliers,23,DH,5,5,1,1,0,0,0,0,0,1,0,1,3
2026,,2026-04-22,823147,away,ATH,SEA,805779,Jacob Wilson,5,SS,4,4,0,2,1,0,0,1,0,0,0,3,2
2026,,2026-04-22,823147,home,SEA,ATH,647304,Josh Naylor,12,1B,5,5,1,3,0,0,0,1,0,1,0,3,1
2026,,2026-04-22,823147,home,SEA,ATH,702284,Cole Young,2,2B,4,4,0,0,0,0,0,0,0,0,0,0,2
2026,,2026-04-22,823147,home,SEA,ATH,641487,J.P. Crawford,3,SS,5,5,2,2,0,0,0,0,0,0,0,2,1
2026,,2026-04-22,823147,home,SEA,ATH,668227,Randy Arozarena,56,LF,4,3,0,2,1,0,0,1,0,0,1,3,1
2026,,2026-04-22,823147,home,SEA,ATH,686527,Dominic Canzone,8,RF,2,2,0,0,0,0,0,0,0,2,0,0,3
2026,,2026-04-22,823147,home,SEA,ATH,663728,Cal Raleigh,29,C,5,5,2,3,1,0,1,1,0,1,1,7,1
2026,,2026-04-22,823147,home,SEA,ATH,608701,Rob Refsnyder,30,RF,2,1,0,0,0,0,0,1,0,1,0,0,1
2026,,2026-04-22,823147,home,SEA,ATH,641598,Mitch Garver,18,DH,2,2,0,1,1,0,0,0,0,1,0,2,1
2026,,2026-04-22,823147,home,SEA,ATH,677594,Julio Rodríguez,44,CF,5,5,0,2,0,0,0,1,0,1,0,2,1
2026,,2026-04-22,823147,home,SEA,ATH,660844,Leo Rivas,76,3B,4,4,0,1,0,0,0,0,0,1,0,1,0
2026,,2026-04-22,823147,home,SEA,ATH,670042,Luke Raley,20,DH,2,1,0,0,0,0,0,0,1,0,0,0,1
2026,,2026-04-22,824286,away,MIL,DET,650859,Luis Rengifo,13,3B,2,1,1,1,0,0,0,0,1,0,0,1,0
2026,,2026-04-22,824286,away,MIL,DET,675659,Greg Jones,14,PR,0,0,0,0,0,0,0,0,0,0,0,0,0
2026,,2026-04-22,824286,away,MIL,DET,687401,Joey Ortiz,3,SS,2,2,0,0,0,0,0,0,0,0,0,0,1
2026,,2026-04-22,824286,away,MIL,DET,641343,Jake Bauers,9,1B,4,4,0,1,0,0,0,1,0,1,0,1,2
2026,,2026-04-22,824286,away,MIL,DET,686217,Sal Frelick,10,RF,4,4,0,1,0,0,0,0,0,0,0,1,3
2026,,2026-04-22,824286,away,MIL,DET,663604,Brandon Lockridge,20,LF,4,4,0,2,0,0,0,0,0,1,0,2,1
2026,,2026-04-22,824286,away,MIL,DET,669003,Garrett Mitchell,5,CF,4,3,0,0,0,0,0,0,1,2,1,0,0
2026,,2026-04-22,824286,away,MIL,DET,666152,David Hamilton,6,SS,4,3,0,0,0,0,0,0,1,1,0,0,2
2026,,2026-04-22,824286,away,MIL,DET,661388,William Contreras,24,C,4,4,0,1,0,0,0,1,0,2,0,1,2
2026,,2026-04-22,824286,away,MIL,DET,668930,Brice Turang,2,2B,5,3,1,0,0,0,0,0,2,1,1,0,4
2026,,2026-04-22,824286,away,MIL,DET,596142,Gary Sánchez,99,DH,4,4,0,0,0,0,0,0,0,1,0,0,2
2026,,2026-04-22,824286,home,DET,MIL,663330,Jahmai Jones,18,DH,1,1,0,0,0,0,0,0,0,0,0,0,2
2026,,2026-04-22,824286,home,DET,MIL,682985,Riley Greene,31,LF,4,4,1,2,1,0,0,0,0,2,0,3,3
2026,,2026-04-22,824286,home,DET,MIL,595879,Javier Báez,28,SS,4,4,1,1,0,0,0,0,0,0,0,1,0
2026,,2026-04-22,824286,home,DET,MIL,805808,Kevin McGonigle,7,3B,4,3,1,1,1,0,0,1,1,1,0,2,1
2026,,2026-04-22,824286,home,DET,MIL,681481,Kerry Carpenter,30,RF,4,4,1,1,0,0,1,1,0,1,0,4,0
2026,,2026-04-22,824286,home,DET,MIL,679529,Spencer Torkelson,20,1B,4,4,1,1,0,0,1,2,0,0,0,4,2
2026,,2026-04-22,824286,home,DET,MIL,650402,Gleyber Torres,25,2B,4,3,0,1,0,0,0,0,1,1,0,1,2
2026,,2026-04-22,824286,home,DET,MIL,668670,Jake Rogers,34,C,3,2,0,0,0,0,0,0,1,0,0,0,1
2026,,2026-04-22,824286,home,DET,MIL,663837,Matt Vierling,8,CF,0,0,0,0,0,0,0,0,0,0,0,0,0
2026,,2026-04-22,824286,home,DET,MIL,690993,Colt Keith,33,DH,3,3,0,2,0,0,0,1,0,0,0,2,0
2026,,2026-04-22,824286,home,DET,MIL,672761,Wenceel Pérez,46,RF,4,4,0,0,0,0,0,0,0,1,0,0,0
2026,,2026-04-22,822748,away,ATL,WSN,641680,Jonah Heim,20,C,4,3,1,1,0,0,0,0,1,0,0,1,0
2026,,2026-04-22,822748,away,ATL,WSN,671739,Michael Harris II,23,CF,4,4,2,2,0,0,2,3,0,0,0,8,1
2026,,2026-04-22,822748,away,ATL,WSN,643289,Mauricio Dubón,14,SS,4,4,0,0,0,0,0,0,0,0,0,0,1
2026,,2026-04-22,822748,away,ATL,WSN,686948,Drake Baldwin,30,DH,4,3,1,2,0,0,1,1,1,0,0,5,2
2026,,2026-04-22,822748,away,ATL,WSN,621566,Matt Olson,28,1B,4,4,1,1,0,0,1,3,0,0,0,4,3
2026,,2026-04-22,822748,away,ATL,WSN,660670,Ronald Acuña Jr.,13,RF,5,3,1,0,0,0,0,1,1,0,0,0,0
2026,,2026-04-22,822748,away,ATL,WSN,645277,Ozzie Albies,1,2B,4,4,1,1,0,0,0,0,0,0,0,1,0
2026,,2026-04-22,822748,away,ATL,WSN,663586,Austin Riley,27,3B,4,4,0,0,0,0,0,0,0,1,0,0,0
2026,,2026-04-22,822748,away,ATL,WSN,573262,Mike Yastrzemski,18,LF,4,4,1,1,0,0,0,0,0,0,0,1,0
2026,,2026-04-22,822748,home,WSN,ATL,691781,Brady House,12,3B,5,5,0,1,0,0,0,0,0,3,0,1,3
2026,,2026-04-22,822748,home,WSN,ATL,682928,CJ Abrams,5,SS,5,5,0,1,0,0,0,0,0,2,0,1,3
2026,,2026-04-22,822748,home,WSN,ATL,678391,Jorbit Vivas,84,2B,4,4,0,1,1,0,0,1,0,0,0,2,3
2026,,2026-04-22,822748,home,WSN,ATL,686894,Joey Wiemer,21,DH,2,1,1,1,0,0,1,1,1,0,1,4,0
2026,,2026-04-22,822748,home,WSN,ATL,678554,Curtis Mead,45,1B,3,3,0,0,0,0,0,0,0,2,0,0,2
2026,,2026-04-22,822748,home,WSN,ATL,695734,Daylen Lile,4,LF,5,5,1,2,1,0,1,3,0,0,0,6,2
2026,,2026-04-22,822748,home,WSN,ATL,677588,José Tena,8,DH,2,2,0,0,0,0,0,0,0,2,0,0,4
2026,,2026-04-22,822748,home,WSN,ATL,695578,James Wood,29,RF,5,3,2,2,0,0,1,1,2,1,0,5,0
2026,,2026-04-22,822748,home,WSN,ATL,696285,Jacob Young,30,CF,5,5,1,2,0,0,0,0,0,0,0,2,2
2026,,2026-04-22,822748,home,WSN,ATL,660688,Keibert Ruiz,20,C,4,4,0,0,0,0,0,0,0,2,0,0,4
2026,,2026-04-22,822748,home,WSN,ATL,671277,Luis García Jr.,2,1B,2,2,1,1,0,0,0,0,0,0,0,1,1
2026,,2026-04-22,824774,away,NYY,BOS,676609,José Caballero,72,SS,3,3,0,1,0,0,0,0,0,1,0,1,0
2026,,2026-04-22,824774,away,NYY,BOS,642708,Amed Rosario,14,3B,2,1,1,1,0,0,1,4,0,0,0,4,0
2026,,2026-04-22,824774,away,NYY,BOS,545341,Randal Grichuk,34,LF,2,2,0,1,0,0,0,0,0,0,0,1,1
2026,,2026-04-22,824774,away,NYY,BOS,592450,Aaron Judge,99,RF,4,2,2,1,0,0,0,0,2,0,1,1,0
2026,,2026-04-22,824774,away,NYY,BOS,641857,Ryan McMahon,19,3B,1,1,0,0,0,0,0,0,0,1,0,0,0
2026,,2026-04-22,824774,away,NYY,BOS,502671,Paul Goldschmidt,48,1B,4,4,0,0,0,0,0,0,0,2,0,0,0
2026,,2026-04-22,824774,away,NYY,BOS,669224,Austin Wells,28,C,3,3,0,0,0,0,0,0,0,1,0,0,1
2026,,2026-04-22,824774,away,NYY,BOS,700250,Ben Rice,22,PH,1,1,0,0,0,0,0,0,0,1,0,0,0
2026,,2026-04-22,824774,away,NYY,BOS,641355,Cody Bellinger,35,LF,4,4,0,0,0,0,0,0,0,1,0,0,3
2026,,2026-04-22,824774,away,NYY,BOS,519317,Giancarlo Stanton,27,DH,4,4,1,2,2,0,0,0,0,0,0,4,1
2026,,2026-04-22,824774,away,NYY,BOS,665862,Jazz Chisholm Jr.,13,2B,4,4,0,0,0,0,0,0,0,1,0,0,1
2026,,2026-04-22,824774,away,NYY,BOS,663757,Trent Grisham,12,CF,2,2,0,0,0,0,0,0,0,1,0,0,0
2026,,2026-04-22,824774,home,BOS,NYY,575929,Willson Contreras,40,1B,4,3,0,0,0,0,0,0,1,1,0,0,0
2026,,2026-04-22,824774,home,BOS,NYY,657136,Connor Wong,12,C,3,3,0,0,0,0,0,0,0,1,0,0,3
2026,,2026-04-22,824774,home,BOS,NYY,596115,Trevor Story,10,SS,4,4,1,1,0,0,0,0,0,2,0,1,2
2026,,2026-04-22,824774,home,BOS,NYY,677800,Wilyer Abreu,52,RF,4,4,0,1,0,0,0,0,0,0,0,1,1
2026,,2026-04-22,824774,home,BOS,NYY,655316,Andruw Monasterio,32,DH,4,3,0,0,0,0,0,0,1,0,0,0,1
2026,,2026-04-22,824774,home,BOS,NYY,643396,Isiah Kiner-Falefa,2,2B,3,3,0,0,0,0,0,0,0,1,0,0,2
2026,,2026-04-22,824774,home,BOS,NYY,702332,Caleb Durbin,5,3B,4,4,0,0,0,0,0,0,0,1,0,0,4
2026,,2026-04-22,824774,home,BOS,NYY,680776,Jarren Duran,16,LF,4,4,0,3,2,0,0,1,0,0,0,5,0
2026,,2026-04-22,824774,home,BOS,NYY,678882,Ceddanne Rafaela,3,CF,4,4,0,0,0,0,0,0,0,3,0,0,0
2026,,2026-04-22,823641,away,MIN,NYM,605170,Victor Caratini,37,1B,4,2,0,0,0,0,0,1,1,0,0,0,2
2026,,2026-04-22,823641,away,MIN,NYM,665019,Kody Clemens,2,1B,3,3,0,1,1,0,0,0,0,0,0,2,0
2026,,2026-04-22,823641,away,MIN,NYM,686797,Brooks Lee,22,SS,4,4,0,1,0,0,0,0,0,0,0,1,2
2026,,2026-04-22,823641,away,MIN,NYM,668885,Austin Martin,16,LF,1,0,0,0,0,0,0,0,1,0,0,0,0
2026,,2026-04-22,823641,away,MIN,NYM,605137,Josh Bell,56,DH,4,4,0,1,0,0,0,0,0,0,0,1,1
2026,,2026-04-22,823641,away,MIN,NYM,680777,Ryan Jeffers,27,C,1,0,0,0,0,0,0,0,1,0,0,0,0
2026,,2026-04-22,823641,away,MIN,NYM,681546,James Outman,30,PR,0,0,0,0,0,0,0,0,0,0,0,0,0
2026,,2026-04-22,823641,away,MIN,NYM,668904,Royce Lewis,23,3B,4,4,0,1,0,0,0,0,0,3,0,1,1
2026,,2026-04-22,823641,away,MIN,NYM,663616,Trevor Larnach,9,LF,3,3,1,1,1,0,0,0,0,1,0,2,0
2026,,2026-04-22,823641,away,MIN,NYM,621439,Byron Buxton,25,CF,5,5,1,1,0,0,1,1,0,2,0,4,2
2026,,2026-04-22,823641,away,MIN,NYM,670242,Matt Wallner,38,RF,4,4,0,1,0,0,0,0,0,1,0,1,0
2026,,2026-04-22,823641,away,MIN,NYM,807712,Luke Keaschall,15,2B,4,4,0,0,0,0,0,0,0,0,0,0,5
2026,,2026-04-22,823641,home,NYM,MIN,666182,Bo Bichette,19,SS,4,4,1,1,1,0,0,0,0,1,0,2,1
2026,,2026-04-22,823641,home,NYM,MIN,621438,Tyrone Taylor,28,RF,3,3,0,1,0,0,0,0,0,1,0,1,0
2026,,2026-04-22,823641,home,NYM,MIN,682626,Francisco Alvarez,4,C,4,3,0,1,1,0,0,1,1,0,0,2,2
2026,,2026-04-22,823641,home,NYM,MIN,668901,Mark Vientos,27,1B,4,3,0,1,0,0,0,1,1,2,0,1,1
2026,,2026-04-22,823641,home,NYM,MIN,683146,Brett Baty,7,3B,2,0,1,0,0,0,0,0,2,0,0,0,0
2026,,2026-04-22,823641,home,NYM,MIN,701807,Carson Benge,3,LF,0,0,0,0,0,0,0,0,0,0,0,0,0
2026,,2026-04-22,823641,home,NYM,MIN,502054,Tommy Pham,39,LF,3,3,0,0,0,0,0,0,0,2,0,0,2
2026,,2026-04-22,823641,home,NYM,MIN,543760,Marcus Semien,10,2B,4,4,0,1,1,0,0,0,0,1,1,2,3
2026,,2026-04-22,823641,home,NYM,MIN,596019,Francisco Lindor,12,SS,2,2,1,2,0,0,0,1,0,0,0,2,0
2026,,2026-04-22,823641,home,NYM,MIN,665742,Juan Soto,22,DH,4,3,0,1,0,0,0,0,1,0,0,1,1
2026,,2026-04-22,823641,home,NYM,MIN,673357,Luis Robert Jr.,88,CF,4,4,0,0,0,0,0,0,0,1,0,0,3
2026,,2026-04-22,824688,away,PHI,CHC,702222,Justin Crawford,2,CF,4,4,0,1,0,0,0,1,0,1,0,1,3
2026,,2026-04-22,824688,away,PHI,CHC,547180,Bryce Harper,3,DH,4,4,0,0,0,0,0,0,0,1,0,0,2
2026,,2026-04-22,824688,away,PHI,CHC,624641,Edmundo Sosa,33,2B,2,2,0,2,1,0,0,1,0,0,0,3,0
2026,,2026-04-22,824688,away,PHI,CHC,664761,Alec Bohm,28,3B,4,4,1,2,0,0,0,0,0,1,0,2,1
2026,,2026-04-22,824688,away,PHI,CHC,681082,Bryson Stott,5,2B,2,2,0,0,0,0,0,0,0,1,0,0,2
2026,,2026-04-22,824688,away,PHI,CHC,656941,Kyle Schwarber,12,LF,4,4,0,0,0,0,0,0,0,2,0,0,2
2026,,2026-04-22,824688,away,PHI,CHC,665561,Rafael Marchán,13,C,4,4,0,1,0,0,0,0,0,2,0,1,3
2026,,2026-04-22,824688,away,PHI,CHC,694025,Felix Reyes,29,1B,4,4,1,1,0,0,0,0,0,1,0,1,1
2026,,2026-04-22,824688,away,PHI,CHC,666969,Adolis García,53,RF,4,4,0,1,0,0,0,0,0,2,0,1,1
2026,,2026-04-22,824688,away,PHI,CHC,607208,Trea Turner,7,SS,4,4,0,1,1,0,0,0,0,1,0,2,1
2026,,2026-04-22,824688,home,CHC,PHI,664023,Ian Happ,8,LF,4,4,1,1,0,0,0,2,0,1,0,1,2
2026,,2026-04-22,824688,home,CHC,PHI,608324,Alex Bregman,3,3B,5,5,1,3,0,1,0,0,0,0,0,5,1
2026,,2026-04-22,824688,home,CHC,PHI,683737,Michael Busch,29,1B,4,4,1,2,0,0,1,1,0,1,0,5,2
2026,,2026-04-22,824688,home,CHC,PHI,691718,Pete Crow-Armstrong,4,CF,4,4,0,3,1,0,0,2,0,1,1,4,0
2026,,2026-04-22,824688,home,CHC,PHI,665804,Miguel Amaya,9,C,4,4,1,0,0,0,0,0,0,1,0,0,3
2026,,2026-04-22,824688,home,CHC,PHI,694208,Moisés Ballesteros,25,DH,4,4,1,1,1,0,0,0,0,0,0,2,2
2026,,2026-04-22,824688,home,CHC,PHI,673548,Seiya Suzuki,27,RF,4,4,1,2,0,0,1,2,0,1,0,5,2
2026,,2026-04-22,824688,home,CHC,PHI,621020,Dansby Swanson,7,SS,4,3,0,0,0,0,0,0,1,1,0,0,1
2026,,2026-04-22,824688,home,CHC,PHI,663538,Nico Hoerner,2,2B,5,5,1,1,0,0,0,0,0,1,0,1,3
2026,,2026-04-22,822913,away,PIT,TEX,687462,Spencer Horwitz,2,1B,4,4,1,2,0,0,0,0,0,0,0,2,1
2026,,2026-04-22,822913,away,PIT,TEX,664040,Brandon Lowe,5,2B,5,5,1,1,0,0,0,1,0,3,0,1,0
2026,,2026-04-22,822913,away,PIT,TEX,668804,Bryan Reynolds,10,LF,5,5,1,2,1,0,0,1,0,0,0,3,0
2026,,2026-04-22,822913,away,PIT,TEX,663698,Joey Bart,14,C,0,0,0,0,0,0,0,0,0,0,0,0,0
2026,,2026-04-22,822913,away,PIT,TEX,665833,Oneil Cruz,15,CF,5,5,1,1,0,0,1,3,0,3,0,4,2
2026,,2026-04-22,822913,away,PIT,TEX,663968,Jake Mangum,28,PH,1,1,1,0,0,0,0,1,0,0,0,0,1
2026,,2026-04-22,822913,away,PIT,TEX,695257,Billy Cook,25,RF,0,0,1,0,0,0,0,0,0,0,0,0,0
2026,,2026-04-22,822913,away,PIT,TEX,680779,Henry Davis,32,C,3,2,1,0,0,0,0,0,1,1,0,0,0
2026,,2026-04-22,822913,away,PIT,TEX,804606,Konnor Griffin,6,SS,4,4,0,0,0,0,0,0,0,2,0,0,4
2026,,2026-04-22,822913,away,PIT,TEX,656811,Ryan O'Hearn,29,1B,4,3,0,1,0,0,0,0,1,0,0,1,2
2026,,2026-04-22,822913,away,PIT,TEX,542303,Marcell Ozuna,24,DH,4,3,0,1,0,0,0,1,0,0,0,1,1
2026,,2026-04-22,822913,away,PIT,TEX,693304,Nick Gonzales,3,3B,4,4,1,1,0,0,0,0,0,0,1,1,2
2026,,2026-04-22,822913,home,TEX,PIT,694497,Evan Carter,32,CF,4,4,0,1,0,0,0,0,0,2,1,1,1
2026,,2026-04-22,822913,home,TEX,PIT,669394,Jake Burger,21,1B,4,4,0,1,0,0,0,2,0,1,0,1,0
2026,,2026-04-22,822913,home,TEX,PIT,592626,Joc Pederson,3,DH,3,1,1,0,0,0,0,0,2,0,0,0,0
2026,,2026-04-22,822913,home,TEX,PIT,608369,Corey Seager,5,SS,4,4,0,0,0,0,0,0,0,2,0,0,2
2026,,2026-04-22,822913,home,TEX,PIT,673962,Josh Jung,6,3B,4,4,1,2,0,0,1,2,0,1,0,5,1
2026,,2026-04-22,822913,home,TEX,PIT,457705,Andrew McCutchen,4,LF,1,1,1,1,0,0,0,0,0,0,0,1,0
2026,,2026-04-22,822913,home,TEX,PIT,543309,Kyle Higashioka,11,C,4,4,0,1,1,0,0,0,0,1,0,2,2
2026,,2026-04-22,822913,home,TEX,PIT,677649,Ezequiel Duran,20,2B,3,3,0,0,0,0,0,0,0,1,0,0,3
2026,,2026-04-22,822913,home,TEX,PIT,607043,Brandon Nimmo,24,RF,4,4,1,1,1,0,0,0,0,1,0,2,1
2026,,2026-04-22,822913,home,TEX,PIT,669701,Josh Smith,8,2B,2,2,0,0,0,0,0,0,0,0,0,0,2
2026,,2026-04-22,822913,home,TEX,PIT,664059,Sam Haggerty,0,DH,1,1,0,0,0,0,0,0,0,1,0,0,1
2026,,2026-04-22,824367,away,SDP,COL,669134,Luis Campusano,12,C,4,4,2,3,2,0,1,1,0,0,0,8,0
2026,,2026-04-22,824367,away,SDP,COL,592206,Nick Castellanos,21,1B,4,4,0,0,0,0,0,0,0,1,0,0,1
2026,,2026-04-22,824367,away,SDP,COL,701538,Jackson Merrill,3,CF,4,3,0,1,0,0,0,1,1,0,1,1,0
2026,,2026-04-22,824367,away,SDP,COL,657757,Gavin Sheets,30,DH,4,4,0,0,0,0,0,0,0,1,0,0,4
2026,,2026-04-22,824367,away,SDP,COL,657656,Ramón Laureano,5,LF,5,4,1,0,0,0,0,0,1,2,0,0,1
2026,,2026-04-22,824367,away,SDP,COL,592518,Manny Machado,13,3B,4,4,0,1,0,0,0,0,0,1,0,1,2
2026,,2026-04-22,824367,away,SDP,COL,665487,Fernando Tatis Jr.,23,RF,4,4,0,0,0,0,0,0,0,2,0,0,2
2026,,2026-04-22,824367,away,SDP,COL,593428,Xander Bogaerts,2,SS,4,4,0,2,0,0,0,0,0,0,0,2,2
2026,,2026-04-22,824367,away,SDP,COL,630105,Jake Cronenworth,9,2B,4,3,0,0,0,0,0,1,1,0,0,0,1
2026,,2026-04-22,824367,home,COL,SDP,666160,Mickey Moniak,22,RF,4,4,1,2,2,0,0,1,0,0,0,4,3
2026,,2026-04-22,824367,home,COL,SDP,664983,Jake McCarthy,31,LF,4,4,1,2,0,0,0,1,0,0,0,2,2
2026,,2026-04-22,824367,home,COL,SDP,687859,Troy Johnston,20,RF,4,4,1,1,0,0,0,0,0,2,0,1,2
2026,,2026-04-22,824367,home,COL,SDP,650489,Willi Castro,3,2B,4,3,1,2,0,0,0,1,1,0,0,2,0
2026,,2026-04-22,824367,home,COL,SDP,671289,Tyler Freeman,2,DH,5,5,0,1,0,0,0,1,0,0,0,1,3
2026,,2026-04-22,824367,home,COL,SDP,666397,Edouard Julien,6,2B,4,3,1,1,0,0,0,1,1,1,0,1,0
2026,,2026-04-22,824367,home,COL,SDP,696100,Hunter Goodman,15,C,5,4,2,3,2,0,1,1,1,1,0,8,1
2026,,2026-04-22,824367,home,COL,SDP,687597,Jordan Beck,27,RF,1,1,0,0,0,0,0,0,0,0,0,0,1
2026,,2026-04-22,824367,home,COL,SDP,686668,Brenton Doyle,9,CF,1,1,0,0,0,0,0,0,0,1,0,0,0
2026,,2026-04-22,824367,home,COL,SDP,678662,Ezequiel Tovar,14,SS,1,1,0,0,0,0,0,0,0,1,0,0,2
2026,,2026-04-22,824367,home,COL,SDP,681198,TJ Rumfield,7,1B,5,5,0,2,1,0,0,2,0,0,0,3,3
2026,,2026-04-22,824367,home,COL,SDP,691720,Kyle Karros,12,3B,4,3,1,1,1,0,0,0,1,0,0,2,2
2026,,2026-04-22,825097,away,CHW,ARI,671976,Tristan Peters,29,CF,2,2,1,1,0,1,0,0,0,1,0,3,1
2026,,2026-04-22,825097,away,CHW,ARI,695020,Tanner Murray,41,LF,2,2,0,0,0,0,0,0,0,1,0,0,2
2026,,2026-04-22,825097,away,CHW,ARI,682668,Luisangel Acuña,0,CF,2,2,0,0,0,0,0,0,0,0,0,0,1
2026,,2026-04-22,825097,away,CHW,ARI,808959,Munetaka Murakami,5,1B,5,5,1,3,0,0,1,2,0,1,0,6,2
2026,,2026-04-22,825097,away,CHW,ARI,805367,Chase Meidroth,10,2B,5,5,1,1,0,0,0,0,0,0,0,1,2
2026,,2026-04-22,825097,away,CHW,ARI,695657,Colson Montgomery,12,SS,5,5,1,1,0,0,1,2,0,2,0,4,6
2026,,2026-04-22,825097,away,CHW,ARI,700337,Edgar Quero,26,C,5,3,0,0,0,0,0,1,2,1,0,0,3
2026,,2026-04-22,825097,away,CHW,ARI,643217,Andrew Benintendi,23,RF,2,2,0,0,0,0,0,1,0,1,0,0,1
2026,,2026-04-22,825097,away,CHW,ARI,677592,Everson Pereira,28,DH,5,4,0,2,0,0,0,0,1,0,0,2,1
2026,,2026-04-22,825097,away,CHW,ARI,803011,Sam Antonacci,17,LF,2,2,0,1,0,0,0,0,0,0,0,1,0
2026,,2026-04-22,825097,away,CHW,ARI,656537,Derek Hill,25,RF,2,1,0,0,0,0,0,0,1,0,0,0,0
2026,,2026-04-22,825097,away,CHW,ARI,678246,Miguel Vargas,20,3B,5,4,3,2,0,0,1,1,1,1,1,5,0
2026,,2026-04-22,825097,home,ARI,CHW,571448,Nolan Arenado,28,3B,5,4,3,4,0,0,1,3,1,0,0,7,0
2026,,2026-04-22,825097,home,ARI,CHW,606466,Ketel Marte,4,2B,5,5,1,2,1,0,0,0,0,1,0,3,1
2026,,2026-04-22,825097,home,ARI,CHW,545121,Ildemaro Vargas,6,1B,5,5,2,2,0,0,2,5,0,1,0,8,4
2026,,2026-04-22,825097,home,ARI,CHW,672695,Geraldo Perdomo,2,SS,5,4,1,3,0,2,0,1,1,1,0,7,2
2026,,2026-04-22,825097,home,ARI,CHW,699912,Jose Fernandez,11,DH,5,3,2,2,0,0,0,0,2,0,0,2,0
2026,,2026-04-22,825097,home,ARI,CHW,682998,Corbin Carroll,7,RF,5,4,2,3,0,1,0,1,1,0,2,5,0
2026,,2026-04-22,825097,home,ARI,CHW,666971,Lourdes Gurriel Jr.,12,LF,5,5,0,0,0,0,0,0,0,0,0,0,5
2026,,2026-04-22,825097,home,ARI,CHW,543510,James McCann,8,C,5,5,0,0,0,0,0,0,0,2,0,0,2
2026,,2026-04-22,825097,home,ARI,CHW,678489,Jorge Barrosa,1,CF,4,3,0,0,0,0,0,0,1,0,0,0,0
2026,,2026-04-22,823231,away,LAD,SFG,669257,Will Smith,16,C,4,3,0,0,0,0,0,0,1,0,0,0,1
2026,,2026-04-22,823231,away,LAD,SFG,663656,Kyle Tucker,23,RF,4,4,0,0,0,0,0,0,0,1,0,0,1
2026,,2026-04-22,823231,away,LAD,SFG,571970,Max Muncy,13,3B,4,3,0,1,0,0,0,0,1,0,0,1,0
2026,,2026-04-22,823231,away,LAD,SFG,518692,Freddie Freeman,5,1B,4,4,0,2,0,0,0,0,0,0,0,2,0
2026,,2026-04-22,823231,away,LAD,SFG,808975,Hyeseong Kim,6,SS,3,3,0,0,0,0,0,0,0,1,0,0,3
2026,,2026-04-22,823231,away,LAD,SFG,660271,Shohei Ohtani,17,DH,4,4,0,0,0,0,0,0,0,1,0,0,1
2026,,2026-04-22,823231,away,LAD,SFG,606192,Teoscar Hernández,37,LF,4,4,0,0,0,0,0,0,0,1,0,0,3
2026,,2026-04-22,823231,away,LAD,SFG,681624,Andy Pages,44,CF,4,3,0,0,0,0,0,0,1,1,0,0,3
2026,,2026-04-22,823231,away,LAD,SFG,500743,Miguel Rojas,72,2B,3,3,0,1,0,0,0,0,0,0,0,1,1
2026,,2026-04-22,823231,home,SFG,LAD,669477,Casey Schmitt,10,DH,4,4,0,0,0,0,0,0,0,2,0,0,4
2026,,2026-04-22,823231,home,SFG,LAD,671218,Heliot Ramos,17,LF,3,3,1,2,0,0,0,0,0,0,0,2,0
2026,,2026-04-22,823231,home,SFG,LAD,672275,Patrick Bailey,14,C,3,3,1,1,0,0,1,3,0,0,0,4,1
2026,,2026-04-22,823231,home,SFG,LAD,656305,Matt Chapman,26,3B,4,4,0,1,0,0,0,0,0,2,0,1,1
2026,,2026-04-22,823231,home,SFG,LAD,687551,Drew Gilbert,0,CF,3,2,0,0,0,0,0,0,0,1,0,0,1
2026,,2026-04-22,823231,home,SFG,LAD,808982,Jung Hoo Lee,51,RF,3,3,1,1,0,0,0,0,0,1,0,1,0
2026,,2026-04-22,823231,home,SFG,LAD,646240,Rafael Devers,16,1B,4,4,0,2,1,0,0,0,0,0,0,3,0
2026,,2026-04-22,823231,home,SFG,LAD,642715,Willy Adames,2,SS,4,4,0,0,0,0,0,0,0,2,0,0,0
2026,,2026-04-22,823231,home,SFG,LAD,650333,Luis Arraez,1,2B,4,4,0,1,0,0,0,0,0,0,0,1,0
2026,,2026-04-23,822745,away,ATL,WSN,671739,Michael Harris II,23,CF,4,4,0,3,1,0,0,2,0,0,0,4,0
2026,,2026-04-23,822745,away,ATL,WSN,622761,Jorge Mateo,2,SS,1,1,0,0,0,0,0,0,0,1,0,0,0
2026,,2026-04-23,822745,away,ATL,WSN,643289,Mauricio Dubón,14,LF,5,5,0,0,0,0,0,0,0,3,0,0,7
2026,,2026-04-23,822745,away,ATL,WSN,686948,Drake Baldwin,30,C,5,4,1,1,0,0,0,0,1,3,1,1,1
2026,,2026-04-23,822745,away,ATL,WSN,621566,Matt Olson,28,1B,5,5,2,3,1,0,0,0,0,2,0,4,2
2026,,2026-04-23,822745,away,ATL,WSN,642086,Dominic Smith,8,DH,5,3,0,2,0,0,0,0,0,0,0,2,0
2026,,2026-04-23,822745,away,ATL,WSN,660670,Ronald Acuña Jr.,13,RF,5,5,0,1,0,0,0,0,0,1,0,1,0
2026,,2026-04-23,822745,away,ATL,WSN,642201,Eli White,36,CF,2,2,0,0,0,0,0,0,0,1,0,0,4
2026,,2026-04-23,822745,away,ATL,WSN,645277,Ozzie Albies,1,2B,5,4,2,3,0,0,1,4,0,1,0,6,0
2026,,2026-04-23,822745,away,ATL,WSN,663586,Austin Riley,27,3B,5,4,2,1,1,0,0,0,1,2,0,2,3
2026,,2026-04-23,822745,away,ATL,WSN,573262,Mike Yastrzemski,18,LF,2,2,0,0,0,0,0,0,0,1,0,0,2
2026,,2026-04-23,822745,home,WSN,ATL,682928,CJ Abrams,5,SS,4,3,1,1,0,0,1,1,1,1,0,4,0
2026,,2026-04-23,822745,home,WSN,ATL,683083,Nasim Nuñez,26,2B,3,3,0,0,0,0,0,0,0,0,0,0,3
2026,,2026-04-23,822745,home,WSN,ATL,686452,Drew Millas,14,C,0,0,0,0,0,0,0,0,0,0,0,0,0
2026,,2026-04-23,822745,home,WSN,ATL,678391,Jorbit Vivas,84,3B,3,3,0,1,0,0,0,0,0,1,0,1,1
2026,,2026-04-23,822745,home,WSN,ATL,686894,Joey Wiemer,21,PH,1,1,0,0,0,0,0,0,0,0,0,0,0
2026,,2026-04-23,822745,home,WSN,ATL,678554,Curtis Mead,45,1B,1,1,0,0,0,0,0,0,0,1,0,0,0
2026,,2026-04-23,822745,home,WSN,ATL,677588,José Tena,8,DH,4,4,0,0,0,0,0,0,0,3,0,0,0
2026,,2026-04-23,822745,home,WSN,ATL,695734,Daylen Lile,4,LF,3,2,0,2,0,0,0,0,1,0,0,2,0
2026,,2026-04-23,822745,home,WSN,ATL,695578,James Wood,29,RF,4,4,1,1,0,0,1,1,0,2,0,4,0
2026,,2026-04-23,822745,home,WSN,ATL,696285,Jacob Young,30,CF,4,4,0,0,0,0,0,0,0,1,0,0,1
2026,,2026-04-23,822745,home,WSN,ATL,660688,Keibert Ruiz,20,C,2,2,0,0,0,0,0,0,0,0,0,0,0
2026,,2026-04-23,822745,home,WSN,ATL,671277,Luis García Jr.,2,1B,3,3,0,0,0,0,0,0,0,1,0,0,0
2026,,2026-04-23,824288,away,MIL,DET,650859,Luis Rengifo,13,1B,4,3,0,0,0,0,0,0,0,0,0,0,1
2026,,2026-04-23,824288,away,MIL,DET,687401,Joey Ortiz,3,SS,4,3,0,1,0,0,0,0,1,1,0,1,0
2026,,2026-04-23,824288,away,MIL,DET,686217,Sal Frelick,10,RF,1,1,0,1,0,0,0,0,0,0,0,1,0
2026,,2026-04-23,824288,away,MIL,DET,663604,Brandon Lockridge,20,LF,4,3,0,1,0,0,0,0,1,2,0,1,0
2026,,2026-04-23,824288,away,MIL,DET,669003,Garrett Mitchell,5,CF,1,1,0,0,0,0,0,0,0,1,0,0,0
2026,,2026-04-23,824288,away,MIL,DET,666152,David Hamilton,6,3B,4,4,0,2,0,0,0,1,0,0,0,2,2
2026,,2026-04-23,824288,away,MIL,DET,663368,Blake Perkins,16,RF,3,3,1,1,1,0,0,2,0,0,0,2,0
2026,,2026-04-23,824288,away,MIL,DET,661388,William Contreras,24,DH,4,4,1,1,1,0,0,0,0,0,0,2,2
2026,,2026-04-23,824288,away,MIL,DET,668930,Brice Turang,2,2B,4,4,0,0,0,0,0,0,0,1,0,0,5
2026,,2026-04-23,824288,away,MIL,DET,682641,Luis Matos,21,RF,3,3,1,1,0,0,0,0,0,0,0,1,1
2026,,2026-04-23,824288,away,MIL,DET,596142,Gary Sánchez,99,C,4,4,1,2,1,0,0,1,0,1,0,3,0
2026,,2026-04-23,824288,home,DET,MIL,663330,Jahmai Jones,18,DH,1,1,1,1,0,0,1,1,0,0,0,4,0
2026,,2026-04-23,824288,home,DET,MIL,682985,Riley Greene,31,LF,4,3,1,2,0,0,1,2,1,1,0,5,0
2026,,2026-04-23,824288,home,DET,MIL,595879,Javier Báez,28,SS,3,3,0,1,0,0,0,0,0,0,0,1,0
2026,,2026-04-23,824288,home,DET,MIL,805808,Kevin McGonigle,7,3B,4,4,1,1,1,0,0,0,0,1,0,2,1
2026,,2026-04-23,824288,home,DET,MIL,681481,Kerry Carpenter,30,RF,2,2,0,0,0,0,0,0,0,1,0,0,2
2026,,2026-04-23,824288,home,DET,MIL,679529,Spencer Torkelson,20,1B,4,4,1,1,0,0,1,1,0,2,0,4,3
2026,,2026-04-23,824288,home,DET,MIL,650402,Gleyber Torres,25,2B,4,4,0,0,0,0,0,0,0,1,0,0,1
2026,,2026-04-23,824288,home,DET,MIL,663837,Matt Vierling,8,CF,2,1,0,0,0,0,0,0,1,1,0,0,0
2026,,2026-04-23,824288,home,DET,MIL,693307,Dillon Dingler,13,C,4,4,0,1,0,0,0,1,0,1,0,1,2
2026,,2026-04-23,824288,home,DET,MIL,690993,Colt Keith,33,DH,3,2,1,0,0,0,0,0,1,0,0,0,1
2026,,2026-04-23,824288,home,DET,MIL,672761,Wenceel Pérez,46,RF,3,3,0,0,0,0,0,0,0,0,0,0,0
2026,,2026-04-23,824689,away,PHI,CHC,669016,Brandon Marsh,16,LF,5,4,2,3,0,0,2,3,1,1,0,9,2
2026,,2026-04-23,824689,away,PHI,CHC,702222,Justin Crawford,2,CF,5,5,0,0,0,0,0,0,0,1,0,0,5
2026,,2026-04-23,824689,away,PHI,CHC,547180,Bryce Harper,3,1B,5,4,1,1,0,0,0,0,1,0,0,1,2
2026,,2026-04-23,824689,away,PHI,CHC,624641,Edmundo Sosa,33,2B,2,2,0,1,0,0,0,1,0,0,1,1,1
2026,,2026-04-23,824689,away,PHI,CHC,664761,Alec Bohm,28,3B,5,4,1,1,1,0,0,0,1,1,0,2,1
2026,,2026-04-23,824689,away,PHI,CHC,681082,Bryson Stott,5,2B,3,3,1,1,0,0,0,0,0,1,0,1,1
2026,,2026-04-23,824689,away,PHI,CHC,656941,Kyle Schwarber,12,DH,5,4,0,0,0,0,0,0,1,2,0,0,0
2026,,2026-04-23,824689,away,PHI,CHC,694025,Felix Reyes,29,LF,4,4,0,0,0,0,0,0,0,0,0,0,2
2026,,2026-04-23,824689,away,PHI,CHC,665561,Rafael Marchán,13,C,0,0,0,0,0,0,0,0,0,0,0,0,0
2026,,2026-04-23,824689,away,PHI,CHC,664238,Dylan Moore,25,LF,1,1,1,0,0,0,0,0,0,0,1,0,2
2026,,2026-04-23,824689,away,PHI,CHC,596117,Garrett Stubbs,21,C,3,2,0,0,0,0,0,1,0,0,0,0,0
2026,,2026-04-23,824689,away,PHI,CHC,666969,Adolis García,53,RF,1,1,1,1,0,0,1,1,0,0,0,4,0
2026,,2026-04-23,824689,away,PHI,CHC,607208,Trea Turner,7,SS,5,4,0,0,0,0,0,0,1,1,0,0,1
2026,,2026-04-23,824689,home,CHC,PHI,664023,Ian Happ,8,LF,6,6,3,2,0,0,1,1,0,1,0,5,5
2026,,2026-04-23,824689,home,CHC,PHI,664068,Scott Kingery,,DH,0,0,0,0,0,0,0,0,0,0,0,0,0
2026,,2026-04-23,824689,home,CHC,PHI,608324,Alex Bregman,3,3B,6,5,0,1,0,0,0,0,1,1,0,1,5
2026,,2026-04-23,824689,home,CHC,PHI,608348,Carson Kelly,15,C,6,5,2,3,1,0,0,0,0,0,0,4,1
2026,,2026-04-23,824689,home,CHC,PHI,683737,Michael Busch,29,1B,6,6,1,2,0,0,1,4,0,2,0,5,6
2026,,2026-04-23,824689,home,CHC,PHI,691718,Pete Crow-Armstrong,4,CF,2,2,0,0,0,0,0,0,0,2,0,0,0
2026,,2026-04-23,824689,home,CHC,PHI,665804,Miguel Amaya,9,DH,3,3,0,1,0,0,0,0,0,1,0,1,3
2026,,2026-04-23,824689,home,CHC,PHI,694208,Moisés Ballesteros,25,DH,2,2,0,2,2,0,0,0,0,0,0,4,0
2026,,2026-04-23,824689,home,CHC,PHI,673548,Seiya Suzuki,27,RF,6,4,2,3,0,0,1,1,2,0,0,6,1
2026,,2026-04-23,824689,home,CHC,PHI,621020,Dansby Swanson,7,SS,6,5,0,2,0,0,0,2,0,0,0,2,2
2026,,2026-04-23,824689,home,CHC,PHI,663538,Nico Hoerner,2,2B,6,5,0,0,0,0,0,0,1,0,0,0,7
2026,,2026-04-23,824689,home,CHC,PHI,807713,Matt Shaw,6,CF,3,2,0,2,0,0,0,0,1,0,1,2,0
2026,,2026-04-23,824368,away,SDP,COL,666023,Freddy Fermin,54,C,5,4,1,0,0,0,0,0,1,2,0,0,1
2026,,2026-04-23,824368,away,SDP,COL,701538,Jackson Merrill,3,CF,5,3,1,0,0,0,0,0,1,3,0,0,1
2026,,2026-04-23,824368,away,SDP,COL,657757,Gavin Sheets,30,1B,2,2,1,1,0,0,1,3,0,0,0,4,0
2026,,2026-04-23,824368,away,SDP,COL,657656,Ramón Laureano,5,LF,6,6,0,3,0,1,0,2,0,1,0,5,1
2026,,2026-04-23,824368,away,SDP,COL,592518,Manny Machado,13,3B,5,5,2,2,0,0,0,0,0,1,0,2,3
2026,,2026-04-23,824368,away,SDP,COL,609280,Miguel Andujar,41,DH,5,5,0,2,1,0,0,3,0,2,0,3,3
2026,,2026-04-23,824368,away,SDP,COL,665487,Fernando Tatis Jr.,23,RF,5,5,0,1,0,0,0,0,0,3,0,1,4
2026,,2026-04-23,824368,away,SDP,COL,664034,Ty France,25,1B,3,3,0,0,0,0,0,0,0,0,0,0,1
2026,,2026-04-23,824368,away,SDP,COL,669369,Bryce Johnson,29,DH,0,0,1,0,0,0,0,0,0,0,0,0,0
2026,,2026-04-23,824368,away,SDP,COL,593428,Xander Bogaerts,2,SS,5,3,3,2,0,0,1,2,2,0,0,5,1
2026,,2026-04-23,824368,away,SDP,COL,630105,Jake Cronenworth,9,2B,5,4,1,2,0,0,0,0,1,1,1,2,1
2026,,2026-04-23,824368,home,COL,SDP,666160,Mickey Moniak,22,LF,5,5,3,4,0,0,2,2,0,1,0,10,1
2026,,2026-04-23,824368,home,COL,SDP,664983,Jake McCarthy,31,CF,2,2,1,1,1,0,0,0,0,0,0,2,0
2026,,2026-04-23,824368,home,COL,SDP,687859,Troy Johnston,20,RF,5,4,0,3,0,0,0,2,1,0,0,3,1
2026,,2026-04-23,824368,home,COL,SDP,650489,Willi Castro,3,2B,2,1,0,0,0,0,0,0,1,1,0,0,1
2026,,2026-04-23,824368,home,COL,SDP,671289,Tyler Freeman,2,2B,3,2,1,1,1,0,0,1,0,0,0,2,0
2026,,2026-04-23,824368,home,COL,SDP,666397,Edouard Julien,6,DH,5,5,2,2,0,1,0,1,0,2,0,4,1
2026,,2026-04-23,824368,home,COL,SDP,664954,Brett Sullivan,26,C,4,4,0,0,0,0,0,0,0,0,0,0,1
2026,,2026-04-23,824368,home,COL,SDP,686668,Brenton Doyle,9,CF,2,2,0,1,0,0,0,0,0,0,0,1,0
2026,,2026-04-23,824368,home,COL,SDP,678662,Ezequiel Tovar,14,SS,5,5,0,0,0,0,0,0,0,0,0,0,6
2026,,2026-04-23,824368,home,COL,SDP,681198,TJ Rumfield,7,1B,5,4,1,2,2,0,0,2,1,0,0,4,1
2026,,2026-04-23,824368,home,COL,SDP,691720,Kyle Karros,12,3B,4,4,0,0,0,0,0,0,0,0,0,0,1
2026,,2026-04-23,825096,away,CHW,ARI,671976,Tristan Peters,29,CF,4,3,0,1,0,0,0,0,0,0,0,1,3
2026,,2026-04-23,825096,away,CHW,ARI,808959,Munetaka Murakami,5,1B,5,5,0,1,0,0,0,0,0,3,0,1,0
2026,,2026-04-23,825096,away,CHW,ARI,805367,Chase Meidroth,10,2B,4,3,1,2,0,0,0,0,1,1,0,2,0
2026,,2026-04-23,825096,away,CHW,ARI,695657,Colson Montgomery,12,SS,4,4,0,3,0,0,0,0,0,0,0,3,1
2026,,2026-04-23,825096,away,CHW,ARI,624512,Reese McGuire,30,C,3,3,0,0,0,0,0,0,0,2,0,0,1
2026,,2026-04-23,825096,away,CHW,ARI,700337,Edgar Quero,26,C,1,0,1,0,0,0,0,0,1,0,0,0,0
2026,,2026-04-23,825096,away,CHW,ARI,643217,Andrew Benintendi,23,DH,5,5,2,2,0,0,1,3,0,2,0,5,0
2026,,2026-04-23,825096,away,CHW,ARI,677592,Everson Pereira,28,RF,4,4,0,0,0,0,0,0,0,1,0,0,5
2026,,2026-04-23,825096,away,CHW,ARI,803011,Sam Antonacci,17,LF,4,4,0,0,0,0,0,0,0,1,0,0,2
2026,,2026-04-23,825096,away,CHW,ARI,656537,Derek Hill,25,RF,0,0,0,0,0,0,0,0,0,0,1,0,0
2026,,2026-04-23,825096,away,CHW,ARI,678246,Miguel Vargas,20,3B,5,4,0,1,0,0,0,1,1,0,1,1,0
2026,,2026-04-23,825096,home,ARI,CHW,680728,Adrian Del Castillo,25,DH,4,4,0,1,1,0,0,1,0,2,0,2,1
2026,,2026-04-23,825096,home,ARI,CHW,571448,Nolan Arenado,28,3B,4,4,0,1,0,0,0,0,0,2,0,1,1
2026,,2026-04-23,825096,home,ARI,CHW,606466,Ketel Marte,4,2B,4,4,1,2,0,0,0,0,0,0,0,2,2
2026,,2026-04-23,825096,home,ARI,CHW,545121,Ildemaro Vargas,6,1B,4,4,0,1,0,0,0,0,0,0,0,1,1
2026,,2026-04-23,825096,home,ARI,CHW,672695,Geraldo Perdomo,2,SS,4,4,0,1,0,0,0,0,0,2,0,1,2
2026,,2026-04-23,825096,home,ARI,CHW,699912,Jose Fernandez,11,PH,1,1,0,0,0,0,0,0,0,1,0,0,2
2026,,2026-04-23,825096,home,ARI,CHW,682998,Corbin Carroll,7,RF,4,4,0,0,0,0,0,0,0,1,0,0,3
2026,,2026-04-23,825096,home,ARI,CHW,605244,Aramis Garcia,35,C,2,2,0,1,0,0,0,0,0,1,0,1,1
2026,,2026-04-23,825096,home,ARI,CHW,543510,James McCann,8,C,0,0,0,0,0,0,0,0,0,0,0,0,0
2026,,2026-04-23,825096,home,ARI,CHW,678489,Jorge Barrosa,1,LF,4,4,0,0,0,0,0,0,0,3,0,0,1
2026,,2026-04-23,825096,home,ARI,CHW,677950,Alek Thomas,5,CF,3,2,0,1,1,0,0,0,1,0,1,2,0
2026,,2026-04-23,823233,away,LAD,SFG,687221,Dalton Rushing,68,C,4,2,0,1,0,0,0,1,1,0,0,1,1
2026,,2026-04-23,823233,away,LAD,SFG,663656,Kyle Tucker,23,RF,4,4,1,2,1,0,0,0,0,1,0,3,0
2026,,2026-04-23,823233,away,LAD,SFG,571970,Max Muncy,13,3B,4,3,2,1,1,0,0,0,1,0,0,2,1
2026,,2026-04-23,823233,away,LAD,SFG,518692,Freddie Freeman,5,1B,4,4,0,1,0,0,0,0,0,0,0,1,0
2026,,2026-04-23,823233,away,LAD,SFG,808975,Hyeseong Kim,6,SS,4,4,0,2,0,0,0,1,0,1,1,2,2
2026,,2026-04-23,823233,away,LAD,SFG,660271,Shohei Ohtani,17,DH,5,5,0,0,0,0,0,0,0,2,0,0,5
2026,,2026-04-23,823233,away,LAD,SFG,606192,Teoscar Hernández,37,LF,4,4,0,0,0,0,0,0,0,2,0,0,1
2026,,2026-04-23,823233,away,LAD,SFG,681624,Andy Pages,44,CF,4,4,0,0,0,0,0,0,0,0,0,0,2
2026,,2026-04-23,823233,away,LAD,SFG,690976,Alex Freeland,76,2B,4,3,0,1,0,0,0,0,1,1,0,1,2
2026,,2026-04-23,823233,home,SFG,LAD,666464,Jerar Encarnacion,19,PH,1,1,0,0,0,0,0,0,0,0,0,0,0
2026,,2026-04-23,823233,home,SFG,LAD,671218,Heliot Ramos,17,LF,3,3,0,0,0,0,0,0,0,2,0,0,0
2026,,2026-04-23,823233,home,SFG,LAD,686823,Will Brennan,7,DH,3,3,0,0,0,0,0,0,0,1,0,0,0
2026,,2026-04-23,823233,home,SFG,LAD,656305,Matt Chapman,26,3B,3,3,0,0,0,0,0,0,0,1,0,0,2
2026,,2026-04-23,823233,home,SFG,LAD,672275,Patrick Bailey,14,C,3,3,0,0,0,0,0,0,0,0,0,0,0
2026,,2026-04-23,823233,home,SFG,LAD,808982,Jung Hoo Lee,51,RF,3,3,0,0,0,0,0,0,0,0,0,0,1
2026,,2026-04-23,823233,home,SFG,LAD,687551,Drew Gilbert,0,CF,2,2,0,0,0,0,0,0,0,0,0,0,0
2026,,2026-04-23,823233,home,SFG,LAD,646240,Rafael Devers,16,1B,3,3,0,0,0,0,0,0,0,3,0,0,1
2026,,2026-04-23,823233,home,SFG,LAD,642715,Willy Adames,2,SS,4,4,0,0,0,0,0,0,0,2,0,0,0
2026,,2026-04-23,823233,home,SFG,LAD,650333,Luis Arraez,1,2B,3,2,0,1,0,0,0,0,1,0,1,1,0
2026,,2026-04-23,824770,away,NYY,BOS,676609,José Caballero,72,SS,4,4,1,2,1,0,0,0,0,1,0,3,0
2026,,2026-04-23,824770,away,NYY,BOS,642708,Amed Rosario,14,3B,3,3,0,1,0,0,0,0,0,1,0,1,0
2026,,2026-04-23,824770,away,NYY,BOS,545341,Randal Grichuk,34,LF,3,3,0,0,0,0,0,0,0,2,0,0,3
2026,,2026-04-23,824770,away,NYY,BOS,592450,Aaron Judge,99,RF,5,4,0,1,0,0,0,1,1,3,0,1,0
2026,,2026-04-23,824770,away,NYY,BOS,641857,Ryan McMahon,19,3B,1,1,0,1,0,0,0,0,0,0,0,1,0
2026,,2026-04-23,824770,away,NYY,BOS,669224,Austin Wells,28,C,4,4,0,0,0,0,0,0,0,1,0,0,5
2026,,2026-04-23,824770,away,NYY,BOS,700250,Ben Rice,22,1B,5,4,0,1,0,0,0,0,1,2,0,1,0
2026,,2026-04-23,824770,away,NYY,BOS,641355,Cody Bellinger,35,LF,2,2,0,1,0,0,0,2,0,0,0,1,0
2026,,2026-04-23,824770,away,NYY,BOS,519317,Giancarlo Stanton,27,DH,4,4,0,0,0,0,0,0,0,4,0,0,6
2026,,2026-04-23,824770,away,NYY,BOS,665862,Jazz Chisholm Jr.,13,2B,4,4,2,2,0,0,1,1,0,1,0,5,1
2026,,2026-04-23,824770,away,NYY,BOS,663757,Trent Grisham,12,CF,4,4,1,1,0,0,0,0,0,2,0,1,4
2026,,2026-04-23,824770,home,BOS,NYY,575929,Willson Contreras,40,1B,4,4,0,0,0,0,0,0,0,2,0,0,0
2026,,2026-04-23,824770,home,BOS,NYY,596115,Trevor Story,10,SS,3,3,1,0,0,0,0,0,0,0,0,0,1
2026,,2026-04-23,824770,home,BOS,NYY,677800,Wilyer Abreu,52,RF,3,2,0,1,0,0,0,0,1,0,0,1,0
2026,,2026-04-23,824770,home,BOS,NYY,702332,Caleb Durbin,5,3B,3,3,0,0,0,0,0,0,0,0,0,0,1
2026,,2026-04-23,824770,home,BOS,NYY,665966,Carlos Narváez,75,C,3,3,1,1,0,0,1,1,0,2,0,4,0
2026,,2026-04-23,824770,home,BOS,NYY,680776,Jarren Duran,16,LF,4,4,0,1,0,0,0,0,0,1,0,1,0
2026,,2026-04-23,824770,home,BOS,NYY,678882,Ceddanne Rafaela,3,CF,4,4,0,0,0,0,0,0,0,0,0,0,1
2026,,2026-04-23,824770,home,BOS,NYY,807799,Masataka Yoshida,7,DH,4,4,0,0,0,0,0,0,0,0,0,0,1
2026,,2026-04-23,824770,home,BOS,NYY,691785,Marcelo Mayer,11,2B,3,3,0,1,1,0,0,1,0,0,0,2,0
2026,,2026-04-23,823639,away,MIN,NYM,665019,Kody Clemens,2,1B,5,4,0,0,0,0,0,0,1,1,0,0,1
2026,,2026-04-23,823639,away,MIN,NYM,686797,Brooks Lee,22,SS,5,4,3,3,0,0,0,0,1,0,0,3,0
2026,,2026-04-23,823639,away,MIN,NYM,668885,Austin Martin,16,RF,5,4,0,3,0,0,0,1,1,0,0,3,0
2026,,2026-04-23,823639,away,MIN,NYM,656484,Tristan Gray,4,3B,5,5,1,2,0,0,1,2,0,1,0,5,3
2026,,2026-04-23,823639,away,MIN,NYM,605137,Josh Bell,56,DH,5,4,1,1,0,0,0,1,1,0,0,1,3
2026,,2026-04-23,823639,away,MIN,NYM,680777,Ryan Jeffers,27,C,5,3,1,1,0,0,1,4,2,1,0,4,2
2026,,2026-04-23,823639,away,MIN,NYM,663616,Trevor Larnach,9,LF,6,5,2,1,0,0,0,0,1,3,0,1,5
2026,,2026-04-23,823639,away,MIN,NYM,621439,Byron Buxton,25,CF,6,5,0,1,1,0,0,0,0,2,0,2,2
2026,,2026-04-23,823639,away,MIN,NYM,807712,Luke Keaschall,15,2B,5,5,0,0,0,0,0,0,0,1,0,0,7
2026,,2026-04-23,823639,home,NYM,MIN,666182,Bo Bichette,19,3B,5,5,2,3,1,0,0,3,0,2,1,4,0
2026,,2026-04-23,823639,home,NYM,MIN,621438,Tyrone Taylor,28,RF,1,0,0,0,0,0,0,0,0,0,0,0,0
2026,,2026-04-23,823639,home,NYM,MIN,682626,Francisco Alvarez,4,C,4,3,0,0,0,0,0,1,0,2,0,0,3
2026,,2026-04-23,823639,home,NYM,MIN,668901,Mark Vientos,27,1B,3,3,0,0,0,0,0,0,0,0,0,0,0
2026,,2026-04-23,823639,home,NYM,MIN,683146,Brett Baty,7,1B,4,4,2,2,0,0,1,3,0,1,0,5,2
2026,,2026-04-23,823639,home,NYM,MIN,701807,Carson Benge,3,LF,3,3,2,2,1,0,1,1,0,1,0,6,0
2026,,2026-04-23,823639,home,NYM,MIN,502054,Tommy Pham,39,LF,1,0,1,0,0,0,0,0,1,0,0,0,0
2026,,2026-04-23,823639,home,NYM,MIN,543760,Marcus Semien,10,2B,4,4,2,2,1,0,0,0,0,1,1,3,0
2026,,2026-04-23,823639,home,NYM,MIN,665742,Juan Soto,22,DH,5,3,0,0,0,0,0,0,2,0,0,0,2
2026,,2026-04-23,823639,home,NYM,MIN,677595,Ronny Mauricio,0,SS,4,4,0,0,0,0,0,0,0,2,0,0,3
2026,,2026-04-23,823639,home,NYM,MIN,673357,Luis Robert Jr.,88,CF,4,4,1,1,1,0,0,1,0,0,0,2,3
2026,,2026-04-23,822912,away,PIT,TEX,687462,Spencer Horwitz,2,1B,4,3,0,0,0,0,0,0,1,0,0,0,3
2026,,2026-04-23,822912,away,PIT,TEX,664040,Brandon Lowe,5,2B,4,4,0,0,0,0,0,0,0,2,0,0,1
2026,,2026-04-23,822912,away,PIT,TEX,663698,Joey Bart,14,C,3,3,0,1,0,0,0,0,0,1,0,1,0
2026,,2026-04-23,822912,away,PIT,TEX,668804,Bryan Reynolds,10,LF,4,4,0,0,0,0,0,0,0,2,0,0,1
2026,,2026-04-23,822912,away,PIT,TEX,665833,Oneil Cruz,15,CF,4,4,1,1,0,0,1,1,0,2,0,4,1
2026,,2026-04-23,822912,away,PIT,TEX,804606,Konnor Griffin,6,SS,4,4,0,0,0,0,0,0,0,2,0,0,5
2026,,2026-04-23,822912,away,PIT,TEX,656811,Ryan O'Hearn,29,RF,4,3,0,1,0,0,0,0,1,1,0,1,0
2026,,2026-04-23,822912,away,PIT,TEX,693304,Nick Gonzales,3,3B,4,3,0,2,0,0,0,0,0,0,0,2,0
2026,,2026-04-23,822912,away,PIT,TEX,542303,Marcell Ozuna,24,DH,4,4,0,0,0,0,0,0,0,3,0,0,0
2026,,2026-04-23,822912,home,TEX,PIT,694497,Evan Carter,32,CF,4,4,1,2,0,0,1,2,0,1,0,5,3
2026,,2026-04-23,822912,home,TEX,PIT,669394,Jake Burger,21,1B,4,4,0,0,0,0,0,0,0,0,0,0,2
2026,,2026-04-23,822912,home,TEX,PIT,696030,Alejandro Osuna,19,LF,4,2,1,1,0,0,0,0,2,0,0,1,0
2026,,2026-04-23,822912,home,TEX,PIT,592626,Joc Pederson,3,DH,3,3,1,1,0,0,0,1,0,1,0,1,3
2026,,2026-04-23,822912,home,TEX,PIT,608369,Corey Seager,5,SS,4,4,1,2,0,0,1,3,0,1,0,5,1
2026,,2026-04-23,822912,home,TEX,PIT,673962,Josh Jung,6,3B,4,3,1,1,0,0,0,0,0,0,0,1,0
2026,,2026-04-23,822912,home,TEX,PIT,457705,Andrew McCutchen,4,DH,2,2,0,0,0,0,0,0,0,1,0,0,2
2026,,2026-04-23,822912,home,TEX,PIT,607043,Brandon Nimmo,24,RF,5,3,0,2,1,0,0,0,2,1,0,3,2
2026,,2026-04-23,822912,home,TEX,PIT,669701,Josh Smith,8,2B,4,3,1,0,0,0,0,0,1,1,1,0,0
2026,,2026-04-23,822912,home,TEX,PIT,643376,Danny Jansen,9,C,4,4,0,0,0,0,0,0,0,1,0,0,1
2026,,2026-04-24,824529,away,DET,CIN,701678,Hao-Yu  Lee,50,2B,2,2,0,0,0,0,0,0,0,0,0,0,1
2026,,2026-04-24,824529,away,DET,CIN,663330,Jahmai Jones,18,RF,3,3,0,1,0,0,0,1,0,1,0,1,0
2026,,2026-04-24,824529,away,DET,CIN,682985,Riley Greene,31,LF,5,5,1,2,0,0,1,1,0,1,0,5,2
2026,,2026-04-24,824529,away,DET,CIN,595879,Javier Báez,28,2B,4,4,1,1,0,0,1,1,0,1,0,4,5
2026,,2026-04-24,824529,away,DET,CIN,805808,Kevin McGonigle,7,SS,5,3,1,1,0,0,0,0,1,1,1,1,1
2026,,2026-04-24,824529,away,DET,CIN,681481,Kerry Carpenter,30,RF,2,2,1,1,0,0,1,2,0,0,0,4,3
2026,,2026-04-24,824529,away,DET,CIN,679529,Spencer Torkelson,20,1B,4,3,2,2,1,0,1,1,1,0,0,6,0
2026,,2026-04-24,824529,away,DET,CIN,650402,Gleyber Torres,25,DH,5,2,1,0,0,0,0,0,3,1,0,0,0
2026,,2026-04-24,824529,away,DET,CIN,663837,Matt Vierling,8,CF,5,5,0,1,1,0,0,2,0,0,0,2,4
2026,,2026-04-24,824529,away,DET,CIN,693307,Dillon Dingler,13,C,5,4,0,0,0,0,0,0,1,1,0,0,4
2026,,2026-04-24,824529,away,DET,CIN,690993,Colt Keith,33,3B,2,2,1,2,0,0,0,0,0,0,0,2,0
2026,,2026-04-24,824529,home,CIN,DET,682829,Elly De La Cruz,44,SS,5,4,1,2,0,0,0,0,1,0,0,2,0
2026,,2026-04-24,824529,home,CIN,DET,667472,Dane Myers,17,CF,5,3,2,1,0,0,0,0,2,2,0,1,0
2026,,2026-04-24,824529,home,CIN,DET,701398,Sal Stewart,27,3B,5,4,0,0,0,0,0,0,1,2,1,0,3
2026,,2026-04-24,824529,home,CIN,DET,663993,Nathaniel Lowe,31,DH,5,5,3,2,0,0,2,3,0,0,0,8,2
2026,,2026-04-24,824529,home,CIN,DET,680574,Matt McLain,9,2B,5,4,2,2,0,0,2,4,1,0,0,8,1
2026,,2026-04-24,824529,home,CIN,DET,663647,Ke'Bryan Hayes,3,3B,3,3,0,0,0,0,0,0,0,1,0,0,1
2026,,2026-04-24,824529,home,CIN,DET,670770,TJ Friedl,29,LF,1,1,0,0,0,0,0,0,0,1,0,0,0
2026,,2026-04-24,824529,home,CIN,DET,668715,Spencer Steer,7,1B,5,5,1,2,0,0,0,0,0,2,1,2,1
2026,,2026-04-24,824529,home,CIN,DET,663886,Tyler Stephenson,37,C,4,3,0,1,1,0,0,1,1,2,0,2,2
2026,,2026-04-24,824529,home,CIN,DET,677956,Rece Hinds,57,RF,4,4,0,1,1,0,0,0,0,3,0,2,4
2026,,2026-04-24,824854,away,BOS,BAL,575929,Willson Contreras,40,1B,4,4,0,0,0,0,0,0,0,4,0,0,1
2026,,2026-04-24,824854,away,BOS,BAL,596115,Trevor Story,10,SS,4,3,0,2,0,0,0,0,1,0,0,2,1
2026,,2026-04-24,824854,away,BOS,BAL,677800,Wilyer Abreu,52,RF,4,4,2,2,1,0,1,1,0,1,0,6,1
2026,,2026-04-24,824854,away,BOS,BAL,702332,Caleb Durbin,5,3B,4,3,1,1,0,0,0,0,1,0,0,1,2
2026,,2026-04-24,824854,away,BOS,BAL,665966,Carlos Narváez,75,C,4,4,0,1,0,0,0,0,0,1,0,1,3
2026,,2026-04-24,824854,away,BOS,BAL,680776,Jarren Duran,16,LF,5,5,0,1,0,0,0,0,0,0,1,1,4
2026,,2026-04-24,824854,away,BOS,BAL,678882,Ceddanne Rafaela,3,CF,4,4,0,0,0,0,0,1,0,0,0,0,2
2026,,2026-04-24,824854,away,BOS,BAL,807799,Masataka Yoshida,7,DH,4,4,0,1,0,0,0,0,0,0,0,1,2
2026,,2026-04-24,824854,away,BOS,BAL,691785,Marcelo Mayer,11,2B,4,4,0,2,1,0,0,1,0,0,0,3,2
2026,,2026-04-24,824854,home,BAL,BOS,669236,Jeremiah Jackson,82,2B,4,4,0,0,0,0,0,0,0,0,0,0,1
2026,,2026-04-24,824854,home,BAL,BOS,694212,Samuel Basallo,29,DH,5,5,1,4,1,0,1,1,0,0,0,8,2
2026,,2026-04-24,824854,home,BAL,BOS,683002,Gunnar Henderson,2,SS,5,5,3,3,0,0,1,1,0,1,0,6,0
2026,,2026-04-24,824854,home,BAL,BOS,665750,Leody Taveras,30,CF,5,4,0,0,0,0,0,0,1,1,0,0,5
2026,,2026-04-24,824854,home,BAL,BOS,621493,Taylor Ward,3,LF,5,4,2,4,0,0,0,0,1,0,0,4,0
2026,,2026-04-24,824854,home,BAL,BOS,687637,Dylan Beavers,12,RF,5,5,1,3,0,0,1,1,0,0,0,6,0
2026,,2026-04-24,824854,home,BAL,BOS,668939,Adley Rutschman,35,C,5,5,2,3,0,0,2,6,0,0,0,9,2
2026,,2026-04-24,824854,home,BAL,BOS,677942,Blaze Alexander,23,SS,0,0,0,0,0,0,0,0,0,0,0,0,0
2026,,2026-04-24,824854,home,BAL,BOS,624413,Pete Alonso,25,1B,5,5,0,1,0,0,0,0,0,1,0,1,3
2026,,2026-04-24,824854,home,BAL,BOS,691723,Coby Mayo,16,3B,5,5,1,2,0,0,1,1,0,2,0,5,2
2026,,2026-04-24,822827,away,CLE,TOR,671655,George Valera,7,LF,4,4,1,1,1,0,0,2,0,1,0,2,1
2026,,2026-04-24,822827,away,CLE,TOR,800050,Chase DeLauter,24,RF,5,4,0,0,0,0,0,1,1,0,0,0,3
2026,,2026-04-24,822827,away,CLE,TOR,682177,Daniel Schneemann,10,2B,5,4,1,2,1,0,1,1,1,2,0,6,0
2026,,2026-04-24,822827,away,CLE,TOR,677587,Brayan Rocchio,4,SS,4,4,1,2,0,0,0,0,0,0,0,2,1
2026,,2026-04-24,822827,away,CLE,TOR,666310,Bo Naylor,23,C,4,4,0,1,0,0,0,0,0,1,0,1,0
2026,,2026-04-24,822827,away,CLE,TOR,608070,José Ramírez,11,3B,5,4,1,1,0,0,0,0,1,0,0,1,5
2026,,2026-04-24,822827,away,CLE,TOR,680757,Steven Kwan,38,CF,0,0,0,0,0,0,0,0,0,0,0,0,0
2026,,2026-04-24,822827,away,CLE,TOR,682657,Angel Martínez,1,LF,4,4,2,2,0,0,2,4,0,2,0,8,0
2026,,2026-04-24,822827,away,CLE,TOR,700932,Kyle Manzardo,9,1B,5,5,0,0,0,0,0,0,0,0,0,0,7
2026,,2026-04-24,822827,away,CLE,TOR,656555,Rhys Hoskins,8,DH,5,4,2,1,0,0,0,0,1,2,0,1,1
2026,,2026-04-24,822827,home,TOR,CLE,672820,Lenyn Sosa,50,DH,4,4,1,1,0,0,0,0,0,2,0,1,0
2026,,2026-04-24,822827,home,TOR,CLE,676391,Ernie Clement,22,2B,4,4,0,1,1,0,0,1,0,0,0,2,1
2026,,2026-04-24,822827,home,TOR,CLE,662139,Daulton Varsho,5,CF,4,4,0,0,0,0,0,0,0,0,0,0,1
2026,,2026-04-24,822827,home,TOR,CLE,665926,Andrés Giménez,0,SS,4,4,0,3,1,0,0,2,0,0,0,4,0
2026,,2026-04-24,822827,home,TOR,CLE,676914,Davis Schneider,36,LF,4,3,2,0,0,0,0,0,1,1,0,0,2
2026,,2026-04-24,822827,home,TOR,CLE,664770,Nathan Lukes,38,RF,1,1,0,1,1,0,0,0,0,0,0,2,0
2026,,2026-04-24,822827,home,TOR,CLE,623168,Tyler Heineman,55,C,3,3,0,0,0,0,0,0,0,0,0,0,2
2026,,2026-04-24,822827,home,TOR,CLE,665489,Vladimir Guerrero Jr.,27,1B,4,4,0,0,0,0,0,1,0,0,0,0,1
2026,,2026-04-24,822827,home,TOR,CLE,660821,Jesús Sánchez,12,RF,3,3,1,1,0,0,1,1,0,1,0,4,0
2026,,2026-04-24,822827,home,TOR,CLE,650391,Eloy Jiménez,74,PH,1,1,0,0,0,0,0,0,0,0,0,0,2
2026,,2026-04-24,822827,home,TOR,CLE,664702,Myles Straw,3,RF,1,1,0,0,0,0,0,0,0,0,0,0,0
2026,,2026-04-24,822827,home,TOR,CLE,672960,Kazuma Okamoto,7,3B,4,3,2,2,0,0,1,1,1,1,0,5,0
2026,,2026-04-24,823638,away,COL,NYM,666160,Mickey Moniak,22,DH,5,5,0,1,0,0,0,0,0,2,0,1,3
2026,,2026-04-24,823638,away,COL,NYM,664983,Jake McCarthy,31,LF,3,3,0,1,1,0,0,1,0,1,0,2,1
2026,,2026-04-24,823638,away,COL,NYM,687859,Troy Johnston,20,RF,5,5,0,1,0,0,0,2,0,2,0,1,2
2026,,2026-04-24,823638,away,COL,NYM,671289,Tyler Freeman,2,2B,5,4,0,1,0,0,0,0,0,1,0,1,3
2026,,2026-04-24,823638,away,COL,NYM,696100,Hunter Goodman,15,C,5,4,1,1,0,0,0,0,1,2,0,1,1
2026,,2026-04-24,823638,away,COL,NYM,687597,Jordan Beck,27,LF,1,1,0,0,0,0,0,0,0,1,0,0,2
2026,,2026-04-24,823638,away,COL,NYM,686668,Brenton Doyle,9,CF,4,3,1,1,0,0,0,0,1,2,1,1,2
2026,,2026-04-24,823638,away,COL,NYM,678662,Ezequiel Tovar,14,SS,4,4,0,2,0,0,0,0,0,2,0,2,4
2026,,2026-04-24,823638,away,COL,NYM,681198,TJ Rumfield,7,1B,5,3,1,1,0,0,0,1,1,1,0,1,3
2026,,2026-04-24,823638,away,COL,NYM,691720,Kyle Karros,12,3B,5,4,1,1,0,0,0,0,1,1,0,1,2
2026,,2026-04-24,823638,home,NYM,COL,620443,Luis Torrens,13,C,0,0,0,0,0,0,0,0,0,0,0,0,0
2026,,2026-04-24,823638,home,NYM,COL,666182,Bo Bichette,19,3B,4,4,1,1,0,0,0,0,0,0,0,1,2
2026,,2026-04-24,823638,home,NYM,COL,621438,Tyrone Taylor,28,CF,3,3,0,1,0,0,0,0,0,1,0,1,2
2026,,2026-04-24,823638,home,NYM,COL,682626,Francisco Alvarez,4,C,4,4,0,1,0,0,0,0,0,1,0,1,1
2026,,2026-04-24,823638,home,NYM,COL,668901,Mark Vientos,27,1B,4,4,0,2,0,0,0,0,0,1,0,2,2
2026,,2026-04-24,823638,home,NYM,COL,683146,Brett Baty,7,RF,4,4,1,2,1,0,0,2,0,0,0,3,0
2026,,2026-04-24,823638,home,NYM,COL,701807,Carson Benge,3,LF,4,4,0,1,0,0,0,0,0,0,0,1,1
2026,,2026-04-24,823638,home,NYM,COL,502054,Tommy Pham,39,PR,0,0,0,0,0,0,0,0,0,0,0,0,0
2026,,2026-04-24,823638,home,NYM,COL,543760,Marcus Semien,10,2B,4,4,0,0,0,0,0,0,0,0,0,0,2
2026,,2026-04-24,823638,home,NYM,COL,669004,MJ Melendez,1,PH,1,1,0,0,0,0,0,0,0,1,0,0,0
2026,,2026-04-24,823638,home,NYM,COL,665742,Juan Soto,22,DH,4,4,0,1,0,0,0,0,0,0,0,1,2
2026,,2026-04-24,823638,home,NYM,COL,677595,Ronny Mauricio,0,SS,3,3,1,2,0,0,0,0,0,0,0,2,2
2026,,2026-04-24,822992,away,MIN,TBR,605170,Victor Caratini,37,C,4,4,0,0,0,0,0,0,0,2,0,0,3
2026,,2026-04-24,822992,away,MIN,TBR,665019,Kody Clemens,2,1B,4,4,0,1,0,0,0,0,0,1,0,1,3
2026,,2026-04-24,822992,away,MIN,TBR,686797,Brooks Lee,22,SS,4,4,1,3,1,0,1,1,0,1,0,7,1
2026,,2026-04-24,822992,away,MIN,TBR,668885,Austin Martin,16,CF,4,3,0,1,1,0,0,0,1,1,0,2,0
2026,,2026-04-24,822992,away,MIN,TBR,656484,Tristan Gray,4,2B,4,4,0,1,0,0,0,0,0,1,0,1,4
2026,,2026-04-24,822992,away,MIN,TBR,668904,Royce Lewis,23,3B,4,4,1,1,0,0,1,1,0,0,0,4,3
2026,,2026-04-24,822992,away,MIN,TBR,663616,Trevor Larnach,9,LF,5,5,0,1,0,0,0,0,0,0,0,1,3
2026,,2026-04-24,822992,away,MIN,TBR,621439,Byron Buxton,25,DH,5,5,0,0,0,0,0,0,0,2,0,0,5
2026,,2026-04-24,822992,away,MIN,TBR,670242,Matt Wallner,38,RF,4,3,0,1,0,0,0,0,1,0,0,1,0
2026,,2026-04-24,822992,home,TBR,MIN,670764,Taylor Walls,6,SS,3,2,0,0,0,0,0,0,0,1,0,0,0
2026,,2026-04-24,822992,home,TBR,MIN,802415,Chandler Simpson,14,LF,4,3,1,0,0,0,0,1,1,0,0,0,0
2026,,2026-04-24,822992,home,TBR,MIN,676356,Jonny DeLuca,21,RF,4,4,0,1,0,0,0,0,0,0,0,1,1
2026,,2026-04-24,822992,home,TBR,MIN,666018,Jonathan Aranda,8,1B,4,4,2,2,0,0,2,2,0,1,0,8,0
2026,,2026-04-24,822992,home,TBR,MIN,663743,Nick Fortes,40,C,3,3,1,1,1,0,0,0,0,0,0,2,4
2026,,2026-04-24,822992,home,TBR,MIN,650490,Yandy Díaz,2,DH,4,4,0,1,0,0,0,0,0,0,0,1,0
2026,,2026-04-24,822992,home,TBR,MIN,810938,Ben Williamson,15,2B,4,3,0,0,0,0,0,0,1,2,0,0,2
2026,,2026-04-24,822992,home,TBR,MIN,691406,Junior Caminero,13,3B,4,4,2,2,0,0,2,3,0,0,0,8,0
2026,,2026-04-24,822992,home,TBR,MIN,656775,Cedric Mullins,31,CF,4,3,0,0,0,0,0,0,1,1,1,0,1
2026,,2026-04-24,824932,away,PHI,ATL,669016,Brandon Marsh,16,LF,5,5,0,1,0,0,0,0,0,0,0,1,5
2026,,2026-04-24,824932,away,PHI,ATL,702222,Justin Crawford,2,CF,4,4,0,0,0,0,0,0,0,0,0,0,2
2026,,2026-04-24,824932,away,PHI,ATL,547180,Bryce Harper,3,1B,5,5,1,1,0,0,1,1,0,2,0,4,2
2026,,2026-04-24,824932,away,PHI,ATL,664761,Alec Bohm,28,3B,4,3,0,1,0,0,0,0,1,0,0,1,2
2026,,2026-04-24,824932,away,PHI,ATL,681082,Bryson Stott,5,2B,4,4,0,1,0,0,0,0,0,0,0,1,1
2026,,2026-04-24,824932,away,PHI,ATL,656941,Kyle Schwarber,12,DH,5,4,0,0,0,0,0,0,1,2,0,0,4
2026,,2026-04-24,824932,away,PHI,ATL,596117,Garrett Stubbs,21,C,4,4,1,2,0,0,0,0,0,0,0,2,1
2026,,2026-04-24,824932,away,PHI,ATL,666969,Adolis García,53,RF,5,5,0,3,0,0,0,0,0,0,0,3,0
2026,,2026-04-24,824932,away,PHI,ATL,607208,Trea Turner,7,SS,5,3,1,1,0,0,1,2,2,1,0,4,0
2026,,2026-04-24,824932,home,ATL,PHI,671739,Michael Harris II,23,PH,1,1,0,1,1,0,0,2,0,0,0,2,0
2026,,2026-04-24,824932,home,ATL,PHI,622761,Jorge Mateo,2,SS,1,1,1,0,0,0,0,0,0,1,1,0,1
2026,,2026-04-24,824932,home,ATL,PHI,643289,Mauricio Dubón,14,CF,4,3,1,1,0,0,0,0,1,0,0,1,0
2026,,2026-04-24,824932,home,ATL,PHI,686948,Drake Baldwin,30,C,5,5,0,0,0,0,0,0,0,1,0,0,3
2026,,2026-04-24,824932,home,ATL,PHI,621566,Matt Olson,28,1B,5,5,0,2,0,0,0,0,0,0,0,2,3
2026,,2026-04-24,824932,home,ATL,PHI,642086,Dominic Smith,8,DH,4,4,1,1,0,0,0,0,0,0,0,1,1
2026,,2026-04-24,824932,home,ATL,PHI,660670,Ronald Acuña Jr.,13,RF,5,3,1,1,0,0,1,2,2,0,0,4,0
2026,,2026-04-24,824932,home,ATL,PHI,642201,Eli White,36,CF,2,2,1,1,0,0,0,0,0,0,0,1,1
2026,,2026-04-24,824932,home,ATL,PHI,645277,Ozzie Albies,1,2B,4,4,0,2,0,0,0,0,0,0,0,2,1
2026,,2026-04-24,824932,home,ATL,PHI,663586,Austin Riley,27,3B,4,3,0,0,0,0,0,0,0,0,0,0,3
2026,,2026-04-24,824932,home,ATL,PHI,573262,Mike Yastrzemski,18,LF,4,4,0,1,0,0,0,0,0,0,0,1,3
2026,,2026-04-24,824124,away,LAA,KCR,624428,Adam Frazier,20,PH,1,1,0,0,0,0,0,0,0,1,0,0,0
2026,,2026-04-24,824124,away,LAA,KCR,672724,Oswald Peraza,2,3B,3,2,0,0,0,0,0,0,1,1,0,0,1
2026,,2026-04-24,824124,away,LAA,KCR,687263,Zach Neto,9,SS,5,5,0,1,0,0,0,1,0,1,0,1,3
2026,,2026-04-24,824124,away,LAA,KCR,624585,Jorge Soler,12,DH,4,3,0,1,0,0,0,0,1,1,0,1,1
2026,,2026-04-24,824124,away,LAA,KCR,660162,Yoán Moncada,10,3B,1,1,0,0,0,0,0,0,0,1,0,0,3
2026,,2026-04-24,824124,away,LAA,KCR,545361,Mike Trout,27,CF,5,2,0,0,0,0,0,1,3,2,0,0,0
2026,,2026-04-24,824124,away,LAA,KCR,666176,Jo Adell,7,RF,5,5,0,1,0,0,0,1,0,1,0,1,4
2026,,2026-04-24,824124,away,LAA,KCR,687093,Vaughn Grissom,5,2B,4,4,1,2,2,0,0,0,0,0,0,4,0
2026,,2026-04-24,824124,away,LAA,KCR,694384,Nolan Schanuel,18,1B,4,4,0,0,0,0,0,0,0,0,0,0,2
2026,,2026-04-24,824124,away,LAA,KCR,669326,Bryce Teodosio,22,LF,3,3,1,2,0,0,0,0,0,1,0,2,2
2026,,2026-04-24,824124,away,LAA,KCR,681351,Logan O'Hoppe,14,C,4,3,1,1,0,0,0,0,1,0,0,1,0
2026,,2026-04-24,824124,home,KCR,LAA,695600,Carter Jensen,22,DH,4,4,1,2,0,0,0,0,0,0,0,2,2
2026,,2026-04-24,824124,home,KCR,LAA,686555,Isaac Collins,1,LF,4,3,1,2,0,0,0,2,1,1,0,2,1
2026,,2026-04-24,824124,home,KCR,LAA,521692,Salvador Perez,13,1B,4,4,0,0,0,0,0,0,0,3,0,0,1
2026,,2026-04-24,824124,home,KCR,LAA,679845,Nick Loftin,12,3B,4,4,0,0,0,0,0,0,0,1,0,0,1
2026,,2026-04-24,824124,home,KCR,LAA,686681,Michael Massey,19,2B,4,4,0,1,1,0,0,1,0,2,0,2,4
2026,,2026-04-24,824124,home,KCR,LAA,516782,Starling Marte,0,RF,4,3,1,1,0,0,0,1,0,1,0,1,1
2026,,2026-04-24,824124,home,KCR,LAA,664728,Kyle Isbel,28,CF,0,0,1,0,0,0,0,0,0,0,1,0,0
2026,,2026-04-24,824124,home,KCR,LAA,553869,Elias Díaz,43,C,4,3,1,1,1,0,0,2,1,1,0,2,2
2026,,2026-04-24,824124,home,KCR,LAA,657041,Lane Thomas,15,RF,4,2,0,0,0,0,0,0,2,1,0,0,0
2026,,2026-04-24,824124,home,KCR,LAA,677951,Bobby Witt Jr.,7,SS,4,4,1,1,1,0,0,0,0,0,0,2,0
2026,,2026-04-24,824611,away,WSN,CHW,691781,Brady House,12,DH,4,4,1,1,0,0,1,2,0,1,0,4,3
2026,,2026-04-24,824611,away,WSN,CHW,682928,CJ Abrams,5,SS,4,4,0,0,0,0,0,0,0,1,0,0,3
2026,,2026-04-24,824611,away,WSN,CHW,683083,Nasim Nuñez,26,2B,4,3,0,1,0,0,0,0,1,1,1,1,0
2026,,2026-04-24,824611,away,WSN,CHW,686452,Drew Millas,14,C,3,2,1,0,0,0,0,0,0,0,0,0,1
2026,,2026-04-24,824611,away,WSN,CHW,678391,Jorbit Vivas,84,3B,4,4,1,1,0,0,0,0,0,0,0,1,0
2026,,2026-04-24,824611,away,WSN,CHW,686894,Joey Wiemer,21,PR,0,0,0,0,0,0,0,0,0,0,0,0,0
2026,,2026-04-24,824611,away,WSN,CHW,695734,Daylen Lile,4,LF,4,3,0,1,0,0,0,1,1,1,0,1,1
2026,,2026-04-24,824611,away,WSN,CHW,677588,José Tena,8,PH,1,1,0,0,0,0,0,0,0,0,0,0,1
2026,,2026-04-24,824611,away,WSN,CHW,695578,James Wood,29,RF,5,2,0,0,0,0,0,0,3,2,0,0,1
2026,,2026-04-24,824611,away,WSN,CHW,696285,Jacob Young,30,CF,4,4,0,0,0,0,0,0,0,0,0,0,0
2026,,2026-04-24,824611,away,WSN,CHW,671277,Luis García Jr.,2,1B,4,3,1,2,1,0,0,1,0,0,0,3,0
2026,,2026-04-24,824611,home,CHW,WSN,671976,Tristan Peters,29,RF,4,4,0,1,0,0,0,0,0,0,0,1,3
2026,,2026-04-24,824611,home,CHW,WSN,682668,Luisangel Acuña,0,CF,4,2,1,0,0,0,0,0,2,0,0,0,1
2026,,2026-04-24,824611,home,CHW,WSN,808959,Munetaka Murakami,5,1B,4,3,1,1,0,0,1,1,1,1,0,4,2
2026,,2026-04-24,824611,home,CHW,WSN,805367,Chase Meidroth,10,2B,4,4,0,0,0,0,0,0,0,2,0,0,3
2026,,2026-04-24,824611,home,CHW,WSN,695657,Colson Montgomery,12,SS,4,3,0,1,0,0,0,1,1,0,0,1,1
2026,,2026-04-24,824611,home,CHW,WSN,700337,Edgar Quero,26,C,4,3,0,0,0,0,0,0,0,0,0,0,2
2026,,2026-04-24,824611,home,CHW,WSN,643217,Andrew Benintendi,23,DH,3,2,1,1,1,0,0,1,0,0,0,2,0
2026,,2026-04-24,824611,home,CHW,WSN,677592,Everson Pereira,28,DH,1,1,0,1,0,0,0,0,0,0,1,1,0
2026,,2026-04-24,824611,home,CHW,WSN,803011,Sam Antonacci,17,LF,4,1,1,1,1,0,0,1,1,0,0,2,0
2026,,2026-04-24,824611,home,CHW,WSN,656537,Derek Hill,25,LF,0,0,0,0,0,0,0,0,0,0,0,0,0
2026,,2026-04-24,824611,home,CHW,WSN,678246,Miguel Vargas,20,3B,4,4,1,2,0,0,0,0,0,0,0,2,3
2026,,2026-04-24,823800,away,PIT,MIL,687462,Spencer Horwitz,2,1B,4,3,1,1,0,0,0,1,1,0,0,1,2
2026,,2026-04-24,823800,away,PIT,MIL,664040,Brandon Lowe,5,2B,5,5,1,1,1,0,0,0,0,1,0,2,2
2026,,2026-04-24,823800,away,PIT,MIL,668804,Bryan Reynolds,10,LF,5,3,0,0,0,0,0,0,2,2,0,0,2
2026,,2026-04-24,823800,away,PIT,MIL,665833,Oneil Cruz,15,CF,5,5,0,0,0,0,0,1,0,1,0,0,2
2026,,2026-04-24,823800,away,PIT,MIL,663968,Jake Mangum,28,LF,0,0,0,0,0,0,0,0,0,0,0,0,0
2026,,2026-04-24,823800,away,PIT,MIL,695257,Billy Cook,25,RF,0,0,0,0,0,0,0,0,0,0,0,0,0
2026,,2026-04-24,823800,away,PIT,MIL,680779,Henry Davis,32,C,4,4,0,1,0,0,0,0,0,0,0,1,4
2026,,2026-04-24,823800,away,PIT,MIL,804606,Konnor Griffin,6,SS,4,4,1,3,0,0,1,3,0,0,1,6,1
2026,,2026-04-24,823800,away,PIT,MIL,656811,Ryan O'Hearn,29,1B,4,4,2,2,1,0,0,0,0,0,0,3,2
2026,,2026-04-24,823800,away,PIT,MIL,693304,Nick Gonzales,3,3B,4,4,1,1,0,0,0,1,0,0,0,1,2
2026,,2026-04-24,823800,away,PIT,MIL,542303,Marcell Ozuna,24,DH,5,5,0,0,0,0,0,0,0,1,0,0,3
2026,,2026-04-24,823800,home,MIL,PIT,675659,Greg Jones,14,RF,1,1,0,0,0,0,0,0,0,0,0,0,0
2026,,2026-04-24,823800,home,MIL,PIT,650859,Luis Rengifo,13,3B,3,3,0,0,0,0,0,0,0,0,0,0,0
2026,,2026-04-24,823800,home,MIL,PIT,687401,Joey Ortiz,3,SS,1,1,0,0,0,0,0,0,0,0,0,0,0
2026,,2026-04-24,823800,home,MIL,PIT,641343,Jake Bauers,9,1B,3,3,0,1,0,0,0,0,0,1,0,1,0
2026,,2026-04-24,823800,home,MIL,PIT,686217,Sal Frelick,10,RF,2,2,0,0,0,0,0,0,0,0,0,0,0
2026,,2026-04-24,823800,home,MIL,PIT,663604,Brandon Lockridge,20,LF,3,3,0,0,0,0,0,0,0,1,0,0,0
2026,,2026-04-24,823800,home,MIL,PIT,672012,Tyler Black,7,DH,3,3,0,0,0,0,0,0,0,1,0,0,1
2026,,2026-04-24,823800,home,MIL,PIT,669003,Garrett Mitchell,5,CF,2,2,0,0,0,0,0,0,0,2,0,0,0
2026,,2026-04-24,823800,home,MIL,PIT,666152,David Hamilton,6,SS,2,2,0,0,0,0,0,0,0,1,0,0,0
2026,,2026-04-24,823800,home,MIL,PIT,663368,Blake Perkins,16,CF,1,1,0,0,0,0,0,0,0,1,0,0,0
2026,,2026-04-24,823800,home,MIL,PIT,661388,William Contreras,24,C,4,4,0,0,0,0,0,0,0,0,0,0,1
2026,,2026-04-24,823800,home,MIL,PIT,668930,Brice Turang,2,2B,4,3,0,0,0,0,0,0,1,2,0,0,0
2026,,2026-04-24,822909,away,ATH,TEX,671732,Lawrence Butler,4,RF,4,4,0,0,0,0,0,0,0,1,0,0,1
2026,,2026-04-24,822909,away,ATH,TEX,680869,Zack Gelof,20,CF,4,4,2,2,0,0,1,2,0,1,0,5,0
2026,,2026-04-24,822909,away,ATH,TEX,643446,Jeff McNeil,22,2B,4,4,1,2,0,0,0,0,0,0,0,2,0
2026,,2026-04-24,822909,away,ATH,TEX,666126,Carlos Cortes,26,DH,4,4,2,2,0,0,2,4,0,0,0,8,0
2026,,2026-04-24,822909,away,ATH,TEX,691777,Max Muncy,3,3B,4,4,0,0,0,0,0,0,0,2,0,0,2
2026,,2026-04-24,822909,away,ATH,TEX,691016,Tyler Soderstrom,21,LF,4,4,1,1,0,0,1,1,0,0,0,4,0
2026,,2026-04-24,822909,away,ATH,TEX,701762,Nick Kurtz,16,1B,5,4,2,2,0,0,1,1,1,1,0,5,0
2026,,2026-04-24,822909,away,ATH,TEX,669127,Shea Langeliers,23,C,4,4,0,0,0,0,0,0,0,0,0,0,3
2026,,2026-04-24,822909,away,ATH,TEX,805779,Jacob Wilson,5,SS,4,4,0,0,0,0,0,0,0,0,0,0,0
2026,,2026-04-24,822909,home,TEX,ATH,694497,Evan Carter,32,CF,4,4,0,1,0,0,0,0,0,1,0,1,1
2026,,2026-04-24,822909,home,TEX,ATH,669394,Jake Burger,21,1B,4,4,0,0,0,0,0,0,0,0,0,0,3
2026,,2026-04-24,822909,home,TEX,ATH,696030,Alejandro Osuna,19,LF,2,2,0,0,0,0,0,0,0,0,0,0,2
2026,,2026-04-24,822909,home,TEX,ATH,592626,Joc Pederson,3,DH,3,3,0,1,0,0,0,0,0,2,0,1,0
2026,,2026-04-24,822909,home,TEX,ATH,608369,Corey Seager,5,SS,4,4,1,2,1,0,0,0,0,0,0,3,1
2026,,2026-04-24,822909,home,TEX,ATH,673962,Josh Jung,6,3B,4,4,0,1,1,0,0,1,0,1,1,2,2
2026,,2026-04-24,822909,home,TEX,ATH,457705,Andrew McCutchen,4,DH,1,1,0,1,0,0,0,0,0,0,0,1,0
2026,,2026-04-24,822909,home,TEX,ATH,543309,Kyle Higashioka,11,C,4,4,0,0,0,0,0,0,0,1,0,0,1
2026,,2026-04-24,822909,home,TEX,ATH,607043,Brandon Nimmo,24,RF,4,4,0,0,0,0,0,0,0,1,0,0,2
2026,,2026-04-24,822909,home,TEX,ATH,669701,Josh Smith,8,2B,4,3,0,2,0,0,0,0,1,0,0,2,0
2026,,2026-04-24,822909,home,TEX,ATH,664059,Sam Haggerty,0,LF,1,1,0,0,0,0,0,0,0,1,0,0,2
2026,,2026-04-24,824204,away,NYY,HOU,676609,José Caballero,72,SS,4,4,1,2,0,0,1,2,0,0,0,5,0
2026,,2026-04-24,824204,away,NYY,HOU,642708,Amed Rosario,14,LF,0,0,0,0,0,0,0,0,0,0,0,0,0
2026,,2026-04-24,824204,away,NYY,HOU,545341,Randal Grichuk,34,DH,2,2,2,1,1,0,0,0,0,0,0,2,0
2026,,2026-04-24,824204,away,NYY,HOU,592450,Aaron Judge,99,RF,5,2,0,0,0,0,0,0,3,0,0,0,1
2026,,2026-04-24,824204,away,NYY,HOU,641857,Ryan McMahon,19,3B,4,4,1,1,0,0,1,1,0,0,0,4,4
2026,,2026-04-24,824204,away,NYY,HOU,700250,Ben Rice,22,1B,5,5,3,2,1,0,1,2,0,1,0,6,2
2026,,2026-04-24,824204,away,NYY,HOU,641555,J.C. Escarra,25,C,5,5,0,2,0,0,0,0,0,1,0,2,1
2026,,2026-04-24,824204,away,NYY,HOU,641355,Cody Bellinger,35,RF,5,5,1,1,0,0,0,0,0,1,0,1,4
2026,,2026-04-24,824204,away,NYY,HOU,519317,Giancarlo Stanton,27,DH,3,3,0,1,0,0,0,1,0,0,0,1,3
2026,,2026-04-24,824204,away,NYY,HOU,665862,Jazz Chisholm Jr.,13,2B,5,4,3,3,0,0,1,4,1,1,0,6,0
2026,,2026-04-24,824204,away,NYY,HOU,663757,Trent Grisham,12,CF,5,2,1,0,0,0,0,1,2,0,0,0,0
2026,,2026-04-24,824204,home,HOU,NYY,694376,Shay Whitcomb,14,3B,1,1,0,0,0,0,0,0,0,1,0,0,1
2026,,2026-04-24,824204,home,HOU,NYY,670623,Isaac Paredes,15,3B,3,3,0,0,0,0,0,0,0,0,0,0,2
2026,,2026-04-24,824204,home,HOU,NYY,701358,Cam Smith,11,RF,4,3,0,0,0,0,0,1,1,2,0,0,2
2026,,2026-04-24,824204,home,HOU,NYY,669699,Braden Shewmake,28,SS,2,2,1,1,0,0,1,1,0,0,0,4,0
2026,,2026-04-24,824204,home,HOU,NYY,687957,Dustin Harris,37,LF,4,3,0,0,0,0,0,0,1,3,0,0,3
2026,,2026-04-24,824204,home,HOU,NYY,694728,Brice Matthews,0,2B,4,4,0,0,0,0,0,0,0,2,0,0,2
2026,,2026-04-24,824204,home,HOU,NYY,514888,Jose Altuve,27,2B,3,3,2,2,1,0,0,0,0,0,0,3,0
2026,,2026-04-24,824204,home,HOU,NYY,669288,Daniel Johnson,31,CF,1,1,0,1,0,0,0,0,0,0,0,1,0
2026,,2026-04-24,824204,home,HOU,NYY,621043,Carlos Correa,1,SS,3,3,0,0,0,0,0,0,0,1,0,0,0
2026,,2026-04-24,824204,home,HOU,NYY,572233,Christian Walker,8,1B,4,4,0,2,0,0,0,0,0,2,0,2,2
2026,,2026-04-24,824204,home,HOU,NYY,543877,Christian Vázquez,2,DH,2,2,0,1,0,0,0,0,0,0,0,1,0
2026,,2026-04-24,824204,home,HOU,NYY,673237,Yainer Diaz,21,C,4,4,1,2,0,0,1,2,0,0,0,5,3
2026,,2026-04-24,824204,home,HOU,NYY,670541,Yordan Alvarez,44,DH,3,3,0,2,0,0,0,0,0,0,0,2,0
2026,,2026-04-24,823069,away,SEA,STL,647304,Josh Naylor,12,1B,4,3,2,1,0,0,1,1,1,2,1,4,1
2026,,2026-04-24,823069,away,SEA,STL,702284,Cole Young,2,2B,4,4,0,1,0,0,0,1,0,1,0,1,3
2026,,2026-04-24,823069,away,SEA,STL,641487,J.P. Crawford,3,SS,4,2,0,0,0,0,0,0,1,1,0,0,0
2026,,2026-04-24,823069,away,SEA,STL,668227,Randy Arozarena,56,LF,4,4,1,1,1,0,0,0,0,3,0,2,1
2026,,2026-04-24,823069,away,SEA,STL,686527,Dominic Canzone,8,DH,4,3,0,1,0,0,0,1,1,1,0,1,1
2026,,2026-04-24,823069,away,SEA,STL,663728,Cal Raleigh,29,C,4,3,0,0,0,0,0,0,1,1,0,0,2
2026,,2026-04-24,823069,away,SEA,STL,608701,Rob Refsnyder,30,RF,2,1,0,0,0,0,0,0,1,0,0,0,0
2026,,2026-04-24,823069,away,SEA,STL,677594,Julio Rodríguez,44,CF,4,4,0,0,0,0,0,0,0,0,0,0,3
2026,,2026-04-24,823069,away,SEA,STL,660844,Leo Rivas,76,3B,4,4,0,0,0,0,0,0,0,0,0,0,1
2026,,2026-04-24,823069,away,SEA,STL,670042,Luke Raley,20,RF,2,2,0,0,0,0,0,0,0,1,0,0,2
2026,,2026-04-24,823069,home,STL,SEA,669357,Nolan Gorman,16,DH,4,4,1,2,1,0,0,0,0,0,0,3,0
2026,,2026-04-24,823069,home,STL,SEA,691023,Jordan Walker,18,RF,4,4,1,0,0,0,0,0,0,2,0,0,3
2026,,2026-04-24,823069,home,STL,SEA,701675,Nathan Church,27,CF,4,4,0,1,0,0,0,0,0,0,0,1,3
2026,,2026-04-24,823069,home,STL,SEA,665877,José Fermín,15,LF,3,3,0,1,0,0,0,0,0,0,0,1,1
2026,,2026-04-24,823069,home,STL,SEA,802139,JJ Wetherholt,26,2B,4,4,0,1,0,0,0,0,0,0,0,1,1
2026,,2026-04-24,823069,home,STL,SEA,676475,Alec Burleson,41,1B,4,3,0,0,0,0,0,0,1,1,0,0,3
2026,,2026-04-24,823069,home,STL,SEA,602104,Ramón Urías,29,3B,4,4,0,0,0,0,0,0,0,1,0,0,2
2026,,2026-04-24,823069,home,STL,SEA,691026,Masyn Winn,0,SS,4,4,0,2,0,0,0,2,0,1,0,2,1
2026,,2026-04-24,823069,home,STL,SEA,671056,Iván Herrera,48,C,4,3,0,1,0,0,0,0,0,0,0,1,1
2026,,2026-04-24,823962,away,CHC,LAD,664023,Ian Happ,8,LF,4,4,0,1,0,0,0,0,0,2,0,1,3
2026,,2026-04-24,823962,away,CHC,LAD,608324,Alex Bregman,3,3B,5,5,1,2,0,0,1,1,0,2,0,5,2
2026,,2026-04-24,823962,away,CHC,LAD,683737,Michael Busch,29,1B,5,5,0,2,1,0,0,0,0,2,0,3,1
2026,,2026-04-24,823962,away,CHC,LAD,608348,Carson Kelly,15,C,4,3,0,0,0,0,0,0,1,2,0,0,2
2026,,2026-04-24,823962,away,CHC,LAD,691718,Pete Crow-Armstrong,4,CF,4,3,2,1,0,0,0,0,1,1,0,1,1
2026,,2026-04-24,823962,away,CHC,LAD,694208,Moisés Ballesteros,25,DH,4,4,1,2,1,0,0,0,0,2,0,3,0
2026,,2026-04-24,823962,away,CHC,LAD,673548,Seiya Suzuki,27,RF,4,4,0,0,0,0,0,0,0,1,0,0,1
2026,,2026-04-24,823962,away,CHC,LAD,621020,Dansby Swanson,7,SS,4,3,2,2,0,1,1,4,0,1,0,7,0
2026,,2026-04-24,823962,away,CHC,LAD,663538,Nico Hoerner,2,2B,5,5,0,1,0,0,0,1,0,0,0,1,1
2026,,2026-04-24,823962,away,CHC,LAD,807713,Matt Shaw,6,DH,0,0,0,0,0,0,0,0,0,0,0,0,0
2026,,2026-04-24,823962,home,LAD,CHC,669257,Will Smith,16,C,4,4,1,1,0,0,1,3,0,1,0,4,1
2026,,2026-04-24,823962,home,LAD,CHC,663656,Kyle Tucker,23,RF,4,3,0,0,0,0,0,0,1,0,0,0,0
2026,,2026-04-24,823962,home,LAD,CHC,571970,Max Muncy,13,3B,4,4,1,1,1,0,0,0,0,0,0,2,1
2026,,2026-04-24,823962,home,LAD,CHC,518692,Freddie Freeman,5,1B,4,4,0,0,0,0,0,0,0,0,0,0,3
2026,,2026-04-24,823962,home,LAD,CHC,808975,Hyeseong Kim,6,SS,3,3,1,2,0,0,0,1,0,0,1,2,0
2026,,2026-04-24,823962,home,LAD,CHC,660271,Shohei Ohtani,17,DH,4,3,0,0,0,0,0,0,1,3,0,0,3
2026,,2026-04-24,823962,home,LAD,CHC,606192,Teoscar Hernández,37,LF,4,4,0,0,0,0,0,0,0,2,0,0,1
2026,,2026-04-24,823962,home,LAD,CHC,681624,Andy Pages,44,CF,4,4,0,1,1,0,0,0,0,0,0,2,2
2026,,2026-04-24,823962,home,LAD,CHC,690976,Alex Freeland,76,2B,3,2,1,1,0,0,0,0,1,0,0,1,0
2026,,2026-04-24,823232,away,MIA,SFG,681715,Heriberto Hernández,13,LF,1,1,0,0,0,0,0,0,0,0,0,0,1
2026,,2026-04-24,823232,away,MIA,SFG,665923,Esteury Ruiz,3,RF,0,0,0,0,0,0,0,0,0,0,0,0,0
2026,,2026-04-24,823232,away,MIA,SFG,805300,Jakob Marsee,87,CF,6,6,1,1,1,0,0,0,0,1,1,2,2
2026,,2026-04-24,823232,away,MIA,SFG,691594,Javier Sanoja,8,3B,1,0,0,0,0,0,0,0,1,0,0,0,0
2026,,2026-04-24,823232,away,MIA,SFG,669364,Xavier Edwards,9,2B,5,4,1,3,1,0,0,1,1,0,1,4,2
2026,,2026-04-24,823232,away,MIA,SFG,669065,Kyle Stowers,28,LF,5,5,2,3,2,0,0,0,0,1,0,5,1
2026,,2026-04-24,823232,away,MIA,SFG,688363,Graham Pauley,21,3B,4,3,1,2,0,0,0,1,1,1,0,2,0
2026,,2026-04-24,823232,away,MIA,SFG,689414,Liam Hicks,34,C,5,4,1,1,0,0,1,3,0,1,0,4,6
2026,,2026-04-24,823232,away,MIA,SFG,683357,Owen Caissie,17,RF,4,3,2,1,1,0,0,0,1,1,0,2,0
2026,,2026-04-24,823232,away,MIA,SFG,682663,Agustín Ramírez,50,DH,5,5,0,1,1,0,0,0,0,0,0,2,1
2026,,2026-04-24,823232,away,MIA,SFG,681393,Connor Norby,1,1B,5,5,1,1,0,0,1,3,0,0,0,4,4
2026,,2026-04-24,823232,away,MIA,SFG,672640,Otto Lopez,6,SS,5,5,0,3,0,0,0,1,0,1,0,3,2
2026,,2026-04-24,823232,home,SFG,MIA,669477,Casey Schmitt,10,DH,4,4,0,1,0,0,0,0,0,0,0,1,0
2026,,2026-04-24,823232,home,SFG,MIA,666464,Jerar Encarnacion,19,PH,1,0,0,0,0,0,0,0,1,0,0,0,0
2026,,2026-04-24,823232,home,SFG,MIA,671218,Heliot Ramos,17,LF,4,3,1,1,1,0,0,0,1,1,0,2,1
2026,,2026-04-24,823232,home,SFG,MIA,656305,Matt Chapman,26,3B,4,4,0,1,0,0,0,0,0,0,0,1,2
2026,,2026-04-24,823232,home,SFG,MIA,808982,Jung Hoo Lee,51,RF,4,4,1,3,0,0,1,1,0,0,0,6,0
2026,,2026-04-24,823232,home,SFG,MIA,687551,Drew Gilbert,0,CF,3,3,1,1,0,0,0,1,0,1,0,1,3
2026,,2026-04-24,823232,home,SFG,MIA,646240,Rafael Devers,16,1B,4,4,0,0,0,0,0,0,0,2,0,0,2
2026,,2026-04-24,823232,home,SFG,MIA,606992,Eric Haase,18,C,3,3,1,1,1,0,0,1,0,0,0,2,0
2026,,2026-04-24,823232,home,SFG,MIA,683766,Christian Koss,50,PH,1,1,0,0,0,0,0,0,0,0,0,0,1
2026,,2026-04-24,823232,home,SFG,MIA,642715,Willy Adames,2,SS,5,5,0,0,0,0,0,0,0,2,0,0,2
2026,,2026-04-24,823232,home,SFG,MIA,650333,Luis Arraez,1,2B,5,5,0,3,0,0,0,1,0,0,1,3,1
2026,,2026-04-25,824851,away,BOS,BAL,575929,Willson Contreras,40,1B,6,4,2,2,0,0,1,5,1,1,0,5,0
2026,,2026-04-25,824851,away,BOS,BAL,657136,Connor Wong,12,C,5,3,1,1,1,0,0,3,2,0,0,2,0
2026,,2026-04-25,824851,away,BOS,BAL,596115,Trevor Story,10,SS,6,6,2,1,0,0,0,0,0,2,0,1,1
2026,,2026-04-25,824851,away,BOS,BAL,677800,Wilyer Abreu,52,RF,6,6,1,2,0,0,0,0,0,0,0,2,3
2026,,2026-04-25,824851,away,BOS,BAL,655316,Andruw Monasterio,32,DH,6,6,3,3,2,0,1,4,0,0,0,8,3
2026,,2026-04-25,824851,away,BOS,BAL,643396,Isiah Kiner-Falefa,2,SS,5,5,2,2,0,0,0,1,0,1,1,2,2
2026,,2026-04-25,824851,away,BOS,BAL,702332,Caleb Durbin,5,3B,5,4,3,2,1,0,1,3,1,1,1,6,1
2026,,2026-04-25,824851,away,BOS,BAL,680776,Jarren Duran,16,LF,5,5,1,1,0,0,0,0,0,1,0,1,4
2026,,2026-04-25,824851,away,BOS,BAL,678882,Ceddanne Rafaela,3,CF,6,5,2,3,0,1,0,1,1,1,0,5,0
2026,,2026-04-25,824851,away,BOS,BAL,691785,Marcelo Mayer,11,2B,0,0,0,0,0,0,0,0,0,0,0,0,0
2026,,2026-04-25,824851,home,BAL,BOS,669236,Jeremiah Jackson,82,2B,4,4,0,1,0,0,0,0,0,1,0,1,0
2026,,2026-04-25,824851,home,BAL,BOS,683002,Gunnar Henderson,2,SS,4,4,0,0,0,0,0,0,0,3,0,0,4
2026,,2026-04-25,824851,home,BAL,BOS,665750,Leody Taveras,30,CF,4,3,0,0,0,0,0,1,1,0,0,0,1
2026,,2026-04-25,824851,home,BAL,BOS,621493,Taylor Ward,3,DH,4,3,0,2,0,0,0,0,1,0,0,2,0
2026,,2026-04-25,824851,home,BAL,BOS,668939,Adley Rutschman,35,C,4,4,0,1,0,0,0,0,0,0,0,1,1
2026,,2026-04-25,824851,home,BAL,BOS,641933,Tyler O'Neill,9,RF,4,4,1,1,0,0,0,0,0,1,0,1,0
2026,,2026-04-25,824851,home,BAL,BOS,677942,Blaze Alexander,23,LF,2,2,0,0,0,0,0,0,0,1,0,0,2
2026,,2026-04-25,824851,home,BAL,BOS,624413,Pete Alonso,25,1B,4,4,0,0,0,0,0,0,0,2,0,0,3
2026,,2026-04-25,824851,home,BAL,BOS,681297,Colton Cowser,17,LF,1,1,0,0,0,0,0,0,0,1,0,0,1
2026,,2026-04-25,824851,home,BAL,BOS,691723,Coby Mayo,16,3B,3,3,0,1,1,0,0,0,0,0,0,2,2
2026,,2026-04-25,823070,away,SEA,STL,647304,Josh Naylor,12,1B,5,5,0,2,0,0,0,0,0,1,2,2,3
2026,,2026-04-25,823070,away,SEA,STL,702284,Cole Young,2,2B,5,4,3,3,1,0,1,1,0,1,0,7,1
2026,,2026-04-25,823070,away,SEA,STL,669717,Will Wilson,7,3B,2,2,1,1,0,0,1,2,0,0,0,4,0
2026,,2026-04-25,823070,away,SEA,STL,668227,Randy Arozarena,56,LF,5,4,0,1,1,0,0,1,0,0,1,2,2
2026,,2026-04-25,823070,away,SEA,STL,641487,J.P. Crawford,3,SS,5,4,1,1,0,0,0,0,1,0,0,1,2
2026,,2026-04-25,823070,away,SEA,STL,686527,Dominic Canzone,8,PH,1,1,0,1,0,0,0,1,0,0,0,1,0
2026,,2026-04-25,823070,away,SEA,STL,663728,Cal Raleigh,29,DH,6,5,1,2,0,0,0,0,1,1,0,2,3
2026,,2026-04-25,823070,away,SEA,STL,608701,Rob Refsnyder,30,RF,3,3,0,1,0,0,0,0,0,1,0,1,0
2026,,2026-04-25,823070,away,SEA,STL,656582,Connor Joe,9,RF,2,2,0,1,0,0,0,2,0,0,0,1,2
2026,,2026-04-25,823070,away,SEA,STL,641598,Mitch Garver,18,C,5,4,3,2,0,0,0,0,1,0,0,2,2
2026,,2026-04-25,823070,away,SEA,STL,677594,Julio Rodríguez,44,CF,6,6,2,3,0,0,1,2,0,1,1,6,3
2026,,2026-04-25,823070,away,SEA,STL,660844,Leo Rivas,76,3B,2,1,0,1,0,0,0,2,0,0,0,1,0
2026,,2026-04-25,823070,away,SEA,STL,670042,Luke Raley,20,RF,1,1,0,0,0,0,0,0,0,1,0,0,1
2026,,2026-04-25,823070,home,STL,SEA,669357,Nolan Gorman,16,3B,5,4,1,1,0,0,0,0,1,1,0,1,2
2026,,2026-04-25,823070,home,STL,SEA,691023,Jordan Walker,18,RF,5,4,1,1,0,0,0,0,0,2,0,1,3
2026,,2026-04-25,823070,home,STL,SEA,701675,Nathan Church,27,LF,5,4,2,2,0,0,2,4,0,0,0,8,1
2026,,2026-04-25,823070,home,STL,SEA,687363,Victor Scott II,11,CF,4,4,0,1,0,0,0,0,0,1,0,1,2
2026,,2026-04-25,823070,home,STL,SEA,802139,JJ Wetherholt,26,2B,5,5,1,3,0,0,1,1,0,0,0,6,3
2026,,2026-04-25,823070,home,STL,SEA,676475,Alec Burleson,41,1B,5,5,0,0,0,0,0,0,0,1,0,0,3
2026,,2026-04-25,823070,home,STL,SEA,695336,Thomas Saggese,25,PR,0,0,0,0,0,0,0,0,0,0,0,0,0
2026,,2026-04-25,823070,home,STL,SEA,650968,Yohel Pozo,63,C,0,0,0,0,0,0,0,0,0,0,0,0,0
2026,,2026-04-25,823070,home,STL,SEA,686780,Pedro Pagés,43,C,4,3,1,3,0,0,1,2,1,0,1,6,0
2026,,2026-04-25,823070,home,STL,SEA,691026,Masyn Winn,0,SS,5,5,2,2,0,0,0,1,0,1,0,2,1
2026,,2026-04-25,823070,home,STL,SEA,671056,Iván Herrera,48,DH,5,3,1,1,0,0,1,1,0,1,0,4,2
2026,,2026-04-25,822826,away,CLE,TOR,671655,George Valera,7,LF,4,4,0,1,0,0,0,0,0,1,0,1,1
2026,,2026-04-25,822826,away,CLE,TOR,800050,Chase DeLauter,24,DH,4,4,0,1,0,0,0,0,0,1,0,1,1
2026,,2026-04-25,822826,away,CLE,TOR,682177,Daniel Schneemann,10,PR,0,0,0,0,0,0,0,0,0,0,0,0,0
2026,,2026-04-25,822826,away,CLE,TOR,677587,Brayan Rocchio,4,SS,4,4,0,1,0,0,0,1,0,1,0,1,3
2026,,2026-04-25,822826,away,CLE,TOR,666310,Bo Naylor,23,C,4,4,0,0,0,0,0,0,0,2,0,0,4
2026,,2026-04-25,822826,away,CLE,TOR,681807,David Fry,6,RF,3,3,1,1,0,0,1,1,0,1,0,4,1
2026,,2026-04-25,822826,away,CLE,TOR,608070,José Ramírez,11,3B,4,4,0,1,1,0,0,0,0,0,0,2,1
2026,,2026-04-25,822826,away,CLE,TOR,682657,Angel Martínez,1,CF,4,4,0,1,0,0,0,0,0,0,1,1,0
2026,,2026-04-25,822826,away,CLE,TOR,682877,Juan Brito,34,2B,4,3,1,1,1,0,0,0,1,0,0,2,0
2026,,2026-04-25,822826,away,CLE,TOR,700932,Kyle Manzardo,9,PH,1,1,0,1,1,0,0,1,0,0,0,2,0
2026,,2026-04-25,822826,away,CLE,TOR,656555,Rhys Hoskins,8,1B,4,4,1,1,0,0,0,0,0,1,0,1,2
2026,,2026-04-25,822826,home,TOR,CLE,676391,Ernie Clement,22,2B,4,4,0,2,1,0,0,0,0,1,0,3,2
2026,,2026-04-25,822826,home,TOR,CLE,662139,Daulton Varsho,5,CF,4,4,1,0,0,0,0,0,0,0,1,0,4
2026,,2026-04-25,822826,home,TOR,CLE,665926,Andrés Giménez,0,SS,4,4,0,1,1,0,0,2,0,2,0,2,1
2026,,2026-04-25,822826,home,TOR,CLE,676914,Davis Schneider,36,LF,4,3,0,0,0,0,0,0,1,2,0,0,5
2026,,2026-04-25,822826,home,TOR,CLE,623168,Tyler Heineman,55,C,4,4,0,1,0,0,0,0,0,3,0,1,1
2026,,2026-04-25,822826,home,TOR,CLE,665489,Vladimir Guerrero Jr.,27,1B,4,3,1,1,0,0,0,0,1,0,1,1,2
2026,,2026-04-25,822826,home,TOR,CLE,660821,Jesús Sánchez,12,DH,2,2,0,0,0,0,0,0,0,1,0,0,5
2026,,2026-04-25,822826,home,TOR,CLE,650391,Eloy Jiménez,74,DH,2,2,0,0,0,0,0,0,0,0,0,0,0
2026,,2026-04-25,822826,home,TOR,CLE,664702,Myles Straw,3,RF,5,5,1,2,1,0,0,0,0,0,1,3,1
2026,,2026-04-25,822826,home,TOR,CLE,672960,Kazuma Okamoto,7,3B,4,3,2,2,0,0,1,2,1,1,0,5,1
2026,,2026-04-25,823229,away,MIA,SFG,681715,Heriberto Hernández,13,RF,4,4,0,0,0,0,0,0,0,0,0,0,4
2026,,2026-04-25,823229,away,MIA,SFG,665923,Esteury Ruiz,3,CF,2,2,0,0,0,0,0,0,0,0,0,0,1
2026,,2026-04-25,823229,away,MIA,SFG,805300,Jakob Marsee,87,CF,2,2,0,1,0,0,0,1,0,0,0,1,0
2026,,2026-04-25,823229,away,MIA,SFG,691594,Javier Sanoja,8,3B,3,2,0,0,0,0,0,0,1,0,0,0,2
2026,,2026-04-25,823229,away,MIA,SFG,669364,Xavier Edwards,9,2B,4,4,0,2,0,0,0,1,0,2,1,2,3
2026,,2026-04-25,823229,away,MIA,SFG,669065,Kyle Stowers,28,LF,4,3,0,0,0,0,0,0,1,0,0,0,3
2026,,2026-04-25,823229,away,MIA,SFG,689414,Liam Hicks,34,PH,1,1,0,0,0,0,0,0,0,0,0,0,1
2026,,2026-04-25,823229,away,MIA,SFG,683357,Owen Caissie,17,PH,1,1,1,0,0,0,0,0,0,0,0,0,0
2026,,2026-04-25,823229,away,MIA,SFG,682663,Agustín Ramírez,50,C,5,5,1,2,0,0,0,0,0,1,1,2,1
2026,,2026-04-25,823229,away,MIA,SFG,677870,Leo Jiménez,19,DH,3,2,0,0,0,0,0,0,1,2,0,0,0
2026,,2026-04-25,823229,away,MIA,SFG,681393,Connor Norby,1,1B,4,2,0,0,0,0,0,0,2,1,0,0,1
2026,,2026-04-25,823229,away,MIA,SFG,672640,Otto Lopez,6,SS,4,4,0,1,0,0,0,0,0,0,0,1,2
2026,,2026-04-25,823229,home,SFG,MIA,669477,Casey Schmitt,10,3B,4,3,1,2,1,0,1,2,1,0,0,6,1
2026,,2026-04-25,823229,home,SFG,MIA,671218,Heliot Ramos,17,LF,4,4,1,2,0,0,1,1,0,1,0,5,3
2026,,2026-04-25,823229,home,SFG,MIA,672275,Patrick Bailey,14,C,4,3,1,1,0,0,0,1,1,2,1,1,0
2026,,2026-04-25,823229,home,SFG,MIA,656305,Matt Chapman,26,DH,5,3,1,1,1,0,0,0,2,1,0,2,2
2026,,2026-04-25,823229,home,SFG,MIA,687551,Drew Gilbert,0,CF,4,4,1,1,0,0,1,1,0,0,0,4,3
2026,,2026-04-25,823229,home,SFG,MIA,808982,Jung Hoo Lee,51,RF,4,3,1,2,2,0,0,0,1,0,0,4,2
2026,,2026-04-25,823229,home,SFG,MIA,646240,Rafael Devers,16,1B,4,4,0,0,0,0,0,0,0,1,0,0,4
2026,,2026-04-25,823229,home,SFG,MIA,642715,Willy Adames,2,SS,5,5,0,0,0,0,0,0,0,2,0,0,3
2026,,2026-04-25,823229,home,SFG,MIA,650333,Luis Arraez,1,2B,5,5,0,2,1,0,0,1,0,0,0,3,0
2026,,2026-04-25,822989,away,MIN,TBR,605170,Victor Caratini,37,1B,4,4,0,0,0,0,0,0,0,2,0,0,1
2026,,2026-04-25,822989,away,MIN,TBR,686797,Brooks Lee,22,SS,4,4,0,0,0,0,0,0,0,1,1,0,1
2026,,2026-04-25,822989,away,MIN,TBR,668885,Austin Martin,16,LF,4,3,0,0,0,0,0,0,1,2,0,0,3
2026,,2026-04-25,822989,away,MIN,TBR,605137,Josh Bell,56,DH,4,3,0,0,0,0,0,0,1,1,0,0,3
2026,,2026-04-25,822989,away,MIN,TBR,680777,Ryan Jeffers,27,C,4,4,0,1,0,0,0,0,0,1,0,1,3
2026,,2026-04-25,822989,away,MIN,TBR,668904,Royce Lewis,23,3B,4,4,0,1,0,0,0,1,0,1,0,1,1
2026,,2026-04-25,822989,away,MIN,TBR,621439,Byron Buxton,25,CF,4,4,0,2,0,0,0,0,0,1,0,2,1
2026,,2026-04-25,822989,away,MIN,TBR,670242,Matt Wallner,38,RF,4,4,0,0,0,0,0,0,0,1,0,0,2
2026,,2026-04-25,822989,away,MIN,TBR,807712,Luke Keaschall,15,2B,4,3,1,1,0,0,0,0,0,1,1,1,0
2026,,2026-04-25,822989,home,TBR,MIN,680700,Richie Palacios,1,2B,3,1,0,0,0,0,0,1,1,0,0,0,0
2026,,2026-04-25,822989,home,TBR,MIN,641584,Jake Fraley,17,RF,2,2,1,1,0,0,1,2,0,0,0,4,0
2026,,2026-04-25,822989,home,TBR,MIN,802415,Chandler Simpson,14,LF,4,3,0,0,0,0,0,0,1,3,1,0,1
2026,,2026-04-25,822989,home,TBR,MIN,676356,Jonny DeLuca,21,RF,2,2,1,1,1,0,0,0,0,1,0,2,1
2026,,2026-04-25,822989,home,TBR,MIN,666018,Jonathan Aranda,8,1B,4,4,0,0,0,0,0,0,0,1,0,0,2
2026,,2026-04-25,822989,home,TBR,MIN,663743,Nick Fortes,40,C,3,3,0,1,0,0,0,1,0,0,0,1,0
2026,,2026-04-25,822989,home,TBR,MIN,650490,Yandy Díaz,2,DH,4,3,2,1,0,0,0,0,0,0,0,1,1
2026,,2026-04-25,822989,home,TBR,MIN,810938,Ben Williamson,15,SS,4,4,1,3,1,1,0,2,0,0,0,6,0
2026,,2026-04-25,822989,home,TBR,MIN,691406,Junior Caminero,13,3B,4,4,0,1,0,0,0,0,0,0,0,1,2
2026,,2026-04-25,822989,home,TBR,MIN,656775,Cedric Mullins,31,CF,4,3,1,0,0,0,0,0,1,1,1,0,2
2026,,2026-04-25,824613,away,WSN,CHW,691781,Brady House,12,3B,5,3,1,1,0,0,0,0,2,2,0,1,2
2026,,2026-04-25,824613,away,WSN,CHW,683083,Nasim Nuñez,26,SS,5,4,0,2,0,0,0,4,1,2,1,2,0
2026,,2026-04-25,824613,away,WSN,CHW,682928,CJ Abrams,5,PH,1,1,0,0,0,0,0,0,0,1,0,0,0
2026,,2026-04-25,824613,away,WSN,CHW,665953,Andrés Chaparro,,1B,3,3,0,0,0,0,0,0,0,0,0,0,2
2026,,2026-04-25,824613,away,WSN,CHW,686452,Drew Millas,14,C,1,1,0,0,0,0,0,0,0,0,0,0,2
2026,,2026-04-25,824613,away,WSN,CHW,678391,Jorbit Vivas,84,PH,1,1,0,0,0,0,0,0,0,1,0,0,3
2026,,2026-04-25,824613,away,WSN,CHW,686894,Joey Wiemer,21,CF,5,4,0,0,0,0,0,1,1,3,0,0,5
2026,,2026-04-25,824613,away,WSN,CHW,695418,Brad Lord,41,P,0,0,0,0,0,0,0,0,0,0,0,0,0
2026,,2026-04-25,824613,away,WSN,CHW,678554,Curtis Mead,45,2B,5,3,1,0,0,0,0,0,2,2,0,0,2
2026,,2026-04-25,824613,away,WSN,CHW,695734,Daylen Lile,4,LF,5,3,2,0,0,0,0,0,2,1,0,0,2
2026,,2026-04-25,824613,away,WSN,CHW,695578,James Wood,29,RF,5,4,1,0,0,0,0,0,1,1,0,0,2
2026,,2026-04-25,824613,away,WSN,CHW,696285,Jacob Young,30,CF,4,3,0,1,0,0,0,0,1,2,0,1,3
2026,,2026-04-25,824613,away,WSN,CHW,660688,Keibert Ruiz,20,C,3,3,0,1,1,0,0,0,0,0,0,2,1
2026,,2026-04-25,824613,away,WSN,CHW,671277,Luis García Jr.,2,1B,2,2,1,1,0,0,0,0,0,0,0,1,2
2026,,2026-04-25,824613,home,CHW,WSN,671976,Tristan Peters,29,CF,2,2,0,0,0,0,0,0,0,1,0,0,1
2026,,2026-04-25,824613,home,CHW,WSN,695020,Tanner Murray,41,LF,3,1,0,0,0,0,0,1,0,1,0,0,1
2026,,2026-04-25,824613,home,CHW,WSN,682668,Luisangel Acuña,0,PR,0,0,0,0,0,0,0,0,0,0,0,0,0
2026,,2026-04-25,824613,home,CHW,WSN,808959,Munetaka Murakami,5,1B,5,5,0,0,0,0,0,0,0,3,0,0,4
2026,,2026-04-25,824613,home,CHW,WSN,805367,Chase Meidroth,10,2B,5,3,0,2,0,0,0,1,1,0,0,2,1
2026,,2026-04-25,824613,home,CHW,WSN,695657,Colson Montgomery,12,SS,5,3,2,0,0,0,0,0,0,2,0,0,3
2026,,2026-04-25,824613,home,CHW,WSN,691011,Drew Romo,36,C,1,0,0,0,0,0,0,0,1,0,0,0,0
2026,,2026-04-25,824613,home,CHW,WSN,700337,Edgar Quero,26,C,3,3,0,1,0,0,0,0,0,0,0,1,3
2026,,2026-04-25,824613,home,CHW,WSN,643217,Andrew Benintendi,23,DH,5,5,0,0,0,0,0,0,0,3,0,0,4
2026,,2026-04-25,824613,home,CHW,WSN,677592,Everson Pereira,28,RF,5,5,0,1,0,0,0,1,0,2,0,1,4
2026,,2026-04-25,824613,home,CHW,WSN,803011,Sam Antonacci,17,LF,2,2,0,1,0,0,0,0,0,0,0,1,0
2026,,2026-04-25,824613,home,CHW,WSN,656537,Derek Hill,25,CF,3,3,0,1,0,0,0,0,0,1,0,1,2
2026,,2026-04-25,824613,home,CHW,WSN,678246,Miguel Vargas,20,3B,5,3,1,1,1,0,0,0,2,1,0,2,0
2026,,2026-04-25,825093,away,SDP,ARI,666023,Freddy Fermin,54,C,4,3,0,1,0,0,0,1,0,1,0,1,0
2026,,2026-04-25,825093,away,SDP,ARI,701538,Jackson Merrill,3,CF,4,3,1,0,0,0,0,0,1,1,0,0,3
2026,,2026-04-25,825093,away,SDP,ARI,657757,Gavin Sheets,30,DH,4,4,1,1,0,0,0,2,0,1,0,1,0
2026,,2026-04-25,825093,away,SDP,ARI,657656,Ramón Laureano,5,LF,5,3,0,0,0,0,0,1,1,2,0,0,2
2026,,2026-04-25,825093,away,SDP,ARI,592518,Manny Machado,13,3B,4,4,1,1,0,0,0,0,0,0,0,1,0
2026,,2026-04-25,825093,away,SDP,ARI,665487,Fernando Tatis Jr.,23,RF,5,4,0,1,0,0,0,0,1,1,0,1,1
2026,,2026-04-25,825093,away,SDP,ARI,664034,Ty France,25,1B,4,4,2,2,0,0,2,2,0,0,0,8,2
2026,,2026-04-25,825093,away,SDP,ARI,593428,Xander Bogaerts,2,SS,4,3,1,0,0,0,0,0,1,3,0,0,0
2026,,2026-04-25,825093,away,SDP,ARI,630105,Jake Cronenworth,9,2B,4,2,0,0,0,0,0,0,1,1,0,0,1
2026,,2026-04-25,825093,home,ARI,SDP,694374,Tim Tawa,13,1B,1,1,0,0,0,0,0,0,0,1,0,0,0
2026,,2026-04-25,825093,home,ARI,SDP,680728,Adrian Del Castillo,25,C,4,4,0,0,0,0,0,0,0,1,0,0,4
2026,,2026-04-25,825093,home,ARI,SDP,571448,Nolan Arenado,28,3B,4,4,1,2,0,0,0,0,0,0,0,2,0
2026,,2026-04-25,825093,home,ARI,SDP,606466,Ketel Marte,4,2B,5,4,0,1,0,0,0,0,1,1,0,1,0
2026,,2026-04-25,825093,home,ARI,SDP,545121,Ildemaro Vargas,6,SS,4,4,1,1,0,0,0,0,0,0,0,1,0
2026,,2026-04-25,825093,home,ARI,SDP,672695,Geraldo Perdomo,2,SS,3,3,0,0,0,0,0,0,0,1,0,0,2
2026,,2026-04-25,825093,home,ARI,SDP,699912,Jose Fernandez,11,DH,4,4,1,2,1,0,0,2,0,0,0,3,1
2026,,2026-04-25,825093,home,ARI,SDP,682998,Corbin Carroll,7,RF,4,2,0,0,0,0,0,0,1,0,0,0,1
2026,,2026-04-25,825093,home,ARI,SDP,666971,Lourdes Gurriel Jr.,12,LF,4,4,0,0,0,0,0,0,0,0,0,0,2
2026,,2026-04-25,825093,home,ARI,SDP,678489,Jorge Barrosa,1,PH,1,1,0,0,0,0,0,0,0,0,0,0,0
2026,,2026-04-25,825093,home,ARI,SDP,677950,Alek Thomas,5,CF,4,4,1,1,0,0,1,2,0,0,0,4,2
2026,,2026-04-25,822910,away,ATH,TEX,680869,Zack Gelof,20,2B,4,4,0,0,0,0,0,0,0,0,0,0,2
2026,,2026-04-25,822910,away,ATH,TEX,643446,Jeff McNeil,22,3B,1,1,0,0,0,0,0,0,0,0,0,0,1
2026,,2026-04-25,822910,away,ATH,TEX,642851,Austin Wynns,29,C,4,4,0,0,0,0,0,0,0,1,0,0,5
2026,,2026-04-25,822910,away,ATH,TEX,666126,Carlos Cortes,26,RF,1,1,0,1,1,0,0,0,0,0,0,2,0
2026,,2026-04-25,822910,away,ATH,TEX,691777,Max Muncy,3,3B,3,2,0,0,0,0,0,0,1,2,0,0,2
2026,,2026-04-25,822910,away,ATH,TEX,691016,Tyler Soderstrom,21,LF,4,4,0,0,0,0,0,0,0,0,0,0,2
2026,,2026-04-25,822910,away,ATH,TEX,687231,Darell Hernaiz,2,2B,3,2,0,1,0,0,0,1,1,0,0,1,1
2026,,2026-04-25,822910,away,ATH,TEX,701762,Nick Kurtz,16,1B,5,4,1,0,0,0,0,0,1,2,0,0,1
2026,,2026-04-25,822910,away,ATH,TEX,687515,Colby Thomas,32,CF,4,4,0,1,0,0,0,1,0,3,0,1,1
2026,,2026-04-25,822910,away,ATH,TEX,669127,Shea Langeliers,23,DH,5,5,1,2,0,0,0,0,0,2,0,2,0
2026,,2026-04-25,822910,away,ATH,TEX,805779,Jacob Wilson,5,SS,4,3,1,2,1,0,0,1,0,0,0,3,0
2026,,2026-04-25,822910,home,TEX,ATH,694497,Evan Carter,32,CF,3,2,1,0,0,0,0,0,1,1,0,0,2
2026,,2026-04-25,822910,home,TEX,ATH,669394,Jake Burger,21,1B,4,4,0,0,0,0,0,0,0,2,0,0,3
2026,,2026-04-25,822910,home,TEX,ATH,592626,Joc Pederson,3,DH,1,1,0,0,0,0,0,0,0,0,0,0,0
2026,,2026-04-25,822910,home,TEX,ATH,608369,Corey Seager,5,SS,4,4,1,2,0,0,0,1,0,0,0,2,0
2026,,2026-04-25,822910,home,TEX,ATH,673962,Josh Jung,6,3B,4,4,1,1,0,0,1,2,0,1,0,4,0
2026,,2026-04-25,822910,home,TEX,ATH,457705,Andrew McCutchen,4,DH,3,3,0,0,0,0,0,0,0,1,0,0,2
2026,,2026-04-25,822910,home,TEX,ATH,677649,Ezequiel Duran,20,2B,3,3,0,0,0,0,0,0,0,0,0,0,0
2026,,2026-04-25,822910,home,TEX,ATH,607043,Brandon Nimmo,24,RF,4,3,0,0,0,0,0,1,0,0,0,0,0
2026,,2026-04-25,822910,home,TEX,ATH,643376,Danny Jansen,9,C,3,1,1,1,0,0,0,0,1,0,0,1,0
2026,,2026-04-25,822910,home,TEX,ATH,664059,Sam Haggerty,0,LF,3,3,0,1,0,0,0,0,0,0,0,1,0
2026,,2026-04-25,824121,away,LAA,KCR,624428,Adam Frazier,20,P,1,1,0,0,0,0,0,0,0,1,0,0,2
2026,,2026-04-25,824121,away,LAA,KCR,672724,Oswald Peraza,2,2B,4,4,0,1,0,0,0,0,0,2,1,1,2
2026,,2026-04-25,824121,away,LAA,KCR,687263,Zach Neto,9,SS,4,4,0,0,0,0,0,0,0,2,0,0,0
2026,,2026-04-25,824121,away,LAA,KCR,624585,Jorge Soler,12,DH,3,3,0,1,1,0,0,0,0,1,0,2,0
2026,,2026-04-25,824121,away,LAA,KCR,660162,Yoán Moncada,10,3B,1,1,0,1,0,0,0,0,0,0,0,1,0
2026,,2026-04-25,824121,away,LAA,KCR,518595,Travis d'Arnaud,25,C,1,1,0,0,0,0,0,0,0,0,0,0,2
2026,,2026-04-25,824121,away,LAA,KCR,545361,Mike Trout,27,CF,4,4,0,1,0,0,0,0,0,1,0,1,0
2026,,2026-04-25,824121,away,LAA,KCR,666176,Jo Adell,7,RF,4,4,1,1,0,0,1,1,0,1,0,4,1
2026,,2026-04-25,824121,away,LAA,KCR,687093,Vaughn Grissom,5,1B,4,4,0,3,1,0,0,0,0,0,0,4,0
2026,,2026-04-25,824121,away,LAA,KCR,694384,Nolan Schanuel,18,1B,3,3,0,0,0,0,0,0,0,2,0,0,3
2026,,2026-04-25,824121,away,LAA,KCR,666139,Josh Lowe,3,LF,1,1,0,0,0,0,0,0,0,1,0,0,0
2026,,2026-04-25,824121,away,LAA,KCR,669326,Bryce Teodosio,22,LF,2,2,0,0,0,0,0,0,0,2,0,0,0
2026,,2026-04-25,824121,away,LAA,KCR,681351,Logan O'Hoppe,14,C,3,3,0,0,0,0,0,0,0,1,0,0,2
2026,,2026-04-25,824121,home,KCR,LAA,695600,Carter Jensen,22,C,6,5,0,1,0,0,0,2,1,2,0,1,3
2026,,2026-04-25,824121,home,KCR,LAA,686555,Isaac Collins,1,LF,5,2,2,1,0,0,0,0,2,1,0,1,1
2026,,2026-04-25,824121,home,KCR,LAA,521692,Salvador Perez,13,DH,5,5,2,3,0,0,1,2,0,1,0,6,4
2026,,2026-04-25,824121,home,KCR,LAA,679845,Nick Loftin,12,3B,5,4,2,3,0,0,0,4,1,0,0,3,0
2026,,2026-04-25,824121,home,KCR,LAA,686681,Michael Massey,19,2B,5,5,1,2,0,0,0,1,0,0,0,2,6
2026,,2026-04-25,824121,home,KCR,LAA,686469,Vinnie Pasquantino,9,1B,6,3,1,0,0,0,0,1,3,0,0,0,3
2026,,2026-04-25,824121,home,KCR,LAA,664728,Kyle Isbel,28,CF,5,4,0,2,0,0,0,0,0,1,0,2,5
2026,,2026-04-25,824121,home,KCR,LAA,695506,Jac Caglianone,14,RF,5,3,3,1,1,0,0,0,2,1,0,2,2
2026,,2026-04-25,824121,home,KCR,LAA,677951,Bobby Witt Jr.,7,SS,6,5,1,2,1,0,0,0,1,0,0,3,4
2026,,2026-04-25,824203,away,NYY,HOU,676609,José Caballero,72,SS,5,5,1,3,0,0,1,1,0,0,1,6,4
2026,,2026-04-25,824203,away,NYY,HOU,642708,Amed Rosario,14,DH,5,5,1,1,0,0,0,0,0,2,0,1,3
2026,,2026-04-25,824203,away,NYY,HOU,592450,Aaron Judge,99,RF,5,3,0,0,0,0,0,0,2,2,0,0,4
2026,,2026-04-25,824203,away,NYY,HOU,641857,Ryan McMahon,19,3B,5,5,1,2,0,0,0,1,0,1,0,2,1
2026,,2026-04-25,824203,away,NYY,HOU,669224,Austin Wells,28,C,5,3,1,2,0,0,1,2,2,0,0,5,0
2026,,2026-04-25,824203,away,NYY,HOU,700250,Ben Rice,22,1B,5,4,1,3,1,0,0,1,0,1,0,4,0
2026,,2026-04-25,824203,away,NYY,HOU,641355,Cody Bellinger,35,LF,5,2,1,0,0,0,0,1,3,0,0,0,1
2026,,2026-04-25,824203,away,NYY,HOU,665862,Jazz Chisholm Jr.,13,2B,5,4,0,0,0,0,0,1,1,1,0,0,3
2026,,2026-04-25,824203,away,NYY,HOU,663757,Trent Grisham,12,CF,5,3,2,1,0,0,1,1,2,1,0,4,0
2026,,2026-04-25,824203,home,HOU,NYY,670623,Isaac Paredes,15,3B,4,4,0,1,0,0,0,1,0,0,0,1,2
2026,,2026-04-25,824203,home,HOU,NYY,701358,Cam Smith,11,RF,4,4,0,0,0,0,0,0,0,3,0,0,0
2026,,2026-04-25,824203,home,HOU,NYY,694728,Brice Matthews,0,CF,3,3,0,0,0,0,0,0,0,1,0,0,1
2026,,2026-04-25,824203,home,HOU,NYY,514888,Jose Altuve,27,2B,4,3,0,0,0,0,0,0,1,1,0,0,2
2026,,2026-04-25,824203,home,HOU,NYY,621043,Carlos Correa,1,SS,4,3,2,2,1,0,1,1,1,0,0,6,0
2026,,2026-04-25,824203,home,HOU,NYY,572233,Christian Walker,8,1B,4,4,1,1,0,0,1,1,0,2,0,4,3
2026,,2026-04-25,824203,home,HOU,NYY,543877,Christian Vázquez,2,C,4,4,0,1,0,0,0,0,0,0,0,1,0
2026,,2026-04-25,824203,home,HOU,NYY,673237,Yainer Diaz,21,DH,4,4,0,1,0,0,0,0,0,2,0,1,2
2026,,2026-04-25,824203,home,HOU,NYY,670541,Yordan Alvarez,44,LF,4,4,0,1,0,0,0,0,0,0,0,1,2
2026,,2026-04-25,823799,away,PIT,MIL,694377,Nick Yorke,38,3B,0,0,1,0,0,0,0,0,0,0,0,0,0
2026,,2026-04-25,823799,away,PIT,MIL,687462,Spencer Horwitz,2,1B,5,4,0,1,0,0,0,2,0,0,0,1,2
2026,,2026-04-25,823799,away,PIT,MIL,664040,Brandon Lowe,5,2B,4,4,0,1,0,0,0,0,0,2,0,1,1
2026,,2026-04-25,823799,away,PIT,MIL,668804,Bryan Reynolds,10,RF,5,3,2,1,0,0,0,1,1,2,0,1,1
2026,,2026-04-25,823799,away,PIT,MIL,665833,Oneil Cruz,15,CF,5,5,0,0,0,0,0,0,0,4,0,0,2
2026,,2026-04-25,823799,away,PIT,MIL,663968,Jake Mangum,28,LF,4,4,0,0,0,0,0,0,0,2,0,0,3
2026,,2026-04-25,823799,away,PIT,MIL,680779,Henry Davis,32,C,4,4,1,0,0,0,0,0,0,0,0,0,3
2026,,2026-04-25,823799,away,PIT,MIL,804606,Konnor Griffin,6,SS,4,4,0,2,0,0,0,1,0,2,1,2,1
2026,,2026-04-25,823799,away,PIT,MIL,656811,Ryan O'Hearn,29,DH,5,4,1,1,0,0,0,0,0,2,0,1,3
2026,,2026-04-25,823799,away,PIT,MIL,693304,Nick Gonzales,3,2B,5,5,1,3,0,0,0,1,0,1,0,3,2
2026,,2026-04-25,823799,away,PIT,MIL,542303,Marcell Ozuna,24,PH,1,0,0,0,0,0,0,0,1,0,0,0,0
2026,,2026-04-25,823799,home,MIL,PIT,675659,Greg Jones,14,LF,4,4,0,0,0,0,0,0,0,2,0,0,4
2026,,2026-04-25,823799,home,MIL,PIT,650859,Luis Rengifo,13,3B,2,2,0,0,0,0,0,0,0,1,0,0,0
2026,,2026-04-25,823799,home,MIL,PIT,687401,Joey Ortiz,3,SS,4,3,0,0,0,0,0,0,1,0,0,0,0
2026,,2026-04-25,823799,home,MIL,PIT,641343,Jake Bauers,9,1B,5,5,2,2,0,0,0,0,0,2,0,2,1
2026,,2026-04-25,823799,home,MIL,PIT,686217,Sal Frelick,10,RF,4,0,0,0,0,0,0,2,2,0,0,0,0
2026,,2026-04-25,823799,home,MIL,PIT,672012,Tyler Black,7,DH,5,5,1,2,1,0,0,0,0,2,0,3,1
2026,,2026-04-25,823799,home,MIL,PIT,669003,Garrett Mitchell,5,CF,4,4,0,1,1,0,0,1,0,0,0,2,3
2026,,2026-04-25,823799,home,MIL,PIT,666152,David Hamilton,6,3B,2,2,0,0,0,0,0,0,0,1,0,0,0
2026,,2026-04-25,823799,home,MIL,PIT,661388,William Contreras,24,C,5,5,0,0,0,0,0,0,0,1,0,0,4
2026,,2026-04-25,823799,home,MIL,PIT,668930,Brice Turang,2,2B,5,4,0,1,0,0,0,0,1,2,0,1,1
2026,,2026-04-25,824527,away,DET,CIN,701678,Hao-Yu  Lee,50,PH,1,1,0,0,0,0,0,0,0,0,0,0,1
2026,,2026-04-25,824527,away,DET,CIN,663330,Jahmai Jones,18,DH,1,1,0,0,0,0,0,0,0,1,0,0,0
2026,,2026-04-25,824527,away,DET,CIN,595879,Javier Báez,28,2B,3,3,0,0,0,0,0,0,0,2,0,0,1
2026,,2026-04-25,824527,away,DET,CIN,682985,Riley Greene,31,LF,4,3,0,2,0,0,0,0,1,0,0,2,0
2026,,2026-04-25,824527,away,DET,CIN,805808,Kevin McGonigle,7,SS,5,5,1,3,1,0,1,1,0,0,0,7,2
2026,,2026-04-25,824527,away,DET,CIN,681481,Kerry Carpenter,30,DH,3,3,0,1,0,0,0,0,0,1,0,1,2
2026,,2026-04-25,824527,away,DET,CIN,679529,Spencer Torkelson,20,1B,4,4,1,1,0,0,1,1,0,1,0,4,1
2026,,2026-04-25,824527,away,DET,CIN,663837,Matt Vierling,8,CF,4,3,0,0,0,0,0,0,1,0,0,0,1
2026,,2026-04-25,824527,away,DET,CIN,693307,Dillon Dingler,13,C,4,4,0,0,0,0,0,0,0,0,0,0,5
2026,,2026-04-25,824527,away,DET,CIN,690993,Colt Keith,33,3B,4,4,0,1,0,0,0,0,0,1,0,1,3
2026,,2026-04-25,824527,away,DET,CIN,672761,Wenceel Pérez,46,RF,4,4,0,2,0,0,0,0,0,0,0,2,1
2026,,2026-04-25,824527,home,CIN,DET,682829,Elly De La Cruz,44,SS,5,3,2,1,0,0,1,2,2,0,0,4,1
2026,,2026-04-25,824527,home,CIN,DET,667472,Dane Myers,17,CF,2,2,0,0,0,0,0,0,0,1,0,0,1
2026,,2026-04-25,824527,home,CIN,DET,701398,Sal Stewart,27,1B,5,4,1,3,0,0,1,5,1,0,0,6,1
2026,,2026-04-25,824527,home,CIN,DET,663993,Nathaniel Lowe,31,DH,5,4,1,1,0,0,1,1,1,1,0,4,2
2026,,2026-04-25,824527,home,CIN,DET,680574,Matt McLain,9,2B,5,4,1,0,0,0,0,0,1,3,0,0,4
2026,,2026-04-25,824527,home,CIN,DET,663647,Ke'Bryan Hayes,3,3B,4,4,2,2,1,0,0,0,0,2,0,3,1
2026,,2026-04-25,824527,home,CIN,DET,666181,Will Benson,30,RF,2,2,0,0,0,0,0,0,0,2,0,0,2
2026,,2026-04-25,824527,home,CIN,DET,670770,TJ Friedl,29,LF,5,4,2,3,1,0,1,1,0,1,0,7,0
2026,,2026-04-25,824527,home,CIN,DET,668715,Spencer Steer,7,RF,4,2,0,0,0,0,0,0,1,0,0,0,3
2026,,2026-04-25,824527,home,CIN,DET,663886,Tyler Stephenson,37,C,4,3,0,0,0,0,0,0,1,2,0,0,2
2026,,2026-04-25,823960,away,CHC,LAD,624424,Michael Conforto,20,LF,1,1,0,1,0,0,0,0,0,0,0,1,0
2026,,2026-04-25,823960,away,CHC,LAD,664023,Ian Happ,8,LF,3,2,0,0,0,0,0,0,1,2,0,0,0
2026,,2026-04-25,823960,away,CHC,LAD,608324,Alex Bregman,3,3B,3,3,0,0,0,0,0,0,0,1,0,0,3
2026,,2026-04-25,823960,away,CHC,LAD,683737,Michael Busch,29,1B,5,5,0,1,0,0,0,1,0,1,0,1,2
2026,,2026-04-25,823960,away,CHC,LAD,691718,Pete Crow-Armstrong,4,CF,4,4,0,0,0,0,0,0,0,4,0,0,4
2026,,2026-04-25,823960,away,CHC,LAD,665804,Miguel Amaya,9,C,4,3,2,1,0,0,1,1,0,0,0,4,3
2026,,2026-04-25,823960,away,CHC,LAD,694208,Moisés Ballesteros,25,DH,4,3,1,1,0,0,1,1,1,0,0,4,1
2026,,2026-04-25,823960,away,CHC,LAD,670032,Nicky Lopez,5,3B,2,2,0,0,0,0,0,0,0,2,0,0,0
2026,,2026-04-25,823960,away,CHC,LAD,673548,Seiya Suzuki,27,RF,4,4,1,3,0,0,1,1,0,0,0,6,0
2026,,2026-04-25,823960,away,CHC,LAD,621020,Dansby Swanson,7,SS,4,4,0,0,0,0,0,0,0,1,0,0,5
2026,,2026-04-25,823960,away,CHC,LAD,663538,Nico Hoerner,2,2B,3,3,0,2,0,0,0,0,0,0,0,2,1
2026,,2026-04-25,823960,away,CHC,LAD,807713,Matt Shaw,6,2B,1,1,0,0,0,0,0,0,0,0,0,0,1
2026,,2026-04-25,823960,home,LAD,CHC,687221,Dalton Rushing,68,C,5,4,1,1,0,0,0,1,1,2,0,1,1
2026,,2026-04-25,823960,home,LAD,CHC,663656,Kyle Tucker,23,RF,5,5,1,1,1,0,0,0,0,1,0,2,6
2026,,2026-04-25,823960,home,LAD,CHC,571970,Max Muncy,13,3B,3,1,1,1,0,0,1,2,2,0,0,4,0
2026,,2026-04-25,823960,home,LAD,CHC,518692,Freddie Freeman,5,1B,5,5,1,1,0,0,0,1,0,2,0,1,3
2026,,2026-04-25,823960,home,LAD,CHC,808975,Hyeseong Kim,6,SS,5,5,1,2,0,0,0,1,0,1,0,2,3
2026,,2026-04-25,823960,home,LAD,CHC,669289,Santiago Espinal,21,3B,2,2,1,1,1,0,0,0,0,0,0,2,1
2026,,2026-04-25,823960,home,LAD,CHC,660271,Shohei Ohtani,17,DH,5,3,2,1,0,0,0,0,2,0,1,1,1
2026,,2026-04-25,823960,home,LAD,CHC,606192,Teoscar Hernández,37,LF,4,3,2,2,0,0,0,2,1,0,0,2,2
2026,,2026-04-25,823960,home,LAD,CHC,681624,Andy Pages,44,CF,5,5,1,2,1,0,0,3,0,0,0,3,0
2026,,2026-04-25,823960,home,LAD,CHC,669743,Alex Call,12,LF,1,1,0,0,0,0,0,0,0,0,0,0,1
2026,,2026-04-25,823960,home,LAD,CHC,690976,Alex Freeland,76,2B,4,4,1,2,2,0,0,1,0,1,0,4,2
2026,,2026-04-25,824933,away,PHI,ATL,669016,Brandon Marsh,16,LF,5,5,1,2,0,0,0,2,0,1,0,2,1
2026,,2026-04-25,824933,away,PHI,ATL,702222,Justin Crawford,2,CF,5,5,0,1,0,0,0,0,0,2,1,1,2
2026,,2026-04-25,824933,away,PHI,ATL,547180,Bryce Harper,3,1B,5,3,2,2,0,0,0,4,1,0,0,2,0
2026,,2026-04-25,824933,away,PHI,ATL,664761,Alec Bohm,28,3B,5,5,0,0,0,0,0,0,0,1,0,0,3
2026,,2026-04-25,824933,away,PHI,ATL,681082,Bryson Stott,5,2B,5,5,0,2,0,1,0,1,0,0,0,4,0
2026,,2026-04-25,824933,away,PHI,ATL,656941,Kyle Schwarber,12,DH,5,4,1,1,0,1,0,0,1,0,0,3,2
2026,,2026-04-25,824933,away,PHI,ATL,665561,Rafael Marchán,13,C,4,4,1,1,0,0,0,0,0,1,0,1,1
2026,,2026-04-25,824933,away,PHI,ATL,664238,Dylan Moore,25,DH,0,0,1,0,0,0,0,0,0,0,0,0,0
2026,,2026-04-25,824933,away,PHI,ATL,596117,Garrett Stubbs,21,C,0,0,1,0,0,0,0,0,0,0,0,0,0
2026,,2026-04-25,824933,away,PHI,ATL,666969,Adolis García,53,RF,5,5,0,1,0,1,0,1,0,3,0,3,4
2026,,2026-04-25,824933,away,PHI,ATL,607208,Trea Turner,7,SS,5,4,1,1,0,0,0,0,1,0,0,1,0
2026,,2026-04-25,824933,home,ATL,PHI,671739,Michael Harris II,23,DH,5,4,0,2,0,0,0,2,0,0,0,2,3
2026,,2026-04-25,824933,home,ATL,PHI,622761,Jorge Mateo,2,SS,0,0,0,0,0,0,0,0,0,0,0,0,0
2026,,2026-04-25,824933,home,ATL,PHI,643289,Mauricio Dubón,14,SS,3,3,0,0,0,0,0,0,0,1,0,0,3
2026,,2026-04-25,824933,home,ATL,PHI,686948,Drake Baldwin,30,C,5,4,1,1,0,0,0,1,1,2,0,1,0
2026,,2026-04-25,824933,home,ATL,PHI,621566,Matt Olson,28,1B,5,3,2,2,1,0,0,0,2,0,0,3,0
2026,,2026-04-25,824933,home,ATL,PHI,642086,Dominic Smith,8,PH,1,1,0,0,0,0,0,0,0,1,0,0,0
2026,,2026-04-25,824933,home,ATL,PHI,660670,Ronald Acuña Jr.,13,RF,5,4,0,0,0,0,0,0,1,2,1,0,1
2026,,2026-04-25,824933,home,ATL,PHI,642201,Eli White,36,CF,4,4,1,0,0,0,0,0,0,0,0,0,0
2026,,2026-04-25,824933,home,ATL,PHI,645277,Ozzie Albies,1,2B,5,5,1,3,2,0,0,1,0,0,0,5,3
2026,,2026-04-25,824933,home,ATL,PHI,663586,Austin Riley,27,3B,4,4,0,1,1,0,0,1,0,0,0,2,3
2026,,2026-04-25,824933,home,ATL,PHI,573262,Mike Yastrzemski,18,LF,4,4,0,0,0,0,0,0,0,2,0,0,3
2026,,2026-04-26,824852,away,BOS,BAL,701350,Roman Anthony,19,DH,4,3,0,0,0,0,0,0,1,2,0,0,3
2026,,2026-04-26,824852,away,BOS,BAL,575929,Willson Contreras,40,1B,4,3,1,1,0,0,1,2,1,1,0,4,1
2026,,2026-04-26,824852,away,BOS,BAL,657136,Connor Wong,12,C,4,3,0,0,0,0,0,0,1,0,0,0,3
2026,,2026-04-26,824852,away,BOS,BAL,677800,Wilyer Abreu,52,RF,4,3,1,1,0,0,0,0,1,0,0,1,2
2026,,2026-04-26,824852,away,BOS,BAL,655316,Andruw Monasterio,32,SS,4,4,0,1,0,0,0,1,0,0,0,1,3
2026,,2026-04-26,824852,away,BOS,BAL,702332,Caleb Durbin,5,3B,4,4,1,1,0,0,0,0,0,1,2,1,1
2026,,2026-04-26,824852,away,BOS,BAL,680776,Jarren Duran,16,LF,5,4,1,0,0,0,0,0,1,1,1,0,2
2026,,2026-04-26,824852,away,BOS,BAL,678882,Ceddanne Rafaela,3,CF,4,4,1,2,1,1,0,1,0,1,0,5,0
2026,,2026-04-26,824852,away,BOS,BAL,691785,Marcelo Mayer,11,2B,4,4,0,1,0,0,0,1,0,0,1,1,1
2026,,2026-04-26,824852,home,BAL,BOS,669236,Jeremiah Jackson,82,2B,3,3,0,0,0,0,0,0,0,1,0,0,1
2026,,2026-04-26,824852,home,BAL,BOS,694212,Samuel Basallo,29,C,4,4,1,2,0,0,1,1,0,1,0,5,0
2026,,2026-04-26,824852,home,BAL,BOS,683002,Gunnar Henderson,2,SS,4,4,1,2,0,0,1,2,0,1,0,5,1
2026,,2026-04-26,824852,home,BAL,BOS,621493,Taylor Ward,3,LF,4,3,0,0,0,0,0,0,1,0,0,0,1
2026,,2026-04-26,824852,home,BAL,BOS,687637,Dylan Beavers,12,CF,3,3,0,0,0,0,0,0,0,1,0,0,0
2026,,2026-04-26,824852,home,BAL,BOS,668939,Adley Rutschman,35,DH,4,4,0,1,0,0,0,0,0,0,0,1,1
2026,,2026-04-26,824852,home,BAL,BOS,641933,Tyler O'Neill,9,RF,4,4,0,0,0,0,0,0,0,3,0,0,0
2026,,2026-04-26,824852,home,BAL,BOS,677942,Blaze Alexander,23,3B,2,2,0,0,0,0,0,0,0,0,0,0,0
2026,,2026-04-26,824852,home,BAL,BOS,624413,Pete Alonso,25,1B,4,4,0,0,0,0,0,0,0,0,0,0,1
2026,,2026-04-26,824852,home,BAL,BOS,681297,Colton Cowser,17,PH,1,1,1,1,0,0,0,0,0,0,0,1,0
2026,,2026-04-26,824852,home,BAL,BOS,691723,Coby Mayo,16,3B,0,0,0,0,0,0,0,0,0,0,0,0,0
2026,,2026-04-26,824934,away,PHI,ATL,669016,Brandon Marsh,16,PH,1,1,0,0,0,0,0,0,0,1,0,0,0
2026,,2026-04-26,824934,away,PHI,ATL,547180,Bryce Harper,3,1B,4,4,0,0,0,0,0,0,0,3,0,0,3
2026,,2026-04-26,824934,away,PHI,ATL,624641,Edmundo Sosa,33,2B,2,2,0,0,0,0,0,0,0,1,0,0,0
2026,,2026-04-26,824934,away,PHI,ATL,664761,Alec Bohm,28,3B,4,4,0,0,0,0,0,0,0,2,0,0,0
2026,,2026-04-26,824934,away,PHI,ATL,681082,Bryson Stott,5,2B,1,1,0,0,0,0,0,0,0,1,0,0,0
2026,,2026-04-26,824934,away,PHI,ATL,656941,Kyle Schwarber,12,DH,4,3,1,1,0,0,1,2,1,0,0,4,0
2026,,2026-04-26,824934,away,PHI,ATL,665561,Rafael Marchán,13,C,3,2,1,0,0,0,0,0,0,0,0,0,1
2026,,2026-04-26,824934,away,PHI,ATL,694025,Felix Reyes,29,LF,3,3,0,0,0,0,0,0,0,1,0,0,0
2026,,2026-04-26,824934,away,PHI,ATL,664238,Dylan Moore,25,CF,3,2,0,0,0,0,0,0,1,0,0,0,0
2026,,2026-04-26,824934,away,PHI,ATL,666969,Adolis García,53,RF,4,4,0,0,0,0,0,0,0,2,0,0,0
2026,,2026-04-26,824934,away,PHI,ATL,607208,Trea Turner,7,SS,4,4,0,1,0,0,0,0,0,1,0,1,2
2026,,2026-04-26,824934,home,ATL,PHI,671739,Michael Harris II,23,DH,4,3,0,0,0,0,0,0,1,2,0,0,1
2026,,2026-04-26,824934,home,ATL,PHI,622761,Jorge Mateo,2,SS,4,4,0,1,0,0,0,0,0,2,0,1,2
2026,,2026-04-26,824934,home,ATL,PHI,643289,Mauricio Dubón,14,LF,4,4,1,2,0,1,0,0,0,0,0,4,1
2026,,2026-04-26,824934,home,ATL,PHI,686948,Drake Baldwin,30,C,4,3,1,2,0,0,0,1,1,0,0,2,0
2026,,2026-04-26,824934,home,ATL,PHI,621566,Matt Olson,28,1B,4,4,1,1,0,0,1,3,0,1,0,4,4
2026,,2026-04-26,824934,home,ATL,PHI,660670,Ronald Acuña Jr.,13,RF,4,3,2,2,0,0,0,0,1,1,1,2,0
2026,,2026-04-26,824934,home,ATL,PHI,642201,Eli White,36,CF,4,4,1,1,0,0,1,2,0,1,0,4,2
2026,,2026-04-26,824934,home,ATL,PHI,645277,Ozzie Albies,1,2B,4,4,0,1,0,0,0,0,0,0,0,1,4
2026,,2026-04-26,824934,home,ATL,PHI,663586,Austin Riley,27,3B,4,4,0,0,0,0,0,0,0,1,0,0,2
2026,,2026-04-26,822824,away,CLE,TOR,671655,George Valera,7,RF,1,1,0,0,0,0,0,0,0,1,0,0,0
2026,,2026-04-26,822824,away,CLE,TOR,800050,Chase DeLauter,24,PH,1,1,0,1,0,0,0,0,0,0,0,1,0
2026,,2026-04-26,822824,away,CLE,TOR,595978,Austin Hedges,27,C,3,3,1,1,0,0,0,0,0,0,0,1,3
2026,,2026-04-26,822824,away,CLE,TOR,682177,Daniel Schneemann,10,3B,4,4,0,1,0,0,0,0,0,2,0,1,3
2026,,2026-04-26,822824,away,CLE,TOR,677587,Brayan Rocchio,4,SS,4,4,0,1,0,0,0,1,0,0,0,1,2
2026,,2026-04-26,822824,away,CLE,TOR,681807,David Fry,6,RF,3,2,0,0,0,0,0,0,1,1,0,0,3
2026,,2026-04-26,822824,away,CLE,TOR,608070,José Ramírez,11,DH,4,3,0,0,0,0,0,0,1,1,0,0,2
2026,,2026-04-26,822824,away,CLE,TOR,680757,Steven Kwan,38,CF,5,5,0,1,0,0,0,0,0,2,0,1,3
2026,,2026-04-26,822824,away,CLE,TOR,682657,Angel Martínez,1,LF,5,5,0,2,1,0,0,1,0,1,0,3,2
2026,,2026-04-26,822824,away,CLE,TOR,682877,Juan Brito,34,2B,4,4,1,1,0,0,0,0,0,2,0,1,4
2026,,2026-04-26,822824,away,CLE,TOR,700932,Kyle Manzardo,9,1B,1,0,0,0,0,0,0,0,1,0,0,0,0
2026,,2026-04-26,822824,away,CLE,TOR,656555,Rhys Hoskins,8,1B,3,1,0,0,0,0,0,0,2,0,0,0,0
2026,,2026-04-26,822824,home,TOR,CLE,672820,Lenyn Sosa,50,1B,3,3,0,0,0,0,0,0,0,1,0,0,1
2026,,2026-04-26,822824,home,TOR,CLE,676391,Ernie Clement,22,SS,4,4,1,1,1,0,0,0,0,1,0,2,0
2026,,2026-04-26,822824,home,TOR,CLE,662139,Daulton Varsho,5,CF,4,3,1,0,0,0,0,0,1,2,0,0,0
2026,,2026-04-26,822824,home,TOR,CLE,678218,Brandon Valenzuela,59,C,3,3,0,0,0,0,0,0,0,2,0,0,0
2026,,2026-04-26,822824,home,TOR,CLE,676914,Davis Schneider,36,2B,3,3,0,0,0,0,0,0,0,1,0,0,1
2026,,2026-04-26,822824,home,TOR,CLE,682818,Yohendrick Pinango,24,LF,2,2,0,1,0,0,0,0,0,0,0,1,0
2026,,2026-04-26,822824,home,TOR,CLE,665489,Vladimir Guerrero Jr.,27,DH,4,4,1,3,1,0,0,1,0,0,0,4,0
2026,,2026-04-26,822824,home,TOR,CLE,660821,Jesús Sánchez,12,RF,4,3,1,1,0,0,1,3,0,0,0,4,1
2026,,2026-04-26,822824,home,TOR,CLE,664702,Myles Straw,3,LF,1,1,0,0,0,0,0,0,0,0,0,0,0
2026,,2026-04-26,822824,home,TOR,CLE,672960,Kazuma Okamoto,7,3B,3,3,0,0,0,0,0,0,0,1,0,0,1
2026,,2026-04-26,824528,away,DET,CIN,701678,Hao-Yu  Lee,50,3B,2,2,1,1,0,0,1,2,0,1,0,4,0
2026,,2026-04-26,824528,away,DET,CIN,663330,Jahmai Jones,18,LF,2,1,0,0,0,0,0,0,1,1,0,0,0
2026,,2026-04-26,824528,away,DET,CIN,595879,Javier Báez,28,CF,1,1,0,0,0,0,0,0,0,0,0,0,2
2026,,2026-04-26,824528,away,DET,CIN,682985,Riley Greene,31,DH,5,5,1,1,0,0,0,0,0,3,0,1,0
2026,,2026-04-26,824528,away,DET,CIN,805808,Kevin McGonigle,7,SS,5,4,1,1,0,0,0,0,1,0,0,1,4
2026,,2026-04-26,824528,away,DET,CIN,681481,Kerry Carpenter,30,RF,5,5,1,2,1,1,0,2,0,1,0,5,2
2026,,2026-04-26,824528,away,DET,CIN,679529,Spencer Torkelson,20,1B,5,4,1,3,2,0,1,1,1,1,0,8,0
2026,,2026-04-26,824528,away,DET,CIN,668670,Jake Rogers,34,C,4,4,0,1,0,0,0,0,0,2,0,1,3
2026,,2026-04-26,824528,away,DET,CIN,650402,Gleyber Torres,25,2B,5,5,3,3,0,0,1,2,0,1,0,6,0
2026,,2026-04-26,824528,away,DET,CIN,663837,Matt Vierling,8,LF,5,2,0,0,0,0,0,1,2,0,0,0,2
2026,,2026-04-26,824528,away,DET,CIN,690993,Colt Keith,33,3B,3,3,0,0,0,0,0,0,0,2,0,0,3
2026,,2026-04-26,824528,away,DET,CIN,672761,Wenceel Pérez,46,RF,2,2,0,0,0,0,0,0,0,0,0,0,0
2026,,2026-04-26,824528,home,CIN,DET,682829,Elly De La Cruz,44,SS,4,4,0,1,0,0,0,0,0,3,0,1,3
2026,,2026-04-26,824528,home,CIN,DET,667472,Dane Myers,17,CF,2,2,0,1,0,0,0,0,0,0,0,1,0
2026,,2026-04-26,824528,home,CIN,DET,701398,Sal Stewart,27,1B,4,4,0,0,0,0,0,0,0,1,0,0,4
2026,,2026-04-26,824528,home,CIN,DET,663993,Nathaniel Lowe,31,DH,4,4,1,1,0,0,1,1,0,0,0,4,1
2026,,2026-04-26,824528,home,CIN,DET,680574,Matt McLain,9,2B,4,3,0,1,1,0,0,1,1,0,0,2,0
2026,,2026-04-26,824528,home,CIN,DET,663647,Ke'Bryan Hayes,3,3B,4,4,1,1,0,1,0,0,0,1,0,3,1
2026,,2026-04-26,824528,home,CIN,DET,666181,Will Benson,30,PH,1,1,0,0,0,0,0,0,0,0,0,0,0
2026,,2026-04-26,824528,home,CIN,DET,670770,TJ Friedl,29,LF,4,4,0,1,1,0,0,0,0,1,0,2,1
2026,,2026-04-26,824528,home,CIN,DET,668715,Spencer Steer,7,RF,4,4,0,0,0,0,0,0,0,0,0,0,0
2026,,2026-04-26,824528,home,CIN,DET,624431,Jose Trevino,35,C,2,2,0,0,0,0,0,0,0,1,0,0,1
2026,,2026-04-26,824528,home,CIN,DET,663886,Tyler Stephenson,37,C,1,1,0,0,0,0,0,0,0,0,0,0,1
2026,,2026-04-26,824528,home,CIN,DET,668709,JJ Bleday,22,LF,2,1,1,1,0,0,1,1,1,0,0,4,0
2026,,2026-04-26,823635,away,COL,NYM,666160,Mickey Moniak,22,LF,4,3,0,1,0,0,0,0,1,1,0,1,0
2026,,2026-04-26,823635,away,COL,NYM,664983,Jake McCarthy,31,RF,3,3,0,2,0,0,0,1,0,0,0,2,0
2026,,2026-04-26,823635,away,COL,NYM,687859,Troy Johnston,20,1B,4,4,0,1,0,0,0,1,0,0,0,1,2
2026,,2026-04-26,823635,away,COL,NYM,666397,Edouard Julien,6,2B,4,4,2,2,1,0,0,0,0,1,0,3,1
2026,,2026-04-26,823635,away,COL,NYM,687597,Jordan Beck,27,LF,3,2,0,0,0,0,0,0,1,1,0,0,0
2026,,2026-04-26,823635,away,COL,NYM,664954,Brett Sullivan,26,C,4,4,1,1,1,0,0,0,0,1,0,2,3
2026,,2026-04-26,823635,away,COL,NYM,686668,Brenton Doyle,9,CF,0,0,0,0,0,0,0,0,0,0,0,0,0
2026,,2026-04-26,823635,away,COL,NYM,678662,Ezequiel Tovar,14,SS,4,4,0,0,0,0,0,0,0,2,0,0,1
2026,,2026-04-26,823635,away,COL,NYM,681198,TJ Rumfield,7,DH,4,3,0,0,0,0,0,0,1,1,0,0,2
2026,,2026-04-26,823635,away,COL,NYM,691720,Kyle Karros,12,3B,4,4,0,0,0,0,0,0,0,2,0,0,4
2026,,2026-04-26,823635,home,NYM,COL,620443,Luis Torrens,13,C,2,2,0,0,0,0,0,0,0,0,0,0,0
2026,,2026-04-26,823635,home,NYM,COL,666182,Bo Bichette,19,SS,4,3,0,1,0,0,0,0,1,0,0,1,0
2026,,2026-04-26,823635,home,NYM,COL,621438,Tyrone Taylor,28,RF,3,3,1,1,0,0,1,1,0,0,0,4,0
2026,,2026-04-26,823635,home,NYM,COL,682626,Francisco Alvarez,4,C,1,1,0,1,0,0,0,0,0,0,0,1,0
2026,,2026-04-26,823635,home,NYM,COL,668901,Mark Vientos,27,1B,4,4,0,1,0,0,0,0,0,2,0,1,3
2026,,2026-04-26,823635,home,NYM,COL,683146,Brett Baty,7,3B,4,4,0,0,0,0,0,0,0,3,0,0,3
2026,,2026-04-26,823635,home,NYM,COL,701807,Carson Benge,3,LF,1,1,0,0,0,0,0,0,0,0,0,0,0
2026,,2026-04-26,823635,home,NYM,COL,502054,Tommy Pham,39,LF,2,2,0,0,0,0,0,0,0,1,0,0,0
2026,,2026-04-26,823635,home,NYM,COL,543760,Marcus Semien,10,2B,4,4,0,0,0,0,0,0,0,2,0,0,3
2026,,2026-04-26,823635,home,NYM,COL,669004,MJ Melendez,1,PH,1,1,0,0,0,0,0,0,0,1,0,0,0
2026,,2026-04-26,823635,home,NYM,COL,665742,Juan Soto,22,DH,4,3,0,0,0,0,0,0,1,1,0,0,1
2026,,2026-04-26,823635,home,NYM,COL,673357,Luis Robert Jr.,88,CF,4,3,0,0,0,0,0,0,1,0,0,0,3
2026,,2026-04-26,823637,away,COL,NYM,666160,Mickey Moniak,22,LF,4,3,0,1,0,0,0,0,1,1,0,1,1
2026,,2026-04-26,823637,away,COL,NYM,687859,Troy Johnston,20,DH,4,3,0,1,0,0,0,1,1,1,0,1,1
2026,,2026-04-26,823637,away,COL,NYM,671289,Tyler Freeman,2,RF,4,3,1,0,0,0,0,0,0,0,0,0,1
2026,,2026-04-26,823637,away,COL,NYM,666397,Edouard Julien,6,2B,5,4,1,1,0,0,0,0,1,0,0,1,0
2026,,2026-04-26,823637,away,COL,NYM,696100,Hunter Goodman,15,C,4,4,1,1,0,0,1,2,0,2,0,4,1
2026,,2026-04-26,823637,away,COL,NYM,686668,Brenton Doyle,9,CF,4,4,0,0,0,0,0,0,0,2,0,0,2
2026,,2026-04-26,823637,away,COL,NYM,678662,Ezequiel Tovar,14,SS,4,4,0,0,0,0,0,0,0,2,0,0,5
2026,,2026-04-26,823637,away,COL,NYM,681198,TJ Rumfield,7,1B,4,3,0,0,0,0,0,0,1,0,0,0,1
2026,,2026-04-26,823637,away,COL,NYM,691720,Kyle Karros,12,3B,4,2,0,0,0,0,0,0,2,1,0,0,2
2026,,2026-04-26,823637,home,NYM,COL,666182,Bo Bichette,19,3B,4,4,0,0,0,0,0,0,0,1,0,0,1
2026,,2026-04-26,823637,home,NYM,COL,621438,Tyrone Taylor,28,CF,3,3,0,0,0,0,0,0,0,0,0,0,2
2026,,2026-04-26,823637,home,NYM,COL,682626,Francisco Alvarez,4,C,4,4,0,0,0,0,0,0,0,2,0,0,3
2026,,2026-04-26,823637,home,NYM,COL,683146,Brett Baty,7,1B,4,3,0,0,0,0,0,0,1,0,0,0,0
2026,,2026-04-26,823637,home,NYM,COL,701807,Carson Benge,3,RF,4,4,0,2,0,0,0,0,0,0,0,2,1
2026,,2026-04-26,823637,home,NYM,COL,543760,Marcus Semien,10,2B,4,4,0,1,0,0,0,0,0,1,0,1,1
2026,,2026-04-26,823637,home,NYM,COL,669004,MJ Melendez,1,LF,4,4,0,1,1,0,0,0,0,1,0,2,2
2026,,2026-04-26,823637,home,NYM,COL,665742,Juan Soto,22,DH,4,2,0,1,0,0,0,0,2,1,0,1,0
2026,,2026-04-26,823637,home,NYM,COL,677595,Ronny Mauricio,0,SS,3,3,0,1,0,0,0,0,0,1,0,1,1
2026,,2026-04-26,822991,away,MIN,TBR,665019,Kody Clemens,2,1B,4,4,0,1,0,0,0,0,0,1,0,1,1
2026,,2026-04-26,822991,away,MIN,TBR,686797,Brooks Lee,22,SS,4,3,1,1,0,0,1,2,1,0,0,4,0
2026,,2026-04-26,822991,away,MIN,TBR,605137,Josh Bell,56,DH,4,4,0,0,0,0,0,0,0,1,0,0,3
2026,,2026-04-26,822991,away,MIN,TBR,680777,Ryan Jeffers,27,C,4,3,0,1,0,0,0,0,1,0,0,1,0
2026,,2026-04-26,822991,away,MIN,TBR,681546,James Outman,30,CF,4,4,1,1,1,0,0,0,0,0,0,2,0
2026,,2026-04-26,822991,away,MIN,TBR,668904,Royce Lewis,23,3B,4,4,0,0,0,0,0,0,0,2,0,0,2
2026,,2026-04-26,822991,away,MIN,TBR,663616,Trevor Larnach,9,LF,4,3,0,0,0,0,0,0,1,1,0,0,1
2026,,2026-04-26,822991,away,MIN,TBR,670242,Matt Wallner,38,RF,4,3,0,0,0,0,0,0,1,0,0,0,2
2026,,2026-04-26,822991,away,MIN,TBR,807712,Luke Keaschall,15,2B,4,4,0,1,0,0,0,0,0,1,0,1,3
2026,,2026-04-26,822991,home,TBR,MIN,670764,Taylor Walls,6,SS,3,2,0,1,1,0,0,0,1,1,0,2,2
2026,,2026-04-26,822991,home,TBR,MIN,641584,Jake Fraley,17,RF,4,3,0,1,1,0,0,0,1,1,0,2,1
2026,,2026-04-26,822991,home,TBR,MIN,802415,Chandler Simpson,14,LF,4,4,1,3,0,0,0,0,0,0,1,3,0
2026,,2026-04-26,822991,home,TBR,MIN,676356,Jonny DeLuca,21,RF,0,0,0,0,0,0,0,0,0,0,0,0,0
2026,,2026-04-26,822991,home,TBR,MIN,676439,Hunter Feduccia,9,C,2,1,1,1,0,0,0,0,1,0,0,1,0
2026,,2026-04-26,822991,home,TBR,MIN,666018,Jonathan Aranda,8,1B,4,4,1,1,0,0,0,2,0,1,0,1,0
2026,,2026-04-26,822991,home,TBR,MIN,663743,Nick Fortes,40,C,1,1,0,0,0,0,0,0,0,0,0,0,0
2026,,2026-04-26,822991,home,TBR,MIN,650490,Yandy Díaz,2,DH,4,3,1,1,0,0,1,2,1,0,0,4,0
2026,,2026-04-26,822991,home,TBR,MIN,810938,Ben Williamson,15,2B,4,4,0,1,0,0,0,0,0,1,0,1,2
2026,,2026-04-26,822991,home,TBR,MIN,691406,Junior Caminero,13,3B,4,4,0,0,0,0,0,0,0,0,0,0,5
2026,,2026-04-26,822991,home,TBR,MIN,656775,Cedric Mullins,31,CF,4,4,0,0,0,0,0,0,0,0,0,0,3
2026,,2026-04-26,824612,away,WSN,CHW,691781,Brady House,12,3B,3,3,0,0,0,0,0,0,0,1,0,0,0
2026,,2026-04-26,824612,away,WSN,CHW,682928,CJ Abrams,5,SS,4,3,0,0,0,0,0,1,0,0,0,0,0
2026,,2026-04-26,824612,away,WSN,CHW,683083,Nasim Nuñez,26,2B,3,3,0,1,0,0,0,0,0,0,1,1,0
2026,,2026-04-26,824612,away,WSN,CHW,686452,Drew Millas,14,C,3,3,0,0,0,0,0,0,0,0,0,0,1
2026,,2026-04-26,824612,away,WSN,CHW,678391,Jorbit Vivas,84,3B,1,1,0,0,0,0,0,0,0,0,0,0,1
2026,,2026-04-26,824612,away,WSN,CHW,686894,Joey Wiemer,21,CF,0,0,0,0,0,0,0,0,0,0,0,0,0
2026,,2026-04-26,824612,away,WSN,CHW,678554,Curtis Mead,45,1B,4,4,0,0,0,0,0,0,0,0,0,0,2
2026,,2026-04-26,824612,away,WSN,CHW,695734,Daylen Lile,4,LF,4,4,1,0,0,0,0,0,0,1,0,0,2
2026,,2026-04-26,824612,away,WSN,CHW,677588,José Tena,8,PH,1,1,1,1,0,0,1,1,0,0,0,4,0
2026,,2026-04-26,824612,away,WSN,CHW,695578,James Wood,29,RF,4,3,0,1,0,0,0,0,1,2,1,1,0
2026,,2026-04-26,824612,away,WSN,CHW,696285,Jacob Young,30,CF,3,3,0,1,1,0,0,0,0,0,0,2,0
2026,,2026-04-26,824612,away,WSN,CHW,671277,Luis García Jr.,2,DH,4,4,0,0,0,0,0,0,0,1,0,0,1
2026,,2026-04-26,824612,home,CHW,WSN,671976,Tristan Peters,29,CF,1,1,0,1,0,0,0,1,0,0,0,1,0
2026,,2026-04-26,824612,home,CHW,WSN,695020,Tanner Murray,41,LF,4,3,0,1,0,0,0,0,1,1,0,1,1
2026,,2026-04-26,824612,home,CHW,WSN,682668,Luisangel Acuña,0,CF,2,2,0,0,0,0,0,0,0,0,0,0,2
2026,,2026-04-26,824612,home,CHW,WSN,808959,Munetaka Murakami,5,1B,4,4,0,0,0,0,0,0,0,2,0,0,2
2026,,2026-04-26,824612,home,CHW,WSN,805367,Chase Meidroth,10,2B,5,5,0,1,0,0,0,0,0,1,0,1,1
2026,,2026-04-26,824612,home,CHW,WSN,695657,Colson Montgomery,12,SS,4,3,0,0,0,0,0,0,0,1,0,0,2
2026,,2026-04-26,824612,home,CHW,WSN,691011,Drew Romo,36,C,4,3,0,0,0,0,0,0,1,1,0,0,1
2026,,2026-04-26,824612,home,CHW,WSN,643217,Andrew Benintendi,23,PH,1,1,0,0,0,0,0,0,0,1,0,0,0
2026,,2026-04-26,824612,home,CHW,WSN,677592,Everson Pereira,28,DH,4,4,0,1,0,0,0,0,0,2,0,1,2
2026,,2026-04-26,824612,home,CHW,WSN,803011,Sam Antonacci,17,LF,0,0,0,0,0,0,0,0,0,0,0,0,0
2026,,2026-04-26,824612,home,CHW,WSN,656537,Derek Hill,25,RF,4,3,1,0,0,0,0,0,0,2,0,0,3
2026,,2026-04-26,824612,home,CHW,WSN,678246,Miguel Vargas,20,3B,5,4,0,0,0,0,0,0,1,2,0,0,2
2026,,2026-04-26,824202,away,NYY,HOU,676609,José Caballero,72,SS,4,3,0,0,0,0,0,0,0,1,1,0,1
2026,,2026-04-26,824202,away,NYY,HOU,592450,Aaron Judge,99,RF,4,4,1,1,0,0,1,1,0,0,0,4,2
2026,,2026-04-26,824202,away,NYY,HOU,641857,Ryan McMahon,19,3B,4,4,0,1,0,0,0,1,0,1,0,1,1
2026,,2026-04-26,824202,away,NYY,HOU,502671,Paul Goldschmidt,48,1B,4,4,1,2,2,0,0,1,0,0,0,4,1
2026,,2026-04-26,824202,away,NYY,HOU,700250,Ben Rice,22,DH,4,3,0,0,0,0,0,0,1,0,0,0,0
2026,,2026-04-26,824202,away,NYY,HOU,641555,J.C. Escarra,25,C,4,4,1,1,1,0,0,1,0,2,0,2,2
2026,,2026-04-26,824202,away,NYY,HOU,641355,Cody Bellinger,35,LF,4,4,0,0,0,0,0,0,0,1,0,0,0
2026,,2026-04-26,824202,away,NYY,HOU,665862,Jazz Chisholm Jr.,13,2B,4,4,1,2,0,0,0,0,0,2,1,2,0
2026,,2026-04-26,824202,away,NYY,HOU,663757,Trent Grisham,12,CF,4,4,0,0,0,0,0,0,0,2,0,0,1
2026,,2026-04-26,824202,home,HOU,NYY,670623,Isaac Paredes,15,3B,4,4,3,2,0,0,1,3,0,0,0,5,1
2026,,2026-04-26,824202,home,HOU,NYY,701358,Cam Smith,11,RF,4,2,0,0,0,0,0,0,1,1,0,0,1
2026,,2026-04-26,824202,home,HOU,NYY,669699,Braden Shewmake,28,2B,3,3,0,0,0,0,0,0,0,1,0,0,0
2026,,2026-04-26,824202,home,HOU,NYY,687957,Dustin Harris,37,LF,3,3,0,0,0,0,0,0,0,0,0,0,3
2026,,2026-04-26,824202,home,HOU,NYY,694728,Brice Matthews,0,CF,1,1,0,0,0,0,0,0,0,0,0,0,0
2026,,2026-04-26,824202,home,HOU,NYY,669288,Daniel Johnson,31,LF,3,3,0,0,0,0,0,0,0,1,0,0,0
2026,,2026-04-26,824202,home,HOU,NYY,621043,Carlos Correa,1,SS,4,2,1,0,0,0,0,0,2,0,0,0,0
2026,,2026-04-26,824202,home,HOU,NYY,572233,Christian Walker,8,1B,4,4,1,3,1,0,1,4,0,1,0,7,0
2026,,2026-04-26,824202,home,HOU,NYY,543877,Christian Vázquez,2,C,4,4,0,0,0,0,0,0,0,0,0,0,1
2026,,2026-04-26,824202,home,HOU,NYY,670541,Yordan Alvarez,44,DH,4,4,2,2,1,0,0,0,0,0,0,3,1
2026,,2026-04-26,823797,away,PIT,MIL,694377,Nick Yorke,38,3B,3,3,0,0,0,0,0,0,0,2,0,0,2
2026,,2026-04-26,823797,away,PIT,MIL,687462,Spencer Horwitz,2,PH,1,1,0,0,0,0,0,0,0,1,0,0,0
2026,,2026-04-26,823797,away,PIT,MIL,668804,Bryan Reynolds,10,RF,4,2,0,0,0,0,0,0,2,1,0,0,3
2026,,2026-04-26,823797,away,PIT,MIL,663698,Joey Bart,14,C,3,3,0,0,0,0,0,0,0,2,0,0,1
2026,,2026-04-26,823797,away,PIT,MIL,663968,Jake Mangum,28,LF,4,4,0,0,0,0,0,0,0,3,0,0,2
2026,,2026-04-26,823797,away,PIT,MIL,695257,Billy Cook,25,CF,3,3,0,0,0,0,0,0,0,2,0,0,2
2026,,2026-04-26,823797,away,PIT,MIL,804606,Konnor Griffin,6,SS,3,2,0,0,0,0,0,0,1,2,0,0,0
2026,,2026-04-26,823797,away,PIT,MIL,656811,Ryan O'Hearn,29,1B,4,4,0,0,0,0,0,0,0,1,0,0,3
2026,,2026-04-26,823797,away,PIT,MIL,693304,Nick Gonzales,3,2B,4,3,0,1,1,0,0,0,1,2,0,2,0
2026,,2026-04-26,823797,away,PIT,MIL,542303,Marcell Ozuna,24,DH,4,4,0,1,0,0,0,0,0,2,0,1,3
2026,,2026-04-26,823797,home,MIL,PIT,650859,Luis Rengifo,13,3B,4,3,1,1,0,0,0,1,1,0,0,1,0
2026,,2026-04-26,823797,home,MIL,PIT,687401,Joey Ortiz,3,SS,0,0,0,0,0,0,0,0,0,0,0,0,0
2026,,2026-04-26,823797,home,MIL,PIT,641343,Jake Bauers,9,1B,4,4,1,2,2,0,0,0,0,1,0,4,0
2026,,2026-04-26,823797,home,MIL,PIT,686217,Sal Frelick,10,RF,4,3,1,0,0,0,0,0,0,1,0,0,2
2026,,2026-04-26,823797,home,MIL,PIT,663604,Brandon Lockridge,20,LF,3,2,0,1,0,0,0,2,1,1,1,1,1
2026,,2026-04-26,823797,home,MIL,PIT,669003,Garrett Mitchell,5,CF,4,3,0,0,0,0,0,0,0,1,0,0,2
2026,,2026-04-26,823797,home,MIL,PIT,666152,David Hamilton,6,SS,4,3,1,1,1,0,0,1,0,1,0,2,0
2026,,2026-04-26,823797,home,MIL,PIT,661388,William Contreras,24,C,4,4,1,1,0,0,0,0,0,0,0,1,0
2026,,2026-04-26,823797,home,MIL,PIT,668930,Brice Turang,2,2B,4,4,0,0,0,0,0,0,0,2,0,0,3
2026,,2026-04-26,823797,home,MIL,PIT,596142,Gary Sánchez,99,DH,4,4,0,1,0,0,0,1,0,0,0,1,2
2026,,2026-04-26,823068,away,SEA,STL,702284,Cole Young,2,2B,3,3,0,2,0,0,0,1,0,1,0,2,1
2026,,2026-04-26,823068,away,SEA,STL,668227,Randy Arozarena,56,LF,4,4,0,0,0,0,0,0,0,3,0,0,2
2026,,2026-04-26,823068,away,SEA,STL,641487,J.P. Crawford,3,SS,4,4,0,0,0,0,0,0,0,1,0,0,1
2026,,2026-04-26,823068,away,SEA,STL,686527,Dominic Canzone,8,DH,3,3,0,1,0,0,0,0,0,0,0,1,0
2026,,2026-04-26,823068,away,SEA,STL,663728,Cal Raleigh,29,C,4,4,1,1,0,0,1,1,0,2,0,4,1
2026,,2026-04-26,823068,away,SEA,STL,656582,Connor Joe,9,1B,4,4,1,1,1,0,0,0,0,2,0,2,1
2026,,2026-04-26,823068,away,SEA,STL,608701,Rob Refsnyder,30,RF,1,1,1,1,0,0,1,1,0,0,0,4,0
2026,,2026-04-26,823068,away,SEA,STL,641598,Mitch Garver,18,DH,1,1,0,0,0,0,0,0,0,1,0,0,0
2026,,2026-04-26,823068,away,SEA,STL,660844,Leo Rivas,76,3B,3,3,0,1,0,0,0,0,0,1,0,1,1
2026,,2026-04-26,823068,away,SEA,STL,677594,Julio Rodríguez,44,CF,4,4,0,1,0,0,0,0,0,1,0,1,0
2026,,2026-04-26,823068,away,SEA,STL,670042,Luke Raley,20,RF,3,3,0,0,0,0,0,0,0,0,0,0,0
2026,,2026-04-26,823068,home,STL,SEA,669357,Nolan Gorman,16,DH,4,4,0,1,0,0,0,0,0,2,0,1,3
2026,,2026-04-26,823068,home,STL,SEA,691023,Jordan Walker,18,RF,4,2,0,1,0,0,0,0,2,0,0,1,1
2026,,2026-04-26,823068,home,STL,SEA,701675,Nathan Church,27,LF,4,4,1,2,0,0,1,1,0,0,0,5,0
2026,,2026-04-26,823068,home,STL,SEA,687363,Victor Scott II,11,CF,3,3,0,0,0,0,0,0,0,0,0,0,3
2026,,2026-04-26,823068,home,STL,SEA,802139,JJ Wetherholt,26,2B,5,5,1,1,0,0,1,1,0,0,0,4,1
2026,,2026-04-26,823068,home,STL,SEA,676475,Alec Burleson,41,1B,4,4,0,0,0,0,0,0,0,0,0,0,2
2026,,2026-04-26,823068,home,STL,SEA,650968,Yohel Pozo,63,PH,1,1,0,0,0,0,0,0,0,0,0,0,0
2026,,2026-04-26,823068,home,STL,SEA,602104,Ramón Urías,29,3B,4,3,0,1,0,0,0,0,0,0,0,1,0
2026,,2026-04-26,823068,home,STL,SEA,691026,Masyn Winn,0,SS,4,4,0,0,0,0,0,0,0,2,0,0,2
2026,,2026-04-26,823068,home,STL,SEA,671056,Iván Herrera,48,C,4,3,0,1,1,0,0,0,1,1,0,2,0
2026,,2026-04-26,822911,away,ATH,TEX,671732,Lawrence Butler,4,RF,4,4,0,1,0,0,0,0,0,0,0,1,3
2026,,2026-04-26,822911,away,ATH,TEX,667670,Brent Rooker,25,DH,5,4,1,0,0,0,0,0,1,2,0,0,5
2026,,2026-04-26,822911,away,ATH,TEX,680869,Zack Gelof,20,CF,0,0,0,0,0,0,0,0,0,0,1,0,0
2026,,2026-04-26,822911,away,ATH,TEX,643446,Jeff McNeil,22,2B,4,4,0,1,0,0,0,0,0,0,0,1,3
2026,,2026-04-26,822911,away,ATH,TEX,666126,Carlos Cortes,26,RF,4,4,0,3,0,1,0,2,0,0,0,5,0
2026,,2026-04-26,822911,away,ATH,TEX,691016,Tyler Soderstrom,21,LF,5,3,1,1,1,0,0,0,2,1,0,2,3
2026,,2026-04-26,822911,away,ATH,TEX,687231,Darell Hernaiz,2,3B,4,3,0,0,0,0,0,0,0,0,0,0,2
2026,,2026-04-26,822911,away,ATH,TEX,701762,Nick Kurtz,16,1B,5,4,0,1,0,0,0,0,1,2,0,1,0
2026,,2026-04-26,822911,away,ATH,TEX,669127,Shea Langeliers,23,C,5,5,0,2,1,0,0,0,0,0,0,3,2
2026,,2026-04-26,822911,away,ATH,TEX,805779,Jacob Wilson,5,SS,4,4,0,1,0,0,0,0,0,0,0,1,2
2026,,2026-04-26,822911,home,TEX,ATH,694497,Evan Carter,32,CF,4,2,0,0,0,0,0,0,0,0,1,0,2
2026,,2026-04-26,822911,home,TEX,ATH,669394,Jake Burger,21,1B,4,3,0,1,0,0,0,0,1,2,0,1,2
2026,,2026-04-26,822911,home,TEX,ATH,696030,Alejandro Osuna,19,LF,1,1,0,1,0,0,0,0,0,0,0,1,0
2026,,2026-04-26,822911,home,TEX,ATH,592626,Joc Pederson,3,DH,3,2,0,0,0,0,0,0,1,0,0,0,2
2026,,2026-04-26,822911,home,TEX,ATH,608369,Corey Seager,5,SS,5,5,0,0,0,0,0,0,0,1,0,0,3
2026,,2026-04-26,822911,home,TEX,ATH,673962,Josh Jung,6,3B,4,4,1,2,2,0,0,0,0,0,0,4,1
2026,,2026-04-26,822911,home,TEX,ATH,457705,Andrew McCutchen,4,DH,2,1,0,0,0,0,0,0,1,1,0,0,0
2026,,2026-04-26,822911,home,TEX,ATH,607043,Brandon Nimmo,24,RF,5,5,0,1,0,0,0,0,0,1,0,1,4
2026,,2026-04-26,822911,home,TEX,ATH,669701,Josh Smith,8,2B,4,2,0,1,0,0,0,0,2,0,0,1,1
2026,,2026-04-26,822911,home,TEX,ATH,643376,Danny Jansen,9,C,4,4,0,0,0,0,0,0,0,3,0,0,8
2026,,2026-04-26,822911,home,TEX,ATH,664059,Sam Haggerty,0,LF,3,3,0,0,0,0,0,0,0,2,0,0,4
2026,,2026-04-26,825094,away,SDP,ARI,669134,Luis Campusano,12,C,4,4,1,2,1,0,1,2,0,0,0,6,1
2026,,2026-04-26,825094,away,SDP,ARI,666023,Freddy Fermin,54,C,0,0,0,0,0,0,0,0,0,0,0,0,0
2026,,2026-04-26,825094,away,SDP,ARI,701538,Jackson Merrill,3,CF,5,5,1,2,0,0,0,0,0,0,0,2,2
2026,,2026-04-26,825094,away,SDP,ARI,823550,Sung-Mun Song,24,PR,0,0,0,0,0,0,0,0,0,0,0,0,0
2026,,2026-04-26,825094,away,SDP,ARI,657757,Gavin Sheets,30,1B,4,4,0,1,0,0,0,0,0,1,0,1,0
2026,,2026-04-26,825094,away,SDP,ARI,657656,Ramón Laureano,5,LF,5,4,0,1,0,0,0,0,1,2,0,1,0
2026,,2026-04-26,825094,away,SDP,ARI,592518,Manny Machado,13,3B,5,5,2,2,0,0,2,5,0,1,0,8,2
2026,,2026-04-26,825094,away,SDP,ARI,609280,Miguel Andujar,41,DH,4,4,0,1,1,0,0,0,0,1,0,2,2
2026,,2026-04-26,825094,away,SDP,ARI,665487,Fernando Tatis Jr.,23,RF,5,4,2,1,0,0,0,0,1,0,0,1,2
2026,,2026-04-26,825094,away,SDP,ARI,593428,Xander Bogaerts,2,SS,4,4,1,1,0,0,0,0,0,1,0,1,1
2026,,2026-04-26,825094,away,SDP,ARI,630105,Jake Cronenworth,9,2B,4,4,0,0,0,0,0,0,0,0,0,0,4
2026,,2026-04-26,825094,home,ARI,SDP,694374,Tim Tawa,13,1B,4,4,1,1,0,0,1,4,0,1,0,4,4
2026,,2026-04-26,825094,home,ARI,SDP,680728,Adrian Del Castillo,25,C,1,1,0,0,0,0,0,0,0,1,0,0,0
2026,,2026-04-26,825094,home,ARI,SDP,571448,Nolan Arenado,28,3B,4,3,2,2,0,0,0,0,1,0,0,2,0
2026,,2026-04-26,825094,home,ARI,SDP,606466,Ketel Marte,4,DH,5,5,0,1,0,0,0,1,0,0,0,1,1
2026,,2026-04-26,825094,home,ARI,SDP,545121,Ildemaro Vargas,6,2B,5,5,3,3,1,1,1,4,0,1,0,9,1
2026,,2026-04-26,825094,home,ARI,SDP,699912,Jose Fernandez,11,SS,4,4,3,3,0,0,1,1,0,1,0,6,0
2026,,2026-04-26,825094,home,ARI,SDP,682998,Corbin Carroll,7,RF,5,4,1,1,0,0,0,0,1,2,0,1,0
2026,,2026-04-26,825094,home,ARI,SDP,666971,Lourdes Gurriel Jr.,12,LF,5,4,0,2,1,0,0,2,1,1,0,3,0
2026,,2026-04-26,825094,home,ARI,SDP,543510,James McCann,8,C,4,4,0,0,0,0,0,0,0,0,0,0,5
2026,,2026-04-26,825094,home,ARI,SDP,678489,Jorge Barrosa,1,LF,0,0,0,0,0,0,0,0,0,0,0,0,0
2026,,2026-04-26,825094,home,ARI,SDP,677950,Alek Thomas,5,CF,4,4,2,2,0,0,0,0,0,1,0,2,1
2026,,2026-04-26,823230,away,MIA,SFG,681715,Heriberto Hernández,13,LF,3,2,0,0,0,0,0,0,1,1,0,0,0
2026,,2026-04-26,823230,away,MIA,SFG,805300,Jakob Marsee,87,CF,4,4,0,0,0,0,0,0,0,1,0,0,1
2026,,2026-04-26,823230,away,MIA,SFG,669364,Xavier Edwards,9,2B,4,3,1,0,0,0,0,0,1,0,0,0,0
2026,,2026-04-26,823230,away,MIA,SFG,688363,Graham Pauley,21,3B,3,3,1,1,0,0,1,3,0,1,0,4,0
2026,,2026-04-26,823230,away,MIA,SFG,669065,Kyle Stowers,28,1B,4,4,0,0,0,0,0,0,0,0,0,0,0
2026,,2026-04-26,823230,away,MIA,SFG,689414,Liam Hicks,34,C,3,3,1,1,0,0,0,0,0,0,0,1,0
2026,,2026-04-26,823230,away,MIA,SFG,683357,Owen Caissie,17,RF,3,3,0,0,0,0,0,0,0,1,0,0,2
2026,,2026-04-26,823230,away,MIA,SFG,681393,Connor Norby,1,DH,3,3,0,0,0,0,0,0,0,2,0,0,2
2026,,2026-04-26,823230,away,MIA,SFG,672640,Otto Lopez,6,SS,4,4,0,0,0,0,0,0,0,1,0,0,0
2026,,2026-04-26,823230,home,SFG,MIA,669477,Casey Schmitt,10,DH,4,3,2,1,0,0,1,3,1,1,0,4,2
2026,,2026-04-26,823230,home,SFG,MIA,671218,Heliot Ramos,17,LF,4,4,0,0,0,0,0,0,0,1,0,0,2
2026,,2026-04-26,823230,home,SFG,MIA,672275,Patrick Bailey,14,C,4,4,0,0,0,0,0,0,0,1,0,0,1
2026,,2026-04-26,823230,home,SFG,MIA,656305,Matt Chapman,26,3B,4,1,1,0,0,0,0,0,2,1,0,0,1
2026,,2026-04-26,823230,home,SFG,MIA,687551,Drew Gilbert,0,CF,4,4,0,2,0,0,0,1,0,1,0,2,1
2026,,2026-04-26,823230,home,SFG,MIA,808982,Jung Hoo Lee,51,RF,5,5,2,4,0,1,0,0,0,0,0,6,0
2026,,2026-04-26,823230,home,SFG,MIA,646240,Rafael Devers,16,1B,4,3,1,1,1,0,0,1,1,0,0,2,0
2026,,2026-04-26,823230,home,SFG,MIA,683766,Christian Koss,50,SS,4,4,0,0,0,0,0,0,0,1,0,0,2
2026,,2026-04-26,823230,home,SFG,MIA,650333,Luis Arraez,1,2B,4,3,0,0,0,0,0,0,0,0,0,0,4
2026,,2026-04-26,824122,away,LAA,KCR,624428,Adam Frazier,20,2B,5,5,2,2,2,0,0,1,0,1,0,4,4
2026,,2026-04-26,824122,away,LAA,KCR,672724,Oswald Peraza,2,3B,1,1,1,0,0,0,0,0,0,1,1,0,1
2026,,2026-04-26,824122,away,LAA,KCR,687263,Zach Neto,9,SS,6,5,2,3,2,0,0,2,1,1,0,5,1
2026,,2026-04-26,824122,away,LAA,KCR,624585,Jorge Soler,12,DH,6,6,1,2,1,0,0,1,0,2,0,3,4
2026,,2026-04-26,824122,away,LAA,KCR,660162,Yoán Moncada,10,3B,5,5,0,2,0,0,0,0,0,1,0,2,4
2026,,2026-04-26,824122,away,LAA,KCR,518595,Travis d'Arnaud,25,C,5,4,1,1,0,0,0,0,1,0,0,1,4
2026,,2026-04-26,824122,away,LAA,KCR,545361,Mike Trout,27,CF,6,5,1,1,0,0,1,2,1,0,0,4,4
2026,,2026-04-26,824122,away,LAA,KCR,666176,Jo Adell,7,RF,5,4,0,1,0,0,0,1,1,2,1,1,2
2026,,2026-04-26,824122,away,LAA,KCR,694384,Nolan Schanuel,18,1B,5,5,0,1,0,0,0,0,0,0,0,1,5
2026,,2026-04-26,824122,away,LAA,KCR,666139,Josh Lowe,3,LF,4,4,1,3,0,0,0,0,0,0,0,3,1
2026,,2026-04-26,824122,away,LAA,KCR,669326,Bryce Teodosio,22,LF,1,0,0,0,0,0,0,0,1,0,1,0,0
2026,,2026-04-26,824122,home,KCR,LAA,695600,Carter Jensen,22,C,5,4,1,0,0,0,0,0,1,1,0,0,0
2026,,2026-04-26,824122,home,KCR,LAA,686555,Isaac Collins,1,LF,5,4,1,2,0,0,1,2,1,1,0,5,1
2026,,2026-04-26,824122,home,KCR,LAA,521692,Salvador Perez,13,DH,5,5,1,1,0,0,0,1,0,0,0,1,3
2026,,2026-04-26,824122,home,KCR,LAA,679845,Nick Loftin,12,2B,5,4,1,1,1,0,0,0,1,0,0,2,3
2026,,2026-04-26,824122,home,KCR,LAA,686681,Michael Massey,19,2B,3,2,1,0,0,0,0,0,1,0,0,0,1
2026,,2026-04-26,824122,home,KCR,LAA,516782,Starling Marte,0,RF,3,3,0,1,1,0,0,0,0,2,0,2,0
2026,,2026-04-26,824122,home,KCR,LAA,686469,Vinnie Pasquantino,9,1B,5,3,1,1,0,1,0,1,1,1,0,3,1
2026,,2026-04-26,824122,home,KCR,LAA,672580,Maikel Garcia,11,3B,2,1,1,0,0,0,0,0,1,0,0,0,2
2026,,2026-04-26,824122,home,KCR,LAA,657041,Lane Thomas,15,CF,6,6,2,3,0,0,1,3,0,1,0,6,0
2026,,2026-04-26,824122,home,KCR,LAA,695506,Jac Caglianone,14,RF,2,2,1,1,0,0,1,2,0,1,0,4,0
2026,,2026-04-26,824122,home,KCR,LAA,677951,Bobby Witt Jr.,7,SS,5,5,1,2,0,1,1,2,0,0,0,7,2
2026,,2026-04-26,823959,away,CHC,LAD,664023,Ian Happ,8,LF,5,4,0,0,0,0,0,0,1,1,0,0,3
2026,,2026-04-26,823959,away,CHC,LAD,608324,Alex Bregman,3,3B,5,3,0,0,0,0,0,0,1,0,0,0,4
2026,,2026-04-26,823959,away,CHC,LAD,608348,Carson Kelly,15,C,4,4,0,1,0,0,0,0,0,0,0,1,5
2026,,2026-04-26,823959,away,CHC,LAD,683737,Michael Busch,29,1B,4,2,0,1,1,0,0,0,1,0,0,2,1
2026,,2026-04-26,823959,away,CHC,LAD,691718,Pete Crow-Armstrong,4,CF,4,3,0,1,0,0,0,0,1,0,0,1,2
2026,,2026-04-26,823959,away,CHC,LAD,673548,Seiya Suzuki,27,RF,4,4,0,0,0,0,0,0,0,3,0,0,5
2026,,2026-04-26,823959,away,CHC,LAD,621020,Dansby Swanson,7,DH,4,4,0,0,0,0,0,0,0,2,0,0,3
2026,,2026-04-26,823959,away,CHC,LAD,663538,Nico Hoerner,2,SS,5,4,0,1,0,0,0,0,1,1,0,1,4
2026,,2026-04-26,823959,away,CHC,LAD,807713,Matt Shaw,6,2B,4,3,0,0,0,0,0,0,1,1,0,0,2
2026,,2026-04-26,823959,home,LAD,CHC,687221,Dalton Rushing,68,C,4,4,0,1,0,0,0,1,0,1,0,1,1
2026,,2026-04-26,823959,home,LAD,CHC,663656,Kyle Tucker,23,RF,4,3,2,1,1,0,0,0,1,0,0,2,0
2026,,2026-04-26,823959,home,LAD,CHC,518692,Freddie Freeman,5,1B,4,4,0,0,0,0,0,0,0,2,0,0,3
2026,,2026-04-26,823959,home,LAD,CHC,808975,Hyeseong Kim,6,SS,3,3,0,0,0,0,0,0,0,2,0,0,1
2026,,2026-04-26,823959,home,LAD,CHC,669289,Santiago Espinal,21,3B,3,3,0,0,0,0,0,0,0,0,0,0,1
2026,,2026-04-26,823959,home,LAD,CHC,660271,Shohei Ohtani,17,DH,4,3,2,3,1,0,1,1,1,0,1,7,0
2026,,2026-04-26,823959,home,LAD,CHC,606192,Teoscar Hernández,37,LF,4,3,1,0,0,0,0,0,1,1,0,0,1
2026,,2026-04-26,823959,home,LAD,CHC,681624,Andy Pages,44,CF,4,3,1,1,1,0,0,1,0,1,0,2,0
2026,,2026-04-26,823959,home,LAD,CHC,500743,Miguel Rojas,72,2B,3,3,0,1,1,0,0,2,0,0,0,2,2
2026,,2026-04-26,823959,home,LAD,CHC,690976,Alex Freeland,76,2B,1,1,0,0,0,0,0,0,0,1,0,0,0
2026,,2026-04-27,824446,away,TBR,CLE,670764,Taylor Walls,6,SS,4,3,0,0,0,0,0,0,1,2,0,0,0
2026,,2026-04-27,824446,away,TBR,CLE,680700,Richie Palacios,1,2B,0,0,1,0,0,0,0,0,0,0,1,0,0
2026,,2026-04-27,824446,away,TBR,CLE,668723,Ryan Vilade,26,RF,4,4,0,3,0,0,0,2,0,1,0,3,0
2026,,2026-04-27,824446,away,TBR,CLE,802415,Chandler Simpson,14,LF,4,4,0,0,0,0,0,0,0,0,0,0,3
2026,,2026-04-27,824446,away,TBR,CLE,676356,Jonny DeLuca,21,CF,4,4,0,1,0,0,0,0,0,1,0,1,3
2026,,2026-04-27,824446,away,TBR,CLE,676439,Hunter Feduccia,9,C,1,1,0,0,0,0,0,0,0,1,0,0,0
2026,,2026-04-27,824446,away,TBR,CLE,666018,Jonathan Aranda,8,1B,4,4,1,1,0,0,1,1,0,1,0,4,2
2026,,2026-04-27,824446,away,TBR,CLE,663743,Nick Fortes,40,C,3,3,0,1,0,0,0,0,0,1,0,1,0
2026,,2026-04-27,824446,away,TBR,CLE,650490,Yandy Díaz,2,DH,5,3,1,0,0,0,0,0,2,1,0,0,2
2026,,2026-04-27,824446,away,TBR,CLE,810938,Ben Williamson,15,3B,4,4,0,0,0,0,0,0,0,1,0,0,2
2026,,2026-04-27,824446,away,TBR,CLE,691406,Junior Caminero,13,3B,4,4,0,1,0,0,0,0,0,2,0,1,1
2026,,2026-04-27,824446,away,TBR,CLE,656775,Cedric Mullins,31,PR,0,0,0,0,0,0,0,0,0,0,0,0,0
2026,,2026-04-27,824446,home,CLE,TBR,671655,George Valera,7,PH,1,1,0,0,0,0,0,0,0,1,0,0,2
2026,,2026-04-27,824446,home,CLE,TBR,800050,Chase DeLauter,24,RF,4,4,0,2,1,0,0,0,0,0,0,3,0
2026,,2026-04-27,824446,home,CLE,TBR,595978,Austin Hedges,27,C,3,2,0,1,0,0,0,0,1,0,0,1,0
2026,,2026-04-27,824446,home,CLE,TBR,682177,Daniel Schneemann,10,2B,4,4,1,1,0,0,1,2,0,1,0,4,3
2026,,2026-04-27,824446,home,CLE,TBR,677587,Brayan Rocchio,4,SS,3,3,0,0,0,0,0,0,0,0,0,0,2
2026,,2026-04-27,824446,home,CLE,TBR,666310,Bo Naylor,23,C,0,0,0,0,0,0,0,0,0,0,0,0,0
2026,,2026-04-27,824446,home,CLE,TBR,681807,David Fry,6,DH,3,2,1,0,0,0,0,0,1,1,0,0,1
2026,,2026-04-27,824446,home,CLE,TBR,608070,José Ramírez,11,3B,4,4,0,1,0,0,0,0,0,0,0,1,0
2026,,2026-04-27,824446,home,CLE,TBR,680757,Steven Kwan,38,CF,4,4,0,0,0,0,0,0,0,1,0,0,2
2026,,2026-04-27,824446,home,CLE,TBR,682657,Angel Martínez,1,LF,4,4,0,0,0,0,0,0,0,1,0,0,1
2026,,2026-04-27,824446,home,CLE,TBR,700932,Kyle Manzardo,9,PH,1,1,0,1,0,0,0,0,0,0,0,1,0
2026,,2026-04-27,824446,home,CLE,TBR,656555,Rhys Hoskins,8,1B,3,3,0,0,0,0,0,0,0,1,0,0,1
2026,,2026-04-27,823395,away,STL,PIT,669357,Nolan Gorman,16,3B,2,2,0,0,0,0,0,0,0,0,0,0,0
2026,,2026-04-27,823395,away,STL,PIT,691023,Jordan Walker,18,RF,4,3,0,0,0,0,0,0,1,2,0,0,1
2026,,2026-04-27,823395,away,STL,PIT,687363,Victor Scott II,11,CF,0,0,1,0,0,0,0,0,0,0,0,0,0
2026,,2026-04-27,823395,away,STL,PIT,701675,Nathan Church,27,LF,4,4,0,0,0,0,0,0,0,2,0,0,2
2026,,2026-04-27,823395,away,STL,PIT,665877,José Fermín,15,LF,2,2,0,2,1,0,0,2,0,0,0,3,0
2026,,2026-04-27,823395,away,STL,PIT,802139,JJ Wetherholt,26,2B,4,4,1,1,0,0,1,1,0,0,0,4,0
2026,,2026-04-27,823395,away,STL,PIT,676475,Alec Burleson,41,1B,4,4,1,2,0,0,0,0,0,0,0,2,0
2026,,2026-04-27,823395,away,STL,PIT,695336,Thomas Saggese,25,3B,3,3,0,0,0,0,0,0,0,2,0,0,0
2026,,2026-04-27,823395,away,STL,PIT,666277,George Soriano,65,P,0,0,0,0,0,0,0,0,0,0,0,0,0
2026,,2026-04-27,823395,away,STL,PIT,602104,Ramón Urías,29,3B,0,0,0,0,0,0,0,0,0,0,0,0,0
2026,,2026-04-27,823395,away,STL,PIT,686780,Pedro Pagés,43,C,3,3,1,1,0,0,1,1,0,0,0,4,0
2026,,2026-04-27,823395,away,STL,PIT,691026,Masyn Winn,0,SS,4,4,0,0,0,0,0,0,0,0,0,0,3
2026,,2026-04-27,823395,away,STL,PIT,671056,Iván Herrera,48,DH,4,3,0,0,0,0,0,0,1,1,0,0,0
2026,,2026-04-27,823395,home,PIT,STL,687462,Spencer Horwitz,2,1B,4,4,0,1,0,0,0,0,0,1,0,1,0
2026,,2026-04-27,823395,home,PIT,STL,664040,Brandon Lowe,5,2B,4,3,1,0,0,0,0,0,1,1,0,0,2
2026,,2026-04-27,823395,home,PIT,STL,668804,Bryan Reynolds,10,RF,4,4,0,0,0,0,0,0,0,0,0,0,1
2026,,2026-04-27,823395,home,PIT,STL,663968,Jake Mangum,28,LF,3,3,0,2,0,0,0,1,0,1,1,2,0
2026,,2026-04-27,823395,home,PIT,STL,695257,Billy Cook,25,CF,0,0,0,0,0,0,0,0,0,0,0,0,0
2026,,2026-04-27,823395,home,PIT,STL,680779,Henry Davis,32,C,3,3,0,1,0,0,0,0,0,1,0,1,1
2026,,2026-04-27,823395,home,PIT,STL,804606,Konnor Griffin,6,SS,4,4,0,0,0,0,0,0,0,0,0,0,2
2026,,2026-04-27,823395,home,PIT,STL,656811,Ryan O'Hearn,29,1B,4,3,0,1,0,0,0,1,1,1,0,1,0
2026,,2026-04-27,823395,home,PIT,STL,542303,Marcell Ozuna,24,DH,4,4,0,0,0,0,0,0,0,1,0,0,2
2026,,2026-04-27,823395,home,PIT,STL,693304,Nick Gonzales,3,3B,4,4,1,3,1,0,0,0,0,1,0,4,0
2026,,2026-04-27,822825,away,BOS,TOR,701350,Roman Anthony,19,DH,5,4,0,1,0,0,0,1,1,2,0,1,1
2026,,2026-04-27,822825,away,BOS,TOR,575929,Willson Contreras,40,1B,5,4,2,1,0,0,0,0,0,1,0,1,0
2026,,2026-04-27,822825,away,BOS,TOR,596115,Trevor Story,10,SS,4,4,0,0,0,0,0,0,0,1,0,0,5
2026,,2026-04-27,822825,away,BOS,TOR,677800,Wilyer Abreu,52,RF,5,4,0,2,1,0,0,1,1,0,0,3,1
2026,,2026-04-27,822825,away,BOS,TOR,702332,Caleb Durbin,5,3B,4,3,0,1,0,0,0,1,1,0,0,1,0
2026,,2026-04-27,822825,away,BOS,TOR,665966,Carlos Narváez,75,C,4,4,1,1,0,0,1,1,0,1,0,4,2
2026,,2026-04-27,822825,away,BOS,TOR,680776,Jarren Duran,16,LF,5,5,1,0,0,0,0,0,0,1,0,0,2
2026,,2026-04-27,822825,away,BOS,TOR,678882,Ceddanne Rafaela,3,CF,4,4,0,1,0,0,0,0,0,2,0,1,3
2026,,2026-04-27,822825,away,BOS,TOR,691785,Marcelo Mayer,11,2B,4,3,1,2,0,0,0,1,1,0,0,2,0
2026,,2026-04-27,822825,home,TOR,BOS,672820,Lenyn Sosa,50,2B,3,3,0,0,0,0,0,0,0,1,0,0,0
2026,,2026-04-27,822825,home,TOR,BOS,676391,Ernie Clement,22,SS,4,4,0,0,0,0,0,0,0,0,0,0,1
2026,,2026-04-27,822825,home,TOR,BOS,662139,Daulton Varsho,5,PH,1,1,0,1,1,0,0,0,0,0,0,2,0
2026,,2026-04-27,822825,home,TOR,BOS,676914,Davis Schneider,36,LF,2,1,0,0,0,0,0,0,1,1,0,0,1
2026,,2026-04-27,822825,home,TOR,BOS,682818,Yohendrick Piñango,24,PH,1,1,0,0,0,0,0,0,0,0,0,0,0
2026,,2026-04-27,822825,home,TOR,BOS,623168,Tyler Heineman,55,C,3,3,0,0,0,0,0,0,0,1,0,0,2
2026,,2026-04-27,822825,home,TOR,BOS,665489,Vladimir Guerrero Jr.,27,1B,3,3,0,0,0,0,0,0,0,2,0,0,0
2026,,2026-04-27,822825,home,TOR,BOS,660821,Jesús Sánchez,12,RF,3,3,0,1,1,0,0,0,0,2,0,2,0
2026,,2026-04-27,822825,home,TOR,BOS,650391,Eloy Jiménez,74,DH,3,3,0,0,0,0,0,0,0,2,0,0,0
2026,,2026-04-27,822825,home,TOR,BOS,664702,Myles Straw,3,CF,3,3,0,0,0,0,0,0,0,1,0,0,1
2026,,2026-04-27,822825,home,TOR,BOS,672960,Kazuma Okamoto,7,3B,3,3,0,0,0,0,0,0,0,0,0,0,0
2026,,2026-04-27,823719,away,SEA,MIN,647304,Josh Naylor,12,1B,4,3,0,0,0,0,0,0,1,0,0,0,0
2026,,2026-04-27,823719,away,SEA,MIN,702284,Cole Young,2,2B,4,3,0,0,0,0,0,1,0,1,0,0,3
2026,,2026-04-27,823719,away,SEA,MIN,668227,Randy Arozarena,56,LF,4,3,1,2,0,0,0,0,1,1,0,2,0
2026,,2026-04-27,823719,away,SEA,MIN,641487,J.P. Crawford,3,SS,4,3,1,0,0,0,0,0,1,0,0,0,1
2026,,2026-04-27,823719,away,SEA,MIN,663728,Cal Raleigh,29,DH,4,4,1,1,0,0,1,2,0,1,0,4,0
2026,,2026-04-27,823719,away,SEA,MIN,608701,Rob Refsnyder,30,RF,4,4,1,1,0,0,0,0,0,1,0,1,2
2026,,2026-04-27,823719,away,SEA,MIN,641598,Mitch Garver,18,C,4,2,0,1,0,0,0,1,2,0,0,1,1
2026,,2026-04-27,823719,away,SEA,MIN,677594,Julio Rodríguez,44,CF,4,4,0,0,0,0,0,0,0,1,0,0,0
2026,,2026-04-27,823719,away,SEA,MIN,660844,Leo Rivas,76,3B,3,3,0,0,0,0,0,0,0,2,0,0,2
2026,,2026-04-27,823719,home,MIN,SEA,665019,Kody Clemens,2,1B,5,5,1,2,0,0,1,5,0,1,0,5,2
2026,,2026-04-27,823719,home,MIN,SEA,686797,Brooks Lee,22,SS,5,4,1,0,0,0,0,0,1,0,0,0,2
2026,,2026-04-27,823719,home,MIN,SEA,656484,Tristan Gray,4,3B,4,3,2,2,0,0,0,0,1,1,0,2,2
2026,,2026-04-27,823719,home,MIN,SEA,605137,Josh Bell,56,DH,5,4,2,1,0,0,0,0,1,0,0,1,4
2026,,2026-04-27,823719,home,MIN,SEA,680777,Ryan Jeffers,27,C,5,4,2,2,0,0,0,2,1,0,1,2,1
2026,,2026-04-27,823719,home,MIN,SEA,681546,James Outman,30,LF,0,0,1,0,0,0,0,0,0,0,0,0,0
2026,,2026-04-27,823719,home,MIN,SEA,663616,Trevor Larnach,9,LF,5,4,1,2,0,1,0,1,1,1,1,4,0
2026,,2026-04-27,823719,home,MIN,SEA,621439,Byron Buxton,25,CF,5,4,1,1,0,0,1,2,1,1,0,4,3
2026,,2026-04-27,823719,home,MIN,SEA,670242,Matt Wallner,38,RF,5,4,0,0,0,0,0,0,0,2,0,0,4
2026,,2026-04-27,823719,home,MIN,SEA,807712,Luke Keaschall,15,2B,5,4,0,2,1,0,0,1,1,1,0,3,0
2026,,2026-04-27,824609,away,LAA,CHW,624428,Adam Frazier,20,LF,2,2,0,1,0,0,0,0,0,0,0,1,2
2026,,2026-04-27,824609,away,LAA,CHW,672724,Oswald Peraza,2,3B,5,4,0,1,0,0,0,0,0,1,0,1,2
2026,,2026-04-27,824609,away,LAA,CHW,687263,Zach Neto,9,SS,5,5,0,1,0,0,0,1,0,3,0,1,4
2026,,2026-04-27,824609,away,LAA,CHW,624585,Jorge Soler,12,DH,5,4,1,1,0,0,1,3,0,0,0,4,3
2026,,2026-04-27,824609,away,LAA,CHW,660162,Yoán Moncada,10,PH,1,1,0,0,0,0,0,0,0,0,0,0,2
2026,,2026-04-27,824609,away,LAA,CHW,518595,Travis d'Arnaud,25,C,3,2,2,1,0,0,0,0,1,0,0,1,0
2026,,2026-04-27,824609,away,LAA,CHW,545361,Mike Trout,27,CF,5,4,2,2,1,0,0,0,1,0,0,3,0
2026,,2026-04-27,824609,away,LAA,CHW,666176,Jo Adell,7,RF,5,5,0,1,0,0,0,0,0,0,0,1,1
2026,,2026-04-27,824609,away,LAA,CHW,687093,Vaughn Grissom,5,2B,5,4,1,2,1,0,0,1,0,0,0,3,2
2026,,2026-04-27,824609,away,LAA,CHW,694384,Nolan Schanuel,18,1B,5,4,1,2,1,0,0,1,0,1,0,3,2
2026,,2026-04-27,824609,away,LAA,CHW,666139,Josh Lowe,3,PR,0,0,0,0,0,0,0,0,0,0,0,0,0
2026,,2026-04-27,824609,away,LAA,CHW,665861,Sebastián Rivero,38,C,0,0,0,0,0,0,0,0,0,0,0,0,0
2026,,2026-04-27,824609,away,LAA,CHW,669326,Bryce Teodosio,22,LF,3,3,0,2,1,0,0,1,0,1,0,3,0
2026,,2026-04-27,824609,home,CHW,LAA,671976,Tristan Peters,29,CF,4,4,2,2,0,0,0,1,0,0,0,2,0
2026,,2026-04-27,824609,home,CHW,LAA,808959,Munetaka Murakami,5,1B,4,4,1,2,0,0,1,3,0,0,0,5,1
2026,,2026-04-27,824609,home,CHW,LAA,805367,Chase Meidroth,10,2B,4,4,1,1,0,0,0,0,0,3,0,1,0
2026,,2026-04-27,824609,home,CHW,LAA,695657,Colson Montgomery,12,SS,4,4,0,1,0,0,0,0,0,1,0,1,1
2026,,2026-04-27,824609,home,CHW,LAA,700337,Edgar Quero,26,C,4,3,1,1,0,0,0,0,0,1,0,1,0
2026,,2026-04-27,824609,home,CHW,LAA,643217,Andrew Benintendi,23,DH,4,4,1,1,1,0,0,3,0,1,0,2,1
2026,,2026-04-27,824609,home,CHW,LAA,677592,Everson Pereira,28,RF,4,4,0,0,0,0,0,0,0,1,0,0,3
2026,,2026-04-27,824609,home,CHW,LAA,803011,Sam Antonacci,17,LF,4,4,1,0,0,0,0,0,0,1,0,0,1
2026,,2026-04-27,824609,home,CHW,LAA,678246,Miguel Vargas,20,3B,4,3,1,1,0,0,1,1,1,1,0,4,1
2026,,2026-04-27,822906,away,NYY,TEX,676609,José Caballero,72,SS,4,3,0,1,0,0,0,0,0,0,0,1,1
2026,,2026-04-27,822906,away,NYY,TEX,592450,Aaron Judge,99,RF,4,3,1,3,2,0,1,1,0,0,0,8,0
2026,,2026-04-27,822906,away,NYY,TEX,641857,Ryan McMahon,19,3B,4,4,0,1,0,0,0,0,0,2,0,1,2
2026,,2026-04-27,822906,away,NYY,TEX,691176,Jasson Domínguez,24,DH,4,4,0,1,0,0,0,0,0,1,0,1,0
2026,,2026-04-27,822906,away,NYY,TEX,669224,Austin Wells,28,C,4,3,0,0,0,0,0,0,1,1,0,0,1
2026,,2026-04-27,822906,away,NYY,TEX,700250,Ben Rice,22,1B,5,4,1,1,0,0,1,2,1,0,0,4,1
2026,,2026-04-27,822906,away,NYY,TEX,641355,Cody Bellinger,35,LF,4,4,0,0,0,0,0,0,0,1,0,0,4
2026,,2026-04-27,822906,away,NYY,TEX,665862,Jazz Chisholm Jr.,13,2B,4,4,1,1,0,0,1,1,0,0,0,4,0
2026,,2026-04-27,822906,away,NYY,TEX,663757,Trent Grisham,12,CF,5,4,1,1,0,0,0,0,1,0,0,1,0
2026,,2026-04-27,822906,home,TEX,NYY,694497,Evan Carter,32,CF,2,2,0,0,0,0,0,0,0,2,0,0,0
2026,,2026-04-27,822906,home,TEX,NYY,669394,Jake Burger,21,1B,4,3,1,1,0,0,0,0,1,1,0,1,0
2026,,2026-04-27,822906,home,TEX,NYY,696030,Alejandro Osuna,19,CF,1,1,0,1,0,0,0,1,0,0,0,1,0
2026,,2026-04-27,822906,home,TEX,NYY,592626,Joc Pederson,3,DH,2,2,1,1,0,0,1,1,0,0,0,4,1
2026,,2026-04-27,822906,home,TEX,NYY,608369,Corey Seager,5,SS,4,4,0,0,0,0,0,0,0,3,0,0,3
2026,,2026-04-27,822906,home,TEX,NYY,673962,Josh Jung,6,3B,4,2,0,1,0,0,0,0,2,0,0,1,1
2026,,2026-04-27,822906,home,TEX,NYY,457705,Andrew McCutchen,4,DH,2,2,0,0,0,0,0,0,0,0,0,0,1
2026,,2026-04-27,822906,home,TEX,NYY,543309,Kyle Higashioka,11,C,4,4,0,1,0,0,0,0,0,2,0,1,1
2026,,2026-04-27,822906,home,TEX,NYY,677649,Ezequiel Duran,20,LF,4,3,0,1,0,0,0,0,1,0,0,1,2
2026,,2026-04-27,822906,home,TEX,NYY,607043,Brandon Nimmo,24,RF,4,4,0,1,0,0,0,0,0,0,0,1,2
2026,,2026-04-27,822906,home,TEX,NYY,669701,Josh Smith,8,2B,2,2,0,0,0,0,0,0,0,0,0,0,1
2026,,2026-04-27,822906,home,TEX,NYY,664059,Sam Haggerty,0,LF,2,2,0,0,0,0,0,0,0,0,0,0,1
2026,,2026-04-27,822906,home,TEX,NYY,643376,Danny Jansen,9,PH,1,1,0,0,0,0,0,0,0,0,0,0,0
2026,,2026-04-27,823311,away,CHC,SDP,624424,Michael Conforto,20,LF,2,2,0,0,0,0,0,0,0,0,0,0,0
2026,,2026-04-27,823311,away,CHC,SDP,664023,Ian Happ,8,DH,4,4,1,1,0,0,0,0,0,1,0,1,1
2026,,2026-04-27,823311,away,CHC,SDP,608324,Alex Bregman,3,3B,5,4,1,0,0,0,0,0,1,1,0,0,3
2026,,2026-04-27,823311,away,CHC,SDP,683737,Michael Busch,29,1B,5,5,0,0,0,0,0,0,0,3,0,0,4
2026,,2026-04-27,823311,away,CHC,SDP,691718,Pete Crow-Armstrong,4,CF,4,3,0,1,0,0,0,0,1,1,1,1,2
2026,,2026-04-27,823311,away,CHC,SDP,694208,Moisés Ballesteros,25,C,4,4,1,1,0,0,1,4,0,0,0,4,0
2026,,2026-04-27,823311,away,CHC,SDP,673548,Seiya Suzuki,27,RF,4,4,2,2,0,0,1,1,0,1,0,5,0
2026,,2026-04-27,823311,away,CHC,SDP,621020,Dansby Swanson,7,SS,4,3,1,2,0,0,0,0,1,0,0,2,0
2026,,2026-04-27,823311,away,CHC,SDP,663538,Nico Hoerner,2,2B,5,4,0,0,0,0,0,1,1,1,0,0,4
2026,,2026-04-27,823311,away,CHC,SDP,807713,Matt Shaw,6,LF,2,2,1,1,0,0,0,0,0,0,0,1,0
2026,,2026-04-27,823311,home,SDP,CHC,666023,Freddy Fermin,54,C,4,4,0,0,0,0,0,0,0,1,0,0,2
2026,,2026-04-27,823311,home,SDP,CHC,592206,Nick Castellanos,21,RF,4,4,0,1,0,0,0,2,0,2,0,1,3
2026,,2026-04-27,823311,home,SDP,CHC,701538,Jackson Merrill,3,CF,5,5,1,1,0,0,0,1,0,3,0,1,3
2026,,2026-04-27,823311,home,SDP,CHC,657757,Gavin Sheets,30,1B,1,1,1,1,0,0,1,1,0,0,0,4,0
2026,,2026-04-27,823311,home,SDP,CHC,657656,Ramón Laureano,5,LF,5,4,1,1,0,0,0,0,1,1,0,1,1
2026,,2026-04-27,823311,home,SDP,CHC,592518,Manny Machado,13,3B,4,4,3,3,2,0,0,0,0,0,0,5,1
2026,,2026-04-27,823311,home,SDP,CHC,609280,Miguel Andujar,41,DH,4,3,1,1,0,0,0,1,1,0,0,1,2
2026,,2026-04-27,823311,home,SDP,CHC,664034,Ty France,25,3B,4,3,1,2,1,1,0,4,1,0,1,5,1
2026,,2026-04-27,823311,home,SDP,CHC,665487,Fernando Tatis Jr.,23,RF,5,5,0,2,0,0,0,0,0,1,1,2,1
2026,,2026-04-27,823311,home,SDP,CHC,593428,Xander Bogaerts,2,SS,5,5,1,2,0,0,0,0,0,0,0,2,3
2026,,2026-04-27,823311,home,SDP,CHC,630105,Jake Cronenworth,9,2B,0,0,0,0,0,0,0,0,0,0,0,0,0
2026,,2026-04-27,823961,away,MIA,LAD,665923,Esteury Ruiz,3,RF,0,0,0,0,0,0,0,0,0,0,0,0,0
2026,,2026-04-27,823961,away,MIA,LAD,805300,Jakob Marsee,87,CF,5,3,1,2,1,0,0,0,2,1,0,3,1
2026,,2026-04-27,823961,away,MIA,LAD,691594,Javier Sanoja,8,3B,4,4,0,0,0,0,0,0,0,1,0,0,2
2026,,2026-04-27,823961,away,MIA,LAD,669364,Xavier Edwards,9,2B,4,1,1,0,0,0,0,0,3,0,0,0,0
2026,,2026-04-27,823961,away,MIA,LAD,669065,Kyle Stowers,28,LF,5,5,0,0,0,0,0,0,0,1,0,0,5
2026,,2026-04-27,823961,away,MIA,LAD,689414,Liam Hicks,34,DH,4,4,1,1,0,0,1,3,0,2,0,4,3
2026,,2026-04-27,823961,away,MIA,LAD,683357,Owen Caissie,17,RF,4,4,0,0,0,0,0,0,0,3,0,0,3
2026,,2026-04-27,823961,away,MIA,LAD,682663,Agustín Ramírez,50,C,4,4,0,1,0,0,0,0,0,0,0,1,0
2026,,2026-04-27,823961,away,MIA,LAD,681393,Connor Norby,1,1B,4,3,0,1,0,0,0,0,1,0,0,1,3
2026,,2026-04-27,823961,away,MIA,LAD,672640,Otto Lopez,6,SS,4,4,1,1,1,0,0,0,0,3,0,2,1
2026,,2026-04-27,823961,home,LAD,MIA,669257,Will Smith,16,C,5,5,0,0,0,0,0,0,0,1,0,0,8
2026,,2026-04-27,823961,home,LAD,MIA,687221,Dalton Rushing,68,PH,1,0,1,0,0,0,0,0,1,0,0,0,0
2026,,2026-04-27,823961,home,LAD,MIA,663656,Kyle Tucker,23,RF,5,5,0,1,0,0,0,2,0,1,0,1,2
2026,,2026-04-27,823961,home,LAD,MIA,571970,Max Muncy,13,3B,4,4,0,1,0,0,0,0,0,1,0,1,2
2026,,2026-04-27,823961,home,LAD,MIA,518692,Freddie Freeman,5,1B,5,3,1,1,0,0,0,0,2,0,0,1,0
2026,,2026-04-27,823961,home,LAD,MIA,808975,Hyeseong Kim,6,SS,2,2,0,0,0,0,0,0,0,0,0,0,2
2026,,2026-04-27,823961,home,LAD,MIA,669289,Santiago Espinal,21,2B,0,0,0,0,0,0,0,0,0,0,0,0,0
2026,,2026-04-27,823961,home,LAD,MIA,660271,Shohei Ohtani,17,DH,5,5,2,3,1,0,0,1,0,1,0,4,0
2026,,2026-04-27,823961,home,LAD,MIA,606192,Teoscar Hernández,37,LF,4,2,0,1,0,0,0,2,2,1,0,1,0
2026,,2026-04-27,823961,home,LAD,MIA,681624,Andy Pages,44,CF,4,3,1,0,0,0,0,0,1,0,0,0,2
2026,,2026-04-27,823961,home,LAD,MIA,669743,Alex Call,12,PH,1,1,0,1,0,0,0,0,0,0,0,1,0
2026,,2026-04-27,823961,home,LAD,MIA,500743,Miguel Rojas,72,SS,2,2,0,0,0,0,0,0,0,1,0,0,3
2026,,2026-04-27,823961,home,LAD,MIA,690976,Alex Freeland,76,2B,2,2,0,0,0,0,0,0,0,0,0,0,0
2026,,2026-04-28,824447,away,TBR,CLE,670764,Taylor Walls,6,SS,4,1,1,0,0,0,0,0,3,0,1,0,0
2026,,2026-04-28,824447,away,TBR,CLE,680700,Richie Palacios,1,3B,4,4,0,0,0,0,0,0,0,2,0,0,0
2026,,2026-04-28,824447,away,TBR,CLE,641584,Jake Fraley,17,RF,4,3,0,1,1,0,0,0,1,1,0,2,0
2026,,2026-04-28,824447,away,TBR,CLE,802415,Chandler Simpson,14,LF,5,4,0,1,1,0,0,0,1,0,1,2,3
2026,,2026-04-28,824447,away,TBR,CLE,666018,Jonathan Aranda,8,1B,4,4,0,1,0,0,0,1,0,1,0,1,1
2026,,2026-04-28,824447,away,TBR,CLE,663743,Nick Fortes,40,C,4,4,0,0,0,0,0,0,0,0,0,0,2
2026,,2026-04-28,824447,away,TBR,CLE,650490,Yandy Díaz,2,DH,4,4,0,1,0,0,0,0,0,1,0,1,3
2026,,2026-04-28,824447,away,TBR,CLE,810938,Ben Williamson,15,2B,3,3,0,1,0,0,0,0,0,0,0,1,2
2026,,2026-04-28,824447,away,TBR,CLE,691406,Junior Caminero,13,3B,1,1,0,0,0,0,0,0,0,0,0,0,1
2026,,2026-04-28,824447,away,TBR,CLE,656775,Cedric Mullins,31,CF,4,4,0,0,0,0,0,0,0,2,0,0,3
2026,,2026-04-28,824447,home,CLE,TBR,671655,George Valera,7,PH,1,1,0,0,0,0,0,0,0,1,0,0,2
2026,,2026-04-28,824447,home,CLE,TBR,800050,Chase DeLauter,24,DH,4,4,0,1,0,0,0,0,0,1,0,1,4
2026,,2026-04-28,824447,home,CLE,TBR,595978,Austin Hedges,27,C,0,0,0,0,0,0,0,0,0,0,0,0,0
2026,,2026-04-28,824447,home,CLE,TBR,683953,Travis Bazzana,37,2B,4,2,0,0,0,0,0,0,2,1,0,0,1
2026,,2026-04-28,824447,home,CLE,TBR,682177,Daniel Schneemann,10,CF,4,4,0,1,0,0,0,0,0,1,0,1,0
2026,,2026-04-28,824447,home,CLE,TBR,677587,Brayan Rocchio,4,SS,3,2,0,0,0,0,0,0,0,0,0,0,0
2026,,2026-04-28,824447,home,CLE,TBR,666310,Bo Naylor,23,C,2,2,0,0,0,0,0,0,0,1,0,0,1
2026,,2026-04-28,824447,home,CLE,TBR,608070,José Ramírez,11,3B,4,4,0,0,0,0,0,0,0,0,0,0,5
2026,,2026-04-28,824447,home,CLE,TBR,680757,Steven Kwan,38,LF,4,3,0,1,1,0,0,0,1,0,0,2,0
2026,,2026-04-28,824447,home,CLE,TBR,682657,Angel Martínez,1,RF,4,3,0,1,1,0,0,0,0,1,0,2,0
2026,,2026-04-28,824447,home,CLE,TBR,700932,Kyle Manzardo,9,1B,4,4,0,0,0,0,0,0,0,1,0,0,1
2026,,2026-04-28,824447,home,CLE,TBR,656555,Rhys Hoskins,8,PH,1,0,0,0,0,0,0,0,1,0,0,0,0
2026,,2026-04-28,824849,away,HOU,BAL,670623,Isaac Paredes,15,3B,5,4,0,0,0,0,0,0,1,1,0,0,4
2026,,2026-04-28,824849,away,HOU,BAL,701358,Cam Smith,11,RF,4,4,0,1,0,0,0,0,0,3,0,1,2
2026,,2026-04-28,824849,away,HOU,BAL,687957,Dustin Harris,37,LF,4,4,1,1,0,1,0,1,0,2,0,3,3
2026,,2026-04-28,824849,away,HOU,BAL,694728,Brice Matthews,0,CF,4,4,1,3,1,0,1,2,0,1,0,7,1
2026,,2026-04-28,824849,away,HOU,BAL,514888,Jose Altuve,27,2B,5,5,0,0,0,0,0,0,0,2,0,0,6
2026,,2026-04-28,824849,away,HOU,BAL,621043,Carlos Correa,1,SS,5,5,0,1,0,0,0,0,0,2,0,1,3
2026,,2026-04-28,824849,away,HOU,BAL,572233,Christian Walker,8,1B,4,4,1,2,1,0,0,0,0,0,0,3,2
2026,,2026-04-28,824849,away,HOU,BAL,673237,Yainer Diaz,21,C,4,4,0,2,1,0,0,0,0,1,0,3,1
2026,,2026-04-28,824849,away,HOU,BAL,670541,Yordan Alvarez,44,DH,5,4,0,1,0,0,0,0,1,0,0,1,1
2026,,2026-04-28,824849,home,BAL,HOU,669236,Jeremiah Jackson,82,2B,3,3,0,1,0,0,0,0,0,1,0,1,2
2026,,2026-04-28,824849,home,BAL,HOU,694212,Samuel Basallo,29,DH,4,4,0,2,1,0,0,1,0,1,0,3,0
2026,,2026-04-28,824849,home,BAL,HOU,683002,Gunnar Henderson,2,SS,4,3,2,1,1,0,0,0,1,0,1,2,0
2026,,2026-04-28,824849,home,BAL,HOU,665750,Leody Taveras,30,CF,4,4,0,1,0,0,0,0,0,1,0,1,1
2026,,2026-04-28,824849,home,BAL,HOU,621493,Taylor Ward,3,LF,4,3,1,1,0,0,0,0,1,1,0,1,2
2026,,2026-04-28,824849,home,BAL,HOU,687637,Dylan Beavers,12,RF,3,2,0,0,0,0,0,0,0,0,0,0,0
2026,,2026-04-28,824849,home,BAL,HOU,668939,Adley Rutschman,35,C,4,4,1,2,0,0,0,2,0,1,0,2,2
2026,,2026-04-28,824849,home,BAL,HOU,641933,Tyler O'Neill,9,RF,1,1,0,0,0,0,0,0,0,1,0,0,0
2026,,2026-04-28,824849,home,BAL,HOU,677942,Blaze Alexander,23,3B,0,0,0,0,0,0,0,0,0,0,0,0,0
2026,,2026-04-28,824849,home,BAL,HOU,624413,Pete Alonso,25,1B,4,4,1,1,0,0,1,2,0,0,0,4,3
2026,,2026-04-28,824849,home,BAL,HOU,691723,Coby Mayo,16,3B,3,3,0,0,0,0,0,0,0,2,0,0,2
2026,,2026-04-28,824526,away,COL,CIN,666160,Mickey Moniak,22,CF,5,5,0,1,0,0,0,0,0,2,0,1,3
2026,,2026-04-28,824526,away,COL,CIN,664983,Jake McCarthy,31,LF,3,3,1,1,0,0,0,0,0,1,1,1,0
2026,,2026-04-28,824526,away,COL,CIN,687859,Troy Johnston,20,1B,4,3,0,1,1,0,0,0,1,1,0,2,2
2026,,2026-04-28,824526,away,COL,CIN,650489,Willi Castro,3,3B,0,0,0,0,0,0,0,0,0,0,0,0,0
2026,,2026-04-28,824526,away,COL,CIN,671289,Tyler Freeman,2,RF,4,4,0,1,0,0,0,0,0,0,0,1,2
2026,,2026-04-28,824526,away,COL,CIN,666397,Edouard Julien,6,2B,5,4,1,3,0,0,1,2,1,1,0,6,1
2026,,2026-04-28,824526,away,COL,CIN,696100,Hunter Goodman,15,C,5,5,0,0,0,0,0,0,0,3,0,0,5
2026,,2026-04-28,824526,away,COL,CIN,687597,Jordan Beck,27,PH,1,1,0,1,0,0,0,0,0,0,0,1,0
2026,,2026-04-28,824526,away,COL,CIN,686668,Brenton Doyle,9,PR,0,0,0,0,0,0,0,0,0,0,0,0,0
2026,,2026-04-28,824526,away,COL,CIN,678662,Ezequiel Tovar,14,SS,4,4,0,0,0,0,0,0,0,1,0,0,5
2026,,2026-04-28,824526,away,COL,CIN,681198,TJ Rumfield,7,DH,4,4,0,2,1,0,0,0,0,1,0,3,1
2026,,2026-04-28,824526,away,COL,CIN,691720,Kyle Karros,12,3B,4,4,0,1,0,0,0,0,0,2,0,1,4
2026,,2026-04-28,824526,home,CIN,COL,682829,Elly De La Cruz,44,SS,4,4,2,3,0,0,1,4,0,1,2,6,0
2026,,2026-04-28,824526,home,CIN,COL,667472,Dane Myers,17,CF,4,3,3,2,0,0,0,0,1,0,1,2,1
2026,,2026-04-28,824526,home,CIN,COL,701398,Sal Stewart,27,1B,4,4,1,1,1,0,0,0,0,1,0,2,2
2026,,2026-04-28,824526,home,CIN,COL,663993,Nathaniel Lowe,31,DH,4,4,0,2,0,0,0,1,0,0,0,2,0
2026,,2026-04-28,824526,home,CIN,COL,680574,Matt McLain,9,2B,4,4,0,0,0,0,0,0,0,2,0,0,3
2026,,2026-04-28,824526,home,CIN,COL,663647,Ke'Bryan Hayes,3,3B,3,3,0,1,0,0,0,0,0,1,0,1,1
2026,,2026-04-28,824526,home,CIN,COL,670770,TJ Friedl,29,LF,2,2,0,0,0,0,0,0,0,1,0,0,3
2026,,2026-04-28,824526,home,CIN,COL,668715,Spencer Steer,7,RF,4,4,1,1,0,0,1,2,0,0,0,4,2
2026,,2026-04-28,824526,home,CIN,COL,663886,Tyler Stephenson,37,C,4,4,0,1,0,0,0,0,0,0,0,1,1
2026,,2026-04-28,824526,home,CIN,COL,677956,Rece Hinds,57,RF,2,2,0,0,0,0,0,0,0,1,0,0,0
2026,,2026-04-28,823390,away,STL,PIT,669357,Nolan Gorman,16,3B,5,4,1,1,0,0,1,3,0,1,0,4,3
2026,,2026-04-28,823390,away,STL,PIT,691023,Jordan Walker,18,RF,5,4,1,2,0,0,0,3,0,1,1,2,2
2026,,2026-04-28,823390,away,STL,PIT,701675,Nathan Church,27,LF,5,5,0,1,0,0,0,0,0,0,0,1,1
2026,,2026-04-28,823390,away,STL,PIT,687363,Victor Scott II,11,CF,5,5,1,1,0,0,1,1,0,2,0,4,2
2026,,2026-04-28,823390,away,STL,PIT,802139,JJ Wetherholt,26,2B,5,3,3,1,1,0,0,0,1,0,0,2,0
2026,,2026-04-28,823390,away,STL,PIT,676475,Alec Burleson,41,1B,5,4,2,2,2,0,0,3,1,2,0,4,2
2026,,2026-04-28,823390,away,STL,PIT,686780,Pedro Pagés,43,C,5,5,0,1,0,0,0,0,0,2,0,1,3
2026,,2026-04-28,823390,away,STL,PIT,691026,Masyn Winn,0,SS,5,5,0,2,0,0,0,1,0,2,0,2,0
2026,,2026-04-28,823390,away,STL,PIT,671056,Iván Herrera,48,DH,5,2,3,1,1,0,0,0,3,0,1,2,1
2026,,2026-04-28,823390,home,PIT,STL,694377,Nick Yorke,38,3B,1,1,0,0,0,0,0,0,0,1,0,0,1
2026,,2026-04-28,823390,home,PIT,STL,687462,Spencer Horwitz,2,1B,4,4,0,1,0,0,0,0,0,0,0,1,2
2026,,2026-04-28,823390,home,PIT,STL,664040,Brandon Lowe,5,2B,3,3,0,1,1,0,0,0,0,1,0,2,1
2026,,2026-04-28,823390,home,PIT,STL,668804,Bryan Reynolds,10,DH,4,3,2,2,0,0,0,0,1,1,0,2,1
2026,,2026-04-28,823390,home,PIT,STL,665833,Oneil Cruz,15,CF,5,5,2,2,0,0,1,1,0,2,0,5,1
2026,,2026-04-28,823390,home,PIT,STL,663968,Jake Mangum,28,LF,4,4,0,1,0,0,0,0,0,1,1,1,2
2026,,2026-04-28,823390,home,PIT,STL,680779,Henry Davis,32,C,3,3,0,0,0,0,0,0,0,2,0,0,2
2026,,2026-04-28,823390,home,PIT,STL,804606,Konnor Griffin,6,SS,4,4,1,2,0,0,1,1,0,1,0,5,0
2026,,2026-04-28,823390,home,PIT,STL,656811,Ryan O'Hearn,29,RF,4,4,2,2,0,0,1,3,0,1,0,5,2
2026,,2026-04-28,823390,home,PIT,STL,693304,Nick Gonzales,3,2B,4,4,0,2,0,0,0,2,0,0,0,2,0
2026,,2026-04-28,823390,home,PIT,STL,542303,Marcell Ozuna,24,PH,1,1,0,0,0,0,0,0,0,1,0,0,0
2026,,2026-04-28,823473,away,SFG,PHI,669477,Casey Schmitt,10,DH,3,3,0,0,0,0,0,0,0,0,0,0,1
2026,,2026-04-28,823473,away,SFG,PHI,666464,Jerar Encarnacion,19,PH,1,1,0,0,0,0,0,0,0,1,0,0,0
2026,,2026-04-28,823473,away,SFG,PHI,671218,Heliot Ramos,17,LF,3,3,0,1,1,0,0,0,0,1,0,2,0
2026,,2026-04-28,823473,away,SFG,PHI,656305,Matt Chapman,26,3B,4,4,0,0,0,0,0,0,0,4,0,0,0
2026,,2026-04-28,823473,away,SFG,PHI,672275,Patrick Bailey,14,C,2,2,0,0,0,0,0,0,0,2,0,0,1
2026,,2026-04-28,823473,away,SFG,PHI,808982,Jung Hoo Lee,51,RF,4,4,0,0,0,0,0,0,0,1,0,0,1
2026,,2026-04-28,823473,away,SFG,PHI,687551,Drew Gilbert,0,CF,3,3,0,0,0,0,0,0,0,1,0,0,1
2026,,2026-04-28,823473,away,SFG,PHI,646240,Rafael Devers,16,1B,3,3,0,0,0,0,0,0,0,1,0,0,1
2026,,2026-04-28,823473,away,SFG,PHI,642715,Willy Adames,2,SS,3,3,0,0,0,0,0,0,0,1,0,0,0
2026,,2026-04-28,823473,away,SFG,PHI,650333,Luis Arraez,1,2B,3,3,0,1,1,0,0,0,0,0,0,2,0
2026,,2026-04-28,823473,home,PHI,SFG,669016,Brandon Marsh,16,LF,4,3,1,1,0,0,0,1,0,0,1,1,1
2026,,2026-04-28,823473,home,PHI,SFG,702222,Justin Crawford,2,CF,4,4,1,1,0,0,0,1,0,2,0,1,3
2026,,2026-04-28,823473,home,PHI,SFG,547180,Bryce Harper,3,1B,4,4,1,2,1,0,0,1,0,0,0,3,3
2026,,2026-04-28,823473,home,PHI,SFG,664761,Alec Bohm,28,3B,4,4,0,2,1,0,0,1,0,0,0,3,1
2026,,2026-04-28,823473,home,PHI,SFG,681082,Bryson Stott,5,2B,4,3,0,0,0,0,0,0,1,3,0,0,3
2026,,2026-04-28,823473,home,PHI,SFG,656941,Kyle Schwarber,12,DH,5,3,1,0,0,0,0,0,2,0,0,0,3
2026,,2026-04-28,823473,home,PHI,SFG,665561,Rafael Marchán,13,C,4,3,0,0,0,0,0,0,1,0,0,0,3
2026,,2026-04-28,823473,home,PHI,SFG,666969,Adolis García,53,RF,4,3,1,1,1,0,0,2,1,0,0,2,1
2026,,2026-04-28,823473,home,PHI,SFG,607208,Trea Turner,7,SS,5,5,2,4,0,0,0,1,0,1,0,4,0
2026,,2026-04-28,822823,away,BOS,TOR,701350,Roman Anthony,19,LF,4,4,0,0,0,0,0,0,0,1,0,0,1
2026,,2026-04-28,822823,away,BOS,TOR,575929,Willson Contreras,40,1B,4,4,0,1,1,0,0,0,0,1,0,2,0
2026,,2026-04-28,822823,away,BOS,TOR,596115,Trevor Story,10,SS,4,4,0,1,0,0,0,0,0,2,0,1,1
2026,,2026-04-28,822823,away,BOS,TOR,677800,Wilyer Abreu,52,RF,4,3,0,0,0,0,0,0,1,2,0,0,1
2026,,2026-04-28,822823,away,BOS,TOR,702332,Caleb Durbin,5,3B,3,3,0,0,0,0,0,0,0,0,0,0,2
2026,,2026-04-28,822823,away,BOS,TOR,665966,Carlos Narváez,75,C,3,3,0,0,0,0,0,0,0,1,0,0,2
2026,,2026-04-28,822823,away,BOS,TOR,680776,Jarren Duran,16,CF,4,4,0,0,0,0,0,0,0,1,0,0,0
2026,,2026-04-28,822823,away,BOS,TOR,807799,Masataka Yoshida,7,DH,3,3,0,1,0,0,0,0,0,1,0,1,1
2026,,2026-04-28,822823,away,BOS,TOR,691785,Marcelo Mayer,11,2B,3,3,0,1,0,0,0,0,0,0,0,1,0
2026,,2026-04-28,822823,home,TOR,BOS,676391,Ernie Clement,22,2B,4,2,0,0,0,0,0,0,2,0,0,0,2
2026,,2026-04-28,822823,home,TOR,BOS,662139,Daulton Varsho,5,CF,4,4,0,1,0,0,0,0,0,3,0,1,0
2026,,2026-04-28,822823,home,TOR,BOS,665926,Andrés Giménez,0,SS,3,3,1,1,0,0,0,0,0,0,0,1,0
2026,,2026-04-28,822823,home,TOR,BOS,676914,Davis Schneider,36,LF,4,2,0,0,0,0,0,0,2,0,0,0,1
2026,,2026-04-28,822823,home,TOR,BOS,623168,Tyler Heineman,55,C,3,3,0,0,0,0,0,0,0,1,0,0,2
2026,,2026-04-28,822823,home,TOR,BOS,665489,Vladimir Guerrero Jr.,27,1B,4,3,1,2,1,0,0,1,0,0,0,3,1
2026,,2026-04-28,822823,home,TOR,BOS,660821,Jesús Sánchez,12,DH,1,1,0,0,0,0,0,0,0,0,0,0,1
2026,,2026-04-28,822823,home,TOR,BOS,650391,Eloy Jiménez,74,DH,3,3,0,0,0,0,0,0,0,1,0,0,0
2026,,2026-04-28,822823,home,TOR,BOS,664702,Myles Straw,3,RF,4,3,1,1,0,0,0,0,1,1,0,1,1
2026,,2026-04-28,822823,home,TOR,BOS,672960,Kazuma Okamoto,7,3B,4,4,0,1,0,0,0,2,0,1,0,1,5
2026,,2026-04-28,823636,away,WSN,NYM,691781,Brady House,12,DH,4,4,0,0,0,0,0,0,0,1,0,0,0
2026,,2026-04-28,823636,away,WSN,NYM,682928,CJ Abrams,5,SS,4,4,0,1,0,0,0,0,0,1,0,1,0
2026,,2026-04-28,823636,away,WSN,NYM,683083,Nasim Nuñez,26,2B,3,2,0,0,0,0,0,0,1,1,0,0,2
2026,,2026-04-28,823636,away,WSN,NYM,686452,Drew Millas,14,C,3,3,0,1,0,0,0,0,0,1,0,1,1
2026,,2026-04-28,823636,away,WSN,NYM,678391,Jorbit Vivas,84,3B,3,3,0,1,0,0,0,0,0,0,0,1,0
2026,,2026-04-28,823636,away,WSN,NYM,695734,Daylen Lile,4,LF,4,4,0,0,0,0,0,0,0,2,0,0,1
2026,,2026-04-28,823636,away,WSN,NYM,695578,James Wood,29,RF,4,3,0,0,0,0,0,0,1,2,0,0,2
2026,,2026-04-28,823636,away,WSN,NYM,696285,Jacob Young,30,CF,3,3,0,0,0,0,0,0,0,2,0,0,1
2026,,2026-04-28,823636,away,WSN,NYM,671277,Luis García Jr.,2,1B,4,4,0,0,0,0,0,0,0,1,0,0,3
2026,,2026-04-28,823636,home,NYM,WSN,666182,Bo Bichette,19,3B,4,2,1,1,0,0,1,2,1,0,0,4,1
2026,,2026-04-28,823636,home,NYM,WSN,621438,Tyrone Taylor,28,CF,1,1,0,0,0,0,0,0,0,0,0,0,0
2026,,2026-04-28,823636,home,NYM,WSN,682626,Francisco Alvarez,4,C,4,4,0,0,0,0,0,0,0,0,0,0,0
2026,,2026-04-28,823636,home,NYM,WSN,668901,Mark Vientos,27,1B,4,2,1,0,0,0,0,0,2,2,0,0,0
2026,,2026-04-28,823636,home,NYM,WSN,683146,Brett Baty,7,RF,4,3,1,0,0,0,0,0,1,0,0,0,1
2026,,2026-04-28,823636,home,NYM,WSN,701807,Carson Benge,3,LF,4,4,1,2,0,0,0,2,0,0,0,2,2
2026,,2026-04-28,823636,home,NYM,WSN,543760,Marcus Semien,10,2B,4,3,1,0,0,0,0,1,1,0,0,0,1
2026,,2026-04-28,823636,home,NYM,WSN,669004,MJ Melendez,1,LF,3,3,1,1,0,0,0,0,0,0,0,1,0
2026,,2026-04-28,823636,home,NYM,WSN,665742,Juan Soto,22,DH,4,4,1,1,0,0,1,2,0,0,0,4,1
2026,,2026-04-28,823636,home,NYM,WSN,677595,Ronny Mauricio,0,SS,4,4,1,1,0,0,0,0,0,1,0,1,3
2026,,2026-04-28,824931,away,DET,ATL,701678,Hao-Yu  Lee,50,3B,2,2,0,1,1,0,0,0,0,1,0,2,2
2026,,2026-04-28,824931,away,DET,ATL,663330,Jahmai Jones,18,DH,3,3,0,0,0,0,0,0,0,2,0,0,1
2026,,2026-04-28,824931,away,DET,ATL,682985,Riley Greene,31,LF,4,3,0,0,0,0,0,0,1,1,0,0,4
2026,,2026-04-28,824931,away,DET,ATL,595879,Javier Báez,28,CF,2,2,0,0,0,0,0,0,0,0,0,0,1
2026,,2026-04-28,824931,away,DET,ATL,805808,Kevin McGonigle,7,SS,4,4,0,1,0,0,0,0,0,1,0,1,3
2026,,2026-04-28,824931,away,DET,ATL,681481,Kerry Carpenter,30,DH,2,2,0,0,0,0,0,0,0,0,0,0,0
2026,,2026-04-28,824931,away,DET,ATL,679529,Spencer Torkelson,20,1B,4,3,0,0,0,0,0,0,1,2,0,0,2
2026,,2026-04-28,824931,away,DET,ATL,650402,Gleyber Torres,25,2B,5,3,0,0,0,0,0,0,2,0,0,0,0
2026,,2026-04-28,824931,away,DET,ATL,663837,Matt Vierling,8,CF,4,4,0,0,0,0,0,0,0,1,0,0,1
2026,,2026-04-28,824931,away,DET,ATL,693307,Dillon Dingler,13,C,4,3,0,2,1,0,0,0,1,0,0,3,0
2026,,2026-04-28,824931,away,DET,ATL,690993,Colt Keith,33,3B,2,2,1,1,0,0,0,0,0,0,0,1,0
2026,,2026-04-28,824931,away,DET,ATL,672761,Wenceel Pérez,46,RF,2,2,1,1,0,0,1,2,0,0,0,4,0
2026,,2026-04-28,824931,home,ATL,DET,671739,Michael Harris II,23,CF,4,4,0,1,0,0,0,0,0,0,0,1,3
2026,,2026-04-28,824931,home,ATL,DET,643289,Mauricio Dubón,14,SS,4,4,1,1,1,0,0,0,0,0,0,2,3
2026,,2026-04-28,824931,home,ATL,DET,686948,Drake Baldwin,30,C,4,4,0,0,0,0,0,0,0,0,0,0,2
2026,,2026-04-28,824931,home,ATL,DET,621566,Matt Olson,28,1B,4,2,1,1,1,0,0,1,1,1,0,2,0
2026,,2026-04-28,824931,home,ATL,DET,642086,Dominic Smith,8,DH,1,1,0,0,0,0,0,0,0,1,0,0,0
2026,,2026-04-28,824931,home,ATL,DET,660670,Ronald Acuña Jr.,13,RF,4,4,1,2,2,0,0,1,0,1,0,4,1
2026,,2026-04-28,824931,home,ATL,DET,571657,Kyle Farmer,15,DH,3,3,0,1,0,0,0,0,0,2,0,1,1
2026,,2026-04-28,824931,home,ATL,DET,645277,Ozzie Albies,1,2B,4,3,1,1,0,0,1,2,1,1,0,4,2
2026,,2026-04-28,824931,home,ATL,DET,663586,Austin Riley,27,3B,4,4,0,0,0,0,0,0,0,3,0,0,1
2026,,2026-04-28,824931,home,ATL,DET,573262,Mike Yastrzemski,18,LF,3,3,1,2,1,0,0,1,0,0,0,3,0
2026,,2026-04-28,823716,away,SEA,MIN,647304,Josh Naylor,12,1B,5,5,1,3,0,0,1,4,0,0,0,6,1
2026,,2026-04-28,823716,away,SEA,MIN,702284,Cole Young,2,2B,4,4,1,3,0,0,0,1,0,0,0,3,0
2026,,2026-04-28,823716,away,SEA,MIN,641487,J.P. Crawford,3,SS,5,4,1,1,0,0,0,0,1,0,1,1,2
2026,,2026-04-28,823716,away,SEA,MIN,668227,Randy Arozarena,56,LF,4,3,1,2,1,1,0,0,1,1,0,5,1
2026,,2026-04-28,823716,away,SEA,MIN,686527,Dominic Canzone,8,DH,2,2,0,0,0,0,0,0,0,2,0,0,1
2026,,2026-04-28,823716,away,SEA,MIN,663728,Cal Raleigh,29,C,5,5,0,0,0,0,0,0,0,2,0,0,5
2026,,2026-04-28,823716,away,SEA,MIN,641598,Mitch Garver,18,DH,2,2,0,0,0,0,0,0,0,0,0,0,2
2026,,2026-04-28,823716,away,SEA,MIN,677594,Julio Rodríguez,44,CF,5,5,2,3,3,0,0,2,0,0,0,6,2
2026,,2026-04-28,823716,away,SEA,MIN,660844,Leo Rivas,76,3B,4,3,1,0,0,0,0,0,0,1,0,0,2
2026,,2026-04-28,823716,away,SEA,MIN,670042,Luke Raley,20,RF,4,4,0,0,0,0,0,0,0,1,0,0,3
2026,,2026-04-28,823716,home,MIN,SEA,605170,Victor Caratini,37,C,4,4,0,0,0,0,0,0,0,2,0,0,4
2026,,2026-04-28,823716,home,MIN,SEA,665019,Kody Clemens,2,1B,4,3,0,0,0,0,0,0,0,0,0,0,1
2026,,2026-04-28,823716,home,MIN,SEA,668885,Austin Martin,16,RF,4,4,0,1,0,0,0,0,0,0,1,1,3
2026,,2026-04-28,823716,home,MIN,SEA,656484,Tristan Gray,4,SS,4,4,0,0,0,0,0,0,0,1,0,0,4
2026,,2026-04-28,823716,home,MIN,SEA,605137,Josh Bell,56,DH,4,4,0,1,0,0,0,0,0,1,0,1,2
2026,,2026-04-28,823716,home,MIN,SEA,668904,Royce Lewis,23,3B,4,4,0,1,0,0,0,0,0,0,0,1,4
2026,,2026-04-28,823716,home,MIN,SEA,663616,Trevor Larnach,9,LF,4,4,0,1,1,0,0,0,0,0,0,2,2
2026,,2026-04-28,823716,home,MIN,SEA,621439,Byron Buxton,25,CF,5,5,1,2,0,0,1,1,0,1,1,5,1
2026,,2026-04-28,823716,home,MIN,SEA,807712,Luke Keaschall,15,2B,4,3,0,1,0,0,0,0,1,2,1,1,0
2026,,2026-04-28,824610,away,LAA,CHW,624428,Adam Frazier,20,2B,2,2,0,0,0,0,0,0,0,0,0,0,2
2026,,2026-04-28,824610,away,LAA,CHW,672724,Oswald Peraza,2,3B,2,2,0,0,0,0,0,0,0,2,0,0,1
2026,,2026-04-28,824610,away,LAA,CHW,687263,Zach Neto,9,SS,5,5,0,1,0,0,0,0,0,4,1,1,0
2026,,2026-04-28,824610,away,LAA,CHW,624585,Jorge Soler,12,DH,4,3,0,1,0,0,0,0,1,2,0,1,1
2026,,2026-04-28,824610,away,LAA,CHW,660162,Yoán Moncada,10,3B,3,3,0,0,0,0,0,0,0,2,0,0,3
2026,,2026-04-28,824610,away,LAA,CHW,545361,Mike Trout,27,CF,5,2,0,1,0,0,0,0,2,1,1,1,1
2026,,2026-04-28,824610,away,LAA,CHW,666176,Jo Adell,7,RF,4,4,0,1,0,0,0,1,0,1,0,1,1
2026,,2026-04-28,824610,away,LAA,CHW,687093,Vaughn Grissom,5,2B,2,2,0,0,0,0,0,0,0,1,0,0,2
2026,,2026-04-28,824610,away,LAA,CHW,694384,Nolan Schanuel,18,1B,4,4,1,2,1,0,0,0,0,0,0,3,4
2026,,2026-04-28,824610,away,LAA,CHW,666139,Josh Lowe,3,LF,4,4,1,1,0,0,1,1,0,0,0,4,2
2026,,2026-04-28,824610,away,LAA,CHW,665861,Sebastián Rivero,38,C,4,4,0,2,0,0,0,0,0,0,0,2,1
2026,,2026-04-28,824610,home,CHW,LAA,671976,Tristan Peters,29,CF,2,2,0,0,0,0,0,0,0,0,0,0,1
2026,,2026-04-28,824610,home,CHW,LAA,682668,Luisangel Acuña,0,CF,4,3,0,1,0,0,0,0,1,0,0,1,1
2026,,2026-04-28,824610,home,CHW,LAA,808959,Munetaka Murakami,5,1B,5,5,1,1,0,0,0,0,0,4,0,1,3
2026,,2026-04-28,824610,home,CHW,LAA,805367,Chase Meidroth,10,SS,2,2,0,0,0,0,0,0,0,1,0,0,3
2026,,2026-04-28,824610,home,CHW,LAA,695657,Colson Montgomery,12,DH,4,4,1,2,0,0,1,1,0,1,0,5,6
2026,,2026-04-28,824610,home,CHW,LAA,691011,Drew Romo,36,C,4,3,2,2,0,0,2,3,0,0,0,8,0
2026,,2026-04-28,824610,home,CHW,LAA,669720,Austin Hays,21,LF,2,2,0,0,0,0,0,0,0,0,0,0,5
2026,,2026-04-28,824610,home,CHW,LAA,643217,Andrew Benintendi,23,LF,4,3,0,1,0,0,0,0,1,1,0,1,0
2026,,2026-04-28,824610,home,CHW,LAA,677592,Everson Pereira,28,RF,2,2,0,0,0,0,0,0,0,1,0,0,0
2026,,2026-04-28,824610,home,CHW,LAA,803011,Sam Antonacci,17,2B,4,3,1,1,0,0,0,1,0,0,0,1,0
2026,,2026-04-28,824610,home,CHW,LAA,656537,Derek Hill,25,RF,1,1,0,0,0,0,0,0,0,0,0,0,1
2026,,2026-04-28,824610,home,CHW,LAA,678246,Miguel Vargas,20,3B,4,2,0,1,0,0,0,0,2,1,0,1,0
2026,,2026-04-28,823798,away,ARI,MIL,694374,Tim Tawa,13,3B,2,2,0,1,0,0,0,0,0,1,0,1,0
2026,,2026-04-28,823798,away,ARI,MIL,680728,Adrian Del Castillo,25,1B,4,2,1,0,0,0,0,0,2,1,0,0,0
2026,,2026-04-28,823798,away,ARI,MIL,571448,Nolan Arenado,28,3B,2,1,0,0,0,0,0,0,1,0,0,0,1
2026,,2026-04-28,823798,away,ARI,MIL,606466,Ketel Marte,4,2B,3,3,0,0,0,0,0,0,0,0,0,0,3
2026,,2026-04-28,823798,away,ARI,MIL,545121,Ildemaro Vargas,6,2B,4,2,0,1,0,0,0,0,1,0,0,1,0
2026,,2026-04-28,823798,away,ARI,MIL,699912,Jose Fernandez,11,SS,4,3,1,0,0,0,0,0,1,0,0,0,1
2026,,2026-04-28,823798,away,ARI,MIL,682998,Corbin Carroll,7,RF,3,3,0,0,0,0,0,0,0,2,0,0,1
2026,,2026-04-28,823798,away,ARI,MIL,666971,Lourdes Gurriel Jr.,12,LF,4,4,0,0,0,0,0,0,0,2,0,0,2
2026,,2026-04-28,823798,away,ARI,MIL,605244,Aramis Garcia,35,C,1,1,0,0,0,0,0,0,0,0,0,0,1
2026,,2026-04-28,823798,away,ARI,MIL,543510,James McCann,8,P,3,3,0,1,0,0,0,2,0,2,0,1,1
2026,,2026-04-28,823798,away,ARI,MIL,678489,Jorge Barrosa,1,RF,1,1,0,0,0,0,0,0,0,0,0,0,1
2026,,2026-04-28,823798,away,ARI,MIL,677950,Alek Thomas,5,CF,3,3,0,0,0,0,0,0,0,0,0,0,4
2026,,2026-04-28,823798,home,MIL,ARI,675659,Greg Jones,14,RF,0,0,0,0,0,0,0,0,0,0,0,0,0
2026,,2026-04-28,823798,home,MIL,ARI,650859,Luis Rengifo,13,3B,1,1,0,0,0,0,0,0,0,0,0,0,0
2026,,2026-04-28,823798,home,MIL,ARI,687401,Joey Ortiz,3,SS,4,4,1,2,0,0,0,2,0,1,0,2,2
2026,,2026-04-28,823798,home,MIL,ARI,641343,Jake Bauers,9,1B,5,4,1,1,0,0,0,2,1,0,0,1,2
2026,,2026-04-28,823798,home,MIL,ARI,686217,Sal Frelick,10,RF,4,2,3,2,0,0,1,1,1,0,0,5,0
2026,,2026-04-28,823798,home,MIL,ARI,663604,Brandon Lockridge,20,LF,5,4,1,0,0,0,0,0,1,1,0,0,6
2026,,2026-04-28,823798,home,MIL,ARI,672012,Tyler Black,7,DH,5,5,1,3,0,0,0,3,0,0,0,3,2
2026,,2026-04-28,823798,home,MIL,ARI,669003,Garrett Mitchell,5,CF,5,4,1,1,0,0,0,1,1,0,0,1,2
2026,,2026-04-28,823798,home,MIL,ARI,666152,David Hamilton,6,2B,5,5,1,2,1,0,0,2,0,0,0,3,2
2026,,2026-04-28,823798,home,MIL,ARI,663368,Blake Perkins,16,CF,1,1,0,0,0,0,0,0,0,0,0,0,0
2026,,2026-04-28,823798,home,MIL,ARI,661388,William Contreras,24,C,5,4,2,2,0,0,0,2,1,0,0,2,0
2026,,2026-04-28,823798,home,MIL,ARI,668930,Brice Turang,2,2B,4,3,2,2,1,0,0,0,1,0,0,3,0
2026,,2026-04-28,822908,away,NYY,TEX,676609,José Caballero,72,SS,3,3,0,0,0,0,0,0,0,0,1,0,1
2026,,2026-04-28,822908,away,NYY,TEX,592450,Aaron Judge,99,RF,4,4,2,2,0,0,1,1,0,1,0,5,0
2026,,2026-04-28,822908,away,NYY,TEX,641857,Ryan McMahon,19,3B,3,3,0,0,0,0,0,0,0,2,0,0,1
2026,,2026-04-28,822908,away,NYY,TEX,691176,Jasson Domínguez,24,DH,4,4,0,0,0,0,0,0,0,1,0,0,1
2026,,2026-04-28,822908,away,NYY,TEX,669224,Austin Wells,28,C,3,3,1,2,0,0,1,1,0,0,0,5,0
2026,,2026-04-28,822908,away,NYY,TEX,700250,Ben Rice,22,1B,4,4,0,0,0,0,0,0,0,1,0,0,0
2026,,2026-04-28,822908,away,NYY,TEX,641355,Cody Bellinger,35,LF,4,4,0,1,1,0,0,1,0,1,0,2,0
2026,,2026-04-28,822908,away,NYY,TEX,665862,Jazz Chisholm Jr.,13,2B,4,4,0,0,0,0,0,0,0,1,0,0,2
2026,,2026-04-28,822908,away,NYY,TEX,663757,Trent Grisham,12,CF,4,4,0,0,0,0,0,0,0,0,0,0,1
2026,,2026-04-28,822908,home,TEX,NYY,694497,Evan Carter,32,CF,2,2,0,0,0,0,0,0,0,0,0,0,0
2026,,2026-04-28,822908,home,TEX,NYY,669394,Jake Burger,21,1B,4,4,0,0,0,0,0,0,0,2,0,0,4
2026,,2026-04-28,822908,home,TEX,NYY,696030,Alejandro Osuna,19,LF,2,1,0,0,0,0,0,0,1,1,0,0,0
2026,,2026-04-28,822908,home,TEX,NYY,592626,Joc Pederson,3,DH,4,4,0,0,0,0,0,0,0,1,0,0,5
2026,,2026-04-28,822908,home,TEX,NYY,608369,Corey Seager,5,SS,5,4,0,1,1,0,0,0,1,2,0,2,4
2026,,2026-04-28,822908,home,TEX,NYY,673962,Josh Jung,6,3B,5,4,0,2,0,0,0,1,1,1,0,2,1
2026,,2026-04-28,822908,home,TEX,NYY,457705,Andrew McCutchen,4,LF,2,2,1,0,0,0,0,0,0,0,0,0,1
2026,,2026-04-28,822908,home,TEX,NYY,677649,Ezequiel Duran,20,RF,1,1,0,0,0,0,0,0,0,1,0,0,2
2026,,2026-04-28,822908,home,TEX,NYY,607043,Brandon Nimmo,24,CF,5,4,0,2,0,0,0,0,0,1,0,2,2
2026,,2026-04-28,822908,home,TEX,NYY,669701,Josh Smith,8,2B,4,4,0,0,0,0,0,0,0,2,0,0,1
2026,,2026-04-28,822908,home,TEX,NYY,664059,Sam Haggerty,0,CF,1,1,0,1,0,0,0,0,0,0,0,1,0
2026,,2026-04-28,822908,home,TEX,NYY,643376,Danny Jansen,9,C,4,3,1,1,0,1,0,1,1,0,0,3,1
2026,,2026-04-28,825017,away,KCR,ATH,695600,Carter Jensen,22,PH,1,1,0,0,0,0,0,0,0,1,0,0,0
2026,,2026-04-28,825017,away,KCR,ATH,686555,Isaac Collins,1,DH,4,3,0,0,0,0,0,0,1,0,0,0,2
2026,,2026-04-28,825017,away,KCR,ATH,521692,Salvador Perez,13,C,5,5,1,2,0,0,1,1,0,0,0,5,1
2026,,2026-04-28,825017,away,KCR,ATH,679845,Nick Loftin,12,1B,4,4,1,0,0,0,0,0,0,1,0,0,1
2026,,2026-04-28,825017,away,KCR,ATH,686681,Michael Massey,19,2B,2,2,0,0,0,0,0,0,0,0,0,0,0
2026,,2026-04-28,825017,away,KCR,ATH,516782,Starling Marte,0,LF,0,0,0,0,0,0,0,0,0,0,0,0,0
2026,,2026-04-28,825017,away,KCR,ATH,686469,Vinnie Pasquantino,9,1B,3,2,0,1,1,0,0,0,1,0,0,2,0
2026,,2026-04-28,825017,away,KCR,ATH,664728,Kyle Isbel,28,CF,4,3,1,1,0,0,0,0,0,1,0,1,0
2026,,2026-04-28,825017,away,KCR,ATH,672580,Maikel Garcia,11,3B,5,5,0,2,0,1,0,0,0,1,0,4,3
2026,,2026-04-28,825017,away,KCR,ATH,657041,Lane Thomas,15,LF,3,2,0,1,0,0,0,0,1,0,1,1,1
2026,,2026-04-28,825017,away,KCR,ATH,695506,Jac Caglianone,14,RF,4,4,0,0,0,0,0,0,0,3,0,0,1
2026,,2026-04-28,825017,away,KCR,ATH,677951,Bobby Witt Jr.,7,SS,5,5,1,1,0,0,1,3,0,0,1,4,3
2026,,2026-04-28,825017,home,ATH,KCR,671732,Lawrence Butler,4,PH,1,1,0,0,0,0,0,0,0,1,0,0,1
2026,,2026-04-28,825017,home,ATH,KCR,667670,Brent Rooker,25,DH,5,5,0,0,0,0,0,0,0,2,0,0,4
2026,,2026-04-28,825017,home,ATH,KCR,680869,Zack Gelof,20,CF,5,4,1,2,0,0,0,0,1,1,1,2,3
2026,,2026-04-28,825017,home,ATH,KCR,643446,Jeff McNeil,22,2B,4,3,0,0,0,0,0,0,1,0,0,0,4
2026,,2026-04-28,825017,home,ATH,KCR,666126,Carlos Cortes,26,LF,3,1,0,1,0,0,0,0,1,0,0,1,0
2026,,2026-04-28,825017,home,ATH,KCR,691016,Tyler Soderstrom,21,LF,2,2,0,0,0,0,0,0,0,2,0,0,3
2026,,2026-04-28,825017,home,ATH,KCR,687231,Darell Hernaiz,2,3B,5,4,0,0,0,0,0,0,1,0,0,0,5
2026,,2026-04-28,825017,home,ATH,KCR,701762,Nick Kurtz,16,1B,5,4,0,0,0,0,0,0,1,2,0,0,2
2026,,2026-04-28,825017,home,ATH,KCR,687515,Colby Thomas,32,RF,4,3,0,1,0,0,0,0,1,1,0,1,1
2026,,2026-04-28,825017,home,ATH,KCR,669127,Shea Langeliers,23,C,5,5,0,3,1,0,0,0,0,0,0,4,1
2026,,2026-04-28,825017,home,ATH,KCR,805779,Jacob Wilson,5,SS,5,5,0,1,0,0,0,1,0,2,0,1,2
2026,,2026-04-28,823310,away,CHC,SDP,664023,Ian Happ,8,LF,5,3,1,0,0,0,0,0,1,0,0,0,3
2026,,2026-04-28,823310,away,CHC,SDP,608324,Alex Bregman,3,3B,2,2,1,2,0,0,0,1,0,0,0,2,0
2026,,2026-04-28,823310,away,CHC,SDP,683737,Michael Busch,29,1B,5,2,1,0,0,0,0,0,2,2,0,0,2
2026,,2026-04-28,823310,away,CHC,SDP,608348,Carson Kelly,15,C,5,5,1,1,0,0,0,0,0,1,0,1,7
2026,,2026-04-28,823310,away,CHC,SDP,691718,Pete Crow-Armstrong,4,CF,5,4,2,1,0,0,1,3,1,2,0,4,2
2026,,2026-04-28,823310,away,CHC,SDP,694208,Moisés Ballesteros,25,DH,5,4,0,0,0,0,0,0,1,0,0,0,1
2026,,2026-04-28,823310,away,CHC,SDP,670032,Nicky Lopez,5,2B,2,2,1,0,0,0,0,0,0,0,0,0,1
2026,,2026-04-28,823310,away,CHC,SDP,673548,Seiya Suzuki,27,RF,5,4,1,2,0,0,0,0,1,1,0,2,1
2026,,2026-04-28,823310,away,CHC,SDP,621020,Dansby Swanson,7,SS,1,1,0,1,1,0,0,2,0,0,1,2,0
2026,,2026-04-28,823310,away,CHC,SDP,663538,Nico Hoerner,2,SS,5,5,0,1,1,0,0,2,0,0,0,2,0
2026,,2026-04-28,823310,away,CHC,SDP,807713,Matt Shaw,6,2B,4,4,0,0,0,0,0,0,0,1,0,0,3
2026,,2026-04-28,823310,home,SDP,CHC,669134,Luis Campusano,12,C,4,4,0,1,0,0,0,1,0,2,0,1,1
2026,,2026-04-28,823310,home,SDP,CHC,592206,Nick Castellanos,21,PH,1,1,0,0,0,0,0,0,0,0,0,0,0
2026,,2026-04-28,823310,home,SDP,CHC,701538,Jackson Merrill,3,CF,4,4,0,0,0,0,0,0,0,1,0,0,0
2026,,2026-04-28,823310,home,SDP,CHC,657757,Gavin Sheets,30,DH,3,2,0,0,0,0,0,0,0,0,0,0,1
2026,,2026-04-28,823310,home,SDP,CHC,657656,Ramón Laureano,5,LF,4,4,0,1,0,0,0,0,0,2,0,1,1
2026,,2026-04-28,823310,home,SDP,CHC,665487,Fernando Tatis Jr.,23,2B,4,4,0,0,0,0,0,0,0,2,0,0,2
2026,,2026-04-28,823310,home,SDP,CHC,664034,Ty France,25,1B,4,4,1,2,0,0,0,1,0,0,0,2,0
2026,,2026-04-28,823310,home,SDP,CHC,669369,Bryce Johnson,29,RF,4,4,0,1,0,0,0,0,0,1,1,1,2
2026,,2026-04-28,823310,home,SDP,CHC,593428,Xander Bogaerts,2,SS,4,3,2,1,0,0,1,1,1,2,1,4,0
2026,,2026-04-28,823310,home,SDP,CHC,630105,Jake Cronenworth,9,3B,3,3,0,0,0,0,0,0,0,0,0,0,1
2026,,2026-04-28,823956,away,MIA,LAD,666624,Christopher Morel,5,1B,4,3,1,0,0,0,0,0,1,1,0,0,2
2026,,2026-04-28,823956,away,MIA,LAD,665923,Esteury Ruiz,3,RF,0,0,0,0,0,0,0,0,0,0,0,0,0
2026,,2026-04-28,823956,away,MIA,LAD,805300,Jakob Marsee,87,CF,5,4,0,0,0,0,0,0,0,4,0,0,0
2026,,2026-04-28,823956,away,MIA,LAD,691594,Javier Sanoja,8,3B,0,0,0,0,0,0,0,0,0,0,0,0,0
2026,,2026-04-28,823956,away,MIA,LAD,669364,Xavier Edwards,9,2B,4,3,0,1,0,0,0,0,1,0,0,1,2
2026,,2026-04-28,823956,away,MIA,LAD,669065,Kyle Stowers,28,LF,5,5,0,2,0,0,0,1,0,2,0,2,0
2026,,2026-04-28,823956,away,MIA,LAD,688363,Graham Pauley,21,1B,4,4,0,0,0,0,0,0,0,1,0,0,2
2026,,2026-04-28,823956,away,MIA,LAD,683357,Owen Caissie,17,RF,4,3,0,1,0,0,0,1,0,1,0,1,3
2026,,2026-04-28,823956,away,MIA,LAD,682663,Agustín Ramírez,50,C,4,2,1,0,0,0,0,0,1,1,1,0,3
2026,,2026-04-28,823956,away,MIA,LAD,681393,Connor Norby,1,DH,4,4,0,1,0,0,0,0,0,2,2,1,3
2026,,2026-04-28,823956,away,MIA,LAD,672640,Otto Lopez,6,SS,5,5,0,3,1,0,0,0,0,1,0,4,1
2026,,2026-04-28,823956,home,LAD,MIA,669257,Will Smith,16,C,4,4,0,3,0,0,0,1,0,0,0,3,0
2026,,2026-04-28,823956,home,LAD,MIA,687221,Dalton Rushing,68,DH,4,4,1,0,0,0,0,0,0,1,0,0,1
2026,,2026-04-28,823956,home,LAD,MIA,663656,Kyle Tucker,23,RF,4,3,0,1,0,0,0,0,1,1,0,1,3
2026,,2026-04-28,823956,home,LAD,MIA,571970,Max Muncy,13,3B,4,4,0,0,0,0,0,0,0,0,0,0,6
2026,,2026-04-28,823956,home,LAD,MIA,518692,Freddie Freeman,5,1B,4,4,0,1,0,0,0,0,0,0,0,1,1
2026,,2026-04-28,823956,home,LAD,MIA,808975,Hyeseong Kim,6,SS,4,4,0,0,0,0,0,0,0,0,0,0,1
2026,,2026-04-28,823956,home,LAD,MIA,606192,Teoscar Hernández,37,LF,4,4,0,0,0,0,0,0,0,0,0,0,3
2026,,2026-04-28,823956,home,LAD,MIA,681624,Andy Pages,44,CF,4,4,0,1,0,0,0,0,0,1,0,1,0
2026,,2026-04-28,823956,home,LAD,MIA,690976,Alex Freeland,76,2B,4,4,0,1,0,0,0,0,0,1,0,1,1
2026,,2026-04-29,824445,away,TBR,CLE,670764,Taylor Walls,6,SS,3,3,0,0,0,0,0,0,0,3,0,0,1
2026,,2026-04-29,824445,away,TBR,CLE,680700,Richie Palacios,1,3B,4,4,0,0,0,0,0,0,0,2,0,0,2
2026,,2026-04-29,824445,away,TBR,CLE,641584,Jake Fraley,17,RF,4,4,0,1,0,0,0,0,0,1,0,1,1
2026,,2026-04-29,824445,away,TBR,CLE,802415,Chandler Simpson,14,LF,4,4,0,2,0,0,0,0,0,0,1,2,0
2026,,2026-04-29,824445,away,TBR,CLE,676439,Hunter Feduccia,9,C,3,2,0,0,0,0,0,0,0,1,0,0,0
2026,,2026-04-29,824445,away,TBR,CLE,666018,Jonathan Aranda,8,1B,4,4,0,0,0,0,0,0,0,3,0,0,2
2026,,2026-04-29,824445,away,TBR,CLE,650490,Yandy Díaz,2,DH,4,4,1,2,0,0,0,0,0,0,0,2,0
2026,,2026-04-29,824445,away,TBR,CLE,810938,Ben Williamson,15,2B,0,0,0,0,0,0,0,0,0,0,1,0,0
2026,,2026-04-29,824445,away,TBR,CLE,691406,Junior Caminero,13,3B,4,4,0,1,0,0,0,0,0,2,0,1,2
2026,,2026-04-29,824445,away,TBR,CLE,656775,Cedric Mullins,31,CF,4,4,0,0,0,0,0,0,0,0,0,0,2
2026,,2026-04-29,824445,home,CLE,TBR,800050,Chase DeLauter,24,RF,4,3,0,2,0,0,0,2,1,0,0,2,2
2026,,2026-04-29,824445,home,CLE,TBR,683953,Travis Bazzana,37,2B,4,4,0,0,0,0,0,0,0,0,0,0,1
2026,,2026-04-29,824445,home,CLE,TBR,682177,Daniel Schneemann,10,3B,4,4,0,2,0,0,0,0,0,1,1,2,3
2026,,2026-04-29,824445,home,CLE,TBR,677587,Brayan Rocchio,4,SS,4,4,2,3,0,0,0,0,0,0,1,3,0
2026,,2026-04-29,824445,home,CLE,TBR,666310,Bo Naylor,23,C,4,4,0,0,0,0,0,0,0,1,0,0,1
2026,,2026-04-29,824445,home,CLE,TBR,608070,José Ramírez,11,DH,4,4,0,1,1,0,0,0,0,1,1,2,4
2026,,2026-04-29,824445,home,CLE,TBR,680757,Steven Kwan,38,CF,5,4,1,1,1,0,0,0,1,0,0,2,2
2026,,2026-04-29,824445,home,CLE,TBR,682657,Angel Martínez,1,LF,4,4,0,0,0,0,0,0,0,1,0,0,4
2026,,2026-04-29,824445,home,CLE,TBR,700932,Kyle Manzardo,9,1B,4,3,0,0,0,0,0,1,0,3,0,0,3
2026,,2026-04-29,824608,away,LAA,CHW,624428,Adam Frazier,20,2B,3,3,0,1,1,0,0,0,0,0,0,2,0
2026,,2026-04-29,824608,away,LAA,CHW,672724,Oswald Peraza,2,3B,1,1,0,1,0,0,0,0,0,0,0,1,0
2026,,2026-04-29,824608,away,LAA,CHW,687263,Zach Neto,9,SS,4,4,0,0,0,0,0,0,0,2,0,0,1
2026,,2026-04-29,824608,away,LAA,CHW,624585,Jorge Soler,12,RF,4,4,0,1,0,0,0,0,0,0,0,1,1
2026,,2026-04-29,824608,away,LAA,CHW,660162,Yoán Moncada,10,3B,3,3,0,0,0,0,0,0,0,1,0,0,0
2026,,2026-04-29,824608,away,LAA,CHW,518595,Travis d'Arnaud,25,C,3,3,0,0,0,0,0,0,0,0,0,0,0
2026,,2026-04-29,824608,away,LAA,CHW,545361,Mike Trout,27,DH,4,4,1,1,0,0,1,1,0,3,0,4,0
2026,,2026-04-29,824608,away,LAA,CHW,666176,Jo Adell,7,RF,4,4,0,1,0,0,0,0,0,1,0,1,0
2026,,2026-04-29,824608,away,LAA,CHW,687093,Vaughn Grissom,5,1B,4,4,1,1,0,0,1,1,0,0,0,4,3
2026,,2026-04-29,824608,away,LAA,CHW,694384,Nolan Schanuel,18,PH,1,1,0,0,0,0,0,0,0,0,0,0,1
2026,,2026-04-29,824608,away,LAA,CHW,666139,Josh Lowe,3,LF,4,4,0,0,0,0,0,0,0,2,0,0,3
2026,,2026-04-29,824608,away,LAA,CHW,665861,Sebastián Rivero,38,C,0,0,0,0,0,0,0,0,0,0,0,0,0
2026,,2026-04-29,824608,away,LAA,CHW,669326,Bryce Teodosio,22,CF,0,0,0,0,0,0,0,0,0,0,0,0,0
2026,,2026-04-29,824608,home,CHW,LAA,671976,Tristan Peters,29,CF,1,0,1,0,0,0,0,0,0,0,1,0,0
2026,,2026-04-29,824608,home,CHW,LAA,682668,Luisangel Acuña,0,CF,2,2,0,0,0,0,0,0,0,1,0,0,1
2026,,2026-04-29,824608,home,CHW,LAA,808959,Munetaka Murakami,5,1B,5,2,0,0,0,0,0,0,3,1,0,0,1
2026,,2026-04-29,824608,home,CHW,LAA,805367,Chase Meidroth,10,2B,5,4,1,1,1,0,0,0,1,0,0,2,3
2026,,2026-04-29,824608,home,CHW,LAA,695657,Colson Montgomery,12,SS,5,5,0,1,0,0,0,1,0,1,0,1,4
2026,,2026-04-29,824608,home,CHW,LAA,669720,Austin Hays,21,DH,5,5,0,2,0,0,0,0,0,1,0,2,5
2026,,2026-04-29,824608,home,CHW,LAA,700337,Edgar Quero,26,C,4,4,0,0,0,0,0,0,0,1,0,0,1
2026,,2026-04-29,824608,home,CHW,LAA,643217,Andrew Benintendi,23,PH,1,1,0,0,0,0,0,0,0,0,0,0,0
2026,,2026-04-29,824608,home,CHW,LAA,672284,Jarred Kelenic,24,RF,2,1,0,0,0,0,0,0,1,1,0,0,1
2026,,2026-04-29,824608,home,CHW,LAA,803011,Sam Antonacci,17,LF,4,3,0,1,0,1,0,1,1,0,0,3,1
2026,,2026-04-29,824608,home,CHW,LAA,656537,Derek Hill,25,RF,2,2,0,1,0,0,0,0,0,1,0,1,0
2026,,2026-04-29,824608,home,CHW,LAA,678246,Miguel Vargas,20,3B,5,4,1,1,0,0,0,1,1,1,0,1,3
2026,,2026-04-29,823717,away,SEA,MIN,647304,Josh Naylor,12,1B,4,4,0,0,0,0,0,0,0,1,0,0,4
2026,,2026-04-29,823717,away,SEA,MIN,702284,Cole Young,2,2B,4,4,1,2,1,0,0,3,0,0,1,3,0
2026,,2026-04-29,823717,away,SEA,MIN,669717,Will Wilson,7,3B,4,3,0,0,0,0,0,0,1,1,0,0,1
2026,,2026-04-29,823717,away,SEA,MIN,641487,J.P. Crawford,3,SS,5,3,1,2,0,0,1,1,2,0,0,5,0
2026,,2026-04-29,823717,away,SEA,MIN,668227,Randy Arozarena,56,LF,4,3,1,0,0,0,0,0,1,1,0,0,1
2026,,2026-04-29,823717,away,SEA,MIN,686527,Dominic Canzone,8,DH,4,4,1,2,1,0,0,0,0,2,0,3,0
2026,,2026-04-29,823717,away,SEA,MIN,663728,Cal Raleigh,29,C,5,3,0,0,0,0,0,1,1,1,0,0,2
2026,,2026-04-29,823717,away,SEA,MIN,677594,Julio Rodríguez,44,CF,5,5,0,1,0,0,0,0,0,1,0,1,5
2026,,2026-04-29,823717,away,SEA,MIN,660844,Leo Rivas,76,DH,0,0,1,0,0,0,0,0,0,0,1,0,0
2026,,2026-04-29,823717,away,SEA,MIN,670042,Luke Raley,20,RF,4,4,0,0,0,0,0,0,0,3,0,0,2
2026,,2026-04-29,823717,home,MIN,SEA,605170,Victor Caratini,37,C,1,1,0,1,0,0,0,1,0,0,0,1,0
2026,,2026-04-29,823717,home,MIN,SEA,665019,Kody Clemens,2,1B,4,3,1,2,1,0,0,0,1,1,0,3,1
2026,,2026-04-29,823717,home,MIN,SEA,686797,Brooks Lee,22,SS,4,4,0,2,0,0,0,2,0,1,1,2,3
2026,,2026-04-29,823717,home,MIN,SEA,668885,Austin Martin,16,LF,2,2,0,0,0,0,0,0,0,0,0,0,1
2026,,2026-04-29,823717,home,MIN,SEA,605137,Josh Bell,56,DH,5,5,0,0,0,0,0,0,0,2,0,0,3
2026,,2026-04-29,823717,home,MIN,SEA,680777,Ryan Jeffers,27,C,4,4,1,2,0,0,0,0,0,1,0,2,1
2026,,2026-04-29,823717,home,MIN,SEA,681546,James Outman,30,RF,1,1,1,0,0,0,0,0,0,1,1,0,0
2026,,2026-04-29,823717,home,MIN,SEA,668904,Royce Lewis,23,3B,4,3,0,1,0,0,0,0,1,0,0,1,2
2026,,2026-04-29,823717,home,MIN,SEA,663616,Trevor Larnach,9,LF,3,3,0,2,0,0,0,0,0,0,0,2,1
2026,,2026-04-29,823717,home,MIN,SEA,621439,Byron Buxton,25,CF,5,5,0,1,0,0,0,0,0,1,0,1,4
2026,,2026-04-29,823717,home,MIN,SEA,670242,Matt Wallner,38,RF,3,2,0,0,0,0,0,0,1,2,0,0,4
2026,,2026-04-29,823717,home,MIN,SEA,807712,Luke Keaschall,15,2B,4,4,0,1,0,0,0,0,0,1,0,1,3
2026,,2026-04-29,822907,away,NYY,TEX,676609,José Caballero,72,SS,3,3,0,1,0,0,0,0,0,1,0,1,0
2026,,2026-04-29,822907,away,NYY,TEX,680474,Max Schuemann,30,LF,2,1,0,0,0,0,0,0,1,0,0,0,0
2026,,2026-04-29,822907,away,NYY,TEX,592450,Aaron Judge,99,DH,4,4,0,0,0,0,0,0,0,2,0,0,3
2026,,2026-04-29,822907,away,NYY,TEX,641857,Ryan McMahon,19,3B,3,3,0,0,0,0,0,0,0,1,0,0,2
2026,,2026-04-29,822907,away,NYY,TEX,691176,Jasson Domínguez,24,LF,2,1,0,0,0,0,0,0,0,0,0,0,0
2026,,2026-04-29,822907,away,NYY,TEX,700250,Ben Rice,22,1B,4,4,0,3,0,0,0,0,0,0,0,3,0
2026,,2026-04-29,822907,away,NYY,TEX,641555,J.C. Escarra,25,C,3,3,0,0,0,0,0,0,0,1,0,0,4
2026,,2026-04-29,822907,away,NYY,TEX,641355,Cody Bellinger,35,RF,4,4,0,1,0,0,0,0,0,1,0,1,2
2026,,2026-04-29,822907,away,NYY,TEX,665862,Jazz Chisholm Jr.,13,2B,4,4,0,0,0,0,0,0,0,1,0,0,1
2026,,2026-04-29,822907,away,NYY,TEX,663757,Trent Grisham,12,CF,4,4,0,0,0,0,0,0,0,1,0,0,1
2026,,2026-04-29,822907,home,TEX,NYY,694497,Evan Carter,32,CF,4,4,0,0,0,0,0,0,0,1,0,0,1
2026,,2026-04-29,822907,home,TEX,NYY,669394,Jake Burger,21,1B,4,4,0,0,0,0,0,0,0,1,0,0,3
2026,,2026-04-29,822907,home,TEX,NYY,696030,Alejandro Osuna,19,RF,3,1,1,0,0,0,0,0,1,0,0,0,0
2026,,2026-04-29,822907,home,TEX,NYY,592626,Joc Pederson,3,DH,4,4,0,1,0,0,0,0,0,0,0,1,3
2026,,2026-04-29,822907,home,TEX,NYY,608369,Corey Seager,5,SS,4,3,0,0,0,0,0,0,1,1,0,0,3
2026,,2026-04-29,822907,home,TEX,NYY,673962,Josh Jung,6,3B,4,4,0,1,0,0,0,2,0,1,0,1,2
2026,,2026-04-29,822907,home,TEX,NYY,543309,Kyle Higashioka,11,C,4,4,0,1,0,0,0,0,0,2,0,1,1
2026,,2026-04-29,822907,home,TEX,NYY,677649,Ezequiel Duran,20,2B,3,2,2,2,1,0,0,0,1,0,0,3,0
2026,,2026-04-29,822907,home,TEX,NYY,607043,Brandon Nimmo,24,RF,3,2,0,1,0,0,0,0,1,0,0,1,3
2026,,2026-04-29,822907,home,TEX,NYY,664059,Sam Haggerty,0,LF,1,1,0,1,0,0,0,1,0,0,0,1,0
2026,,2026-04-29,822821,away,BOS,TOR,701350,Roman Anthony,19,LF,5,5,0,1,0,0,0,0,0,2,0,1,1
2026,,2026-04-29,822821,away,BOS,TOR,575929,Willson Contreras,40,1B,4,4,1,2,0,0,1,1,0,0,0,5,3
2026,,2026-04-29,822821,away,BOS,TOR,657136,Connor Wong,12,C,4,4,0,0,0,0,0,0,0,0,0,0,3
2026,,2026-04-29,822821,away,BOS,TOR,596115,Trevor Story,10,SS,4,3,0,1,1,0,0,0,1,0,0,2,2
2026,,2026-04-29,822821,away,BOS,TOR,677800,Wilyer Abreu,52,RF,4,3,0,2,0,0,0,0,1,0,1,2,0
2026,,2026-04-29,822821,away,BOS,TOR,655316,Andruw Monasterio,32,DH,3,3,0,0,0,0,0,0,0,0,0,0,2
2026,,2026-04-29,822821,away,BOS,TOR,643396,Isiah Kiner-Falefa,2,2B,2,2,0,1,0,0,0,0,0,0,0,1,0
2026,,2026-04-29,822821,away,BOS,TOR,702332,Caleb Durbin,5,3B,4,4,0,1,0,0,0,0,0,1,0,1,1
2026,,2026-04-29,822821,away,BOS,TOR,680776,Jarren Duran,16,DH,1,1,0,0,0,0,0,0,0,1,0,0,3
2026,,2026-04-29,822821,away,BOS,TOR,678882,Ceddanne Rafaela,3,CF,4,4,0,0,0,0,0,0,0,2,0,0,4
2026,,2026-04-29,822821,away,BOS,TOR,691785,Marcelo Mayer,11,2B,2,2,0,1,0,0,0,0,0,0,0,1,0
2026,,2026-04-29,822821,home,TOR,BOS,676391,Ernie Clement,22,2B,5,5,1,1,0,0,1,2,0,0,0,4,1
2026,,2026-04-29,822821,home,TOR,BOS,662139,Daulton Varsho,5,CF,4,2,1,0,0,0,0,0,1,0,0,0,1
2026,,2026-04-29,822821,home,TOR,BOS,665926,Andrés Giménez,0,SS,4,4,0,0,0,0,0,0,0,1,0,0,1
2026,,2026-04-29,822821,home,TOR,BOS,678218,Brandon Valenzuela,59,C,4,3,3,2,0,0,1,1,1,0,0,5,0
2026,,2026-04-29,822821,home,TOR,BOS,682818,Yohendrick Pinango,24,DH,2,2,0,1,0,0,0,1,0,0,0,1,0
2026,,2026-04-29,822821,home,TOR,BOS,543807,George Springer,4,DH,2,2,0,1,0,0,0,1,0,0,0,1,1
2026,,2026-04-29,822821,home,TOR,BOS,665489,Vladimir Guerrero Jr.,27,1B,4,3,2,3,0,0,0,0,1,0,0,3,0
2026,,2026-04-29,822821,home,TOR,BOS,660821,Jesús Sánchez,12,RF,4,4,1,1,0,0,0,0,0,0,0,1,0
2026,,2026-04-29,822821,home,TOR,BOS,664702,Myles Straw,3,LF,4,3,0,0,0,0,0,1,0,0,0,0,0
2026,,2026-04-29,822821,home,TOR,BOS,672960,Kazuma Okamoto,7,3B,4,4,0,1,0,0,0,2,0,2,0,1,3
2026,,2026-04-29,823958,away,MIA,LAD,665923,Esteury Ruiz,3,RF,4,4,1,2,0,0,1,1,0,1,1,5,0
2026,,2026-04-29,823958,away,MIA,LAD,805300,Jakob Marsee,87,CF,5,4,0,0,0,0,0,0,1,3,0,0,1
2026,,2026-04-29,823958,away,MIA,LAD,691594,Javier Sanoja,8,LF,2,2,0,1,0,0,0,1,0,0,0,1,2
2026,,2026-04-29,823958,away,MIA,LAD,669364,Xavier Edwards,9,2B,4,4,1,1,0,0,0,0,0,0,0,1,2
2026,,2026-04-29,823958,away,MIA,LAD,669065,Kyle Stowers,28,DH,5,3,0,0,0,0,0,0,2,2,0,0,1
2026,,2026-04-29,823958,away,MIA,LAD,688363,Graham Pauley,21,3B,4,3,0,0,0,0,0,0,1,1,0,0,1
2026,,2026-04-29,823958,away,MIA,LAD,689414,Liam Hicks,34,C,4,2,1,1,0,0,1,1,2,0,0,4,1
2026,,2026-04-29,823958,away,MIA,LAD,683357,Owen Caissie,17,RF,2,2,0,0,0,0,0,0,0,1,0,0,0
2026,,2026-04-29,823958,away,MIA,LAD,681393,Connor Norby,1,1B,4,3,0,0,0,0,0,0,1,3,0,0,4
2026,,2026-04-29,823958,away,MIA,LAD,672640,Otto Lopez,6,SS,4,4,0,1,0,0,0,0,0,2,1,1,3
2026,,2026-04-29,823958,home,LAD,MIA,669257,Will Smith,16,C,1,1,0,0,0,0,0,0,0,0,0,0,0
2026,,2026-04-29,823958,home,LAD,MIA,687221,Dalton Rushing,68,C,3,3,0,1,0,0,0,1,0,1,0,1,1
2026,,2026-04-29,823958,home,LAD,MIA,663656,Kyle Tucker,23,RF,4,3,1,1,1,0,0,0,1,1,0,2,1
2026,,2026-04-29,823958,home,LAD,MIA,571970,Max Muncy,13,3B,3,3,1,1,1,0,0,0,0,0,0,2,3
2026,,2026-04-29,823958,home,LAD,MIA,518692,Freddie Freeman,5,1B,5,5,0,0,0,0,0,0,0,0,0,0,6
2026,,2026-04-29,823958,home,LAD,MIA,808975,Hyeseong Kim,6,SS,4,3,0,1,0,0,0,0,1,0,0,1,1
2026,,2026-04-29,823958,home,LAD,MIA,660271,Shohei Ohtani,17,DH,5,2,0,0,0,0,0,0,3,1,1,0,1
2026,,2026-04-29,823958,home,LAD,MIA,681624,Andy Pages,44,CF,4,4,0,1,0,0,0,0,0,2,0,1,2
2026,,2026-04-29,823958,home,LAD,MIA,669743,Alex Call,12,LF,4,3,0,1,0,0,0,1,1,1,0,1,2
2026,,2026-04-29,823958,home,LAD,MIA,500743,Miguel Rojas,72,3B,1,1,0,0,0,0,0,0,0,0,0,0,0
2026,,2026-04-29,823958,home,LAD,MIA,690976,Alex Freeland,76,2B,4,3,0,1,0,0,0,0,0,0,0,1,3
2026,,2026-04-29,823312,away,CHC,SDP,624424,Michael Conforto,20,RF,4,4,2,1,1,0,0,0,0,0,0,2,1
2026,,2026-04-29,823312,away,CHC,SDP,664023,Ian Happ,8,LF,5,4,0,1,1,0,0,0,1,2,0,2,2
2026,,2026-04-29,823312,away,CHC,SDP,608324,Alex Bregman,3,3B,5,3,0,1,0,0,0,0,2,0,0,1,1
2026,,2026-04-29,823312,away,CHC,SDP,683737,Michael Busch,29,1B,5,4,0,0,0,0,0,0,1,0,0,0,6
2026,,2026-04-29,823312,away,CHC,SDP,691718,Pete Crow-Armstrong,4,CF,4,4,1,1,0,0,1,3,0,1,0,4,2
2026,,2026-04-29,823312,away,CHC,SDP,665804,Miguel Amaya,9,C,4,3,0,1,0,0,0,1,1,0,0,1,1
2026,,2026-04-29,823312,away,CHC,SDP,694208,Moisés Ballesteros,25,DH,5,5,0,0,0,0,0,0,0,0,0,0,2
2026,,2026-04-29,823312,away,CHC,SDP,663538,Nico Hoerner,2,SS,5,4,0,1,0,0,0,0,0,0,0,1,2
2026,,2026-04-29,823312,away,CHC,SDP,807713,Matt Shaw,6,2B,4,4,2,3,1,0,1,1,0,0,0,7,1
2026,,2026-04-29,823312,home,SDP,CHC,669134,Luis Campusano,12,C,3,2,0,0,0,0,0,0,1,2,0,0,0
2026,,2026-04-29,823312,home,SDP,CHC,666023,Freddy Fermin,54,C,0,0,0,0,0,0,0,0,0,0,0,0,0
2026,,2026-04-29,823312,home,SDP,CHC,592206,Nick Castellanos,21,LF,3,2,2,1,0,0,1,2,1,1,0,4,0
2026,,2026-04-29,823312,home,SDP,CHC,701538,Jackson Merrill,3,CF,4,3,0,0,0,0,0,0,1,0,0,0,0
2026,,2026-04-29,823312,home,SDP,CHC,657757,Gavin Sheets,30,PH,0,0,0,0,0,0,0,0,0,0,0,0,0
2026,,2026-04-29,823312,home,SDP,CHC,657656,Ramón Laureano,5,PH,1,1,0,0,0,0,0,0,0,1,0,0,0
2026,,2026-04-29,823312,home,SDP,CHC,592518,Manny Machado,13,DH,4,4,0,0,0,0,0,0,0,2,0,0,3
2026,,2026-04-29,823312,home,SDP,CHC,609280,Miguel Andujar,41,3B,3,3,1,1,0,0,1,1,0,0,0,4,0
2026,,2026-04-29,823312,home,SDP,CHC,665487,Fernando Tatis Jr.,23,RF,4,3,0,1,0,0,0,1,0,0,1,1,0
2026,,2026-04-29,823312,home,SDP,CHC,664034,Ty France,25,1B,4,4,0,0,0,0,0,0,0,0,0,0,0
2026,,2026-04-29,823312,home,SDP,CHC,669369,Bryce Johnson,29,LF,0,0,0,0,0,0,0,0,0,0,0,0,0
2026,,2026-04-29,823312,home,SDP,CHC,593428,Xander Bogaerts,2,SS,4,4,0,0,0,0,0,0,0,1,0,0,1
2026,,2026-04-29,823312,home,SDP,CHC,630105,Jake Cronenworth,9,2B,3,2,1,0,0,0,0,0,1,1,0,0,0
2026,,2026-04-29,824525,away,COL,CIN,666160,Mickey Moniak,22,RF,5,3,1,1,1,0,0,1,1,2,0,2,1
2026,,2026-04-29,824525,away,COL,CIN,650489,Willi Castro,3,2B,5,4,2,2,1,0,0,1,1,1,0,3,1
2026,,2026-04-29,824525,away,COL,CIN,696100,Hunter Goodman,15,DH,5,4,4,3,0,0,2,3,1,0,0,9,2
2026,,2026-04-29,824525,away,COL,CIN,687597,Jordan Beck,27,LF,6,6,0,0,0,0,0,1,0,2,0,0,4
2026,,2026-04-29,824525,away,COL,CIN,664954,Brett Sullivan,26,C,5,4,1,3,2,0,0,3,1,0,0,5,2
2026,,2026-04-29,824525,away,COL,CIN,686668,Brenton Doyle,9,CF,6,5,2,2,1,0,0,1,1,2,0,3,2
2026,,2026-04-29,824525,away,COL,CIN,678662,Ezequiel Tovar,14,SS,5,4,1,1,0,0,0,2,1,1,0,1,1
2026,,2026-04-29,824525,away,COL,CIN,681198,TJ Rumfield,7,1B,6,6,1,2,1,0,0,0,0,0,0,3,3
2026,,2026-04-29,824525,away,COL,CIN,691720,Kyle Karros,12,3B,5,4,1,1,0,0,0,1,0,3,0,1,4
2026,,2026-04-29,824525,home,CIN,COL,682829,Elly De La Cruz,44,SS,4,3,0,0,0,0,0,0,1,1,0,0,2
2026,,2026-04-29,824525,home,CIN,COL,701398,Sal Stewart,27,1B,4,4,0,1,0,0,0,0,0,1,0,1,3
2026,,2026-04-29,824525,home,CIN,COL,663993,Nathaniel Lowe,31,DH,3,2,0,0,0,0,0,0,1,0,0,0,1
2026,,2026-04-29,824525,home,CIN,COL,680574,Matt McLain,9,2B,5,5,0,2,0,0,0,0,0,2,1,2,3
2026,,2026-04-29,824525,home,CIN,COL,663647,Ke'Bryan Hayes,3,3B,4,4,0,1,0,0,0,0,0,0,0,1,3
2026,,2026-04-29,824525,home,CIN,COL,666181,Will Benson,30,PH,1,1,1,1,0,0,1,2,0,0,0,4,0
2026,,2026-04-29,824525,home,CIN,COL,670770,TJ Friedl,29,CF,5,5,0,1,0,0,0,0,0,2,0,1,2
2026,,2026-04-29,824525,home,CIN,COL,668715,Spencer Steer,7,RF,3,2,0,1,0,0,0,0,1,1,0,1,0
2026,,2026-04-29,824525,home,CIN,COL,624431,Jose Trevino,35,P,3,3,0,1,0,0,0,0,0,0,0,1,2
2026,,2026-04-29,824525,home,CIN,COL,663886,Tyler Stephenson,37,C,1,1,1,1,1,0,0,0,0,0,0,2,0
2026,,2026-04-29,824525,home,CIN,COL,668709,JJ Bleday,22,LF,4,4,0,1,0,0,0,0,0,1,0,1,3
2026,,2026-04-29,824525,home,CIN,COL,677956,Rece Hinds,57,PH,1,1,0,0,0,0,0,0,0,1,0,0,1
2026,,2026-04-29,823392,away,STL,PIT,669357,Nolan Gorman,16,DH,4,3,0,0,0,0,0,0,1,1,0,0,1
2026,,2026-04-29,823392,away,STL,PIT,691023,Jordan Walker,18,RF,5,5,0,1,0,0,0,1,0,2,0,1,4
2026,,2026-04-29,823392,away,STL,PIT,701675,Nathan Church,27,LF,4,4,0,0,0,0,0,0,0,2,0,0,3
2026,,2026-04-29,823392,away,STL,PIT,687363,Victor Scott II,11,CF,4,3,1,0,0,0,0,0,0,2,2,0,1
2026,,2026-04-29,823392,away,STL,PIT,802139,JJ Wetherholt,26,2B,5,5,0,2,2,0,0,1,0,2,0,4,1
2026,,2026-04-29,823392,away,STL,PIT,676475,Alec Burleson,41,1B,5,4,1,1,0,0,1,2,1,0,0,4,3
2026,,2026-04-29,823392,away,STL,PIT,602104,Ramón Urías,29,3B,4,3,1,0,0,0,0,0,1,1,0,0,2
2026,,2026-04-29,823392,away,STL,PIT,691026,Masyn Winn,0,SS,4,2,0,0,0,0,0,0,2,0,1,0,1
2026,,2026-04-29,823392,away,STL,PIT,671056,Iván Herrera,48,C,5,4,2,2,1,0,0,1,1,1,0,3,1
2026,,2026-04-29,823392,home,PIT,STL,694377,Nick Yorke,38,3B,2,2,0,1,0,0,0,2,0,0,0,1,2
2026,,2026-04-29,823392,home,PIT,STL,687462,Spencer Horwitz,2,1B,4,3,1,1,0,0,1,1,1,0,0,4,0
2026,,2026-04-29,823392,home,PIT,STL,664040,Brandon Lowe,5,2B,3,3,0,1,1,0,0,0,0,1,0,2,2
2026,,2026-04-29,823392,home,PIT,STL,668804,Bryan Reynolds,10,RF,5,4,0,0,0,0,0,0,1,2,0,0,1
2026,,2026-04-29,823392,home,PIT,STL,663698,Joey Bart,14,C,3,3,1,2,0,0,0,0,0,0,0,2,1
2026,,2026-04-29,823392,home,PIT,STL,665833,Oneil Cruz,15,CF,5,4,0,0,0,0,0,1,1,1,0,0,4
2026,,2026-04-29,823392,home,PIT,STL,663968,Jake Mangum,28,PH,1,1,0,0,0,0,0,0,0,0,0,0,2
2026,,2026-04-29,823392,home,PIT,STL,695257,Billy Cook,25,LF,0,0,0,0,0,0,0,0,0,0,0,0,0
2026,,2026-04-29,823392,home,PIT,STL,680779,Henry Davis,32,C,0,0,0,0,0,0,0,0,0,0,0,0,0
2026,,2026-04-29,823392,home,PIT,STL,804606,Konnor Griffin,6,SS,4,3,1,1,0,0,0,0,1,1,1,1,2
2026,,2026-04-29,823392,home,PIT,STL,656811,Ryan O'Hearn,29,1B,5,5,0,1,0,0,0,0,0,1,0,1,4
2026,,2026-04-29,823392,home,PIT,STL,542303,Marcell Ozuna,24,DH,5,5,0,1,0,0,0,0,0,1,0,1,5
2026,,2026-04-29,823392,home,PIT,STL,693304,Nick Gonzales,3,2B,5,5,1,1,0,0,0,0,0,2,0,1,3
2026,,2026-04-29,823633,away,WSN,NYM,691781,Brady House,12,3B,6,5,1,1,0,0,1,4,1,2,0,4,4
2026,,2026-04-29,823633,away,WSN,NYM,682928,CJ Abrams,5,SS,5,4,0,3,1,0,0,2,1,1,0,4,0
2026,,2026-04-29,823633,away,WSN,NYM,683083,Nasim Nuñez,26,SS,5,3,2,1,0,0,0,0,2,1,0,1,0
2026,,2026-04-29,823633,away,WSN,NYM,686894,Joey Wiemer,21,RF,5,5,2,2,1,0,0,1,0,2,0,3,0
2026,,2026-04-29,823633,away,WSN,NYM,678554,Curtis Mead,45,1B,6,5,4,4,1,0,1,2,0,0,0,8,0
2026,,2026-04-29,823633,away,WSN,NYM,677588,José Tena,8,2B,1,1,0,0,0,0,0,0,0,0,0,0,0
2026,,2026-04-29,823633,away,WSN,NYM,695734,Daylen Lile,4,LF,5,5,1,1,0,0,0,0,0,4,0,1,6
2026,,2026-04-29,823633,away,WSN,NYM,695578,James Wood,29,DH,6,5,3,2,1,0,0,3,1,2,0,3,0
2026,,2026-04-29,823633,away,WSN,NYM,696285,Jacob Young,30,CF,5,4,1,1,0,0,0,2,1,1,0,1,4
2026,,2026-04-29,823633,away,WSN,NYM,660688,Keibert Ruiz,20,C,5,5,0,0,0,0,0,0,0,2,0,0,6
2026,,2026-04-29,823633,home,NYM,WSN,620443,Luis Torrens,13,1B,1,1,0,0,0,0,0,0,0,0,0,0,2
2026,,2026-04-29,823633,home,NYM,WSN,666182,Bo Bichette,19,3B,5,5,1,1,0,0,0,0,0,0,0,1,0
2026,,2026-04-29,823633,home,NYM,WSN,621438,Tyrone Taylor,28,CF,4,4,0,2,0,0,0,0,0,1,0,2,3
2026,,2026-04-29,823633,home,NYM,WSN,682626,Francisco Alvarez,4,C,4,4,0,0,0,0,0,0,0,3,0,0,4
2026,,2026-04-29,823633,home,NYM,WSN,683146,Brett Baty,7,2B,4,3,0,1,0,0,0,0,1,1,0,1,1
2026,,2026-04-29,823633,home,NYM,WSN,701807,Carson Benge,3,RF,4,4,0,0,0,0,0,0,0,2,0,0,3
2026,,2026-04-29,823633,home,NYM,WSN,543760,Marcus Semien,10,2B,3,3,0,2,0,0,0,0,0,1,0,2,0
2026,,2026-04-29,823633,home,NYM,WSN,669004,MJ Melendez,1,LF,3,2,0,1,0,0,0,1,1,1,0,1,0
2026,,2026-04-29,823633,home,NYM,WSN,665742,Juan Soto,22,DH,5,5,1,3,1,0,1,1,0,0,0,7,0
2026,,2026-04-29,823633,home,NYM,WSN,677595,Ronny Mauricio,0,SS,4,4,0,0,0,0,0,0,0,3,0,0,3
2026,,2026-04-29,823633,home,NYM,WSN,596103,Austin Slater,40,LF,1,1,0,0,0,0,0,0,0,0,0,0,0
2026,,2026-04-29,824930,away,DET,ATL,690291,Jace Jung,17,DH,2,1,1,0,0,0,0,0,1,0,0,0,1
2026,,2026-04-29,824930,away,DET,ATL,663330,Jahmai Jones,18,DH,2,2,0,0,0,0,0,0,0,1,0,0,1
2026,,2026-04-29,824930,away,DET,ATL,682985,Riley Greene,31,LF,4,4,1,1,0,0,1,1,0,2,0,4,2
2026,,2026-04-29,824930,away,DET,ATL,805808,Kevin McGonigle,7,SS,4,4,0,2,0,0,0,1,0,1,0,2,0
2026,,2026-04-29,824930,away,DET,ATL,681481,Kerry Carpenter,30,RF,4,3,0,0,0,0,0,0,1,1,0,0,0
2026,,2026-04-29,824930,away,DET,ATL,679529,Spencer Torkelson,20,1B,4,4,0,0,0,0,0,0,0,1,0,0,1
2026,,2026-04-29,824930,away,DET,ATL,650402,Gleyber Torres,25,2B,4,3,0,0,0,0,0,0,1,0,0,0,3
2026,,2026-04-29,824930,away,DET,ATL,663837,Matt Vierling,8,CF,0,0,0,0,0,0,0,0,0,0,0,0,0
2026,,2026-04-29,824930,away,DET,ATL,693307,Dillon Dingler,13,C,4,4,0,0,0,0,0,0,0,2,0,0,2
2026,,2026-04-29,824930,away,DET,ATL,690993,Colt Keith,33,3B,4,4,0,1,0,0,0,0,0,1,0,1,0
2026,,2026-04-29,824930,away,DET,ATL,672761,Wenceel Pérez,46,RF,4,3,1,1,1,0,0,0,1,1,0,2,1
2026,,2026-04-29,824930,home,ATL,DET,641680,Jonah Heim,20,C,2,2,0,0,0,0,0,0,0,0,0,0,1
2026,,2026-04-29,824930,home,ATL,DET,671739,Michael Harris II,23,CF,3,3,0,1,0,0,0,0,0,1,0,1,0
2026,,2026-04-29,824930,home,ATL,DET,622761,Jorge Mateo,2,PR,0,0,0,0,0,0,0,0,0,0,0,0,0
2026,,2026-04-29,824930,home,ATL,DET,643289,Mauricio Dubón,14,SS,3,3,0,0,0,0,0,0,0,1,0,0,0
2026,,2026-04-29,824930,home,ATL,DET,686948,Drake Baldwin,30,C,4,4,1,2,0,0,0,0,0,0,0,2,2
2026,,2026-04-29,824930,home,ATL,DET,621566,Matt Olson,28,1B,4,4,1,2,0,0,1,2,0,1,0,5,0
2026,,2026-04-29,824930,home,ATL,DET,642086,Dominic Smith,8,PH,1,0,0,0,0,0,0,0,1,0,0,0,0
2026,,2026-04-29,824930,home,ATL,DET,660670,Ronald Acuña Jr.,13,RF,4,3,0,0,0,0,0,0,1,3,0,0,0
2026,,2026-04-29,824930,home,ATL,DET,625643,Reynaldo López,40,P,0,0,0,0,0,0,0,0,0,0,0,0,0
2026,,2026-04-29,824930,home,ATL,DET,642201,Eli White,36,LF,2,2,0,0,0,0,0,0,0,0,0,0,1
2026,,2026-04-29,824930,home,ATL,DET,645277,Ozzie Albies,1,2B,4,3,2,1,0,0,1,2,1,0,0,4,1
2026,,2026-04-29,824930,home,ATL,DET,663586,Austin Riley,27,3B,3,3,0,0,0,0,0,0,0,2,0,0,1
2026,,2026-04-29,824930,home,ATL,DET,573262,Mike Yastrzemski,18,LF,1,1,0,0,0,0,0,0,0,0,0,0,0
2026,,2026-04-29,823796,away,ARI,MIL,680728,Adrian Del Castillo,25,C,5,5,1,1,0,0,1,1,0,2,0,4,4
2026,,2026-04-29,823796,away,ARI,MIL,571448,Nolan Arenado,28,3B,4,3,1,1,0,0,1,3,1,0,0,4,1
2026,,2026-04-29,823796,away,ARI,MIL,606466,Ketel Marte,4,2B,5,5,1,2,0,0,1,1,0,1,0,5,2
2026,,2026-04-29,823796,away,ARI,MIL,545121,Ildemaro Vargas,6,1B,5,5,1,2,0,0,0,0,0,1,0,2,0
2026,,2026-04-29,823796,away,ARI,MIL,672695,Geraldo Perdomo,2,SS,5,2,0,0,0,0,0,0,3,1,0,0,0
2026,,2026-04-29,823796,away,ARI,MIL,699912,Jose Fernandez,11,DH,4,4,0,1,0,0,0,0,0,1,0,1,2
2026,,2026-04-29,823796,away,ARI,MIL,682998,Corbin Carroll,7,RF,5,5,1,2,0,0,1,1,0,3,0,5,1
2026,,2026-04-29,823796,away,ARI,MIL,666971,Lourdes Gurriel Jr.,12,LF,4,4,1,2,0,0,0,0,0,0,0,2,1
2026,,2026-04-29,823796,away,ARI,MIL,678489,Jorge Barrosa,1,LF,0,0,0,0,0,0,0,0,0,0,0,0,0
2026,,2026-04-29,823796,away,ARI,MIL,677950,Alek Thomas,5,CF,4,4,0,0,0,0,0,0,0,1,0,0,3
2026,,2026-04-29,823796,home,MIL,ARI,650859,Luis Rengifo,13,3B,4,4,0,2,1,0,0,0,0,0,0,3,2
2026,,2026-04-29,823796,home,MIL,ARI,675659,Greg Jones,14,RF,2,2,0,0,0,0,0,0,0,1,0,0,1
2026,,2026-04-29,823796,home,MIL,ARI,687401,Joey Ortiz,3,SS,2,1,0,0,0,0,0,0,1,0,0,0,0
2026,,2026-04-29,823796,home,MIL,ARI,641343,Jake Bauers,9,1B,4,4,0,1,1,0,0,1,0,2,0,2,1
2026,,2026-04-29,823796,home,MIL,ARI,686217,Sal Frelick,10,RF,2,2,0,0,0,0,0,0,0,0,0,0,0
2026,,2026-04-29,823796,home,MIL,ARI,663604,Brandon Lockridge,20,LF,4,3,1,1,0,0,0,0,1,2,0,1,0
2026,,2026-04-29,823796,home,MIL,ARI,672012,Tyler Black,7,PH,1,1,0,0,0,0,0,0,0,1,0,0,0
2026,,2026-04-29,823796,home,MIL,ARI,669003,Garrett Mitchell,5,CF,2,2,0,0,0,0,0,0,0,2,0,0,2
2026,,2026-04-29,823796,home,MIL,ARI,666152,David Hamilton,6,SS,2,2,0,0,0,0,0,0,0,1,0,0,0
2026,,2026-04-29,823796,home,MIL,ARI,663368,Blake Perkins,16,CF,2,2,0,0,0,0,0,0,0,0,0,0,1
2026,,2026-04-29,823796,home,MIL,ARI,661388,William Contreras,24,C,4,4,0,0,0,0,0,0,0,1,0,0,2
2026,,2026-04-29,823796,home,MIL,ARI,668930,Brice Turang,2,2B,4,4,1,2,2,0,0,1,0,0,0,4,3
2026,,2026-04-29,823796,home,MIL,ARI,596142,Gary Sánchez,99,DH,4,2,0,0,0,0,0,0,2,0,0,0,1
2026,,2026-04-29,825015,away,KCR,ATH,695600,Carter Jensen,22,C,4,3,0,1,0,0,0,0,1,1,0,1,1
2026,,2026-04-29,825015,away,KCR,ATH,686555,Isaac Collins,1,LF,4,3,0,0,0,0,0,0,1,1,1,0,0
2026,,2026-04-29,825015,away,KCR,ATH,521692,Salvador Perez,13,1B,4,4,0,1,0,0,0,1,0,0,0,1,2
2026,,2026-04-29,825015,away,KCR,ATH,686681,Michael Massey,19,2B,4,3,0,0,0,0,0,1,0,1,0,0,1
2026,,2026-04-29,825015,away,KCR,ATH,664728,Kyle Isbel,28,CF,3,3,0,1,0,0,0,0,0,0,0,1,1
2026,,2026-04-29,825015,away,KCR,ATH,672580,Maikel Garcia,11,3B,4,4,0,0,0,0,0,0,0,1,0,0,1
2026,,2026-04-29,825015,away,KCR,ATH,657041,Lane Thomas,15,RF,3,2,0,1,0,0,0,0,1,1,0,1,1
2026,,2026-04-29,825015,away,KCR,ATH,695506,Jac Caglianone,14,DH,4,3,0,0,0,0,0,0,1,3,0,0,2
2026,,2026-04-29,825015,away,KCR,ATH,677951,Bobby Witt Jr.,7,SS,4,4,2,2,0,0,0,0,0,1,0,2,0
2026,,2026-04-29,825015,home,ATH,KCR,671732,Lawrence Butler,4,RF,4,4,1,1,0,0,1,3,0,1,0,4,0
2026,,2026-04-29,825015,home,ATH,KCR,667670,Brent Rooker,25,DH,4,4,0,0,0,0,0,0,0,1,0,0,3
2026,,2026-04-29,825015,home,ATH,KCR,680869,Zack Gelof,20,CF,4,3,0,0,0,0,0,0,0,1,0,0,2
2026,,2026-04-29,825015,home,ATH,KCR,643446,Jeff McNeil,22,2B,4,3,1,2,1,0,0,1,1,0,0,3,1
2026,,2026-04-29,825015,home,ATH,KCR,666126,Carlos Cortes,26,LF,4,3,0,2,0,0,0,0,1,1,0,2,1
2026,,2026-04-29,825015,home,ATH,KCR,687231,Darell Hernaiz,2,3B,4,4,1,1,0,0,0,0,0,1,0,1,0
2026,,2026-04-29,825015,home,ATH,KCR,701762,Nick Kurtz,16,1B,5,4,0,2,1,0,0,1,1,2,0,3,0
2026,,2026-04-29,825015,home,ATH,KCR,669127,Shea Langeliers,23,C,5,4,0,1,0,0,0,0,1,0,0,1,2
2026,,2026-04-29,825015,home,ATH,KCR,805779,Jacob Wilson,5,SS,4,3,2,2,1,0,0,0,1,0,0,3,0
2026,,2026-04-30,824929,away,DET,ATL,701678,Hao-Yu  Lee,50,3B,5,3,0,0,0,0,0,0,2,0,0,0,3
2026,,2026-04-30,824929,away,DET,ATL,663330,Jahmai Jones,18,DH,1,1,0,0,0,0,0,0,0,1,0,0,2
2026,,2026-04-30,824929,away,DET,ATL,682985,Riley Greene,31,LF,5,3,1,0,0,0,0,0,2,3,0,0,5
2026,,2026-04-30,824929,away,DET,ATL,805808,Kevin McGonigle,7,SS,5,2,0,0,0,0,0,0,3,0,0,0,0
2026,,2026-04-30,824929,away,DET,ATL,681481,Kerry Carpenter,30,RF,4,4,1,1,0,1,0,0,0,2,0,3,3
2026,,2026-04-30,824929,away,DET,ATL,679529,Spencer Torkelson,20,1B,5,5,0,2,0,0,0,0,0,1,0,2,5
2026,,2026-04-30,824929,away,DET,ATL,650402,Gleyber Torres,25,2B,5,4,0,3,0,0,0,1,0,0,0,3,0
2026,,2026-04-30,824929,away,DET,ATL,668670,Jake Rogers,34,C,3,3,0,0,0,0,0,0,0,1,0,0,0
2026,,2026-04-30,824929,away,DET,ATL,663837,Matt Vierling,8,CF,5,5,2,3,1,0,0,2,0,1,0,4,1
2026,,2026-04-30,824929,away,DET,ATL,693307,Dillon Dingler,13,C,2,2,0,1,1,0,0,1,0,1,0,2,2
2026,,2026-04-30,824929,away,DET,ATL,690993,Colt Keith,33,DH,4,4,0,2,0,0,0,0,0,0,0,2,2
2026,,2026-04-30,824929,away,DET,ATL,672761,Wenceel Pérez,46,RF,1,0,1,0,0,0,0,0,1,0,0,0,0
2026,,2026-04-30,824929,home,ATL,DET,671739,Michael Harris II,23,PH,1,1,0,0,0,0,0,0,0,0,0,0,0
2026,,2026-04-30,824929,home,ATL,DET,622761,Jorge Mateo,2,SS,2,2,0,0,0,0,0,0,0,1,0,0,2
2026,,2026-04-30,824929,home,ATL,DET,643289,Mauricio Dubón,14,SS,4,3,1,1,0,0,0,1,0,0,0,1,0
2026,,2026-04-30,824929,home,ATL,DET,686948,Drake Baldwin,30,C,4,3,0,1,0,0,0,0,1,2,0,1,2
2026,,2026-04-30,824929,home,ATL,DET,621566,Matt Olson,28,1B,4,4,0,0,0,0,0,0,0,1,0,0,3
2026,,2026-04-30,824929,home,ATL,DET,642086,Dominic Smith,8,PH,1,1,0,0,0,0,0,0,0,0,0,0,1
2026,,2026-04-30,824929,home,ATL,DET,660670,Ronald Acuña Jr.,13,RF,5,5,0,1,1,0,0,0,0,2,0,2,3
2026,,2026-04-30,824929,home,ATL,DET,571657,Kyle Farmer,15,DH,3,3,0,1,0,0,0,0,0,0,0,1,1
2026,,2026-04-30,824929,home,ATL,DET,642201,Eli White,36,CF,3,3,0,1,0,0,0,1,0,2,0,1,0
2026,,2026-04-30,824929,home,ATL,DET,645277,Ozzie Albies,1,2B,4,4,1,2,1,0,0,0,0,0,0,3,2
2026,,2026-04-30,824929,home,ATL,DET,663586,Austin Riley,27,3B,4,4,0,0,0,0,0,0,0,3,0,0,3
2026,,2026-04-30,824929,home,ATL,DET,573262,Mike Yastrzemski,18,LF,2,2,0,1,0,0,0,0,0,0,0,1,0
2026,,2026-04-30,824848,away,HOU,BAL,694376,Shay Whitcomb,14,3B,1,1,0,0,0,0,0,0,0,0,0,0,1
2026,,2026-04-30,824848,away,HOU,BAL,670623,Isaac Paredes,15,3B,4,4,1,3,0,0,0,0,0,0,0,3,0
2026,,2026-04-30,824848,away,HOU,BAL,687957,Dustin Harris,37,RF,4,4,0,2,0,0,0,0,0,0,1,2,2
2026,,2026-04-30,824848,away,HOU,BAL,694728,Brice Matthews,0,CF,4,4,1,2,0,0,0,1,0,2,0,2,0
2026,,2026-04-30,824848,away,HOU,BAL,669288,Daniel Johnson,31,LF,1,1,0,0,0,0,0,0,0,0,0,0,2
2026,,2026-04-30,824848,away,HOU,BAL,514888,Jose Altuve,27,2B,4,3,1,1,0,0,0,0,1,0,0,1,1
2026,,2026-04-30,824848,away,HOU,BAL,621043,Carlos Correa,1,SS,5,5,0,1,0,0,0,0,0,1,0,1,3
2026,,2026-04-30,824848,away,HOU,BAL,572233,Christian Walker,8,1B,4,4,0,0,0,0,0,0,0,1,0,0,3
2026,,2026-04-30,824848,away,HOU,BAL,543877,Christian Vázquez,2,C,4,4,0,2,0,0,0,1,0,0,0,2,1
2026,,2026-04-30,824848,away,HOU,BAL,673237,Yainer Diaz,21,DH,4,4,0,1,0,0,0,1,0,1,0,1,3
2026,,2026-04-30,824848,away,HOU,BAL,670541,Yordan Alvarez,44,LF,4,4,0,0,0,0,0,0,0,2,0,0,0
2026,,2026-04-30,824848,home,BAL,HOU,669236,Jeremiah Jackson,82,2B,4,4,1,2,1,0,1,5,0,0,0,6,1
2026,,2026-04-30,824848,home,BAL,HOU,683002,Gunnar Henderson,2,DH,5,5,1,1,0,0,0,0,0,1,0,1,1
2026,,2026-04-30,824848,home,BAL,HOU,621493,Taylor Ward,3,LF,4,2,2,0,0,0,0,0,2,1,0,0,1
2026,,2026-04-30,824848,home,BAL,HOU,687637,Dylan Beavers,12,RF,4,2,1,0,0,0,0,1,2,1,0,0,1
2026,,2026-04-30,824848,home,BAL,HOU,668939,Adley Rutschman,35,C,4,4,2,2,0,0,1,4,0,0,0,5,0
2026,,2026-04-30,824848,home,BAL,HOU,677942,Blaze Alexander,23,SS,4,3,1,1,1,0,0,0,1,0,0,2,0
2026,,2026-04-30,824848,home,BAL,HOU,624413,Pete Alonso,25,1B,4,2,2,0,0,0,0,0,2,0,0,0,0
2026,,2026-04-30,824848,home,BAL,HOU,681297,Colton Cowser,17,CF,4,4,0,0,0,0,0,0,0,1,0,0,2
2026,,2026-04-30,824848,home,BAL,HOU,691723,Coby Mayo,16,3B,4,4,0,0,0,0,0,0,0,1,0,0,0
2026,,2026-04-30,824850,away,HOU,BAL,670623,Isaac Paredes,15,3B,5,5,2,2,0,0,0,1,0,0,0,2,2
2026,,2026-04-30,824850,away,HOU,BAL,701358,Cam Smith,11,RF,5,4,1,1,0,0,1,3,1,1,0,4,3
2026,,2026-04-30,824850,away,HOU,BAL,669699,Braden Shewmake,28,SS,5,5,1,1,0,0,0,0,0,2,0,1,2
2026,,2026-04-30,824850,away,HOU,BAL,687957,Dustin Harris,37,LF,5,4,1,1,0,0,0,3,0,0,0,1,1
2026,,2026-04-30,824850,away,HOU,BAL,694728,Brice Matthews,0,2B,6,6,1,1,0,0,0,0,0,2,0,1,1
2026,,2026-04-30,824850,away,HOU,BAL,669288,Daniel Johnson,31,CF,5,4,1,1,0,0,0,0,1,1,0,1,2
2026,,2026-04-30,824850,away,HOU,BAL,572233,Christian Walker,8,1B,5,5,0,2,0,0,0,1,0,0,0,2,2
2026,,2026-04-30,824850,away,HOU,BAL,673237,Yainer Diaz,21,C,5,5,1,3,0,0,0,1,0,0,0,3,1
2026,,2026-04-30,824850,away,HOU,BAL,670541,Yordan Alvarez,44,DH,5,4,3,3,0,0,1,1,1,1,0,6,2
2026,,2026-04-30,824850,home,BAL,HOU,669236,Jeremiah Jackson,82,2B,4,4,0,0,0,0,0,0,0,2,0,0,4
2026,,2026-04-30,824850,home,BAL,HOU,694212,Samuel Basallo,29,C,5,5,0,0,0,0,0,0,0,4,0,0,2
2026,,2026-04-30,824850,home,BAL,HOU,642215,Weston Wilson,32,3B,4,3,0,1,0,0,0,0,1,0,0,1,1
2026,,2026-04-30,824850,home,BAL,HOU,683002,Gunnar Henderson,2,SS,4,4,0,1,1,0,0,1,0,2,0,2,0
2026,,2026-04-30,824850,home,BAL,HOU,665750,Leody Taveras,30,CF,4,3,1,1,0,1,0,2,1,1,0,3,2
2026,,2026-04-30,824850,home,BAL,HOU,621493,Taylor Ward,3,DH,4,1,1,0,0,0,0,0,3,0,0,0,0
2026,,2026-04-30,824850,home,BAL,HOU,687637,Dylan Beavers,12,LF,5,5,0,1,0,0,0,0,0,3,0,1,5
2026,,2026-04-30,824850,home,BAL,HOU,641933,Tyler O'Neill,9,RF,4,2,1,1,0,0,0,0,2,0,0,1,0
2026,,2026-04-30,824850,home,BAL,HOU,677942,Blaze Alexander,23,SS,1,1,0,0,0,0,0,0,0,0,0,0,0
2026,,2026-04-30,824850,home,BAL,HOU,624413,Pete Alonso,25,1B,3,3,1,1,1,0,0,1,0,1,0,2,0
2026,,2026-04-30,824850,home,BAL,HOU,681297,Colton Cowser,17,PH,1,0,1,0,0,0,0,0,1,0,0,0,0
2026,,2026-04-30,824850,home,BAL,HOU,691723,Coby Mayo,16,1B,2,1,0,0,0,0,0,1,0,1,0,0,3
2026,,2026-04-30,823391,away,STL,PIT,669357,Nolan Gorman,16,3B,5,5,1,2,0,0,0,1,0,2,0,2,3
2026,,2026-04-30,823391,away,STL,PIT,691023,Jordan Walker,18,RF,5,5,1,2,0,0,1,3,0,1,0,5,3
2026,,2026-04-30,823391,away,STL,PIT,701675,Nathan Church,27,LF,5,5,1,1,1,0,0,2,0,1,0,2,0
2026,,2026-04-30,823391,away,STL,PIT,687363,Victor Scott II,11,CF,4,2,1,0,0,0,0,0,1,1,0,0,1
2026,,2026-04-30,823391,away,STL,PIT,802139,JJ Wetherholt,26,2B,5,4,2,2,0,0,1,1,1,0,0,5,3
2026,,2026-04-30,823391,away,STL,PIT,676475,Alec Burleson,41,1B,5,5,1,3,0,0,0,3,0,1,0,3,2
2026,,2026-04-30,823391,away,STL,PIT,686780,Pedro Pagés,43,C,5,5,0,2,0,0,0,0,0,2,0,2,1
2026,,2026-04-30,823391,away,STL,PIT,691026,Masyn Winn,0,SS,5,5,1,1,0,0,0,0,0,2,0,1,1
2026,,2026-04-30,823391,away,STL,PIT,671056,Iván Herrera,48,DH,5,4,2,1,0,0,0,0,1,2,0,1,2
2026,,2026-04-30,823391,home,PIT,STL,694377,Nick Yorke,38,PH,1,1,0,0,0,0,0,0,0,0,0,0,0
2026,,2026-04-30,823391,home,PIT,STL,687462,Spencer Horwitz,2,1B,4,3,0,0,0,0,0,1,1,0,0,0,1
2026,,2026-04-30,823391,home,PIT,STL,664040,Brandon Lowe,5,2B,5,5,1,2,1,0,1,1,0,0,0,6,2
2026,,2026-04-30,823391,home,PIT,STL,668804,Bryan Reynolds,10,RF,5,4,1,2,2,0,0,2,1,1,0,4,1
2026,,2026-04-30,823391,home,PIT,STL,665833,Oneil Cruz,15,CF,5,4,2,1,0,0,0,0,1,2,0,1,0
2026,,2026-04-30,823391,home,PIT,STL,663968,Jake Mangum,28,LF,4,3,1,1,0,0,0,0,1,1,0,1,2
2026,,2026-04-30,823391,home,PIT,STL,680779,Henry Davis,32,C,3,3,0,0,0,0,0,0,0,1,0,0,2
2026,,2026-04-30,823391,home,PIT,STL,804606,Konnor Griffin,6,SS,4,4,0,1,0,0,0,0,0,2,0,1,4
2026,,2026-04-30,823391,home,PIT,STL,656811,Ryan O'Hearn,29,DH,5,4,0,0,0,0,0,0,1,1,0,0,3
2026,,2026-04-30,823391,home,PIT,STL,693304,Nick Gonzales,3,3B,4,2,0,0,0,0,0,0,1,0,0,0,0
2026,,2026-04-30,823472,away,SFG,PHI,669477,Casey Schmitt,10,DH,4,4,0,2,0,0,0,1,0,0,0,2,2
2026,,2026-04-30,823472,away,SFG,PHI,666464,Jerar Encarnacion,19,RF,3,3,0,0,0,0,0,0,0,1,0,0,0
2026,,2026-04-30,823472,away,SFG,PHI,671218,Heliot Ramos,17,LF,5,4,1,3,1,0,0,0,1,0,0,4,0
2026,,2026-04-30,823472,away,SFG,PHI,656305,Matt Chapman,26,3B,5,4,1,2,1,0,0,0,1,1,0,3,3
2026,,2026-04-30,823472,away,SFG,PHI,672275,Patrick Bailey,14,C,4,4,0,1,0,0,0,0,0,2,0,1,0
2026,,2026-04-30,823472,away,SFG,PHI,808982,Jung Hoo Lee,51,RF,4,4,0,0,0,0,0,0,0,2,0,0,2
2026,,2026-04-30,823472,away,SFG,PHI,687551,Drew Gilbert,0,CF,1,1,0,0,0,0,0,0,0,1,0,0,0
2026,,2026-04-30,823472,away,SFG,PHI,646240,Rafael Devers,16,1B,4,4,0,0,0,0,0,0,0,1,0,0,3
2026,,2026-04-30,823472,away,SFG,PHI,642715,Willy Adames,2,SS,4,3,0,0,0,0,0,0,1,1,0,0,2
2026,,2026-04-30,823472,away,SFG,PHI,650333,Luis Arraez,1,2B,4,4,0,0,0,0,0,1,0,1,0,0,4
2026,,2026-04-30,823472,home,PHI,SFG,669016,Brandon Marsh,16,LF,4,4,0,1,1,0,0,0,0,3,0,2,2
2026,,2026-04-30,823472,home,PHI,SFG,702222,Justin Crawford,2,CF,4,4,0,3,0,0,0,1,0,0,0,3,1
2026,,2026-04-30,823472,home,PHI,SFG,547180,Bryce Harper,3,1B,4,4,0,1,0,0,0,0,0,0,0,1,2
2026,,2026-04-30,823472,home,PHI,SFG,624641,Edmundo Sosa,33,3B,4,4,0,1,0,0,0,0,0,0,0,1,3
2026,,2026-04-30,823472,home,PHI,SFG,681082,Bryson Stott,5,2B,4,4,1,1,0,1,0,1,0,2,0,3,2
2026,,2026-04-30,823472,home,PHI,SFG,656941,Kyle Schwarber,12,DH,4,2,1,1,0,0,1,1,2,0,0,4,0
2026,,2026-04-30,823472,home,PHI,SFG,665561,Rafael Marchán,13,C,3,3,0,0,0,0,0,0,0,0,0,0,4
2026,,2026-04-30,823472,home,PHI,SFG,666969,Adolis García,53,RF,4,4,1,2,0,0,0,0,0,0,0,2,1
2026,,2026-04-30,823472,home,PHI,SFG,607208,Trea Turner,7,SS,4,4,0,0,0,0,0,0,0,3,0,0,0
2026,,2026-04-30,823471,away,SFG,PHI,669477,Casey Schmitt,10,1B,6,5,2,2,0,1,0,0,0,0,0,4,5
2026,,2026-04-30,823471,away,SFG,PHI,671218,Heliot Ramos,17,LF,6,5,0,1,0,0,0,1,0,4,0,1,3
2026,,2026-04-30,823471,away,SFG,PHI,686823,Will Brennan,7,PH,1,1,0,0,0,0,0,0,0,0,0,0,0
2026,,2026-04-30,823471,away,SFG,PHI,656305,Matt Chapman,26,3B,6,4,0,0,0,0,0,0,2,2,0,0,4
2026,,2026-04-30,823471,away,SFG,PHI,672275,Patrick Bailey,14,C,1,0,0,0,0,0,0,0,1,0,0,0,0
2026,,2026-04-30,823471,away,SFG,PHI,808982,Jung Hoo Lee,51,RF,5,4,1,2,0,0,0,1,1,0,0,2,0
2026,,2026-04-30,823471,away,SFG,PHI,687551,Drew Gilbert,0,CF,5,5,1,3,1,0,0,0,0,0,0,4,5
2026,,2026-04-30,823471,away,SFG,PHI,646240,Rafael Devers,16,DH,5,3,0,1,0,0,0,1,1,2,0,1,0
2026,,2026-04-30,823471,away,SFG,PHI,606992,Eric Haase,18,C,3,3,1,1,0,0,0,0,0,1,0,1,3
2026,,2026-04-30,823471,away,SFG,PHI,642715,Willy Adames,2,SS,5,5,0,1,0,0,0,0,0,2,0,1,5
2026,,2026-04-30,823471,away,SFG,PHI,650333,Luis Arraez,1,2B,6,6,0,2,0,0,0,2,0,1,0,2,3
2026,,2026-04-30,823471,home,PHI,SFG,669016,Brandon Marsh,16,LF,1,1,1,1,1,0,0,0,0,0,0,2,0
2026,,2026-04-30,823471,home,PHI,SFG,702222,Justin Crawford,2,CF,4,4,0,1,0,1,0,0,0,0,0,3,1
2026,,2026-04-30,823471,home,PHI,SFG,547180,Bryce Harper,3,DH,5,2,0,0,0,0,0,0,3,1,0,0,1
2026,,2026-04-30,823471,home,PHI,SFG,664761,Alec Bohm,28,3B,5,4,0,0,0,0,0,1,0,1,0,0,1
2026,,2026-04-30,823471,home,PHI,SFG,681082,Bryson Stott,5,2B,5,3,0,0,0,0,0,0,0,0,0,0,2
2026,,2026-04-30,823471,home,PHI,SFG,656941,Kyle Schwarber,12,LF,5,4,2,4,2,0,1,2,1,0,0,9,0
2026,,2026-04-30,823471,home,PHI,SFG,694025,Felix Reyes,29,1B,3,3,0,0,0,0,0,0,0,0,0,0,1
2026,,2026-04-30,823471,home,PHI,SFG,664238,Dylan Moore,25,1B,0,0,0,0,0,0,0,0,0,0,0,0,0
2026,,2026-04-30,823471,home,PHI,SFG,596117,Garrett Stubbs,21,C,4,3,0,0,0,0,0,0,1,1,0,0,1
2026,,2026-04-30,823471,home,PHI,SFG,666969,Adolis García,53,RF,5,4,1,1,0,0,0,2,1,0,0,1,4
2026,,2026-04-30,823471,home,PHI,SFG,607208,Trea Turner,7,SS,5,5,2,2,0,0,1,1,0,1,0,5,2
2026,,2026-04-30,824524,away,COL,CIN,666160,Mickey Moniak,22,CF,2,2,0,1,0,0,0,1,0,1,0,1,1
2026,,2026-04-30,824524,away,COL,CIN,664983,Jake McCarthy,31,LF,2,0,0,0,0,0,0,1,1,0,0,0,0
2026,,2026-04-30,824524,away,COL,CIN,687859,Troy Johnston,20,RF,4,4,1,1,0,0,0,0,0,1,0,1,4
2026,,2026-04-30,824524,away,COL,CIN,650489,Willi Castro,3,SS,4,4,0,0,0,0,0,0,0,1,0,0,0
2026,,2026-04-30,824524,away,COL,CIN,671289,Tyler Freeman,2,DH,4,4,1,2,0,0,1,2,0,0,0,5,0
2026,,2026-04-30,824524,away,COL,CIN,666397,Edouard Julien,6,2B,2,1,0,0,0,0,0,0,0,0,0,0,1
2026,,2026-04-30,824524,away,COL,CIN,696100,Hunter Goodman,15,C,5,5,0,0,0,0,0,0,0,3,0,0,7
2026,,2026-04-30,824524,away,COL,CIN,687597,Jordan Beck,27,LF,3,3,0,1,0,0,0,0,0,1,0,1,0
2026,,2026-04-30,824524,away,COL,CIN,686668,Brenton Doyle,9,CF,3,2,1,0,0,0,0,0,1,0,1,0,3
2026,,2026-04-30,824524,away,COL,CIN,678662,Ezequiel Tovar,14,SS,2,1,0,1,0,0,0,0,1,0,0,1,0
2026,,2026-04-30,824524,away,COL,CIN,681198,TJ Rumfield,7,1B,4,4,0,1,0,0,0,0,0,1,0,1,0
2026,,2026-04-30,824524,away,COL,CIN,691720,Kyle Karros,12,3B,4,4,1,2,0,0,0,0,0,1,0,2,1
2026,,2026-04-30,824524,home,CIN,COL,682829,Elly De La Cruz,44,SS,4,4,0,1,0,0,0,0,0,2,0,1,0
2026,,2026-04-30,824524,home,CIN,COL,701398,Sal Stewart,27,1B,4,3,1,0,0,0,0,0,1,0,0,0,1
2026,,2026-04-30,824524,home,CIN,COL,667472,Dane Myers,17,CF,1,1,0,0,0,0,0,1,0,0,0,0,1
2026,,2026-04-30,824524,home,CIN,COL,663993,Nathaniel Lowe,31,DH,4,3,2,2,1,0,1,1,1,0,0,6,1
2026,,2026-04-30,824524,home,CIN,COL,680574,Matt McLain,9,2B,4,4,0,0,0,0,0,0,0,1,0,0,0
2026,,2026-04-30,824524,home,CIN,COL,663647,Ke'Bryan Hayes,3,3B,0,0,0,0,0,0,0,0,0,0,0,0,0
2026,,2026-04-30,824524,home,CIN,COL,666181,Will Benson,30,RF,4,4,0,0,0,0,0,0,0,2,0,0,5
2026,,2026-04-30,824524,home,CIN,COL,670770,TJ Friedl,29,LF,4,4,1,1,0,0,1,2,0,1,0,4,0
2026,,2026-04-30,824524,home,CIN,COL,668715,Spencer Steer,7,1B,4,3,1,2,1,0,0,2,1,0,0,3,1
2026,,2026-04-30,824524,home,CIN,COL,663886,Tyler Stephenson,37,C,4,4,1,1,1,0,0,0,0,1,0,2,2
2026,,2026-04-30,824524,home,CIN,COL,668709,JJ Bleday,22,LF,3,1,0,0,0,0,0,0,2,0,0,0,1
2026,,2026-04-30,823634,away,WSN,NYM,682928,CJ Abrams,5,SS,4,3,1,2,0,0,1,3,1,1,0,5,1
2026,,2026-04-30,823634,away,WSN,NYM,683083,Nasim Nuñez,26,2B,4,4,1,1,0,0,0,0,0,0,1,1,2
2026,,2026-04-30,823634,away,WSN,NYM,686452,Drew Millas,14,C,2,2,0,0,0,0,0,0,0,2,0,0,1
2026,,2026-04-30,823634,away,WSN,NYM,678391,Jorbit Vivas,84,3B,4,4,1,1,0,0,0,0,0,0,0,1,2
2026,,2026-04-30,823634,away,WSN,NYM,678554,Curtis Mead,45,PH,1,1,0,0,0,0,0,0,0,0,0,0,0
2026,,2026-04-30,823634,away,WSN,NYM,695734,Daylen Lile,4,LF,4,4,1,0,0,0,0,0,0,0,0,0,3
2026,,2026-04-30,823634,away,WSN,NYM,677588,José Tena,8,DH,4,3,0,0,0,0,0,0,1,2,0,0,1
2026,,2026-04-30,823634,away,WSN,NYM,695578,James Wood,29,RF,4,3,0,0,0,0,0,0,1,2,0,0,1
2026,,2026-04-30,823634,away,WSN,NYM,696285,Jacob Young,30,CF,4,4,0,1,0,0,0,1,0,1,0,1,1
2026,,2026-04-30,823634,away,WSN,NYM,660688,Keibert Ruiz,20,C,1,1,0,0,0,0,0,0,0,0,0,0,1
2026,,2026-04-30,823634,away,WSN,NYM,671277,Luis García Jr.,2,1B,4,4,1,2,1,0,0,0,0,1,0,3,1
2026,,2026-04-30,823634,home,NYM,WSN,620443,Luis Torrens,13,C,3,2,0,0,0,0,0,0,0,1,0,0,0
2026,,2026-04-30,823634,home,NYM,WSN,666182,Bo Bichette,19,3B,4,3,1,0,0,0,0,0,1,0,0,0,1
2026,,2026-04-30,823634,home,NYM,WSN,621438,Tyrone Taylor,28,CF,2,2,0,0,0,0,0,0,0,0,0,0,2
2026,,2026-04-30,823634,home,NYM,WSN,682626,Francisco Alvarez,4,PH,1,1,0,1,1,0,0,0,0,0,0,2,0
2026,,2026-04-30,823634,home,NYM,WSN,668901,Mark Vientos,27,1B,4,4,0,1,1,0,0,1,0,0,0,2,2
2026,,2026-04-30,823634,home,NYM,WSN,683146,Brett Baty,7,RF,2,2,0,0,0,0,0,0,0,0,0,0,0
2026,,2026-04-30,823634,home,NYM,WSN,701807,Carson Benge,3,RF,4,4,0,1,0,0,0,0,0,2,0,1,0
2026,,2026-04-30,823634,home,NYM,WSN,543760,Marcus Semien,10,2B,4,4,0,0,0,0,0,0,0,0,0,0,1
2026,,2026-04-30,823634,home,NYM,WSN,669004,MJ Melendez,1,LF,3,2,1,2,0,0,1,3,0,0,0,5,0
2026,,2026-04-30,823634,home,NYM,WSN,665742,Juan Soto,22,DH,4,3,2,2,1,0,0,0,1,0,0,3,0
2026,,2026-04-30,823634,home,NYM,WSN,677595,Ronny Mauricio,0,SS,4,4,0,0,0,0,0,0,0,1,0,0,2
2026,,2026-04-30,823634,home,NYM,WSN,596103,Austin Slater,40,LF,1,1,0,0,0,0,0,0,0,0,0,0,1
2026,,2026-04-30,823795,away,ARI,MIL,694374,Tim Tawa,13,2B,1,1,0,0,0,0,0,0,0,1,0,0,0
2026,,2026-04-30,823795,away,ARI,MIL,680728,Adrian Del Castillo,25,C,4,4,0,0,0,0,0,0,0,3,0,0,4
2026,,2026-04-30,823795,away,ARI,MIL,571448,Nolan Arenado,28,3B,3,3,0,0,0,0,0,0,0,1,0,0,3
2026,,2026-04-30,823795,away,ARI,MIL,606466,Ketel Marte,4,2B,4,3,0,0,0,0,0,0,1,2,0,0,1
2026,,2026-04-30,823795,away,ARI,MIL,545121,Ildemaro Vargas,6,1B,4,4,0,2,0,0,0,0,0,0,0,2,0
2026,,2026-04-30,823795,away,ARI,MIL,672695,Geraldo Perdomo,2,SS,4,3,0,0,0,0,0,0,1,0,0,0,0
2026,,2026-04-30,823795,away,ARI,MIL,699912,Jose Fernandez,11,3B,0,0,0,0,0,0,0,0,0,0,0,0,0
2026,,2026-04-30,823795,away,ARI,MIL,682998,Corbin Carroll,7,RF,3,3,1,2,1,0,0,0,0,0,0,3,1
2026,,2026-04-30,823795,away,ARI,MIL,666971,Lourdes Gurriel Jr.,12,LF,4,4,0,2,0,0,0,1,0,2,0,2,1
2026,,2026-04-30,823795,away,ARI,MIL,543510,James McCann,8,P,3,3,0,0,0,0,0,0,0,1,0,0,0
2026,,2026-04-30,823795,away,ARI,MIL,678489,Jorge Barrosa,1,RF,1,1,0,0,0,0,0,0,0,1,0,0,1
2026,,2026-04-30,823795,away,ARI,MIL,677950,Alek Thomas,5,CF,3,3,0,0,0,0,0,0,0,2,0,0,3
2026,,2026-04-30,823795,home,MIL,ARI,650859,Luis Rengifo,13,3B,5,5,0,1,1,0,0,3,0,1,0,2,5
2026,,2026-04-30,823795,home,MIL,ARI,675659,Greg Jones,14,LF,4,4,0,0,0,0,0,0,0,3,0,0,1
2026,,2026-04-30,823795,home,MIL,ARI,641343,Jake Bauers,9,1B,5,4,2,1,0,0,0,1,1,0,0,1,6
2026,,2026-04-30,823795,home,MIL,ARI,686217,Sal Frelick,10,RF,5,5,1,1,0,0,1,1,0,0,0,4,5
2026,,2026-04-30,823795,home,MIL,ARI,672012,Tyler Black,7,DH,5,4,0,2,1,0,0,3,1,0,0,3,4
2026,,2026-04-30,823795,home,MIL,ARI,669003,Garrett Mitchell,5,CF,5,4,3,2,0,0,0,0,1,1,0,2,0
2026,,2026-04-30,823795,home,MIL,ARI,666152,David Hamilton,6,SS,4,4,1,1,0,0,0,0,0,1,0,1,0
2026,,2026-04-30,823795,home,MIL,ARI,661388,William Contreras,24,C,5,4,3,4,1,0,1,4,1,0,0,8,0
2026,,2026-04-30,823795,home,MIL,ARI,668930,Brice Turang,2,2B,5,3,3,2,0,0,0,1,2,0,0,2,1
2026,,2026-04-30,825016,away,KCR,ATH,695600,Carter Jensen,22,DH,4,4,0,0,0,0,0,0,0,3,0,0,7
2026,,2026-04-30,825016,away,KCR,ATH,686555,Isaac Collins,1,LF,4,4,0,1,0,0,0,0,0,0,0,1,0
2026,,2026-04-30,825016,away,KCR,ATH,521692,Salvador Perez,13,1B,5,4,0,1,0,0,0,0,0,0,0,1,4
2026,,2026-04-30,825016,away,KCR,ATH,679845,Nick Loftin,12,2B,3,2,0,0,0,0,0,0,1,0,0,0,1
2026,,2026-04-30,825016,away,KCR,ATH,686681,Michael Massey,19,2B,2,1,0,0,0,0,0,0,1,1,0,0,1
2026,,2026-04-30,825016,away,KCR,ATH,516782,Starling Marte,0,RF,4,4,0,3,0,0,0,1,0,0,0,3,1
2026,,2026-04-30,825016,away,KCR,ATH,686469,Vinnie Pasquantino,9,PH,1,1,0,0,0,0,0,0,0,0,0,0,1
2026,,2026-04-30,825016,away,KCR,ATH,553869,Elias Díaz,43,C,4,4,1,1,0,0,1,1,0,0,0,4,1
2026,,2026-04-30,825016,away,KCR,ATH,672580,Maikel Garcia,11,3B,5,5,2,3,2,0,1,1,0,0,1,8,1
2026,,2026-04-30,825016,away,KCR,ATH,657041,Lane Thomas,15,CF,4,3,0,0,0,0,0,0,0,1,0,0,3
2026,,2026-04-30,825016,away,KCR,ATH,695506,Jac Caglianone,14,PH,1,1,0,1,0,0,0,0,0,0,0,1,0
2026,,2026-04-30,825016,away,KCR,ATH,677951,Bobby Witt Jr.,7,SS,5,3,0,0,0,0,0,0,2,1,0,0,1
2026,,2026-04-30,825016,home,ATH,KCR,671732,Lawrence Butler,4,RF,4,3,1,0,0,0,0,0,1,1,0,0,1
2026,,2026-04-30,825016,home,ATH,KCR,680869,Zack Gelof,20,CF,4,4,0,1,0,0,0,0,0,0,0,1,0
2026,,2026-04-30,825016,home,ATH,KCR,643446,Jeff McNeil,22,2B,1,1,0,0,0,0,0,0,0,0,0,0,2
2026,,2026-04-30,825016,home,ATH,KCR,642851,Austin Wynns,29,C,4,4,0,0,0,0,0,0,0,1,0,0,6
2026,,2026-04-30,825016,home,ATH,KCR,666126,Carlos Cortes,26,LF,4,4,0,1,0,0,0,0,0,2,0,1,6
2026,,2026-04-30,825016,home,ATH,KCR,687231,Darell Hernaiz,2,3B,4,4,0,3,0,0,0,2,0,0,0,3,0
2026,,2026-04-30,825016,home,ATH,KCR,701762,Nick Kurtz,16,1B,4,3,1,1,1,0,0,2,1,1,0,2,2
2026,,2026-04-30,825016,home,ATH,KCR,687515,Colby Thomas,32,RF,3,2,0,0,0,0,0,0,1,0,0,0,1
2026,,2026-04-30,825016,home,ATH,KCR,669127,Shea Langeliers,23,DH,4,4,2,3,3,0,0,1,0,0,0,6,0
2026,,2026-04-30,825016,home,ATH,KCR,805779,Jacob Wilson,5,SS,5,5,2,2,0,0,0,0,0,0,0,2,1
2026,,2026-04-30,823714,away,TOR,MIN,676391,Ernie Clement,22,2B,4,3,0,1,0,0,0,0,1,0,0,1,0
2026,,2026-04-30,823714,away,TOR,MIN,662139,Daulton Varsho,5,CF,4,4,1,1,0,0,1,1,0,1,0,4,3
2026,,2026-04-30,823714,away,TOR,MIN,665926,Andrés Giménez,0,SS,4,4,0,0,0,0,0,0,0,0,0,0,3
2026,,2026-04-30,823714,away,TOR,MIN,678218,Brandon Valenzuela,59,C,3,3,0,1,0,0,0,0,0,0,0,1,0
2026,,2026-04-30,823714,away,TOR,MIN,676914,Davis Schneider,36,LF,2,2,0,0,0,0,0,0,0,0,0,0,2
2026,,2026-04-30,823714,away,TOR,MIN,543807,George Springer,4,DH,4,4,0,2,0,0,0,0,0,1,0,2,2
2026,,2026-04-30,823714,away,TOR,MIN,682818,Yohendrick Pinango,24,LF,2,1,0,0,0,0,0,0,1,0,0,0,0
2026,,2026-04-30,823714,away,TOR,MIN,665489,Vladimir Guerrero Jr.,27,1B,4,4,0,1,0,0,0,0,0,0,0,1,2
2026,,2026-04-30,823714,away,TOR,MIN,660821,Jesús Sánchez,12,RF,4,4,0,0,0,0,0,0,0,0,1,0,2
2026,,2026-04-30,823714,away,TOR,MIN,672960,Kazuma Okamoto,7,3B,4,3,0,0,0,0,0,0,1,0,0,0,1
2026,,2026-04-30,823714,home,MIN,TOR,665019,Kody Clemens,2,1B,4,3,0,0,0,0,0,0,1,2,0,0,1
2026,,2026-04-30,823714,home,MIN,TOR,686797,Brooks Lee,22,SS,4,4,0,0,0,0,0,0,0,1,0,0,2
2026,,2026-04-30,823714,home,MIN,TOR,668885,Austin Martin,16,RF,4,3,0,1,0,0,0,1,1,0,1,1,0
2026,,2026-04-30,823714,home,MIN,TOR,605137,Josh Bell,56,DH,4,4,1,1,0,0,0,1,0,0,0,1,2
2026,,2026-04-30,823714,home,MIN,TOR,680777,Ryan Jeffers,27,C,4,4,2,2,0,0,1,2,0,1,0,5,2
2026,,2026-04-30,823714,home,MIN,TOR,681546,James Outman,30,LF,0,0,0,0,0,0,0,0,0,0,0,0,0
2026,,2026-04-30,823714,home,MIN,TOR,668904,Royce Lewis,23,3B,3,3,0,0,0,0,0,0,0,1,0,0,0
2026,,2026-04-30,823714,home,MIN,TOR,663616,Trevor Larnach,9,LF,4,2,2,0,0,0,0,0,2,1,0,0,2
2026,,2026-04-30,823714,home,MIN,TOR,621439,Byron Buxton,25,CF,4,4,2,3,1,0,1,1,0,0,0,7,0
2026,,2026-04-30,823714,home,MIN,TOR,807712,Luke Keaschall,15,2B,4,3,0,0,0,0,0,1,0,0,0,0,0
2026,,2026-05-01,824686,away,ARI,CHC,694374,Tim Tawa,13,LF,2,1,1,0,0,0,0,0,1,0,0,0,0
2026,,2026-05-01,824686,away,ARI,CHC,680728,Adrian Del Castillo,25,DH,4,4,0,1,0,0,0,0,0,2,0,1,5
2026,,2026-05-01,824686,away,ARI,CHC,571448,Nolan Arenado,28,3B,4,4,0,1,0,0,0,0,0,2,0,1,1
2026,,2026-05-01,824686,away,ARI,CHC,606466,Ketel Marte,4,PH,1,1,0,0,0,0,0,0,0,0,0,0,1
2026,,2026-05-01,824686,away,ARI,CHC,545121,Ildemaro Vargas,6,2B,5,4,0,4,0,0,0,1,1,0,0,4,0
2026,,2026-05-01,824686,away,ARI,CHC,672695,Geraldo Perdomo,2,SS,5,5,1,2,0,0,1,3,0,1,0,5,1
2026,,2026-05-01,824686,away,ARI,CHC,699912,Jose Fernandez,11,1B,4,4,1,1,0,0,0,0,0,0,0,1,0
2026,,2026-05-01,824686,away,ARI,CHC,672515,Gabriel Moreno,14,C,5,5,0,0,0,0,0,0,0,3,0,0,7
2026,,2026-05-01,824686,away,ARI,CHC,682998,Corbin Carroll,7,RF,5,5,0,0,0,0,0,0,0,3,0,0,6
2026,,2026-05-01,824686,away,ARI,CHC,677950,Alek Thomas,5,CF,2,2,0,0,0,0,0,0,0,2,0,0,1
2026,,2026-05-01,824686,away,ARI,CHC,678489,Jorge Barrosa,1,CF,4,4,2,2,2,0,0,1,0,0,0,4,1
2026,,2026-05-01,824686,home,CHC,ARI,664023,Ian Happ,8,LF,4,2,1,0,0,0,0,0,2,1,0,0,0
2026,,2026-05-01,824686,home,CHC,ARI,608324,Alex Bregman,3,3B,4,4,1,1,1,0,0,1,0,0,0,2,2
2026,,2026-05-01,824686,home,CHC,ARI,683737,Michael Busch,29,1B,4,4,0,2,1,0,0,2,0,1,0,3,1
2026,,2026-05-01,824686,home,CHC,ARI,608348,Carson Kelly,15,C,4,4,1,2,0,0,0,1,0,0,0,2,1
2026,,2026-05-01,824686,home,CHC,ARI,691718,Pete Crow-Armstrong,4,CF,4,4,1,1,0,0,0,0,0,0,0,1,3
2026,,2026-05-01,824686,home,CHC,ARI,694208,Moisés Ballesteros,25,DH,4,3,0,0,0,0,0,0,1,1,0,0,1
2026,,2026-05-01,824686,home,CHC,ARI,673548,Seiya Suzuki,27,RF,4,3,0,0,0,0,0,0,1,1,0,0,5
2026,,2026-05-01,824686,home,CHC,ARI,621020,Dansby Swanson,7,SS,4,4,1,1,0,0,0,1,0,0,0,1,1
2026,,2026-05-01,824686,home,CHC,ARI,663538,Nico Hoerner,2,2B,1,1,1,1,1,0,0,0,0,0,0,2,0
2026,,2026-05-01,824686,home,CHC,ARI,807713,Matt Shaw,6,2B,3,3,0,0,0,0,0,0,0,1,0,0,1
2026,,2026-05-01,824287,away,TEX,DET,694497,Evan Carter,32,CF,3,2,1,0,0,0,0,0,1,1,0,0,2
2026,,2026-05-01,824287,away,TEX,DET,669394,Jake Burger,21,1B,4,4,1,2,1,0,0,0,0,1,0,3,2
2026,,2026-05-01,824287,away,TEX,DET,696030,Alejandro Osuna,19,CF,4,4,0,1,1,0,0,1,0,2,0,2,3
2026,,2026-05-01,824287,away,TEX,DET,592626,Joc Pederson,3,DH,4,3,0,0,0,0,0,1,0,0,0,0,2
2026,,2026-05-01,824287,away,TEX,DET,608369,Corey Seager,5,SS,5,3,0,1,1,0,0,0,2,1,0,2,2
2026,,2026-05-01,824287,away,TEX,DET,673962,Josh Jung,6,3B,5,5,0,2,0,0,0,2,0,0,0,2,3
2026,,2026-05-01,824287,away,TEX,DET,677649,Ezequiel Duran,20,RF,4,3,0,0,0,0,0,0,0,1,0,0,1
2026,,2026-05-01,824287,away,TEX,DET,607043,Brandon Nimmo,24,RF,3,2,2,2,0,0,0,0,1,0,0,2,0
2026,,2026-05-01,824287,away,TEX,DET,669701,Josh Smith,8,2B,2,2,0,0,0,0,0,0,0,2,0,0,0
2026,,2026-05-01,824287,away,TEX,DET,664059,Sam Haggerty,0,LF,2,1,0,0,0,0,0,0,0,1,0,0,0
2026,,2026-05-01,824287,away,TEX,DET,643376,Danny Jansen,9,C,4,4,1,1,0,0,1,1,0,2,0,4,2
2026,,2026-05-01,824287,home,DET,TEX,701678,Hao-Yu  Lee,50,3B,4,4,0,1,0,0,0,1,0,2,0,1,1
2026,,2026-05-01,824287,home,DET,TEX,663330,Jahmai Jones,18,LF,2,2,1,1,1,0,0,0,0,0,0,2,1
2026,,2026-05-01,824287,home,DET,TEX,682985,Riley Greene,31,DH,4,4,1,2,0,0,0,1,0,1,0,2,1
2026,,2026-05-01,824287,home,DET,TEX,805808,Kevin McGonigle,7,SS,5,5,0,0,0,0,0,0,0,1,0,0,1
2026,,2026-05-01,824287,home,DET,TEX,681481,Kerry Carpenter,30,LF,2,1,1,0,0,0,0,0,1,0,0,0,0
2026,,2026-05-01,824287,home,DET,TEX,679529,Spencer Torkelson,20,1B,4,2,1,1,0,0,0,0,2,0,0,1,1
2026,,2026-05-01,824287,home,DET,TEX,650402,Gleyber Torres,25,2B,5,4,0,0,0,0,0,0,1,1,0,0,3
2026,,2026-05-01,824287,home,DET,TEX,663837,Matt Vierling,8,CF,4,4,0,0,0,0,0,0,0,1,0,0,4
2026,,2026-05-01,824287,home,DET,TEX,693307,Dillon Dingler,13,C,4,4,0,1,0,0,0,0,0,0,0,1,2
2026,,2026-05-01,824287,home,DET,TEX,672761,Wenceel Pérez,46,RF,4,4,0,1,0,0,0,2,0,0,1,1,3
2026,,2026-05-01,823389,away,CIN,PIT,682829,Elly De La Cruz,44,SS,4,4,0,0,0,0,0,1,0,1,0,0,0
2026,,2026-05-01,823389,away,CIN,PIT,701398,Sal Stewart,27,1B,4,4,0,0,0,0,0,0,0,0,0,0,0
2026,,2026-05-01,823389,away,CIN,PIT,663993,Nathaniel Lowe,31,DH,3,3,0,0,0,0,0,0,0,2,0,0,0
2026,,2026-05-01,823389,away,CIN,PIT,680574,Matt McLain,9,2B,4,4,0,0,0,0,0,0,0,2,0,0,3
2026,,2026-05-01,823389,away,CIN,PIT,663647,Ke'Bryan Hayes,3,3B,3,3,0,0,0,0,0,0,0,1,0,0,2
2026,,2026-05-01,823389,away,CIN,PIT,670770,TJ Friedl,29,CF,4,4,1,2,1,0,0,0,0,0,0,3,0
2026,,2026-05-01,823389,away,CIN,PIT,668715,Spencer Steer,7,RF,3,2,0,1,0,0,0,0,1,1,0,1,0
2026,,2026-05-01,823389,away,CIN,PIT,663886,Tyler Stephenson,37,C,3,3,0,0,0,0,0,0,0,0,0,0,3
2026,,2026-05-01,823389,away,CIN,PIT,668709,JJ Bleday,22,LF,3,3,0,0,0,0,0,0,0,0,0,0,2
2026,,2026-05-01,823389,away,CIN,PIT,677956,Rece Hinds,57,PH,1,1,0,0,0,0,0,0,0,1,0,0,0
2026,,2026-05-01,823389,home,PIT,CIN,687462,Spencer Horwitz,2,1B,5,3,0,0,0,0,0,0,2,0,0,0,4
2026,,2026-05-01,823389,home,PIT,CIN,664040,Brandon Lowe,5,2B,5,4,0,0,0,0,0,0,1,0,0,0,1
2026,,2026-05-01,823389,home,PIT,CIN,668804,Bryan Reynolds,10,LF,5,4,2,2,0,1,1,2,1,1,0,7,2
2026,,2026-05-01,823389,home,PIT,CIN,665833,Oneil Cruz,15,CF,5,5,0,1,1,0,0,0,0,3,0,2,1
2026,,2026-05-01,823389,home,PIT,CIN,663968,Jake Mangum,28,LF,0,0,0,0,0,0,0,0,0,0,0,0,0
2026,,2026-05-01,823389,home,PIT,CIN,695257,Billy Cook,25,RF,0,0,0,0,0,0,0,0,0,0,0,0,0
2026,,2026-05-01,823389,home,PIT,CIN,680779,Henry Davis,32,C,4,3,3,2,0,0,2,3,1,0,0,8,3
2026,,2026-05-01,823389,home,PIT,CIN,804606,Konnor Griffin,6,SS,5,4,1,1,0,0,0,1,1,0,0,1,2
2026,,2026-05-01,823389,home,PIT,CIN,656811,Ryan O'Hearn,29,RF,5,5,1,2,0,0,0,1,0,0,0,2,3
2026,,2026-05-01,823389,home,PIT,CIN,693304,Nick Gonzales,3,3B,5,4,1,3,0,0,0,0,1,0,0,3,0
2026,,2026-05-01,823389,home,PIT,CIN,542303,Marcell Ozuna,24,DH,5,4,1,1,0,0,1,2,1,1,0,4,3
2026,,2026-05-01,822744,away,MIL,WSN,650859,Luis Rengifo,13,3B,5,4,0,1,0,0,0,1,1,0,0,1,7
2026,,2026-05-01,822744,away,MIL,WSN,687401,Joey Ortiz,3,SS,0,0,0,0,0,0,0,0,0,0,0,0,0
2026,,2026-05-01,822744,away,MIL,WSN,641343,Jake Bauers,9,1B,5,3,0,0,0,0,0,0,2,2,0,0,3
2026,,2026-05-01,822744,away,MIL,WSN,686217,Sal Frelick,10,RF,5,5,1,1,0,0,0,0,0,0,0,1,4
2026,,2026-05-01,822744,away,MIL,WSN,672012,Tyler Black,7,DH,3,3,0,2,2,0,0,1,0,1,0,4,1
2026,,2026-05-01,822744,away,MIL,WSN,669003,Garrett Mitchell,5,CF,6,6,1,1,1,0,0,0,0,3,0,2,6
2026,,2026-05-01,822744,away,MIL,WSN,666152,David Hamilton,6,3B,5,4,1,2,0,0,0,0,1,0,2,2,1
2026,,2026-05-01,822744,away,MIL,WSN,663368,Blake Perkins,16,LF,5,5,1,0,0,0,0,0,0,1,0,0,3
2026,,2026-05-01,822744,away,MIL,WSN,661388,William Contreras,24,C,5,5,1,4,0,0,0,3,0,0,0,4,0
2026,,2026-05-01,822744,away,MIL,WSN,668930,Brice Turang,2,2B,5,4,1,1,0,0,0,0,1,0,0,1,4
2026,,2026-05-01,822744,away,MIL,WSN,596142,Gary Sánchez,99,DH,2,2,0,0,0,0,0,0,0,0,0,0,2
2026,,2026-05-01,822744,home,WSN,MIL,691781,Brady House,12,3B,3,2,0,0,0,0,0,1,1,1,0,0,1
2026,,2026-05-01,822744,home,WSN,MIL,682928,CJ Abrams,5,SS,4,3,1,0,0,0,0,0,1,1,0,0,1
2026,,2026-05-01,822744,home,WSN,MIL,683083,Nasim Nuñez,26,2B,0,0,0,0,0,0,0,0,0,0,0,0,0
2026,,2026-05-01,822744,home,WSN,MIL,686452,Drew Millas,14,C,3,2,0,0,0,0,0,0,1,1,0,0,1
2026,,2026-05-01,822744,home,WSN,MIL,678391,Jorbit Vivas,84,2B,2,2,0,0,0,0,0,0,0,2,0,0,1
2026,,2026-05-01,822744,home,WSN,MIL,686894,Joey Wiemer,21,PH,1,1,0,0,0,0,0,0,0,1,0,0,1
2026,,2026-05-01,822744,home,WSN,MIL,678554,Curtis Mead,45,1B,4,3,0,0,0,0,0,0,1,1,0,0,2
2026,,2026-05-01,822744,home,WSN,MIL,695734,Daylen Lile,4,LF,4,3,0,1,1,0,0,0,1,1,0,2,0
2026,,2026-05-01,822744,home,WSN,MIL,677588,José Tena,8,PH,1,1,0,0,0,0,0,0,0,0,0,0,1
2026,,2026-05-01,822744,home,WSN,MIL,695578,James Wood,29,RF,4,4,0,0,0,0,0,0,0,2,0,0,2
2026,,2026-05-01,822744,home,WSN,MIL,696285,Jacob Young,30,CF,3,3,0,1,0,0,0,0,0,1,0,1,0
2026,,2026-05-01,822744,home,WSN,MIL,671277,Luis García Jr.,2,DH,4,4,0,0,0,0,0,0,0,2,0,0,2
2026,,2026-05-01,823557,away,BAL,NYY,669236,Jeremiah Jackson,82,2B,0,0,0,0,0,0,0,0,0,0,0,0,0
2026,,2026-05-01,823557,away,BAL,NYY,694212,Samuel Basallo,29,C,4,4,0,1,0,0,0,0,0,1,0,1,1
2026,,2026-05-01,823557,away,BAL,NYY,683002,Gunnar Henderson,2,SS,4,4,0,0,0,0,0,0,0,2,0,0,1
2026,,2026-05-01,823557,away,BAL,NYY,665750,Leody Taveras,30,CF,3,3,0,0,0,0,0,0,0,0,0,0,1
2026,,2026-05-01,823557,away,BAL,NYY,621493,Taylor Ward,3,LF,4,4,0,0,0,0,0,0,0,3,0,0,1
2026,,2026-05-01,823557,away,BAL,NYY,687637,Dylan Beavers,12,RF,3,3,0,0,0,0,0,1,0,1,0,0,1
2026,,2026-05-01,823557,away,BAL,NYY,668939,Adley Rutschman,35,DH,4,4,0,0,0,0,0,0,0,1,0,0,0
2026,,2026-05-01,823557,away,BAL,NYY,677942,Blaze Alexander,23,3B,3,3,0,1,0,0,0,0,0,1,0,1,0
2026,,2026-05-01,823557,away,BAL,NYY,624413,Pete Alonso,25,1B,4,2,2,1,0,0,1,1,2,0,0,4,0
2026,,2026-05-01,823557,away,BAL,NYY,681297,Colton Cowser,17,PH,1,1,0,0,0,0,0,0,0,1,0,0,0
2026,,2026-05-01,823557,away,BAL,NYY,691723,Coby Mayo,16,3B,2,2,0,0,0,0,0,0,0,2,0,0,0
2026,,2026-05-01,823557,home,NYY,BAL,676609,José Caballero,72,SS,4,4,1,1,0,0,1,1,0,1,0,4,4
2026,,2026-05-01,823557,home,NYY,BAL,642708,Amed Rosario,14,3B,4,3,0,1,0,0,0,1,1,2,0,1,3
2026,,2026-05-01,823557,home,NYY,BAL,592450,Aaron Judge,99,RF,5,3,2,2,0,0,0,1,2,1,0,2,0
2026,,2026-05-01,823557,home,NYY,BAL,641857,Ryan McMahon,19,3B,0,0,0,0,0,0,0,0,0,0,0,0,0
2026,,2026-05-01,823557,home,NYY,BAL,502671,Paul Goldschmidt,48,1B,5,4,1,0,0,0,0,0,1,0,0,0,1
2026,,2026-05-01,823557,home,NYY,BAL,669224,Austin Wells,28,C,4,4,1,1,0,0,0,0,0,1,0,1,0
2026,,2026-05-01,823557,home,NYY,BAL,700250,Ben Rice,22,DH,5,5,1,2,0,0,1,3,0,0,0,5,0
2026,,2026-05-01,823557,home,NYY,BAL,641355,Cody Bellinger,35,LF,5,4,0,2,2,0,0,1,1,2,0,4,2
2026,,2026-05-01,823557,home,NYY,BAL,665862,Jazz Chisholm Jr.,13,2B,4,3,0,1,0,0,0,0,1,1,0,1,1
2026,,2026-05-01,823557,home,NYY,BAL,663757,Trent Grisham,12,CF,4,4,1,1,1,0,0,0,0,0,0,2,1
2026,,2026-05-01,824772,away,HOU,BOS,694376,Shay Whitcomb,14,PH,1,1,0,0,0,0,0,0,0,0,0,0,0
2026,,2026-05-01,824772,away,HOU,BOS,670623,Isaac Paredes,15,3B,4,3,0,2,0,0,0,0,1,0,0,2,0
2026,,2026-05-01,824772,away,HOU,BOS,701358,Cam Smith,11,RF,4,4,0,0,0,0,0,0,0,2,0,0,5
2026,,2026-05-01,824772,away,HOU,BOS,687957,Dustin Harris,37,LF,2,2,0,1,0,0,0,0,0,0,0,1,1
2026,,2026-05-01,824772,away,HOU,BOS,694728,Brice Matthews,0,CF,4,4,0,1,0,0,0,0,0,2,1,1,0
2026,,2026-05-01,824772,away,HOU,BOS,514888,Jose Altuve,27,2B,4,4,0,1,0,0,0,0,0,0,0,1,3
2026,,2026-05-01,824772,away,HOU,BOS,669288,Daniel Johnson,31,LF,0,0,0,0,0,0,0,0,0,0,0,0,0
2026,,2026-05-01,824772,away,HOU,BOS,621043,Carlos Correa,1,SS,5,5,1,3,1,0,1,1,0,0,0,7,1
2026,,2026-05-01,824772,away,HOU,BOS,572233,Christian Walker,8,1B,4,3,0,1,0,0,0,0,1,1,0,1,2
2026,,2026-05-01,824772,away,HOU,BOS,543877,Christian Vázquez,2,PH,1,1,0,0,0,0,0,0,0,0,0,0,0
2026,,2026-05-01,824772,away,HOU,BOS,673237,Yainer Diaz,21,C,4,4,0,2,1,0,0,0,0,0,0,3,2
2026,,2026-05-01,824772,away,HOU,BOS,670541,Yordan Alvarez,44,DH,5,5,0,0,0,0,0,0,0,1,0,0,3
2026,,2026-05-01,824772,home,BOS,HOU,701350,Roman Anthony,19,DH,4,4,0,3,1,0,0,0,0,0,0,4,1
2026,,2026-05-01,824772,home,BOS,HOU,575929,Willson Contreras,40,1B,4,3,0,1,0,0,0,0,0,2,0,1,0
2026,,2026-05-01,824772,home,BOS,HOU,596115,Trevor Story,10,SS,4,4,0,2,0,0,0,0,0,0,0,2,2
2026,,2026-05-01,824772,home,BOS,HOU,677800,Wilyer Abreu,52,RF,4,4,0,0,0,0,0,0,0,0,0,0,5
2026,,2026-05-01,824772,home,BOS,HOU,702332,Caleb Durbin,5,3B,3,3,1,1,0,0,0,0,0,0,0,1,2
2026,,2026-05-01,824772,home,BOS,HOU,665966,Carlos Narváez,75,C,3,2,1,0,0,0,0,0,1,1,0,0,2
2026,,2026-05-01,824772,home,BOS,HOU,680776,Jarren Duran,16,LF,4,4,1,1,0,0,1,3,0,0,0,4,2
2026,,2026-05-01,824772,home,BOS,HOU,678882,Ceddanne Rafaela,3,CF,3,3,0,1,0,0,0,0,0,0,0,1,0
2026,,2026-05-01,824772,home,BOS,HOU,691785,Marcelo Mayer,11,2B,4,4,0,1,0,0,0,0,0,1,0,1,2
2026,,2026-05-01,822990,away,SFG,TBR,669477,Casey Schmitt,10,DH,3,3,0,1,0,0,0,0,0,0,0,1,0
2026,,2026-05-01,822990,away,SFG,TBR,666464,Jerar Encarnacion,19,RF,2,2,0,0,0,0,0,0,0,1,0,0,2
2026,,2026-05-01,822990,away,SFG,TBR,671218,Heliot Ramos,17,LF,4,4,0,0,0,0,0,0,0,1,0,0,1
2026,,2026-05-01,822990,away,SFG,TBR,686823,Will Brennan,7,PH,1,1,0,0,0,0,0,0,0,1,0,0,0
2026,,2026-05-01,822990,away,SFG,TBR,656305,Matt Chapman,26,3B,4,4,0,0,0,0,0,0,0,2,0,0,0
2026,,2026-05-01,822990,away,SFG,TBR,672275,Patrick Bailey,14,C,2,2,0,1,0,0,0,0,0,0,0,1,0
2026,,2026-05-01,822990,away,SFG,TBR,808982,Jung Hoo Lee,51,RF,3,3,0,1,0,0,0,0,0,0,0,1,1
2026,,2026-05-01,822990,away,SFG,TBR,687551,Drew Gilbert,0,CF,1,1,0,0,0,0,0,0,0,0,0,0,0
2026,,2026-05-01,822990,away,SFG,TBR,646240,Rafael Devers,16,1B,3,3,0,1,0,0,0,0,0,1,0,1,1
2026,,2026-05-01,822990,away,SFG,TBR,606992,Eric Haase,18,C,0,0,0,0,0,0,0,0,0,0,0,0,0
2026,,2026-05-01,822990,away,SFG,TBR,642715,Willy Adames,2,SS,3,3,0,1,0,0,0,0,0,1,0,1,2
2026,,2026-05-01,822990,away,SFG,TBR,650333,Luis Arraez,1,2B,4,4,0,1,1,0,0,0,0,0,0,2,0
2026,,2026-05-01,822990,home,TBR,SFG,670764,Taylor Walls,6,SS,3,3,1,2,1,0,0,0,0,0,1,3,0
2026,,2026-05-01,822990,home,TBR,SFG,668723,Ryan Vilade,26,1B,3,3,0,0,0,0,0,0,0,0,0,0,0
2026,,2026-05-01,822990,home,TBR,SFG,641584,Jake Fraley,17,RF,3,3,0,0,0,0,0,0,0,2,0,0,0
2026,,2026-05-01,822990,home,TBR,SFG,802415,Chandler Simpson,14,LF,4,3,0,1,0,0,0,1,0,1,0,1,1
2026,,2026-05-01,822990,home,TBR,SFG,676356,Jonny DeLuca,21,CF,3,3,0,0,0,0,0,0,0,0,0,0,0
2026,,2026-05-01,822990,home,TBR,SFG,666018,Jonathan Aranda,8,DH,1,1,0,0,0,0,0,0,0,0,0,0,0
2026,,2026-05-01,822990,home,TBR,SFG,663743,Nick Fortes,40,C,3,3,0,0,0,0,0,0,0,1,0,0,0
2026,,2026-05-01,822990,home,TBR,SFG,650490,Yandy Díaz,2,DH,2,2,1,1,0,0,1,1,0,0,0,4,0
2026,,2026-05-01,822990,home,TBR,SFG,810938,Ben Williamson,15,2B,3,3,0,0,0,0,0,0,0,1,0,0,0
2026,,2026-05-01,822990,home,TBR,SFG,691406,Junior Caminero,13,3B,3,3,1,1,0,0,1,1,0,1,0,4,0
2026,,2026-05-01,823877,away,PHI,MIA,669016,Brandon Marsh,16,LF,4,3,2,1,0,0,0,0,0,0,0,1,2
2026,,2026-05-01,823877,away,PHI,MIA,702222,Justin Crawford,2,CF,4,3,0,1,1,0,0,1,1,0,0,2,1
2026,,2026-05-01,823877,away,PHI,MIA,547180,Bryce Harper,3,1B,5,4,1,1,1,0,0,0,1,1,1,2,0
2026,,2026-05-01,823877,away,PHI,MIA,624641,Edmundo Sosa,33,SS,4,4,1,2,0,0,0,1,0,1,1,2,1
2026,,2026-05-01,823877,away,PHI,MIA,664761,Alec Bohm,28,3B,4,4,0,2,0,0,0,1,0,0,0,2,1
2026,,2026-05-01,823877,away,PHI,MIA,681082,Bryson Stott,5,2B,4,3,2,1,0,0,1,3,1,0,1,4,1
2026,,2026-05-01,823877,away,PHI,MIA,656941,Kyle Schwarber,12,DH,5,5,0,0,0,0,0,0,0,5,0,0,0
2026,,2026-05-01,823877,away,PHI,MIA,665561,Rafael Marchán,13,C,4,4,0,0,0,0,0,0,0,1,0,0,5
2026,,2026-05-01,823877,away,PHI,MIA,664238,Dylan Moore,25,LF,1,1,0,0,0,0,0,0,0,1,0,0,0
2026,,2026-05-01,823877,away,PHI,MIA,666969,Adolis García,53,RF,5,5,0,1,0,0,0,0,0,1,0,1,2
2026,,2026-05-01,823877,home,MIA,PHI,666624,Christopher Morel,5,1B,4,3,0,1,0,0,0,0,0,1,0,1,3
2026,,2026-05-01,823877,home,MIA,PHI,805300,Jakob Marsee,87,CF,5,5,1,1,0,0,0,0,0,3,0,1,2
2026,,2026-05-01,823877,home,MIA,PHI,691594,Javier Sanoja,8,LF,4,3,1,0,0,0,0,0,1,2,0,0,3
2026,,2026-05-01,823877,home,MIA,PHI,669364,Xavier Edwards,9,2B,5,5,0,1,1,0,0,1,0,0,0,2,3
2026,,2026-05-01,823877,home,MIA,PHI,669065,Kyle Stowers,28,RF,5,4,1,0,0,0,0,0,1,3,0,0,2
2026,,2026-05-01,823877,home,MIA,PHI,689414,Liam Hicks,34,C,4,2,0,0,0,0,0,1,1,0,0,0,1
2026,,2026-05-01,823877,home,MIA,PHI,683357,Owen Caissie,17,RF,3,3,0,0,0,0,0,0,0,1,0,0,2
2026,,2026-05-01,823877,home,MIA,PHI,682663,Agustín Ramírez,50,DH,4,3,0,1,0,0,0,1,1,2,0,1,1
2026,,2026-05-01,823877,home,MIA,PHI,681393,Connor Norby,1,3B,1,1,0,1,1,0,0,0,0,0,0,2,0
2026,,2026-05-01,823877,home,MIA,PHI,672640,Otto Lopez,6,SS,5,5,2,3,1,0,0,2,0,0,0,4,0
2026,,2026-05-01,823713,away,TOR,MIN,672820,Lenyn Sosa,50,2B,4,4,2,3,1,0,0,0,0,0,0,4,1
2026,,2026-05-01,823713,away,TOR,MIN,662139,Daulton Varsho,5,CF,5,5,1,1,0,0,0,0,0,0,0,1,1
2026,,2026-05-01,823713,away,TOR,MIN,665926,Andrés Giménez,0,SS,4,4,0,0,0,0,0,0,0,1,0,0,5
2026,,2026-05-01,823713,away,TOR,MIN,676914,Davis Schneider,36,LF,0,0,0,0,0,0,0,0,0,0,0,0,0
2026,,2026-05-01,823713,away,TOR,MIN,543807,George Springer,4,DH,5,5,0,1,0,0,0,0,0,0,0,1,3
2026,,2026-05-01,823713,away,TOR,MIN,682818,Yohendrick Pinango,24,LF,4,4,0,3,0,0,0,2,0,0,0,3,0
2026,,2026-05-01,823713,away,TOR,MIN,623168,Tyler Heineman,55,C,4,3,0,1,0,0,0,0,0,1,0,1,1
2026,,2026-05-01,823713,away,TOR,MIN,665489,Vladimir Guerrero Jr.,27,1B,5,4,1,0,0,0,0,0,1,0,0,0,1
2026,,2026-05-01,823713,away,TOR,MIN,660821,Jesús Sánchez,12,RF,5,5,0,0,0,0,0,0,0,1,0,0,2
2026,,2026-05-01,823713,away,TOR,MIN,664702,Myles Straw,3,RF,0,0,0,0,0,0,0,0,0,0,0,0,0
2026,,2026-05-01,823713,away,TOR,MIN,672960,Kazuma Okamoto,7,3B,5,4,3,2,0,0,2,3,1,0,0,8,0
2026,,2026-05-01,823713,home,MIN,TOR,605170,Victor Caratini,37,C,4,3,0,0,0,0,0,0,0,1,0,0,0
2026,,2026-05-01,823713,home,MIN,TOR,686797,Brooks Lee,22,SS,4,4,2,2,0,0,0,0,0,1,0,2,0
2026,,2026-05-01,823713,home,MIN,TOR,668885,Austin Martin,16,RF,5,5,0,3,0,0,0,0,0,0,0,3,1
2026,,2026-05-01,823713,home,MIN,TOR,605137,Josh Bell,56,1B,4,4,0,1,0,0,0,0,0,1,0,1,3
2026,,2026-05-01,823713,home,MIN,TOR,680777,Ryan Jeffers,27,DH,5,4,0,1,0,0,0,1,0,2,0,1,3
2026,,2026-05-01,823713,home,MIN,TOR,681546,James Outman,30,LF,4,4,0,1,0,0,0,0,0,1,0,1,2
2026,,2026-05-01,823713,home,MIN,TOR,668904,Royce Lewis,23,3B,4,4,0,0,0,0,0,0,0,2,0,0,3
2026,,2026-05-01,823713,home,MIN,TOR,621439,Byron Buxton,25,CF,5,4,1,2,0,0,1,2,1,0,0,5,1
2026,,2026-05-01,823713,home,MIN,TOR,807712,Luke Keaschall,15,2B,4,3,0,0,0,0,0,0,1,2,0,0,2
2026,,2026-05-01,823066,away,LAD,STL,669257,Will Smith,16,C,4,3,0,1,0,0,0,0,1,1,0,1,1
2026,,2026-05-01,823066,away,LAD,STL,663656,Kyle Tucker,23,RF,4,2,0,0,0,0,0,1,1,0,0,0,2
2026,,2026-05-01,823066,away,LAD,STL,571970,Max Muncy,13,3B,4,3,0,1,1,0,0,1,1,0,0,2,0
2026,,2026-05-01,823066,away,LAD,STL,518692,Freddie Freeman,5,1B,4,4,1,2,0,0,0,0,0,0,0,2,0
2026,,2026-05-01,823066,away,LAD,STL,808975,Hyeseong Kim,6,2B,2,2,0,1,1,0,0,0,0,0,0,2,1
2026,,2026-05-01,823066,away,LAD,STL,669289,Santiago Espinal,21,2B,2,2,0,0,0,0,0,0,0,2,0,0,0
2026,,2026-05-01,823066,away,LAD,STL,660271,Shohei Ohtani,17,DH,5,5,0,0,0,0,0,0,0,1,0,0,2
2026,,2026-05-01,823066,away,LAD,STL,606192,Teoscar Hernández,37,LF,4,3,0,1,0,0,0,0,1,1,0,1,1
2026,,2026-05-01,823066,away,LAD,STL,681624,Andy Pages,44,CF,4,4,1,1,0,0,0,0,0,1,0,1,6
2026,,2026-05-01,823066,away,LAD,STL,500743,Miguel Rojas,72,SS,4,4,0,0,0,0,0,0,0,0,0,0,2
2026,,2026-05-01,823066,home,STL,LAD,669357,Nolan Gorman,16,3B,4,4,1,1,0,0,1,2,0,0,0,4,3
2026,,2026-05-01,823066,home,STL,LAD,691023,Jordan Walker,18,RF,4,4,2,4,2,0,0,2,0,0,1,6,0
2026,,2026-05-01,823066,home,STL,LAD,701675,Nathan Church,27,LF,4,4,0,1,0,0,0,1,0,2,0,1,2
2026,,2026-05-01,823066,home,STL,LAD,687363,Victor Scott II,11,CF,4,4,0,0,0,0,0,0,0,2,0,0,3
2026,,2026-05-01,823066,home,STL,LAD,802139,JJ Wetherholt,26,2B,5,5,0,0,0,0,0,0,0,2,0,0,3
2026,,2026-05-01,823066,home,STL,LAD,676475,Alec Burleson,41,1B,4,3,2,1,0,0,1,1,1,1,0,4,1
2026,,2026-05-01,823066,home,STL,LAD,686780,Pedro Pagés,43,C,4,4,0,1,1,0,0,0,0,2,0,2,3
2026,,2026-05-01,823066,home,STL,LAD,691026,Masyn Winn,0,SS,4,3,0,2,0,0,0,0,0,0,0,2,1
2026,,2026-05-01,823066,home,STL,LAD,671056,Iván Herrera,48,DH,5,5,2,2,0,0,0,0,0,2,0,2,0
2026,,2026-05-01,824366,away,ATL,COL,641680,Jonah Heim,20,C,4,3,0,0,0,0,0,1,1,0,0,0,1
2026,,2026-05-01,824366,away,ATL,COL,663158,Robert Suarez,75,P,0,0,0,0,0,0,0,0,0,0,0,0,0
2026,,2026-05-01,824366,away,ATL,COL,671739,Michael Harris II,23,PH,1,1,1,1,0,0,1,2,0,0,0,4,0
2026,,2026-05-01,824366,away,ATL,COL,622761,Jorge Mateo,2,SS,3,3,0,0,0,0,0,0,0,1,0,0,0
2026,,2026-05-01,824366,away,ATL,COL,643289,Mauricio Dubón,14,CF,5,5,1,2,0,1,0,3,0,0,0,4,3
2026,,2026-05-01,824366,away,ATL,COL,686948,Drake Baldwin,30,C,5,4,0,0,0,0,0,0,0,2,0,0,2
2026,,2026-05-01,824366,away,ATL,COL,621566,Matt Olson,28,1B,5,3,2,1,0,0,1,1,2,0,0,4,2
2026,,2026-05-01,824366,away,ATL,COL,660670,Ronald Acuña Jr.,13,RF,5,4,1,2,0,0,0,0,1,0,1,2,0
2026,,2026-05-01,824366,away,ATL,COL,571657,Kyle Farmer,15,SS,0,0,1,0,0,0,0,0,0,0,0,0,0
2026,,2026-05-01,824366,away,ATL,COL,642201,Eli White,36,LF,2,2,0,0,0,0,0,0,0,1,0,0,2
2026,,2026-05-01,824366,away,ATL,COL,645277,Ozzie Albies,1,2B,5,4,1,1,1,0,0,0,1,0,0,2,3
2026,,2026-05-01,824366,away,ATL,COL,663586,Austin Riley,27,3B,4,3,1,2,0,0,0,1,0,1,0,2,1
2026,,2026-05-01,824366,away,ATL,COL,573262,Mike Yastrzemski,18,LF,2,2,0,0,0,0,0,0,0,1,0,0,1
2026,,2026-05-01,824366,home,COL,ATL,666160,Mickey Moniak,22,LF,5,5,2,2,0,0,1,1,0,0,0,5,1
2026,,2026-05-01,824366,home,COL,ATL,664983,Jake McCarthy,31,CF,3,2,0,0,0,0,0,0,1,0,0,0,2
2026,,2026-05-01,824366,home,COL,ATL,687859,Troy Johnston,20,DH,4,4,0,2,1,0,0,0,0,0,0,3,2
2026,,2026-05-01,824366,home,COL,ATL,650489,Willi Castro,3,3B,4,4,0,0,0,0,0,1,0,0,0,0,3
2026,,2026-05-01,824366,home,COL,ATL,671289,Tyler Freeman,2,RF,4,2,1,1,0,0,0,1,1,0,0,1,0
2026,,2026-05-01,824366,home,COL,ATL,666397,Edouard Julien,6,2B,5,4,1,0,0,0,0,0,1,3,0,0,3
2026,,2026-05-01,824366,home,COL,ATL,696100,Hunter Goodman,15,C,4,4,1,1,1,0,0,1,0,1,0,2,0
2026,,2026-05-01,824366,home,COL,ATL,687597,Jordan Beck,27,RF,0,0,0,0,0,0,0,0,0,0,0,0,0
2026,,2026-05-01,824366,home,COL,ATL,686668,Brenton Doyle,9,CF,1,1,0,1,0,0,0,0,0,0,0,1,0
2026,,2026-05-01,824366,home,COL,ATL,678662,Ezequiel Tovar,14,SS,4,3,0,0,0,0,0,0,1,1,0,0,2
2026,,2026-05-01,824366,home,COL,ATL,681198,TJ Rumfield,7,1B,4,4,1,1,0,0,0,1,0,0,0,1,0
2026,,2026-05-01,824041,away,NYM,LAA,666182,Bo Bichette,19,3B,4,4,1,2,0,0,0,0,0,1,0,2,0
2026,,2026-05-01,824041,away,NYM,LAA,621438,Tyrone Taylor,28,CF,4,3,0,0,0,0,0,0,1,0,0,0,0
2026,,2026-05-01,824041,away,NYM,LAA,682626,Francisco Alvarez,4,C,4,4,1,1,0,0,0,1,0,1,0,1,3
2026,,2026-05-01,824041,away,NYM,LAA,683146,Brett Baty,7,1B,4,2,0,0,0,0,0,0,2,1,0,0,2
2026,,2026-05-01,824041,away,NYM,LAA,701807,Carson Benge,3,RF,4,4,0,0,0,0,0,0,0,0,0,0,1
2026,,2026-05-01,824041,away,NYM,LAA,543760,Marcus Semien,10,2B,4,4,0,1,0,0,0,2,0,0,0,1,3
2026,,2026-05-01,824041,away,NYM,LAA,669004,MJ Melendez,1,DH,2,2,0,0,0,0,0,0,0,1,0,0,2
2026,,2026-05-01,824041,away,NYM,LAA,665742,Juan Soto,22,LF,4,3,1,1,0,0,0,0,1,1,0,1,0
2026,,2026-05-01,824041,away,NYM,LAA,677595,Ronny Mauricio,0,SS,3,3,1,1,0,0,1,1,0,0,0,4,1
2026,,2026-05-01,824041,away,NYM,LAA,596103,Austin Slater,40,DH,2,2,0,1,0,0,0,0,0,1,0,1,2
2026,,2026-05-01,824041,home,LAA,NYM,624428,Adam Frazier,20,LF,3,3,0,0,0,0,0,0,0,1,0,0,0
2026,,2026-05-01,824041,home,LAA,NYM,672724,Oswald Peraza,2,2B,1,1,0,0,0,0,0,0,0,0,0,0,0
2026,,2026-05-01,824041,home,LAA,NYM,687263,Zach Neto,9,SS,4,3,1,0,0,0,0,0,0,2,2,0,0
2026,,2026-05-01,824041,home,LAA,NYM,624585,Jorge Soler,12,DH,4,4,1,1,0,0,1,2,0,0,0,4,0
2026,,2026-05-01,824041,home,LAA,NYM,660162,Yoán Moncada,10,3B,4,4,0,0,0,0,0,0,0,3,0,0,1
2026,,2026-05-01,824041,home,LAA,NYM,518595,Travis d'Arnaud,25,C,2,2,0,0,0,0,0,0,0,0,0,0,0
2026,,2026-05-01,824041,home,LAA,NYM,545361,Mike Trout,27,CF,4,4,1,1,0,0,0,0,0,3,0,1,1
2026,,2026-05-01,824041,home,LAA,NYM,666176,Jo Adell,7,RF,3,3,0,0,0,0,0,0,0,3,0,0,1
2026,,2026-05-01,824041,home,LAA,NYM,687093,Vaughn Grissom,5,PH,1,1,0,0,0,0,0,0,0,1,0,0,0
2026,,2026-05-01,824041,home,LAA,NYM,694384,Nolan Schanuel,18,1B,3,3,0,1,0,0,0,0,0,0,0,1,0
2026,,2026-05-01,824041,home,LAA,NYM,666139,Josh Lowe,3,LF,2,2,0,0,0,0,0,0,0,1,0,0,0
2026,,2026-05-01,824041,home,LAA,NYM,665861,Sebastián Rivero,38,C,0,0,0,0,0,0,0,0,0,0,0,0,0
2026,,2026-05-01,825012,away,CLE,ATH,800050,Chase DeLauter,24,RF,5,4,1,4,2,0,0,2,1,0,0,6,0
2026,,2026-05-01,825012,away,CLE,ATH,683953,Travis Bazzana,37,2B,5,3,2,0,0,0,0,0,2,2,0,0,1
2026,,2026-05-01,825012,away,CLE,ATH,682177,Daniel Schneemann,10,CF,2,2,0,0,0,0,0,0,0,1,0,0,3
2026,,2026-05-01,825012,away,CLE,ATH,677587,Brayan Rocchio,4,SS,5,5,0,1,1,0,0,1,0,0,0,2,2
2026,,2026-05-01,825012,away,CLE,ATH,666310,Bo Naylor,23,C,5,5,2,2,1,0,0,1,0,1,0,3,0
2026,,2026-05-01,825012,away,CLE,ATH,608070,José Ramírez,11,3B,5,3,0,0,0,0,0,0,2,1,0,0,5
2026,,2026-05-01,825012,away,CLE,ATH,680757,Steven Kwan,38,CF,5,4,1,2,0,0,0,0,1,1,0,2,3
2026,,2026-05-01,825012,away,CLE,ATH,682657,Angel Martínez,1,LF,3,2,0,0,0,0,0,1,0,0,0,0,3
2026,,2026-05-01,825012,away,CLE,ATH,700932,Kyle Manzardo,9,1B,5,4,1,0,0,0,0,0,1,1,0,0,5
2026,,2026-05-01,825012,away,CLE,ATH,656555,Rhys Hoskins,8,DH,5,4,1,2,1,0,1,3,1,2,0,6,3
2026,,2026-05-01,825012,home,ATH,CLE,671732,Lawrence Butler,4,CF,2,2,0,0,0,0,0,0,0,0,0,0,1
2026,,2026-05-01,825012,home,ATH,CLE,667670,Brent Rooker,25,DH,5,5,1,2,0,0,1,3,0,0,0,5,1
2026,,2026-05-01,825012,home,ATH,CLE,680869,Zack Gelof,20,CF,2,2,0,1,0,0,0,2,0,1,0,1,1
2026,,2026-05-01,825012,home,ATH,CLE,643446,Jeff McNeil,22,2B,4,4,0,2,1,0,0,0,0,0,0,3,2
2026,,2026-05-01,825012,home,ATH,CLE,666126,Carlos Cortes,26,PH,1,1,0,0,0,0,0,0,0,0,0,0,0
2026,,2026-05-01,825012,home,ATH,CLE,691016,Tyler Soderstrom,21,LF,5,4,1,1,1,0,0,0,1,1,0,2,4
2026,,2026-05-01,825012,home,ATH,CLE,687231,Darell Hernaiz,2,3B,4,2,1,0,0,0,0,0,2,1,0,0,3
2026,,2026-05-01,825012,home,ATH,CLE,701762,Nick Kurtz,16,1B,5,4,0,0,0,0,0,0,1,1,0,0,4
2026,,2026-05-01,825012,home,ATH,CLE,687515,Colby Thomas,32,RF,4,3,0,1,0,0,0,0,0,1,0,1,4
2026,,2026-05-01,825012,home,ATH,CLE,669127,Shea Langeliers,23,C,5,4,1,1,0,0,0,0,1,1,0,1,5
2026,,2026-05-01,825012,home,ATH,CLE,805779,Jacob Wilson,5,SS,5,4,1,1,0,0,0,0,1,0,0,1,3
2026,,2026-05-01,823309,away,CHW,SDP,671976,Tristan Peters,29,CF,4,3,1,1,0,0,0,1,1,1,0,1,0
2026,,2026-05-01,823309,away,CHW,SDP,682668,Luisangel Acuña,0,SS,1,1,0,0,0,0,0,0,0,1,0,0,0
2026,,2026-05-01,823309,away,CHW,SDP,808959,Munetaka Murakami,5,1B,5,3,1,1,0,0,1,3,2,0,0,4,0
2026,,2026-05-01,823309,away,CHW,SDP,805367,Chase Meidroth,10,2B,4,4,1,1,1,0,0,0,0,0,0,2,0
2026,,2026-05-01,823309,away,CHW,SDP,695657,Colson Montgomery,12,SS,4,3,2,1,0,0,1,1,1,0,0,4,0
2026,,2026-05-01,823309,away,CHW,SDP,691011,Drew Romo,36,C,4,1,1,0,0,0,0,0,3,0,0,0,0
2026,,2026-05-01,823309,away,CHW,SDP,669720,Austin Hays,21,RF,4,4,1,1,0,0,0,1,0,0,0,1,1
2026,,2026-05-01,823309,away,CHW,SDP,643217,Andrew Benintendi,23,DH,5,4,0,0,0,0,0,1,0,2,0,0,4
2026,,2026-05-01,823309,away,CHW,SDP,803011,Sam Antonacci,17,LF,4,4,1,2,0,0,0,1,0,0,0,2,0
2026,,2026-05-01,823309,away,CHW,SDP,656537,Derek Hill,25,RF,0,0,0,0,0,0,0,0,0,0,0,0,0
2026,,2026-05-01,823309,away,CHW,SDP,678246,Miguel Vargas,20,3B,5,5,0,1,0,0,0,0,0,1,0,1,2
2026,,2026-05-01,823309,home,SDP,CHW,666023,Freddy Fermin,54,C,4,4,0,1,1,0,0,0,0,1,0,2,0
2026,,2026-05-01,823309,home,SDP,CHW,592206,Nick Castellanos,21,RF,4,4,0,0,0,0,0,0,0,0,0,0,0
2026,,2026-05-01,823309,home,SDP,CHW,657656,Ramón Laureano,5,LF,4,4,0,0,0,0,0,0,0,1,0,0,1
2026,,2026-05-01,823309,home,SDP,CHW,592518,Manny Machado,13,3B,4,3,0,1,0,0,0,1,1,0,0,1,1
2026,,2026-05-01,823309,home,SDP,CHW,609280,Miguel Andujar,41,DH,4,4,0,1,0,0,0,1,0,0,0,1,3
2026,,2026-05-01,823309,home,SDP,CHW,665487,Fernando Tatis Jr.,23,2B,4,3,1,3,0,1,0,0,1,0,1,5,0
2026,,2026-05-01,823309,home,SDP,CHW,664034,Ty France,25,1B,4,4,0,0,0,0,0,0,0,0,0,0,3
2026,,2026-05-01,823309,home,SDP,CHW,669369,Bryce Johnson,29,CF,4,3,1,0,0,0,0,0,1,2,0,0,1
2026,,2026-05-01,823309,home,SDP,CHW,593428,Xander Bogaerts,2,SS,4,3,0,0,0,0,0,0,1,1,0,0,2
2026,,2026-05-01,823146,away,KCR,SEA,695600,Carter Jensen,22,DH,4,4,0,0,0,0,0,0,0,0,0,0,2
2026,,2026-05-01,823146,away,KCR,SEA,686555,Isaac Collins,1,LF,4,4,0,1,1,0,0,1,0,1,0,2,1
2026,,2026-05-01,823146,away,KCR,SEA,521692,Salvador Perez,13,C,4,4,2,2,2,0,0,2,0,1,0,4,0
2026,,2026-05-01,823146,away,KCR,SEA,686681,Michael Massey,19,2B,4,4,0,1,0,0,0,0,0,0,0,1,1
2026,,2026-05-01,823146,away,KCR,SEA,686469,Vinnie Pasquantino,9,1B,5,5,2,2,0,0,1,2,0,2,0,5,2
2026,,2026-05-01,823146,away,KCR,SEA,664728,Kyle Isbel,28,CF,4,4,0,0,0,0,0,0,0,1,0,0,2
2026,,2026-05-01,823146,away,KCR,SEA,672580,Maikel Garcia,11,3B,5,4,1,1,0,0,0,0,1,1,0,1,0
2026,,2026-05-01,823146,away,KCR,SEA,657041,Lane Thomas,15,RF,1,1,0,1,0,0,0,1,0,0,0,1,0
2026,,2026-05-01,823146,away,KCR,SEA,695506,Jac Caglianone,14,RF,3,3,1,1,0,0,1,1,0,0,0,4,1
2026,,2026-05-01,823146,away,KCR,SEA,677951,Bobby Witt Jr.,7,SS,5,4,1,1,0,0,0,0,1,1,0,1,0
2026,,2026-05-01,823146,home,SEA,KCR,647304,Josh Naylor,12,1B,4,4,0,1,0,0,0,0,0,1,0,1,0
2026,,2026-05-01,823146,home,SEA,KCR,702284,Cole Young,2,2B,4,4,0,0,0,0,0,0,0,0,0,0,3
2026,,2026-05-01,823146,home,SEA,KCR,641487,J.P. Crawford,3,SS,5,4,2,1,0,0,0,0,1,1,0,1,1
2026,,2026-05-01,823146,home,SEA,KCR,668227,Randy Arozarena,56,LF,4,4,1,1,0,0,1,1,0,3,0,4,1
2026,,2026-05-01,823146,home,SEA,KCR,686527,Dominic Canzone,8,RF,2,2,0,0,0,0,0,0,0,1,0,0,2
2026,,2026-05-01,823146,home,SEA,KCR,663728,Cal Raleigh,29,C,5,4,0,0,0,0,0,0,1,2,0,0,3
2026,,2026-05-01,823146,home,SEA,KCR,656582,Connor Joe,9,RF,2,2,1,1,0,0,1,1,0,0,0,4,0
2026,,2026-05-01,823146,home,SEA,KCR,641598,Mitch Garver,18,DH,4,2,0,0,0,0,0,0,2,1,0,0,1
2026,,2026-05-01,823146,home,SEA,KCR,677594,Julio Rodríguez,44,CF,4,4,2,2,0,0,2,4,0,2,0,8,2
2026,,2026-05-01,823146,home,SEA,KCR,660844,Leo Rivas,76,3B,4,3,0,0,0,0,0,0,1,2,1,0,0
2026,,2026-05-01,823146,home,SEA,KCR,670042,Luke Raley,20,DH,0,0,0,0,0,0,0,0,0,0,0,0,0
2026,,2026-05-02,823554,away,BAL,NYY,669236,Jeremiah Jackson,82,2B,4,4,0,0,0,0,0,0,0,0,0,0,3
2026,,2026-05-02,823554,away,BAL,NYY,694212,Samuel Basallo,29,1B,2,2,0,1,1,0,0,1,0,1,0,2,1
2026,,2026-05-02,823554,away,BAL,NYY,642215,Weston Wilson,32,3B,2,2,0,0,0,0,0,0,0,0,0,0,1
2026,,2026-05-02,823554,away,BAL,NYY,683002,Gunnar Henderson,2,SS,4,4,1,1,0,0,0,0,0,2,0,1,1
2026,,2026-05-02,823554,away,BAL,NYY,621493,Taylor Ward,3,LF,4,3,1,1,0,0,0,1,1,0,0,1,0
2026,,2026-05-02,823554,away,BAL,NYY,687637,Dylan Beavers,12,RF,2,1,1,0,0,0,0,0,1,0,2,0,0
2026,,2026-05-02,823554,away,BAL,NYY,668939,Adley Rutschman,35,C,4,4,0,0,0,0,0,0,0,1,0,0,3
2026,,2026-05-02,823554,away,BAL,NYY,641933,Tyler O'Neill,9,RF,3,1,0,0,0,0,0,0,2,0,0,0,0
2026,,2026-05-02,823554,away,BAL,NYY,677942,Blaze Alexander,23,3B,4,4,0,0,0,0,0,0,0,3,0,0,1
2026,,2026-05-02,823554,away,BAL,NYY,624413,Pete Alonso,25,DH,4,4,1,1,0,0,1,1,0,1,0,4,3
2026,,2026-05-02,823554,away,BAL,NYY,681297,Colton Cowser,17,CF,1,0,0,0,0,0,0,0,1,0,0,0,0
2026,,2026-05-02,823554,away,BAL,NYY,691723,Coby Mayo,16,1B,2,2,0,0,0,0,0,0,0,0,0,0,1
2026,,2026-05-02,823554,home,NYY,BAL,676609,José Caballero,72,SS,4,3,1,0,0,0,0,0,1,1,0,0,1
2026,,2026-05-02,823554,home,NYY,BAL,592450,Aaron Judge,99,RF,5,3,1,0,0,0,0,0,2,3,0,0,2
2026,,2026-05-02,823554,home,NYY,BAL,641857,Ryan McMahon,19,3B,4,4,1,1,1,0,0,0,0,1,0,2,1
2026,,2026-05-02,823554,home,NYY,BAL,691176,Jasson Domínguez,24,DH,4,4,0,1,0,0,0,0,0,1,0,1,4
2026,,2026-05-02,823554,home,NYY,BAL,700250,Ben Rice,22,1B,5,3,1,1,0,0,0,0,2,1,1,1,3
2026,,2026-05-02,823554,home,NYY,BAL,641555,J.C. Escarra,25,C,4,4,0,1,1,0,0,0,0,0,0,2,1
2026,,2026-05-02,823554,home,NYY,BAL,641355,Cody Bellinger,35,LF,4,4,3,4,1,0,2,4,0,0,1,11,0
2026,,2026-05-02,823554,home,NYY,BAL,665862,Jazz Chisholm Jr.,13,2B,4,3,0,1,0,0,0,1,1,0,0,1,0
2026,,2026-05-02,823554,home,NYY,BAL,663757,Trent Grisham,12,CF,5,4,2,2,1,0,1,2,1,1,0,6,0
2026,,2026-05-02,823715,away,TOR,MIN,672820,Lenyn Sosa,50,2B,5,5,2,2,0,0,1,2,0,2,0,5,0
2026,,2026-05-02,823715,away,TOR,MIN,676391,Ernie Clement,22,SS,5,5,1,1,0,0,0,0,0,1,0,1,1
2026,,2026-05-02,823715,away,TOR,MIN,662139,Daulton Varsho,5,CF,5,5,1,1,1,0,0,0,0,0,0,2,2
2026,,2026-05-02,823715,away,TOR,MIN,678218,Brandon Valenzuela,59,C,4,3,1,1,0,0,1,3,1,0,0,4,1
2026,,2026-05-02,823715,away,TOR,MIN,676914,Davis Schneider,36,LF,4,3,1,1,1,0,0,2,1,2,0,2,2
2026,,2026-05-02,823715,away,TOR,MIN,543807,George Springer,4,DH,2,1,0,0,0,0,0,0,0,0,0,0,0
2026,,2026-05-02,823715,away,TOR,MIN,665489,Vladimir Guerrero Jr.,27,1B,5,4,1,0,0,0,0,0,1,0,0,0,1
2026,,2026-05-02,823715,away,TOR,MIN,660821,Jesús Sánchez,12,DH,3,3,0,0,0,0,0,0,0,0,0,0,2
2026,,2026-05-02,823715,away,TOR,MIN,664702,Myles Straw,3,RF,4,2,2,1,0,0,1,2,2,0,0,4,0
2026,,2026-05-02,823715,away,TOR,MIN,672960,Kazuma Okamoto,7,3B,5,5,2,2,0,0,1,2,0,0,0,5,0
2026,,2026-05-02,823715,home,MIN,TOR,665019,Kody Clemens,2,1B,4,4,1,1,0,0,0,0,0,1,0,1,1
2026,,2026-05-02,823715,home,MIN,TOR,686797,Brooks Lee,22,SS,3,3,0,1,0,0,0,1,0,2,0,1,0
2026,,2026-05-02,823715,home,MIN,TOR,656484,Tristan Gray,4,3B,3,3,1,1,0,0,0,0,0,1,0,1,1
2026,,2026-05-02,823715,home,MIN,TOR,605137,Josh Bell,56,DH,4,4,0,0,0,0,0,0,0,1,0,0,2
2026,,2026-05-02,823715,home,MIN,TOR,680777,Ryan Jeffers,27,C,4,4,0,0,0,0,0,0,0,0,0,0,1
2026,,2026-05-02,823715,home,MIN,TOR,663616,Trevor Larnach,9,LF,4,4,0,2,1,0,0,1,0,1,0,3,0
2026,,2026-05-02,823715,home,MIN,TOR,621439,Byron Buxton,25,CF,4,4,1,1,0,0,1,1,0,0,0,4,2
2026,,2026-05-02,823715,home,MIN,TOR,670242,Matt Wallner,38,RF,4,4,0,0,0,0,0,0,0,1,0,0,3
2026,,2026-05-02,823715,home,MIN,TOR,807712,Luke Keaschall,15,2B,4,3,1,1,1,0,0,0,1,0,0,2,0
2026,,2026-05-02,824685,away,ARI,CHC,571448,Nolan Arenado,28,DH,3,3,0,1,0,0,0,0,0,1,0,1,1
2026,,2026-05-02,824685,away,ARI,CHC,606466,Ketel Marte,4,2B,4,4,0,0,0,0,0,0,0,2,0,0,0
2026,,2026-05-02,824685,away,ARI,CHC,545121,Ildemaro Vargas,6,1B,4,4,0,0,0,0,0,0,0,0,0,0,2
2026,,2026-05-02,824685,away,ARI,CHC,672695,Geraldo Perdomo,2,SS,4,4,0,1,0,0,0,0,0,0,0,1,0
2026,,2026-05-02,824685,away,ARI,CHC,699912,Jose Fernandez,11,3B,3,2,0,0,0,0,0,0,1,1,0,0,1
2026,,2026-05-02,824685,away,ARI,CHC,682998,Corbin Carroll,7,RF,4,4,0,1,0,0,0,0,0,0,0,1,1
2026,,2026-05-02,824685,away,ARI,CHC,666971,Lourdes Gurriel Jr.,12,LF,4,4,0,1,1,0,0,0,0,1,0,2,1
2026,,2026-05-02,824685,away,ARI,CHC,543510,James McCann,8,C,3,3,0,0,0,0,0,0,0,1,0,0,3
2026,,2026-05-02,824685,away,ARI,CHC,678489,Jorge Barrosa,1,CF,3,3,0,0,0,0,0,0,0,0,0,0,1
2026,,2026-05-02,824685,home,CHC,ARI,664023,Ian Happ,8,LF,4,3,2,3,1,1,1,1,1,0,0,9,0
2026,,2026-05-02,824685,home,CHC,ARI,608324,Alex Bregman,3,3B,4,4,0,0,0,0,0,0,0,2,0,0,2
2026,,2026-05-02,824685,home,CHC,ARI,683737,Michael Busch,29,1B,4,3,0,1,1,0,0,0,1,1,0,2,0
2026,,2026-05-02,824685,home,CHC,ARI,691718,Pete Crow-Armstrong,4,CF,4,3,0,0,0,0,0,0,1,1,0,0,0
2026,,2026-05-02,824685,home,CHC,ARI,665804,Miguel Amaya,9,C,3,2,0,0,0,0,0,0,1,1,0,0,0
2026,,2026-05-02,824685,home,CHC,ARI,694208,Moisés Ballesteros,25,DH,4,4,0,0,0,0,0,0,0,1,0,0,3
2026,,2026-05-02,824685,home,CHC,ARI,673548,Seiya Suzuki,27,RF,4,3,0,0,0,0,0,1,0,0,0,0,4
2026,,2026-05-02,824685,home,CHC,ARI,621020,Dansby Swanson,7,SS,3,3,0,1,0,0,0,0,0,0,0,1,2
2026,,2026-05-02,824685,home,CHC,ARI,807713,Matt Shaw,6,2B,3,3,0,0,0,0,0,0,0,1,0,0,1
2026,,2026-05-02,825014,away,CLE,ATH,800050,Chase DeLauter,24,DH,5,3,1,2,0,0,0,0,2,0,0,2,0
2026,,2026-05-02,825014,away,CLE,ATH,595978,Austin Hedges,27,C,5,5,3,3,2,0,1,1,0,1,0,8,2
2026,,2026-05-02,825014,away,CLE,ATH,683953,Travis Bazzana,37,2B,5,4,1,1,0,0,0,2,1,1,1,1,2
2026,,2026-05-02,825014,away,CLE,ATH,677587,Brayan Rocchio,4,SS,5,4,1,1,0,0,0,1,1,0,1,1,1
2026,,2026-05-02,825014,away,CLE,ATH,690984,Petey Halpin,0,CF,1,1,0,0,0,0,0,0,0,0,0,0,1
2026,,2026-05-02,825014,away,CLE,ATH,681807,David Fry,6,RF,4,3,1,1,0,0,1,2,1,1,0,4,2
2026,,2026-05-02,825014,away,CLE,ATH,608070,José Ramírez,11,3B,6,6,1,1,1,0,0,2,0,1,1,2,5
2026,,2026-05-02,825014,away,CLE,ATH,680757,Steven Kwan,38,LF,6,4,3,1,0,0,0,1,1,1,0,1,1
2026,,2026-05-02,825014,away,CLE,ATH,682657,Angel Martínez,1,RF,6,6,1,3,0,0,0,0,0,1,0,3,3
2026,,2026-05-02,825014,away,CLE,ATH,700932,Kyle Manzardo,9,1B,1,1,1,1,0,0,1,3,0,0,0,4,0
2026,,2026-05-02,825014,away,CLE,ATH,656555,Rhys Hoskins,8,1B,4,2,1,0,0,0,0,1,0,2,0,0,0
2026,,2026-05-02,825014,home,ATH,CLE,671732,Lawrence Butler,4,CF,4,2,0,1,0,0,0,0,2,0,0,1,2
2026,,2026-05-02,825014,home,ATH,CLE,667670,Brent Rooker,25,DH,4,4,1,2,0,0,0,0,0,1,0,2,1
2026,,2026-05-02,825014,home,ATH,CLE,643446,Jeff McNeil,22,2B,4,3,0,2,0,0,0,2,0,0,0,2,0
2026,,2026-05-02,825014,home,ATH,CLE,642851,Austin Wynns,29,C,0,0,0,0,0,0,0,0,0,0,0,0,0
2026,,2026-05-02,825014,home,ATH,CLE,666126,Carlos Cortes,26,RF,5,5,2,2,0,0,0,0,0,0,0,2,2
2026,,2026-05-02,825014,home,ATH,CLE,691016,Tyler Soderstrom,21,LF,5,5,0,0,0,0,0,0,0,1,0,0,1
2026,,2026-05-02,825014,home,ATH,CLE,687231,Darell Hernaiz,2,SS,4,4,0,0,0,0,0,0,0,0,0,0,8
2026,,2026-05-02,825014,home,ATH,CLE,701762,Nick Kurtz,16,1B,5,5,1,2,0,0,0,1,0,2,0,2,0
2026,,2026-05-02,825014,home,ATH,CLE,695391,Brett Harris,11,3B,1,1,0,0,0,0,0,0,0,1,0,0,1
2026,,2026-05-02,825014,home,ATH,CLE,687515,Colby Thomas,32,PH,1,1,0,0,0,0,0,0,0,0,0,0,0
2026,,2026-05-02,825014,home,ATH,CLE,669127,Shea Langeliers,23,C,5,5,2,3,0,0,2,3,0,0,0,9,3
2026,,2026-05-02,825014,home,ATH,CLE,805779,Jacob Wilson,5,SS,3,3,0,2,1,0,0,0,0,0,0,3,0
2026,,2026-05-02,823388,away,CIN,PIT,682829,Elly De La Cruz,44,SS,3,2,1,1,1,0,0,0,1,1,0,2,1
2026,,2026-05-02,823388,away,CIN,PIT,701398,Sal Stewart,27,2B,5,5,0,0,0,0,0,0,0,2,0,0,6
2026,,2026-05-02,823388,away,CIN,PIT,663993,Nathaniel Lowe,31,DH,4,4,0,2,1,0,0,3,0,2,0,3,0
2026,,2026-05-02,823388,away,CIN,PIT,680574,Matt McLain,9,SS,2,2,0,0,0,0,0,0,0,1,0,0,0
2026,,2026-05-02,823388,away,CIN,PIT,663647,Ke'Bryan Hayes,3,3B,4,4,0,0,0,0,0,0,0,2,0,0,2
2026,,2026-05-02,823388,away,CIN,PIT,666181,Will Benson,30,CF,4,4,2,2,1,0,1,1,0,1,0,6,2
2026,,2026-05-02,823388,away,CIN,PIT,670770,TJ Friedl,29,CF,4,3,1,1,0,0,0,0,0,0,0,1,0
2026,,2026-05-02,823388,away,CIN,PIT,668715,Spencer Steer,7,1B,4,4,0,1,0,0,0,0,0,1,0,1,1
2026,,2026-05-02,823388,away,CIN,PIT,663886,Tyler Stephenson,37,C,4,4,0,2,1,0,0,0,0,1,0,3,0
2026,,2026-05-02,823388,away,CIN,PIT,668709,JJ Bleday,22,LF,5,4,3,2,1,0,1,2,1,1,0,6,2
2026,,2026-05-02,823388,away,CIN,PIT,677956,Rece Hinds,57,RF,1,1,0,0,0,0,0,0,0,1,0,0,0
2026,,2026-05-02,823388,home,PIT,CIN,687462,Spencer Horwitz,2,1B,6,5,0,2,1,0,0,3,1,0,0,3,5
2026,,2026-05-02,823388,home,PIT,CIN,664040,Brandon Lowe,5,2B,5,1,3,1,0,0,0,1,4,0,0,1,0
2026,,2026-05-02,823388,home,PIT,CIN,668804,Bryan Reynolds,10,LF,5,3,3,2,1,0,0,1,2,1,0,3,1
2026,,2026-05-02,823388,home,PIT,CIN,665833,Oneil Cruz,15,CF,6,6,2,2,0,0,0,1,0,2,0,2,3
2026,,2026-05-02,823388,home,PIT,CIN,669707,Jared Triolo,19,3B,1,1,0,0,0,0,0,0,0,0,0,0,1
2026,,2026-05-02,823388,home,PIT,CIN,663968,Jake Mangum,28,LF,1,0,1,0,0,0,0,0,0,0,0,0,0
2026,,2026-05-02,823388,home,PIT,CIN,695257,Billy Cook,25,RF,1,1,0,1,0,0,0,0,0,0,0,1,0
2026,,2026-05-02,823388,home,PIT,CIN,680779,Henry Davis,32,C,6,6,0,0,0,0,0,1,0,1,0,0,7
2026,,2026-05-02,823388,home,PIT,CIN,804606,Konnor Griffin,6,SS,6,5,1,4,1,1,0,2,1,0,0,7,2
2026,,2026-05-02,823388,home,PIT,CIN,656811,Ryan O'Hearn,29,RF,5,4,3,2,1,0,0,3,1,2,0,3,2
2026,,2026-05-02,823388,home,PIT,CIN,693304,Nick Gonzales,3,2B,6,5,1,2,0,0,0,2,1,1,0,2,4
2026,,2026-05-02,823388,home,PIT,CIN,542303,Marcell Ozuna,24,DH,6,5,3,3,1,0,0,3,1,2,0,4,4
2026,,2026-05-02,822746,away,MIL,WSN,650859,Luis Rengifo,13,3B,4,4,0,1,0,0,0,0,0,0,0,1,2
2026,,2026-05-02,822746,away,MIL,WSN,687401,Joey Ortiz,3,SS,4,4,0,0,0,0,0,1,0,0,0,0,3
2026,,2026-05-02,822746,away,MIL,WSN,641343,Jake Bauers,9,1B,5,4,1,0,0,0,0,0,1,1,0,0,2
2026,,2026-05-02,822746,away,MIL,WSN,686217,Sal Frelick,10,RF,4,4,0,1,0,0,0,0,0,0,0,1,3
2026,,2026-05-02,822746,away,MIL,WSN,663604,Brandon Lockridge,20,LF,4,4,0,2,0,0,0,2,0,0,0,2,0
2026,,2026-05-02,822746,away,MIL,WSN,669003,Garrett Mitchell,5,CF,5,4,0,1,0,0,0,0,1,1,0,1,0
2026,,2026-05-02,822746,away,MIL,WSN,666152,David Hamilton,6,3B,0,0,1,0,0,0,0,0,0,0,0,0,0
2026,,2026-05-02,822746,away,MIL,WSN,661388,William Contreras,24,DH,5,4,1,1,0,0,0,0,1,1,0,1,3
2026,,2026-05-02,822746,away,MIL,WSN,668930,Brice Turang,2,2B,5,3,0,1,0,0,0,0,2,1,0,1,3
2026,,2026-05-02,822746,away,MIL,WSN,596142,Gary Sánchez,99,C,5,4,1,0,0,0,0,0,1,2,0,0,4
2026,,2026-05-02,822746,home,WSN,MIL,691781,Brady House,12,3B,4,4,0,1,0,0,0,0,0,1,0,1,2
2026,,2026-05-02,822746,home,WSN,MIL,682928,CJ Abrams,5,SS,4,3,0,1,0,0,0,1,1,0,0,1,1
2026,,2026-05-02,822746,home,WSN,MIL,683083,Nasim Nuñez,26,2B,2,2,0,1,0,0,0,0,0,0,0,1,0
2026,,2026-05-02,822746,home,WSN,MIL,686894,Joey Wiemer,21,RF,2,2,0,0,0,0,0,0,0,1,0,0,1
2026,,2026-05-02,822746,home,WSN,MIL,678391,Jorbit Vivas,84,PH,1,1,0,0,0,0,0,0,0,0,0,0,2
2026,,2026-05-02,822746,home,WSN,MIL,678554,Curtis Mead,45,2B,4,4,1,1,1,0,0,0,0,0,0,2,3
2026,,2026-05-02,822746,home,WSN,MIL,695734,Daylen Lile,4,DH,4,4,0,0,0,0,0,0,0,1,0,0,4
2026,,2026-05-02,822746,home,WSN,MIL,677588,José Tena,8,LF,2,2,0,1,1,0,0,0,0,1,0,2,2
2026,,2026-05-02,822746,home,WSN,MIL,695578,James Wood,29,RF,4,4,0,2,0,0,0,0,0,1,0,2,1
2026,,2026-05-02,822746,home,WSN,MIL,696285,Jacob Young,30,CF,4,4,0,1,0,0,0,0,0,1,0,1,3
2026,,2026-05-02,822746,home,WSN,MIL,660688,Keibert Ruiz,20,C,3,3,0,1,0,0,0,0,0,0,0,1,2
2026,,2026-05-02,822746,home,WSN,MIL,671277,Luis García Jr.,2,1B,2,2,0,0,0,0,0,0,0,0,0,0,3
2026,,2026-05-02,824771,away,HOU,BOS,670623,Isaac Paredes,15,1B,5,4,0,1,1,0,0,0,1,0,0,2,0
2026,,2026-05-02,824771,away,HOU,BOS,701358,Cam Smith,11,RF,4,4,1,1,1,0,0,0,0,1,0,2,2
2026,,2026-05-02,824771,away,HOU,BOS,669699,Braden Shewmake,28,3B,0,0,0,0,0,0,0,0,0,0,0,0,0
2026,,2026-05-02,824771,away,HOU,BOS,687957,Dustin Harris,37,LF,4,4,0,2,0,0,0,0,0,1,1,2,2
2026,,2026-05-02,824771,away,HOU,BOS,694728,Brice Matthews,0,CF,4,3,1,2,0,0,1,3,1,1,0,5,0
2026,,2026-05-02,824771,away,HOU,BOS,514888,Jose Altuve,27,2B,5,5,1,1,1,0,0,0,0,1,0,2,5
2026,,2026-05-02,824771,away,HOU,BOS,621043,Carlos Correa,1,SS,5,4,1,2,0,0,0,1,1,1,0,2,1
2026,,2026-05-02,824771,away,HOU,BOS,572233,Christian Walker,8,1B,5,4,2,3,0,0,1,2,0,0,0,6,2
2026,,2026-05-02,824771,away,HOU,BOS,673237,Yainer Diaz,21,C,5,5,0,0,0,0,0,0,0,1,0,0,5
2026,,2026-05-02,824771,away,HOU,BOS,670541,Yordan Alvarez,44,DH,5,4,0,0,0,0,0,0,1,1,0,0,4
2026,,2026-05-02,824771,home,BOS,HOU,701350,Roman Anthony,19,LF,5,3,1,1,0,0,0,0,2,1,0,1,0
2026,,2026-05-02,824771,home,BOS,HOU,575929,Willson Contreras,40,1B,5,4,1,1,0,0,0,1,0,0,0,1,3
2026,,2026-05-02,824771,home,BOS,HOU,657136,Connor Wong,12,C,4,4,1,1,0,0,0,0,0,1,0,1,1
2026,,2026-05-02,824771,home,BOS,HOU,596115,Trevor Story,10,SS,4,4,0,1,0,0,0,1,0,1,0,1,6
2026,,2026-05-02,824771,home,BOS,HOU,677800,Wilyer Abreu,52,RF,5,3,0,2,0,0,0,1,2,0,0,2,0
2026,,2026-05-02,824771,home,BOS,HOU,655316,Andruw Monasterio,32,PH,0,0,0,0,0,0,0,0,0,0,0,0,0
2026,,2026-05-02,824771,home,BOS,HOU,643396,Isiah Kiner-Falefa,2,2B,0,0,0,0,0,0,0,0,0,0,0,0,0
2026,,2026-05-02,824771,home,BOS,HOU,702332,Caleb Durbin,5,3B,4,3,0,0,0,0,0,0,1,0,0,0,1
2026,,2026-05-02,824771,home,BOS,HOU,680776,Jarren Duran,16,DH,5,4,0,1,0,0,0,0,1,1,0,1,0
2026,,2026-05-02,824771,home,BOS,HOU,678882,Ceddanne Rafaela,3,CF,4,4,0,1,0,0,0,0,0,2,1,1,5
2026,,2026-05-02,824771,home,BOS,HOU,807799,Masataka Yoshida,7,PH,1,0,0,0,0,0,0,0,1,0,0,0,0
2026,,2026-05-02,824771,home,BOS,HOU,691785,Marcelo Mayer,11,2B,3,3,0,0,0,0,0,0,0,1,0,0,2
2026,,2026-05-02,823876,away,PHI,MIA,547180,Bryce Harper,3,1B,3,3,0,0,0,0,0,0,0,2,0,0,0
2026,,2026-05-02,823876,away,PHI,MIA,592663,J.T. Realmuto,10,C,3,3,0,0,0,0,0,0,0,1,0,0,1
2026,,2026-05-02,823876,away,PHI,MIA,624641,Edmundo Sosa,33,PH,1,1,0,0,0,0,0,0,0,0,0,0,0
2026,,2026-05-02,823876,away,PHI,MIA,664761,Alec Bohm,28,3B,3,2,0,0,0,0,0,0,1,1,0,0,0
2026,,2026-05-02,823876,away,PHI,MIA,681082,Bryson Stott,5,2B,3,3,0,0,0,0,0,0,0,1,0,0,0
2026,,2026-05-02,823876,away,PHI,MIA,656941,Kyle Schwarber,12,DH,3,3,0,0,0,0,0,0,0,3,0,0,0
2026,,2026-05-02,823876,away,PHI,MIA,694025,Felix Reyes,29,RF,3,3,0,0,0,0,0,0,0,1,0,0,1
2026,,2026-05-02,823876,away,PHI,MIA,596117,Garrett Stubbs,21,LF,2,2,0,1,0,0,0,0,0,0,0,1,0
2026,,2026-05-02,823876,away,PHI,MIA,666969,Adolis García,53,CF,3,3,0,0,0,0,0,0,0,1,0,0,0
2026,,2026-05-02,823876,away,PHI,MIA,607208,Trea Turner,7,SS,4,4,0,0,0,0,0,0,0,0,0,0,0
2026,,2026-05-02,823876,home,MIA,PHI,666624,Christopher Morel,5,PH,1,1,0,0,0,0,0,0,0,1,0,0,0
2026,,2026-05-02,823876,home,MIA,PHI,665923,Esteury Ruiz,3,LF,4,4,1,1,1,0,0,0,0,3,0,2,3
2026,,2026-05-02,823876,home,MIA,PHI,805300,Jakob Marsee,87,CF,5,3,0,0,0,0,0,0,2,0,0,0,0
2026,,2026-05-02,823876,home,MIA,PHI,691594,Javier Sanoja,8,3B,1,1,0,0,0,0,0,0,0,0,0,0,1
2026,,2026-05-02,823876,home,MIA,PHI,669364,Xavier Edwards,9,2B,4,4,1,2,0,0,1,1,0,0,0,5,2
2026,,2026-05-02,823876,home,MIA,PHI,669065,Kyle Stowers,28,RF,5,5,1,1,0,0,0,0,0,2,0,1,3
2026,,2026-05-02,823876,home,MIA,PHI,688363,Graham Pauley,21,3B,2,2,0,0,0,0,0,0,0,0,0,0,6
2026,,2026-05-02,823876,home,MIA,PHI,689414,Liam Hicks,34,C,4,3,0,1,0,0,0,0,1,1,0,1,3
2026,,2026-05-02,823876,home,MIA,PHI,682663,Agustín Ramírez,50,DH,4,2,0,1,0,0,0,1,2,1,0,1,1
2026,,2026-05-02,823876,home,MIA,PHI,681393,Connor Norby,1,1B,4,3,0,2,1,0,0,1,1,1,0,3,1
2026,,2026-05-02,823876,home,MIA,PHI,672640,Otto Lopez,6,SS,5,5,1,2,0,0,0,1,0,1,0,2,1
2026,,2026-05-02,822988,away,SFG,TBR,669477,Casey Schmitt,10,DH,4,4,0,1,0,0,0,0,0,2,0,1,3
2026,,2026-05-02,822988,away,SFG,TBR,671218,Heliot Ramos,17,LF,4,4,0,1,0,0,0,0,0,0,0,1,0
2026,,2026-05-02,822988,away,SFG,TBR,656305,Matt Chapman,26,3B,4,4,0,0,0,0,0,0,0,3,0,0,2
2026,,2026-05-02,822988,away,SFG,TBR,672275,Patrick Bailey,14,C,3,3,0,0,0,0,0,0,0,1,0,0,3
2026,,2026-05-02,822988,away,SFG,TBR,808982,Jung Hoo Lee,51,RF,4,4,0,0,0,0,0,0,0,1,0,0,1
2026,,2026-05-02,822988,away,SFG,TBR,687551,Drew Gilbert,0,CF,3,2,0,1,0,0,0,0,1,0,0,1,1
2026,,2026-05-02,822988,away,SFG,TBR,646240,Rafael Devers,16,1B,4,4,0,1,1,0,0,1,0,0,0,2,3
2026,,2026-05-02,822988,away,SFG,TBR,642715,Willy Adames,2,SS,4,4,0,0,0,0,0,0,0,1,0,0,0
2026,,2026-05-02,822988,away,SFG,TBR,650333,Luis Arraez,1,2B,4,4,1,3,1,0,0,0,0,0,0,4,1
2026,,2026-05-02,822988,home,TBR,SFG,670764,Taylor Walls,6,SS,3,2,1,0,0,0,0,0,1,0,0,0,1
2026,,2026-05-02,822988,home,TBR,SFG,680700,Richie Palacios,1,2B,4,2,0,0,0,0,0,0,2,2,0,0,2
2026,,2026-05-02,822988,home,TBR,SFG,668723,Ryan Vilade,26,DH,2,2,0,0,0,0,0,0,0,0,0,0,2
2026,,2026-05-02,822988,home,TBR,SFG,641584,Jake Fraley,17,DH,2,2,0,1,0,0,0,1,0,0,0,1,0
2026,,2026-05-02,822988,home,TBR,SFG,802415,Chandler Simpson,14,LF,4,4,1,1,0,0,0,0,0,1,0,1,1
2026,,2026-05-02,822988,home,TBR,SFG,676356,Jonny DeLuca,21,RF,4,4,1,2,1,0,0,0,0,1,1,3,5
2026,,2026-05-02,822988,home,TBR,SFG,676439,Hunter Feduccia,9,C,2,1,1,1,1,0,0,0,0,0,0,2,0
2026,,2026-05-02,822988,home,TBR,SFG,666018,Jonathan Aranda,8,1B,4,4,0,2,0,0,0,2,0,2,0,2,1
2026,,2026-05-02,822988,home,TBR,SFG,663743,Nick Fortes,40,C,2,2,0,0,0,0,0,0,0,0,0,0,0
2026,,2026-05-02,822988,home,TBR,SFG,691406,Junior Caminero,13,3B,4,3,1,1,0,0,0,0,1,2,0,1,4
2026,,2026-05-02,822988,home,TBR,SFG,656775,Cedric Mullins,31,CF,4,3,0,1,0,0,0,1,1,0,0,1,0
2026,,2026-05-02,823067,away,LAD,STL,669257,Will Smith,16,C,4,3,0,0,0,0,0,0,1,0,0,0,1
2026,,2026-05-02,823067,away,LAD,STL,687221,Dalton Rushing,68,PH,1,1,0,0,0,0,0,0,0,1,0,0,2
2026,,2026-05-02,823067,away,LAD,STL,663656,Kyle Tucker,23,RF,4,4,1,1,0,0,0,0,0,0,0,1,1
2026,,2026-05-02,823067,away,LAD,STL,571970,Max Muncy,13,3B,4,3,0,2,0,0,0,1,1,1,0,2,0
2026,,2026-05-02,823067,away,LAD,STL,518692,Freddie Freeman,5,1B,4,4,0,1,0,0,0,0,0,1,0,1,0
2026,,2026-05-02,823067,away,LAD,STL,808975,Hyeseong Kim,6,SS,2,2,0,0,0,0,0,0,0,0,0,0,3
2026,,2026-05-02,823067,away,LAD,STL,669289,Santiago Espinal,21,2B,0,0,0,0,0,0,0,0,0,0,0,0,0
2026,,2026-05-02,823067,away,LAD,STL,660271,Shohei Ohtani,17,DH,4,4,0,0,0,0,0,0,0,2,0,0,1
2026,,2026-05-02,823067,away,LAD,STL,606192,Teoscar Hernández,37,LF,4,3,1,2,0,0,0,0,1,0,0,2,1
2026,,2026-05-02,823067,away,LAD,STL,681624,Andy Pages,44,CF,4,3,0,1,0,0,0,1,1,2,0,1,4
2026,,2026-05-02,823067,away,LAD,STL,669743,Alex Call,12,PH,1,1,0,0,0,0,0,0,0,0,0,0,0
2026,,2026-05-02,823067,away,LAD,STL,500743,Miguel Rojas,72,SS,1,1,0,0,0,0,0,0,0,1,0,0,0
2026,,2026-05-02,823067,away,LAD,STL,690976,Alex Freeland,76,2B,2,2,0,1,0,0,0,0,0,0,0,1,0
2026,,2026-05-02,823067,home,STL,LAD,669357,Nolan Gorman,16,DH,4,4,0,0,0,0,0,0,0,2,0,0,2
2026,,2026-05-02,823067,home,STL,LAD,691023,Jordan Walker,18,RF,4,4,1,2,0,0,1,2,0,0,0,5,0
2026,,2026-05-02,823067,home,STL,LAD,701675,Nathan Church,27,LF,4,4,0,1,1,0,0,0,0,0,0,2,1
2026,,2026-05-02,823067,home,STL,LAD,687363,Victor Scott II,11,CF,3,2,0,0,0,0,0,0,1,0,0,0,0
2026,,2026-05-02,823067,home,STL,LAD,802139,JJ Wetherholt,26,2B,4,4,0,0,0,0,0,0,0,1,0,0,2
2026,,2026-05-02,823067,home,STL,LAD,676475,Alec Burleson,41,1B,4,3,1,1,1,0,0,1,1,1,0,2,1
2026,,2026-05-02,823067,home,STL,LAD,602104,Ramón Urías,29,3B,3,2,0,0,0,0,0,0,0,0,0,0,1
2026,,2026-05-02,823067,home,STL,LAD,691026,Masyn Winn,0,SS,4,4,0,1,1,0,0,0,0,0,0,2,0
2026,,2026-05-02,823067,home,STL,LAD,671056,Iván Herrera,48,C,4,3,1,1,1,0,0,0,1,1,0,2,0
2026,,2026-05-02,824284,away,TEX,DET,694497,Evan Carter,32,CF,4,4,0,0,0,0,0,0,0,1,0,0,3
2026,,2026-05-02,824284,away,TEX,DET,669394,Jake Burger,21,1B,4,4,1,1,0,0,1,1,0,1,0,4,3
2026,,2026-05-02,824284,away,TEX,DET,696030,Alejandro Osuna,19,LF,4,4,0,0,0,0,0,0,0,1,0,0,0
2026,,2026-05-02,824284,away,TEX,DET,592626,Joc Pederson,3,DH,4,4,0,0,0,0,0,0,0,1,0,0,3
2026,,2026-05-02,824284,away,TEX,DET,608369,Corey Seager,5,SS,4,4,0,1,0,0,0,0,0,0,0,1,2
2026,,2026-05-02,824284,away,TEX,DET,673962,Josh Jung,6,3B,4,4,0,2,1,0,0,0,0,0,0,3,0
2026,,2026-05-02,824284,away,TEX,DET,677649,Ezequiel Duran,20,RF,4,3,0,1,0,0,0,0,1,0,0,1,0
2026,,2026-05-02,824284,away,TEX,DET,669701,Josh Smith,8,2B,4,4,0,2,0,0,0,0,0,0,0,2,1
2026,,2026-05-02,824284,away,TEX,DET,643376,Danny Jansen,9,C,3,2,0,0,0,0,0,0,1,1,0,0,3
2026,,2026-05-02,824284,home,DET,TEX,690291,Jace Jung,17,DH,4,3,0,1,0,0,0,0,1,1,0,1,2
2026,,2026-05-02,824284,home,DET,TEX,701678,Hao-Yu  Lee,50,2B,2,2,0,0,0,0,0,0,0,0,0,0,2
2026,,2026-05-02,824284,home,DET,TEX,682985,Riley Greene,31,LF,4,4,1,2,0,0,0,0,0,1,0,2,1
2026,,2026-05-02,824284,home,DET,TEX,805808,Kevin McGonigle,7,SS,5,5,1,1,0,0,0,1,0,1,1,1,4
2026,,2026-05-02,824284,home,DET,TEX,681481,Kerry Carpenter,30,RF,4,4,0,0,0,0,0,0,0,1,0,0,4
2026,,2026-05-02,824284,home,DET,TEX,679529,Spencer Torkelson,20,1B,4,4,0,0,0,0,0,0,0,1,0,0,0
2026,,2026-05-02,824284,home,DET,TEX,650402,Gleyber Torres,25,2B,2,2,0,2,0,0,0,1,0,0,0,2,0
2026,,2026-05-02,824284,home,DET,TEX,693307,Dillon Dingler,13,C,4,4,1,2,0,0,1,3,0,0,0,5,2
2026,,2026-05-02,824284,home,DET,TEX,690993,Colt Keith,33,3B,4,3,1,1,0,0,0,0,1,1,1,1,2
2026,,2026-05-02,824284,home,DET,TEX,672761,Wenceel Pérez,46,CF,4,3,1,2,0,0,0,0,1,1,2,2,0
2026,,2026-05-02,824365,away,ATL,COL,671739,Michael Harris II,23,DH,4,4,1,1,0,0,0,0,0,2,0,1,1
2026,,2026-05-02,824365,away,ATL,COL,622761,Jorge Mateo,2,SS,4,4,2,2,1,0,0,0,0,1,0,3,0
2026,,2026-05-02,824365,away,ATL,COL,643289,Mauricio Dubón,14,CF,4,3,0,0,0,0,0,0,1,0,0,0,1
2026,,2026-05-02,824365,away,ATL,COL,686948,Drake Baldwin,30,C,5,4,1,3,1,0,1,4,1,1,0,7,0
2026,,2026-05-02,824365,away,ATL,COL,621566,Matt Olson,28,1B,5,5,1,1,0,0,1,1,0,0,0,4,4
2026,,2026-05-02,824365,away,ATL,COL,642086,Dominic Smith,8,DH,1,1,0,0,0,0,0,0,0,0,0,0,0
2026,,2026-05-02,824365,away,ATL,COL,660670,Ronald Acuña Jr.,13,RF,2,2,1,1,0,0,0,0,0,0,0,1,1
2026,,2026-05-02,824365,away,ATL,COL,642201,Eli White,36,RF,3,3,1,1,0,0,0,1,0,0,0,1,0
2026,,2026-05-02,824365,away,ATL,COL,645277,Ozzie Albies,1,2B,5,4,0,2,1,0,0,1,0,1,0,3,1
2026,,2026-05-02,824365,away,ATL,COL,663586,Austin Riley,27,3B,4,3,2,1,0,0,1,2,1,2,1,4,2
2026,,2026-05-02,824365,away,ATL,COL,573262,Mike Yastrzemski,18,LF,4,4,0,0,0,0,0,0,0,1,0,0,1
2026,,2026-05-02,824365,home,COL,ATL,687859,Troy Johnston,20,RF,3,3,0,0,0,0,0,0,0,1,0,0,4
2026,,2026-05-02,824365,home,COL,ATL,650489,Willi Castro,3,2B,4,4,0,1,0,0,0,0,0,2,0,1,1
2026,,2026-05-02,824365,home,COL,ATL,696100,Hunter Goodman,15,C,4,3,0,0,0,0,0,0,1,2,0,0,0
2026,,2026-05-02,824365,home,COL,ATL,687597,Jordan Beck,27,LF,4,4,0,1,1,0,0,1,0,2,0,2,2
2026,,2026-05-02,824365,home,COL,ATL,664954,Brett Sullivan,26,DH,4,4,0,1,0,0,0,0,0,0,0,1,2
2026,,2026-05-02,824365,home,COL,ATL,686668,Brenton Doyle,9,CF,4,4,0,0,0,0,0,0,0,2,0,0,3
2026,,2026-05-02,824365,home,COL,ATL,678662,Ezequiel Tovar,14,SS,3,2,0,0,0,0,0,0,1,1,0,0,2
2026,,2026-05-02,824365,home,COL,ATL,681198,TJ Rumfield,7,1B,4,4,0,0,0,0,0,0,0,2,0,0,0
2026,,2026-05-02,824365,home,COL,ATL,691720,Kyle Karros,12,3B,3,2,1,1,0,0,0,0,1,1,0,1,1
2026,,2026-05-02,823308,away,CHW,SDP,671976,Tristan Peters,29,CF,3,1,1,1,0,0,0,1,1,0,0,1,0
2026,,2026-05-02,823308,away,CHW,SDP,808959,Munetaka Murakami,5,1B,4,4,0,0,0,0,0,0,0,2,0,0,2
2026,,2026-05-02,823308,away,CHW,SDP,805367,Chase Meidroth,10,2B,4,3,1,1,0,0,0,0,1,2,0,1,0
2026,,2026-05-02,823308,away,CHW,SDP,695657,Colson Montgomery,12,SS,4,3,0,0,0,0,0,0,1,0,0,0,1
2026,,2026-05-02,823308,away,CHW,SDP,700337,Edgar Quero,26,C,4,4,0,1,0,0,0,1,0,2,0,1,2
2026,,2026-05-02,823308,away,CHW,SDP,643217,Andrew Benintendi,23,DH,4,4,1,1,0,0,0,0,0,1,0,1,2
2026,,2026-05-02,823308,away,CHW,SDP,803011,Sam Antonacci,17,LF,4,4,1,2,1,0,0,0,0,1,0,3,1
2026,,2026-05-02,823308,away,CHW,SDP,672284,Jarred Kelenic,24,RF,3,3,0,0,0,0,0,0,0,0,0,0,2
2026,,2026-05-02,823308,away,CHW,SDP,656537,Derek Hill,25,LF,0,0,0,0,0,0,0,0,0,0,0,0,0
2026,,2026-05-02,823308,away,CHW,SDP,678246,Miguel Vargas,20,3B,4,4,0,1,0,0,0,2,0,1,0,1,0
2026,,2026-05-02,823308,home,SDP,CHW,669134,Luis Campusano,12,C,4,4,0,0,0,0,0,0,0,2,0,0,6
2026,,2026-05-02,823308,home,SDP,CHW,701538,Jackson Merrill,3,CF,4,4,0,2,0,0,0,0,0,0,0,2,0
2026,,2026-05-02,823308,home,SDP,CHW,657757,Gavin Sheets,30,1B,4,3,0,0,0,0,0,0,1,1,0,0,3
2026,,2026-05-02,823308,home,SDP,CHW,657656,Ramón Laureano,5,LF,4,4,0,1,0,0,0,0,0,1,0,1,2
2026,,2026-05-02,823308,home,SDP,CHW,592518,Manny Machado,13,3B,4,3,0,0,0,0,0,0,1,2,0,0,1
2026,,2026-05-02,823308,home,SDP,CHW,609280,Miguel Andujar,41,DH,4,4,0,2,0,0,0,0,0,0,0,2,3
2026,,2026-05-02,823308,home,SDP,CHW,665487,Fernando Tatis Jr.,23,RF,4,4,0,0,0,0,0,0,0,1,0,0,3
2026,,2026-05-02,823308,home,SDP,CHW,593428,Xander Bogaerts,2,SS,4,3,0,0,0,0,0,0,1,3,0,0,0
2026,,2026-05-02,823308,home,SDP,CHW,630105,Jake Cronenworth,9,2B,3,3,0,1,0,0,0,0,0,1,0,1,2
2026,,2026-05-02,824042,away,NYM,LAA,666182,Bo Bichette,19,SS,5,5,0,1,0,0,0,1,0,1,0,1,5
2026,,2026-05-02,824042,away,NYM,LAA,621438,Tyrone Taylor,28,CF,4,4,0,1,0,0,0,1,0,1,0,1,0
2026,,2026-05-02,824042,away,NYM,LAA,682626,Francisco Alvarez,4,C,5,5,0,1,0,0,0,0,0,1,0,1,3
2026,,2026-05-02,824042,away,NYM,LAA,668901,Mark Vientos,27,1B,4,4,1,1,1,0,0,0,0,2,0,2,1
2026,,2026-05-02,824042,away,NYM,LAA,683146,Brett Baty,7,3B,1,0,0,0,0,0,0,0,0,0,0,0,0
2026,,2026-05-02,824042,away,NYM,LAA,701807,Carson Benge,3,RF,1,1,0,0,0,0,0,0,0,1,0,0,0
2026,,2026-05-02,824042,away,NYM,LAA,543760,Marcus Semien,10,2B,4,4,1,1,0,0,0,0,0,1,1,1,1
2026,,2026-05-02,824042,away,NYM,LAA,669004,MJ Melendez,1,LF,1,1,0,0,0,0,0,0,0,0,0,0,0
2026,,2026-05-02,824042,away,NYM,LAA,665742,Juan Soto,22,DH,5,4,0,1,0,0,0,0,1,2,1,1,4
2026,,2026-05-02,824042,away,NYM,LAA,628451,Andy Ibáñez,77,LF,3,2,0,0,0,0,0,1,0,1,0,0,1
2026,,2026-05-02,824042,away,NYM,LAA,677595,Ronny Mauricio,0,SS,3,3,0,1,0,0,0,0,0,2,0,1,1
2026,,2026-05-02,824042,away,NYM,LAA,596103,Austin Slater,40,RF,3,3,1,2,1,0,0,0,0,0,0,3,0
2026,,2026-05-02,824042,home,LAA,NYM,624428,Adam Frazier,20,PR,0,0,1,0,0,0,0,0,0,0,0,0,0
2026,,2026-05-02,824042,home,LAA,NYM,672724,Oswald Peraza,2,3B,5,5,0,3,1,0,0,1,0,0,0,4,0
2026,,2026-05-02,824042,home,LAA,NYM,687263,Zach Neto,9,SS,5,4,0,0,0,0,0,0,1,3,0,0,1
2026,,2026-05-02,824042,home,LAA,NYM,624585,Jorge Soler,12,DH,5,3,1,1,0,0,0,0,2,1,0,1,3
2026,,2026-05-02,824042,home,LAA,NYM,660162,Yoán Moncada,10,PH,1,1,0,1,1,0,0,0,0,0,0,2,0
2026,,2026-05-02,824042,home,LAA,NYM,518595,Travis d'Arnaud,25,C,3,3,0,0,0,0,0,0,0,1,0,0,3
2026,,2026-05-02,824042,home,LAA,NYM,545361,Mike Trout,27,CF,5,4,0,2,0,0,0,0,1,2,0,2,0
2026,,2026-05-02,824042,home,LAA,NYM,666176,Jo Adell,7,RF,5,5,1,3,0,0,0,1,0,0,0,3,2
2026,,2026-05-02,824042,home,LAA,NYM,687093,Vaughn Grissom,5,2B,5,5,0,1,0,0,0,2,0,0,0,1,3
2026,,2026-05-02,824042,home,LAA,NYM,694384,Nolan Schanuel,18,1B,5,5,1,1,0,0,0,0,0,0,0,1,5
2026,,2026-05-02,824042,home,LAA,NYM,666139,Josh Lowe,3,LF,5,5,0,0,0,0,0,0,0,1,0,0,5
2026,,2026-05-02,824042,home,LAA,NYM,665861,Sebastián Rivero,38,C,0,0,0,0,0,0,0,0,0,0,0,0,0
2026,,2026-05-02,824042,home,LAA,NYM,669326,Bryce Teodosio,22,PR,0,0,0,0,0,0,0,0,0,0,0,0,0
2026,,2026-05-02,823144,away,KCR,SEA,695600,Carter Jensen,22,C,4,4,0,0,0,0,0,0,0,3,0,0,3
2026,,2026-05-02,823144,away,KCR,SEA,686555,Isaac Collins,1,LF,4,4,0,1,0,0,0,0,0,1,0,1,2
2026,,2026-05-02,823144,away,KCR,SEA,521692,Salvador Perez,13,DH,4,4,0,1,0,0,0,0,0,3,0,1,2
2026,,2026-05-02,823144,away,KCR,SEA,686681,Michael Massey,19,2B,4,4,1,0,0,0,0,0,0,3,1,0,2
2026,,2026-05-02,823144,away,KCR,SEA,686469,Vinnie Pasquantino,9,1B,4,4,0,1,0,0,0,0,0,2,0,1,1
2026,,2026-05-02,823144,away,KCR,SEA,664728,Kyle Isbel,28,CF,4,4,1,1,1,0,0,0,0,2,0,2,2
2026,,2026-05-02,823144,away,KCR,SEA,672580,Maikel Garcia,11,3B,5,4,0,1,1,0,0,2,0,1,0,2,1
2026,,2026-05-02,823144,away,KCR,SEA,657041,Lane Thomas,15,DH,0,0,1,0,0,0,0,0,0,0,0,0,0
2026,,2026-05-02,823144,away,KCR,SEA,695506,Jac Caglianone,14,RF,4,4,0,2,0,0,0,1,0,1,0,2,2
2026,,2026-05-02,823144,away,KCR,SEA,677951,Bobby Witt Jr.,7,SS,5,5,0,1,0,0,0,0,0,1,0,1,1
2026,,2026-05-02,823144,home,SEA,KCR,647304,Josh Naylor,12,1B,4,4,0,1,0,0,0,1,0,1,0,1,2
2026,,2026-05-02,823144,home,SEA,KCR,702284,Cole Young,2,2B,4,4,0,0,0,0,0,0,0,1,0,0,0
2026,,2026-05-02,823144,home,SEA,KCR,641487,J.P. Crawford,3,SS,5,5,0,1,0,0,0,0,0,1,0,1,4
2026,,2026-05-02,823144,home,SEA,KCR,668227,Randy Arozarena,56,LF,4,3,0,0,0,0,0,0,1,1,0,0,1
2026,,2026-05-02,823144,home,SEA,KCR,686527,Dominic Canzone,8,DH,3,3,0,0,0,0,0,0,0,0,0,0,1
2026,,2026-05-02,823144,home,SEA,KCR,608701,Rob Refsnyder,30,DH,1,1,0,0,0,0,0,0,0,0,0,0,0
2026,,2026-05-02,823144,home,SEA,KCR,656582,Connor Joe,9,RF,1,1,0,0,0,0,0,0,0,0,0,0,0
2026,,2026-05-02,823144,home,SEA,KCR,641598,Mitch Garver,18,C,4,4,0,1,0,0,0,0,0,3,0,1,1
2026,,2026-05-02,823144,home,SEA,KCR,677594,Julio Rodríguez,44,CF,4,4,1,2,1,0,0,0,0,0,0,3,0
2026,,2026-05-02,823144,home,SEA,KCR,660844,Leo Rivas,76,3B,4,3,1,1,0,0,0,0,1,1,0,1,1
2026,,2026-05-02,823144,home,SEA,KCR,670042,Luke Raley,20,RF,3,3,0,1,0,0,0,0,0,1,0,1,0
2026,,2026-05-03,823711,away,TOR,MIN,672820,Lenyn Sosa,50,1B,5,5,0,0,0,0,0,0,0,2,0,0,6
2026,,2026-05-03,823711,away,TOR,MIN,676391,Ernie Clement,22,2B,4,3,0,0,0,0,0,0,1,0,0,0,3
2026,,2026-05-03,823711,away,TOR,MIN,662139,Daulton Varsho,5,CF,4,3,0,2,1,0,0,1,1,0,0,3,0
2026,,2026-05-03,823711,away,TOR,MIN,665926,Andrés Giménez,0,SS,4,3,0,1,0,0,0,0,0,0,0,1,2
2026,,2026-05-03,823711,away,TOR,MIN,678218,Brandon Valenzuela,59,C,1,1,0,0,0,0,0,0,0,0,0,0,0
2026,,2026-05-03,823711,away,TOR,MIN,676914,Davis Schneider,36,PR,0,0,0,0,0,0,0,0,0,0,0,0,0
2026,,2026-05-03,823711,away,TOR,MIN,682818,Yohendrick Piñango,24,LF,3,3,0,1,0,0,0,0,0,1,0,1,0
2026,,2026-05-03,823711,away,TOR,MIN,623168,Tyler Heineman,55,C,3,3,0,0,0,0,0,0,0,0,0,0,4
2026,,2026-05-03,823711,away,TOR,MIN,665489,Vladimir Guerrero Jr.,27,DH,5,5,1,2,0,0,0,0,0,2,0,2,1
2026,,2026-05-03,823711,away,TOR,MIN,660821,Jesús Sánchez,12,RF,5,5,0,3,0,0,0,0,0,1,0,3,0
2026,,2026-05-03,823711,away,TOR,MIN,664702,Myles Straw,3,LF,2,2,1,1,0,0,0,0,0,1,0,1,0
2026,,2026-05-03,823711,away,TOR,MIN,672960,Kazuma Okamoto,7,3B,5,4,1,1,0,0,1,2,1,2,0,4,1
2026,,2026-05-03,823711,home,MIN,TOR,605170,Victor Caratini,37,C,4,3,1,1,0,0,0,1,1,1,0,1,1
2026,,2026-05-03,823711,home,MIN,TOR,665019,Kody Clemens,2,1B,4,3,1,1,1,0,0,1,1,1,0,2,2
2026,,2026-05-03,823711,home,MIN,TOR,686797,Brooks Lee,22,SS,4,4,0,1,0,0,0,0,0,1,0,1,2
2026,,2026-05-03,823711,home,MIN,TOR,668885,Austin Martin,16,CF,4,3,0,1,0,0,0,0,1,2,0,1,0
2026,,2026-05-03,823711,home,MIN,TOR,681546,James Outman,30,RF,0,0,0,0,0,0,0,0,0,0,0,0,0
2026,,2026-05-03,823711,home,MIN,TOR,668904,Royce Lewis,23,3B,4,4,0,0,0,0,0,0,0,2,0,0,4
2026,,2026-05-03,823711,home,MIN,TOR,663616,Trevor Larnach,9,LF,4,4,1,1,0,0,0,0,0,1,0,1,1
2026,,2026-05-03,823711,home,MIN,TOR,621439,Byron Buxton,25,DH,4,3,0,0,0,0,0,0,1,1,1,0,1
2026,,2026-05-03,823711,home,MIN,TOR,670242,Matt Wallner,38,RF,4,4,0,2,1,0,0,1,0,0,0,3,0
2026,,2026-05-03,823711,home,MIN,TOR,807712,Luke Keaschall,15,2B,4,4,1,2,2,0,0,1,0,0,0,4,2
2026,,2026-05-03,824769,away,HOU,BOS,694376,Shay Whitcomb,14,PH,1,1,0,0,0,0,0,0,0,1,0,0,0
2026,,2026-05-03,824769,away,HOU,BOS,670623,Isaac Paredes,15,1B,5,4,0,1,1,0,0,0,1,2,0,2,4
2026,,2026-05-03,824769,away,HOU,BOS,701358,Cam Smith,11,RF,5,5,0,3,0,0,0,2,0,1,0,3,2
2026,,2026-05-03,824769,away,HOU,BOS,669699,Braden Shewmake,28,3B,1,0,1,0,0,0,0,0,0,0,0,0,0
2026,,2026-05-03,824769,away,HOU,BOS,687957,Dustin Harris,37,LF,2,1,0,0,0,0,0,0,0,0,0,0,0
2026,,2026-05-03,824769,away,HOU,BOS,694728,Brice Matthews,0,CF,5,3,0,0,0,0,0,1,1,0,0,0,2
2026,,2026-05-03,824769,away,HOU,BOS,514888,Jose Altuve,27,2B,5,4,1,1,1,0,0,0,0,0,0,2,4
2026,,2026-05-03,824769,away,HOU,BOS,669288,Daniel Johnson,31,LF,1,1,0,0,0,0,0,0,0,0,0,0,1
2026,,2026-05-03,824769,away,HOU,BOS,621043,Carlos Correa,1,SS,5,3,0,0,0,0,0,0,2,1,0,0,1
2026,,2026-05-03,824769,away,HOU,BOS,572233,Christian Walker,8,1B,4,3,1,2,0,0,0,0,1,1,0,2,1
2026,,2026-05-03,824769,away,HOU,BOS,543877,Christian Vázquez,2,C,4,4,0,2,0,0,0,0,0,1,0,2,2
2026,,2026-05-03,824769,away,HOU,BOS,673237,Yainer Diaz,21,C,0,0,0,0,0,0,0,0,0,0,0,0,0
2026,,2026-05-03,824769,away,HOU,BOS,670541,Yordan Alvarez,44,DH,5,5,0,1,0,0,0,0,0,2,0,1,4
2026,,2026-05-03,824769,home,BOS,HOU,701350,Roman Anthony,19,DH,5,5,0,1,1,0,0,0,0,0,0,2,4
2026,,2026-05-03,824769,home,BOS,HOU,575929,Willson Contreras,40,1B,5,4,0,3,1,0,0,0,1,1,1,4,1
2026,,2026-05-03,824769,home,BOS,HOU,677800,Wilyer Abreu,52,RF,5,3,0,0,0,0,0,0,2,3,0,0,4
2026,,2026-05-03,824769,home,BOS,HOU,655316,Andruw Monasterio,32,SS,3,2,0,0,0,0,0,0,1,1,0,0,4
2026,,2026-05-03,824769,home,BOS,HOU,643396,Isiah Kiner-Falefa,2,SS,1,0,0,0,0,0,0,0,0,0,0,0,0
2026,,2026-05-03,824769,home,BOS,HOU,702332,Caleb Durbin,5,3B,4,4,0,0,0,0,0,0,0,0,0,0,3
2026,,2026-05-03,824769,home,BOS,HOU,665966,Carlos Narváez,75,C,4,4,0,1,1,0,0,0,0,2,0,2,3
2026,,2026-05-03,824769,home,BOS,HOU,680776,Jarren Duran,16,LF,5,5,1,2,0,0,1,1,0,1,0,5,0
2026,,2026-05-03,824769,home,BOS,HOU,678882,Ceddanne Rafaela,3,CF,5,4,0,0,0,0,0,0,0,1,0,0,4
2026,,2026-05-03,824769,home,BOS,HOU,807799,Masataka Yoshida,7,PH,1,1,0,1,0,0,0,0,0,0,0,1,0
2026,,2026-05-03,824769,home,BOS,HOU,691785,Marcelo Mayer,11,2B,5,4,0,1,0,0,0,0,0,2,0,1,1
2026,,2026-05-03,823387,away,CIN,PIT,682829,Elly De La Cruz,44,SS,4,3,0,0,0,0,0,0,1,1,0,0,2
2026,,2026-05-03,823387,away,CIN,PIT,667472,Dane Myers,17,PH,1,1,0,0,0,0,0,0,0,1,0,0,0
2026,,2026-05-03,823387,away,CIN,PIT,701398,Sal Stewart,27,3B,4,4,0,0,0,0,0,0,0,0,0,0,3
2026,,2026-05-03,823387,away,CIN,PIT,663993,Nathaniel Lowe,31,DH,3,3,0,0,0,0,0,0,0,2,0,0,0
2026,,2026-05-03,823387,away,CIN,PIT,680574,Matt McLain,9,2B,3,3,0,0,0,0,0,0,0,0,0,0,2
2026,,2026-05-03,823387,away,CIN,PIT,666181,Will Benson,30,RF,3,3,0,0,0,0,0,0,0,2,0,0,1
2026,,2026-05-03,823387,away,CIN,PIT,670770,TJ Friedl,29,CF,4,4,0,1,1,0,0,0,0,1,0,2,2
2026,,2026-05-03,823387,away,CIN,PIT,668715,Spencer Steer,7,1B,3,3,0,1,0,0,0,0,0,1,0,1,0
2026,,2026-05-03,823387,away,CIN,PIT,624431,Jose Trevino,35,C,3,3,0,1,1,0,0,0,0,0,0,2,0
2026,,2026-05-03,823387,away,CIN,PIT,668709,JJ Bleday,22,LF,3,2,0,1,0,0,0,0,1,0,0,1,1
2026,,2026-05-03,823387,home,PIT,CIN,687462,Spencer Horwitz,2,1B,3,3,0,0,0,0,0,0,0,0,0,0,1
2026,,2026-05-03,823387,home,PIT,CIN,664040,Brandon Lowe,5,2B,4,3,0,0,0,0,0,0,1,1,0,0,2
2026,,2026-05-03,823387,home,PIT,CIN,668804,Bryan Reynolds,10,LF,4,3,0,0,0,0,0,0,1,2,0,0,4
2026,,2026-05-03,823387,home,PIT,CIN,663698,Joey Bart,14,C,2,2,0,1,0,0,0,0,0,0,0,1,0
2026,,2026-05-03,823387,home,PIT,CIN,665833,Oneil Cruz,15,CF,4,4,0,2,0,0,0,1,0,0,1,2,1
2026,,2026-05-03,823387,home,PIT,CIN,663968,Jake Mangum,28,LF,1,0,0,0,0,0,0,0,1,0,0,0,0
2026,,2026-05-03,823387,home,PIT,CIN,695257,Billy Cook,25,DH,0,0,0,0,0,0,0,0,0,0,0,0,0
2026,,2026-05-03,823387,home,PIT,CIN,680779,Henry Davis,32,C,0,0,0,0,0,0,0,0,0,0,0,0,0
2026,,2026-05-03,823387,home,PIT,CIN,804606,Konnor Griffin,6,SS,3,3,1,1,1,0,0,0,0,1,0,2,0
2026,,2026-05-03,823387,home,PIT,CIN,656811,Ryan O'Hearn,29,RF,3,3,0,0,0,0,0,0,0,2,0,0,2
2026,,2026-05-03,823387,home,PIT,CIN,693304,Nick Gonzales,3,3B,3,3,0,0,0,0,0,0,0,1,0,0,0
2026,,2026-05-03,823387,home,PIT,CIN,542303,Marcell Ozuna,24,DH,3,3,0,1,0,0,0,0,0,0,0,1,0
2026,,2026-05-03,823555,away,BAL,NYY,669236,Jeremiah Jackson,82,2B,4,4,0,1,0,0,0,0,0,1,0,1,4
2026,,2026-05-03,823555,away,BAL,NYY,694212,Samuel Basallo,29,1B,2,2,0,1,0,0,0,0,0,1,0,1,1
2026,,2026-05-03,823555,away,BAL,NYY,642215,Weston Wilson,32,3B,2,2,1,1,0,0,0,0,0,1,1,1,1
2026,,2026-05-03,823555,away,BAL,NYY,665750,Leody Taveras,30,CF,4,3,0,1,0,0,0,1,1,1,0,1,0
2026,,2026-05-03,823555,away,BAL,NYY,621493,Taylor Ward,3,LF,4,3,0,0,0,0,0,0,1,0,0,0,2
2026,,2026-05-03,823555,away,BAL,NYY,668939,Adley Rutschman,35,C,4,4,0,0,0,0,0,0,0,0,0,0,3
2026,,2026-05-03,823555,away,BAL,NYY,641933,Tyler O'Neill,9,RF,4,3,1,0,0,0,0,0,1,1,0,0,2
2026,,2026-05-03,823555,away,BAL,NYY,677942,Blaze Alexander,23,SS,4,4,0,2,0,0,0,1,0,1,0,2,2
2026,,2026-05-03,823555,away,BAL,NYY,624413,Pete Alonso,25,DH,4,4,1,2,1,0,0,0,0,2,0,3,2
2026,,2026-05-03,823555,away,BAL,NYY,691723,Coby Mayo,16,3B,4,4,0,1,0,0,0,0,0,1,0,1,2
2026,,2026-05-03,823555,home,NYY,BAL,676609,José Caballero,72,SS,4,4,1,1,0,0,0,0,0,0,1,1,2
2026,,2026-05-03,823555,home,NYY,BAL,680474,Max Schuemann,30,RF,0,0,0,0,0,0,0,0,0,0,0,0,0
2026,,2026-05-03,823555,home,NYY,BAL,592450,Aaron Judge,99,RF,5,4,2,2,0,0,1,2,1,1,0,5,0
2026,,2026-05-03,823555,home,NYY,BAL,641857,Ryan McMahon,19,3B,4,4,1,3,1,0,0,1,0,0,1,4,0
2026,,2026-05-03,823555,home,NYY,BAL,502671,Paul Goldschmidt,48,1B,3,3,1,1,0,0,0,2,0,0,0,1,0
2026,,2026-05-03,823555,home,NYY,BAL,691176,Jasson Domínguez,24,DH,5,5,2,3,2,0,1,3,0,0,0,8,1
2026,,2026-05-03,823555,home,NYY,BAL,669224,Austin Wells,28,C,5,5,1,1,0,0,0,0,0,2,0,1,3
2026,,2026-05-03,823555,home,NYY,BAL,700250,Ben Rice,22,1B,2,2,2,2,1,0,1,1,0,0,0,6,0
2026,,2026-05-03,823555,home,NYY,BAL,641355,Cody Bellinger,35,LF,5,4,0,1,1,0,0,0,1,0,0,2,1
2026,,2026-05-03,823555,home,NYY,BAL,665862,Jazz Chisholm Jr.,13,2B,5,3,1,1,0,0,0,1,1,0,0,1,3
2026,,2026-05-03,823555,home,NYY,BAL,663757,Trent Grisham,12,CF,5,4,0,0,0,0,0,1,0,0,0,0,1
2026,,2026-05-03,822742,away,MIL,WSN,650859,Luis Rengifo,13,3B,4,4,0,0,0,0,0,0,0,0,0,0,1
2026,,2026-05-03,822742,away,MIL,WSN,675659,Greg Jones,14,PR,0,0,0,0,0,0,0,0,0,0,0,0,0
2026,,2026-05-03,822742,away,MIL,WSN,687401,Joey Ortiz,3,SS,3,2,0,0,0,0,0,1,0,1,0,0,0
2026,,2026-05-03,822742,away,MIL,WSN,641343,Jake Bauers,9,1B,4,4,0,1,0,0,0,0,0,1,0,1,0
2026,,2026-05-03,822742,away,MIL,WSN,686217,Sal Frelick,10,RF,3,2,0,0,0,0,0,0,1,0,0,0,2
2026,,2026-05-03,822742,away,MIL,WSN,663604,Brandon Lockridge,20,LF,4,4,1,2,1,0,0,0,0,1,0,3,1
2026,,2026-05-03,822742,away,MIL,WSN,669003,Garrett Mitchell,5,CF,4,3,0,0,0,0,0,1,1,1,0,0,1
2026,,2026-05-03,822742,away,MIL,WSN,666152,David Hamilton,6,2B,3,2,0,0,0,0,0,0,0,2,0,0,2
2026,,2026-05-03,822742,away,MIL,WSN,663368,Blake Perkins,16,PR,0,0,1,0,0,0,0,0,0,0,0,0,0
2026,,2026-05-03,822742,away,MIL,WSN,661388,William Contreras,24,C,4,4,0,0,0,0,0,0,0,0,0,0,0
2026,,2026-05-03,822742,away,MIL,WSN,596142,Gary Sánchez,99,DH,4,4,0,1,0,0,0,0,0,0,0,1,0
2026,,2026-05-03,822742,home,WSN,MIL,691781,Brady House,12,DH,1,1,0,1,0,0,0,0,0,0,0,1,0
2026,,2026-05-03,822742,home,WSN,MIL,682928,CJ Abrams,5,SS,4,4,2,2,0,0,0,0,0,1,1,2,2
2026,,2026-05-03,822742,home,WSN,MIL,683083,Nasim Nuñez,26,2B,3,3,1,2,0,0,0,2,0,0,0,2,0
2026,,2026-05-03,822742,home,WSN,MIL,678391,Jorbit Vivas,84,3B,3,3,0,0,0,0,0,0,0,0,0,0,3
2026,,2026-05-03,822742,home,WSN,MIL,678554,Curtis Mead,45,1B,2,1,0,0,0,0,0,0,1,1,0,0,0
2026,,2026-05-03,822742,home,WSN,MIL,695734,Daylen Lile,4,LF,3,3,0,0,0,0,0,0,0,1,0,0,2
2026,,2026-05-03,822742,home,WSN,MIL,677588,José Tena,8,DH,2,2,0,1,0,1,0,1,0,1,0,3,0
2026,,2026-05-03,822742,home,WSN,MIL,695578,James Wood,29,RF,4,4,0,0,0,0,0,0,0,1,0,0,1
2026,,2026-05-03,822742,home,WSN,MIL,696285,Jacob Young,30,CF,4,4,0,0,0,0,0,0,0,3,0,0,2
2026,,2026-05-03,822742,home,WSN,MIL,660688,Keibert Ruiz,20,C,3,3,0,1,1,0,0,0,0,0,0,2,1
2026,,2026-05-03,822742,home,WSN,MIL,671277,Luis García Jr.,2,1B,2,2,0,0,0,0,0,0,0,1,0,0,0
2026,,2026-05-03,822987,away,SFG,TBR,669477,Casey Schmitt,10,DH,4,4,0,2,0,0,0,1,0,1,1,2,3
2026,,2026-05-03,822987,away,SFG,TBR,666464,Jerar Encarnacion,19,RF,2,2,0,0,0,0,0,0,0,0,0,0,1
2026,,2026-05-03,822987,away,SFG,TBR,671218,Heliot Ramos,17,LF,4,4,0,1,1,0,0,0,0,0,0,2,1
2026,,2026-05-03,822987,away,SFG,TBR,656305,Matt Chapman,26,3B,4,4,0,0,0,0,0,0,0,0,0,0,0
2026,,2026-05-03,822987,away,SFG,TBR,808982,Jung Hoo Lee,51,RF,4,3,0,0,0,0,0,0,1,0,0,0,2
2026,,2026-05-03,822987,away,SFG,TBR,687551,Drew Gilbert,0,CF,2,2,0,0,0,0,0,0,0,0,0,0,2
2026,,2026-05-03,822987,away,SFG,TBR,646240,Rafael Devers,16,1B,4,3,1,1,1,0,0,0,1,2,0,2,1
2026,,2026-05-03,822987,away,SFG,TBR,606992,Eric Haase,18,C,4,4,0,1,1,0,0,0,0,1,0,2,2
2026,,2026-05-03,822987,away,SFG,TBR,642715,Willy Adames,2,SS,4,4,0,1,1,0,0,0,0,1,0,2,0
2026,,2026-05-03,822987,away,SFG,TBR,650333,Luis Arraez,1,2B,4,4,0,0,0,0,0,0,0,0,0,0,2
2026,,2026-05-03,822987,home,TBR,SFG,670764,Taylor Walls,6,SS,4,4,0,0,0,0,0,0,0,0,0,0,1
2026,,2026-05-03,822987,home,TBR,SFG,680700,Richie Palacios,1,PR,0,0,0,0,0,0,0,0,0,0,0,0,0
2026,,2026-05-03,822987,home,TBR,SFG,668723,Ryan Vilade,26,1B,4,3,0,0,0,0,0,1,0,2,0,0,3
2026,,2026-05-03,822987,home,TBR,SFG,641584,Jake Fraley,17,RF,2,2,0,0,0,0,0,0,0,1,0,0,2
2026,,2026-05-03,822987,home,TBR,SFG,802415,Chandler Simpson,14,LF,5,5,1,0,0,0,0,0,0,2,0,0,1
2026,,2026-05-03,822987,home,TBR,SFG,676356,Jonny DeLuca,21,RF,2,1,0,0,0,0,0,0,0,1,0,0,2
2026,,2026-05-03,822987,home,TBR,SFG,676439,Hunter Feduccia,9,C,1,1,0,1,0,0,0,0,0,0,0,1,0
2026,,2026-05-03,822987,home,TBR,SFG,666018,Jonathan Aranda,8,DH,5,5,0,4,0,0,0,1,0,0,0,4,1
2026,,2026-05-03,822987,home,TBR,SFG,663743,Nick Fortes,40,C,3,3,0,1,0,0,0,0,0,0,0,1,0
2026,,2026-05-03,822987,home,TBR,SFG,810938,Ben Williamson,15,2B,4,3,0,1,0,0,0,0,1,0,0,1,2
2026,,2026-05-03,822987,home,TBR,SFG,691406,Junior Caminero,13,3B,5,2,1,1,0,0,0,0,3,0,0,1,0
2026,,2026-05-03,822987,home,TBR,SFG,656775,Cedric Mullins,31,CF,4,4,0,0,0,0,0,0,0,0,0,0,4
2026,,2026-05-03,823875,away,PHI,MIA,669016,Brandon Marsh,16,RF,5,4,1,2,1,0,0,1,1,1,0,3,0
2026,,2026-05-03,823875,away,PHI,MIA,702222,Justin Crawford,2,CF,4,4,0,1,0,0,0,1,0,0,1,1,0
2026,,2026-05-03,823875,away,PHI,MIA,547180,Bryce Harper,3,1B,5,4,1,1,1,0,0,0,1,0,0,2,2
2026,,2026-05-03,823875,away,PHI,MIA,592663,J.T. Realmuto,10,C,4,3,1,1,0,0,0,1,0,0,0,1,3
2026,,2026-05-03,823875,away,PHI,MIA,664761,Alec Bohm,28,3B,5,5,1,1,0,0,0,1,0,1,0,1,3
2026,,2026-05-03,823875,away,PHI,MIA,681082,Bryson Stott,5,2B,4,4,1,1,0,0,1,3,0,0,0,4,4
2026,,2026-05-03,823875,away,PHI,MIA,656941,Kyle Schwarber,12,DH,5,4,1,2,0,0,0,0,1,0,0,2,0
2026,,2026-05-03,823875,away,PHI,MIA,694025,Felix Reyes,29,LF,4,4,0,1,1,0,0,0,0,3,0,2,3
2026,,2026-05-03,823875,away,PHI,MIA,607208,Trea Turner,7,SS,5,5,1,1,1,0,0,0,0,1,0,2,2
2026,,2026-05-03,823875,home,MIA,PHI,666624,Christopher Morel,5,DH,4,4,0,2,0,0,0,0,0,1,0,2,0
2026,,2026-05-03,823875,home,MIA,PHI,665923,Esteury Ruiz,3,CF,4,4,1,1,0,0,1,2,0,2,0,4,2
2026,,2026-05-03,823875,home,MIA,PHI,691594,Javier Sanoja,8,LF,3,3,0,1,1,0,0,0,0,1,0,2,2
2026,,2026-05-03,823875,home,MIA,PHI,669364,Xavier Edwards,9,2B,3,3,0,1,0,0,0,0,0,0,0,1,0
2026,,2026-05-03,823875,home,MIA,PHI,669065,Kyle Stowers,28,RF,2,2,0,1,0,0,0,0,0,0,0,1,0
2026,,2026-05-03,823875,home,MIA,PHI,688363,Graham Pauley,21,3B,1,1,0,0,0,0,0,0,0,0,0,0,0
2026,,2026-05-03,823875,home,MIA,PHI,683357,Owen Caissie,17,RF,2,2,0,1,0,0,0,0,0,1,0,1,0
2026,,2026-05-03,823875,home,MIA,PHI,682663,Agustín Ramírez,50,C,4,4,0,0,0,0,0,0,0,0,0,0,3
2026,,2026-05-03,823875,home,MIA,PHI,677870,Leo Jiménez,19,2B,4,3,1,0,0,0,0,0,0,1,0,0,3
2026,,2026-05-03,823875,home,MIA,PHI,681393,Connor Norby,1,1B,4,4,0,0,0,0,0,0,0,3,0,0,2
2026,,2026-05-03,823875,home,MIA,PHI,672640,Otto Lopez,6,SS,4,4,0,2,0,0,0,0,0,1,0,2,1
2026,,2026-05-03,823065,away,LAD,STL,687221,Dalton Rushing,68,C,4,3,0,1,0,0,0,0,0,1,0,1,3
2026,,2026-05-03,823065,away,LAD,STL,663656,Kyle Tucker,23,RF,5,5,1,1,1,0,0,0,0,0,0,2,4
2026,,2026-05-03,823065,away,LAD,STL,571970,Max Muncy,13,3B,4,3,1,1,0,0,0,0,1,0,0,1,0
2026,,2026-05-03,823065,away,LAD,STL,518692,Freddie Freeman,5,1B,5,5,0,2,1,0,0,1,0,2,0,3,3
2026,,2026-05-03,823065,away,LAD,STL,808975,Hyeseong Kim,6,SS,2,2,1,2,0,0,0,1,0,0,0,2,0
2026,,2026-05-03,823065,away,LAD,STL,669289,Santiago Espinal,21,2B,0,0,0,0,0,0,0,0,0,0,0,0,0
2026,,2026-05-03,823065,away,LAD,STL,660271,Shohei Ohtani,17,DH,5,3,0,0,0,0,0,0,1,0,0,0,2
2026,,2026-05-03,823065,away,LAD,STL,606192,Teoscar Hernández,37,LF,5,4,0,1,0,0,0,0,1,1,0,1,3
2026,,2026-05-03,823065,away,LAD,STL,681624,Andy Pages,44,CF,4,4,1,1,1,0,0,1,0,0,1,2,2
2026,,2026-05-03,823065,away,LAD,STL,669743,Alex Call,12,PH,1,1,0,1,0,0,0,1,0,0,0,1,0
2026,,2026-05-03,823065,away,LAD,STL,500743,Miguel Rojas,72,SS,2,1,0,0,0,0,0,0,1,0,0,0,1
2026,,2026-05-03,823065,away,LAD,STL,690976,Alex Freeland,76,2B,3,3,0,0,0,0,0,0,0,1,0,0,4
2026,,2026-05-03,823065,home,STL,LAD,669357,Nolan Gorman,16,3B,1,1,0,0,0,0,0,0,0,0,0,0,0
2026,,2026-05-03,823065,home,STL,LAD,691023,Jordan Walker,18,RF,4,3,1,0,0,0,0,0,1,0,0,0,2
2026,,2026-05-03,823065,home,STL,LAD,701675,Nathan Church,27,CF,4,4,0,2,0,0,0,0,0,0,0,2,0
2026,,2026-05-03,823065,home,STL,LAD,665877,José Fermín,15,LF,4,4,0,1,0,0,0,0,0,1,0,1,2
2026,,2026-05-03,823065,home,STL,LAD,802139,JJ Wetherholt,26,2B,4,4,0,1,0,0,0,0,0,0,0,1,0
2026,,2026-05-03,823065,home,STL,LAD,676475,Alec Burleson,41,1B,4,4,0,1,0,0,0,1,0,0,0,1,0
2026,,2026-05-03,823065,home,STL,LAD,686780,Pedro Pagés,43,C,4,4,0,0,0,0,0,0,0,1,0,0,2
2026,,2026-05-03,823065,home,STL,LAD,602104,Ramón Urías,29,3B,2,2,0,0,0,0,0,0,0,0,0,0,0
2026,,2026-05-03,823065,home,STL,LAD,691026,Masyn Winn,0,SS,4,4,0,2,0,0,0,0,0,0,0,2,1
2026,,2026-05-03,823065,home,STL,LAD,671056,Iván Herrera,48,DH,4,3,0,0,0,0,0,0,1,0,0,0,1
2026,,2026-05-03,824687,away,ARI,CHC,680728,Adrian Del Castillo,25,PH,1,1,1,1,0,0,1,2,0,0,0,4,0
2026,,2026-05-03,824687,away,ARI,CHC,571448,Nolan Arenado,28,3B,4,4,1,1,1,0,0,0,0,1,0,2,1
2026,,2026-05-03,824687,away,ARI,CHC,606466,Ketel Marte,4,2B,5,5,0,0,0,0,0,0,0,3,0,0,3
2026,,2026-05-03,824687,away,ARI,CHC,545121,Ildemaro Vargas,6,1B,4,4,0,1,0,0,0,0,0,0,0,1,1
2026,,2026-05-03,824687,away,ARI,CHC,672695,Geraldo Perdomo,2,SS,4,4,0,1,1,0,0,0,0,0,0,2,0
2026,,2026-05-03,824687,away,ARI,CHC,699912,Jose Fernandez,11,DH,4,3,0,0,0,0,0,0,0,1,0,0,1
2026,,2026-05-03,824687,away,ARI,CHC,672515,Gabriel Moreno,14,C,4,4,1,1,0,0,1,2,0,1,0,4,3
2026,,2026-05-03,824687,away,ARI,CHC,682998,Corbin Carroll,7,RF,4,3,0,0,0,0,0,0,1,1,0,0,1
2026,,2026-05-03,824687,away,ARI,CHC,666971,Lourdes Gurriel Jr.,12,LF,4,3,1,2,0,0,0,0,1,1,0,2,1
2026,,2026-05-03,824687,away,ARI,CHC,678489,Jorge Barrosa,1,CF,3,2,0,0,0,0,0,0,1,0,0,0,0
2026,,2026-05-03,824687,home,CHC,ARI,664023,Ian Happ,8,LF,5,3,2,1,0,0,0,0,2,1,0,1,0
2026,,2026-05-03,824687,home,CHC,ARI,608324,Alex Bregman,3,3B,5,4,1,0,0,0,0,0,1,1,0,0,3
2026,,2026-05-03,824687,home,CHC,ARI,683737,Michael Busch,29,1B,5,3,1,2,1,1,0,4,1,1,0,5,3
2026,,2026-05-03,824687,home,CHC,ARI,608348,Carson Kelly,15,C,4,4,0,2,0,0,0,2,0,0,0,2,3
2026,,2026-05-03,824687,home,CHC,ARI,691718,Pete Crow-Armstrong,4,CF,4,4,0,1,1,0,0,0,0,0,0,2,2
2026,,2026-05-03,824687,home,CHC,ARI,694208,Moisés Ballesteros,25,DH,5,4,2,2,0,0,1,2,1,1,0,5,2
2026,,2026-05-03,824687,home,CHC,ARI,673548,Seiya Suzuki,27,RF,5,5,1,2,1,0,0,0,0,3,0,3,6
2026,,2026-05-03,824687,home,CHC,ARI,621020,Dansby Swanson,7,SS,4,3,0,0,0,0,0,0,1,1,0,0,3
2026,,2026-05-03,824687,home,CHC,ARI,663538,Nico Hoerner,2,2B,5,5,1,2,1,0,0,0,0,0,0,3,1
2026,,2026-05-03,824364,away,ATL,COL,640492,José Azocar,38,RF,2,2,0,0,0,0,0,0,0,1,0,0,1
2026,,2026-05-03,824364,away,ATL,COL,641680,Jonah Heim,20,C,5,4,2,2,1,0,1,5,0,0,0,6,1
2026,,2026-05-03,824364,away,ATL,COL,622761,Jorge Mateo,2,SS,5,5,1,2,0,0,1,2,0,1,1,5,3
2026,,2026-05-03,824364,away,ATL,COL,643289,Mauricio Dubón,14,CF,5,3,0,0,0,0,0,0,2,1,0,0,0
2026,,2026-05-03,824364,away,ATL,COL,686948,Drake Baldwin,30,DH,5,5,1,2,0,0,0,0,0,1,0,2,2
2026,,2026-05-03,824364,away,ATL,COL,621566,Matt Olson,28,1B,5,4,2,2,2,0,0,1,1,1,0,4,3
2026,,2026-05-03,824364,away,ATL,COL,642201,Eli White,36,LF,5,4,1,2,0,1,0,1,1,1,0,4,1
2026,,2026-05-03,824364,away,ATL,COL,645277,Ozzie Albies,1,2B,5,3,3,2,0,0,0,1,2,0,0,2,0
2026,,2026-05-03,824364,away,ATL,COL,663586,Austin Riley,27,3B,5,5,0,1,0,0,0,1,0,3,0,1,5
2026,,2026-05-03,824364,away,ATL,COL,573262,Mike Yastrzemski,18,RF,3,3,1,1,0,0,0,0,0,0,0,1,1
2026,,2026-05-03,824364,home,COL,ATL,666160,Mickey Moniak,22,LF,5,4,2,2,0,0,2,3,1,1,0,8,1
2026,,2026-05-03,824364,home,COL,ATL,664983,Jake McCarthy,31,CF,4,3,1,1,0,1,0,0,1,0,0,3,1
2026,,2026-05-03,824364,home,COL,ATL,687859,Troy Johnston,20,RF,5,3,1,2,0,0,0,0,2,1,0,2,0
2026,,2026-05-03,824364,home,COL,ATL,650489,Willi Castro,3,3B,5,5,0,2,0,0,0,0,0,2,0,2,4
2026,,2026-05-03,824364,home,COL,ATL,666397,Edouard Julien,6,2B,5,4,1,0,0,0,0,0,1,4,1,0,3
2026,,2026-05-03,824364,home,COL,ATL,696100,Hunter Goodman,15,DH,5,5,0,0,0,0,0,0,0,3,0,0,4
2026,,2026-05-03,824364,home,COL,ATL,664954,Brett Sullivan,26,C,5,3,0,0,0,0,0,0,1,1,0,0,3
2026,,2026-05-03,824364,home,COL,ATL,678662,Ezequiel Tovar,14,SS,4,3,0,1,0,0,0,1,0,0,0,1,3
2026,,2026-05-03,824364,home,COL,ATL,681198,TJ Rumfield,7,1B,5,5,1,3,0,0,1,2,0,1,0,6,0
2026,,2026-05-03,825013,away,CLE,ATH,800050,Chase DeLauter,24,RF,4,4,1,2,0,0,1,1,0,1,0,5,0
2026,,2026-05-03,825013,away,CLE,ATH,595978,Austin Hedges,27,C,2,2,0,0,0,0,0,0,0,1,0,0,2
2026,,2026-05-03,825013,away,CLE,ATH,683953,Travis Bazzana,37,2B,4,3,0,2,0,0,0,0,1,0,1,2,0
2026,,2026-05-03,825013,away,CLE,ATH,682177,Daniel Schneemann,10,3B,4,4,0,0,0,0,0,0,0,2,0,0,4
2026,,2026-05-03,825013,away,CLE,ATH,677587,Brayan Rocchio,4,SS,4,4,0,0,0,0,0,0,0,0,0,0,3
2026,,2026-05-03,825013,away,CLE,ATH,690984,Petey Halpin,0,CF,4,4,0,0,0,0,0,0,0,1,0,0,3
2026,,2026-05-03,825013,away,CLE,ATH,666310,Bo Naylor,23,C,2,1,0,0,0,0,0,0,1,0,0,0,1
2026,,2026-05-03,825013,away,CLE,ATH,681807,David Fry,6,PR,0,0,0,0,0,0,0,0,0,0,0,0,0
2026,,2026-05-03,825013,away,CLE,ATH,608070,José Ramírez,11,DH,4,3,0,1,0,0,0,0,1,0,0,1,1
2026,,2026-05-03,825013,away,CLE,ATH,680757,Steven Kwan,38,LF,4,4,0,0,0,0,0,0,0,0,0,0,0
2026,,2026-05-03,825013,away,CLE,ATH,700932,Kyle Manzardo,9,1B,4,4,0,2,0,0,0,0,0,0,0,2,0
2026,,2026-05-03,825013,home,ATH,CLE,671732,Lawrence Butler,4,RF,2,2,0,0,0,0,0,0,0,2,0,0,1
2026,,2026-05-03,825013,home,ATH,CLE,667670,Brent Rooker,25,DH,5,5,0,1,0,0,0,1,0,2,0,1,3
2026,,2026-05-03,825013,home,ATH,CLE,680869,Zack Gelof,20,CF,4,3,2,1,0,0,1,1,1,0,0,4,1
2026,,2026-05-03,825013,home,ATH,CLE,643446,Jeff McNeil,22,2B,4,4,0,2,1,0,0,3,0,0,0,3,0
2026,,2026-05-03,825013,home,ATH,CLE,642851,Austin Wynns,29,C,4,3,1,0,0,0,0,0,1,1,0,0,2
2026,,2026-05-03,825013,home,ATH,CLE,691016,Tyler Soderstrom,21,LF,4,4,2,3,0,0,1,1,0,1,0,6,0
2026,,2026-05-03,825013,home,ATH,CLE,687231,Darell Hernaiz,2,3B,4,4,1,1,0,0,0,0,0,1,0,1,3
2026,,2026-05-03,825013,home,ATH,CLE,701762,Nick Kurtz,16,1B,4,4,0,1,0,0,0,0,0,2,0,1,2
2026,,2026-05-03,825013,home,ATH,CLE,687515,Colby Thomas,32,RF,2,2,1,1,0,0,1,1,0,0,0,4,0
2026,,2026-05-03,825013,home,ATH,CLE,805779,Jacob Wilson,5,SS,5,4,0,1,0,0,0,0,1,0,0,1,2
2026,,2026-05-03,824043,away,NYM,LAA,620443,Luis Torrens,13,C,4,3,0,0,0,0,0,0,1,1,0,0,0
2026,,2026-05-03,824043,away,NYM,LAA,666182,Bo Bichette,19,SS,5,5,0,2,0,0,0,0,0,0,0,2,1
2026,,2026-05-03,824043,away,NYM,LAA,621438,Tyrone Taylor,28,CF,4,4,0,0,0,0,0,0,0,0,0,0,2
2026,,2026-05-03,824043,away,NYM,LAA,668901,Mark Vientos,27,1B,4,4,2,2,0,0,2,4,0,1,0,8,2
2026,,2026-05-03,824043,away,NYM,LAA,683146,Brett Baty,7,3B,5,3,1,1,0,0,0,0,1,2,0,1,2
2026,,2026-05-03,824043,away,NYM,LAA,701807,Carson Benge,3,RF,4,2,2,1,1,0,0,1,2,0,0,2,0
2026,,2026-05-03,824043,away,NYM,LAA,543760,Marcus Semien,10,2B,4,4,0,0,0,0,0,0,0,2,0,0,4
2026,,2026-05-03,824043,away,NYM,LAA,669004,MJ Melendez,1,LF,3,2,0,1,0,0,0,0,0,0,0,1,0
2026,,2026-05-03,824043,away,NYM,LAA,665742,Juan Soto,22,DH,5,5,0,0,0,0,0,0,0,2,0,0,2
2026,,2026-05-03,824043,away,NYM,LAA,596103,Austin Slater,40,LF,2,2,0,0,0,0,0,0,0,1,0,0,1
2026,,2026-05-03,824043,home,LAA,NYM,672724,Oswald Peraza,2,3B,4,4,0,0,0,0,0,0,0,2,0,0,2
2026,,2026-05-03,824043,home,LAA,NYM,687263,Zach Neto,9,SS,4,3,1,0,0,0,0,0,1,0,0,0,1
2026,,2026-05-03,824043,home,LAA,NYM,624585,Jorge Soler,12,RF,4,4,0,1,0,0,0,1,0,2,0,1,2
2026,,2026-05-03,824043,home,LAA,NYM,660162,Yoán Moncada,10,PH,1,1,0,0,0,0,0,0,0,1,0,0,1
2026,,2026-05-03,824043,home,LAA,NYM,518595,Travis d'Arnaud,25,C,0,0,0,0,0,0,0,0,0,0,0,0,0
2026,,2026-05-03,824043,home,LAA,NYM,545361,Mike Trout,27,CF,4,3,0,1,0,0,0,0,1,2,0,1,0
2026,,2026-05-03,824043,home,LAA,NYM,666176,Jo Adell,7,DH,4,4,0,1,0,0,0,0,0,1,0,1,3
2026,,2026-05-03,824043,home,LAA,NYM,687093,Vaughn Grissom,5,2B,4,3,0,0,0,0,0,0,1,0,0,0,1
2026,,2026-05-03,824043,home,LAA,NYM,694384,Nolan Schanuel,18,1B,4,4,0,2,0,0,0,0,0,1,0,2,3
2026,,2026-05-03,824043,home,LAA,NYM,666139,Josh Lowe,3,LF,4,4,0,0,0,0,0,0,0,1,0,0,1
2026,,2026-05-03,824043,home,LAA,NYM,665861,Sebastián Rivero,38,C,2,2,0,1,0,0,0,0,0,1,0,1,0
2026,,2026-05-03,823145,away,KCR,SEA,695600,Carter Jensen,22,C,4,2,0,0,0,0,0,1,2,1,0,0,0
2026,,2026-05-03,823145,away,KCR,SEA,686555,Isaac Collins,1,LF,4,2,0,2,1,0,0,2,1,0,0,3,0
2026,,2026-05-03,823145,away,KCR,SEA,521692,Salvador Perez,13,DH,4,3,1,0,0,0,0,0,0,0,0,0,0
2026,,2026-05-03,823145,away,KCR,SEA,686681,Michael Massey,19,2B,4,4,0,0,0,0,0,0,0,2,0,0,6
2026,,2026-05-03,823145,away,KCR,SEA,516782,Starling Marte,0,DH,0,0,0,0,0,0,0,0,0,0,0,0,0
2026,,2026-05-03,823145,away,KCR,SEA,686469,Vinnie Pasquantino,9,1B,5,5,1,2,0,0,0,0,0,1,0,2,2
2026,,2026-05-03,823145,away,KCR,SEA,664728,Kyle Isbel,28,CF,4,3,0,2,0,0,0,0,1,0,0,2,0
2026,,2026-05-03,823145,away,KCR,SEA,672580,Maikel Garcia,11,3B,5,5,0,1,0,0,0,0,0,0,1,1,3
2026,,2026-05-03,823145,away,KCR,SEA,695506,Jac Caglianone,14,RF,4,3,1,0,0,0,0,1,1,0,0,0,4
2026,,2026-05-03,823145,away,KCR,SEA,677951,Bobby Witt Jr.,7,SS,5,5,1,1,0,0,0,0,0,3,0,1,3
2026,,2026-05-03,823145,home,SEA,KCR,647304,Josh Naylor,12,1B,4,4,0,1,0,0,0,1,0,1,0,1,2
2026,,2026-05-03,823145,home,SEA,KCR,702284,Cole Young,2,2B,4,4,0,1,0,0,0,0,0,3,0,1,1
2026,,2026-05-03,823145,home,SEA,KCR,668227,Randy Arozarena,56,LF,4,4,0,0,0,0,0,0,0,1,0,0,2
2026,,2026-05-03,823145,home,SEA,KCR,641487,J.P. Crawford,3,SS,4,4,0,1,0,0,0,0,0,0,0,1,0
2026,,2026-05-03,823145,home,SEA,KCR,686527,Dominic Canzone,8,DH,1,0,0,0,0,0,0,0,1,0,0,0,0
2026,,2026-05-03,823145,home,SEA,KCR,640902,Jhonny Pereda,5,C,3,3,0,0,0,0,0,0,0,1,0,0,3
2026,,2026-05-03,823145,home,SEA,KCR,608701,Rob Refsnyder,30,DH,3,3,0,0,0,0,0,0,0,2,0,0,1
2026,,2026-05-03,823145,home,SEA,KCR,656582,Connor Joe,9,RF,3,2,0,0,0,0,0,0,1,1,0,0,1
2026,,2026-05-03,823145,home,SEA,KCR,677594,Julio Rodríguez,44,CF,4,4,0,1,0,0,0,0,0,1,0,1,1
2026,,2026-05-03,823145,home,SEA,KCR,660844,Leo Rivas,76,3B,3,2,1,0,0,0,0,0,1,0,0,0,0
2026,,2026-05-03,823307,away,CHW,SDP,671976,Tristan Peters,29,CF,4,4,0,1,0,0,0,0,0,1,1,1,1
2026,,2026-05-03,823307,away,CHW,SDP,682668,Luisangel Acuña,0,SS,4,4,0,0,0,0,0,0,0,2,0,0,1
2026,,2026-05-03,823307,away,CHW,SDP,808959,Munetaka Murakami,5,1B,4,4,0,0,0,0,0,0,0,2,0,0,1
2026,,2026-05-03,823307,away,CHW,SDP,805367,Chase Meidroth,10,2B,4,4,1,2,0,0,0,0,0,2,0,2,1
2026,,2026-05-03,823307,away,CHW,SDP,695657,Colson Montgomery,12,3B,4,2,0,0,0,0,0,0,2,1,0,0,1
2026,,2026-05-03,823307,away,CHW,SDP,691011,Drew Romo,36,C,3,3,1,1,0,0,1,1,0,2,0,4,0
2026,,2026-05-03,823307,away,CHW,SDP,700337,Edgar Quero,26,PH,1,1,0,0,0,0,0,0,0,1,0,0,0
2026,,2026-05-03,823307,away,CHW,SDP,643217,Andrew Benintendi,23,DH,2,2,0,0,0,0,0,0,0,1,0,0,1
2026,,2026-05-03,823307,away,CHW,SDP,803011,Sam Antonacci,17,LF,4,3,0,0,0,0,0,0,1,2,0,0,0
2026,,2026-05-03,823307,away,CHW,SDP,672284,Jarred Kelenic,24,RF,2,2,0,1,0,0,0,0,0,0,0,1,0
2026,,2026-05-03,823307,away,CHW,SDP,656537,Derek Hill,25,RF,1,1,1,1,0,0,1,2,0,0,0,4,0
2026,,2026-05-03,823307,away,CHW,SDP,678246,Miguel Vargas,20,DH,2,2,0,1,0,0,0,0,0,1,0,1,0
2026,,2026-05-03,823307,home,SDP,CHW,666023,Freddy Fermin,54,C,3,2,0,0,0,0,0,0,1,0,0,0,0
2026,,2026-05-03,823307,home,SDP,CHW,592206,Nick Castellanos,21,RF,2,2,0,1,1,0,0,0,0,0,0,2,2
2026,,2026-05-03,823307,home,SDP,CHW,701538,Jackson Merrill,3,CF,4,4,0,1,0,0,0,0,0,1,1,1,0
2026,,2026-05-03,823307,home,SDP,CHW,657757,Gavin Sheets,30,PH,1,1,0,0,0,0,0,0,0,0,0,0,0
2026,,2026-05-03,823307,home,SDP,CHW,657656,Ramón Laureano,5,LF,4,3,1,0,0,0,0,0,1,3,1,0,0
2026,,2026-05-03,823307,home,SDP,CHW,592518,Manny Machado,13,3B,4,4,1,2,0,0,1,1,0,1,0,5,2
2026,,2026-05-03,823307,home,SDP,CHW,609280,Miguel Andujar,41,DH,4,4,1,1,0,0,1,1,0,1,0,4,1
2026,,2026-05-03,823307,home,SDP,CHW,664034,Ty France,25,1B,4,4,0,2,0,0,0,0,0,1,0,2,2
2026,,2026-05-03,823307,home,SDP,CHW,669369,Bryce Johnson,29,RF,0,0,0,0,0,0,0,0,0,0,0,0,0
2026,,2026-05-03,823307,home,SDP,CHW,593428,Xander Bogaerts,2,SS,4,4,1,2,0,0,0,1,0,0,1,2,1
2026,,2026-05-03,823307,home,SDP,CHW,630105,Jake Cronenworth,9,2B,3,3,0,0,0,0,0,0,0,1,0,0,2
2026,,2026-05-03,824285,away,TEX,DET,694497,Evan Carter,32,CF,4,4,0,0,0,0,0,0,0,0,0,0,0
2026,,2026-05-03,824285,away,TEX,DET,669394,Jake Burger,21,1B,4,4,0,0,0,0,0,0,0,2,0,0,4
2026,,2026-05-03,824285,away,TEX,DET,696030,Alejandro Osuna,19,LF,1,1,0,0,0,0,0,0,0,1,0,0,0
2026,,2026-05-03,824285,away,TEX,DET,608369,Corey Seager,5,SS,4,4,0,1,0,0,0,0,0,2,0,1,2
2026,,2026-05-03,824285,away,TEX,DET,673962,Josh Jung,6,3B,4,4,0,1,0,0,0,0,0,0,0,1,1
2026,,2026-05-03,824285,away,TEX,DET,457705,Andrew McCutchen,4,RF,3,3,0,1,0,0,0,0,0,0,0,1,1
2026,,2026-05-03,824285,away,TEX,DET,543309,Kyle Higashioka,11,C,4,3,0,0,0,0,0,1,1,0,0,0,2
2026,,2026-05-03,824285,away,TEX,DET,677649,Ezequiel Duran,20,RF,4,4,1,1,1,0,0,0,0,0,0,2,0
2026,,2026-05-03,824285,away,TEX,DET,607043,Brandon Nimmo,24,DH,4,4,0,1,0,0,0,0,0,2,0,1,3
2026,,2026-05-03,824285,away,TEX,DET,669701,Josh Smith,8,2B,4,3,0,2,0,0,0,0,1,0,0,2,0
2026,,2026-05-03,824285,home,DET,TEX,701678,Hao-Yu  Lee,50,2B,3,3,1,1,0,0,0,1,0,2,0,1,0
2026,,2026-05-03,824285,home,DET,TEX,682985,Riley Greene,31,LF,4,3,1,0,0,0,0,0,1,2,0,0,1
2026,,2026-05-03,824285,home,DET,TEX,805808,Kevin McGonigle,7,3B,4,4,1,2,0,0,0,2,0,0,0,2,0
2026,,2026-05-03,824285,home,DET,TEX,681481,Kerry Carpenter,30,DH,4,4,1,1,0,0,0,0,0,2,0,1,0
2026,,2026-05-03,824285,home,DET,TEX,670097,Zack Short,15,SS,0,0,0,0,0,0,0,0,0,0,0,0,0
2026,,2026-05-03,824285,home,DET,TEX,679529,Spencer Torkelson,20,1B,4,4,1,1,0,0,1,2,0,3,0,4,0
2026,,2026-05-03,824285,home,DET,TEX,668670,Jake Rogers,34,C,3,3,2,2,0,1,0,0,0,0,0,4,0
2026,,2026-05-03,824285,home,DET,TEX,663837,Matt Vierling,8,CF,4,4,0,1,1,0,0,2,0,2,0,2,1
2026,,2026-05-03,824285,home,DET,TEX,690993,Colt Keith,33,3B,4,4,0,0,0,0,0,0,0,1,0,0,2
2026,,2026-05-03,824285,home,DET,TEX,672761,Wenceel Pérez,46,RF,3,3,0,0,0,0,0,0,0,0,0,0,1
2026,,2026-05-04,824363,away,NYM,COL,620443,Luis Torrens,13,C,3,3,1,1,1,0,0,1,0,1,0,2,0
2026,,2026-05-04,824363,away,NYM,COL,666182,Bo Bichette,19,SS,4,4,0,0,0,0,0,0,0,1,0,0,2
2026,,2026-05-04,824363,away,NYM,COL,621438,Tyrone Taylor,28,RF,1,1,0,0,0,0,0,0,0,0,0,0,0
2026,,2026-05-04,824363,away,NYM,COL,682626,Francisco Alvarez,4,DH,3,3,1,1,1,0,0,0,0,1,0,2,1
2026,,2026-05-04,824363,away,NYM,COL,668901,Mark Vientos,27,1B,4,4,0,1,0,0,0,2,0,0,0,1,0
2026,,2026-05-04,824363,away,NYM,COL,683146,Brett Baty,7,3B,4,4,0,0,0,0,0,0,0,1,0,0,1
2026,,2026-05-04,824363,away,NYM,COL,701807,Carson Benge,3,CF,3,2,1,1,0,0,1,1,1,0,0,4,0
2026,,2026-05-04,824363,away,NYM,COL,543760,Marcus Semien,10,2B,3,3,0,0,0,0,0,0,0,1,0,0,0
2026,,2026-05-04,824363,away,NYM,COL,669004,MJ Melendez,1,RF,3,3,0,0,0,0,0,0,0,2,0,0,2
2026,,2026-05-04,824363,away,NYM,COL,665742,Juan Soto,22,LF,4,3,1,0,0,0,0,0,1,1,0,0,0
2026,,2026-05-04,824363,home,COL,NYM,666160,Mickey Moniak,22,CF,4,4,0,2,1,1,0,0,0,1,0,5,0
2026,,2026-05-04,824363,home,COL,NYM,687859,Troy Johnston,20,PH,1,1,0,0,0,0,0,0,0,1,0,0,0
2026,,2026-05-04,824363,home,COL,NYM,650489,Willi Castro,3,LF,4,4,1,1,0,0,0,0,0,1,0,1,0
2026,,2026-05-04,824363,home,COL,NYM,671289,Tyler Freeman,2,DH,4,3,0,0,0,0,0,0,0,2,1,0,2
2026,,2026-05-04,824363,home,COL,NYM,666397,Edouard Julien,6,2B,1,1,0,0,0,0,0,0,0,0,0,0,0
2026,,2026-05-04,824363,home,COL,NYM,696100,Hunter Goodman,15,C,4,4,0,0,0,0,0,0,0,1,0,0,1
2026,,2026-05-04,824363,home,COL,NYM,687597,Jordan Beck,27,RF,3,3,1,1,0,1,0,1,0,1,0,3,0
2026,,2026-05-04,824363,home,COL,NYM,686668,Brenton Doyle,9,CF,2,2,0,0,0,0,0,0,0,1,0,0,0
2026,,2026-05-04,824363,home,COL,NYM,678662,Ezequiel Tovar,14,SS,3,3,0,0,0,0,0,0,0,1,0,0,1
2026,,2026-05-04,824363,home,COL,NYM,681198,TJ Rumfield,7,1B,4,4,0,0,0,0,0,0,0,0,0,0,2
2026,,2026-05-04,824363,home,COL,NYM,691720,Kyle Karros,12,3B,3,3,0,1,0,0,0,1,0,2,0,1,0
2026,,2026-05-04,824283,away,BOS,DET,701350,Roman Anthony,19,LF,1,1,0,0,0,0,0,0,0,0,0,0,1
2026,,2026-05-04,824283,away,BOS,DET,575929,Willson Contreras,40,1B,5,4,0,0,0,0,0,0,1,2,0,0,3
2026,,2026-05-04,824283,away,BOS,DET,596115,Trevor Story,10,SS,5,5,0,1,0,0,0,0,0,3,0,1,4
2026,,2026-05-04,824283,away,BOS,DET,676477,Garrett Whitlock,22,P,0,0,0,0,0,0,0,0,0,0,0,0,0
2026,,2026-05-04,824283,away,BOS,DET,677800,Wilyer Abreu,52,RF,5,4,1,1,0,0,0,1,1,2,0,1,3
2026,,2026-05-04,824283,away,BOS,DET,655316,Andruw Monasterio,32,3B,4,4,1,1,0,0,0,0,0,1,0,1,0
2026,,2026-05-04,824283,away,BOS,DET,702332,Caleb Durbin,5,3B,0,0,0,0,0,0,0,0,0,0,0,0,0
2026,,2026-05-04,824283,away,BOS,DET,665966,Carlos Narváez,75,C,4,3,1,0,0,0,0,0,1,0,0,0,3
2026,,2026-05-04,824283,away,BOS,DET,680776,Jarren Duran,16,LF,5,5,1,3,0,0,1,3,0,2,1,6,0
2026,,2026-05-04,824283,away,BOS,DET,678882,Ceddanne Rafaela,3,CF,5,5,0,2,0,0,0,0,0,0,0,2,1
2026,,2026-05-04,824283,away,BOS,DET,807799,Masataka Yoshida,7,LF,4,4,1,2,1,0,0,0,0,0,0,3,3
2026,,2026-05-04,824283,away,BOS,DET,691785,Marcelo Mayer,11,2B,4,4,0,2,0,0,0,1,0,1,0,2,2
2026,,2026-05-04,824283,away,BOS,DET,547973,Aroldis Chapman,44,P,0,0,0,0,0,0,0,0,0,0,0,0,0
2026,,2026-05-04,824283,home,DET,BOS,701678,Hao-Yu  Lee,50,2B,4,4,0,0,0,0,0,0,0,1,0,0,1
2026,,2026-05-04,824283,home,DET,BOS,663330,Jahmai Jones,18,DH,3,2,1,0,0,0,0,0,1,1,0,0,0
2026,,2026-05-04,824283,home,DET,BOS,682985,Riley Greene,31,LF,4,4,0,1,1,0,0,0,0,2,0,2,2
2026,,2026-05-04,824283,home,DET,BOS,681481,Kerry Carpenter,30,DH,1,1,0,0,0,0,0,0,0,1,0,0,1
2026,,2026-05-04,824283,home,DET,BOS,670097,Zack Short,15,SS,3,3,0,0,0,0,0,0,0,1,0,0,2
2026,,2026-05-04,824283,home,DET,BOS,679529,Spencer Torkelson,20,1B,4,4,0,0,0,0,0,0,0,3,0,0,1
2026,,2026-05-04,824283,home,DET,BOS,663837,Matt Vierling,8,CF,4,3,1,0,0,0,0,1,1,0,0,0,0
2026,,2026-05-04,824283,home,DET,BOS,693307,Dillon Dingler,13,C,4,4,0,1,1,0,0,2,0,1,0,2,1
2026,,2026-05-04,824283,home,DET,BOS,690993,Colt Keith,33,3B,3,2,2,1,0,0,0,0,0,0,0,1,0
2026,,2026-05-04,824283,home,DET,BOS,672761,Wenceel Pérez,46,RF,4,4,0,0,0,0,0,0,0,1,0,0,1
2026,,2026-05-04,822984,away,TOR,TBR,676391,Ernie Clement,22,2B,4,4,0,1,0,0,0,0,0,0,0,1,4
2026,,2026-05-04,822984,away,TOR,TBR,662139,Daulton Varsho,5,DH,4,4,0,0,0,0,0,0,0,3,0,0,1
2026,,2026-05-04,822984,away,TOR,TBR,665926,Andrés Giménez,0,SS,4,4,0,1,0,0,0,0,0,0,0,1,3
2026,,2026-05-04,822984,away,TOR,TBR,678218,Brandon Valenzuela,59,C,4,4,0,1,0,0,0,0,0,2,0,1,1
2026,,2026-05-04,822984,away,TOR,TBR,682818,Yohendrick Piñango,24,LF,5,5,1,3,1,0,0,0,0,0,0,4,0
2026,,2026-05-04,822984,away,TOR,TBR,665489,Vladimir Guerrero Jr.,27,1B,4,4,0,1,0,0,0,1,0,1,0,1,2
2026,,2026-05-04,822984,away,TOR,TBR,660821,Jesús Sánchez,12,RF,4,4,0,1,0,0,0,0,0,0,0,1,2
2026,,2026-05-04,822984,away,TOR,TBR,664702,Myles Straw,3,CF,4,3,0,1,0,0,0,0,1,0,0,1,0
2026,,2026-05-04,822984,away,TOR,TBR,672960,Kazuma Okamoto,7,3B,5,4,0,1,0,0,0,0,1,2,0,1,3
2026,,2026-05-04,822984,home,TBR,TOR,670764,Taylor Walls,6,SS,3,3,0,1,0,0,0,2,0,0,0,1,2
2026,,2026-05-04,822984,home,TBR,TOR,668723,Ryan Vilade,26,RF,2,2,1,1,0,0,1,3,0,0,0,4,0
2026,,2026-05-04,822984,home,TBR,TOR,802415,Chandler Simpson,14,LF,4,4,1,1,0,0,0,0,0,1,0,1,2
2026,,2026-05-04,822984,home,TBR,TOR,676356,Jonny DeLuca,21,RF,4,4,0,1,0,0,0,0,0,1,0,1,3
2026,,2026-05-04,822984,home,TBR,TOR,666018,Jonathan Aranda,8,1B,4,4,1,3,0,0,0,0,0,1,0,3,0
2026,,2026-05-04,822984,home,TBR,TOR,663743,Nick Fortes,40,C,3,3,0,1,0,0,0,0,0,1,0,1,2
2026,,2026-05-04,822984,home,TBR,TOR,650490,Yandy Díaz,2,DH,4,4,0,0,0,0,0,0,0,0,0,0,0
2026,,2026-05-04,822984,home,TBR,TOR,810938,Ben Williamson,15,2B,4,4,1,2,0,0,0,0,0,0,0,2,1
2026,,2026-05-04,822984,home,TBR,TOR,691406,Junior Caminero,13,3B,4,3,1,0,0,0,0,0,1,1,0,0,0
2026,,2026-05-04,822984,home,TBR,TOR,656775,Cedric Mullins,31,CF,2,2,0,1,0,0,0,0,0,0,0,1,0
2026,,2026-05-04,823874,away,PHI,MIA,669016,Brandon Marsh,16,LF,4,4,0,1,0,0,0,0,0,0,0,1,3
2026,,2026-05-04,823874,away,PHI,MIA,702222,Justin Crawford,2,CF,3,3,0,0,0,0,0,0,0,2,0,0,3
2026,,2026-05-04,823874,away,PHI,MIA,547180,Bryce Harper,3,1B,4,4,1,3,1,0,1,1,0,0,0,7,0
2026,,2026-05-04,823874,away,PHI,MIA,664761,Alec Bohm,28,3B,4,4,0,0,0,0,0,0,0,0,0,0,1
2026,,2026-05-04,823874,away,PHI,MIA,681082,Bryson Stott,5,2B,4,4,0,0,0,0,0,0,0,1,0,0,2
2026,,2026-05-04,823874,away,PHI,MIA,656941,Kyle Schwarber,12,DH,4,4,0,0,0,0,0,0,0,1,0,0,0
2026,,2026-05-04,823874,away,PHI,MIA,596117,Garrett Stubbs,21,C,4,4,0,1,0,0,0,0,0,1,0,1,2
2026,,2026-05-04,823874,away,PHI,MIA,666969,Adolis García,53,RF,4,4,0,2,0,0,0,0,0,1,0,2,2
2026,,2026-05-04,823874,away,PHI,MIA,607208,Trea Turner,7,SS,4,4,0,0,0,0,0,0,0,2,0,0,1
2026,,2026-05-04,823874,home,MIA,PHI,666624,Christopher Morel,5,1B,3,3,0,1,0,0,0,0,0,2,0,1,1
2026,,2026-05-04,823874,home,MIA,PHI,665923,Esteury Ruiz,3,RF,1,1,0,0,0,0,0,0,0,0,0,0,0
2026,,2026-05-04,823874,home,MIA,PHI,805300,Jakob Marsee,87,CF,4,4,0,2,0,0,0,0,0,2,0,2,0
2026,,2026-05-04,823874,home,MIA,PHI,691594,Javier Sanoja,8,PR,0,0,0,0,0,0,0,0,0,0,0,0,0
2026,,2026-05-04,823874,home,MIA,PHI,669364,Xavier Edwards,9,2B,4,4,0,1,0,0,0,0,0,0,0,1,1
2026,,2026-05-04,823874,home,MIA,PHI,669065,Kyle Stowers,28,LF,4,4,0,2,0,0,0,0,0,0,0,2,2
2026,,2026-05-04,823874,home,MIA,PHI,688363,Graham Pauley,21,3B,2,2,0,0,0,0,0,0,0,0,0,0,0
2026,,2026-05-04,823874,home,MIA,PHI,689414,Liam Hicks,34,DH,4,4,0,0,0,0,0,0,0,1,0,0,2
2026,,2026-05-04,823874,home,MIA,PHI,683357,Owen Caissie,17,RF,2,2,0,0,0,0,0,0,0,1,0,0,1
2026,,2026-05-04,823874,home,MIA,PHI,681393,Connor Norby,1,3B,1,1,0,0,0,0,0,0,0,0,0,0,0
2026,,2026-05-04,823874,home,MIA,PHI,691788,Joe Mack,80,C,3,3,0,0,0,0,0,0,0,1,0,0,2
2026,,2026-05-04,823874,home,MIA,PHI,672640,Otto Lopez,6,SS,4,4,0,1,0,0,0,0,0,0,0,1,3
2026,,2026-05-04,823552,away,BAL,NYY,669236,Jeremiah Jackson,82,2B,4,4,0,1,0,0,0,0,0,1,0,1,4
2026,,2026-05-04,823552,away,BAL,NYY,694212,Samuel Basallo,29,DH,4,4,0,0,0,0,0,0,0,1,0,0,2
2026,,2026-05-04,823552,away,BAL,NYY,683002,Gunnar Henderson,2,SS,5,5,0,1,0,0,0,0,0,1,0,1,3
2026,,2026-05-04,823552,away,BAL,NYY,665750,Leody Taveras,30,CF,4,3,0,1,1,0,0,0,1,1,0,2,0
2026,,2026-05-04,823552,away,BAL,NYY,687637,Dylan Beavers,12,RF,4,4,1,1,0,0,0,0,0,2,0,1,3
2026,,2026-05-04,823552,away,BAL,NYY,668939,Adley Rutschman,35,C,5,5,0,1,0,0,0,0,0,1,0,1,4
2026,,2026-05-04,823552,away,BAL,NYY,677942,Blaze Alexander,23,3B,4,4,0,3,0,0,0,0,0,0,0,3,2
2026,,2026-05-04,823552,away,BAL,NYY,624413,Pete Alonso,25,1B,4,4,0,1,0,0,0,0,0,1,0,1,1
2026,,2026-05-04,823552,away,BAL,NYY,681297,Colton Cowser,17,LF,4,2,0,1,0,0,0,1,2,0,0,1,1
2026,,2026-05-04,823552,home,NYY,BAL,676609,José Caballero,72,SS,4,3,1,1,1,0,0,1,1,0,0,2,0
2026,,2026-05-04,823552,home,NYY,BAL,680474,Max Schuemann,30,RF,0,0,0,0,0,0,0,0,0,0,0,0,0
2026,,2026-05-04,823552,home,NYY,BAL,592450,Aaron Judge,99,RF,5,4,2,2,0,0,1,4,1,0,0,5,1
2026,,2026-05-04,823552,home,NYY,BAL,641857,Ryan McMahon,19,3B,4,4,0,1,0,0,0,1,0,1,0,1,3
2026,,2026-05-04,823552,home,NYY,BAL,502671,Paul Goldschmidt,48,1B,4,4,0,1,0,0,0,0,0,1,0,1,3
2026,,2026-05-04,823552,home,NYY,BAL,691176,Jasson Domínguez,24,DH,5,4,1,1,0,0,0,1,1,0,0,1,1
2026,,2026-05-04,823552,home,NYY,BAL,669224,Austin Wells,28,C,4,2,2,0,0,0,0,0,2,1,0,0,1
2026,,2026-05-04,823552,home,NYY,BAL,641355,Cody Bellinger,35,LF,5,4,1,1,0,1,0,3,0,0,0,3,0
2026,,2026-05-04,823552,home,NYY,BAL,665862,Jazz Chisholm Jr.,13,2B,5,4,2,1,0,0,0,0,1,1,2,1,1
2026,,2026-05-04,823552,home,NYY,BAL,663757,Trent Grisham,12,CF,5,3,3,2,2,0,0,1,2,0,0,4,2
2026,,2026-05-04,824684,away,CIN,CHC,682829,Elly De La Cruz,44,SS,5,4,0,3,0,0,0,0,1,1,0,3,0
2026,,2026-05-04,824684,away,CIN,CHC,667472,Dane Myers,17,CF,2,2,0,0,0,0,0,0,0,1,0,0,0
2026,,2026-05-04,824684,away,CIN,CHC,701398,Sal Stewart,27,1B,4,4,0,1,0,0,0,0,0,1,0,1,2
2026,,2026-05-04,824684,away,CIN,CHC,663993,Nathaniel Lowe,31,DH,4,3,0,0,0,0,0,0,1,1,0,0,2
2026,,2026-05-04,824684,away,CIN,CHC,680574,Matt McLain,9,2B,0,0,0,0,0,0,0,0,0,0,0,0,0
2026,,2026-05-04,824684,away,CIN,CHC,663647,Ke'Bryan Hayes,3,3B,4,3,1,1,0,0,1,2,1,1,0,4,3
2026,,2026-05-04,824684,away,CIN,CHC,666181,Will Benson,30,RF,4,3,1,1,0,0,0,0,1,2,0,1,2
2026,,2026-05-04,824684,away,CIN,CHC,670770,TJ Friedl,29,CF,3,3,0,0,0,0,0,0,0,1,0,0,2
2026,,2026-05-04,824684,away,CIN,CHC,694362,Blake Dunn,59,DH,0,0,1,0,0,0,0,0,0,0,1,0,0
2026,,2026-05-04,824684,away,CIN,CHC,668715,Spencer Steer,7,RF,4,4,0,2,0,0,0,1,0,0,0,2,0
2026,,2026-05-04,824684,away,CIN,CHC,663886,Tyler Stephenson,37,C,4,4,0,1,0,0,0,0,0,2,0,1,2
2026,,2026-05-04,824684,away,CIN,CHC,668709,JJ Bleday,22,LF,5,5,1,1,0,0,1,1,0,2,0,4,0
2026,,2026-05-04,824684,home,CHC,CIN,624424,Michael Conforto,20,PH,1,1,1,1,0,0,1,1,0,0,0,4,0
2026,,2026-05-04,824684,home,CHC,CIN,664023,Ian Happ,8,LF,4,3,1,0,0,0,0,0,1,2,0,0,2
2026,,2026-05-04,824684,home,CHC,CIN,608324,Alex Bregman,3,3B,4,3,1,1,1,0,0,0,1,0,0,2,1
2026,,2026-05-04,824684,home,CHC,CIN,683737,Michael Busch,29,1B,4,3,0,0,0,0,0,0,1,0,0,0,1
2026,,2026-05-04,824684,home,CHC,CIN,608348,Carson Kelly,15,C,4,3,0,0,0,0,0,0,1,1,0,0,3
2026,,2026-05-04,824684,home,CHC,CIN,691718,Pete Crow-Armstrong,4,CF,4,4,1,1,0,1,0,0,0,1,0,3,1
2026,,2026-05-04,824684,home,CHC,CIN,694208,Moisés Ballesteros,25,DH,4,3,0,0,0,0,0,0,1,0,0,0,1
2026,,2026-05-04,824684,home,CHC,CIN,673548,Seiya Suzuki,27,RF,4,3,1,2,0,0,1,3,1,0,0,5,0
2026,,2026-05-04,824684,home,CHC,CIN,621020,Dansby Swanson,7,SS,4,4,0,0,0,0,0,0,0,1,0,0,2
2026,,2026-05-04,824684,home,CHC,CIN,663538,Nico Hoerner,2,2B,5,4,0,1,0,0,0,1,0,0,0,1,1
2026,,2026-05-04,824684,home,CHC,CIN,807713,Matt Shaw,6,DH,0,0,0,0,0,0,0,0,0,0,0,0,0
2026,,2026-05-04,824120,away,CLE,KCR,683953,Travis Bazzana,37,2B,4,4,1,1,0,0,0,0,0,0,0,1,0
2026,,2026-05-04,824120,away,CLE,KCR,682177,Daniel Schneemann,10,CF,4,4,0,0,0,0,0,0,0,1,0,0,0
2026,,2026-05-04,824120,away,CLE,KCR,677587,Brayan Rocchio,4,SS,3,3,0,0,0,0,0,0,0,1,0,0,1
2026,,2026-05-04,824120,away,CLE,KCR,666310,Bo Naylor,23,C,3,3,0,0,0,0,0,0,0,0,0,0,3
2026,,2026-05-04,824120,away,CLE,KCR,681807,David Fry,6,DH,3,3,1,2,0,0,1,2,0,0,0,5,0
2026,,2026-05-04,824120,away,CLE,KCR,608070,José Ramírez,11,3B,4,4,0,1,0,0,0,0,0,1,0,1,0
2026,,2026-05-04,824120,away,CLE,KCR,680757,Steven Kwan,38,LF,4,4,0,0,0,0,0,0,0,0,0,0,0
2026,,2026-05-04,824120,away,CLE,KCR,682657,Angel Martínez,1,RF,3,2,0,1,1,0,0,0,1,0,0,2,0
2026,,2026-05-04,824120,away,CLE,KCR,656555,Rhys Hoskins,8,1B,4,4,0,0,0,0,0,0,0,0,0,0,1
2026,,2026-05-04,824120,home,KCR,CLE,695600,Carter Jensen,22,C,4,4,1,1,0,0,0,0,0,1,0,1,1
2026,,2026-05-04,824120,home,KCR,CLE,686555,Isaac Collins,1,LF,4,2,0,0,0,0,0,0,2,2,0,0,4
2026,,2026-05-04,824120,home,KCR,CLE,521692,Salvador Perez,13,DH,4,4,1,1,0,0,0,1,0,0,0,1,1
2026,,2026-05-04,824120,home,KCR,CLE,679845,Nick Loftin,12,2B,4,4,0,1,0,0,0,2,0,0,0,1,3
2026,,2026-05-04,824120,home,KCR,CLE,686469,Vinnie Pasquantino,9,1B,4,4,1,2,1,0,0,1,0,1,1,3,0
2026,,2026-05-04,824120,home,KCR,CLE,672580,Maikel Garcia,11,3B,4,4,0,0,0,0,0,0,0,0,0,0,3
2026,,2026-05-04,824120,home,KCR,CLE,657041,Lane Thomas,15,CF,4,3,0,0,0,0,0,0,1,1,0,0,0
2026,,2026-05-04,824120,home,KCR,CLE,695506,Jac Caglianone,14,RF,4,3,1,1,0,0,1,1,1,1,0,4,3
2026,,2026-05-04,824120,home,KCR,CLE,677951,Bobby Witt Jr.,7,SS,4,4,2,1,0,0,1,1,0,1,1,4,0
2026,,2026-05-04,823064,away,MIL,STL,650859,Luis Rengifo,13,3B,4,4,0,1,0,0,0,1,0,1,0,1,3
2026,,2026-05-04,823064,away,MIL,STL,694192,Jackson Chourio,11,LF,5,4,1,4,2,0,0,0,1,0,0,6,0
2026,,2026-05-04,823064,away,MIL,STL,641343,Jake Bauers,9,1B,3,2,1,1,1,0,0,0,1,1,0,2,0
2026,,2026-05-04,823064,away,MIL,STL,686217,Sal Frelick,10,RF,4,3,0,1,0,0,0,0,1,0,0,1,2
2026,,2026-05-04,823064,away,MIL,STL,683734,Andrew Vaughn,28,DH,5,4,0,0,0,0,0,0,0,1,0,0,4
2026,,2026-05-04,823064,away,MIL,STL,672012,Tyler Black,7,1B,1,1,0,0,0,0,0,0,0,0,0,0,1
2026,,2026-05-04,823064,away,MIL,STL,669003,Garrett Mitchell,5,CF,5,5,0,0,0,0,0,0,0,1,0,0,2
2026,,2026-05-04,823064,away,MIL,STL,666152,David Hamilton,6,SS,4,4,0,0,0,0,0,0,0,2,0,0,2
2026,,2026-05-04,823064,away,MIL,STL,661388,William Contreras,24,C,5,5,0,1,0,0,0,0,0,0,0,1,5
2026,,2026-05-04,823064,away,MIL,STL,668930,Brice Turang,2,2B,5,5,1,3,0,0,1,2,0,1,0,6,2
2026,,2026-05-04,823064,away,MIL,STL,596142,Gary Sánchez,99,PH,1,0,0,0,0,0,0,0,1,0,0,0,0
2026,,2026-05-04,823064,home,STL,MIL,669357,Nolan Gorman,16,3B,4,4,0,2,1,0,0,0,0,0,0,3,2
2026,,2026-05-04,823064,home,STL,MIL,691023,Jordan Walker,18,RF,4,3,1,1,0,0,0,0,1,2,0,1,1
2026,,2026-05-04,823064,home,STL,MIL,701675,Nathan Church,27,LF,4,4,1,1,1,0,0,0,0,0,0,2,3
2026,,2026-05-04,823064,home,STL,MIL,687363,Victor Scott II,11,CF,4,3,1,2,1,0,0,0,0,0,0,3,0
2026,,2026-05-04,823064,home,STL,MIL,802139,JJ Wetherholt,26,2B,5,4,1,2,0,0,0,2,1,0,0,2,0
2026,,2026-05-04,823064,home,STL,MIL,676475,Alec Burleson,41,1B,5,5,0,0,0,0,0,0,0,3,0,0,3
2026,,2026-05-04,823064,home,STL,MIL,686780,Pedro Pagés,43,C,4,3,1,0,0,0,0,0,1,2,0,0,2
2026,,2026-05-04,823064,home,STL,MIL,691026,Masyn Winn,0,SS,4,3,1,1,0,0,0,1,1,0,0,1,1
2026,,2026-05-04,823064,home,STL,MIL,671056,Iván Herrera,48,DH,5,5,0,2,1,0,0,3,0,2,0,3,3
2026,,2026-05-04,824201,away,LAD,HOU,669257,Will Smith,16,C,5,5,1,3,2,0,0,1,0,2,0,5,3
2026,,2026-05-04,824201,away,LAD,HOU,663656,Kyle Tucker,23,RF,5,5,1,2,0,0,1,2,0,1,0,5,1
2026,,2026-05-04,824201,away,LAD,HOU,571970,Max Muncy,13,3B,5,3,0,0,0,0,0,0,2,2,0,0,1
2026,,2026-05-04,824201,away,LAD,HOU,518692,Freddie Freeman,5,1B,5,5,0,2,0,0,0,2,0,3,0,2,2
2026,,2026-05-04,824201,away,LAD,HOU,808975,Hyeseong Kim,6,SS,5,5,1,1,0,0,0,0,0,0,0,1,0
2026,,2026-05-04,824201,away,LAD,HOU,660271,Shohei Ohtani,17,DH,5,3,2,0,0,0,0,1,2,0,0,0,3
2026,,2026-05-04,824201,away,LAD,HOU,606192,Teoscar Hernández,37,LF,5,5,0,1,0,0,0,0,0,2,0,1,4
2026,,2026-05-04,824201,away,LAD,HOU,681624,Andy Pages,44,CF,5,5,1,1,0,0,0,0,0,1,0,1,4
2026,,2026-05-04,824201,away,LAD,HOU,690976,Alex Freeland,76,2B,5,4,2,3,0,0,1,1,1,0,0,6,0
2026,,2026-05-04,824201,home,HOU,LAD,670623,Isaac Paredes,15,3B,4,3,1,1,0,0,0,0,1,1,0,1,2
2026,,2026-05-04,824201,home,HOU,LAD,701358,Cam Smith,11,RF,4,4,0,1,0,0,0,0,0,2,0,1,1
2026,,2026-05-04,824201,home,HOU,LAD,669699,Braden Shewmake,28,3B,0,0,0,0,0,0,0,0,0,0,0,0,0
2026,,2026-05-04,824201,home,HOU,LAD,805904,Zach Cole,16,LF,4,4,1,1,0,0,1,1,0,2,0,4,2
2026,,2026-05-04,824201,home,HOU,LAD,694728,Brice Matthews,0,CF,4,3,0,0,0,0,0,0,1,1,0,0,1
2026,,2026-05-04,824201,home,HOU,LAD,514888,Jose Altuve,27,2B,4,4,0,1,0,0,0,1,0,2,0,1,1
2026,,2026-05-04,824201,home,HOU,LAD,621043,Carlos Correa,1,SS,4,4,0,0,0,0,0,0,0,3,0,0,0
2026,,2026-05-04,824201,home,HOU,LAD,572233,Christian Walker,8,1B,4,4,0,0,0,0,0,0,0,2,0,0,4
2026,,2026-05-04,824201,home,HOU,LAD,543877,Christian Vázquez,2,C,3,3,0,0,0,0,0,0,0,1,0,0,1
2026,,2026-05-04,824201,home,HOU,LAD,670541,Yordan Alvarez,44,DH,4,3,1,2,0,0,0,0,0,1,0,2,0
2026,,2026-05-04,824039,away,CHW,LAA,671976,Tristan Peters,29,CF,3,3,0,0,0,0,0,0,0,1,0,0,2
2026,,2026-05-04,824039,away,CHW,LAA,545341,Randal Grichuk,34,PH,1,1,0,0,0,0,0,0,0,0,0,0,2
2026,,2026-05-04,824039,away,CHW,LAA,808959,Munetaka Murakami,5,1B,5,4,3,3,1,0,1,2,1,0,0,7,2
2026,,2026-05-04,824039,away,CHW,LAA,805367,Chase Meidroth,10,2B,5,5,0,1,0,0,0,1,0,3,0,1,2
2026,,2026-05-04,824039,away,CHW,LAA,695657,Colson Montgomery,12,SS,5,5,0,1,0,0,0,1,0,2,0,1,2
2026,,2026-05-04,824039,away,CHW,LAA,691011,Drew Romo,36,C,5,4,0,0,0,0,0,0,1,0,0,0,1
2026,,2026-05-04,824039,away,CHW,LAA,643217,Andrew Benintendi,23,DH,5,5,0,4,0,0,0,1,0,0,0,4,0
2026,,2026-05-04,824039,away,CHW,LAA,803011,Sam Antonacci,17,LF,5,4,2,2,0,0,0,0,1,1,0,2,0
2026,,2026-05-04,824039,away,CHW,LAA,672284,Jarred Kelenic,24,RF,5,5,0,3,0,0,0,0,0,0,0,3,3
2026,,2026-05-04,824039,away,CHW,LAA,656537,Derek Hill,25,CF,1,1,0,0,0,0,0,0,0,1,0,0,1
2026,,2026-05-04,824039,away,CHW,LAA,678246,Miguel Vargas,20,3B,5,5,1,2,0,0,1,1,0,1,0,5,5
2026,,2026-05-04,824039,home,LAA,CHW,624428,Adam Frazier,20,2B,2,2,0,0,0,0,0,0,0,1,0,0,2
2026,,2026-05-04,824039,home,LAA,CHW,672724,Oswald Peraza,2,2B,1,1,0,0,0,0,0,0,0,0,0,0,0
2026,,2026-05-04,824039,home,LAA,CHW,687263,Zach Neto,9,SS,4,4,0,0,0,0,0,0,0,2,0,0,1
2026,,2026-05-04,824039,home,LAA,CHW,624585,Jorge Soler,12,DH,4,4,0,0,0,0,0,0,0,3,0,0,2
2026,,2026-05-04,824039,home,LAA,CHW,660162,Yoán Moncada,10,3B,3,3,0,0,0,0,0,0,0,1,0,0,1
2026,,2026-05-04,824039,home,LAA,CHW,518595,Travis d'Arnaud,25,C,3,3,0,2,0,0,0,0,0,1,0,2,0
2026,,2026-05-04,824039,home,LAA,CHW,545361,Mike Trout,27,CF,4,4,0,0,0,0,0,0,0,2,0,0,1
2026,,2026-05-04,824039,home,LAA,CHW,666176,Jo Adell,7,RF,3,3,0,1,0,0,0,0,0,1,0,1,0
2026,,2026-05-04,824039,home,LAA,CHW,694384,Nolan Schanuel,18,1B,4,4,0,2,2,0,0,0,0,2,0,4,0
2026,,2026-05-04,824039,home,LAA,CHW,666139,Josh Lowe,3,LF,3,3,0,0,0,0,0,0,0,1,0,0,2
2026,,2026-05-04,823143,away,ATL,SEA,640492,José Azocar,38,PR,0,0,0,0,0,0,0,0,0,0,1,0,0
2026,,2026-05-04,823143,away,ATL,SEA,671739,Michael Harris II,23,PH,1,1,0,0,0,0,0,0,0,1,0,0,0
2026,,2026-05-04,823143,away,ATL,SEA,622761,Jorge Mateo,2,SS,3,3,0,1,0,0,0,0,0,1,1,1,1
2026,,2026-05-04,823143,away,ATL,SEA,643289,Mauricio Dubón,14,CF,4,4,0,0,0,0,0,0,0,1,0,0,3
2026,,2026-05-04,823143,away,ATL,SEA,686948,Drake Baldwin,30,DH,5,4,1,1,0,0,1,1,1,0,0,4,2
2026,,2026-05-04,823143,away,ATL,SEA,621566,Matt Olson,28,1B,4,3,1,1,0,0,1,1,1,1,0,4,0
2026,,2026-05-04,823143,away,ATL,SEA,642086,Dominic Smith,8,PH,1,1,0,1,0,0,0,0,0,0,0,1,0
2026,,2026-05-04,823143,away,ATL,SEA,669221,Sean Murphy,12,C,3,3,0,0,0,0,0,0,0,2,0,0,1
2026,,2026-05-04,823143,away,ATL,SEA,642201,Eli White,36,RF,4,4,0,1,0,0,0,0,0,1,0,1,0
2026,,2026-05-04,823143,away,ATL,SEA,645277,Ozzie Albies,1,2B,4,4,1,1,0,0,1,1,0,1,0,4,3
2026,,2026-05-04,823143,away,ATL,SEA,663586,Austin Riley,27,3B,4,4,1,2,0,0,1,1,0,0,0,5,0
2026,,2026-05-04,823143,away,ATL,SEA,573262,Mike Yastrzemski,18,LF,4,4,0,1,0,0,0,0,0,0,0,1,1
2026,,2026-05-04,823143,home,SEA,ATL,647304,Josh Naylor,12,1B,5,5,0,2,1,0,0,0,0,0,0,3,5
2026,,2026-05-04,823143,home,SEA,ATL,702284,Cole Young,2,2B,4,4,0,0,0,0,0,0,0,2,0,0,5
2026,,2026-05-04,823143,home,SEA,ATL,641487,J.P. Crawford,3,SS,5,3,1,1,0,0,1,2,2,0,0,4,0
2026,,2026-05-04,823143,home,SEA,ATL,668227,Randy Arozarena,56,LF,4,3,1,1,0,0,0,0,1,0,1,1,2
2026,,2026-05-04,823143,home,SEA,ATL,686527,Dominic Canzone,8,DH,3,2,1,1,0,0,0,0,1,1,0,1,1
2026,,2026-05-04,823143,home,SEA,ATL,608701,Rob Refsnyder,30,DH,1,1,0,1,0,0,0,0,0,0,0,1,0
2026,,2026-05-04,823143,home,SEA,ATL,656582,Connor Joe,9,RF,1,0,0,0,0,0,0,0,1,0,0,0,0
2026,,2026-05-04,823143,home,SEA,ATL,641598,Mitch Garver,18,C,4,3,1,0,0,0,0,0,1,0,0,0,5
2026,,2026-05-04,823143,home,SEA,ATL,677594,Julio Rodríguez,44,CF,5,4,0,1,0,0,0,0,1,0,0,1,1
2026,,2026-05-04,823143,home,SEA,ATL,660844,Leo Rivas,76,3B,4,3,0,0,0,0,0,0,0,3,0,0,1
2026,,2026-05-04,823143,home,SEA,ATL,670042,Luke Raley,20,RF,3,2,1,1,0,0,1,3,1,0,0,4,1
2026,,2026-05-04,823228,away,SDP,SFG,666023,Freddy Fermin,54,C,3,3,0,0,0,0,0,0,0,1,0,0,0
2026,,2026-05-04,823228,away,SDP,SFG,701538,Jackson Merrill,3,CF,4,4,1,2,0,0,1,1,0,1,0,5,0
2026,,2026-05-04,823228,away,SDP,SFG,657757,Gavin Sheets,30,1B,3,3,0,0,0,0,0,0,0,2,0,0,1
2026,,2026-05-04,823228,away,SDP,SFG,657656,Ramón Laureano,5,LF,4,4,1,1,0,0,1,1,0,1,0,4,1
2026,,2026-05-04,823228,away,SDP,SFG,592518,Manny Machado,13,3B,4,4,0,0,0,0,0,0,0,1,0,0,1
2026,,2026-05-04,823228,away,SDP,SFG,609280,Miguel Andujar,41,DH,3,3,0,0,0,0,0,0,0,1,0,0,0
2026,,2026-05-04,823228,away,SDP,SFG,665487,Fernando Tatis Jr.,23,RF,4,4,0,0,0,0,0,0,0,3,0,0,1
2026,,2026-05-04,823228,away,SDP,SFG,593428,Xander Bogaerts,2,SS,3,3,0,0,0,0,0,0,0,0,0,0,1
2026,,2026-05-04,823228,away,SDP,SFG,630105,Jake Cronenworth,9,2B,3,2,0,0,0,0,0,0,0,0,0,0,0
2026,,2026-05-04,823228,home,SFG,SDP,669477,Casey Schmitt,10,3B,4,3,1,1,0,0,1,1,1,1,0,4,0
2026,,2026-05-04,823228,home,SFG,SDP,671218,Heliot Ramos,17,LF,4,4,0,1,0,1,0,0,0,0,0,3,3
2026,,2026-05-04,823228,home,SFG,SDP,683679,Jesus Rodriguez,79,C,3,3,0,0,0,0,0,0,0,0,0,0,1
2026,,2026-05-04,823228,home,SFG,SDP,672275,Patrick Bailey,14,C,0,0,0,0,0,0,0,0,0,0,0,0,0
2026,,2026-05-04,823228,home,SFG,SDP,808982,Jung Hoo Lee,51,RF,4,4,0,0,0,0,0,0,0,0,0,0,0
2026,,2026-05-04,823228,home,SFG,SDP,687551,Drew Gilbert,0,CF,3,3,0,0,0,0,0,0,0,0,0,0,0
2026,,2026-05-04,823228,home,SFG,SDP,646240,Rafael Devers,16,1B,4,2,0,1,0,0,0,2,1,0,0,1,1
2026,,2026-05-04,823228,home,SFG,SDP,642715,Willy Adames,2,SS,4,4,0,1,0,0,0,0,0,2,1,1,4
2026,,2026-05-04,823228,home,SFG,SDP,650333,Luis Arraez,1,2B,4,3,2,2,2,0,0,0,0,0,0,4,0
2026,,2026-05-04,823228,home,SFG,SDP,805811,Bryce Eldridge,8,DH,3,2,0,0,0,0,0,0,1,1,0,0,3
