season,seasonPhase,date,playerId,player,team,windowDays,batter_recent_hits_vs_lhp,batter_recent_hits_vs_rhp,batter_recent_avg_vs_lhp,batter_recent_avg_vs_rhp,batter_recent_pa_vs_lhp,batter_recent_pa_vs_rhp,batter_recent_ab_vs_lhp,batter_recent_ab_vs_rhp,batter_recent_games_vs_lhp,batter_recent_games_vs_rhp
2026,regular,2026-03-25,592450,Aaron Judge,NYY,30,,,,,0,0,0,0,0,0
2026,regular,2026-03-25,669224,Austin Wells,NYY,30,,,,,0,0,0,0,0,0
2026,regular,2026-03-25,700250,Ben Rice,NYY,30,,,,,0,0,0,0,0,0
2026,regular,2026-03-25,669477,Casey Schmitt,SFG,30,,,,,0,0,0,0,0,0
2026,regular,2026-03-25,641355,Cody Bellinger,NYY,30,,,,,0,0,0,0,0,0
2026,regular,2026-03-25,519317,Giancarlo Stanton,NYY,30,,,,,0,0,0,0,0,0
2026,regular,2026-03-25,664056,Harrison Bader,SFG,30,,,,,0,0,0,0,0,0
2026,regular,2026-03-25,671218,Heliot Ramos,SFG,30,,,,,0,0,0,0,0,0
2026,regular,2026-03-25,665862,Jazz Chisholm Jr.,NYY,30,,,,,0,0,0,0,0,0
2026,regular,2026-03-25,676609,José Caballero,NYY,30,,,,,0,0,0,0,0,0
2026,regular,2026-03-25,808982,Jung Hoo Lee,SFG,30,,,,,0,0,0,0,0,0
2026,regular,2026-03-25,650333,Luis Arraez,SFG,30,,,,,0,0,0,0,0,0
2026,regular,2026-03-25,656305,Matt Chapman,SFG,30,,,,,0,0,0,0,0,0
2026,regular,2026-03-25,672275,Patrick Bailey,SFG,30,,,,,0,0,0,0,0,0
2026,regular,2026-03-25,646240,Rafael Devers,SFG,30,,,,,0,0,0,0,0,0
2026,regular,2026-03-25,641857,Ryan McMahon,NYY,30,,,,,0,0,0,0,0,0
2026,regular,2026-03-25,663757,Trent Grisham,NYY,30,,,,,0,0,0,0,0,0
2026,regular,2026-03-25,642715,Willy Adames,SFG,30,,,,,0,0,0,0,0,0
2026,regular,2026-03-26,668939,Adley Rutschman,BAL,30,,,,,0,0,0,0,0,0
2026,regular,2026-03-26,666969,Adolis García,PHI,30,,,,,0,0,0,0,0,0
2026,regular,2026-03-26,664761,Alec Bohm,PHI,30,,,,,0,0,0,0,0,0
2026,regular,2026-03-26,676475,Alec Burleson,STL,30,,,,,0,0,0,0,0,0
2026,regular,2026-03-26,677950,Alek Thomas,ARI,30,,,,,0,0,0,0,0,0
2026,regular,2026-03-26,608324,Alex Bregman,CHC,30,,,,,0,0,0,0,0,0
2026,regular,2026-03-26,643217,Andrew Benintendi,CHW,30,,,,,0,0,0,0,0,0
2026,regular,2026-03-26,457705,Andrew McCutchen,TEX,30,,,,,0,0,0,0,0,0
2026,regular,2026-03-26,683734,Andrew Vaughn,MIL,30,,,,,0,0,0,0,0,0
2026,regular,2026-03-26,665953,Andrés Chaparro,WSN,30,,,,,0,0,0,0,0,0
2026,regular,2026-03-26,681624,Andy Pages,LAD,30,,,,,0,0,0,0,0,0
2026,regular,2026-03-26,682657,Angel Martínez,CLE,30,,,,,0,0,0,0,0,0
2026,regular,2026-03-26,669720,Austin Hays,CHW,30,,,,,0,0,0,0,0,0
2026,regular,2026-03-26,668885,Austin Martin,MIN,30,,,,,0,0,0,0,0,0
2026,regular,2026-03-26,810938,Ben Williamson,TBR,30,,,,,0,0,0,0,0,0
2026,regular,2026-03-26,663368,Blake Perkins,MIL,30,,,,,0,0,0,0,0,0
2026,regular,2026-03-26,677942,Blaze Alexander,BAL,30,,,,,0,0,0,0,0,0
2026,regular,2026-03-26,666182,Bo Bichette,NYM,30,,,,,0,0,0,0,0,0
2026,regular,2026-03-26,666310,Bo Naylor,CLE,30,,,,,0,0,0,0,0,0
2026,regular,2026-03-26,691781,Brady House,WSN,30,,,,,0,0,0,0,0,0
2026,regular,2026-03-26,663604,Brandon Lockridge,MIL,30,,,,,0,0,0,0,0,0
2026,regular,2026-03-26,664040,Brandon Lowe,PIT,30,,,,,0,0,0,0,0,0
2026,regular,2026-03-26,669016,Brandon Marsh,PHI,30,,,,,0,0,0,0,0,0
2026,regular,2026-03-26,607043,Brandon Nimmo,TEX,30,,,,,0,0,0,0,0,0
2026,regular,2026-03-26,677587,Brayan Rocchio,CLE,30,,,,,0,0,0,0,0,0
2026,regular,2026-03-26,680977,Brendan Donovan,SEA,30,,,,,0,0,0,0,0,0
2026,regular,2026-03-26,683146,Brett Baty,NYM,30,,,,,0,0,0,0,0,0
2026,regular,2026-03-26,668930,Brice Turang,MIL,30,,,,,0,0,0,0,0,0
2026,regular,2026-03-26,686797,Brooks Lee,MIN,30,,,,,0,0,0,0,0,0
2026,regular,2026-03-26,668804,Bryan Reynolds,PIT,30,,,,,0,0,0,0,0,0
2026,regular,2026-03-26,547180,Bryce Harper,PHI,30,,,,,0,0,0,0,0,0
2026,regular,2026-03-26,669326,Bryce Teodosio,LAA,30,,,,,0,0,0,0,0,0
2026,regular,2026-03-26,681082,Bryson Stott,PHI,30,,,,,0,0,0,0,0,0
2026,regular,2026-03-26,621439,Byron Buxton,MIN,30,,,,,0,0,0,0,0,0
2026,regular,2026-03-26,663728,Cal Raleigh,SEA,30,,,,,0,0,0,0,0,0
2026,regular,2026-03-26,702332,Caleb Durbin,BOS,30,,,,,0,0,0,0,0,0
2026,regular,2026-03-26,701358,Cam Smith,HOU,30,,,,,0,0,0,0,0,0
2026,regular,2026-03-26,621043,Carlos Correa,HOU,30,,,,,0,0,0,0,0,0
2026,regular,2026-03-26,665966,Carlos Narváez,BOS,30,,,,,0,0,0,0,0,0
2026,regular,2026-03-26,467793,Carlos Santana,ARI,30,,,,,0,0,0,0,0,0
2026,regular,2026-03-26,701807,Carson Benge,NYM,30,,,,,0,0,0,0,0,0
2026,regular,2026-03-26,608348,Carson Kelly,CHC,30,,,,,0,0,0,0,0,0
2026,regular,2026-03-26,700246,Carson Williams,TBR,30,,,,,0,0,0,0,0,0
2026,regular,2026-03-26,678882,Ceddanne Rafaela,BOS,30,,,,,0,0,0,0,0,0
2026,regular,2026-03-26,656775,Cedric Mullins,TBR,30,,,,,0,0,0,0,0,0
2026,regular,2026-03-26,802415,Chandler Simpson,TBR,30,,,,,0,0,0,0,0,0
2026,regular,2026-03-26,800050,Chase DeLauter,CLE,30,,,,,0,0,0,0,0,0
2026,regular,2026-03-26,805367,Chase Meidroth,CHW,30,,,,,0,0,0,0,0,0
2026,regular,2026-03-26,572233,Christian Walker,HOU,30,,,,,0,0,0,0,0,0
2026,regular,2026-03-26,592885,Christian Yelich,MIL,30,,,,,0,0,0,0,0,0
2026,regular,2026-03-26,682928,CJ Abrams,WSN,30,,,,,0,0,0,0,0,0
2026,regular,2026-03-26,691723,Coby Mayo,BAL,30,,,,,0,0,0,0,0,0
2026,regular,2026-03-26,702284,Cole Young,SEA,30,,,,,0,0,0,0,0,0
2026,regular,2026-03-26,695657,Colson Montgomery,CHW,30,,,,,0,0,0,0,0,0
2026,regular,2026-03-26,690993,Colt Keith,DET,30,,,,,0,0,0,0,0,0
2026,regular,2026-03-26,681297,Colton Cowser,BAL,30,,,,,0,0,0,0,0,0
2026,regular,2026-03-26,682998,Corbin Carroll,ARI,30,,,,,0,0,0,0,0,0
2026,regular,2026-03-26,608369,Corey Seager,TEX,30,,,,,0,0,0,0,0,0
2026,regular,2026-03-26,667472,Dane Myers,CIN,30,,,,,0,0,0,0,0,0
2026,regular,2026-03-26,682177,Daniel Schneemann,CLE,30,,,,,0,0,0,0,0,0
2026,regular,2026-03-26,643376,Danny Jansen,TEX,30,,,,,0,0,0,0,0,0
2026,regular,2026-03-26,621020,Dansby Swanson,CHC,30,,,,,0,0,0,0,0,0
2026,regular,2026-03-26,666152,David Hamilton,MIL,30,,,,,0,0,0,0,0,0
2026,regular,2026-03-26,695734,Daylen Lile,WSN,30,,,,,0,0,0,0,0,0
2026,regular,2026-03-26,656537,Derek Hill,CHW,30,,,,,0,0,0,0,0,0
2026,regular,2026-03-26,693307,Dillon Dingler,DET,30,,,,,0,0,0,0,0,0
2026,regular,2026-03-26,686527,Dominic Canzone,SEA,30,,,,,0,0,0,0,0,0
2026,regular,2026-03-26,700337,Edgar Quero,CHW,30,,,,,0,0,0,0,0,0
2026,regular,2026-03-26,682829,Elly De La Cruz,CIN,30,,,,,0,0,0,0,0,0
2026,regular,2026-03-26,553993,Eugenio Suárez,CIN,30,,,,,0,0,0,0,0,0
2026,regular,2026-03-26,694497,Evan Carter,TEX,30,,,,,0,0,0,0,0,0
2026,regular,2026-03-26,677592,Everson Pereira,CHW,30,,,,,0,0,0,0,0,0
2026,regular,2026-03-26,677649,Ezequiel Duran,TEX,30,,,,,0,0,0,0,0,0
2026,regular,2026-03-26,665487,Fernando Tatis Jr.,SDP,30,,,,,0,0,0,0,0,0
2026,regular,2026-03-26,682626,Francisco Alvarez,NYM,30,,,,,0,0,0,0,0,0
2026,regular,2026-03-26,596019,Francisco Lindor,NYM,30,,,,,0,0,0,0,0,0
2026,regular,2026-03-26,518692,Freddie Freeman,LAD,30,,,,,0,0,0,0,0,0
2026,regular,2026-03-26,666023,Freddy Fermin,SDP,30,,,,,0,0,0,0,0,0
2026,regular,2026-03-26,672356,Gabriel Arias,CLE,30,,,,,0,0,0,0,0,0
2026,regular,2026-03-26,672515,Gabriel Moreno,ARI,30,,,,,0,0,0,0,0,0
2026,regular,2026-03-26,669003,Garrett Mitchell,MIL,30,,,,,0,0,0,0,0,0
2026,regular,2026-03-26,657757,Gavin Sheets,SDP,30,,,,,0,0,0,0,0,0
2026,regular,2026-03-26,672695,Geraldo Perdomo,ARI,30,,,,,0,0,0,0,0,0
2026,regular,2026-03-26,650402,Gleyber Torres,DET,30,,,,,0,0,0,0,0,0
2026,regular,2026-03-26,683002,Gunnar Henderson,BAL,30,,,,,0,0,0,0,0,0
2026,regular,2026-03-26,680779,Henry Davis,PIT,30,,,,,0,0,0,0,0,0
2026,regular,2026-03-26,676439,Hunter Feduccia,TBR,30,,,,,0,0,0,0,0,0
2026,regular,2026-03-26,664023,Ian Happ,CHC,30,,,,,0,0,0,0,0,0
2026,regular,2026-03-26,670623,Isaac Paredes,HOU,30,,,,,0,0,0,0,0,0
2026,regular,2026-03-26,643396,Isiah Kiner-Falefa,BOS,30,,,,,0,0,0,0,0,0
2026,regular,2026-03-26,671056,Iván Herrera,STL,30,,,,,0,0,0,0,0,0
2026,regular,2026-03-26,592663,J.T. Realmuto,PHI,30,,,,,0,0,0,0,0,0
2026,regular,2026-03-26,701538,Jackson Merrill,SDP,30,,,,,0,0,0,0,0,0
2026,regular,2026-03-26,696285,Jacob Young,WSN,30,,,,,0,0,0,0,0,0
2026,regular,2026-03-26,641343,Jake Bauers,MIL,30,,,,,0,0,0,0,0,0
2026,regular,2026-03-26,669394,Jake Burger,TEX,30,,,,,0,0,0,0,0,0
2026,regular,2026-03-26,630105,Jake Cronenworth,SDP,30,,,,,0,0,0,0,0,0
2026,regular,2026-03-26,641584,Jake Fraley,TBR,30,,,,,0,0,0,0,0,0
2026,regular,2026-03-26,676694,Jake Meyers,HOU,30,,,,,0,0,0,0,0,0
2026,regular,2026-03-26,681546,James Outman,MIN,30,,,,,0,0,0,0,0,0
2026,regular,2026-03-26,695578,James Wood,WSN,30,,,,,0,0,0,0,0,0
2026,regular,2026-03-26,669707,Jared Triolo,PIT,30,,,,,0,0,0,0,0,0
2026,regular,2026-03-26,680776,Jarren Duran,BOS,30,,,,,0,0,0,0,0,0
2026,regular,2026-03-26,595879,Javier Báez,DET,30,,,,,0,0,0,0,0,0
2026,regular,2026-03-26,802139,JJ Wetherholt,STL,30,,,,,0,0,0,0,0,0
2026,regular,2026-03-26,666176,Jo Adell,LAA,30,,,,,0,0,0,0,0,0
2026,regular,2026-03-26,592626,Joc Pederson,TEX,30,,,,,0,0,0,0,0,0
2026,regular,2026-03-26,694388,Joey Loperfido,HOU,30,,,,,0,0,0,0,0,0
2026,regular,2026-03-26,687401,Joey Ortiz,MIL,30,,,,,0,0,0,0,0,0
2026,regular,2026-03-26,686894,Joey Wiemer,WSN,30,,,,,0,0,0,0,0,0
2026,regular,2026-03-26,666018,Jonathan Aranda,TBR,30,,,,,0,0,0,0,0,0
2026,regular,2026-03-26,676356,Jonny DeLuca,TBR,30,,,,,0,0,0,0,0,0
2026,regular,2026-03-26,691783,Jordan Lawlar,ARI,30,,,,,0,0,0,0,0,0
2026,regular,2026-03-26,691023,Jordan Walker,STL,30,,,,,0,0,0,0,0,0
2026,regular,2026-03-26,593871,Jorge Polanco,NYM,30,,,,,0,0,0,0,0,0
2026,regular,2026-03-26,624585,Jorge Soler,LAA,30,,,,,0,0,0,0,0,0
2026,regular,2026-03-26,514888,Jose Altuve,HOU,30,,,,,0,0,0,0,0,0
2026,regular,2026-03-26,605137,Josh Bell,MIN,30,,,,,0,0,0,0,0,0
2026,regular,2026-03-26,673962,Josh Jung,TEX,30,,,,,0,0,0,0,0,0
2026,regular,2026-03-26,666139,Josh Lowe,LAA,30,,,,,0,0,0,0,0,0
2026,regular,2026-03-26,647304,Josh Naylor,SEA,30,,,,,0,0,0,0,0,0
2026,regular,2026-03-26,669701,Josh Smith,TEX,30,,,,,0,0,0,0,0,0
2026,regular,2026-03-26,608070,José Ramírez,CLE,30,,,,,0,0,0,0,0,0
2026,regular,2026-03-26,665742,Juan Soto,NYM,30,,,,,0,0,0,0,0,0
2026,regular,2026-03-26,677594,Julio Rodríguez,SEA,30,,,,,0,0,0,0,0,0
2026,regular,2026-03-26,691406,Junior Caminero,TBR,30,,,,,0,0,0,0,0,0
2026,regular,2026-03-26,702222,Justin Crawford,PHI,30,,,,,0,0,0,0,0,0
2026,regular,2026-03-26,663647,Ke'Bryan Hayes,CIN,30,,,,,0,0,0,0,0,0
2026,regular,2026-03-26,660688,Keibert Ruiz,WSN,30,,,,,0,0,0,0,0,0
2026,regular,2026-03-26,681481,Kerry Carpenter,DET,30,,,,,0,0,0,0,0,0
2026,regular,2026-03-26,606466,Ketel Marte,ARI,30,,,,,0,0,0,0,0,0
2026,regular,2026-03-26,805808,Kevin McGonigle,DET,30,,,,,0,0,0,0,0,0
2026,regular,2026-03-26,665019,Kody Clemens,MIN,30,,,,,0,0,0,0,0,0
2026,regular,2026-03-26,543309,Kyle Higashioka,TEX,30,,,,,0,0,0,0,0,0
2026,regular,2026-03-26,700932,Kyle Manzardo,CLE,30,,,,,0,0,0,0,0,0
2026,regular,2026-03-26,656941,Kyle Schwarber,PHI,30,,,,,0,0,0,0,0,0
2026,regular,2026-03-26,663656,Kyle Tucker,LAD,30,,,,,0,0,0,0,0,0
2026,regular,2026-03-26,672820,Lenyn Sosa,CHW,30,,,,,0,0,0,0,0,0
2026,regular,2026-03-26,660844,Leo Rivas,SEA,30,,,,,0,0,0,0,0,0
2026,regular,2026-03-26,681351,Logan O'Hoppe,LAA,30,,,,,0,0,0,0,0,0
2026,regular,2026-03-26,671277,Luis García Jr.,WSN,30,,,,,0,0,0,0,0,0
2026,regular,2026-03-26,650859,Luis Rengifo,MIL,30,,,,,0,0,0,0,0,0
2026,regular,2026-03-26,673357,Luis Robert Jr.,NYM,30,,,,,0,0,0,0,0,0
2026,regular,2026-03-26,682668,Luisangel Acuña,CHW,30,,,,,0,0,0,0,0,0
2026,regular,2026-03-26,807712,Luke Keaschall,MIN,30,,,,,0,0,0,0,0,0
2026,regular,2026-03-26,670042,Luke Raley,SEA,30,,,,,0,0,0,0,0,0
2026,regular,2026-03-26,592518,Manny Machado,SDP,30,,,,,0,0,0,0,0,0
2026,regular,2026-03-26,542303,Marcell Ozuna,PIT,30,,,,,0,0,0,0,0,0
2026,regular,2026-03-26,691785,Marcelo Mayer,BOS,30,,,,,0,0,0,0,0,0
2026,regular,2026-03-26,543760,Marcus Semien,NYM,30,,,,,0,0,0,0,0,0
2026,regular,2026-03-26,691026,Masyn Winn,STL,30,,,,,0,0,0,0,0,0
2026,regular,2026-03-26,680574,Matt McLain,CIN,30,,,,,0,0,0,0,0,0
2026,regular,2026-03-26,807713,Matt Shaw,CHC,30,,,,,0,0,0,0,0,0
2026,regular,2026-03-26,670242,Matt Wallner,MIN,30,,,,,0,0,0,0,0,0
2026,regular,2026-03-26,571970,Max Muncy,LAD,30,,,,,0,0,0,0,0,0
2026,regular,2026-03-26,683737,Michael Busch,CHC,30,,,,,0,0,0,0,0,0
2026,regular,2026-03-26,624424,Michael Conforto,CHC,30,,,,,0,0,0,0,0,0
2026,regular,2026-03-26,609280,Miguel Andujar,SDP,30,,,,,0,0,0,0,0,0
2026,regular,2026-03-26,500743,Miguel Rojas,LAD,30,,,,,0,0,0,0,0,0
2026,regular,2026-03-26,678246,Miguel Vargas,CHW,30,,,,,0,0,0,0,0,0
2026,regular,2026-03-26,545361,Mike Trout,LAA,30,,,,,0,0,0,0,0,0
2026,regular,2026-03-26,694208,Moisés Ballesteros,CHC,30,,,,,0,0,0,0,0,0
2026,regular,2026-03-26,605141,Mookie Betts,LAD,30,,,,,0,0,0,0,0,0
2026,regular,2026-03-26,808959,Munetaka Murakami,CHW,30,,,,,0,0,0,0,0,0
2026,regular,2026-03-26,683083,Nasim Nuñez,WSN,30,,,,,0,0,0,0,0,0
2026,regular,2026-03-26,701675,Nathan Church,STL,30,,,,,0,0,0,0,0,0
2026,regular,2026-03-26,669397,Nick Allen,HOU,30,,,,,0,0,0,0,0,0
2026,regular,2026-03-26,592206,Nick Castellanos,SDP,30,,,,,0,0,0,0,0,0
2026,regular,2026-03-26,663743,Nick Fortes,TBR,30,,,,,0,0,0,0,0,0
2026,regular,2026-03-26,693304,Nick Gonzales,PIT,30,,,,,0,0,0,0,0,0
2026,regular,2026-03-26,663538,Nico Hoerner,CHC,30,,,,,0,0,0,0,0,0
2026,regular,2026-03-26,682622,Noelvi Marte,CIN,30,,,,,0,0,0,0,0,0
2026,regular,2026-03-26,571448,Nolan Arenado,ARI,30,,,,,0,0,0,0,0,0
2026,regular,2026-03-26,669357,Nolan Gorman,STL,30,,,,,0,0,0,0,0,0
2026,regular,2026-03-26,694384,Nolan Schanuel,LAA,30,,,,,0,0,0,0,0,0
2026,regular,2026-03-26,665833,Oneil Cruz,PIT,30,,,,,0,0,0,0,0,0
2026,regular,2026-03-26,672724,Oswald Peraza,LAA,30,,,,,0,0,0,0,0,0
2026,regular,2026-03-26,678009,Parker Meadows,DET,30,,,,,0,0,0,0,0,0
2026,regular,2026-03-26,686780,Pedro Pagés,STL,30,,,,,0,0,0,0,0,0
2026,regular,2026-03-26,624413,Pete Alonso,BAL,30,,,,,0,0,0,0,0,0
2026,regular,2026-03-26,691718,Pete Crow-Armstrong,CHC,30,,,,,0,0,0,0,0,0
2026,regular,2026-03-26,657656,Ramón Laureano,SDP,30,,,,,0,0,0,0,0,0
2026,regular,2026-03-26,602104,Ramón Urías,STL,30,,,,,0,0,0,0,0,0
2026,regular,2026-03-26,668227,Randy Arozarena,SEA,30,,,,,0,0,0,0,0,0
2026,regular,2026-03-26,624512,Reese McGuire,CHW,30,,,,,0,0,0,0,0,0
2026,regular,2026-03-26,656555,Rhys Hoskins,CLE,30,,,,,0,0,0,0,0,0
2026,regular,2026-03-26,680700,Richie Palacios,TBR,30,,,,,0,0,0,0,0,0
2026,regular,2026-03-26,682985,Riley Greene,DET,30,,,,,0,0,0,0,0,0
2026,regular,2026-03-26,701350,Roman Anthony,BOS,30,,,,,0,0,0,0,0,0
2026,regular,2026-03-26,668904,Royce Lewis,MIN,30,,,,,0,0,0,0,0,0
2026,regular,2026-03-26,680777,Ryan Jeffers,MIN,30,,,,,0,0,0,0,0,0
2026,regular,2026-03-26,656811,Ryan O'Hearn,PIT,30,,,,,0,0,0,0,0,0
2026,regular,2026-03-26,668723,Ryan Vilade,TBR,30,,,,,0,0,0,0,0,0
2026,regular,2026-03-26,686217,Sal Frelick,MIL,30,,,,,0,0,0,0,0,0
2026,regular,2026-03-26,701398,Sal Stewart,CIN,30,,,,,0,0,0,0,0,0
2026,regular,2026-03-26,664059,Sam Haggerty,TEX,30,,,,,0,0,0,0,0,0
2026,regular,2026-03-26,694212,Samuel Basallo,BAL,30,,,,,0,0,0,0,0,0
2026,regular,2026-03-26,660271,Shohei Ohtani,LAD,30,,,,,0,0,0,0,0,0
2026,regular,2026-03-26,687462,Spencer Horwitz,PIT,30,,,,,0,0,0,0,0,0
2026,regular,2026-03-26,668715,Spencer Steer,CIN,30,,,,,0,0,0,0,0,0
2026,regular,2026-03-26,679529,Spencer Torkelson,DET,30,,,,,0,0,0,0,0,0
2026,regular,2026-03-26,680757,Steven Kwan,CLE,30,,,,,0,0,0,0,0,0
2026,regular,2026-03-26,621493,Taylor Ward,BAL,30,,,,,0,0,0,0,0,0
2026,regular,2026-03-26,606192,Teoscar Hernández,LAD,30,,,,,0,0,0,0,0,0
2026,regular,2026-03-26,694374,Tim Tawa,ARI,30,,,,,0,0,0,0,0,0
2026,regular,2026-03-26,670770,TJ Friedl,CIN,30,,,,,0,0,0,0,0,0
2026,regular,2026-03-26,607208,Trea Turner,PHI,30,,,,,0,0,0,0,0,0
2026,regular,2026-03-26,663616,Trevor Larnach,MIN,30,,,,,0,0,0,0,0,0
2026,regular,2026-03-26,596115,Trevor Story,BOS,30,,,,,0,0,0,0,0,0
2026,regular,2026-03-26,671976,Tristan Peters,CHW,30,,,,,0,0,0,0,0,0
2026,regular,2026-03-26,641933,Tyler O'Neill,BAL,30,,,,,0,0,0,0,0,0
2026,regular,2026-03-26,663886,Tyler Stephenson,CIN,30,,,,,0,0,0,0,0,0
2026,regular,2026-03-26,605170,Victor Caratini,MIN,30,,,,,0,0,0,0,0,0
2026,regular,2026-03-26,687363,Victor Scott II,STL,30,,,,,0,0,0,0,0,0
2026,regular,2026-03-26,666181,Will Benson,CIN,30,,,,,0,0,0,0,0,0
2026,regular,2026-03-26,669257,Will Smith,LAD,30,,,,,0,0,0,0,0,0
2026,regular,2026-03-26,661388,William Contreras,MIL,30,,,,,0,0,0,0,0,0
2026,regular,2026-03-26,575929,Willson Contreras,BOS,30,,,,,0,0,0,0,0,0
2026,regular,2026-03-26,677800,Wilyer Abreu,BOS,30,,,,,0,0,0,0,0,0
2026,regular,2026-03-26,694671,Wyatt Langford,TEX,30,,,,,0,0,0,0,0,0
2026,regular,2026-03-26,593428,Xander Bogaerts,SDP,30,,,,,0,0,0,0,0,0
2026,regular,2026-03-26,673237,Yainer Diaz,HOU,30,,,,,0,0,0,0,0,0
2026,regular,2026-03-26,650490,Yandy Díaz,TBR,30,,,,,0,0,0,0,0,0
2026,regular,2026-03-26,670541,Yordan Alvarez,HOU,30,,,,,0,0,0,0,0,0
2026,regular,2026-03-26,660162,Yoán Moncada,LAA,30,,,,,0,0,0,0,0,0
2026,regular,2026-03-26,687263,Zach Neto,LAA,30,,,,,0,0,0,0,0,0
2026,regular,2026-03-27,592450,Aaron Judge,NYY,30,,,,,0,0,0,0,0,0
2026,regular,2026-03-27,680718,Addison Barger,TOR,30,,,,,0,0,0,0,0,0
2026,regular,2026-03-27,682663,Agustín Ramírez,MIA,30,,,,,0,0,0,0,0,0
2026,regular,2026-03-27,672386,Alejandro Kirk,TOR,30,,,,,0,0,0,0,0,0
2026,regular,2026-03-27,677950,Alek Thomas,ARI,30,,,,,0,0,0,0,0,0
2026,regular,2026-03-27,690976,Alex Freeland,LAD,30,,,,,0,0,0,0,0,0
2026,regular,2026-03-27,642708,Amed Rosario,NYY,30,,,,,0,0,0,0,0,0
2026,regular,2026-03-27,665926,Andrés Giménez,TOR,30,,,,,0,0,0,0,0,0
2026,regular,2026-03-27,681624,Andy Pages,LAD,30,,,,,0,0,0,0,0,0
2026,regular,2026-03-27,663586,Austin Riley,ATL,30,,,,,0,0,0,0,0,0
2026,regular,2026-03-27,596103,Austin Slater,MIA,30,,,,,0,0,0,0,0,0
2026,regular,2026-03-27,669224,Austin Wells,NYY,30,,,,,0,0,0,0,0,0
2026,regular,2026-03-27,666310,Bo Naylor,CLE,30,,,,,0,0,0,0,0,0
2026,regular,2026-03-27,677951,Bobby Witt Jr.,KCR,30,,,,,0,0,0,0,0,0
2026,regular,2026-03-27,690924,Braxton Fulford,COL,30,,,,,0,0,0,0,0,0
2026,regular,2026-03-27,677587,Brayan Rocchio,CLE,30,,,,,0,0,0,0,0,0
2026,regular,2026-03-27,680977,Brendan Donovan,SEA,30,,,,,0,0,0,0,0,0
2026,regular,2026-03-27,667670,Brent Rooker,ATH,30,,,,,0,0,0,0,0,0
2026,regular,2026-03-27,686668,Brenton Doyle,COL,30,,,,,0,0,0,0,0,0
2026,regular,2026-03-27,664954,Brett Sullivan,COL,30,,,,,0,0,0,0,0,0
2026,regular,2026-03-27,694728,Brice Matthews,HOU,30,,,,,0,0,0,0,0,0
2026,regular,2026-03-27,669326,Bryce Teodosio,LAA,30,,,,,0,0,0,0,0,0
2026,regular,2026-03-27,663728,Cal Raleigh,SEA,30,,,,,0,0,0,0,0,0
2026,regular,2026-03-27,701358,Cam Smith,HOU,30,,,,,0,0,0,0,0,0
2026,regular,2026-03-27,621043,Carlos Correa,HOU,30,,,,,0,0,0,0,0,0
2026,regular,2026-03-27,666126,Carlos Cortes,ATH,30,,,,,0,0,0,0,0,0
2026,regular,2026-03-27,467793,Carlos Santana,ARI,30,,,,,0,0,0,0,0,0
2026,regular,2026-03-27,695600,Carter Jensen,KCR,30,,,,,0,0,0,0,0,0
2026,regular,2026-03-27,669477,Casey Schmitt,SFG,30,,,,,0,0,0,0,0,0
2026,regular,2026-03-27,800050,Chase DeLauter,CLE,30,,,,,0,0,0,0,0,0
2026,regular,2026-03-27,572233,Christian Walker,HOU,30,,,,,0,0,0,0,0,0
2026,regular,2026-03-27,692216,CJ Kayfus,CLE,30,,,,,0,0,0,0,0,0
2026,regular,2026-03-27,641355,Cody Bellinger,NYY,30,,,,,0,0,0,0,0,0
2026,regular,2026-03-27,702284,Cole Young,SEA,30,,,,,0,0,0,0,0,0
2026,regular,2026-03-27,690993,Colt Keith,DET,30,,,,,0,0,0,0,0,0
2026,regular,2026-03-27,681393,Connor Norby,MIA,30,,,,,0,0,0,0,0,0
2026,regular,2026-03-27,682998,Corbin Carroll,ARI,30,,,,,0,0,0,0,0,0
2026,regular,2026-03-27,662139,Daulton Varsho,TOR,30,,,,,0,0,0,0,0,0
2026,regular,2026-03-27,672016,Denzel Clarke,ATH,30,,,,,0,0,0,0,0,0
2026,regular,2026-03-27,693307,Dillon Dingler,DET,30,,,,,0,0,0,0,0,0
2026,regular,2026-03-27,686527,Dominic Canzone,SEA,30,,,,,0,0,0,0,0,0
2026,regular,2026-03-27,686948,Drake Baldwin,ATL,30,,,,,0,0,0,0,0,0
2026,regular,2026-03-27,666397,Edouard Julien,COL,30,,,,,0,0,0,0,0,0
2026,regular,2026-03-27,642201,Eli White,ATL,30,,,,,0,0,0,0,0,0
2026,regular,2026-03-27,676391,Ernie Clement,TOR,30,,,,,0,0,0,0,0,0
2026,regular,2026-03-27,678662,Ezequiel Tovar,COL,30,,,,,0,0,0,0,0,0
2026,regular,2026-03-27,665487,Fernando Tatis Jr.,SDP,30,,,,,0,0,0,0,0,0
2026,regular,2026-03-27,518692,Freddie Freeman,LAD,30,,,,,0,0,0,0,0,0
2026,regular,2026-03-27,672356,Gabriel Arias,CLE,30,,,,,0,0,0,0,0,0
2026,regular,2026-03-27,672515,Gabriel Moreno,ARI,30,,,,,0,0,0,0,0,0
2026,regular,2026-03-27,657757,Gavin Sheets,SDP,30,,,,,0,0,0,0,0,0
2026,regular,2026-03-27,543807,George Springer,TOR,30,,,,,0,0,0,0,0,0
2026,regular,2026-03-27,672695,Geraldo Perdomo,ARI,30,,,,,0,0,0,0,0,0
2026,regular,2026-03-27,519317,Giancarlo Stanton,NYY,30,,,,,0,0,0,0,0,0
2026,regular,2026-03-27,650402,Gleyber Torres,DET,30,,,,,0,0,0,0,0,0
2026,regular,2026-03-27,688363,Graham Pauley,MIA,30,,,,,0,0,0,0,0,0
2026,regular,2026-03-27,665052,Griffin Conine,MIA,30,,,,,0,0,0,0,0,0
2026,regular,2026-03-27,664056,Harrison Bader,SFG,30,,,,,0,0,0,0,0,0
2026,regular,2026-03-27,671218,Heliot Ramos,SFG,30,,,,,0,0,0,0,0,0
2026,regular,2026-03-27,681715,Heriberto Hernández,MIA,30,,,,,0,0,0,0,0,0
2026,regular,2026-03-27,696100,Hunter Goodman,COL,30,,,,,0,0,0,0,0,0
2026,regular,2026-03-27,686555,Isaac Collins,KCR,30,,,,,0,0,0,0,0,0
2026,regular,2026-03-27,670623,Isaac Paredes,HOU,30,,,,,0,0,0,0,0,0
2026,regular,2026-03-27,695506,Jac Caglianone,KCR,30,,,,,0,0,0,0,0,0
2026,regular,2026-03-27,701538,Jackson Merrill,SDP,30,,,,,0,0,0,0,0,0
2026,regular,2026-03-27,805779,Jacob Wilson,ATH,30,,,,,0,0,0,0,0,0
2026,regular,2026-03-27,663330,Jahmai Jones,DET,30,,,,,0,0,0,0,0,0
2026,regular,2026-03-27,630105,Jake Cronenworth,SDP,30,,,,,0,0,0,0,0,0
2026,regular,2026-03-27,664983,Jake McCarthy,COL,30,,,,,0,0,0,0,0,0
2026,regular,2026-03-27,805300,Jakob Marsee,MIA,30,,,,,0,0,0,0,0,0
2026,regular,2026-03-27,595879,Javier Báez,DET,30,,,,,0,0,0,0,0,0
2026,regular,2026-03-27,691594,Javier Sanoja,MIA,30,,,,,0,0,0,0,0,0
2026,regular,2026-03-27,665862,Jazz Chisholm Jr.,NYY,30,,,,,0,0,0,0,0,0
2026,regular,2026-03-27,643446,Jeff McNeil,ATH,30,,,,,0,0,0,0,0,0
2026,regular,2026-03-27,665161,Jeremy Peña,HOU,30,,,,,0,0,0,0,0,0
2026,regular,2026-03-27,666176,Jo Adell,LAA,30,,,,,0,0,0,0,0,0
2026,regular,2026-03-27,694388,Joey Loperfido,HOU,30,,,,,0,0,0,0,0,0
2026,regular,2026-03-27,641680,Jonah Heim,ATL,30,,,,,0,0,0,0,0,0
2026,regular,2026-03-27,663697,Jonathan India,KCR,30,,,,,0,0,0,0,0,0
2026,regular,2026-03-27,687597,Jordan Beck,COL,30,,,,,0,0,0,0,0,0
2026,regular,2026-03-27,691783,Jordan Lawlar,ARI,30,,,,,0,0,0,0,0,0
2026,regular,2026-03-27,624585,Jorge Soler,LAA,30,,,,,0,0,0,0,0,0
2026,regular,2026-03-27,514888,Jose Altuve,HOU,30,,,,,0,0,0,0,0,0
2026,regular,2026-03-27,666139,Josh Lowe,LAA,30,,,,,0,0,0,0,0,0
2026,regular,2026-03-27,647304,Josh Naylor,SEA,30,,,,,0,0,0,0,0,0
2026,regular,2026-03-27,676609,José Caballero,NYY,30,,,,,0,0,0,0,0,0
2026,regular,2026-03-27,608070,José Ramírez,CLE,30,,,,,0,0,0,0,0,0
2026,regular,2026-03-27,677594,Julio Rodríguez,SEA,30,,,,,0,0,0,0,0,0
2026,regular,2026-03-27,808982,Jung Hoo Lee,SFG,30,,,,,0,0,0,0,0,0
2026,regular,2026-03-27,672960,Kazuma Okamoto,TOR,30,,,,,0,0,0,0,0,0
2026,regular,2026-03-27,681481,Kerry Carpenter,DET,30,,,,,0,0,0,0,0,0
2026,regular,2026-03-27,606466,Ketel Marte,ARI,30,,,,,0,0,0,0,0,0
2026,regular,2026-03-27,805808,Kevin McGonigle,DET,30,,,,,0,0,0,0,0,0
2026,regular,2026-03-27,691720,Kyle Karros,COL,30,,,,,0,0,0,0,0,0
2026,regular,2026-03-27,700932,Kyle Manzardo,CLE,30,,,,,0,0,0,0,0,0
2026,regular,2026-03-27,663656,Kyle Tucker,LAD,30,,,,,0,0,0,0,0,0
2026,regular,2026-03-27,657041,Lane Thomas,KCR,30,,,,,0,0,0,0,0,0
2026,regular,2026-03-27,671732,Lawrence Butler,ATH,30,,,,,0,0,0,0,0,0
2026,regular,2026-03-27,660844,Leo Rivas,SEA,30,,,,,0,0,0,0,0,0
2026,regular,2026-03-27,681351,Logan O'Hoppe,LAA,30,,,,,0,0,0,0,0,0
2026,regular,2026-03-27,650333,Luis Arraez,SFG,30,,,,,0,0,0,0,0,0
2026,regular,2026-03-27,669134,Luis Campusano,SDP,30,,,,,0,0,0,0,0,0
2026,regular,2026-03-27,670042,Luke Raley,SEA,30,,,,,0,0,0,0,0,0
2026,regular,2026-03-27,672580,Maikel Garcia,KCR,30,,,,,0,0,0,0,0,0
2026,regular,2026-03-27,592518,Manny Machado,SDP,30,,,,,0,0,0,0,0,0
2026,regular,2026-03-27,656305,Matt Chapman,SFG,30,,,,,0,0,0,0,0,0
2026,regular,2026-03-27,621566,Matt Olson,ATL,30,,,,,0,0,0,0,0,0
2026,regular,2026-03-27,663837,Matt Vierling,DET,30,,,,,0,0,0,0,0,0
2026,regular,2026-03-27,643289,Mauricio Dubón,ATL,30,,,,,0,0,0,0,0,0
2026,regular,2026-03-27,691777,Max Muncy,ATH,30,,,,,0,0,0,0,0,0
2026,regular,2026-03-27,571970,Max Muncy,LAD,30,,,,,0,0,0,0,0,0
2026,regular,2026-03-27,671739,Michael Harris II,ATL,30,,,,,0,0,0,0,0,0
2026,regular,2026-03-27,609280,Miguel Andujar,SDP,30,,,,,0,0,0,0,0,0
2026,regular,2026-03-27,545361,Mike Trout,LAA,30,,,,,0,0,0,0,0,0
2026,regular,2026-03-27,605141,Mookie Betts,LAD,30,,,,,0,0,0,0,0,0
2026,regular,2026-03-27,664702,Myles Straw,TOR,30,,,,,0,0,0,0,0,0
2026,regular,2026-03-27,664770,Nathan Lukes,TOR,30,,,,,0,0,0,0,0,0
2026,regular,2026-03-27,592206,Nick Castellanos,SDP,30,,,,,0,0,0,0,0,0
2026,regular,2026-03-27,701762,Nick Kurtz,ATH,30,,,,,0,0,0,0,0,0
2026,regular,2026-03-27,571448,Nolan Arenado,ARI,30,,,,,0,0,0,0,0,0
2026,regular,2026-03-27,694384,Nolan Schanuel,LAA,30,,,,,0,0,0,0,0,0
2026,regular,2026-03-27,672724,Oswald Peraza,LAA,30,,,,,0,0,0,0,0,0
2026,regular,2026-03-27,672640,Otto Lopez,MIA,30,,,,,0,0,0,0,0,0
2026,regular,2026-03-27,683357,Owen Caissie,MIA,30,,,,,0,0,0,0,0,0
2026,regular,2026-03-27,645277,Ozzie Albies,ATL,30,,,,,0,0,0,0,0,0
2026,regular,2026-03-27,678009,Parker Meadows,DET,30,,,,,0,0,0,0,0,0
2026,regular,2026-03-27,672275,Patrick Bailey,SFG,30,,,,,0,0,0,0,0,0
2026,regular,2026-03-27,502671,Paul Goldschmidt,NYY,30,,,,,0,0,0,0,0,0
2026,regular,2026-03-27,656976,Pavin Smith,ARI,30,,,,,0,0,0,0,0,0
2026,regular,2026-03-27,646240,Rafael Devers,SFG,30,,,,,0,0,0,0,0,0
2026,regular,2026-03-27,657656,Ramón Laureano,SDP,30,,,,,0,0,0,0,0,0
2026,regular,2026-03-27,545341,Randal Grichuk,NYY,30,,,,,0,0,0,0,0,0
2026,regular,2026-03-27,668227,Randy Arozarena,SEA,30,,,,,0,0,0,0,0,0
2026,regular,2026-03-27,656555,Rhys Hoskins,CLE,30,,,,,0,0,0,0,0,0
2026,regular,2026-03-27,682985,Riley Greene,DET,30,,,,,0,0,0,0,0,0
2026,regular,2026-03-27,660670,Ronald Acuña Jr.,ATL,30,,,,,0,0,0,0,0,0
2026,regular,2026-03-27,641857,Ryan McMahon,NYY,30,,,,,0,0,0,0,0,0
2026,regular,2026-03-27,690022,Ryan Ritter,COL,30,,,,,0,0,0,0,0,0
2026,regular,2026-03-27,521692,Salvador Perez,KCR,30,,,,,0,0,0,0,0,0
2026,regular,2026-03-27,669127,Shea Langeliers,ATH,30,,,,,0,0,0,0,0,0
2026,regular,2026-03-27,660271,Shohei Ohtani,LAD,30,,,,,0,0,0,0,0,0
2026,regular,2026-03-27,679529,Spencer Torkelson,DET,30,,,,,0,0,0,0,0,0
2026,regular,2026-03-27,516782,Starling Marte,KCR,30,,,,,0,0,0,0,0,0
2026,regular,2026-03-27,680757,Steven Kwan,CLE,30,,,,,0,0,0,0,0,0
2026,regular,2026-03-27,606192,Teoscar Hernández,LAD,30,,,,,0,0,0,0,0,0
2026,regular,2026-03-27,681198,TJ Rumfield,COL,30,,,,,0,0,0,0,0,0
2026,regular,2026-03-27,663757,Trent Grisham,NYY,30,,,,,0,0,0,0,0,0
2026,regular,2026-03-27,664034,Ty France,SDP,30,,,,,0,0,0,0,0,0
2026,regular,2026-03-27,691016,Tyler Soderstrom,ATH,30,,,,,0,0,0,0,0,0
2026,regular,2026-03-27,686469,Vinnie Pasquantino,KCR,30,,,,,0,0,0,0,0,0
2026,regular,2026-03-27,665489,Vladimir Guerrero Jr.,TOR,30,,,,,0,0,0,0,0,0
2026,regular,2026-03-27,669257,Will Smith,LAD,30,,,,,0,0,0,0,0,0
2026,regular,2026-03-27,650489,Willi Castro,COL,30,,,,,0,0,0,0,0,0
2026,regular,2026-03-27,642715,Willy Adames,SFG,30,,,,,0,0,0,0,0,0
2026,regular,2026-03-27,593428,Xander Bogaerts,SDP,30,,,,,0,0,0,0,0,0
2026,regular,2026-03-27,669364,Xavier Edwards,MIA,30,,,,,0,0,0,0,0,0
2026,regular,2026-03-27,673237,Yainer Diaz,HOU,30,,,,,0,0,0,0,0,0
2026,regular,2026-03-27,670541,Yordan Alvarez,HOU,30,,,,,0,0,0,0,0,0
2026,regular,2026-03-27,660162,Yoán Moncada,LAA,30,,,,,0,0,0,0,0,0
2026,regular,2026-03-27,656716,Zach McKinstry,DET,30,,,,,0,0,0,0,0,0
2026,regular,2026-03-27,687263,Zach Neto,LAA,30,,,,,0,0,0,0,0,0
2026,regular,2026-03-28,592450,Aaron Judge,NYY,30,,,,,0,0,0,0,0,0
2026,regular,2026-03-28,680718,Addison Barger,TOR,30,,,,,0,0,0,0,0,0
2026,regular,2026-03-28,668939,Adley Rutschman,BAL,30,,,,,0,0,0,0,0,0
2026,regular,2026-03-28,666969,Adolis García,PHI,30,,,,,0,0,0,0,0,0
2026,regular,2026-03-28,682663,Agustín Ramírez,MIA,30,,,,,0,0,0,0,0,0
2026,regular,2026-03-28,664761,Alec Bohm,PHI,30,,,,,0,0,0,0,0,0
2026,regular,2026-03-28,676475,Alec Burleson,STL,30,,,,,0,0,0,0,0,0
2026,regular,2026-03-28,672386,Alejandro Kirk,TOR,30,,,,,0,0,0,0,0,0
2026,regular,2026-03-28,677950,Alek Thomas,ARI,30,,,,,0,0,0,0,0,0
2026,regular,2026-03-28,608324,Alex Bregman,CHC,30,,,,,0,0,0,0,0,0
2026,regular,2026-03-28,690976,Alex Freeland,LAD,30,,,,,0,0,0,0,0,0
2026,regular,2026-03-28,643217,Andrew Benintendi,CHW,30,,,,,0,0,0,0,0,0
2026,regular,2026-03-28,457705,Andrew McCutchen,TEX,30,,,,,0,0,0,0,0,0
2026,regular,2026-03-28,665953,Andrés Chaparro,WSN,30,,,,,0,0,0,0,0,0
2026,regular,2026-03-28,665926,Andrés Giménez,TOR,30,,,,,0,0,0,0,0,0
2026,regular,2026-03-28,628451,Andy Ibáñez,ATH,30,,,,,0,0,0,0,0,0
2026,regular,2026-03-28,681624,Andy Pages,LAD,30,,,,,0,0,0,0,0,0
2026,regular,2026-03-28,682657,Angel Martínez,CLE,30,,,,,0,0,0,0,0,0
2026,regular,2026-03-28,669720,Austin Hays,CHW,30,,,,,0,0,0,0,0,0
2026,regular,2026-03-28,663586,Austin Riley,ATL,30,,,,,0,0,0,0,0,0
2026,regular,2026-03-28,669224,Austin Wells,NYY,30,,,,,0,0,0,0,0,0
2026,regular,2026-03-28,700250,Ben Rice,NYY,30,,,,,0,0,0,0,0,0
2026,regular,2026-03-28,810938,Ben Williamson,TBR,30,,,,,0,0,0,0,0,0
2026,regular,2026-03-28,695257,Billy Cook,PIT,30,,,,,0,0,0,0,0,0
2026,regular,2026-03-28,666182,Bo Bichette,NYM,30,,,,,0,0,0,0,0,0
2026,regular,2026-03-28,677951,Bobby Witt Jr.,KCR,30,,,,,0,0,0,0,0,0
2026,regular,2026-03-28,691781,Brady House,WSN,30,,,,,0,0,0,0,0,0
2026,regular,2026-03-28,663604,Brandon Lockridge,MIL,30,,,,,0,0,0,0,0,0
2026,regular,2026-03-28,664040,Brandon Lowe,PIT,30,,,,,0,0,0,0,0,0
2026,regular,2026-03-28,669016,Brandon Marsh,PHI,30,,,,,0,0,0,0,0,0
2026,regular,2026-03-28,607043,Brandon Nimmo,TEX,30,,,,,0,0,0,0,0,0
2026,regular,2026-03-28,677587,Brayan Rocchio,CLE,30,,,,,0,0,0,0,0,0
2026,regular,2026-03-28,680977,Brendan Donovan,SEA,30,,,,,0,0,0,0,0,0
2026,regular,2026-03-28,667670,Brent Rooker,ATH,30,,,,,0,0,0,0,0,0
2026,regular,2026-03-28,686668,Brenton Doyle,COL,30,,,,,0,0,0,0,0,0
2026,regular,2026-03-28,683146,Brett Baty,NYM,30,,,,,0,0,0,0,0,0
2026,regular,2026-03-28,694728,Brice Matthews,HOU,30,,,,,0,0,0,0,0,0
2026,regular,2026-03-28,668930,Brice Turang,MIL,30,,,,,0,0,0,0,0,0
2026,regular,2026-03-28,686797,Brooks Lee,MIN,30,,,,,0,0,0,0,0,0
2026,regular,2026-03-28,668804,Bryan Reynolds,PIT,30,,,,,0,0,0,0,0,0
2026,regular,2026-03-28,547180,Bryce Harper,PHI,30,,,,,0,0,0,0,0,0
2026,regular,2026-03-28,669369,Bryce Johnson,SDP,30,,,,,0,0,0,0,0,0
2026,regular,2026-03-28,681082,Bryson Stott,PHI,30,,,,,0,0,0,0,0,0
2026,regular,2026-03-28,621439,Byron Buxton,MIN,30,,,,,0,0,0,0,0,0
2026,regular,2026-03-28,663728,Cal Raleigh,SEA,30,,,,,0,0,0,0,0,0
2026,regular,2026-03-28,702332,Caleb Durbin,BOS,30,,,,,0,0,0,0,0,0
2026,regular,2026-03-28,701358,Cam Smith,HOU,30,,,,,0,0,0,0,0,0
2026,regular,2026-03-28,621043,Carlos Correa,HOU,30,,,,,0,0,0,0,0,0
2026,regular,2026-03-28,666126,Carlos Cortes,ATH,30,,,,,0,0,0,0,0,0
2026,regular,2026-03-28,608032,Carlos Estévez,KCR,30,,,,,0,0,0,0,0,0
2026,regular,2026-03-28,665966,Carlos Narváez,BOS,30,,,,,0,0,0,0,0,0
2026,regular,2026-03-28,467793,Carlos Santana,ARI,30,,,,,0,0,0,0,0,0
2026,regular,2026-03-28,701807,Carson Benge,NYM,30,,,,,0,0,0,0,0,0
2026,regular,2026-03-28,608348,Carson Kelly,CHC,30,,,,,0,0,0,0,0,0
2026,regular,2026-03-28,700246,Carson Williams,TBR,30,,,,,0,0,0,0,0,0
2026,regular,2026-03-28,695600,Carter Jensen,KCR,30,,,,,0,0,0,0,0,0
2026,regular,2026-03-28,669477,Casey Schmitt,SFG,30,,,,,0,0,0,0,0,0
2026,regular,2026-03-28,678882,Ceddanne Rafaela,BOS,30,,,,,0,0,0,0,0,0
2026,regular,2026-03-28,656775,Cedric Mullins,TBR,30,,,,,0,0,0,0,0,0
2026,regular,2026-03-28,802415,Chandler Simpson,TBR,30,,,,,0,0,0,0,0,0
2026,regular,2026-03-28,800050,Chase DeLauter,CLE,30,,,,,0,0,0,0,0,0
2026,regular,2026-03-28,805367,Chase Meidroth,CHW,30,,,,,0,0,0,0,0,0
2026,regular,2026-03-28,572233,Christian Walker,HOU,30,,,,,0,0,0,0,0,0
2026,regular,2026-03-28,592885,Christian Yelich,MIL,30,,,,,0,0,0,0,0,0
2026,regular,2026-03-28,692216,CJ Kayfus,CLE,30,,,,,0,0,0,0,0,0
2026,regular,2026-03-28,691723,Coby Mayo,BAL,30,,,,,0,0,0,0,0,0
2026,regular,2026-03-28,641355,Cody Bellinger,NYY,30,,,,,0,0,0,0,0,0
2026,regular,2026-03-28,702284,Cole Young,SEA,30,,,,,0,0,0,0,0,0
2026,regular,2026-03-28,695657,Colson Montgomery,CHW,30,,,,,0,0,0,0,0,0
2026,regular,2026-03-28,690993,Colt Keith,DET,30,,,,,0,0,0,0,0,0
2026,regular,2026-03-28,681297,Colton Cowser,BAL,30,,,,,0,0,0,0,0,0
2026,regular,2026-03-28,681393,Connor Norby,MIA,30,,,,,0,0,0,0,0,0
2026,regular,2026-03-28,657136,Connor Wong,BOS,30,,,,,0,0,0,0,0,0
2026,regular,2026-03-28,682998,Corbin Carroll,ARI,30,,,,,0,0,0,0,0,0
2026,regular,2026-03-28,608369,Corey Seager,TEX,30,,,,,0,0,0,0,0,0
2026,regular,2026-03-28,667472,Dane Myers,CIN,30,,,,,0,0,0,0,0,0
2026,regular,2026-03-28,682177,Daniel Schneemann,CLE,30,,,,,0,0,0,0,0,0
2026,regular,2026-03-28,643376,Danny Jansen,TEX,30,,,,,0,0,0,0,0,0
2026,regular,2026-03-28,621020,Dansby Swanson,CHC,30,,,,,0,0,0,0,0,0
2026,regular,2026-03-28,687231,Darell Hernaiz,ATH,30,,,,,0,0,0,0,0,0
2026,regular,2026-03-28,662139,Daulton Varsho,TOR,30,,,,,0,0,0,0,0,0
2026,regular,2026-03-28,681807,David Fry,CLE,30,,,,,0,0,0,0,0,0
2026,regular,2026-03-28,666152,David Hamilton,MIL,30,,,,,0,0,0,0,0,0
2026,regular,2026-03-28,676914,Davis Schneider,TOR,30,,,,,0,0,0,0,0,0
2026,regular,2026-03-28,695734,Daylen Lile,WSN,30,,,,,0,0,0,0,0,0
2026,regular,2026-03-28,672016,Denzel Clarke,ATH,30,,,,,0,0,0,0,0,0
2026,regular,2026-03-28,693307,Dillon Dingler,DET,30,,,,,0,0,0,0,0,0
2026,regular,2026-03-28,686527,Dominic Canzone,SEA,30,,,,,0,0,0,0,0,0
2026,regular,2026-03-28,642086,Dominic Smith,ATL,30,,,,,0,0,0,0,0,0
2026,regular,2026-03-28,686948,Drake Baldwin,ATL,30,,,,,0,0,0,0,0,0
2026,regular,2026-03-28,686452,Drew Millas,WSN,30,,,,,0,0,0,0,0,0
2026,regular,2026-03-28,687637,Dylan Beavers,BAL,30,,,,,0,0,0,0,0,0
2026,regular,2026-03-28,700337,Edgar Quero,CHW,30,,,,,0,0,0,0,0,0
2026,regular,2026-03-28,624641,Edmundo Sosa,PHI,30,,,,,0,0,0,0,0,0
2026,regular,2026-03-28,666397,Edouard Julien,COL,30,,,,,0,0,0,0,0,0
2026,regular,2026-03-28,642201,Eli White,ATL,30,,,,,0,0,0,0,0,0
2026,regular,2026-03-28,682829,Elly De La Cruz,CIN,30,,,,,0,0,0,0,0,0
2026,regular,2026-03-28,676391,Ernie Clement,TOR,30,,,,,0,0,0,0,0,0
2026,regular,2026-03-28,553993,Eugenio Suárez,CIN,30,,,,,0,0,0,0,0,0
2026,regular,2026-03-28,694497,Evan Carter,TEX,30,,,,,0,0,0,0,0,0
2026,regular,2026-03-28,677592,Everson Pereira,CHW,30,,,,,0,0,0,0,0,0
2026,regular,2026-03-28,678662,Ezequiel Tovar,COL,30,,,,,0,0,0,0,0,0
2026,regular,2026-03-28,665487,Fernando Tatis Jr.,SDP,30,,,,,0,0,0,0,0,0
2026,regular,2026-03-28,682626,Francisco Alvarez,NYM,30,,,,,0,0,0,0,0,0
2026,regular,2026-03-28,596019,Francisco Lindor,NYM,30,,,,,0,0,0,0,0,0
2026,regular,2026-03-28,518692,Freddie Freeman,LAD,30,,,,,0,0,0,0,0,0
2026,regular,2026-03-28,666023,Freddy Fermin,SDP,30,,,,,0,0,0,0,0,0
2026,regular,2026-03-28,669003,Garrett Mitchell,MIL,30,,,,,0,0,0,0,0,0
2026,regular,2026-03-28,657757,Gavin Sheets,SDP,30,,,,,0,0,0,0,0,0
2026,regular,2026-03-28,543807,George Springer,TOR,30,,,,,0,0,0,0,0,0
2026,regular,2026-03-28,672695,Geraldo Perdomo,ARI,30,,,,,0,0,0,0,0,0
2026,regular,2026-03-28,519317,Giancarlo Stanton,NYY,30,,,,,0,0,0,0,0,0
2026,regular,2026-03-28,650402,Gleyber Torres,DET,30,,,,,0,0,0,0,0,0
2026,regular,2026-03-28,688363,Graham Pauley,MIA,30,,,,,0,0,0,0,0,0
2026,regular,2026-03-28,665052,Griffin Conine,MIA,30,,,,,0,0,0,0,0,0
2026,regular,2026-03-28,683002,Gunnar Henderson,BAL,30,,,,,0,0,0,0,0,0
2026,regular,2026-03-28,664056,Harrison Bader,SFG,30,,,,,0,0,0,0,0,0
2026,regular,2026-03-28,671218,Heliot Ramos,SFG,30,,,,,0,0,0,0,0,0
2026,regular,2026-03-28,680779,Henry Davis,PIT,30,,,,,0,0,0,0,0,0
2026,regular,2026-03-28,676439,Hunter Feduccia,TBR,30,,,,,0,0,0,0,0,0
2026,regular,2026-03-28,696100,Hunter Goodman,COL,30,,,,,0,0,0,0,0,0
2026,regular,2026-03-28,664023,Ian Happ,CHC,30,,,,,0,0,0,0,0,0
2026,regular,2026-03-28,686555,Isaac Collins,KCR,30,,,,,0,0,0,0,0,0
2026,regular,2026-03-28,670623,Isaac Paredes,HOU,30,,,,,0,0,0,0,0,0
2026,regular,2026-03-28,671056,Iván Herrera,STL,30,,,,,0,0,0,0,0,0
2026,regular,2026-03-28,592663,J.T. Realmuto,PHI,30,,,,,0,0,0,0,0,0
2026,regular,2026-03-28,695506,Jac Caglianone,KCR,30,,,,,0,0,0,0,0,0
2026,regular,2026-03-28,701538,Jackson Merrill,SDP,30,,,,,0,0,0,0,0,0
2026,regular,2026-03-28,805779,Jacob Wilson,ATH,30,,,,,0,0,0,0,0,0
2026,regular,2026-03-28,696285,Jacob Young,WSN,30,,,,,0,0,0,0,0,0
2026,regular,2026-03-28,663330,Jahmai Jones,DET,30,,,,,0,0,0,0,0,0
2026,regular,2026-03-28,641343,Jake Bauers,MIL,30,,,,,0,0,0,0,0,0
2026,regular,2026-03-28,669394,Jake Burger,TEX,30,,,,,0,0,0,0,0,0
2026,regular,2026-03-28,630105,Jake Cronenworth,SDP,30,,,,,0,0,0,0,0,0
2026,regular,2026-03-28,641584,Jake Fraley,TBR,30,,,,,0,0,0,0,0,0
2026,regular,2026-03-28,663968,Jake Mangum,PIT,30,,,,,0,0,0,0,0,0
2026,regular,2026-03-28,664983,Jake McCarthy,COL,30,,,,,0,0,0,0,0,0
2026,regular,2026-03-28,676694,Jake Meyers,HOU,30,,,,,0,0,0,0,0,0
2026,regular,2026-03-28,668670,Jake Rogers,DET,30,,,,,0,0,0,0,0,0
2026,regular,2026-03-28,805300,Jakob Marsee,MIA,30,,,,,0,0,0,0,0,0
2026,regular,2026-03-28,543510,James McCann,ARI,30,,,,,0,0,0,0,0,0
2026,regular,2026-03-28,681546,James Outman,MIN,30,,,,,0,0,0,0,0,0
2026,regular,2026-03-28,695578,James Wood,WSN,30,,,,,0,0,0,0,0,0
2026,regular,2026-03-28,666931,Jared Oliva,SFG,30,,,,,0,0,0,0,0,0
2026,regular,2026-03-28,669707,Jared Triolo,PIT,30,,,,,0,0,0,0,0,0
2026,regular,2026-03-28,676724,Jared Young,NYM,30,,,,,0,0,0,0,0,0
2026,regular,2026-03-28,680776,Jarren Duran,BOS,30,,,,,0,0,0,0,0,0
2026,regular,2026-03-28,665862,Jazz Chisholm Jr.,NYY,30,,,,,0,0,0,0,0,0
2026,regular,2026-03-28,643446,Jeff McNeil,ATH,30,,,,,0,0,0,0,0,0
2026,regular,2026-03-28,669236,Jeremiah Jackson,BAL,30,,,,,0,0,0,0,0,0
2026,regular,2026-03-28,660821,Jesús Sánchez,TOR,30,,,,,0,0,0,0,0,0
2026,regular,2026-03-28,802139,JJ Wetherholt,STL,30,,,,,0,0,0,0,0,0
2026,regular,2026-03-28,666176,Jo Adell,LAA,30,,,,,0,0,0,0,0,0
2026,regular,2026-03-28,592626,Joc Pederson,TEX,30,,,,,0,0,0,0,0,0
2026,regular,2026-03-28,663698,Joey Bart,PIT,30,,,,,0,0,0,0,0,0
2026,regular,2026-03-28,694388,Joey Loperfido,HOU,30,,,,,0,0,0,0,0,0
2026,regular,2026-03-28,687401,Joey Ortiz,MIL,30,,,,,0,0,0,0,0,0
2026,regular,2026-03-28,666018,Jonathan Aranda,TBR,30,,,,,0,0,0,0,0,0
2026,regular,2026-03-28,663697,Jonathan India,KCR,30,,,,,0,0,0,0,0,0
2026,regular,2026-03-28,676356,Jonny DeLuca,TBR,30,,,,,0,0,0,0,0,0
2026,regular,2026-03-28,678391,Jorbit Vivas,WSN,30,,,,,0,0,0,0,0,0
2026,regular,2026-03-28,691023,Jordan Walker,STL,30,,,,,0,0,0,0,0,0
2026,regular,2026-03-28,678489,Jorge Barrosa,ARI,30,,,,,0,0,0,0,0,0
2026,regular,2026-03-28,622761,Jorge Mateo,ATL,30,,,,,0,0,0,0,0,0
2026,regular,2026-03-28,593871,Jorge Polanco,NYM,30,,,,,0,0,0,0,0,0
2026,regular,2026-03-28,624585,Jorge Soler,LAA,30,,,,,0,0,0,0,0,0
2026,regular,2026-03-28,514888,Jose Altuve,HOU,30,,,,,0,0,0,0,0,0
2026,regular,2026-03-28,624431,Jose Trevino,CIN,30,,,,,0,0,0,0,0,0
2026,regular,2026-03-28,605137,Josh Bell,MIN,30,,,,,0,0,0,0,0,0
2026,regular,2026-03-28,673962,Josh Jung,TEX,30,,,,,0,0,0,0,0,0
2026,regular,2026-03-28,666139,Josh Lowe,LAA,30,,,,,0,0,0,0,0,0
2026,regular,2026-03-28,647304,Josh Naylor,SEA,30,,,,,0,0,0,0,0,0
2026,regular,2026-03-28,669701,Josh Smith,TEX,30,,,,,0,0,0,0,0,0
2026,regular,2026-03-28,676609,José Caballero,NYY,30,,,,,0,0,0,0,0,0
2026,regular,2026-03-28,665877,José Fermín,STL,30,,,,,0,0,0,0,0,0
2026,regular,2026-03-28,608070,José Ramírez,CLE,30,,,,,0,0,0,0,0,0
2026,regular,2026-03-28,677588,José Tena,WSN,30,,,,,0,0,0,0,0,0
2026,regular,2026-03-28,665742,Juan Soto,NYM,30,,,,,0,0,0,0,0,0
2026,regular,2026-03-28,677594,Julio Rodríguez,SEA,30,,,,,0,0,0,0,0,0
2026,regular,2026-03-28,808982,Jung Hoo Lee,SFG,30,,,,,0,0,0,0,0,0
2026,regular,2026-03-28,691406,Junior Caminero,TBR,30,,,,,0,0,0,0,0,0
2026,regular,2026-03-28,702222,Justin Crawford,PHI,30,,,,,0,0,0,0,0,0
2026,regular,2026-03-28,672960,Kazuma Okamoto,TOR,30,,,,,0,0,0,0,0,0
2026,regular,2026-03-28,663647,Ke'Bryan Hayes,CIN,30,,,,,0,0,0,0,0,0
2026,regular,2026-03-28,681481,Kerry Carpenter,DET,30,,,,,0,0,0,0,0,0
2026,regular,2026-03-28,606466,Ketel Marte,ARI,30,,,,,0,0,0,0,0,0
2026,regular,2026-03-28,805808,Kevin McGonigle,DET,30,,,,,0,0,0,0,0,0
2026,regular,2026-03-28,665019,Kody Clemens,MIN,30,,,,,0,0,0,0,0,0
2026,regular,2026-03-28,664728,Kyle Isbel,KCR,30,,,,,0,0,0,0,0,0
2026,regular,2026-03-28,691720,Kyle Karros,COL,30,,,,,0,0,0,0,0,0
2026,regular,2026-03-28,700932,Kyle Manzardo,CLE,30,,,,,0,0,0,0,0,0
2026,regular,2026-03-28,656941,Kyle Schwarber,PHI,30,,,,,0,0,0,0,0,0
2026,regular,2026-03-28,663656,Kyle Tucker,LAD,30,,,,,0,0,0,0,0,0
2026,regular,2026-03-28,657041,Lane Thomas,KCR,30,,,,,0,0,0,0,0,0
2026,regular,2026-03-28,672820,Lenyn Sosa,CHW,30,,,,,0,0,0,0,0,0
2026,regular,2026-03-28,660844,Leo Rivas,SEA,30,,,,,0,0,0,0,0,0
2026,regular,2026-03-28,665750,Leody Taveras,BAL,30,,,,,0,0,0,0,0,0
2026,regular,2026-03-28,689414,Liam Hicks,MIA,30,,,,,0,0,0,0,0,0
2026,regular,2026-03-28,681351,Logan O'Hoppe,LAA,30,,,,,0,0,0,0,0,0
2026,regular,2026-03-28,650333,Luis Arraez,SFG,30,,,,,0,0,0,0,0,0
2026,regular,2026-03-28,671277,Luis García Jr.,WSN,30,,,,,0,0,0,0,0,0
2026,regular,2026-03-28,673357,Luis Robert Jr.,NYM,30,,,,,0,0,0,0,0,0
2026,regular,2026-03-28,620443,Luis Torrens,NYM,30,,,,,0,0,0,0,0,0
2026,regular,2026-03-28,682668,Luisangel Acuña,CHW,30,,,,,0,0,0,0,0,0
2026,regular,2026-03-28,807712,Luke Keaschall,MIN,30,,,,,0,0,0,0,0,0
2026,regular,2026-03-28,670042,Luke Raley,SEA,30,,,,,0,0,0,0,0,0
2026,regular,2026-03-28,672580,Maikel Garcia,KCR,30,,,,,0,0,0,0,0,0
2026,regular,2026-03-28,592518,Manny Machado,SDP,30,,,,,0,0,0,0,0,0
2026,regular,2026-03-28,542303,Marcell Ozuna,PIT,30,,,,,0,0,0,0,0,0
2026,regular,2026-03-28,691785,Marcelo Mayer,BOS,30,,,,,0,0,0,0,0,0
2026,regular,2026-03-28,543760,Marcus Semien,NYM,30,,,,,0,0,0,0,0,0
2026,regular,2026-03-28,668901,Mark Vientos,NYM,30,,,,,0,0,0,0,0,0
2026,regular,2026-03-28,807799,Masataka Yoshida,BOS,30,,,,,0,0,0,0,0,0
2026,regular,2026-03-28,691026,Masyn Winn,STL,30,,,,,0,0,0,0,0,0
2026,regular,2026-03-28,656305,Matt Chapman,SFG,30,,,,,0,0,0,0,0,0
2026,regular,2026-03-28,680574,Matt McLain,CIN,30,,,,,0,0,0,0,0,0
2026,regular,2026-03-28,621566,Matt Olson,ATL,30,,,,,0,0,0,0,0,0
2026,regular,2026-03-28,807713,Matt Shaw,CHC,30,,,,,0,0,0,0,0,0
2026,regular,2026-03-28,663837,Matt Vierling,DET,30,,,,,0,0,0,0,0,0
2026,regular,2026-03-28,670242,Matt Wallner,MIN,30,,,,,0,0,0,0,0,0
2026,regular,2026-03-28,643289,Mauricio Dubón,ATL,30,,,,,0,0,0,0,0,0
2026,regular,2026-03-28,691777,Max Muncy,ATH,30,,,,,0,0,0,0,0,0
2026,regular,2026-03-28,571970,Max Muncy,LAD,30,,,,,0,0,0,0,0,0
2026,regular,2026-03-28,683737,Michael Busch,CHC,30,,,,,0,0,0,0,0,0
2026,regular,2026-03-28,671739,Michael Harris II,ATL,30,,,,,0,0,0,0,0,0
2026,regular,2026-03-28,665804,Miguel Amaya,CHC,30,,,,,0,0,0,0,0,0
2026,regular,2026-03-28,500743,Miguel Rojas,LAD,30,,,,,0,0,0,0,0,0
2026,regular,2026-03-28,678246,Miguel Vargas,CHW,30,,,,,0,0,0,0,0,0
2026,regular,2026-03-28,545361,Mike Trout,LAA,30,,,,,0,0,0,0,0,0
2026,regular,2026-03-28,573262,Mike Yastrzemski,ATL,30,,,,,0,0,0,0,0,0
2026,regular,2026-03-28,694208,Moisés Ballesteros,CHC,30,,,,,0,0,0,0,0,0
2026,regular,2026-03-28,605141,Mookie Betts,LAD,30,,,,,0,0,0,0,0,0
2026,regular,2026-03-28,808959,Munetaka Murakami,CHW,30,,,,,0,0,0,0,0,0
2026,regular,2026-03-28,664702,Myles Straw,TOR,30,,,,,0,0,0,0,0,0
2026,regular,2026-03-28,683083,Nasim Nuñez,WSN,30,,,,,0,0,0,0,0,0
2026,regular,2026-03-28,701675,Nathan Church,STL,30,,,,,0,0,0,0,0,0
2026,regular,2026-03-28,664770,Nathan Lukes,TOR,30,,,,,0,0,0,0,0,0
2026,regular,2026-03-28,663993,Nathaniel Lowe,CIN,30,,,,,0,0,0,0,0,0
2026,regular,2026-03-28,669397,Nick Allen,HOU,30,,,,,0,0,0,0,0,0
2026,regular,2026-03-28,592206,Nick Castellanos,SDP,30,,,,,0,0,0,0,0,0
2026,regular,2026-03-28,663743,Nick Fortes,TBR,30,,,,,0,0,0,0,0,0
2026,regular,2026-03-28,693304,Nick Gonzales,PIT,30,,,,,0,0,0,0,0,0
2026,regular,2026-03-28,701762,Nick Kurtz,ATH,30,,,,,0,0,0,0,0,0
2026,regular,2026-03-28,694377,Nick Yorke,PIT,30,,,,,0,0,0,0,0,0
2026,regular,2026-03-28,663538,Nico Hoerner,CHC,30,,,,,0,0,0,0,0,0
2026,regular,2026-03-28,682622,Noelvi Marte,CIN,30,,,,,0,0,0,0,0,0
2026,regular,2026-03-28,571448,Nolan Arenado,ARI,30,,,,,0,0,0,0,0,0
2026,regular,2026-03-28,669357,Nolan Gorman,STL,30,,,,,0,0,0,0,0,0
2026,regular,2026-03-28,694384,Nolan Schanuel,LAA,30,,,,,0,0,0,0,0,0
2026,regular,2026-03-28,665833,Oneil Cruz,PIT,30,,,,,0,0,0,0,0,0
2026,regular,2026-03-28,672724,Oswald Peraza,LAA,30,,,,,0,0,0,0,0,0
2026,regular,2026-03-28,805249,Otto Kemp,PHI,30,,,,,0,0,0,0,0,0
2026,regular,2026-03-28,672640,Otto Lopez,MIA,30,,,,,0,0,0,0,0,0
2026,regular,2026-03-28,683357,Owen Caissie,MIA,30,,,,,0,0,0,0,0,0
2026,regular,2026-03-28,645277,Ozzie Albies,ATL,30,,,,,0,0,0,0,0,0
2026,regular,2026-03-28,672275,Patrick Bailey,SFG,30,,,,,0,0,0,0,0,0
2026,regular,2026-03-28,656976,Pavin Smith,ARI,30,,,,,0,0,0,0,0,0
2026,regular,2026-03-28,686780,Pedro Pagés,STL,30,,,,,0,0,0,0,0,0
2026,regular,2026-03-28,624413,Pete Alonso,BAL,30,,,,,0,0,0,0,0,0
2026,regular,2026-03-28,691718,Pete Crow-Armstrong,CHC,30,,,,,0,0,0,0,0,0
2026,regular,2026-03-28,646240,Rafael Devers,SFG,30,,,,,0,0,0,0,0,0
2026,regular,2026-03-28,657656,Ramón Laureano,SDP,30,,,,,0,0,0,0,0,0
2026,regular,2026-03-28,602104,Ramón Urías,STL,30,,,,,0,0,0,0,0,0
2026,regular,2026-03-28,668227,Randy Arozarena,SEA,30,,,,,0,0,0,0,0,0
2026,regular,2026-03-28,624512,Reese McGuire,CHW,30,,,,,0,0,0,0,0,0
2026,regular,2026-03-28,680700,Richie Palacios,TBR,30,,,,,0,0,0,0,0,0
2026,regular,2026-03-28,682985,Riley Greene,DET,30,,,,,0,0,0,0,0,0
2026,regular,2026-03-28,608701,Rob Refsnyder,SEA,30,,,,,0,0,0,0,0,0
2026,regular,2026-03-28,701350,Roman Anthony,BOS,30,,,,,0,0,0,0,0,0
2026,regular,2026-03-28,660670,Ronald Acuña Jr.,ATL,30,,,,,0,0,0,0,0,0
2026,regular,2026-03-28,668904,Royce Lewis,MIN,30,,,,,0,0,0,0,0,0
2026,regular,2026-03-28,669208,Ryan Bliss,SEA,30,,,,,0,0,0,0,0,0
2026,regular,2026-03-28,680777,Ryan Jeffers,MIN,30,,,,,0,0,0,0,0,0
2026,regular,2026-03-28,641857,Ryan McMahon,NYY,30,,,,,0,0,0,0,0,0
2026,regular,2026-03-28,663624,Ryan Mountcastle,BAL,30,,,,,0,0,0,0,0,0
2026,regular,2026-03-28,656811,Ryan O'Hearn,PIT,30,,,,,0,0,0,0,0,0
2026,regular,2026-03-28,690022,Ryan Ritter,COL,30,,,,,0,0,0,0,0,0
2026,regular,2026-03-28,686217,Sal Frelick,MIL,30,,,,,0,0,0,0,0,0
2026,regular,2026-03-28,701398,Sal Stewart,CIN,30,,,,,0,0,0,0,0,0
2026,regular,2026-03-28,521692,Salvador Perez,KCR,30,,,,,0,0,0,0,0,0
2026,regular,2026-03-28,694212,Samuel Basallo,BAL,30,,,,,0,0,0,0,0,0
2026,regular,2026-03-28,669289,Santiago Espinal,LAD,30,,,,,0,0,0,0,0,0
2026,regular,2026-03-28,669127,Shea Langeliers,ATH,30,,,,,0,0,0,0,0,0
2026,regular,2026-03-28,660271,Shohei Ohtani,LAD,30,,,,,0,0,0,0,0,0
2026,regular,2026-03-28,668715,Spencer Steer,CIN,30,,,,,0,0,0,0,0,0
2026,regular,2026-03-28,679529,Spencer Torkelson,DET,30,,,,,0,0,0,0,0,0
2026,regular,2026-03-28,680757,Steven Kwan,CLE,30,,,,,0,0,0,0,0,0
2026,regular,2026-03-28,621493,Taylor Ward,BAL,30,,,,,0,0,0,0,0,0
2026,regular,2026-03-28,606192,Teoscar Hernández,LAD,30,,,,,0,0,0,0,0,0
2026,regular,2026-03-28,670770,TJ Friedl,CIN,30,,,,,0,0,0,0,0,0
2026,regular,2026-03-28,681198,TJ Rumfield,COL,30,,,,,0,0,0,0,0,0
2026,regular,2026-03-28,607208,Trea Turner,PHI,30,,,,,0,0,0,0,0,0
2026,regular,2026-03-28,663757,Trent Grisham,NYY,30,,,,,0,0,0,0,0,0
2026,regular,2026-03-28,663616,Trevor Larnach,MIN,30,,,,,0,0,0,0,0,0
2026,regular,2026-03-28,596115,Trevor Story,BOS,30,,,,,0,0,0,0,0,0
2026,regular,2026-03-28,671976,Tristan Peters,CHW,30,,,,,0,0,0,0,0,0
2026,regular,2026-03-28,687859,Troy Johnston,COL,30,,,,,0,0,0,0,0,0
2026,regular,2026-03-28,641933,Tyler O'Neill,BAL,30,,,,,0,0,0,0,0,0
2026,regular,2026-03-28,691016,Tyler Soderstrom,ATH,30,,,,,0,0,0,0,0,0
2026,regular,2026-03-28,686475,Tyler Tolbert,KCR,30,,,,,0,0,0,0,0,0
2026,regular,2026-03-28,621438,Tyrone Taylor,NYM,30,,,,,0,0,0,0,0,0
2026,regular,2026-03-28,645302,Victor Robles,SEA,30,,,,,0,0,0,0,0,0
2026,regular,2026-03-28,687363,Victor Scott II,STL,30,,,,,0,0,0,0,0,0
2026,regular,2026-03-28,686469,Vinnie Pasquantino,KCR,30,,,,,0,0,0,0,0,0
2026,regular,2026-03-28,665489,Vladimir Guerrero Jr.,TOR,30,,,,,0,0,0,0,0,0
2026,regular,2026-03-28,666181,Will Benson,CIN,30,,,,,0,0,0,0,0,0
2026,regular,2026-03-28,669257,Will Smith,LAD,30,,,,,0,0,0,0,0,0
2026,regular,2026-03-28,650489,Willi Castro,COL,30,,,,,0,0,0,0,0,0
2026,regular,2026-03-28,661388,William Contreras,MIL,30,,,,,0,0,0,0,0,0
2026,regular,2026-03-28,575929,Willson Contreras,BOS,30,,,,,0,0,0,0,0,0
2026,regular,2026-03-28,642715,Willy Adames,SFG,30,,,,,0,0,0,0,0,0
2026,regular,2026-03-28,677800,Wilyer Abreu,BOS,30,,,,,0,0,0,0,0,0
2026,regular,2026-03-28,694671,Wyatt Langford,TEX,30,,,,,0,0,0,0,0,0
2026,regular,2026-03-28,593428,Xander Bogaerts,SDP,30,,,,,0,0,0,0,0,0
2026,regular,2026-03-28,669364,Xavier Edwards,MIA,30,,,,,0,0,0,0,0,0
2026,regular,2026-03-28,673237,Yainer Diaz,HOU,30,,,,,0,0,0,0,0,0
2026,regular,2026-03-28,650490,Yandy Díaz,TBR,30,,,,,0,0,0,0,0,0
2026,regular,2026-03-28,670541,Yordan Alvarez,HOU,30,,,,,0,0,0,0,0,0
2026,regular,2026-03-28,660162,Yoán Moncada,LAA,30,,,,,0,0,0,0,0,0
2026,regular,2026-03-28,656716,Zach McKinstry,DET,30,,,,,0,0,0,0,0,0
2026,regular,2026-03-28,687263,Zach Neto,LAA,30,,,,,0,0,0,0,0,0
2026,regular,2026-03-29,624428,Adam Frazier,LAA,30,,,,,0,0,0,0,0,0
2026,regular,2026-03-29,680718,Addison Barger,TOR,30,,,,,0,0,0,0,0,0
2026,regular,2026-03-29,668939,Adley Rutschman,BAL,30,,,,,0,0,0,0,0,0
2026,regular,2026-03-29,666969,Adolis García,PHI,30,,,,,0,0,0,0,0,0
2026,regular,2026-03-29,682663,Agustín Ramírez,MIA,30,,,,,0,0,0,0,0,0
2026,regular,2026-03-29,664761,Alec Bohm,PHI,30,,,,,0,0,0,0,0,0
2026,regular,2026-03-29,676475,Alec Burleson,STL,30,,,,,0,0,0,0,0,0
2026,regular,2026-03-29,608324,Alex Bregman,CHC,30,,,,,0,0,0,0,0,0
2026,regular,2026-03-29,643217,Andrew Benintendi,CHW,30,,,,,0,0,0,0,0,0
2026,regular,2026-03-29,457705,Andrew McCutchen,TEX,30,,,,,0,0,0,0,0,0
2026,regular,2026-03-29,655316,Andruw Monasterio,BOS,30,,,,,0,0,0,0,0,0
2026,regular,2026-03-29,665953,Andrés Chaparro,WSN,30,,,,,0,0,0,0,0,0
2026,regular,2026-03-29,665926,Andrés Giménez,TOR,30,,,,,0,0,0,0,0,0
2026,regular,2026-03-29,682657,Angel Martínez,CLE,30,,,,,0,0,0,0,0,0
2026,regular,2026-03-29,669720,Austin Hays,CHW,30,,,,,0,0,0,0,0,0
2026,regular,2026-03-29,668885,Austin Martin,MIN,30,,,,,0,0,0,0,0,0
2026,regular,2026-03-29,663586,Austin Riley,ATL,30,,,,,0,0,0,0,0,0
2026,regular,2026-03-29,596103,Austin Slater,MIA,30,,,,,0,0,0,0,0,0
2026,regular,2026-03-29,642851,Austin Wynns,ATH,30,,,,,0,0,0,0,0,0
2026,regular,2026-03-29,810938,Ben Williamson,TBR,30,,,,,0,0,0,0,0,0
2026,regular,2026-03-29,695257,Billy Cook,PIT,30,,,,,0,0,0,0,0,0
2026,regular,2026-03-29,663368,Blake Perkins,MIL,30,,,,,0,0,0,0,0,0
2026,regular,2026-03-29,677942,Blaze Alexander,BAL,30,,,,,0,0,0,0,0,0
2026,regular,2026-03-29,666182,Bo Bichette,NYM,30,,,,,0,0,0,0,0,0
2026,regular,2026-03-29,666310,Bo Naylor,CLE,30,,,,,0,0,0,0,0,0
2026,regular,2026-03-29,677951,Bobby Witt Jr.,KCR,30,,,,,0,0,0,0,0,0
2026,regular,2026-03-29,691781,Brady House,WSN,30,,,,,0,0,0,0,0,0
2026,regular,2026-03-29,663604,Brandon Lockridge,MIL,30,,,,,0,0,0,0,0,0
2026,regular,2026-03-29,664040,Brandon Lowe,PIT,30,,,,,0,0,0,0,0,0
2026,regular,2026-03-29,669016,Brandon Marsh,PHI,30,,,,,0,0,0,0,0,0
2026,regular,2026-03-29,607043,Brandon Nimmo,TEX,30,,,,,0,0,0,0,0,0
2026,regular,2026-03-29,690924,Braxton Fulford,COL,30,,,,,0,0,0,0,0,0
2026,regular,2026-03-29,677587,Brayan Rocchio,CLE,30,,,,,0,0,0,0,0,0
2026,regular,2026-03-29,680977,Brendan Donovan,SEA,30,,,,,0,0,0,0,0,0
2026,regular,2026-03-29,667670,Brent Rooker,ATH,30,,,,,0,0,0,0,0,0
2026,regular,2026-03-29,686668,Brenton Doyle,COL,30,,,,,0,0,0,0,0,0
2026,regular,2026-03-29,683146,Brett Baty,NYM,30,,,,,0,0,0,0,0,0
2026,regular,2026-03-29,664954,Brett Sullivan,COL,30,,,,,0,0,0,0,0,0
2026,regular,2026-03-29,668930,Brice Turang,MIL,30,,,,,0,0,0,0,0,0
2026,regular,2026-03-29,686797,Brooks Lee,MIN,30,,,,,0,0,0,0,0,0
2026,regular,2026-03-29,668804,Bryan Reynolds,PIT,30,,,,,0,0,0,0,0,0
2026,regular,2026-03-29,547180,Bryce Harper,PHI,30,,,,,0,0,0,0,0,0
2026,regular,2026-03-29,669326,Bryce Teodosio,LAA,30,,,,,0,0,0,0,0,0
2026,regular,2026-03-29,681082,Bryson Stott,PHI,30,,,,,0,0,0,0,0,0
2026,regular,2026-03-29,621439,Byron Buxton,MIN,30,,,,,0,0,0,0,0,0
2026,regular,2026-03-29,663728,Cal Raleigh,SEA,30,,,,,0,0,0,0,0,0
2026,regular,2026-03-29,702332,Caleb Durbin,BOS,30,,,,,0,0,0,0,0,0
2026,regular,2026-03-29,701358,Cam Smith,HOU,30,,,,,0,0,0,0,0,0
2026,regular,2026-03-29,621043,Carlos Correa,HOU,30,,,,,0,0,0,0,0,0
2026,regular,2026-03-29,701807,Carson Benge,NYM,30,,,,,0,0,0,0,0,0
2026,regular,2026-03-29,608348,Carson Kelly,CHC,30,,,,,0,0,0,0,0,0
2026,regular,2026-03-29,700246,Carson Williams,TBR,30,,,,,0,0,0,0,0,0
2026,regular,2026-03-29,695600,Carter Jensen,KCR,30,,,,,0,0,0,0,0,0
2026,regular,2026-03-29,678882,Ceddanne Rafaela,BOS,30,,,,,0,0,0,0,0,0
2026,regular,2026-03-29,656775,Cedric Mullins,TBR,30,,,,,0,0,0,0,0,0
2026,regular,2026-03-29,802415,Chandler Simpson,TBR,30,,,,,0,0,0,0,0,0
2026,regular,2026-03-29,800050,Chase DeLauter,CLE,30,,,,,0,0,0,0,0,0
2026,regular,2026-03-29,805367,Chase Meidroth,CHW,30,,,,,0,0,0,0,0,0
2026,regular,2026-03-29,543877,Christian Vázquez,HOU,30,,,,,0,0,0,0,0,0
2026,regular,2026-03-29,572233,Christian Walker,HOU,30,,,,,0,0,0,0,0,0
2026,regular,2026-03-29,592885,Christian Yelich,MIL,30,,,,,0,0,0,0,0,0
2026,regular,2026-03-29,682928,CJ Abrams,WSN,30,,,,,0,0,0,0,0,0
2026,regular,2026-03-29,692216,CJ Kayfus,CLE,30,,,,,0,0,0,0,0,0
2026,regular,2026-03-29,691723,Coby Mayo,BAL,30,,,,,0,0,0,0,0,0
2026,regular,2026-03-29,702284,Cole Young,SEA,30,,,,,0,0,0,0,0,0
2026,regular,2026-03-29,695657,Colson Montgomery,CHW,30,,,,,0,0,0,0,0,0
2026,regular,2026-03-29,681393,Connor Norby,MIA,30,,,,,0,0,0,0,0,0
2026,regular,2026-03-29,657136,Connor Wong,BOS,30,,,,,0,0,0,0,0,0
2026,regular,2026-03-29,608369,Corey Seager,TEX,30,,,,,0,0,0,0,0,0
2026,regular,2026-03-29,667472,Dane Myers,CIN,30,,,,,0,0,0,0,0,0
2026,regular,2026-03-29,682177,Daniel Schneemann,CLE,30,,,,,0,0,0,0,0,0
2026,regular,2026-03-29,621020,Dansby Swanson,CHC,30,,,,,0,0,0,0,0,0
2026,regular,2026-03-29,687231,Darell Hernaiz,ATH,30,,,,,0,0,0,0,0,0
2026,regular,2026-03-29,662139,Daulton Varsho,TOR,30,,,,,0,0,0,0,0,0
2026,regular,2026-03-29,681807,David Fry,CLE,30,,,,,0,0,0,0,0,0
2026,regular,2026-03-29,695734,Daylen Lile,WSN,30,,,,,0,0,0,0,0,0
2026,regular,2026-03-29,672016,Denzel Clarke,ATH,30,,,,,0,0,0,0,0,0
2026,regular,2026-03-29,656537,Derek Hill,CHW,30,,,,,0,0,0,0,0,0
2026,regular,2026-03-29,691277,Deyvison De Los Santos,MIA,30,,,,,0,0,0,0,0,0
2026,regular,2026-03-29,686527,Dominic Canzone,SEA,30,,,,,0,0,0,0,0,0
2026,regular,2026-03-29,642086,Dominic Smith,ATL,30,,,,,0,0,0,0,0,0
2026,regular,2026-03-29,686948,Drake Baldwin,ATL,30,,,,,0,0,0,0,0,0
2026,regular,2026-03-29,687637,Dylan Beavers,BAL,30,,,,,0,0,0,0,0,0
2026,regular,2026-03-29,664238,Dylan Moore,PHI,30,,,,,0,0,0,0,0,0
2026,regular,2026-03-29,700337,Edgar Quero,CHW,30,,,,,0,0,0,0,0,0
2026,regular,2026-03-29,624641,Edmundo Sosa,PHI,30,,,,,0,0,0,0,0,0
2026,regular,2026-03-29,682829,Elly De La Cruz,CIN,30,,,,,0,0,0,0,0,0
2026,regular,2026-03-29,676391,Ernie Clement,TOR,30,,,,,0,0,0,0,0,0
2026,regular,2026-03-29,553993,Eugenio Suárez,CIN,30,,,,,0,0,0,0,0,0
2026,regular,2026-03-29,694497,Evan Carter,TEX,30,,,,,0,0,0,0,0,0
2026,regular,2026-03-29,677592,Everson Pereira,CHW,30,,,,,0,0,0,0,0,0
2026,regular,2026-03-29,677649,Ezequiel Duran,TEX,30,,,,,0,0,0,0,0,0
2026,regular,2026-03-29,678662,Ezequiel Tovar,COL,30,,,,,0,0,0,0,0,0
2026,regular,2026-03-29,682626,Francisco Alvarez,NYM,30,,,,,0,0,0,0,0,0
2026,regular,2026-03-29,596019,Francisco Lindor,NYM,30,,,,,0,0,0,0,0,0
2026,regular,2026-03-29,672356,Gabriel Arias,CLE,30,,,,,0,0,0,0,0,0
2026,regular,2026-03-29,596142,Gary Sánchez,MIL,30,,,,,0,0,0,0,0,0
2026,regular,2026-03-29,543807,George Springer,TOR,30,,,,,0,0,0,0,0,0
2026,regular,2026-03-29,665052,Griffin Conine,MIA,30,,,,,0,0,0,0,0,0
2026,regular,2026-03-29,683002,Gunnar Henderson,BAL,30,,,,,0,0,0,0,0,0
2026,regular,2026-03-29,680779,Henry Davis,PIT,30,,,,,0,0,0,0,0,0
2026,regular,2026-03-29,681715,Heriberto Hernández,MIA,30,,,,,0,0,0,0,0,0
2026,regular,2026-03-29,676439,Hunter Feduccia,TBR,30,,,,,0,0,0,0,0,0
2026,regular,2026-03-29,696100,Hunter Goodman,COL,30,,,,,0,0,0,0,0,0
2026,regular,2026-03-29,664023,Ian Happ,CHC,30,,,,,0,0,0,0,0,0
2026,regular,2026-03-29,686555,Isaac Collins,KCR,30,,,,,0,0,0,0,0,0
2026,regular,2026-03-29,670623,Isaac Paredes,HOU,30,,,,,0,0,0,0,0,0
2026,regular,2026-03-29,671056,Iván Herrera,STL,30,,,,,0,0,0,0,0,0
2026,regular,2026-03-29,669372,J.T. Ginn,ATH,30,,,,,0,0,0,0,0,0
2026,regular,2026-03-29,592663,J.T. Realmuto,PHI,30,,,,,0,0,0,0,0,0
2026,regular,2026-03-29,695506,Jac Caglianone,KCR,30,,,,,0,0,0,0,0,0
2026,regular,2026-03-29,805779,Jacob Wilson,ATH,30,,,,,0,0,0,0,0,0
2026,regular,2026-03-29,696285,Jacob Young,WSN,30,,,,,0,0,0,0,0,0
2026,regular,2026-03-29,641343,Jake Bauers,MIL,30,,,,,0,0,0,0,0,0
2026,regular,2026-03-29,669394,Jake Burger,TEX,30,,,,,0,0,0,0,0,0
2026,regular,2026-03-29,663968,Jake Mangum,PIT,30,,,,,0,0,0,0,0,0
2026,regular,2026-03-29,664983,Jake McCarthy,COL,30,,,,,0,0,0,0,0,0
2026,regular,2026-03-29,676694,Jake Meyers,HOU,30,,,,,0,0,0,0,0,0
2026,regular,2026-03-29,805300,Jakob Marsee,MIA,30,,,,,0,0,0,0,0,0
2026,regular,2026-03-29,681546,James Outman,MIN,30,,,,,0,0,0,0,0,0
2026,regular,2026-03-29,695578,James Wood,WSN,30,,,,,0,0,0,0,0,0
2026,regular,2026-03-29,669707,Jared Triolo,PIT,30,,,,,0,0,0,0,0,0
2026,regular,2026-03-29,676724,Jared Young,NYM,30,,,,,0,0,0,0,0,0
2026,regular,2026-03-29,680776,Jarren Duran,BOS,30,,,,,0,0,0,0,0,0
2026,regular,2026-03-29,691594,Javier Sanoja,MIA,30,,,,,0,0,0,0,0,0
2026,regular,2026-03-29,691620,Jeferson Quero,MIL,30,,,,,0,0,0,0,0,0
2026,regular,2026-03-29,643446,Jeff McNeil,ATH,30,,,,,0,0,0,0,0,0
2026,regular,2026-03-29,600869,Jeimer Candelario,LAA,30,,,,,0,0,0,0,0,0
2026,regular,2026-03-29,669236,Jeremiah Jackson,BAL,30,,,,,0,0,0,0,0,0
2026,regular,2026-03-29,665161,Jeremy Peña,HOU,30,,,,,0,0,0,0,0,0
2026,regular,2026-03-29,660821,Jesús Sánchez,TOR,30,,,,,0,0,0,0,0,0
2026,regular,2026-03-29,802139,JJ Wetherholt,STL,30,,,,,0,0,0,0,0,0
2026,regular,2026-03-29,666176,Jo Adell,LAA,30,,,,,0,0,0,0,0,0
2026,regular,2026-03-29,694388,Joey Loperfido,HOU,30,,,,,0,0,0,0,0,0
2026,regular,2026-03-29,687401,Joey Ortiz,MIL,30,,,,,0,0,0,0,0,0
2026,regular,2026-03-29,686894,Joey Wiemer,WSN,30,,,,,0,0,0,0,0,0
2026,regular,2026-03-29,666018,Jonathan Aranda,TBR,30,,,,,0,0,0,0,0,0
2026,regular,2026-03-29,676356,Jonny DeLuca,TBR,30,,,,,0,0,0,0,0,0
2026,regular,2026-03-29,687597,Jordan Beck,COL,30,,,,,0,0,0,0,0,0
2026,regular,2026-03-29,691023,Jordan Walker,STL,30,,,,,0,0,0,0,0,0
2026,regular,2026-03-29,622761,Jorge Mateo,ATL,30,,,,,0,0,0,0,0,0
2026,regular,2026-03-29,593871,Jorge Polanco,NYM,30,,,,,0,0,0,0,0,0
2026,regular,2026-03-29,624585,Jorge Soler,LAA,30,,,,,0,0,0,0,0,0
2026,regular,2026-03-29,514888,Jose Altuve,HOU,30,,,,,0,0,0,0,0,0
2026,regular,2026-03-29,605137,Josh Bell,MIN,30,,,,,0,0,0,0,0,0
2026,regular,2026-03-29,673962,Josh Jung,TEX,30,,,,,0,0,0,0,0,0
2026,regular,2026-03-29,666139,Josh Lowe,LAA,30,,,,,0,0,0,0,0,0
2026,regular,2026-03-29,647304,Josh Naylor,SEA,30,,,,,0,0,0,0,0,0
2026,regular,2026-03-29,608070,José Ramírez,CLE,30,,,,,0,0,0,0,0,0
2026,regular,2026-03-29,665742,Juan Soto,NYM,30,,,,,0,0,0,0,0,0
2026,regular,2026-03-29,677594,Julio Rodríguez,SEA,30,,,,,0,0,0,0,0,0
2026,regular,2026-03-29,691406,Junior Caminero,TBR,30,,,,,0,0,0,0,0,0
2026,regular,2026-03-29,702222,Justin Crawford,PHI,30,,,,,0,0,0,0,0,0
2026,regular,2026-03-29,672960,Kazuma Okamoto,TOR,30,,,,,0,0,0,0,0,0
2026,regular,2026-03-29,663647,Ke'Bryan Hayes,CIN,30,,,,,0,0,0,0,0,0
2026,regular,2026-03-29,660688,Keibert Ruiz,WSN,30,,,,,0,0,0,0,0,0
2026,regular,2026-03-29,665019,Kody Clemens,MIN,30,,,,,0,0,0,0,0,0
2026,regular,2026-03-29,571657,Kyle Farmer,ATL,30,,,,,0,0,0,0,0,0
2026,regular,2026-03-29,543309,Kyle Higashioka,TEX,30,,,,,0,0,0,0,0,0
2026,regular,2026-03-29,664728,Kyle Isbel,KCR,30,,,,,0,0,0,0,0,0
2026,regular,2026-03-29,691720,Kyle Karros,COL,30,,,,,0,0,0,0,0,0
2026,regular,2026-03-29,700932,Kyle Manzardo,CLE,30,,,,,0,0,0,0,0,0
2026,regular,2026-03-29,656941,Kyle Schwarber,PHI,30,,,,,0,0,0,0,0,0
2026,regular,2026-03-29,657041,Lane Thomas,KCR,30,,,,,0,0,0,0,0,0
2026,regular,2026-03-29,671732,Lawrence Butler,ATH,30,,,,,0,0,0,0,0,0
2026,regular,2026-03-29,660844,Leo Rivas,SEA,30,,,,,0,0,0,0,0,0
2026,regular,2026-03-29,665750,Leody Taveras,BAL,30,,,,,0,0,0,0,0,0
2026,regular,2026-03-29,689414,Liam Hicks,MIA,30,,,,,0,0,0,0,0,0
2026,regular,2026-03-29,681351,Logan O'Hoppe,LAA,30,,,,,0,0,0,0,0,0
2026,regular,2026-03-29,671277,Luis García Jr.,WSN,30,,,,,0,0,0,0,0,0
2026,regular,2026-03-29,650859,Luis Rengifo,MIL,30,,,,,0,0,0,0,0,0
2026,regular,2026-03-29,673357,Luis Robert Jr.,NYM,30,,,,,0,0,0,0,0,0
2026,regular,2026-03-29,620443,Luis Torrens,NYM,30,,,,,0,0,0,0,0,0
2026,regular,2026-03-29,807712,Luke Keaschall,MIN,30,,,,,0,0,0,0,0,0
2026,regular,2026-03-29,670042,Luke Raley,SEA,30,,,,,0,0,0,0,0,0
2026,regular,2026-03-29,672580,Maikel Garcia,KCR,30,,,,,0,0,0,0,0,0
2026,regular,2026-03-29,691785,Marcelo Mayer,BOS,30,,,,,0,0,0,0,0,0
2026,regular,2026-03-29,543760,Marcus Semien,NYM,30,,,,,0,0,0,0,0,0
2026,regular,2026-03-29,807799,Masataka Yoshida,BOS,30,,,,,0,0,0,0,0,0
2026,regular,2026-03-29,691026,Masyn Winn,STL,30,,,,,0,0,0,0,0,0
2026,regular,2026-03-29,680574,Matt McLain,CIN,30,,,,,0,0,0,0,0,0
2026,regular,2026-03-29,621566,Matt Olson,ATL,30,,,,,0,0,0,0,0,0
2026,regular,2026-03-29,670242,Matt Wallner,MIN,30,,,,,0,0,0,0,0,0
2026,regular,2026-03-29,691777,Max Muncy,ATH,30,,,,,0,0,0,0,0,0
2026,regular,2026-03-29,683737,Michael Busch,CHC,30,,,,,0,0,0,0,0,0
2026,regular,2026-03-29,624424,Michael Conforto,CHC,30,,,,,0,0,0,0,0,0
2026,regular,2026-03-29,671739,Michael Harris II,ATL,30,,,,,0,0,0,0,0,0
2026,regular,2026-03-29,678246,Miguel Vargas,CHW,30,,,,,0,0,0,0,0,0
2026,regular,2026-03-29,545361,Mike Trout,LAA,30,,,,,0,0,0,0,0,0
2026,regular,2026-03-29,573262,Mike Yastrzemski,ATL,30,,,,,0,0,0,0,0,0
2026,regular,2026-03-29,694208,Moisés Ballesteros,CHC,30,,,,,0,0,0,0,0,0
2026,regular,2026-03-29,808959,Munetaka Murakami,CHW,30,,,,,0,0,0,0,0,0
2026,regular,2026-03-29,664702,Myles Straw,TOR,30,,,,,0,0,0,0,0,0
2026,regular,2026-03-29,683083,Nasim Nuñez,WSN,30,,,,,0,0,0,0,0,0
2026,regular,2026-03-29,669397,Nick Allen,HOU,30,,,,,0,0,0,0,0,0
2026,regular,2026-03-29,663743,Nick Fortes,TBR,30,,,,,0,0,0,0,0,0
2026,regular,2026-03-29,693304,Nick Gonzales,PIT,30,,,,,0,0,0,0,0,0
2026,regular,2026-03-29,701762,Nick Kurtz,ATH,30,,,,,0,0,0,0,0,0
2026,regular,2026-03-29,679845,Nick Loftin,KCR,30,,,,,0,0,0,0,0,0
2026,regular,2026-03-29,694377,Nick Yorke,PIT,30,,,,,0,0,0,0,0,0
2026,regular,2026-03-29,663538,Nico Hoerner,CHC,30,,,,,0,0,0,0,0,0
2026,regular,2026-03-29,682622,Noelvi Marte,CIN,30,,,,,0,0,0,0,0,0
2026,regular,2026-03-29,669357,Nolan Gorman,STL,30,,,,,0,0,0,0,0,0
2026,regular,2026-03-29,694384,Nolan Schanuel,LAA,30,,,,,0,0,0,0,0,0
2026,regular,2026-03-29,665833,Oneil Cruz,PIT,30,,,,,0,0,0,0,0,0
2026,regular,2026-03-29,805249,Otto Kemp,PHI,30,,,,,0,0,0,0,0,0
2026,regular,2026-03-29,672640,Otto Lopez,MIA,30,,,,,0,0,0,0,0,0
2026,regular,2026-03-29,683357,Owen Caissie,MIA,30,,,,,0,0,0,0,0,0
2026,regular,2026-03-29,645277,Ozzie Albies,ATL,30,,,,,0,0,0,0,0,0
2026,regular,2026-03-29,686780,Pedro Pagés,STL,30,,,,,0,0,0,0,0,0
2026,regular,2026-03-29,624413,Pete Alonso,BAL,30,,,,,0,0,0,0,0,0
2026,regular,2026-03-29,691718,Pete Crow-Armstrong,CHC,30,,,,,0,0,0,0,0,0
2026,regular,2026-03-29,602104,Ramón Urías,STL,30,,,,,0,0,0,0,0,0
2026,regular,2026-03-29,668227,Randy Arozarena,SEA,30,,,,,0,0,0,0,0,0
2026,regular,2026-03-29,680700,Richie Palacios,TBR,30,,,,,0,0,0,0,0,0
2026,regular,2026-03-29,701350,Roman Anthony,BOS,30,,,,,0,0,0,0,0,0
2026,regular,2026-03-29,660670,Ronald Acuña Jr.,ATL,30,,,,,0,0,0,0,0,0
2026,regular,2026-03-29,668904,Royce Lewis,MIN,30,,,,,0,0,0,0,0,0
2026,regular,2026-03-29,663624,Ryan Mountcastle,BAL,30,,,,,0,0,0,0,0,0
2026,regular,2026-03-29,656811,Ryan O'Hearn,PIT,30,,,,,0,0,0,0,0,0
2026,regular,2026-03-29,690022,Ryan Ritter,COL,30,,,,,0,0,0,0,0,0
2026,regular,2026-03-29,686217,Sal Frelick,MIL,30,,,,,0,0,0,0,0,0
2026,regular,2026-03-29,701398,Sal Stewart,CIN,30,,,,,0,0,0,0,0,0
2026,regular,2026-03-29,521692,Salvador Perez,KCR,30,,,,,0,0,0,0,0,0
2026,regular,2026-03-29,664059,Sam Haggerty,TEX,30,,,,,0,0,0,0,0,0
2026,regular,2026-03-29,694212,Samuel Basallo,BAL,30,,,,,0,0,0,0,0,0
2026,regular,2026-03-29,669127,Shea Langeliers,ATH,30,,,,,0,0,0,0,0,0
2026,regular,2026-03-29,687462,Spencer Horwitz,PIT,30,,,,,0,0,0,0,0,0
2026,regular,2026-03-29,668715,Spencer Steer,CIN,30,,,,,0,0,0,0,0,0
2026,regular,2026-03-29,680757,Steven Kwan,CLE,30,,,,,0,0,0,0,0,0
2026,regular,2026-03-29,621493,Taylor Ward,BAL,30,,,,,0,0,0,0,0,0
2026,regular,2026-03-29,695336,Thomas Saggese,STL,30,,,,,0,0,0,0,0,0
2026,regular,2026-03-29,670770,TJ Friedl,CIN,30,,,,,0,0,0,0,0,0
2026,regular,2026-03-29,681198,TJ Rumfield,COL,30,,,,,0,0,0,0,0,0
2026,regular,2026-03-29,518595,Travis d'Arnaud,LAA,30,,,,,0,0,0,0,0,0
2026,regular,2026-03-29,607208,Trea Turner,PHI,30,,,,,0,0,0,0,0,0
2026,regular,2026-03-29,663616,Trevor Larnach,MIN,30,,,,,0,0,0,0,0,0
2026,regular,2026-03-29,656730,Trevor Megill,MIL,30,,,,,0,0,0,0,0,0
2026,regular,2026-03-29,596115,Trevor Story,BOS,30,,,,,0,0,0,0,0,0
2026,regular,2026-03-29,656484,Tristan Gray,MIN,30,,,,,0,0,0,0,0,0
2026,regular,2026-03-29,671976,Tristan Peters,CHW,30,,,,,0,0,0,0,0,0
2026,regular,2026-03-29,687859,Troy Johnston,COL,30,,,,,0,0,0,0,0,0
2026,regular,2026-03-29,623168,Tyler Heineman,TOR,30,,,,,0,0,0,0,0,0
2026,regular,2026-03-29,641933,Tyler O'Neill,BAL,30,,,,,0,0,0,0,0,0
2026,regular,2026-03-29,691016,Tyler Soderstrom,ATH,30,,,,,0,0,0,0,0,0
2026,regular,2026-03-29,663886,Tyler Stephenson,CIN,30,,,,,0,0,0,0,0,0
2026,regular,2026-03-29,605170,Victor Caratini,MIN,30,,,,,0,0,0,0,0,0
2026,regular,2026-03-29,687363,Victor Scott II,STL,30,,,,,0,0,0,0,0,0
2026,regular,2026-03-29,686469,Vinnie Pasquantino,KCR,30,,,,,0,0,0,0,0,0
2026,regular,2026-03-29,665489,Vladimir Guerrero Jr.,TOR,30,,,,,0,0,0,0,0,0
2026,regular,2026-03-29,650489,Willi Castro,COL,30,,,,,0,0,0,0,0,0
2026,regular,2026-03-29,661388,William Contreras,MIL,30,,,,,0,0,0,0,0,0
2026,regular,2026-03-29,575929,Willson Contreras,BOS,30,,,,,0,0,0,0,0,0
2026,regular,2026-03-29,677800,Wilyer Abreu,BOS,30,,,,,0,0,0,0,0,0
2026,regular,2026-03-29,694671,Wyatt Langford,TEX,30,,,,,0,0,0,0,0,0
2026,regular,2026-03-29,669364,Xavier Edwards,MIA,30,,,,,0,0,0,0,0,0
2026,regular,2026-03-29,650490,Yandy Díaz,TBR,30,,,,,0,0,0,0,0,0
2026,regular,2026-03-29,670541,Yordan Alvarez,HOU,30,,,,,0,0,0,0,0,0
2026,regular,2026-03-29,660162,Yoán Moncada,LAA,30,,,,,0,0,0,0,0,0
2026,regular,2026-03-29,687263,Zach Neto,LAA,30,,,,,0,0,0,0,0,0
2026,regular,2026-03-30,592450,Aaron Judge,NYY,30,,,,,0,0,0,0,0,0
2026,regular,2026-03-30,680718,Addison Barger,TOR,30,,,,,0,0,0,0,0,0
2026,regular,2026-03-30,668939,Adley Rutschman,BAL,30,,,,,0,0,0,0,0,0
2026,regular,2026-03-30,666969,Adolis García,PHI,30,,,,,0,0,0,0,0,0
2026,regular,2026-03-30,682663,Agustín Ramírez,MIA,30,,,,,0,0,0,0,0,0
2026,regular,2026-03-30,664761,Alec Bohm,PHI,30,,,,,0,0,0,0,0,0
2026,regular,2026-03-30,676475,Alec Burleson,STL,30,,,,,0,0,0,0,0,0
2026,regular,2026-03-30,672386,Alejandro Kirk,TOR,30,,,,,0,0,0,0,0,0
2026,regular,2026-03-30,677950,Alek Thomas,ARI,30,,,,,0,0,0,0,0,0
2026,regular,2026-03-30,608324,Alex Bregman,CHC,30,,,,,0,0,0,0,0,0
2026,regular,2026-03-30,642708,Amed Rosario,NYY,30,,,,,0,0,0,0,0,0
2026,regular,2026-03-30,457705,Andrew McCutchen,TEX,30,,,,,0,0,0,0,0,0
2026,regular,2026-03-30,665926,Andrés Giménez,TOR,30,,,,,0,0,0,0,0,0
2026,regular,2026-03-30,628451,Andy Ibáñez,ATH,30,,,,,0,0,0,0,0,0
2026,regular,2026-03-30,681624,Andy Pages,LAD,30,,,,,0,0,0,0,0,0
2026,regular,2026-03-30,682657,Angel Martínez,CLE,30,,,,,0,0,0,0,0,0
2026,regular,2026-03-30,669720,Austin Hays,CHW,30,,,,,0,0,0,0,0,0
2026,regular,2026-03-30,595978,Austin Hedges,CLE,30,,,,,0,0,0,0,0,0
2026,regular,2026-03-30,668885,Austin Martin,MIN,30,,,,,0,0,0,0,0,0
2026,regular,2026-03-30,663586,Austin Riley,ATL,30,,,,,0,0,0,0,0,0
2026,regular,2026-03-30,596103,Austin Slater,MIA,30,,,,,0,0,0,0,0,0
2026,regular,2026-03-30,669224,Austin Wells,NYY,30,,,,,0,0,0,0,0,0
2026,regular,2026-03-30,700250,Ben Rice,NYY,30,,,,,0,0,0,0,0,0
2026,regular,2026-03-30,810938,Ben Williamson,TBR,30,,,,,0,0,0,0,0,0
2026,regular,2026-03-30,695257,Billy Cook,PIT,30,,,,,0,0,0,0,0,0
2026,regular,2026-03-30,663368,Blake Perkins,MIL,30,,,,,0,0,0,0,0,0
2026,regular,2026-03-30,677942,Blaze Alexander,BAL,30,,,,,0,0,0,0,0,0
2026,regular,2026-03-30,666182,Bo Bichette,NYM,30,,,,,0,0,0,0,0,0
2026,regular,2026-03-30,677951,Bobby Witt Jr.,KCR,30,,,,,0,0,0,0,0,0
2026,regular,2026-03-30,691781,Brady House,WSN,30,,,,,0,0,0,0,0,0
2026,regular,2026-03-30,663604,Brandon Lockridge,MIL,30,,,,,0,0,0,0,0,0
2026,regular,2026-03-30,664040,Brandon Lowe,PIT,30,,,,,0,0,0,0,0,0
2026,regular,2026-03-30,669016,Brandon Marsh,PHI,30,,,,,0,0,0,0,0,0
2026,regular,2026-03-30,607043,Brandon Nimmo,TEX,30,,,,,0,0,0,0,0,0
2026,regular,2026-03-30,690924,Braxton Fulford,COL,30,,,,,0,0,0,0,0,0
2026,regular,2026-03-30,677587,Brayan Rocchio,CLE,30,,,,,0,0,0,0,0,0
2026,regular,2026-03-30,680977,Brendan Donovan,SEA,30,,,,,0,0,0,0,0,0
2026,regular,2026-03-30,667670,Brent Rooker,ATH,30,,,,,0,0,0,0,0,0
2026,regular,2026-03-30,686668,Brenton Doyle,COL,30,,,,,0,0,0,0,0,0
2026,regular,2026-03-30,683146,Brett Baty,NYM,30,,,,,0,0,0,0,0,0
2026,regular,2026-03-30,664954,Brett Sullivan,COL,30,,,,,0,0,0,0,0,0
2026,regular,2026-03-30,694728,Brice Matthews,HOU,30,,,,,0,0,0,0,0,0
2026,regular,2026-03-30,668930,Brice Turang,MIL,30,,,,,0,0,0,0,0,0
2026,regular,2026-03-30,686797,Brooks Lee,MIN,30,,,,,0,0,0,0,0,0
2026,regular,2026-03-30,668804,Bryan Reynolds,PIT,30,,,,,0,0,0,0,0,0
2026,regular,2026-03-30,547180,Bryce Harper,PHI,30,,,,,0,0,0,0,0,0
2026,regular,2026-03-30,669369,Bryce Johnson,SDP,30,,,,,0,0,0,0,0,0
2026,regular,2026-03-30,621439,Byron Buxton,MIN,30,,,,,0,0,0,0,0,0
2026,regular,2026-03-30,663728,Cal Raleigh,SEA,30,,,,,0,0,0,0,0,0
2026,regular,2026-03-30,702332,Caleb Durbin,BOS,30,,,,,0,0,0,0,0,0
2026,regular,2026-03-30,701358,Cam Smith,HOU,30,,,,,0,0,0,0,0,0
2026,regular,2026-03-30,621043,Carlos Correa,HOU,30,,,,,0,0,0,0,0,0
2026,regular,2026-03-30,666126,Carlos Cortes,ATH,30,,,,,0,0,0,0,0,0
2026,regular,2026-03-30,665966,Carlos Narváez,BOS,30,,,,,0,0,0,0,0,0
2026,regular,2026-03-30,467793,Carlos Santana,ARI,30,,,,,0,0,0,0,0,0
2026,regular,2026-03-30,701807,Carson Benge,NYM,30,,,,,0,0,0,0,0,0
2026,regular,2026-03-30,608348,Carson Kelly,CHC,30,,,,,0,0,0,0,0,0
2026,regular,2026-03-30,700246,Carson Williams,TBR,30,,,,,0,0,0,0,0,0
2026,regular,2026-03-30,695600,Carter Jensen,KCR,30,,,,,0,0,0,0,0,0
2026,regular,2026-03-30,669477,Casey Schmitt,SFG,30,,,,,0,0,0,0,0,0
2026,regular,2026-03-30,678882,Ceddanne Rafaela,BOS,30,,,,,0,0,0,0,0,0
2026,regular,2026-03-30,656775,Cedric Mullins,TBR,30,,,,,0,0,0,0,0,0
2026,regular,2026-03-30,802415,Chandler Simpson,TBR,30,,,,,0,0,0,0,0,0
2026,regular,2026-03-30,800050,Chase DeLauter,CLE,30,,,,,0,0,0,0,0,0
2026,regular,2026-03-30,572233,Christian Walker,HOU,30,,,,,0,0,0,0,0,0
2026,regular,2026-03-30,592885,Christian Yelich,MIL,30,,,,,0,0,0,0,0,0
2026,regular,2026-03-30,682928,CJ Abrams,WSN,30,,,,,0,0,0,0,0,0
2026,regular,2026-03-30,691723,Coby Mayo,BAL,30,,,,,0,0,0,0,0,0
2026,regular,2026-03-30,641355,Cody Bellinger,NYY,30,,,,,0,0,0,0,0,0
2026,regular,2026-03-30,702284,Cole Young,SEA,30,,,,,0,0,0,0,0,0
2026,regular,2026-03-30,695657,Colson Montgomery,CHW,30,,,,,0,0,0,0,0,0
2026,regular,2026-03-30,690993,Colt Keith,DET,30,,,,,0,0,0,0,0,0
2026,regular,2026-03-30,681297,Colton Cowser,BAL,30,,,,,0,0,0,0,0,0
2026,regular,2026-03-30,681393,Connor Norby,MIA,30,,,,,0,0,0,0,0,0
2026,regular,2026-03-30,682998,Corbin Carroll,ARI,30,,,,,0,0,0,0,0,0
2026,regular,2026-03-30,608369,Corey Seager,TEX,30,,,,,0,0,0,0,0,0
2026,regular,2026-03-30,687221,Dalton Rushing,LAD,30,,,,,0,0,0,0,0,0
2026,regular,2026-03-30,667472,Dane Myers,CIN,30,,,,,0,0,0,0,0,0
2026,regular,2026-03-30,682177,Daniel Schneemann,CLE,30,,,,,0,0,0,0,0,0
2026,regular,2026-03-30,621020,Dansby Swanson,CHC,30,,,,,0,0,0,0,0,0
2026,regular,2026-03-30,662139,Daulton Varsho,TOR,30,,,,,0,0,0,0,0,0
2026,regular,2026-03-30,666152,David Hamilton,MIL,30,,,,,0,0,0,0,0,0
2026,regular,2026-03-30,676914,Davis Schneider,TOR,30,,,,,0,0,0,0,0,0
2026,regular,2026-03-30,695734,Daylen Lile,WSN,30,,,,,0,0,0,0,0,0
2026,regular,2026-03-30,656537,Derek Hill,CHW,30,,,,,0,0,0,0,0,0
2026,regular,2026-03-30,693307,Dillon Dingler,DET,30,,,,,0,0,0,0,0,0
2026,regular,2026-03-30,686527,Dominic Canzone,SEA,30,,,,,0,0,0,0,0,0
2026,regular,2026-03-30,686948,Drake Baldwin,ATL,30,,,,,0,0,0,0,0,0
2026,regular,2026-03-30,686452,Drew Millas,WSN,30,,,,,0,0,0,0,0,0
2026,regular,2026-03-30,687637,Dylan Beavers,BAL,30,,,,,0,0,0,0,0,0
2026,regular,2026-03-30,700337,Edgar Quero,CHW,30,,,,,0,0,0,0,0,0
2026,regular,2026-03-30,624641,Edmundo Sosa,PHI,30,,,,,0,0,0,0,0,0
2026,regular,2026-03-30,666397,Edouard Julien,COL,30,,,,,0,0,0,0,0,0
2026,regular,2026-03-30,642201,Eli White,ATL,30,,,,,0,0,0,0,0,0
2026,regular,2026-03-30,682829,Elly De La Cruz,CIN,30,,,,,0,0,0,0,0,0
2026,regular,2026-03-30,676391,Ernie Clement,TOR,30,,,,,0,0,0,0,0,0
2026,regular,2026-03-30,553993,Eugenio Suárez,CIN,30,,,,,0,0,0,0,0,0
2026,regular,2026-03-30,694497,Evan Carter,TEX,30,,,,,0,0,0,0,0,0
2026,regular,2026-03-30,677592,Everson Pereira,CHW,30,,,,,0,0,0,0,0,0
2026,regular,2026-03-30,678662,Ezequiel Tovar,COL,30,,,,,0,0,0,0,0,0
2026,regular,2026-03-30,665487,Fernando Tatis Jr.,SDP,30,,,,,0,0,0,0,0,0
2026,regular,2026-03-30,682626,Francisco Alvarez,NYM,30,,,,,0,0,0,0,0,0
2026,regular,2026-03-30,596019,Francisco Lindor,NYM,30,,,,,0,0,0,0,0,0
2026,regular,2026-03-30,518692,Freddie Freeman,LAD,30,,,,,0,0,0,0,0,0
2026,regular,2026-03-30,666023,Freddy Fermin,SDP,30,,,,,0,0,0,0,0,0
2026,regular,2026-03-30,672356,Gabriel Arias,CLE,30,,,,,0,0,0,0,0,0
2026,regular,2026-03-30,672515,Gabriel Moreno,ARI,30,,,,,0,0,0,0,0,0
2026,regular,2026-03-30,669003,Garrett Mitchell,MIL,30,,,,,0,0,0,0,0,0
2026,regular,2026-03-30,596142,Gary Sánchez,MIL,30,,,,,0,0,0,0,0,0
2026,regular,2026-03-30,657757,Gavin Sheets,SDP,30,,,,,0,0,0,0,0,0
2026,regular,2026-03-30,543807,George Springer,TOR,30,,,,,0,0,0,0,0,0
2026,regular,2026-03-30,672695,Geraldo Perdomo,ARI,30,,,,,0,0,0,0,0,0
2026,regular,2026-03-30,519317,Giancarlo Stanton,NYY,30,,,,,0,0,0,0,0,0
2026,regular,2026-03-30,650402,Gleyber Torres,DET,30,,,,,0,0,0,0,0,0
2026,regular,2026-03-30,688363,Graham Pauley,MIA,30,,,,,0,0,0,0,0,0
2026,regular,2026-03-30,665052,Griffin Conine,MIA,30,,,,,0,0,0,0,0,0
2026,regular,2026-03-30,683002,Gunnar Henderson,BAL,30,,,,,0,0,0,0,0,0
2026,regular,2026-03-30,664056,Harrison Bader,SFG,30,,,,,0,0,0,0,0,0
2026,regular,2026-03-30,671218,Heliot Ramos,SFG,30,,,,,0,0,0,0,0,0
2026,regular,2026-03-30,680779,Henry Davis,PIT,30,,,,,0,0,0,0,0,0
2026,regular,2026-03-30,681715,Heriberto Hernández,MIA,30,,,,,0,0,0,0,0,0
2026,regular,2026-03-30,696100,Hunter Goodman,COL,30,,,,,0,0,0,0,0,0
2026,regular,2026-03-30,664023,Ian Happ,CHC,30,,,,,0,0,0,0,0,0
2026,regular,2026-03-30,545121,Ildemaro Vargas,ARI,30,,,,,0,0,0,0,0,0
2026,regular,2026-03-30,686555,Isaac Collins,KCR,30,,,,,0,0,0,0,0,0
2026,regular,2026-03-30,670623,Isaac Paredes,HOU,30,,,,,0,0,0,0,0,0
2026,regular,2026-03-30,643396,Isiah Kiner-Falefa,BOS,30,,,,,0,0,0,0,0,0
2026,regular,2026-03-30,671056,Iván Herrera,STL,30,,,,,0,0,0,0,0,0
2026,regular,2026-03-30,695506,Jac Caglianone,KCR,30,,,,,0,0,0,0,0,0
2026,regular,2026-03-30,701538,Jackson Merrill,SDP,30,,,,,0,0,0,0,0,0
2026,regular,2026-03-30,805779,Jacob Wilson,ATH,30,,,,,0,0,0,0,0,0
2026,regular,2026-03-30,641343,Jake Bauers,MIL,30,,,,,0,0,0,0,0,0
2026,regular,2026-03-30,669394,Jake Burger,TEX,30,,,,,0,0,0,0,0,0
2026,regular,2026-03-30,630105,Jake Cronenworth,SDP,30,,,,,0,0,0,0,0,0
2026,regular,2026-03-30,664983,Jake McCarthy,COL,30,,,,,0,0,0,0,0,0
2026,regular,2026-03-30,676694,Jake Meyers,HOU,30,,,,,0,0,0,0,0,0
2026,regular,2026-03-30,805300,Jakob Marsee,MIA,30,,,,,0,0,0,0,0,0
2026,regular,2026-03-30,681546,James Outman,MIN,30,,,,,0,0,0,0,0,0
2026,regular,2026-03-30,695578,James Wood,WSN,30,,,,,0,0,0,0,0,0
2026,regular,2026-03-30,669707,Jared Triolo,PIT,30,,,,,0,0,0,0,0,0
2026,regular,2026-03-30,676724,Jared Young,NYM,30,,,,,0,0,0,0,0,0
2026,regular,2026-03-30,680776,Jarren Duran,BOS,30,,,,,0,0,0,0,0,0
2026,regular,2026-03-30,595879,Javier Báez,DET,30,,,,,0,0,0,0,0,0
2026,regular,2026-03-30,691594,Javier Sanoja,MIA,30,,,,,0,0,0,0,0,0
2026,regular,2026-03-30,665862,Jazz Chisholm Jr.,NYY,30,,,,,0,0,0,0,0,0
2026,regular,2026-03-30,643446,Jeff McNeil,ATH,30,,,,,0,0,0,0,0,0
2026,regular,2026-03-30,669236,Jeremiah Jackson,BAL,30,,,,,0,0,0,0,0,0
2026,regular,2026-03-30,660821,Jesús Sánchez,TOR,30,,,,,0,0,0,0,0,0
2026,regular,2026-03-30,802139,JJ Wetherholt,STL,30,,,,,0,0,0,0,0,0
2026,regular,2026-03-30,666176,Jo Adell,LAA,30,,,,,0,0,0,0,0,0
2026,regular,2026-03-30,592626,Joc Pederson,TEX,30,,,,,0,0,0,0,0,0
2026,regular,2026-03-30,686894,Joey Wiemer,WSN,30,,,,,0,0,0,0,0,0
2026,regular,2026-03-30,641680,Jonah Heim,ATL,30,,,,,0,0,0,0,0,0
2026,regular,2026-03-30,666018,Jonathan Aranda,TBR,30,,,,,0,0,0,0,0,0
2026,regular,2026-03-30,663697,Jonathan India,KCR,30,,,,,0,0,0,0,0,0
2026,regular,2026-03-30,676356,Jonny DeLuca,TBR,30,,,,,0,0,0,0,0,0
2026,regular,2026-03-30,678391,Jorbit Vivas,WSN,30,,,,,0,0,0,0,0,0
2026,regular,2026-03-30,687597,Jordan Beck,COL,30,,,,,0,0,0,0,0,0
2026,regular,2026-03-30,691783,Jordan Lawlar,ARI,30,,,,,0,0,0,0,0,0
2026,regular,2026-03-30,691023,Jordan Walker,STL,30,,,,,0,0,0,0,0,0
2026,regular,2026-03-30,593871,Jorge Polanco,NYM,30,,,,,0,0,0,0,0,0
2026,regular,2026-03-30,624585,Jorge Soler,LAA,30,,,,,0,0,0,0,0,0
2026,regular,2026-03-30,514888,Jose Altuve,HOU,30,,,,,0,0,0,0,0,0
2026,regular,2026-03-30,605137,Josh Bell,MIN,30,,,,,0,0,0,0,0,0
2026,regular,2026-03-30,673962,Josh Jung,TEX,30,,,,,0,0,0,0,0,0
2026,regular,2026-03-30,666139,Josh Lowe,LAA,30,,,,,0,0,0,0,0,0
2026,regular,2026-03-30,647304,Josh Naylor,SEA,30,,,,,0,0,0,0,0,0
2026,regular,2026-03-30,669701,Josh Smith,TEX,30,,,,,0,0,0,0,0,0
2026,regular,2026-03-30,676609,José Caballero,NYY,30,,,,,0,0,0,0,0,0
2026,regular,2026-03-30,608070,José Ramírez,CLE,30,,,,,0,0,0,0,0,0
2026,regular,2026-03-30,677588,José Tena,WSN,30,,,,,0,0,0,0,0,0
2026,regular,2026-03-30,665742,Juan Soto,NYM,30,,,,,0,0,0,0,0,0
2026,regular,2026-03-30,677594,Julio Rodríguez,SEA,30,,,,,0,0,0,0,0,0
2026,regular,2026-03-30,808982,Jung Hoo Lee,SFG,30,,,,,0,0,0,0,0,0
2026,regular,2026-03-30,691406,Junior Caminero,TBR,30,,,,,0,0,0,0,0,0
2026,regular,2026-03-30,672960,Kazuma Okamoto,TOR,30,,,,,0,0,0,0,0,0
2026,regular,2026-03-30,663647,Ke'Bryan Hayes,CIN,30,,,,,0,0,0,0,0,0
2026,regular,2026-03-30,681481,Kerry Carpenter,DET,30,,,,,0,0,0,0,0,0
2026,regular,2026-03-30,606466,Ketel Marte,ARI,30,,,,,0,0,0,0,0,0
2026,regular,2026-03-30,805808,Kevin McGonigle,DET,30,,,,,0,0,0,0,0,0
2026,regular,2026-03-30,543309,Kyle Higashioka,TEX,30,,,,,0,0,0,0,0,0
2026,regular,2026-03-30,664728,Kyle Isbel,KCR,30,,,,,0,0,0,0,0,0
2026,regular,2026-03-30,691720,Kyle Karros,COL,30,,,,,0,0,0,0,0,0
2026,regular,2026-03-30,700932,Kyle Manzardo,CLE,30,,,,,0,0,0,0,0,0
2026,regular,2026-03-30,656941,Kyle Schwarber,PHI,30,,,,,0,0,0,0,0,0
2026,regular,2026-03-30,663656,Kyle Tucker,LAD,30,,,,,0,0,0,0,0,0
2026,regular,2026-03-30,657041,Lane Thomas,KCR,30,,,,,0,0,0,0,0,0
2026,regular,2026-03-30,671732,Lawrence Butler,ATH,30,,,,,0,0,0,0,0,0
2026,regular,2026-03-30,672820,Lenyn Sosa,CHW,30,,,,,0,0,0,0,0,0
2026,regular,2026-03-30,660844,Leo Rivas,SEA,30,,,,,0,0,0,0,0,0
2026,regular,2026-03-30,689414,Liam Hicks,MIA,30,,,,,0,0,0,0,0,0
2026,regular,2026-03-30,681351,Logan O'Hoppe,LAA,30,,,,,0,0,0,0,0,0
2026,regular,2026-03-30,650333,Luis Arraez,SFG,30,,,,,0,0,0,0,0,0
2026,regular,2026-03-30,669134,Luis Campusano,SDP,30,,,,,0,0,0,0,0,0
2026,regular,2026-03-30,671277,Luis García Jr.,WSN,30,,,,,0,0,0,0,0,0
2026,regular,2026-03-30,650859,Luis Rengifo,MIL,30,,,,,0,0,0,0,0,0
2026,regular,2026-03-30,673357,Luis Robert Jr.,NYM,30,,,,,0,0,0,0,0,0
2026,regular,2026-03-30,682668,Luisangel Acuña,CHW,30,,,,,0,0,0,0,0,0
2026,regular,2026-03-30,807712,Luke Keaschall,MIN,30,,,,,0,0,0,0,0,0
2026,regular,2026-03-30,672580,Maikel Garcia,KCR,30,,,,,0,0,0,0,0,0
2026,regular,2026-03-30,592518,Manny Machado,SDP,30,,,,,0,0,0,0,0,0
2026,regular,2026-03-30,542303,Marcell Ozuna,PIT,30,,,,,0,0,0,0,0,0
2026,regular,2026-03-30,691785,Marcelo Mayer,BOS,30,,,,,0,0,0,0,0,0
2026,regular,2026-03-30,543760,Marcus Semien,NYM,30,,,,,0,0,0,0,0,0
2026,regular,2026-03-30,807799,Masataka Yoshida,BOS,30,,,,,0,0,0,0,0,0
2026,regular,2026-03-30,691026,Masyn Winn,STL,30,,,,,0,0,0,0,0,0
2026,regular,2026-03-30,656305,Matt Chapman,SFG,30,,,,,0,0,0,0,0,0
2026,regular,2026-03-30,680574,Matt McLain,CIN,30,,,,,0,0,0,0,0,0
2026,regular,2026-03-30,621566,Matt Olson,ATL,30,,,,,0,0,0,0,0,0
2026,regular,2026-03-30,807713,Matt Shaw,CHC,30,,,,,0,0,0,0,0,0
2026,regular,2026-03-30,670242,Matt Wallner,MIN,30,,,,,0,0,0,0,0,0
2026,regular,2026-03-30,643289,Mauricio Dubón,ATL,30,,,,,0,0,0,0,0,0
2026,regular,2026-03-30,691777,Max Muncy,ATH,30,,,,,0,0,0,0,0,0
2026,regular,2026-03-30,571970,Max Muncy,LAD,30,,,,,0,0,0,0,0,0
2026,regular,2026-03-30,683737,Michael Busch,CHC,30,,,,,0,0,0,0,0,0
2026,regular,2026-03-30,624424,Michael Conforto,CHC,30,,,,,0,0,0,0,0,0
2026,regular,2026-03-30,671739,Michael Harris II,ATL,30,,,,,0,0,0,0,0,0
2026,regular,2026-03-30,609280,Miguel Andujar,SDP,30,,,,,0,0,0,0,0,0
2026,regular,2026-03-30,500743,Miguel Rojas,LAD,30,,,,,0,0,0,0,0,0
2026,regular,2026-03-30,678246,Miguel Vargas,CHW,30,,,,,0,0,0,0,0,0
2026,regular,2026-03-30,545361,Mike Trout,LAA,30,,,,,0,0,0,0,0,0
2026,regular,2026-03-30,573262,Mike Yastrzemski,ATL,30,,,,,0,0,0,0,0,0
2026,regular,2026-03-30,641598,Mitch Garver,SEA,30,,,,,0,0,0,0,0,0
2026,regular,2026-03-30,694208,Moisés Ballesteros,CHC,30,,,,,0,0,0,0,0,0
2026,regular,2026-03-30,605141,Mookie Betts,LAD,30,,,,,0,0,0,0,0,0
2026,regular,2026-03-30,808959,Munetaka Murakami,CHW,30,,,,,0,0,0,0,0,0
2026,regular,2026-03-30,701675,Nathan Church,STL,30,,,,,0,0,0,0,0,0
2026,regular,2026-03-30,664770,Nathan Lukes,TOR,30,,,,,0,0,0,0,0,0
2026,regular,2026-03-30,669397,Nick Allen,HOU,30,,,,,0,0,0,0,0,0
2026,regular,2026-03-30,592206,Nick Castellanos,SDP,30,,,,,0,0,0,0,0,0
2026,regular,2026-03-30,663743,Nick Fortes,TBR,30,,,,,0,0,0,0,0,0
2026,regular,2026-03-30,693304,Nick Gonzales,PIT,30,,,,,0,0,0,0,0,0
2026,regular,2026-03-30,701762,Nick Kurtz,ATH,30,,,,,0,0,0,0,0,0
2026,regular,2026-03-30,663538,Nico Hoerner,CHC,30,,,,,0,0,0,0,0,0
2026,regular,2026-03-30,571448,Nolan Arenado,ARI,30,,,,,0,0,0,0,0,0
2026,regular,2026-03-30,669357,Nolan Gorman,STL,30,,,,,0,0,0,0,0,0
2026,regular,2026-03-30,694384,Nolan Schanuel,LAA,30,,,,,0,0,0,0,0,0
2026,regular,2026-03-30,665833,Oneil Cruz,PIT,30,,,,,0,0,0,0,0,0
2026,regular,2026-03-30,672724,Oswald Peraza,LAA,30,,,,,0,0,0,0,0,0
2026,regular,2026-03-30,805249,Otto Kemp,PHI,30,,,,,0,0,0,0,0,0
2026,regular,2026-03-30,672640,Otto Lopez,MIA,30,,,,,0,0,0,0,0,0
2026,regular,2026-03-30,683357,Owen Caissie,MIA,30,,,,,0,0,0,0,0,0
2026,regular,2026-03-30,645277,Ozzie Albies,ATL,30,,,,,0,0,0,0,0,0
2026,regular,2026-03-30,678009,Parker Meadows,DET,30,,,,,0,0,0,0,0,0
2026,regular,2026-03-30,672275,Patrick Bailey,SFG,30,,,,,0,0,0,0,0,0
2026,regular,2026-03-30,686780,Pedro Pagés,STL,30,,,,,0,0,0,0,0,0
2026,regular,2026-03-30,624413,Pete Alonso,BAL,30,,,,,0,0,0,0,0,0
2026,regular,2026-03-30,691718,Pete Crow-Armstrong,CHC,30,,,,,0,0,0,0,0,0
2026,regular,2026-03-30,646240,Rafael Devers,SFG,30,,,,,0,0,0,0,0,0
2026,regular,2026-03-30,665561,Rafael Marchán,PHI,30,,,,,0,0,0,0,0,0
2026,regular,2026-03-30,657656,Ramón Laureano,SDP,30,,,,,0,0,0,0,0,0
2026,regular,2026-03-30,545341,Randal Grichuk,NYY,30,,,,,0,0,0,0,0,0
2026,regular,2026-03-30,668227,Randy Arozarena,SEA,30,,,,,0,0,0,0,0,0
2026,regular,2026-03-30,656555,Rhys Hoskins,CLE,30,,,,,0,0,0,0,0,0
2026,regular,2026-03-30,682985,Riley Greene,DET,30,,,,,0,0,0,0,0,0
2026,regular,2026-03-30,608701,Rob Refsnyder,SEA,30,,,,,0,0,0,0,0,0
2026,regular,2026-03-30,701350,Roman Anthony,BOS,30,,,,,0,0,0,0,0,0
2026,regular,2026-03-30,660670,Ronald Acuña Jr.,ATL,30,,,,,0,0,0,0,0,0
2026,regular,2026-03-30,668904,Royce Lewis,MIN,30,,,,,0,0,0,0,0,0
2026,regular,2026-03-30,680777,Ryan Jeffers,MIN,30,,,,,0,0,0,0,0,0
2026,regular,2026-03-30,641857,Ryan McMahon,NYY,30,,,,,0,0,0,0,0,0
2026,regular,2026-03-30,663624,Ryan Mountcastle,BAL,30,,,,,0,0,0,0,0,0
2026,regular,2026-03-30,656811,Ryan O'Hearn,PIT,30,,,,,0,0,0,0,0,0
2026,regular,2026-03-30,690022,Ryan Ritter,COL,30,,,,,0,0,0,0,0,0
2026,regular,2026-03-30,668723,Ryan Vilade,TBR,30,,,,,0,0,0,0,0,0
2026,regular,2026-03-30,686217,Sal Frelick,MIL,30,,,,,0,0,0,0,0,0
2026,regular,2026-03-30,701398,Sal Stewart,CIN,30,,,,,0,0,0,0,0,0
2026,regular,2026-03-30,521692,Salvador Perez,KCR,30,,,,,0,0,0,0,0,0
2026,regular,2026-03-30,669127,Shea Langeliers,ATH,30,,,,,0,0,0,0,0,0
2026,regular,2026-03-30,660271,Shohei Ohtani,LAD,30,,,,,0,0,0,0,0,0
2026,regular,2026-03-30,687462,Spencer Horwitz,PIT,30,,,,,0,0,0,0,0,0
2026,regular,2026-03-30,668715,Spencer Steer,CIN,30,,,,,0,0,0,0,0,0
2026,regular,2026-03-30,679529,Spencer Torkelson,DET,30,,,,,0,0,0,0,0,0
2026,regular,2026-03-30,680757,Steven Kwan,CLE,30,,,,,0,0,0,0,0,0
2026,regular,2026-03-30,621493,Taylor Ward,BAL,30,,,,,0,0,0,0,0,0
2026,regular,2026-03-30,606192,Teoscar Hernández,LAD,30,,,,,0,0,0,0,0,0
2026,regular,2026-03-30,670770,TJ Friedl,CIN,30,,,,,0,0,0,0,0,0
2026,regular,2026-03-30,681198,TJ Rumfield,COL,30,,,,,0,0,0,0,0,0
2026,regular,2026-03-30,607208,Trea Turner,PHI,30,,,,,0,0,0,0,0,0
2026,regular,2026-03-30,663757,Trent Grisham,NYY,30,,,,,0,0,0,0,0,0
2026,regular,2026-03-30,663616,Trevor Larnach,MIN,30,,,,,0,0,0,0,0,0
2026,regular,2026-03-30,596115,Trevor Story,BOS,30,,,,,0,0,0,0,0,0
2026,regular,2026-03-30,671976,Tristan Peters,CHW,30,,,,,0,0,0,0,0,0
2026,regular,2026-03-30,687859,Troy Johnston,COL,30,,,,,0,0,0,0,0,0
2026,regular,2026-03-30,641933,Tyler O'Neill,BAL,30,,,,,0,0,0,0,0,0
2026,regular,2026-03-30,691016,Tyler Soderstrom,ATH,30,,,,,0,0,0,0,0,0
2026,regular,2026-03-30,663886,Tyler Stephenson,CIN,30,,,,,0,0,0,0,0,0
2026,regular,2026-03-30,605170,Victor Caratini,MIN,30,,,,,0,0,0,0,0,0
2026,regular,2026-03-30,645302,Victor Robles,SEA,30,,,,,0,0,0,0,0,0
2026,regular,2026-03-30,687363,Victor Scott II,STL,30,,,,,0,0,0,0,0,0
2026,regular,2026-03-30,686469,Vinnie Pasquantino,KCR,30,,,,,0,0,0,0,0,0
2026,regular,2026-03-30,665489,Vladimir Guerrero Jr.,TOR,30,,,,,0,0,0,0,0,0
2026,regular,2026-03-30,666181,Will Benson,CIN,30,,,,,0,0,0,0,0,0
2026,regular,2026-03-30,669257,Will Smith,LAD,30,,,,,0,0,0,0,0,0
2026,regular,2026-03-30,650489,Willi Castro,COL,30,,,,,0,0,0,0,0,0
2026,regular,2026-03-30,661388,William Contreras,MIL,30,,,,,0,0,0,0,0,0
2026,regular,2026-03-30,575929,Willson Contreras,BOS,30,,,,,0,0,0,0,0,0
2026,regular,2026-03-30,642715,Willy Adames,SFG,30,,,,,0,0,0,0,0,0
2026,regular,2026-03-30,677800,Wilyer Abreu,BOS,30,,,,,0,0,0,0,0,0
2026,regular,2026-03-30,694671,Wyatt Langford,TEX,30,,,,,0,0,0,0,0,0
2026,regular,2026-03-30,593428,Xander Bogaerts,SDP,30,,,,,0,0,0,0,0,0
2026,regular,2026-03-30,669364,Xavier Edwards,MIA,30,,,,,0,0,0,0,0,0
2026,regular,2026-03-30,673237,Yainer Diaz,HOU,30,,,,,0,0,0,0,0,0
2026,regular,2026-03-30,650490,Yandy Díaz,TBR,30,,,,,0,0,0,0,0,0
2026,regular,2026-03-30,670541,Yordan Alvarez,HOU,30,,,,,0,0,0,0,0,0
2026,regular,2026-03-30,660162,Yoán Moncada,LAA,30,,,,,0,0,0,0,0,0
2026,regular,2026-03-30,687263,Zach Neto,LAA,30,,,,,0,0,0,0,0,0
2026,regular,2026-03-31,592450,Aaron Judge,NYY,30,,,,,0,0,0,0,0,0
2026,regular,2026-03-31,624428,Adam Frazier,LAA,30,,,,,0,0,0,0,0,0
2026,regular,2026-03-31,668939,Adley Rutschman,BAL,30,,,,,0,0,0,0,0,0
2026,regular,2026-03-31,666969,Adolis García,PHI,30,,,,,0,0,0,0,0,0
2026,regular,2026-03-31,682663,Agustín Ramírez,MIA,30,,,,,0,0,0,0,0,0
2026,regular,2026-03-31,664761,Alec Bohm,PHI,30,,,,,0,0,0,0,0,0
2026,regular,2026-03-31,676475,Alec Burleson,STL,30,,,,,0,0,0,0,0,0
2026,regular,2026-03-31,677950,Alek Thomas,ARI,30,,,,,0,0,0,0,0,0
2026,regular,2026-03-31,608324,Alex Bregman,CHC,30,,,,,0,0,0,0,0,0
2026,regular,2026-03-31,690976,Alex Freeland,LAD,30,,,,,0,0,0,0,0,0
2026,regular,2026-03-31,643217,Andrew Benintendi,CHW,30,,,,,0,0,0,0,0,0
2026,regular,2026-03-31,655316,Andruw Monasterio,BOS,30,,,,,0,0,0,0,0,0
2026,regular,2026-03-31,665926,Andrés Giménez,TOR,30,,,,,0,0,0,0,0,0
2026,regular,2026-03-31,628451,Andy Ibáñez,ATH,30,,,,,0,0,0,0,0,0
2026,regular,2026-03-31,681624,Andy Pages,LAD,30,,,,,0,0,0,0,0,0
2026,regular,2026-03-31,682657,Angel Martínez,CLE,30,,,,,0,0,0,0,0,0
2026,regular,2026-03-31,669720,Austin Hays,CHW,30,,,,,0,0,0,0,0,0
2026,regular,2026-03-31,663586,Austin Riley,ATL,30,,,,,0,0,0,0,0,0
2026,regular,2026-03-31,700250,Ben Rice,NYY,30,,,,,0,0,0,0,0,0
2026,regular,2026-03-31,810938,Ben Williamson,TBR,30,,,,,0,0,0,0,0,0
2026,regular,2026-03-31,677942,Blaze Alexander,BAL,30,,,,,0,0,0,0,0,0
2026,regular,2026-03-31,666182,Bo Bichette,NYM,30,,,,,0,0,0,0,0,0
2026,regular,2026-03-31,666310,Bo Naylor,CLE,30,,,,,0,0,0,0,0,0
2026,regular,2026-03-31,691781,Brady House,WSN,30,,,,,0,0,0,0,0,0
2026,regular,2026-03-31,663604,Brandon Lockridge,MIL,30,,,,,0,0,0,0,0,0
2026,regular,2026-03-31,664040,Brandon Lowe,PIT,30,,,,,0,0,0,0,0,0
2026,regular,2026-03-31,669016,Brandon Marsh,PHI,30,,,,,0,0,0,0,0,0
2026,regular,2026-03-31,607043,Brandon Nimmo,TEX,30,,,,,0,0,0,0,0,0
2026,regular,2026-03-31,677587,Brayan Rocchio,CLE,30,,,,,0,0,0,0,0,0
2026,regular,2026-03-31,680977,Brendan Donovan,SEA,30,,,,,0,0,0,0,0,0
2026,regular,2026-03-31,667670,Brent Rooker,ATH,30,,,,,0,0,0,0,0,0
2026,regular,2026-03-31,686668,Brenton Doyle,COL,30,,,,,0,0,0,0,0,0
2026,regular,2026-03-31,683146,Brett Baty,NYM,30,,,,,0,0,0,0,0,0
2026,regular,2026-03-31,694728,Brice Matthews,HOU,30,,,,,0,0,0,0,0,0
2026,regular,2026-03-31,668930,Brice Turang,MIL,30,,,,,0,0,0,0,0,0
2026,regular,2026-03-31,668804,Bryan Reynolds,PIT,30,,,,,0,0,0,0,0,0
2026,regular,2026-03-31,547180,Bryce Harper,PHI,30,,,,,0,0,0,0,0,0
2026,regular,2026-03-31,669326,Bryce Teodosio,LAA,30,,,,,0,0,0,0,0,0
2026,regular,2026-03-31,681082,Bryson Stott,PHI,30,,,,,0,0,0,0,0,0
2026,regular,2026-03-31,663728,Cal Raleigh,SEA,30,,,,,0,0,0,0,0,0
2026,regular,2026-03-31,701358,Cam Smith,HOU,30,,,,,0,0,0,0,0,0
2026,regular,2026-03-31,621043,Carlos Correa,HOU,30,,,,,0,0,0,0,0,0
2026,regular,2026-03-31,467793,Carlos Santana,ARI,30,,,,,0,0,0,0,0,0
2026,regular,2026-03-31,701807,Carson Benge,NYM,30,,,,,0,0,0,0,0,0
2026,regular,2026-03-31,608348,Carson Kelly,CHC,30,,,,,0,0,0,0,0,0
2026,regular,2026-03-31,700246,Carson Williams,TBR,30,,,,,0,0,0,0,0,0
2026,regular,2026-03-31,669477,Casey Schmitt,SFG,30,,,,,0,0,0,0,0,0
2026,regular,2026-03-31,678882,Ceddanne Rafaela,BOS,30,,,,,0,0,0,0,0,0
2026,regular,2026-03-31,656775,Cedric Mullins,TBR,30,,,,,0,0,0,0,0,0
2026,regular,2026-03-31,802415,Chandler Simpson,TBR,30,,,,,0,0,0,0,0,0
2026,regular,2026-03-31,800050,Chase DeLauter,CLE,30,,,,,0,0,0,0,0,0
2026,regular,2026-03-31,805367,Chase Meidroth,CHW,30,,,,,0,0,0,0,0,0
2026,regular,2026-03-31,683766,Christian Koss,SFG,30,,,,,0,0,0,0,0,0
2026,regular,2026-03-31,543877,Christian Vázquez,HOU,30,,,,,0,0,0,0,0,0
2026,regular,2026-03-31,572233,Christian Walker,HOU,30,,,,,0,0,0,0,0,0
2026,regular,2026-03-31,592885,Christian Yelich,MIL,30,,,,,0,0,0,0,0,0
2026,regular,2026-03-31,682928,CJ Abrams,WSN,30,,,,,0,0,0,0,0,0
2026,regular,2026-03-31,692216,CJ Kayfus,CLE,30,,,,,0,0,0,0,0,0
2026,regular,2026-03-31,641355,Cody Bellinger,NYY,30,,,,,0,0,0,0,0,0
2026,regular,2026-03-31,702284,Cole Young,SEA,30,,,,,0,0,0,0,0,0
2026,regular,2026-03-31,695657,Colson Montgomery,CHW,30,,,,,0,0,0,0,0,0
2026,regular,2026-03-31,690993,Colt Keith,DET,30,,,,,0,0,0,0,0,0
2026,regular,2026-03-31,681297,Colton Cowser,BAL,30,,,,,0,0,0,0,0,0
2026,regular,2026-03-31,657136,Connor Wong,BOS,30,,,,,0,0,0,0,0,0
2026,regular,2026-03-31,682998,Corbin Carroll,ARI,30,,,,,0,0,0,0,0,0
2026,regular,2026-03-31,608369,Corey Seager,TEX,30,,,,,0,0,0,0,0,0
2026,regular,2026-03-31,678554,Curtis Mead,WSN,30,,,,,0,0,0,0,0,0
2026,regular,2026-03-31,667472,Dane Myers,CIN,30,,,,,0,0,0,0,0,0
2026,regular,2026-03-31,682177,Daniel Schneemann,CLE,30,,,,,0,0,0,0,0,0
2026,regular,2026-03-31,643376,Danny Jansen,TEX,30,,,,,0,0,0,0,0,0
2026,regular,2026-03-31,621020,Dansby Swanson,CHC,30,,,,,0,0,0,0,0,0
2026,regular,2026-03-31,662139,Daulton Varsho,TOR,30,,,,,0,0,0,0,0,0
2026,regular,2026-03-31,681807,David Fry,CLE,30,,,,,0,0,0,0,0,0
2026,regular,2026-03-31,695734,Daylen Lile,WSN,30,,,,,0,0,0,0,0,0
2026,regular,2026-03-31,672016,Denzel Clarke,ATH,30,,,,,0,0,0,0,0,0
2026,regular,2026-03-31,642086,Dominic Smith,ATL,30,,,,,0,0,0,0,0,0
2026,regular,2026-03-31,686948,Drake Baldwin,ATL,30,,,,,0,0,0,0,0,0
2026,regular,2026-03-31,700337,Edgar Quero,CHW,30,,,,,0,0,0,0,0,0
2026,regular,2026-03-31,666397,Edouard Julien,COL,30,,,,,0,0,0,0,0,0
2026,regular,2026-03-31,682829,Elly De La Cruz,CIN,30,,,,,0,0,0,0,0,0
2026,regular,2026-03-31,676391,Ernie Clement,TOR,30,,,,,0,0,0,0,0,0
2026,regular,2026-03-31,553993,Eugenio Suárez,CIN,30,,,,,0,0,0,0,0,0
2026,regular,2026-03-31,694497,Evan Carter,TEX,30,,,,,0,0,0,0,0,0
2026,regular,2026-03-31,677649,Ezequiel Duran,TEX,30,,,,,0,0,0,0,0,0
2026,regular,2026-03-31,678662,Ezequiel Tovar,COL,30,,,,,0,0,0,0,0,0
2026,regular,2026-03-31,665487,Fernando Tatis Jr.,SDP,30,,,,,0,0,0,0,0,0
2026,regular,2026-03-31,682626,Francisco Alvarez,NYM,30,,,,,0,0,0,0,0,0
2026,regular,2026-03-31,596019,Francisco Lindor,NYM,30,,,,,0,0,0,0,0,0
2026,regular,2026-03-31,518692,Freddie Freeman,LAD,30,,,,,0,0,0,0,0,0
2026,regular,2026-03-31,666023,Freddy Fermin,SDP,30,,,,,0,0,0,0,0,0
2026,regular,2026-03-31,672356,Gabriel Arias,CLE,30,,,,,0,0,0,0,0,0
2026,regular,2026-03-31,672515,Gabriel Moreno,ARI,30,,,,,0,0,0,0,0,0
2026,regular,2026-03-31,669003,Garrett Mitchell,MIL,30,,,,,0,0,0,0,0,0
2026,regular,2026-03-31,596142,Gary Sánchez,MIL,30,,,,,0,0,0,0,0,0
2026,regular,2026-03-31,657757,Gavin Sheets,SDP,30,,,,,0,0,0,0,0,0
2026,regular,2026-03-31,543807,George Springer,TOR,30,,,,,0,0,0,0,0,0
2026,regular,2026-03-31,672695,Geraldo Perdomo,ARI,30,,,,,0,0,0,0,0,0
2026,regular,2026-03-31,519317,Giancarlo Stanton,NYY,30,,,,,0,0,0,0,0,0
2026,regular,2026-03-31,650402,Gleyber Torres,DET,30,,,,,0,0,0,0,0,0
2026,regular,2026-03-31,688363,Graham Pauley,MIA,30,,,,,0,0,0,0,0,0
2026,regular,2026-03-31,665052,Griffin Conine,MIA,30,,,,,0,0,0,0,0,0
2026,regular,2026-03-31,683002,Gunnar Henderson,BAL,30,,,,,0,0,0,0,0,0
2026,regular,2026-03-31,664056,Harrison Bader,SFG,30,,,,,0,0,0,0,0,0
2026,regular,2026-03-31,671218,Heliot Ramos,SFG,30,,,,,0,0,0,0,0,0
2026,regular,2026-03-31,680779,Henry Davis,PIT,30,,,,,0,0,0,0,0,0
2026,regular,2026-03-31,681715,Heriberto Hernández,MIA,30,,,,,0,0,0,0,0,0
2026,regular,2026-03-31,696100,Hunter Goodman,COL,30,,,,,0,0,0,0,0,0
2026,regular,2026-03-31,664023,Ian Happ,CHC,30,,,,,0,0,0,0,0,0
2026,regular,2026-03-31,671056,Iván Herrera,STL,30,,,,,0,0,0,0,0,0
2026,regular,2026-03-31,641555,J.C. Escarra,NYY,30,,,,,0,0,0,0,0,0
2026,regular,2026-03-31,592663,J.T. Realmuto,PHI,30,,,,,0,0,0,0,0,0
2026,regular,2026-03-31,701538,Jackson Merrill,SDP,30,,,,,0,0,0,0,0,0
2026,regular,2026-03-31,805779,Jacob Wilson,ATH,30,,,,,0,0,0,0,0,0
2026,regular,2026-03-31,696285,Jacob Young,WSN,30,,,,,0,0,0,0,0,0
2026,regular,2026-03-31,641343,Jake Bauers,MIL,30,,,,,0,0,0,0,0,0
2026,regular,2026-03-31,669394,Jake Burger,TEX,30,,,,,0,0,0,0,0,0
2026,regular,2026-03-31,630105,Jake Cronenworth,SDP,30,,,,,0,0,0,0,0,0
2026,regular,2026-03-31,641584,Jake Fraley,TBR,30,,,,,0,0,0,0,0,0
2026,regular,2026-03-31,663968,Jake Mangum,PIT,30,,,,,0,0,0,0,0,0
2026,regular,2026-03-31,664983,Jake McCarthy,COL,30,,,,,0,0,0,0,0,0
2026,regular,2026-03-31,676694,Jake Meyers,HOU,30,,,,,0,0,0,0,0,0
2026,regular,2026-03-31,668670,Jake Rogers,DET,30,,,,,0,0,0,0,0,0
2026,regular,2026-03-31,805300,Jakob Marsee,MIA,30,,,,,0,0,0,0,0,0
2026,regular,2026-03-31,543510,James McCann,ARI,30,,,,,0,0,0,0,0,0
2026,regular,2026-03-31,695578,James Wood,WSN,30,,,,,0,0,0,0,0,0
2026,regular,2026-03-31,666931,Jared Oliva,SFG,30,,,,,0,0,0,0,0,0
2026,regular,2026-03-31,676724,Jared Young,NYM,30,,,,,0,0,0,0,0,0
2026,regular,2026-03-31,665862,Jazz Chisholm Jr.,NYY,30,,,,,0,0,0,0,0,0
2026,regular,2026-03-31,600869,Jeimer Candelario,LAA,30,,,,,0,0,0,0,0,0
2026,regular,2026-03-31,669236,Jeremiah Jackson,BAL,30,,,,,0,0,0,0,0,0
2026,regular,2026-03-31,665161,Jeremy Peña,HOU,30,,,,,0,0,0,0,0,0
2026,regular,2026-03-31,660821,Jesús Sánchez,TOR,30,,,,,0,0,0,0,0,0
2026,regular,2026-03-31,802139,JJ Wetherholt,STL,30,,,,,0,0,0,0,0,0
2026,regular,2026-03-31,666176,Jo Adell,LAA,30,,,,,0,0,0,0,0,0
2026,regular,2026-03-31,592626,Joc Pederson,TEX,30,,,,,0,0,0,0,0,0
2026,regular,2026-03-31,663698,Joey Bart,PIT,30,,,,,0,0,0,0,0,0
2026,regular,2026-03-31,694388,Joey Loperfido,HOU,30,,,,,0,0,0,0,0,0
2026,regular,2026-03-31,687401,Joey Ortiz,MIL,30,,,,,0,0,0,0,0,0
2026,regular,2026-03-31,686894,Joey Wiemer,WSN,30,,,,,0,0,0,0,0,0
2026,regular,2026-03-31,666018,Jonathan Aranda,TBR,30,,,,,0,0,0,0,0,0
2026,regular,2026-03-31,676356,Jonny DeLuca,TBR,30,,,,,0,0,0,0,0,0
2026,regular,2026-03-31,678391,Jorbit Vivas,WSN,30,,,,,0,0,0,0,0,0
2026,regular,2026-03-31,687597,Jordan Beck,COL,30,,,,,0,0,0,0,0,0
2026,regular,2026-03-31,691783,Jordan Lawlar,ARI,30,,,,,0,0,0,0,0,0
2026,regular,2026-03-31,691023,Jordan Walker,STL,30,,,,,0,0,0,0,0,0
2026,regular,2026-03-31,624585,Jorge Soler,LAA,30,,,,,0,0,0,0,0,0
2026,regular,2026-03-31,514888,Jose Altuve,HOU,30,,,,,0,0,0,0,0,0
2026,regular,2026-03-31,699912,Jose Fernandez,ARI,30,,,,,0,0,0,0,0,0
2026,regular,2026-03-31,624431,Jose Trevino,CIN,30,,,,,0,0,0,0,0,0
2026,regular,2026-03-31,666139,Josh Lowe,LAA,30,,,,,0,0,0,0,0,0
2026,regular,2026-03-31,647304,Josh Naylor,SEA,30,,,,,0,0,0,0,0,0
2026,regular,2026-03-31,669701,Josh Smith,TEX,30,,,,,0,0,0,0,0,0
2026,regular,2026-03-31,676609,José Caballero,NYY,30,,,,,0,0,0,0,0,0
2026,regular,2026-03-31,608070,José Ramírez,CLE,30,,,,,0,0,0,0,0,0
2026,regular,2026-03-31,677588,José Tena,WSN,30,,,,,0,0,0,0,0,0
2026,regular,2026-03-31,665742,Juan Soto,NYM,30,,,,,0,0,0,0,0,0
2026,regular,2026-03-31,677594,Julio Rodríguez,SEA,30,,,,,0,0,0,0,0,0
2026,regular,2026-03-31,808982,Jung Hoo Lee,SFG,30,,,,,0,0,0,0,0,0
2026,regular,2026-03-31,691406,Junior Caminero,TBR,30,,,,,0,0,0,0,0,0
2026,regular,2026-03-31,702222,Justin Crawford,PHI,30,,,,,0,0,0,0,0,0
2026,regular,2026-03-31,672960,Kazuma Okamoto,TOR,30,,,,,0,0,0,0,0,0
2026,regular,2026-03-31,663647,Ke'Bryan Hayes,CIN,30,,,,,0,0,0,0,0,0
2026,regular,2026-03-31,660688,Keibert Ruiz,WSN,30,,,,,0,0,0,0,0,0
2026,regular,2026-03-31,681481,Kerry Carpenter,DET,30,,,,,0,0,0,0,0,0
2026,regular,2026-03-31,606466,Ketel Marte,ARI,30,,,,,0,0,0,0,0,0
2026,regular,2026-03-31,805808,Kevin McGonigle,DET,30,,,,,0,0,0,0,0,0
2026,regular,2026-03-31,691720,Kyle Karros,COL,30,,,,,0,0,0,0,0,0
2026,regular,2026-03-31,700932,Kyle Manzardo,CLE,30,,,,,0,0,0,0,0,0
2026,regular,2026-03-31,656941,Kyle Schwarber,PHI,30,,,,,0,0,0,0,0,0
2026,regular,2026-03-31,663656,Kyle Tucker,LAD,30,,,,,0,0,0,0,0,0
2026,regular,2026-03-31,671732,Lawrence Butler,ATH,30,,,,,0,0,0,0,0,0
2026,regular,2026-03-31,660844,Leo Rivas,SEA,30,,,,,0,0,0,0,0,0
2026,regular,2026-03-31,689414,Liam Hicks,MIA,30,,,,,0,0,0,0,0,0
2026,regular,2026-03-31,681351,Logan O'Hoppe,LAA,30,,,,,0,0,0,0,0,0
2026,regular,2026-03-31,650333,Luis Arraez,SFG,30,,,,,0,0,0,0,0,0
2026,regular,2026-03-31,671277,Luis García Jr.,WSN,30,,,,,0,0,0,0,0,0
2026,regular,2026-03-31,650859,Luis Rengifo,MIL,30,,,,,0,0,0,0,0,0
2026,regular,2026-03-31,673357,Luis Robert Jr.,NYM,30,,,,,0,0,0,0,0,0
2026,regular,2026-03-31,620443,Luis Torrens,NYM,30,,,,,0,0,0,0,0,0
2026,regular,2026-03-31,682668,Luisangel Acuña,CHW,30,,,,,0,0,0,0,0,0
2026,regular,2026-03-31,592518,Manny Machado,SDP,30,,,,,0,0,0,0,0,0
2026,regular,2026-03-31,542303,Marcell Ozuna,PIT,30,,,,,0,0,0,0,0,0
2026,regular,2026-03-31,691785,Marcelo Mayer,BOS,30,,,,,0,0,0,0,0,0
2026,regular,2026-03-31,543760,Marcus Semien,NYM,30,,,,,0,0,0,0,0,0
2026,regular,2026-03-31,668901,Mark Vientos,NYM,30,,,,,0,0,0,0,0,0
2026,regular,2026-03-31,807799,Masataka Yoshida,BOS,30,,,,,0,0,0,0,0,0
2026,regular,2026-03-31,691026,Masyn Winn,STL,30,,,,,0,0,0,0,0,0
2026,regular,2026-03-31,656305,Matt Chapman,SFG,30,,,,,0,0,0,0,0,0
2026,regular,2026-03-31,680574,Matt McLain,CIN,30,,,,,0,0,0,0,0,0
2026,regular,2026-03-31,621566,Matt Olson,ATL,30,,,,,0,0,0,0,0,0
2026,regular,2026-03-31,807713,Matt Shaw,CHC,30,,,,,0,0,0,0,0,0
2026,regular,2026-03-31,663837,Matt Vierling,DET,30,,,,,0,0,0,0,0,0
2026,regular,2026-03-31,643289,Mauricio Dubón,ATL,30,,,,,0,0,0,0,0,0
2026,regular,2026-03-31,691777,Max Muncy,ATH,30,,,,,0,0,0,0,0,0
2026,regular,2026-03-31,571970,Max Muncy,LAD,30,,,,,0,0,0,0,0,0
2026,regular,2026-03-31,683737,Michael Busch,CHC,30,,,,,0,0,0,0,0,0
2026,regular,2026-03-31,624424,Michael Conforto,CHC,30,,,,,0,0,0,0,0,0
2026,regular,2026-03-31,671739,Michael Harris II,ATL,30,,,,,0,0,0,0,0,0
2026,regular,2026-03-31,665804,Miguel Amaya,CHC,30,,,,,0,0,0,0,0,0
2026,regular,2026-03-31,609280,Miguel Andujar,SDP,30,,,,,0,0,0,0,0,0
2026,regular,2026-03-31,500743,Miguel Rojas,LAD,30,,,,,0,0,0,0,0,0
2026,regular,2026-03-31,678246,Miguel Vargas,CHW,30,,,,,0,0,0,0,0,0
2026,regular,2026-03-31,545361,Mike Trout,LAA,30,,,,,0,0,0,0,0,0
2026,regular,2026-03-31,573262,Mike Yastrzemski,ATL,30,,,,,0,0,0,0,0,0
2026,regular,2026-03-31,694208,Moisés Ballesteros,CHC,30,,,,,0,0,0,0,0,0
2026,regular,2026-03-31,605141,Mookie Betts,LAD,30,,,,,0,0,0,0,0,0
2026,regular,2026-03-31,808959,Munetaka Murakami,CHW,30,,,,,0,0,0,0,0,0
2026,regular,2026-03-31,664702,Myles Straw,TOR,30,,,,,0,0,0,0,0,0
2026,regular,2026-03-31,683083,Nasim Nuñez,WSN,30,,,,,0,0,0,0,0,0
2026,regular,2026-03-31,701675,Nathan Church,STL,30,,,,,0,0,0,0,0,0
2026,regular,2026-03-31,664770,Nathan Lukes,TOR,30,,,,,0,0,0,0,0,0
2026,regular,2026-03-31,663993,Nathaniel Lowe,CIN,30,,,,,0,0,0,0,0,0
2026,regular,2026-03-31,669397,Nick Allen,HOU,30,,,,,0,0,0,0,0,0
2026,regular,2026-03-31,592206,Nick Castellanos,SDP,30,,,,,0,0,0,0,0,0
2026,regular,2026-03-31,663743,Nick Fortes,TBR,30,,,,,0,0,0,0,0,0
2026,regular,2026-03-31,693304,Nick Gonzales,PIT,30,,,,,0,0,0,0,0,0
2026,regular,2026-03-31,701762,Nick Kurtz,ATH,30,,,,,0,0,0,0,0,0
2026,regular,2026-03-31,694377,Nick Yorke,PIT,30,,,,,0,0,0,0,0,0
2026,regular,2026-03-31,663538,Nico Hoerner,CHC,30,,,,,0,0,0,0,0,0
2026,regular,2026-03-31,682622,Noelvi Marte,CIN,30,,,,,0,0,0,0,0,0
2026,regular,2026-03-31,669357,Nolan Gorman,STL,30,,,,,0,0,0,0,0,0
2026,regular,2026-03-31,694384,Nolan Schanuel,LAA,30,,,,,0,0,0,0,0,0
2026,regular,2026-03-31,665833,Oneil Cruz,PIT,30,,,,,0,0,0,0,0,0
2026,regular,2026-03-31,672724,Oswald Peraza,LAA,30,,,,,0,0,0,0,0,0
2026,regular,2026-03-31,672640,Otto Lopez,MIA,30,,,,,0,0,0,0,0,0
2026,regular,2026-03-31,683357,Owen Caissie,MIA,30,,,,,0,0,0,0,0,0
2026,regular,2026-03-31,645277,Ozzie Albies,ATL,30,,,,,0,0,0,0,0,0
2026,regular,2026-03-31,678009,Parker Meadows,DET,30,,,,,0,0,0,0,0,0
2026,regular,2026-03-31,672275,Patrick Bailey,SFG,30,,,,,0,0,0,0,0,0
2026,regular,2026-03-31,624413,Pete Alonso,BAL,30,,,,,0,0,0,0,0,0
2026,regular,2026-03-31,691718,Pete Crow-Armstrong,CHC,30,,,,,0,0,0,0,0,0
2026,regular,2026-03-31,646240,Rafael Devers,SFG,30,,,,,0,0,0,0,0,0
2026,regular,2026-03-31,602104,Ramón Urías,STL,30,,,,,0,0,0,0,0,0
2026,regular,2026-03-31,668227,Randy Arozarena,SEA,30,,,,,0,0,0,0,0,0
2026,regular,2026-03-31,656555,Rhys Hoskins,CLE,30,,,,,0,0,0,0,0,0
2026,regular,2026-03-31,680700,Richie Palacios,TBR,30,,,,,0,0,0,0,0,0
2026,regular,2026-03-31,682985,Riley Greene,DET,30,,,,,0,0,0,0,0,0
2026,regular,2026-03-31,608701,Rob Refsnyder,SEA,30,,,,,0,0,0,0,0,0
2026,regular,2026-03-31,701350,Roman Anthony,BOS,30,,,,,0,0,0,0,0,0
2026,regular,2026-03-31,660670,Ronald Acuña Jr.,ATL,30,,,,,0,0,0,0,0,0
2026,regular,2026-03-31,641857,Ryan McMahon,NYY,30,,,,,0,0,0,0,0,0
2026,regular,2026-03-31,656811,Ryan O'Hearn,PIT,30,,,,,0,0,0,0,0,0
2026,regular,2026-03-31,690022,Ryan Ritter,COL,30,,,,,0,0,0,0,0,0
2026,regular,2026-03-31,668723,Ryan Vilade,TBR,30,,,,,0,0,0,0,0,0
2026,regular,2026-03-31,686217,Sal Frelick,MIL,30,,,,,0,0,0,0,0,0
2026,regular,2026-03-31,701398,Sal Stewart,CIN,30,,,,,0,0,0,0,0,0
2026,regular,2026-03-31,694212,Samuel Basallo,BAL,30,,,,,0,0,0,0,0,0
2026,regular,2026-03-31,664068,Scott Kingery,CHC,30,,,,,0,0,0,0,0,0
2026,regular,2026-03-31,669127,Shea Langeliers,ATH,30,,,,,0,0,0,0,0,0
2026,regular,2026-03-31,660271,Shohei Ohtani,LAD,30,,,,,0,0,0,0,0,0
2026,regular,2026-03-31,687462,Spencer Horwitz,PIT,30,,,,,0,0,0,0,0,0
2026,regular,2026-03-31,679529,Spencer Torkelson,DET,30,,,,,0,0,0,0,0,0
2026,regular,2026-03-31,680757,Steven Kwan,CLE,30,,,,,0,0,0,0,0,0
2026,regular,2026-03-31,621493,Taylor Ward,BAL,30,,,,,0,0,0,0,0,0
2026,regular,2026-03-31,606192,Teoscar Hernández,LAD,30,,,,,0,0,0,0,0,0
2026,regular,2026-03-31,670770,TJ Friedl,CIN,30,,,,,0,0,0,0,0,0
2026,regular,2026-03-31,681198,TJ Rumfield,COL,30,,,,,0,0,0,0,0,0
2026,regular,2026-03-31,607208,Trea Turner,PHI,30,,,,,0,0,0,0,0,0
2026,regular,2026-03-31,663757,Trent Grisham,NYY,30,,,,,0,0,0,0,0,0
2026,regular,2026-03-31,596115,Trevor Story,BOS,30,,,,,0,0,0,0,0,0
2026,regular,2026-03-31,671976,Tristan Peters,CHW,30,,,,,0,0,0,0,0,0
2026,regular,2026-03-31,687859,Troy Johnston,COL,30,,,,,0,0,0,0,0,0
2026,regular,2026-03-31,623168,Tyler Heineman,TOR,30,,,,,0,0,0,0,0,0
2026,regular,2026-03-31,641933,Tyler O'Neill,BAL,30,,,,,0,0,0,0,0,0
2026,regular,2026-03-31,691016,Tyler Soderstrom,ATH,30,,,,,0,0,0,0,0,0
2026,regular,2026-03-31,663886,Tyler Stephenson,CIN,30,,,,,0,0,0,0,0,0
2026,regular,2026-03-31,645302,Victor Robles,SEA,30,,,,,0,0,0,0,0,0
2026,regular,2026-03-31,687363,Victor Scott II,STL,30,,,,,0,0,0,0,0,0
2026,regular,2026-03-31,665489,Vladimir Guerrero Jr.,TOR,30,,,,,0,0,0,0,0,0
2026,regular,2026-03-31,666181,Will Benson,CIN,30,,,,,0,0,0,0,0,0
2026,regular,2026-03-31,669257,Will Smith,LAD,30,,,,,0,0,0,0,0,0
2026,regular,2026-03-31,650489,Willi Castro,COL,30,,,,,0,0,0,0,0,0
2026,regular,2026-03-31,661388,William Contreras,MIL,30,,,,,0,0,0,0,0,0
2026,regular,2026-03-31,575929,Willson Contreras,BOS,30,,,,,0,0,0,0,0,0
2026,regular,2026-03-31,642715,Willy Adames,SFG,30,,,,,0,0,0,0,0,0
2026,regular,2026-03-31,677800,Wilyer Abreu,BOS,30,,,,,0,0,0,0,0,0
2026,regular,2026-03-31,694671,Wyatt Langford,TEX,30,,,,,0,0,0,0,0,0
2026,regular,2026-03-31,593428,Xander Bogaerts,SDP,30,,,,,0,0,0,0,0,0
2026,regular,2026-03-31,669364,Xavier Edwards,MIA,30,,,,,0,0,0,0,0,0
2026,regular,2026-03-31,673237,Yainer Diaz,HOU,30,,,,,0,0,0,0,0,0
2026,regular,2026-03-31,650490,Yandy Díaz,TBR,30,,,,,0,0,0,0,0,0
2026,regular,2026-03-31,670541,Yordan Alvarez,HOU,30,,,,,0,0,0,0,0,0
2026,regular,2026-03-31,656716,Zach McKinstry,DET,30,,,,,0,0,0,0,0,0
2026,regular,2026-03-31,687263,Zach Neto,LAA,30,,,,,0,0,0,0,0,0
2026,regular,2026-04-01,592450,Aaron Judge,NYY,30,,,,,0,0,0,0,0,0
2026,regular,2026-04-01,680718,Addison Barger,TOR,30,,,,,0,0,0,0,0,0
2026,regular,2026-04-01,666969,Adolis García,PHI,30,,,,,0,0,0,0,0,0
2026,regular,2026-04-01,664761,Alec Bohm,PHI,30,,,,,0,0,0,0,0,0
2026,regular,2026-04-01,676475,Alec Burleson,STL,30,,,,,0,0,0,0,0,0
2026,regular,2026-04-01,672386,Alejandro Kirk,TOR,30,,,,,0,0,0,0,0,0
2026,regular,2026-04-01,608324,Alex Bregman,CHC,30,,,,,0,0,0,0,0,0
2026,regular,2026-04-01,690976,Alex Freeland,LAD,30,,,,,0,0,0,0,0,0
2026,regular,2026-04-01,642708,Amed Rosario,NYY,30,,,,,0,0,0,0,0,0
2026,regular,2026-04-01,643217,Andrew Benintendi,CHW,30,,,,,0,0,0,0,0,0
2026,regular,2026-04-01,457705,Andrew McCutchen,TEX,30,,,,,0,0,0,0,0,0
2026,regular,2026-04-01,665926,Andrés Giménez,TOR,30,,,,,0,0,0,0,0,0
2026,regular,2026-04-01,628451,Andy Ibáñez,ATH,30,,,,,0,0,0,0,0,0
2026,regular,2026-04-01,681624,Andy Pages,LAD,30,,,,,0,0,0,0,0,0
2026,regular,2026-04-01,682657,Angel Martínez,CLE,30,,,,,0,0,0,0,0,0
2026,regular,2026-04-01,668885,Austin Martin,MIN,30,,,,,0,0,0,0,0,0
2026,regular,2026-04-01,663586,Austin Riley,ATL,30,,,,,0,0,0,0,0,0
2026,regular,2026-04-01,669224,Austin Wells,NYY,30,,,,,0,0,0,0,0,0
2026,regular,2026-04-01,642851,Austin Wynns,ATH,30,,,,,0,0,0,0,0,0
2026,regular,2026-04-01,700250,Ben Rice,NYY,30,,,,,0,0,0,0,0,0
2026,regular,2026-04-01,810938,Ben Williamson,TBR,30,,,,,0,0,0,0,0,0
2026,regular,2026-04-01,663368,Blake Perkins,MIL,30,,,,,0,0,0,0,0,0
2026,regular,2026-04-01,666182,Bo Bichette,NYM,30,,,,,0,0,0,0,0,0
2026,regular,2026-04-01,666310,Bo Naylor,CLE,30,,,,,0,0,0,0,0,0
2026,regular,2026-04-01,677951,Bobby Witt Jr.,KCR,30,,,,,0,0,0,0,0,0
2026,regular,2026-04-01,691781,Brady House,WSN,30,,,,,0,0,0,0,0,0
2026,regular,2026-04-01,669016,Brandon Marsh,PHI,30,,,,,0,0,0,0,0,0
2026,regular,2026-04-01,607043,Brandon Nimmo,TEX,30,,,,,0,0,0,0,0,0
2026,regular,2026-04-01,677587,Brayan Rocchio,CLE,30,,,,,0,0,0,0,0,0
2026,regular,2026-04-01,680977,Brendan Donovan,SEA,30,,,,,0,0,0,0,0,0
2026,regular,2026-04-01,667670,Brent Rooker,ATH,30,,,,,0,0,0,0,0,0
2026,regular,2026-04-01,686668,Brenton Doyle,COL,30,,,,,0,0,0,0,0,0
2026,regular,2026-04-01,683146,Brett Baty,NYM,30,,,,,0,0,0,0,0,0
2026,regular,2026-04-01,664954,Brett Sullivan,COL,30,,,,,0,0,0,0,0,0
2026,regular,2026-04-01,694728,Brice Matthews,HOU,30,,,,,0,0,0,0,0,0
2026,regular,2026-04-01,668930,Brice Turang,MIL,30,,,,,0,0,0,0,0,0
2026,regular,2026-04-01,686797,Brooks Lee,MIN,30,,,,,0,0,0,0,0,0
2026,regular,2026-04-01,668804,Bryan Reynolds,PIT,30,,,,,0,0,0,0,0,0
2026,regular,2026-04-01,547180,Bryce Harper,PHI,30,,,,,0,0,0,0,0,0
2026,regular,2026-04-01,669369,Bryce Johnson,SDP,30,,,,,0,0,0,0,0,0
2026,regular,2026-04-01,669326,Bryce Teodosio,LAA,30,,,,,0,0,0,0,0,0
2026,regular,2026-04-01,681082,Bryson Stott,PHI,30,,,,,0,0,0,0,0,0
2026,regular,2026-04-01,621439,Byron Buxton,MIN,30,,,,,0,0,0,0,0,0
2026,regular,2026-04-01,663728,Cal Raleigh,SEA,30,,,,,0,0,0,0,0,0
2026,regular,2026-04-01,702332,Caleb Durbin,BOS,30,,,,,0,0,0,0,0,0
2026,regular,2026-04-01,701358,Cam Smith,HOU,30,,,,,0,0,0,0,0,0
2026,regular,2026-04-01,621043,Carlos Correa,HOU,30,,,,,0,0,0,0,0,0
2026,regular,2026-04-01,701807,Carson Benge,NYM,30,,,,,0,0,0,0,0,0
2026,regular,2026-04-01,608348,Carson Kelly,CHC,30,,,,,0,0,0,0,0,0
2026,regular,2026-04-01,700246,Carson Williams,TBR,30,,,,,0,0,0,0,0,0
2026,regular,2026-04-01,695600,Carter Jensen,KCR,30,,,,,0,0,0,0,0,0
2026,regular,2026-04-01,669477,Casey Schmitt,SFG,30,,,,,0,0,0,0,0,0
2026,regular,2026-04-01,678882,Ceddanne Rafaela,BOS,30,,,,,0,0,0,0,0,0
2026,regular,2026-04-01,656775,Cedric Mullins,TBR,30,,,,,0,0,0,0,0,0
2026,regular,2026-04-01,802415,Chandler Simpson,TBR,30,,,,,0,0,0,0,0,0
2026,regular,2026-04-01,805367,Chase Meidroth,CHW,30,,,,,0,0,0,0,0,0
2026,regular,2026-04-01,543877,Christian Vázquez,HOU,30,,,,,0,0,0,0,0,0
2026,regular,2026-04-01,572233,Christian Walker,HOU,30,,,,,0,0,0,0,0,0
2026,regular,2026-04-01,592885,Christian Yelich,MIL,30,,,,,0,0,0,0,0,0
2026,regular,2026-04-01,682928,CJ Abrams,WSN,30,,,,,0,0,0,0,0,0
2026,regular,2026-04-01,691723,Coby Mayo,BAL,30,,,,,0,0,0,0,0,0
2026,regular,2026-04-01,641355,Cody Bellinger,NYY,30,,,,,0,0,0,0,0,0
2026,regular,2026-04-01,702284,Cole Young,SEA,30,,,,,0,0,0,0,0,0
2026,regular,2026-04-01,695657,Colson Montgomery,CHW,30,,,,,0,0,0,0,0,0
2026,regular,2026-04-01,690993,Colt Keith,DET,30,,,,,0,0,0,0,0,0
2026,regular,2026-04-01,681297,Colton Cowser,BAL,30,,,,,0,0,0,0,0,0
2026,regular,2026-04-01,681393,Connor Norby,MIA,30,,,,,0,0,0,0,0,0
2026,regular,2026-04-01,657136,Connor Wong,BOS,30,,,,,0,0,0,0,0,0
2026,regular,2026-04-01,682998,Corbin Carroll,ARI,30,,,,,0,0,0,0,0,0
2026,regular,2026-04-01,608369,Corey Seager,TEX,30,,,,,0,0,0,0,0,0
2026,regular,2026-04-01,678554,Curtis Mead,WSN,30,,,,,0,0,0,0,0,0
2026,regular,2026-04-01,667472,Dane Myers,CIN,30,,,,,0,0,0,0,0,0
2026,regular,2026-04-01,682177,Daniel Schneemann,CLE,30,,,,,0,0,0,0,0,0
2026,regular,2026-04-01,691740,Daniel Susac,SFG,30,,,,,0,0,0,0,0,0
2026,regular,2026-04-01,643376,Danny Jansen,TEX,30,,,,,0,0,0,0,0,0
2026,regular,2026-04-01,621020,Dansby Swanson,CHC,30,,,,,0,0,0,0,0,0
2026,regular,2026-04-01,687231,Darell Hernaiz,ATH,30,,,,,0,0,0,0,0,0
2026,regular,2026-04-01,662139,Daulton Varsho,TOR,30,,,,,0,0,0,0,0,0
2026,regular,2026-04-01,666152,David Hamilton,MIL,30,,,,,0,0,0,0,0,0
2026,regular,2026-04-01,676914,Davis Schneider,TOR,30,,,,,0,0,0,0,0,0
2026,regular,2026-04-01,695734,Daylen Lile,WSN,30,,,,,0,0,0,0,0,0
2026,regular,2026-04-01,672016,Denzel Clarke,ATH,30,,,,,0,0,0,0,0,0
2026,regular,2026-04-01,656537,Derek Hill,CHW,30,,,,,0,0,0,0,0,0
2026,regular,2026-04-01,693307,Dillon Dingler,DET,30,,,,,0,0,0,0,0,0
2026,regular,2026-04-01,686527,Dominic Canzone,SEA,30,,,,,0,0,0,0,0,0
2026,regular,2026-04-01,642086,Dominic Smith,ATL,30,,,,,0,0,0,0,0,0
2026,regular,2026-04-01,686948,Drake Baldwin,ATL,30,,,,,0,0,0,0,0,0
2026,regular,2026-04-01,686452,Drew Millas,WSN,30,,,,,0,0,0,0,0,0
2026,regular,2026-04-01,687637,Dylan Beavers,BAL,30,,,,,0,0,0,0,0,0
2026,regular,2026-04-01,664238,Dylan Moore,PHI,30,,,,,0,0,0,0,0,0
2026,regular,2026-04-01,624641,Edmundo Sosa,PHI,30,,,,,0,0,0,0,0,0
2026,regular,2026-04-01,666397,Edouard Julien,COL,30,,,,,0,0,0,0,0,0
2026,regular,2026-04-01,682829,Elly De La Cruz,CIN,30,,,,,0,0,0,0,0,0
2026,regular,2026-04-01,676391,Ernie Clement,TOR,30,,,,,0,0,0,0,0,0
2026,regular,2026-04-01,553993,Eugenio Suárez,CIN,30,,,,,0,0,0,0,0,0
2026,regular,2026-04-01,694497,Evan Carter,TEX,30,,,,,0,0,0,0,0,0
2026,regular,2026-04-01,677592,Everson Pereira,CHW,30,,,,,0,0,0,0,0,0
2026,regular,2026-04-01,677649,Ezequiel Duran,TEX,30,,,,,0,0,0,0,0,0
2026,regular,2026-04-01,678662,Ezequiel Tovar,COL,30,,,,,0,0,0,0,0,0
2026,regular,2026-04-01,665487,Fernando Tatis Jr.,SDP,30,,,,,0,0,0,0,0,0
2026,regular,2026-04-01,682626,Francisco Alvarez,NYM,30,,,,,0,0,0,0,0,0
2026,regular,2026-04-01,596019,Francisco Lindor,NYM,30,,,,,0,0,0,0,0,0
2026,regular,2026-04-01,518692,Freddie Freeman,LAD,30,,,,,0,0,0,0,0,0
2026,regular,2026-04-01,666023,Freddy Fermin,SDP,30,,,,,0,0,0,0,0,0
2026,regular,2026-04-01,672356,Gabriel Arias,CLE,30,,,,,0,0,0,0,0,0
2026,regular,2026-04-01,672515,Gabriel Moreno,ARI,30,,,,,0,0,0,0,0,0
2026,regular,2026-04-01,669003,Garrett Mitchell,MIL,30,,,,,0,0,0,0,0,0
2026,regular,2026-04-01,657757,Gavin Sheets,SDP,30,,,,,0,0,0,0,0,0
2026,regular,2026-04-01,543807,George Springer,TOR,30,,,,,0,0,0,0,0,0
2026,regular,2026-04-01,672695,Geraldo Perdomo,ARI,30,,,,,0,0,0,0,0,0
2026,regular,2026-04-01,650402,Gleyber Torres,DET,30,,,,,0,0,0,0,0,0
2026,regular,2026-04-01,688363,Graham Pauley,MIA,30,,,,,0,0,0,0,0,0
2026,regular,2026-04-01,683002,Gunnar Henderson,BAL,30,,,,,0,0,0,0,0,0
2026,regular,2026-04-01,664056,Harrison Bader,SFG,30,,,,,0,0,0,0,0,0
2026,regular,2026-04-01,671218,Heliot Ramos,SFG,30,,,,,0,0,0,0,0,0
2026,regular,2026-04-01,680779,Henry Davis,PIT,30,,,,,0,0,0,0,0,0
2026,regular,2026-04-01,681715,Heriberto Hernández,MIA,30,,,,,0,0,0,0,0,0
2026,regular,2026-04-01,696100,Hunter Goodman,COL,30,,,,,0,0,0,0,0,0
2026,regular,2026-04-01,664023,Ian Happ,CHC,30,,,,,0,0,0,0,0,0
2026,regular,2026-04-01,545121,Ildemaro Vargas,ARI,30,,,,,0,0,0,0,0,0
2026,regular,2026-04-01,686555,Isaac Collins,KCR,30,,,,,0,0,0,0,0,0
2026,regular,2026-04-01,670623,Isaac Paredes,HOU,30,,,,,0,0,0,0,0,0
2026,regular,2026-04-01,643396,Isiah Kiner-Falefa,BOS,30,,,,,0,0,0,0,0,0
2026,regular,2026-04-01,671056,Iván Herrera,STL,30,,,,,0,0,0,0,0,0
2026,regular,2026-04-01,592663,J.T. Realmuto,PHI,30,,,,,0,0,0,0,0,0
2026,regular,2026-04-01,695506,Jac Caglianone,KCR,30,,,,,0,0,0,0,0,0
2026,regular,2026-04-01,701538,Jackson Merrill,SDP,30,,,,,0,0,0,0,0,0
2026,regular,2026-04-01,805779,Jacob Wilson,ATH,30,,,,,0,0,0,0,0,0
2026,regular,2026-04-01,696285,Jacob Young,WSN,30,,,,,0,0,0,0,0,0
2026,regular,2026-04-01,663330,Jahmai Jones,DET,30,,,,,0,0,0,0,0,0
2026,regular,2026-04-01,641343,Jake Bauers,MIL,30,,,,,0,0,0,0,0,0
2026,regular,2026-04-01,669394,Jake Burger,TEX,30,,,,,0,0,0,0,0,0
2026,regular,2026-04-01,630105,Jake Cronenworth,SDP,30,,,,,0,0,0,0,0,0
2026,regular,2026-04-01,641584,Jake Fraley,TBR,30,,,,,0,0,0,0,0,0
2026,regular,2026-04-01,663968,Jake Mangum,PIT,30,,,,,0,0,0,0,0,0
2026,regular,2026-04-01,664983,Jake McCarthy,COL,30,,,,,0,0,0,0,0,0
2026,regular,2026-04-01,676694,Jake Meyers,HOU,30,,,,,0,0,0,0,0,0
2026,regular,2026-04-01,805300,Jakob Marsee,MIA,30,,,,,0,0,0,0,0,0
2026,regular,2026-04-01,681546,James Outman,MIN,30,,,,,0,0,0,0,0,0
2026,regular,2026-04-01,695578,James Wood,WSN,30,,,,,0,0,0,0,0,0
2026,regular,2026-04-01,669707,Jared Triolo,PIT,30,,,,,0,0,0,0,0,0
2026,regular,2026-04-01,676724,Jared Young,NYM,30,,,,,0,0,0,0,0,0
2026,regular,2026-04-01,680776,Jarren Duran,BOS,30,,,,,0,0,0,0,0,0
2026,regular,2026-04-01,595879,Javier Báez,DET,30,,,,,0,0,0,0,0,0
2026,regular,2026-04-01,691594,Javier Sanoja,MIA,30,,,,,0,0,0,0,0,0
2026,regular,2026-04-01,665862,Jazz Chisholm Jr.,NYY,30,,,,,0,0,0,0,0,0
2026,regular,2026-04-01,643446,Jeff McNeil,ATH,30,,,,,0,0,0,0,0,0
2026,regular,2026-04-01,600869,Jeimer Candelario,LAA,30,,,,,0,0,0,0,0,0
2026,regular,2026-04-01,666464,Jerar Encarnacion,SFG,30,,,,,0,0,0,0,0,0
2026,regular,2026-04-01,669236,Jeremiah Jackson,BAL,30,,,,,0,0,0,0,0,0
2026,regular,2026-04-01,660821,Jesús Sánchez,TOR,30,,,,,0,0,0,0,0,0
2026,regular,2026-04-01,802139,JJ Wetherholt,STL,30,,,,,0,0,0,0,0,0
2026,regular,2026-04-01,666176,Jo Adell,LAA,30,,,,,0,0,0,0,0,0
2026,regular,2026-04-01,694388,Joey Loperfido,HOU,30,,,,,0,0,0,0,0,0
2026,regular,2026-04-01,687401,Joey Ortiz,MIL,30,,,,,0,0,0,0,0,0
2026,regular,2026-04-01,686894,Joey Wiemer,WSN,30,,,,,0,0,0,0,0,0
2026,regular,2026-04-01,666018,Jonathan Aranda,TBR,30,,,,,0,0,0,0,0,0
2026,regular,2026-04-01,663697,Jonathan India,KCR,30,,,,,0,0,0,0,0,0
2026,regular,2026-04-01,676356,Jonny DeLuca,TBR,30,,,,,0,0,0,0,0,0
2026,regular,2026-04-01,687597,Jordan Beck,COL,30,,,,,0,0,0,0,0,0
2026,regular,2026-04-01,691783,Jordan Lawlar,ARI,30,,,,,0,0,0,0,0,0
2026,regular,2026-04-01,691023,Jordan Walker,STL,30,,,,,0,0,0,0,0,0
2026,regular,2026-04-01,593871,Jorge Polanco,NYM,30,,,,,0,0,0,0,0,0
2026,regular,2026-04-01,624585,Jorge Soler,LAA,30,,,,,0,0,0,0,0,0
2026,regular,2026-04-01,514888,Jose Altuve,HOU,30,,,,,0,0,0,0,0,0
2026,regular,2026-04-01,699912,Jose Fernandez,ARI,30,,,,,0,0,0,0,0,0
2026,regular,2026-04-01,605137,Josh Bell,MIN,30,,,,,0,0,0,0,0,0
2026,regular,2026-04-01,673962,Josh Jung,TEX,30,,,,,0,0,0,0,0,0
2026,regular,2026-04-01,647304,Josh Naylor,SEA,30,,,,,0,0,0,0,0,0
2026,regular,2026-04-01,669701,Josh Smith,TEX,30,,,,,0,0,0,0,0,0
2026,regular,2026-04-01,676609,José Caballero,NYY,30,,,,,0,0,0,0,0,0
2026,regular,2026-04-01,608070,José Ramírez,CLE,30,,,,,0,0,0,0,0,0
2026,regular,2026-04-01,665742,Juan Soto,NYM,30,,,,,0,0,0,0,0,0
2026,regular,2026-04-01,677594,Julio Rodríguez,SEA,30,,,,,0,0,0,0,0,0
2026,regular,2026-04-01,808982,Jung Hoo Lee,SFG,30,,,,,0,0,0,0,0,0
2026,regular,2026-04-01,691406,Junior Caminero,TBR,30,,,,,0,0,0,0,0,0
2026,regular,2026-04-01,702222,Justin Crawford,PHI,30,,,,,0,0,0,0,0,0
2026,regular,2026-04-01,672960,Kazuma Okamoto,TOR,30,,,,,0,0,0,0,0,0
2026,regular,2026-04-01,663647,Ke'Bryan Hayes,CIN,30,,,,,0,0,0,0,0,0
2026,regular,2026-04-01,681481,Kerry Carpenter,DET,30,,,,,0,0,0,0,0,0
2026,regular,2026-04-01,606466,Ketel Marte,ARI,30,,,,,0,0,0,0,0,0
2026,regular,2026-04-01,805808,Kevin McGonigle,DET,30,,,,,0,0,0,0,0,0
2026,regular,2026-04-01,664728,Kyle Isbel,KCR,30,,,,,0,0,0,0,0,0
2026,regular,2026-04-01,691720,Kyle Karros,COL,30,,,,,0,0,0,0,0,0
2026,regular,2026-04-01,700932,Kyle Manzardo,CLE,30,,,,,0,0,0,0,0,0
2026,regular,2026-04-01,656941,Kyle Schwarber,PHI,30,,,,,0,0,0,0,0,0
2026,regular,2026-04-01,663656,Kyle Tucker,LAD,30,,,,,0,0,0,0,0,0
2026,regular,2026-04-01,671732,Lawrence Butler,ATH,30,,,,,0,0,0,0,0,0
2026,regular,2026-04-01,672820,Lenyn Sosa,CHW,30,,,,,0,0,0,0,0,0
2026,regular,2026-04-01,677870,Leo Jiménez,MIA,30,,,,,0,0,0,0,0,0
2026,regular,2026-04-01,660844,Leo Rivas,SEA,30,,,,,0,0,0,0,0,0
2026,regular,2026-04-01,665750,Leody Taveras,BAL,30,,,,,0,0,0,0,0,0
2026,regular,2026-04-01,689414,Liam Hicks,MIA,30,,,,,0,0,0,0,0,0
2026,regular,2026-04-01,650333,Luis Arraez,SFG,30,,,,,0,0,0,0,0,0
2026,regular,2026-04-01,671277,Luis García Jr.,WSN,30,,,,,0,0,0,0,0,0
2026,regular,2026-04-01,673357,Luis Robert Jr.,NYM,30,,,,,0,0,0,0,0,0
2026,regular,2026-04-01,682668,Luisangel Acuña,CHW,30,,,,,0,0,0,0,0,0
2026,regular,2026-04-01,807712,Luke Keaschall,MIN,30,,,,,0,0,0,0,0,0
2026,regular,2026-04-01,670042,Luke Raley,SEA,30,,,,,0,0,0,0,0,0
2026,regular,2026-04-01,672580,Maikel Garcia,KCR,30,,,,,0,0,0,0,0,0
2026,regular,2026-04-01,592518,Manny Machado,SDP,30,,,,,0,0,0,0,0,0
2026,regular,2026-04-01,542303,Marcell Ozuna,PIT,30,,,,,0,0,0,0,0,0
2026,regular,2026-04-01,691785,Marcelo Mayer,BOS,30,,,,,0,0,0,0,0,0
2026,regular,2026-04-01,543760,Marcus Semien,NYM,30,,,,,0,0,0,0,0,0
2026,regular,2026-04-01,668901,Mark Vientos,NYM,30,,,,,0,0,0,0,0,0
2026,regular,2026-04-01,807799,Masataka Yoshida,BOS,30,,,,,0,0,0,0,0,0
2026,regular,2026-04-01,691026,Masyn Winn,STL,30,,,,,0,0,0,0,0,0
2026,regular,2026-04-01,656305,Matt Chapman,SFG,30,,,,,0,0,0,0,0,0
2026,regular,2026-04-01,680574,Matt McLain,CIN,30,,,,,0,0,0,0,0,0
2026,regular,2026-04-01,621566,Matt Olson,ATL,30,,,,,0,0,0,0,0,0
2026,regular,2026-04-01,807713,Matt Shaw,CHC,30,,,,,0,0,0,0,0,0
2026,regular,2026-04-01,663837,Matt Vierling,DET,30,,,,,0,0,0,0,0,0
2026,regular,2026-04-01,670242,Matt Wallner,MIN,30,,,,,0,0,0,0,0,0
2026,regular,2026-04-01,643289,Mauricio Dubón,ATL,30,,,,,0,0,0,0,0,0
2026,regular,2026-04-01,691777,Max Muncy,ATH,30,,,,,0,0,0,0,0,0
2026,regular,2026-04-01,571970,Max Muncy,LAD,30,,,,,0,0,0,0,0,0
2026,regular,2026-04-01,683737,Michael Busch,CHC,30,,,,,0,0,0,0,0,0
2026,regular,2026-04-01,671739,Michael Harris II,ATL,30,,,,,0,0,0,0,0,0
2026,regular,2026-04-01,665804,Miguel Amaya,CHC,30,,,,,0,0,0,0,0,0
2026,regular,2026-04-01,678246,Miguel Vargas,CHW,30,,,,,0,0,0,0,0,0
2026,regular,2026-04-01,545361,Mike Trout,LAA,30,,,,,0,0,0,0,0,0
2026,regular,2026-04-01,573262,Mike Yastrzemski,ATL,30,,,,,0,0,0,0,0,0
2026,regular,2026-04-01,694208,Moisés Ballesteros,CHC,30,,,,,0,0,0,0,0,0
2026,regular,2026-04-01,605141,Mookie Betts,LAD,30,,,,,0,0,0,0,0,0
2026,regular,2026-04-01,808959,Munetaka Murakami,CHW,30,,,,,0,0,0,0,0,0
2026,regular,2026-04-01,664702,Myles Straw,TOR,30,,,,,0,0,0,0,0,0
2026,regular,2026-04-01,683083,Nasim Nuñez,WSN,30,,,,,0,0,0,0,0,0
2026,regular,2026-04-01,701675,Nathan Church,STL,30,,,,,0,0,0,0,0,0
2026,regular,2026-04-01,664770,Nathan Lukes,TOR,30,,,,,0,0,0,0,0,0
2026,regular,2026-04-01,663993,Nathaniel Lowe,CIN,30,,,,,0,0,0,0,0,0
2026,regular,2026-04-01,663743,Nick Fortes,TBR,30,,,,,0,0,0,0,0,0
2026,regular,2026-04-01,693304,Nick Gonzales,PIT,30,,,,,0,0,0,0,0,0
2026,regular,2026-04-01,679845,Nick Loftin,KCR,30,,,,,0,0,0,0,0,0
2026,regular,2026-04-01,694377,Nick Yorke,PIT,30,,,,,0,0,0,0,0,0
2026,regular,2026-04-01,663538,Nico Hoerner,CHC,30,,,,,0,0,0,0,0,0
2026,regular,2026-04-01,571448,Nolan Arenado,ARI,30,,,,,0,0,0,0,0,0
2026,regular,2026-04-01,669357,Nolan Gorman,STL,30,,,,,0,0,0,0,0,0
2026,regular,2026-04-01,665833,Oneil Cruz,PIT,30,,,,,0,0,0,0,0,0
2026,regular,2026-04-01,672724,Oswald Peraza,LAA,30,,,,,0,0,0,0,0,0
2026,regular,2026-04-01,672640,Otto Lopez,MIA,30,,,,,0,0,0,0,0,0
2026,regular,2026-04-01,683357,Owen Caissie,MIA,30,,,,,0,0,0,0,0,0
2026,regular,2026-04-01,645277,Ozzie Albies,ATL,30,,,,,0,0,0,0,0,0
2026,regular,2026-04-01,678009,Parker Meadows,DET,30,,,,,0,0,0,0,0,0
2026,regular,2026-04-01,672275,Patrick Bailey,SFG,30,,,,,0,0,0,0,0,0
2026,regular,2026-04-01,502671,Paul Goldschmidt,NYY,30,,,,,0,0,0,0,0,0
2026,regular,2026-04-01,686780,Pedro Pagés,STL,30,,,,,0,0,0,0,0,0
2026,regular,2026-04-01,624413,Pete Alonso,BAL,30,,,,,0,0,0,0,0,0
2026,regular,2026-04-01,691718,Pete Crow-Armstrong,CHC,30,,,,,0,0,0,0,0,0
2026,regular,2026-04-01,646240,Rafael Devers,SFG,30,,,,,0,0,0,0,0,0
2026,regular,2026-04-01,657656,Ramón Laureano,SDP,30,,,,,0,0,0,0,0,0
2026,regular,2026-04-01,668227,Randy Arozarena,SEA,30,,,,,0,0,0,0,0,0
2026,regular,2026-04-01,624512,Reese McGuire,CHW,30,,,,,0,0,0,0,0,0
2026,regular,2026-04-01,656555,Rhys Hoskins,CLE,30,,,,,0,0,0,0,0,0
2026,regular,2026-04-01,680700,Richie Palacios,TBR,30,,,,,0,0,0,0,0,0
2026,regular,2026-04-01,682985,Riley Greene,DET,30,,,,,0,0,0,0,0,0
2026,regular,2026-04-01,701350,Roman Anthony,BOS,30,,,,,0,0,0,0,0,0
2026,regular,2026-04-01,660670,Ronald Acuña Jr.,ATL,30,,,,,0,0,0,0,0,0
2026,regular,2026-04-01,668904,Royce Lewis,MIN,30,,,,,0,0,0,0,0,0
2026,regular,2026-04-01,680777,Ryan Jeffers,MIN,30,,,,,0,0,0,0,0,0
2026,regular,2026-04-01,641857,Ryan McMahon,NYY,30,,,,,0,0,0,0,0,0
2026,regular,2026-04-01,690022,Ryan Ritter,COL,30,,,,,0,0,0,0,0,0
2026,regular,2026-04-01,668723,Ryan Vilade,TBR,30,,,,,0,0,0,0,0,0
2026,regular,2026-04-01,686217,Sal Frelick,MIL,30,,,,,0,0,0,0,0,0
2026,regular,2026-04-01,701398,Sal Stewart,CIN,30,,,,,0,0,0,0,0,0
2026,regular,2026-04-01,521692,Salvador Perez,KCR,30,,,,,0,0,0,0,0,0
2026,regular,2026-04-01,664059,Sam Haggerty,TEX,30,,,,,0,0,0,0,0,0
2026,regular,2026-04-01,694212,Samuel Basallo,BAL,30,,,,,0,0,0,0,0,0
2026,regular,2026-04-01,669127,Shea Langeliers,ATH,30,,,,,0,0,0,0,0,0
2026,regular,2026-04-01,660271,Shohei Ohtani,LAD,30,,,,,0,0,0,0,0,0
2026,regular,2026-04-01,687462,Spencer Horwitz,PIT,30,,,,,0,0,0,0,0,0
2026,regular,2026-04-01,668715,Spencer Steer,CIN,30,,,,,0,0,0,0,0,0
2026,regular,2026-04-01,680757,Steven Kwan,CLE,30,,,,,0,0,0,0,0,0
2026,regular,2026-04-01,621493,Taylor Ward,BAL,30,,,,,0,0,0,0,0,0
2026,regular,2026-04-01,606192,Teoscar Hernández,LAD,30,,,,,0,0,0,0,0,0
2026,regular,2026-04-01,695336,Thomas Saggese,STL,30,,,,,0,0,0,0,0,0
2026,regular,2026-04-01,694374,Tim Tawa,ARI,30,,,,,0,0,0,0,0,0
2026,regular,2026-04-01,670770,TJ Friedl,CIN,30,,,,,0,0,0,0,0,0
2026,regular,2026-04-01,681198,TJ Rumfield,COL,30,,,,,0,0,0,0,0,0
2026,regular,2026-04-01,518595,Travis d'Arnaud,LAA,30,,,,,0,0,0,0,0,0
2026,regular,2026-04-01,607208,Trea Turner,PHI,30,,,,,0,0,0,0,0,0
2026,regular,2026-04-01,663757,Trent Grisham,NYY,30,,,,,0,0,0,0,0,0
2026,regular,2026-04-01,596115,Trevor Story,BOS,30,,,,,0,0,0,0,0,0
2026,regular,2026-04-01,656484,Tristan Gray,MIN,30,,,,,0,0,0,0,0,0
2026,regular,2026-04-01,671976,Tristan Peters,CHW,30,,,,,0,0,0,0,0,0
2026,regular,2026-04-01,687859,Troy Johnston,COL,30,,,,,0,0,0,0,0,0
2026,regular,2026-04-01,671289,Tyler Freeman,COL,30,,,,,0,0,0,0,0,0
2026,regular,2026-04-01,623168,Tyler Heineman,TOR,30,,,,,0,0,0,0,0,0
2026,regular,2026-04-01,691016,Tyler Soderstrom,ATH,30,,,,,0,0,0,0,0,0
2026,regular,2026-04-01,663886,Tyler Stephenson,CIN,30,,,,,0,0,0,0,0,0
2026,regular,2026-04-01,686475,Tyler Tolbert,KCR,30,,,,,0,0,0,0,0,0
2026,regular,2026-04-01,621438,Tyrone Taylor,NYM,30,,,,,0,0,0,0,0,0
2026,regular,2026-04-01,605170,Victor Caratini,MIN,30,,,,,0,0,0,0,0,0
2026,regular,2026-04-01,687363,Victor Scott II,STL,30,,,,,0,0,0,0,0,0
2026,regular,2026-04-01,686469,Vinnie Pasquantino,KCR,30,,,,,0,0,0,0,0,0
2026,regular,2026-04-01,665489,Vladimir Guerrero Jr.,TOR,30,,,,,0,0,0,0,0,0
2026,regular,2026-04-01,666181,Will Benson,CIN,30,,,,,0,0,0,0,0,0
2026,regular,2026-04-01,669257,Will Smith,LAD,30,,,,,0,0,0,0,0,0
2026,regular,2026-04-01,650489,Willi Castro,COL,30,,,,,0,0,0,0,0,0
2026,regular,2026-04-01,661388,William Contreras,MIL,30,,,,,0,0,0,0,0,0
2026,regular,2026-04-01,575929,Willson Contreras,BOS,30,,,,,0,0,0,0,0,0
2026,regular,2026-04-01,642715,Willy Adames,SFG,30,,,,,0,0,0,0,0,0
2026,regular,2026-04-01,677800,Wilyer Abreu,BOS,30,,,,,0,0,0,0,0,0
2026,regular,2026-04-01,694671,Wyatt Langford,TEX,30,,,,,0,0,0,0,0,0
2026,regular,2026-04-01,593428,Xander Bogaerts,SDP,30,,,,,0,0,0,0,0,0
2026,regular,2026-04-01,669364,Xavier Edwards,MIA,30,,,,,0,0,0,0,0,0
2026,regular,2026-04-01,650490,Yandy Díaz,TBR,30,,,,,0,0,0,0,0,0
2026,regular,2026-04-01,670541,Yordan Alvarez,HOU,30,,,,,0,0,0,0,0,0
2026,regular,2026-04-01,660162,Yoán Moncada,LAA,30,,,,,0,0,0,0,0,0
2026,regular,2026-04-01,687263,Zach Neto,LAA,30,,,,,0,0,0,0,0,0
2026,regular,2026-04-02,677950,Alek Thomas,ARI,30,,,,,0,0,0,0,0,0
2026,regular,2026-04-02,668885,Austin Martin,MIN,30,,,,,0,0,0,0,0,0
2026,regular,2026-04-02,663586,Austin Riley,ATL,30,,,,,0,0,0,0,0,0
2026,regular,2026-04-02,666182,Bo Bichette,NYM,30,,,,,0,0,0,0,0,0
2026,regular,2026-04-02,677951,Bobby Witt Jr.,KCR,30,,,,,0,0,0,0,0,0
2026,regular,2026-04-02,621439,Byron Buxton,MIN,30,,,,,0,0,0,0,0,0
2026,regular,2026-04-02,467793,Carlos Santana,ARI,30,,,,,0,0,0,0,0,0
2026,regular,2026-04-02,695600,Carter Jensen,KCR,30,,,,,0,0,0,0,0,0
2026,regular,2026-04-02,669477,Casey Schmitt,SFG,30,,,,,0,0,0,0,0,0
2026,regular,2026-04-02,682998,Corbin Carroll,ARI,30,,,,,0,0,0,0,0,0
2026,regular,2026-04-02,691740,Daniel Susac,SFG,30,,,,,0,0,0,0,0,0
2026,regular,2026-04-02,642086,Dominic Smith,ATL,30,,,,,0,0,0,0,0,0
2026,regular,2026-04-02,686948,Drake Baldwin,ATL,30,,,,,0,0,0,0,0,0
2026,regular,2026-04-02,642201,Eli White,ATL,30,,,,,0,0,0,0,0,0
2026,regular,2026-04-02,682626,Francisco Alvarez,NYM,30,,,,,0,0,0,0,0,0
2026,regular,2026-04-02,596019,Francisco Lindor,NYM,30,,,,,0,0,0,0,0,0
2026,regular,2026-04-02,672515,Gabriel Moreno,ARI,30,,,,,0,0,0,0,0,0
2026,regular,2026-04-02,672695,Geraldo Perdomo,ARI,30,,,,,0,0,0,0,0,0
2026,regular,2026-04-02,664056,Harrison Bader,SFG,30,,,,,0,0,0,0,0,0
2026,regular,2026-04-02,671218,Heliot Ramos,SFG,30,,,,,0,0,0,0,0,0
2026,regular,2026-04-02,545121,Ildemaro Vargas,ARI,30,,,,,0,0,0,0,0,0
2026,regular,2026-04-02,686555,Isaac Collins,KCR,30,,,,,0,0,0,0,0,0
2026,regular,2026-04-02,695506,Jac Caglianone,KCR,30,,,,,0,0,0,0,0,0
2026,regular,2026-04-02,543510,James McCann,ARI,30,,,,,0,0,0,0,0,0
2026,regular,2026-04-02,681546,James Outman,MIN,30,,,,,0,0,0,0,0,0
2026,regular,2026-04-02,663697,Jonathan India,KCR,30,,,,,0,0,0,0,0,0
2026,regular,2026-04-02,691783,Jordan Lawlar,ARI,30,,,,,0,0,0,0,0,0
2026,regular,2026-04-02,678489,Jorge Barrosa,ARI,30,,,,,0,0,0,0,0,0
2026,regular,2026-04-02,622761,Jorge Mateo,ATL,30,,,,,0,0,0,0,0,0
2026,regular,2026-04-02,593871,Jorge Polanco,NYM,30,,,,,0,0,0,0,0,0
2026,regular,2026-04-02,699912,Jose Fernandez,ARI,30,,,,,0,0,0,0,0,0
2026,regular,2026-04-02,605137,Josh Bell,MIN,30,,,,,0,0,0,0,0,0
2026,regular,2026-04-02,665742,Juan Soto,NYM,30,,,,,0,0,0,0,0,0
2026,regular,2026-04-02,808982,Jung Hoo Lee,SFG,30,,,,,0,0,0,0,0,0
2026,regular,2026-04-02,606466,Ketel Marte,ARI,30,,,,,0,0,0,0,0,0
2026,regular,2026-04-02,665019,Kody Clemens,MIN,30,,,,,0,0,0,0,0,0
2026,regular,2026-04-02,571657,Kyle Farmer,ATL,30,,,,,0,0,0,0,0,0
2026,regular,2026-04-02,664728,Kyle Isbel,KCR,30,,,,,0,0,0,0,0,0
2026,regular,2026-04-02,657041,Lane Thomas,KCR,30,,,,,0,0,0,0,0,0
2026,regular,2026-04-02,650333,Luis Arraez,SFG,30,,,,,0,0,0,0,0,0
2026,regular,2026-04-02,673357,Luis Robert Jr.,NYM,30,,,,,0,0,0,0,0,0
2026,regular,2026-04-02,807712,Luke Keaschall,MIN,30,,,,,0,0,0,0,0,0
2026,regular,2026-04-02,672580,Maikel Garcia,KCR,30,,,,,0,0,0,0,0,0
2026,regular,2026-04-02,543760,Marcus Semien,NYM,30,,,,,0,0,0,0,0,0
2026,regular,2026-04-02,668901,Mark Vientos,NYM,30,,,,,0,0,0,0,0,0
2026,regular,2026-04-02,656305,Matt Chapman,SFG,30,,,,,0,0,0,0,0,0
2026,regular,2026-04-02,621566,Matt Olson,ATL,30,,,,,0,0,0,0,0,0
2026,regular,2026-04-02,670242,Matt Wallner,MIN,30,,,,,0,0,0,0,0,0
2026,regular,2026-04-02,643289,Mauricio Dubón,ATL,30,,,,,0,0,0,0,0,0
2026,regular,2026-04-02,671739,Michael Harris II,ATL,30,,,,,0,0,0,0,0,0
2026,regular,2026-04-02,573262,Mike Yastrzemski,ATL,30,,,,,0,0,0,0,0,0
2026,regular,2026-04-02,571448,Nolan Arenado,ARI,30,,,,,0,0,0,0,0,0
2026,regular,2026-04-02,645277,Ozzie Albies,ATL,30,,,,,0,0,0,0,0,0
2026,regular,2026-04-02,646240,Rafael Devers,SFG,30,,,,,0,0,0,0,0,0
2026,regular,2026-04-02,660670,Ronald Acuña Jr.,ATL,30,,,,,0,0,0,0,0,0
2026,regular,2026-04-02,668904,Royce Lewis,MIN,30,,,,,0,0,0,0,0,0
2026,regular,2026-04-02,521692,Salvador Perez,KCR,30,,,,,0,0,0,0,0,0
2026,regular,2026-04-02,694374,Tim Tawa,ARI,30,,,,,0,0,0,0,0,0
2026,regular,2026-04-02,663616,Trevor Larnach,MIN,30,,,,,0,0,0,0,0,0
2026,regular,2026-04-02,656484,Tristan Gray,MIN,30,,,,,0,0,0,0,0,0
2026,regular,2026-04-02,686475,Tyler Tolbert,KCR,30,,,,,0,0,0,0,0,0
2026,regular,2026-04-02,621438,Tyrone Taylor,NYM,30,,,,,0,0,0,0,0,0
2026,regular,2026-04-02,605170,Victor Caratini,MIN,30,,,,,0,0,0,0,0,0
2026,regular,2026-04-02,686469,Vinnie Pasquantino,KCR,30,,,,,0,0,0,0,0,0
2026,regular,2026-04-02,642715,Willy Adames,SFG,30,,,,,0,0,0,0,0,0
2026,regular,2026-04-03,592450,Aaron Judge,NYY,30,,,,,0,0,0,0,0,0
2026,regular,2026-04-03,680718,Addison Barger,TOR,30,,,,,0,0,0,0,0,0
2026,regular,2026-04-03,668939,Adley Rutschman,BAL,30,,,,,0,0,0,0,0,0
2026,regular,2026-04-03,666969,Adolis García,PHI,30,,,,,0,0,0,0,0,0
2026,regular,2026-04-03,682663,Agustín Ramírez,MIA,30,,,,,0,0,0,0,0,0
2026,regular,2026-04-03,664761,Alec Bohm,PHI,30,,,,,0,0,0,0,0,0
2026,regular,2026-04-03,676475,Alec Burleson,STL,30,,,,,0,0,0,0,0,0
2026,regular,2026-04-03,672386,Alejandro Kirk,TOR,30,,,,,0,0,0,0,0,0
2026,regular,2026-04-03,677950,Alek Thomas,ARI,30,,,,,0,0,0,0,0,0
2026,regular,2026-04-03,608324,Alex Bregman,CHC,30,,,,,0,0,0,0,0,0
2026,regular,2026-04-03,669743,Alex Call,LAD,30,,,,,0,0,0,0,0,0
2026,regular,2026-04-03,690976,Alex Freeland,LAD,30,,,,,0,0,0,0,0,0
2026,regular,2026-04-03,643217,Andrew Benintendi,CHW,30,,,,,0,0,0,0,0,0
2026,regular,2026-04-03,457705,Andrew McCutchen,TEX,30,,,,,0,0,0,0,0,0
2026,regular,2026-04-03,665926,Andrés Giménez,TOR,30,,,,,0,0,0,0,0,0
2026,regular,2026-04-03,628451,Andy Ibáñez,ATH,30,,,,,0,0,0,0,0,0
2026,regular,2026-04-03,681624,Andy Pages,LAD,30,,,,,0,0,0,0,0,0
2026,regular,2026-04-03,682657,Angel Martínez,CLE,30,,,,,0,0,0,0,0,0
2026,regular,2026-04-03,669720,Austin Hays,CHW,30,,,,,0,0,0,0,0,0
2026,regular,2026-04-03,668885,Austin Martin,MIN,30,,,,,0,0,0,0,0,0
2026,regular,2026-04-03,663586,Austin Riley,ATL,30,,,,,0,0,0,0,0,0
2026,regular,2026-04-03,596103,Austin Slater,MIA,30,,,,,0,0,0,0,0,0
2026,regular,2026-04-03,669224,Austin Wells,NYY,30,,,,,0,0,0,0,0,0
2026,regular,2026-04-03,700250,Ben Rice,NYY,30,,,,,0,0,0,0,0,0
2026,regular,2026-04-03,810938,Ben Williamson,TBR,30,,,,,0,0,0,0,0,0
2026,regular,2026-04-03,677942,Blaze Alexander,BAL,30,,,,,0,0,0,0,0,0
2026,regular,2026-04-03,666182,Bo Bichette,NYM,30,,,,,0,0,0,0,0,0
2026,regular,2026-04-03,666310,Bo Naylor,CLE,30,,,,,0,0,0,0,0,0
2026,regular,2026-04-03,691781,Brady House,WSN,30,,,,,0,0,0,0,0,0
2026,regular,2026-04-03,664040,Brandon Lowe,PIT,30,,,,,0,0,0,0,0,0
2026,regular,2026-04-03,669016,Brandon Marsh,PHI,30,,,,,0,0,0,0,0,0
2026,regular,2026-04-03,607043,Brandon Nimmo,TEX,30,,,,,0,0,0,0,0,0
2026,regular,2026-04-03,677587,Brayan Rocchio,CLE,30,,,,,0,0,0,0,0,0
2026,regular,2026-04-03,680977,Brendan Donovan,SEA,30,,,,,0,0,0,0,0,0
2026,regular,2026-04-03,667670,Brent Rooker,ATH,30,,,,,0,0,0,0,0,0
2026,regular,2026-04-03,686668,Brenton Doyle,COL,30,,,,,0,0,0,0,0,0
2026,regular,2026-04-03,683146,Brett Baty,NYM,30,,,,,0,0,0,0,0,0
2026,regular,2026-04-03,694728,Brice Matthews,HOU,30,,,,,0,0,0,0,0,0
2026,regular,2026-04-03,668804,Bryan Reynolds,PIT,30,,,,,0,0,0,0,0,0
2026,regular,2026-04-03,547180,Bryce Harper,PHI,30,,,,,0,0,0,0,0,0
2026,regular,2026-04-03,669369,Bryce Johnson,SDP,30,,,,,0,0,0,0,0,0
2026,regular,2026-04-03,681082,Bryson Stott,PHI,30,,,,,0,0,0,0,0,0
2026,regular,2026-04-03,621439,Byron Buxton,MIN,30,,,,,0,0,0,0,0,0
2026,regular,2026-04-03,663728,Cal Raleigh,SEA,30,,,,,0,0,0,0,0,0
2026,regular,2026-04-03,702332,Caleb Durbin,BOS,30,,,,,0,0,0,0,0,0
2026,regular,2026-04-03,701358,Cam Smith,HOU,30,,,,,0,0,0,0,0,0
2026,regular,2026-04-03,621043,Carlos Correa,HOU,30,,,,,0,0,0,0,0,0
2026,regular,2026-04-03,665966,Carlos Narváez,BOS,30,,,,,0,0,0,0,0,0
2026,regular,2026-04-03,467793,Carlos Santana,ARI,30,,,,,0,0,0,0,0,0
2026,regular,2026-04-03,701807,Carson Benge,NYM,30,,,,,0,0,0,0,0,0
2026,regular,2026-04-03,608348,Carson Kelly,CHC,30,,,,,0,0,0,0,0,0
2026,regular,2026-04-03,700246,Carson Williams,TBR,30,,,,,0,0,0,0,0,0
2026,regular,2026-04-03,678882,Ceddanne Rafaela,BOS,30,,,,,0,0,0,0,0,0
2026,regular,2026-04-03,656775,Cedric Mullins,TBR,30,,,,,0,0,0,0,0,0
2026,regular,2026-04-03,802415,Chandler Simpson,TBR,30,,,,,0,0,0,0,0,0
2026,regular,2026-04-03,800050,Chase DeLauter,CLE,30,,,,,0,0,0,0,0,0
2026,regular,2026-04-03,805367,Chase Meidroth,CHW,30,,,,,0,0,0,0,0,0
2026,regular,2026-04-03,543877,Christian Vázquez,HOU,30,,,,,0,0,0,0,0,0
2026,regular,2026-04-03,572233,Christian Walker,HOU,30,,,,,0,0,0,0,0,0
2026,regular,2026-04-03,682928,CJ Abrams,WSN,30,,,,,0,0,0,0,0,0
2026,regular,2026-04-03,691723,Coby Mayo,BAL,30,,,,,0,0,0,0,0,0
2026,regular,2026-04-03,641355,Cody Bellinger,NYY,30,,,,,0,0,0,0,0,0
2026,regular,2026-04-03,702284,Cole Young,SEA,30,,,,,0,0,0,0,0,0
2026,regular,2026-04-03,695657,Colson Montgomery,CHW,30,,,,,0,0,0,0,0,0
2026,regular,2026-04-03,681297,Colton Cowser,BAL,30,,,,,0,0,0,0,0,0
2026,regular,2026-04-03,681393,Connor Norby,MIA,30,,,,,0,0,0,0,0,0
2026,regular,2026-04-03,682998,Corbin Carroll,ARI,30,,,,,0,0,0,0,0,0
2026,regular,2026-04-03,608369,Corey Seager,TEX,30,,,,,0,0,0,0,0,0
2026,regular,2026-04-03,667472,Dane Myers,CIN,30,,,,,0,0,0,0,0,0
2026,regular,2026-04-03,682177,Daniel Schneemann,CLE,30,,,,,0,0,0,0,0,0
2026,regular,2026-04-03,643376,Danny Jansen,TEX,30,,,,,0,0,0,0,0,0
2026,regular,2026-04-03,621020,Dansby Swanson,CHC,30,,,,,0,0,0,0,0,0
2026,regular,2026-04-03,687231,Darell Hernaiz,ATH,30,,,,,0,0,0,0,0,0
2026,regular,2026-04-03,662139,Daulton Varsho,TOR,30,,,,,0,0,0,0,0,0
2026,regular,2026-04-03,676914,Davis Schneider,TOR,30,,,,,0,0,0,0,0,0
2026,regular,2026-04-03,695734,Daylen Lile,WSN,30,,,,,0,0,0,0,0,0
2026,regular,2026-04-03,672016,Denzel Clarke,ATH,30,,,,,0,0,0,0,0,0
2026,regular,2026-04-03,656537,Derek Hill,CHW,30,,,,,0,0,0,0,0,0
2026,regular,2026-04-03,693307,Dillon Dingler,DET,30,,,,,0,0,0,0,0,0
2026,regular,2026-04-03,642086,Dominic Smith,ATL,30,,,,,0,0,0,0,0,0
2026,regular,2026-04-03,686948,Drake Baldwin,ATL,30,,,,,0,0,0,0,0,0
2026,regular,2026-04-03,687637,Dylan Beavers,BAL,30,,,,,0,0,0,0,0,0
2026,regular,2026-04-03,664238,Dylan Moore,PHI,30,,,,,0,0,0,0,0,0
2026,regular,2026-04-03,700337,Edgar Quero,CHW,30,,,,,0,0,0,0,0,0
2026,regular,2026-04-03,624641,Edmundo Sosa,PHI,30,,,,,0,0,0,0,0,0
2026,regular,2026-04-03,666397,Edouard Julien,COL,30,,,,,0,0,0,0,0,0
2026,regular,2026-04-03,642201,Eli White,ATL,30,,,,,0,0,0,0,0,0
2026,regular,2026-04-03,682829,Elly De La Cruz,CIN,30,,,,,0,0,0,0,0,0
2026,regular,2026-04-03,676391,Ernie Clement,TOR,30,,,,,0,0,0,0,0,0
2026,regular,2026-04-03,553993,Eugenio Suárez,CIN,30,,,,,0,0,0,0,0,0
2026,regular,2026-04-03,694497,Evan Carter,TEX,30,,,,,0,0,0,0,0,0
2026,regular,2026-04-03,678662,Ezequiel Tovar,COL,30,,,,,0,0,0,0,0,0
2026,regular,2026-04-03,665487,Fernando Tatis Jr.,SDP,30,,,,,0,0,0,0,0,0
2026,regular,2026-04-03,682626,Francisco Alvarez,NYM,30,,,,,0,0,0,0,0,0
2026,regular,2026-04-03,596019,Francisco Lindor,NYM,30,,,,,0,0,0,0,0,0
2026,regular,2026-04-03,518692,Freddie Freeman,LAD,30,,,,,0,0,0,0,0,0
2026,regular,2026-04-03,666023,Freddy Fermin,SDP,30,,,,,0,0,0,0,0,0
2026,regular,2026-04-03,672356,Gabriel Arias,CLE,30,,,,,0,0,0,0,0,0
2026,regular,2026-04-03,672515,Gabriel Moreno,ARI,30,,,,,0,0,0,0,0,0
2026,regular,2026-04-03,657757,Gavin Sheets,SDP,30,,,,,0,0,0,0,0,0
2026,regular,2026-04-03,543807,George Springer,TOR,30,,,,,0,0,0,0,0,0
2026,regular,2026-04-03,672695,Geraldo Perdomo,ARI,30,,,,,0,0,0,0,0,0
2026,regular,2026-04-03,519317,Giancarlo Stanton,NYY,30,,,,,0,0,0,0,0,0
2026,regular,2026-04-03,650402,Gleyber Torres,DET,30,,,,,0,0,0,0,0,0
2026,regular,2026-04-03,688363,Graham Pauley,MIA,30,,,,,0,0,0,0,0,0
2026,regular,2026-04-03,665052,Griffin Conine,MIA,30,,,,,0,0,0,0,0,0
2026,regular,2026-04-03,683002,Gunnar Henderson,BAL,30,,,,,0,0,0,0,0,0
2026,regular,2026-04-03,664056,Harrison Bader,SFG,30,,,,,0,0,0,0,0,0
2026,regular,2026-04-03,671218,Heliot Ramos,SFG,30,,,,,0,0,0,0,0,0
2026,regular,2026-04-03,680779,Henry Davis,PIT,30,,,,,0,0,0,0,0,0
2026,regular,2026-04-03,681715,Heriberto Hernández,MIA,30,,,,,0,0,0,0,0,0
2026,regular,2026-04-03,696100,Hunter Goodman,COL,30,,,,,0,0,0,0,0,0
2026,regular,2026-04-03,664023,Ian Happ,CHC,30,,,,,0,0,0,0,0,0
2026,regular,2026-04-03,671056,Iván Herrera,STL,30,,,,,0,0,0,0,0,0
2026,regular,2026-04-03,641487,J.P. Crawford,SEA,30,,,,,0,0,0,0,0,0
2026,regular,2026-04-03,592663,J.T. Realmuto,PHI,30,,,,,0,0,0,0,0,0
2026,regular,2026-04-03,701538,Jackson Merrill,SDP,30,,,,,0,0,0,0,0,0
2026,regular,2026-04-03,805779,Jacob Wilson,ATH,30,,,,,0,0,0,0,0,0
2026,regular,2026-04-03,696285,Jacob Young,WSN,30,,,,,0,0,0,0,0,0
2026,regular,2026-04-03,669394,Jake Burger,TEX,30,,,,,0,0,0,0,0,0
2026,regular,2026-04-03,630105,Jake Cronenworth,SDP,30,,,,,0,0,0,0,0,0
2026,regular,2026-04-03,641584,Jake Fraley,TBR,30,,,,,0,0,0,0,0,0
2026,regular,2026-04-03,663968,Jake Mangum,PIT,30,,,,,0,0,0,0,0,0
2026,regular,2026-04-03,664983,Jake McCarthy,COL,30,,,,,0,0,0,0,0,0
2026,regular,2026-04-03,676694,Jake Meyers,HOU,30,,,,,0,0,0,0,0,0
2026,regular,2026-04-03,805300,Jakob Marsee,MIA,30,,,,,0,0,0,0,0,0
2026,regular,2026-04-03,543510,James McCann,ARI,30,,,,,0,0,0,0,0,0
2026,regular,2026-04-03,681546,James Outman,MIN,30,,,,,0,0,0,0,0,0
2026,regular,2026-04-03,695578,James Wood,WSN,30,,,,,0,0,0,0,0,0
2026,regular,2026-04-03,669707,Jared Triolo,PIT,30,,,,,0,0,0,0,0,0
2026,regular,2026-04-03,680776,Jarren Duran,BOS,30,,,,,0,0,0,0,0,0
2026,regular,2026-04-03,595879,Javier Báez,DET,30,,,,,0,0,0,0,0,0
2026,regular,2026-04-03,665862,Jazz Chisholm Jr.,NYY,30,,,,,0,0,0,0,0,0
2026,regular,2026-04-03,643446,Jeff McNeil,ATH,30,,,,,0,0,0,0,0,0
2026,regular,2026-04-03,666464,Jerar Encarnacion,SFG,30,,,,,0,0,0,0,0,0
2026,regular,2026-04-03,669236,Jeremiah Jackson,BAL,30,,,,,0,0,0,0,0,0
2026,regular,2026-04-03,665161,Jeremy Peña,HOU,30,,,,,0,0,0,0,0,0
2026,regular,2026-04-03,660821,Jesús Sánchez,TOR,30,,,,,0,0,0,0,0,0
2026,regular,2026-04-03,802139,JJ Wetherholt,STL,30,,,,,0,0,0,0,0,0
2026,regular,2026-04-03,666176,Jo Adell,LAA,30,,,,,0,0,0,0,0,0
2026,regular,2026-04-03,592626,Joc Pederson,TEX,30,,,,,0,0,0,0,0,0
2026,regular,2026-04-03,694388,Joey Loperfido,HOU,30,,,,,0,0,0,0,0,0
2026,regular,2026-04-03,641680,Jonah Heim,ATL,30,,,,,0,0,0,0,0,0
2026,regular,2026-04-03,666018,Jonathan Aranda,TBR,30,,,,,0,0,0,0,0,0
2026,regular,2026-04-03,676356,Jonny DeLuca,TBR,30,,,,,0,0,0,0,0,0
2026,regular,2026-04-03,678391,Jorbit Vivas,WSN,30,,,,,0,0,0,0,0,0
2026,regular,2026-04-03,691023,Jordan Walker,STL,30,,,,,0,0,0,0,0,0
2026,regular,2026-04-03,624585,Jorge Soler,LAA,30,,,,,0,0,0,0,0,0
2026,regular,2026-04-03,514888,Jose Altuve,HOU,30,,,,,0,0,0,0,0,0
2026,regular,2026-04-03,605137,Josh Bell,MIN,30,,,,,0,0,0,0,0,0
2026,regular,2026-04-03,673962,Josh Jung,TEX,30,,,,,0,0,0,0,0,0
2026,regular,2026-04-03,666139,Josh Lowe,LAA,30,,,,,0,0,0,0,0,0
2026,regular,2026-04-03,647304,Josh Naylor,SEA,30,,,,,0,0,0,0,0,0
2026,regular,2026-04-03,669701,Josh Smith,TEX,30,,,,,0,0,0,0,0,0
2026,regular,2026-04-03,676609,José Caballero,NYY,30,,,,,0,0,0,0,0,0
2026,regular,2026-04-03,665877,José Fermín,STL,30,,,,,0,0,0,0,0,0
2026,regular,2026-04-03,608070,José Ramírez,CLE,30,,,,,0,0,0,0,0,0
2026,regular,2026-04-03,665742,Juan Soto,NYM,30,,,,,0,0,0,0,0,0
2026,regular,2026-04-03,677594,Julio Rodríguez,SEA,30,,,,,0,0,0,0,0,0
2026,regular,2026-04-03,808982,Jung Hoo Lee,SFG,30,,,,,0,0,0,0,0,0
2026,regular,2026-04-03,691406,Junior Caminero,TBR,30,,,,,0,0,0,0,0,0
2026,regular,2026-04-03,702222,Justin Crawford,PHI,30,,,,,0,0,0,0,0,0
2026,regular,2026-04-03,672960,Kazuma Okamoto,TOR,30,,,,,0,0,0,0,0,0
2026,regular,2026-04-03,663647,Ke'Bryan Hayes,CIN,30,,,,,0,0,0,0,0,0
2026,regular,2026-04-03,660688,Keibert Ruiz,WSN,30,,,,,0,0,0,0,0,0
2026,regular,2026-04-03,681481,Kerry Carpenter,DET,30,,,,,0,0,0,0,0,0
2026,regular,2026-04-03,606466,Ketel Marte,ARI,30,,,,,0,0,0,0,0,0
2026,regular,2026-04-03,805808,Kevin McGonigle,DET,30,,,,,0,0,0,0,0,0
2026,regular,2026-04-03,665019,Kody Clemens,MIN,30,,,,,0,0,0,0,0,0
2026,regular,2026-04-03,804606,Konnor Griffin,PIT,30,,,,,0,0,0,0,0,0
2026,regular,2026-04-03,691720,Kyle Karros,COL,30,,,,,0,0,0,0,0,0
2026,regular,2026-04-03,700932,Kyle Manzardo,CLE,30,,,,,0,0,0,0,0,0
2026,regular,2026-04-03,656941,Kyle Schwarber,PHI,30,,,,,0,0,0,0,0,0
2026,regular,2026-04-03,663656,Kyle Tucker,LAD,30,,,,,0,0,0,0,0,0
2026,regular,2026-04-03,671732,Lawrence Butler,ATH,30,,,,,0,0,0,0,0,0
2026,regular,2026-04-03,672820,Lenyn Sosa,CHW,30,,,,,0,0,0,0,0,0
2026,regular,2026-04-03,677870,Leo Jiménez,MIA,30,,,,,0,0,0,0,0,0
2026,regular,2026-04-03,660844,Leo Rivas,SEA,30,,,,,0,0,0,0,0,0
2026,regular,2026-04-03,665750,Leody Taveras,BAL,30,,,,,0,0,0,0,0,0
2026,regular,2026-04-03,689414,Liam Hicks,MIA,30,,,,,0,0,0,0,0,0
2026,regular,2026-04-03,681351,Logan O'Hoppe,LAA,30,,,,,0,0,0,0,0,0
2026,regular,2026-04-03,650333,Luis Arraez,SFG,30,,,,,0,0,0,0,0,0
2026,regular,2026-04-03,669134,Luis Campusano,SDP,30,,,,,0,0,0,0,0,0
2026,regular,2026-04-03,671277,Luis García Jr.,WSN,30,,,,,0,0,0,0,0,0
2026,regular,2026-04-03,673357,Luis Robert Jr.,NYM,30,,,,,0,0,0,0,0,0
2026,regular,2026-04-03,682668,Luisangel Acuña,CHW,30,,,,,0,0,0,0,0,0
2026,regular,2026-04-03,807712,Luke Keaschall,MIN,30,,,,,0,0,0,0,0,0
2026,regular,2026-04-03,670042,Luke Raley,SEA,30,,,,,0,0,0,0,0,0
2026,regular,2026-04-03,592518,Manny Machado,SDP,30,,,,,0,0,0,0,0,0
2026,regular,2026-04-03,542303,Marcell Ozuna,PIT,30,,,,,0,0,0,0,0,0
2026,regular,2026-04-03,691785,Marcelo Mayer,BOS,30,,,,,0,0,0,0,0,0
2026,regular,2026-04-03,543760,Marcus Semien,NYM,30,,,,,0,0,0,0,0,0
2026,regular,2026-04-03,668901,Mark Vientos,NYM,30,,,,,0,0,0,0,0,0
2026,regular,2026-04-03,691026,Masyn Winn,STL,30,,,,,0,0,0,0,0,0
2026,regular,2026-04-03,656305,Matt Chapman,SFG,30,,,,,0,0,0,0,0,0
2026,regular,2026-04-03,680574,Matt McLain,CIN,30,,,,,0,0,0,0,0,0
2026,regular,2026-04-03,621566,Matt Olson,ATL,30,,,,,0,0,0,0,0,0
2026,regular,2026-04-03,807713,Matt Shaw,CHC,30,,,,,0,0,0,0,0,0
2026,regular,2026-04-03,670242,Matt Wallner,MIN,30,,,,,0,0,0,0,0,0
2026,regular,2026-04-03,643289,Mauricio Dubón,ATL,30,,,,,0,0,0,0,0,0
2026,regular,2026-04-03,571970,Max Muncy,LAD,30,,,,,0,0,0,0,0,0
2026,regular,2026-04-03,691777,Max Muncy,ATH,30,,,,,0,0,0,0,0,0
2026,regular,2026-04-03,683737,Michael Busch,CHC,30,,,,,0,0,0,0,0,0
2026,regular,2026-04-03,671739,Michael Harris II,ATL,30,,,,,0,0,0,0,0,0
2026,regular,2026-04-03,666160,Mickey Moniak,COL,30,,,,,0,0,0,0,0,0
2026,regular,2026-04-03,665804,Miguel Amaya,CHC,30,,,,,0,0,0,0,0,0
2026,regular,2026-04-03,609280,Miguel Andujar,SDP,30,,,,,0,0,0,0,0,0
2026,regular,2026-04-03,678246,Miguel Vargas,CHW,30,,,,,0,0,0,0,0,0
2026,regular,2026-04-03,545361,Mike Trout,LAA,30,,,,,0,0,0,0,0,0
2026,regular,2026-04-03,573262,Mike Yastrzemski,ATL,30,,,,,0,0,0,0,0,0
2026,regular,2026-04-03,694208,Moisés Ballesteros,CHC,30,,,,,0,0,0,0,0,0
2026,regular,2026-04-03,605141,Mookie Betts,LAD,30,,,,,0,0,0,0,0,0
2026,regular,2026-04-03,808959,Munetaka Murakami,CHW,30,,,,,0,0,0,0,0,0
2026,regular,2026-04-03,664702,Myles Straw,TOR,30,,,,,0,0,0,0,0,0
2026,regular,2026-04-03,683083,Nasim Nuñez,WSN,30,,,,,0,0,0,0,0,0
2026,regular,2026-04-03,701675,Nathan Church,STL,30,,,,,0,0,0,0,0,0
2026,regular,2026-04-03,669397,Nick Allen,HOU,30,,,,,0,0,0,0,0,0
2026,regular,2026-04-03,663743,Nick Fortes,TBR,30,,,,,0,0,0,0,0,0
2026,regular,2026-04-03,701762,Nick Kurtz,ATH,30,,,,,0,0,0,0,0,0
2026,regular,2026-04-03,663538,Nico Hoerner,CHC,30,,,,,0,0,0,0,0,0
2026,regular,2026-04-03,682622,Noelvi Marte,CIN,30,,,,,0,0,0,0,0,0
2026,regular,2026-04-03,571448,Nolan Arenado,ARI,30,,,,,0,0,0,0,0,0
2026,regular,2026-04-03,669357,Nolan Gorman,STL,30,,,,,0,0,0,0,0,0
2026,regular,2026-04-03,694384,Nolan Schanuel,LAA,30,,,,,0,0,0,0,0,0
2026,regular,2026-04-03,665833,Oneil Cruz,PIT,30,,,,,0,0,0,0,0,0
2026,regular,2026-04-03,672724,Oswald Peraza,LAA,30,,,,,0,0,0,0,0,0
2026,regular,2026-04-03,805249,Otto Kemp,PHI,30,,,,,0,0,0,0,0,0
2026,regular,2026-04-03,672640,Otto Lopez,MIA,30,,,,,0,0,0,0,0,0
2026,regular,2026-04-03,683357,Owen Caissie,MIA,30,,,,,0,0,0,0,0,0
2026,regular,2026-04-03,645277,Ozzie Albies,ATL,30,,,,,0,0,0,0,0,0
2026,regular,2026-04-03,678009,Parker Meadows,DET,30,,,,,0,0,0,0,0,0
2026,regular,2026-04-03,672275,Patrick Bailey,SFG,30,,,,,0,0,0,0,0,0
2026,regular,2026-04-03,624413,Pete Alonso,BAL,30,,,,,0,0,0,0,0,0
2026,regular,2026-04-03,691718,Pete Crow-Armstrong,CHC,30,,,,,0,0,0,0,0,0
2026,regular,2026-04-03,646240,Rafael Devers,SFG,30,,,,,0,0,0,0,0,0
2026,regular,2026-04-03,628452,Raisel Iglesias,ATL,30,,,,,0,0,0,0,0,0
2026,regular,2026-04-03,657656,Ramón Laureano,SDP,30,,,,,0,0,0,0,0,0
2026,regular,2026-04-03,602104,Ramón Urías,STL,30,,,,,0,0,0,0,0,0
2026,regular,2026-04-03,668227,Randy Arozarena,SEA,30,,,,,0,0,0,0,0,0
2026,regular,2026-04-03,624512,Reese McGuire,CHW,30,,,,,0,0,0,0,0,0
2026,regular,2026-04-03,682985,Riley Greene,DET,30,,,,,0,0,0,0,0,0
2026,regular,2026-04-03,608701,Rob Refsnyder,SEA,30,,,,,0,0,0,0,0,0
2026,regular,2026-04-03,663158,Robert Suarez,ATL,30,,,,,0,0,0,0,0,0
2026,regular,2026-04-03,701350,Roman Anthony,BOS,30,,,,,0,0,0,0,0,0
2026,regular,2026-04-03,660670,Ronald Acuña Jr.,ATL,30,,,,,0,0,0,0,0,0
2026,regular,2026-04-03,668904,Royce Lewis,MIN,30,,,,,0,0,0,0,0,0
2026,regular,2026-04-03,680777,Ryan Jeffers,MIN,30,,,,,0,0,0,0,0,0
2026,regular,2026-04-03,641857,Ryan McMahon,NYY,30,,,,,0,0,0,0,0,0
2026,regular,2026-04-03,656811,Ryan O'Hearn,PIT,30,,,,,0,0,0,0,0,0
2026,regular,2026-04-03,668723,Ryan Vilade,TBR,30,,,,,0,0,0,0,0,0
2026,regular,2026-04-03,701398,Sal Stewart,CIN,30,,,,,0,0,0,0,0,0
2026,regular,2026-04-03,694212,Samuel Basallo,BAL,30,,,,,0,0,0,0,0,0
2026,regular,2026-04-03,669289,Santiago Espinal,LAD,30,,,,,0,0,0,0,0,0
2026,regular,2026-04-03,694376,Shay Whitcomb,HOU,30,,,,,0,0,0,0,0,0
2026,regular,2026-04-03,669127,Shea Langeliers,ATH,30,,,,,0,0,0,0,0,0
2026,regular,2026-04-03,660271,Shohei Ohtani,LAD,30,,,,,0,0,0,0,0,0
2026,regular,2026-04-03,687462,Spencer Horwitz,PIT,30,,,,,0,0,0,0,0,0
2026,regular,2026-04-03,668715,Spencer Steer,CIN,30,,,,,0,0,0,0,0,0
2026,regular,2026-04-03,679529,Spencer Torkelson,DET,30,,,,,0,0,0,0,0,0
2026,regular,2026-04-03,680757,Steven Kwan,CLE,30,,,,,0,0,0,0,0,0
2026,regular,2026-04-03,621493,Taylor Ward,BAL,30,,,,,0,0,0,0,0,0
2026,regular,2026-04-03,606192,Teoscar Hernández,LAD,30,,,,,0,0,0,0,0,0
2026,regular,2026-04-03,695336,Thomas Saggese,STL,30,,,,,0,0,0,0,0,0
2026,regular,2026-04-03,694374,Tim Tawa,ARI,30,,,,,0,0,0,0,0,0
2026,regular,2026-04-03,670770,TJ Friedl,CIN,30,,,,,0,0,0,0,0,0
2026,regular,2026-04-03,681198,TJ Rumfield,COL,30,,,,,0,0,0,0,0,0
2026,regular,2026-04-03,607208,Trea Turner,PHI,30,,,,,0,0,0,0,0,0
2026,regular,2026-04-03,663757,Trent Grisham,NYY,30,,,,,0,0,0,0,0,0
2026,regular,2026-04-03,663616,Trevor Larnach,MIN,30,,,,,0,0,0,0,0,0
2026,regular,2026-04-03,596115,Trevor Story,BOS,30,,,,,0,0,0,0,0,0
2026,regular,2026-04-03,656484,Tristan Gray,MIN,30,,,,,0,0,0,0,0,0
2026,regular,2026-04-03,671976,Tristan Peters,CHW,30,,,,,0,0,0,0,0,0
2026,regular,2026-04-03,687859,Troy Johnston,COL,30,,,,,0,0,0,0,0,0
2026,regular,2026-04-03,623168,Tyler Heineman,TOR,30,,,,,0,0,0,0,0,0
2026,regular,2026-04-03,691016,Tyler Soderstrom,ATH,30,,,,,0,0,0,0,0,0
2026,regular,2026-04-03,663886,Tyler Stephenson,CIN,30,,,,,0,0,0,0,0,0
2026,regular,2026-04-03,621438,Tyrone Taylor,NYM,30,,,,,0,0,0,0,0,0
2026,regular,2026-04-03,645302,Victor Robles,SEA,30,,,,,0,0,0,0,0,0
2026,regular,2026-04-03,687363,Victor Scott II,STL,30,,,,,0,0,0,0,0,0
2026,regular,2026-04-03,665489,Vladimir Guerrero Jr.,TOR,30,,,,,0,0,0,0,0,0
2026,regular,2026-04-03,666181,Will Benson,CIN,30,,,,,0,0,0,0,0,0
2026,regular,2026-04-03,669257,Will Smith,LAD,30,,,,,0,0,0,0,0,0
2026,regular,2026-04-03,650489,Willi Castro,COL,30,,,,,0,0,0,0,0,0
2026,regular,2026-04-03,575929,Willson Contreras,BOS,30,,,,,0,0,0,0,0,0
2026,regular,2026-04-03,642715,Willy Adames,SFG,30,,,,,0,0,0,0,0,0
2026,regular,2026-04-03,677800,Wilyer Abreu,BOS,30,,,,,0,0,0,0,0,0
2026,regular,2026-04-03,694671,Wyatt Langford,TEX,30,,,,,0,0,0,0,0,0
2026,regular,2026-04-03,593428,Xander Bogaerts,SDP,30,,,,,0,0,0,0,0,0
2026,regular,2026-04-03,669364,Xavier Edwards,MIA,30,,,,,0,0,0,0,0,0
2026,regular,2026-04-03,673237,Yainer Diaz,HOU,30,,,,,0,0,0,0,0,0
2026,regular,2026-04-03,650490,Yandy Díaz,TBR,30,,,,,0,0,0,0,0,0
2026,regular,2026-04-03,650968,Yohel Pozo,STL,30,,,,,0,0,0,0,0,0
2026,regular,2026-04-03,670541,Yordan Alvarez,HOU,30,,,,,0,0,0,0,0,0
2026,regular,2026-04-03,660162,Yoán Moncada,LAA,30,,,,,0,0,0,0,0,0
2026,regular,2026-04-03,656716,Zach McKinstry,DET,30,,,,,0,0,0,0,0,0
2026,regular,2026-04-03,687263,Zach Neto,LAA,30,,,,,0,0,0,0,0,0
2026,regular,2026-04-04,592450,Aaron Judge,NYY,30,,,,,0,0,0,0,0,0
2026,regular,2026-04-04,624428,Adam Frazier,LAA,30,,,,,0,0,0,0,0,0
2026,regular,2026-04-04,680718,Addison Barger,TOR,30,,,,,0,0,0,0,0,0
2026,regular,2026-04-04,668939,Adley Rutschman,BAL,30,,,,,0,0,0,0,0,0
2026,regular,2026-04-04,666969,Adolis García,PHI,30,,,,,0,0,0,0,0,0
2026,regular,2026-04-04,680728,Adrian Del Castillo,ARI,30,,,,,0,0,0,0,0,0
2026,regular,2026-04-04,682663,Agustín Ramírez,MIA,30,,,,,0,0,0,0,0,0
2026,regular,2026-04-04,664761,Alec Bohm,PHI,30,,,,,0,0,0,0,0,0
2026,regular,2026-04-04,676475,Alec Burleson,STL,30,,,,,0,0,0,0,0,0
2026,regular,2026-04-04,677950,Alek Thomas,ARI,30,,,,,0,0,0,0,0,0
2026,regular,2026-04-04,669743,Alex Call,LAD,30,,,,,0,0,0,0,0,0
2026,regular,2026-04-04,690976,Alex Freeland,LAD,30,,,,,0,0,0,0,0,0
2026,regular,2026-04-04,643217,Andrew Benintendi,CHW,30,,,,,0,0,0,0,0,0
2026,regular,2026-04-04,655316,Andruw Monasterio,BOS,30,,,,,0,0,0,0,0,0
2026,regular,2026-04-04,665926,Andrés Giménez,TOR,30,,,,,0,0,0,0,0,0
2026,regular,2026-04-04,681624,Andy Pages,LAD,30,,,,,0,0,0,0,0,0
2026,regular,2026-04-04,547973,Aroldis Chapman,BOS,30,,,,,0,0,0,0,0,0
2026,regular,2026-04-04,669720,Austin Hays,CHW,30,,,,,0,0,0,0,0,0
2026,regular,2026-04-04,668885,Austin Martin,MIN,30,,,,,0,0,0,0,0,0
2026,regular,2026-04-04,663586,Austin Riley,ATL,30,,,,,0,0,0,0,0,0
2026,regular,2026-04-04,596103,Austin Slater,MIA,30,,,,,0,0,0,0,0,0
2026,regular,2026-04-04,669224,Austin Wells,NYY,30,,,,,0,0,0,0,0,0
2026,regular,2026-04-04,642851,Austin Wynns,ATH,30,,,,,0,0,0,0,0,0
2026,regular,2026-04-04,700250,Ben Rice,NYY,30,,,,,0,0,0,0,0,0
2026,regular,2026-04-04,810938,Ben Williamson,TBR,30,,,,,0,0,0,0,0,0
2026,regular,2026-04-04,663368,Blake Perkins,MIL,30,,,,,0,0,0,0,0,0
2026,regular,2026-04-04,677942,Blaze Alexander,BAL,30,,,,,0,0,0,0,0,0
2026,regular,2026-04-04,666182,Bo Bichette,NYM,30,,,,,0,0,0,0,0,0
2026,regular,2026-04-04,677951,Bobby Witt Jr.,KCR,30,,,,,0,0,0,0,0,0
2026,regular,2026-04-04,691781,Brady House,WSN,30,,,,,0,0,0,0,0,0
2026,regular,2026-04-04,663604,Brandon Lockridge,MIL,30,,,,,0,0,0,0,0,0
2026,regular,2026-04-04,664040,Brandon Lowe,PIT,30,,,,,0,0,0,0,0,0
2026,regular,2026-04-04,669016,Brandon Marsh,PHI,30,,,,,0,0,0,0,0,0
2026,regular,2026-04-04,607043,Brandon Nimmo,TEX,30,,,,,0,0,0,0,0,0
2026,regular,2026-04-04,667670,Brent Rooker,ATH,30,,,,,0,0,0,0,0,0
2026,regular,2026-04-04,686668,Brenton Doyle,COL,30,,,,,0,0,0,0,0,0
2026,regular,2026-04-04,683146,Brett Baty,NYM,30,,,,,0,0,0,0,0,0
2026,regular,2026-04-04,664954,Brett Sullivan,COL,30,,,,,0,0,0,0,0,0
2026,regular,2026-04-04,694728,Brice Matthews,HOU,30,,,,,0,0,0,0,0,0
2026,regular,2026-04-04,668930,Brice Turang,MIL,30,,,,,0,0,0,0,0,0
2026,regular,2026-04-04,686797,Brooks Lee,MIN,30,,,,,0,0,0,0,0,0
2026,regular,2026-04-04,668804,Bryan Reynolds,PIT,30,,,,,0,0,0,0,0,0
2026,regular,2026-04-04,547180,Bryce Harper,PHI,30,,,,,0,0,0,0,0,0
2026,regular,2026-04-04,669369,Bryce Johnson,SDP,30,,,,,0,0,0,0,0,0
2026,regular,2026-04-04,669326,Bryce Teodosio,LAA,30,,,,,0,0,0,0,0,0
2026,regular,2026-04-04,681082,Bryson Stott,PHI,30,,,,,0,0,0,0,0,0
2026,regular,2026-04-04,663728,Cal Raleigh,SEA,30,,,,,0,0,0,0,0,0
2026,regular,2026-04-04,702332,Caleb Durbin,BOS,30,,,,,0,0,0,0,0,0
2026,regular,2026-04-04,701358,Cam Smith,HOU,30,,,,,0,0,0,0,0,0
2026,regular,2026-04-04,621043,Carlos Correa,HOU,30,,,,,0,0,0,0,0,0
2026,regular,2026-04-04,666126,Carlos Cortes,ATH,30,,,,,0,0,0,0,0,0
2026,regular,2026-04-04,665966,Carlos Narváez,BOS,30,,,,,0,0,0,0,0,0
2026,regular,2026-04-04,701807,Carson Benge,NYM,30,,,,,0,0,0,0,0,0
2026,regular,2026-04-04,695600,Carter Jensen,KCR,30,,,,,0,0,0,0,0,0
2026,regular,2026-04-04,678882,Ceddanne Rafaela,BOS,30,,,,,0,0,0,0,0,0
2026,regular,2026-04-04,656775,Cedric Mullins,TBR,30,,,,,0,0,0,0,0,0
2026,regular,2026-04-04,802415,Chandler Simpson,TBR,30,,,,,0,0,0,0,0,0
2026,regular,2026-04-04,805367,Chase Meidroth,CHW,30,,,,,0,0,0,0,0,0
2026,regular,2026-04-04,543877,Christian Vázquez,HOU,30,,,,,0,0,0,0,0,0
2026,regular,2026-04-04,572233,Christian Walker,HOU,30,,,,,0,0,0,0,0,0
2026,regular,2026-04-04,592885,Christian Yelich,MIL,30,,,,,0,0,0,0,0,0
2026,regular,2026-04-04,682928,CJ Abrams,WSN,30,,,,,0,0,0,0,0,0
2026,regular,2026-04-04,691723,Coby Mayo,BAL,30,,,,,0,0,0,0,0,0
2026,regular,2026-04-04,641355,Cody Bellinger,NYY,30,,,,,0,0,0,0,0,0
2026,regular,2026-04-04,702284,Cole Young,SEA,30,,,,,0,0,0,0,0,0
2026,regular,2026-04-04,695657,Colson Montgomery,CHW,30,,,,,0,0,0,0,0,0
2026,regular,2026-04-04,690993,Colt Keith,DET,30,,,,,0,0,0,0,0,0
2026,regular,2026-04-04,681297,Colton Cowser,BAL,30,,,,,0,0,0,0,0,0
2026,regular,2026-04-04,681393,Connor Norby,MIA,30,,,,,0,0,0,0,0,0
2026,regular,2026-04-04,682998,Corbin Carroll,ARI,30,,,,,0,0,0,0,0,0
2026,regular,2026-04-04,608369,Corey Seager,TEX,30,,,,,0,0,0,0,0,0
2026,regular,2026-04-04,678554,Curtis Mead,WSN,30,,,,,0,0,0,0,0,0
2026,regular,2026-04-04,667472,Dane Myers,CIN,30,,,,,0,0,0,0,0,0
2026,regular,2026-04-04,691740,Daniel Susac,SFG,30,,,,,0,0,0,0,0,0
2026,regular,2026-04-04,643376,Danny Jansen,TEX,30,,,,,0,0,0,0,0,0
2026,regular,2026-04-04,687231,Darell Hernaiz,ATH,30,,,,,0,0,0,0,0,0
2026,regular,2026-04-04,662139,Daulton Varsho,TOR,30,,,,,0,0,0,0,0,0
2026,regular,2026-04-04,666152,David Hamilton,MIL,30,,,,,0,0,0,0,0,0
2026,regular,2026-04-04,676914,Davis Schneider,TOR,30,,,,,0,0,0,0,0,0
2026,regular,2026-04-04,695734,Daylen Lile,WSN,30,,,,,0,0,0,0,0,0
2026,regular,2026-04-04,672016,Denzel Clarke,ATH,30,,,,,0,0,0,0,0,0
2026,regular,2026-04-04,693307,Dillon Dingler,DET,30,,,,,0,0,0,0,0,0
2026,regular,2026-04-04,686527,Dominic Canzone,SEA,30,,,,,0,0,0,0,0,0
2026,regular,2026-04-04,642086,Dominic Smith,ATL,30,,,,,0,0,0,0,0,0
2026,regular,2026-04-04,686948,Drake Baldwin,ATL,30,,,,,0,0,0,0,0,0
2026,regular,2026-04-04,686452,Drew Millas,WSN,30,,,,,0,0,0,0,0,0
2026,regular,2026-04-04,687637,Dylan Beavers,BAL,30,,,,,0,0,0,0,0,0
2026,regular,2026-04-04,682829,Elly De La Cruz,CIN,30,,,,,0,0,0,0,0,0
2026,regular,2026-04-04,676391,Ernie Clement,TOR,30,,,,,0,0,0,0,0,0
2026,regular,2026-04-04,553993,Eugenio Suárez,CIN,30,,,,,0,0,0,0,0,0
2026,regular,2026-04-04,694497,Evan Carter,TEX,30,,,,,0,0,0,0,0,0
2026,regular,2026-04-04,677649,Ezequiel Duran,TEX,30,,,,,0,0,0,0,0,0
2026,regular,2026-04-04,678662,Ezequiel Tovar,COL,30,,,,,0,0,0,0,0,0
2026,regular,2026-04-04,665487,Fernando Tatis Jr.,SDP,30,,,,,0,0,0,0,0,0
2026,regular,2026-04-04,596019,Francisco Lindor,NYM,30,,,,,0,0,0,0,0,0
2026,regular,2026-04-04,518692,Freddie Freeman,LAD,30,,,,,0,0,0,0,0,0
2026,regular,2026-04-04,666023,Freddy Fermin,SDP,30,,,,,0,0,0,0,0,0
2026,regular,2026-04-04,672515,Gabriel Moreno,ARI,30,,,,,0,0,0,0,0,0
2026,regular,2026-04-04,669003,Garrett Mitchell,MIL,30,,,,,0,0,0,0,0,0
2026,regular,2026-04-04,596142,Gary Sánchez,MIL,30,,,,,0,0,0,0,0,0
2026,regular,2026-04-04,543807,George Springer,TOR,30,,,,,0,0,0,0,0,0
2026,regular,2026-04-04,672695,Geraldo Perdomo,ARI,30,,,,,0,0,0,0,0,0
2026,regular,2026-04-04,519317,Giancarlo Stanton,NYY,30,,,,,0,0,0,0,0,0
2026,regular,2026-04-04,650402,Gleyber Torres,DET,30,,,,,0,0,0,0,0,0
2026,regular,2026-04-04,665052,Griffin Conine,MIA,30,,,,,0,0,0,0,0,0
2026,regular,2026-04-04,683002,Gunnar Henderson,BAL,30,,,,,0,0,0,0,0,0
2026,regular,2026-04-04,664056,Harrison Bader,SFG,30,,,,,0,0,0,0,0,0
2026,regular,2026-04-04,671218,Heliot Ramos,SFG,30,,,,,0,0,0,0,0,0
2026,regular,2026-04-04,680779,Henry Davis,PIT,30,,,,,0,0,0,0,0,0
2026,regular,2026-04-04,681715,Heriberto Hernández,MIA,30,,,,,0,0,0,0,0,0
2026,regular,2026-04-04,676439,Hunter Feduccia,TBR,30,,,,,0,0,0,0,0,0
2026,regular,2026-04-04,696100,Hunter Goodman,COL,30,,,,,0,0,0,0,0,0
2026,regular,2026-04-04,686555,Isaac Collins,KCR,30,,,,,0,0,0,0,0,0
2026,regular,2026-04-04,671056,Iván Herrera,STL,30,,,,,0,0,0,0,0,0
2026,regular,2026-04-04,641555,J.C. Escarra,NYY,30,,,,,0,0,0,0,0,0
2026,regular,2026-04-04,641487,J.P. Crawford,SEA,30,,,,,0,0,0,0,0,0
2026,regular,2026-04-04,592663,J.T. Realmuto,PHI,30,,,,,0,0,0,0,0,0
2026,regular,2026-04-04,695506,Jac Caglianone,KCR,30,,,,,0,0,0,0,0,0
2026,regular,2026-04-04,701538,Jackson Merrill,SDP,30,,,,,0,0,0,0,0,0
2026,regular,2026-04-04,805779,Jacob Wilson,ATH,30,,,,,0,0,0,0,0,0
2026,regular,2026-04-04,696285,Jacob Young,WSN,30,,,,,0,0,0,0,0,0
2026,regular,2026-04-04,641343,Jake Bauers,MIL,30,,,,,0,0,0,0,0,0
2026,regular,2026-04-04,669394,Jake Burger,TEX,30,,,,,0,0,0,0,0,0
2026,regular,2026-04-04,630105,Jake Cronenworth,SDP,30,,,,,0,0,0,0,0,0
2026,regular,2026-04-04,641584,Jake Fraley,TBR,30,,,,,0,0,0,0,0,0
2026,regular,2026-04-04,663968,Jake Mangum,PIT,30,,,,,0,0,0,0,0,0
2026,regular,2026-04-04,664983,Jake McCarthy,COL,30,,,,,0,0,0,0,0,0
2026,regular,2026-04-04,676694,Jake Meyers,HOU,30,,,,,0,0,0,0,0,0
2026,regular,2026-04-04,805300,Jakob Marsee,MIA,30,,,,,0,0,0,0,0,0
2026,regular,2026-04-04,681546,James Outman,MIN,30,,,,,0,0,0,0,0,0
2026,regular,2026-04-04,695578,James Wood,WSN,30,,,,,0,0,0,0,0,0
2026,regular,2026-04-04,666931,Jared Oliva,SFG,30,,,,,0,0,0,0,0,0
2026,regular,2026-04-04,676724,Jared Young,NYM,30,,,,,0,0,0,0,0,0
2026,regular,2026-04-04,680776,Jarren Duran,BOS,30,,,,,0,0,0,0,0,0
2026,regular,2026-04-04,691594,Javier Sanoja,MIA,30,,,,,0,0,0,0,0,0
2026,regular,2026-04-04,665862,Jazz Chisholm Jr.,NYY,30,,,,,0,0,0,0,0,0
2026,regular,2026-04-04,643446,Jeff McNeil,ATH,30,,,,,0,0,0,0,0,0
2026,regular,2026-04-04,666464,Jerar Encarnacion,SFG,30,,,,,0,0,0,0,0,0
2026,regular,2026-04-04,665161,Jeremy Peña,HOU,30,,,,,0,0,0,0,0,0
2026,regular,2026-04-04,660821,Jesús Sánchez,TOR,30,,,,,0,0,0,0,0,0
2026,regular,2026-04-04,802139,JJ Wetherholt,STL,30,,,,,0,0,0,0,0,0
2026,regular,2026-04-04,666176,Jo Adell,LAA,30,,,,,0,0,0,0,0,0
2026,regular,2026-04-04,592626,Joc Pederson,TEX,30,,,,,0,0,0,0,0,0
2026,regular,2026-04-04,663698,Joey Bart,PIT,30,,,,,0,0,0,0,0,0
2026,regular,2026-04-04,694388,Joey Loperfido,HOU,30,,,,,0,0,0,0,0,0
2026,regular,2026-04-04,687401,Joey Ortiz,MIL,30,,,,,0,0,0,0,0,0
2026,regular,2026-04-04,666018,Jonathan Aranda,TBR,30,,,,,0,0,0,0,0,0
2026,regular,2026-04-04,663697,Jonathan India,KCR,30,,,,,0,0,0,0,0,0
2026,regular,2026-04-04,678391,Jorbit Vivas,WSN,30,,,,,0,0,0,0,0,0
2026,regular,2026-04-04,687597,Jordan Beck,COL,30,,,,,0,0,0,0,0,0
2026,regular,2026-04-04,691023,Jordan Walker,STL,30,,,,,0,0,0,0,0,0
2026,regular,2026-04-04,678489,Jorge Barrosa,ARI,30,,,,,0,0,0,0,0,0
2026,regular,2026-04-04,593871,Jorge Polanco,NYM,30,,,,,0,0,0,0,0,0
2026,regular,2026-04-04,624585,Jorge Soler,LAA,30,,,,,0,0,0,0,0,0
2026,regular,2026-04-04,514888,Jose Altuve,HOU,30,,,,,0,0,0,0,0,0
2026,regular,2026-04-04,699912,Jose Fernandez,ARI,30,,,,,0,0,0,0,0,0
2026,regular,2026-04-04,624431,Jose Trevino,CIN,30,,,,,0,0,0,0,0,0
2026,regular,2026-04-04,605137,Josh Bell,MIN,30,,,,,0,0,0,0,0,0
2026,regular,2026-04-04,673962,Josh Jung,TEX,30,,,,,0,0,0,0,0,0
2026,regular,2026-04-04,666139,Josh Lowe,LAA,30,,,,,0,0,0,0,0,0
2026,regular,2026-04-04,647304,Josh Naylor,SEA,30,,,,,0,0,0,0,0,0
2026,regular,2026-04-04,669701,Josh Smith,TEX,30,,,,,0,0,0,0,0,0
2026,regular,2026-04-04,676609,José Caballero,NYY,30,,,,,0,0,0,0,0,0
2026,regular,2026-04-04,677588,José Tena,WSN,30,,,,,0,0,0,0,0,0
2026,regular,2026-04-04,677594,Julio Rodríguez,SEA,30,,,,,0,0,0,0,0,0
2026,regular,2026-04-04,808982,Jung Hoo Lee,SFG,30,,,,,0,0,0,0,0,0
2026,regular,2026-04-04,691406,Junior Caminero,TBR,30,,,,,0,0,0,0,0,0
2026,regular,2026-04-04,702222,Justin Crawford,PHI,30,,,,,0,0,0,0,0,0
2026,regular,2026-04-04,672960,Kazuma Okamoto,TOR,30,,,,,0,0,0,0,0,0
2026,regular,2026-04-04,663647,Ke'Bryan Hayes,CIN,30,,,,,0,0,0,0,0,0
2026,regular,2026-04-04,681481,Kerry Carpenter,DET,30,,,,,0,0,0,0,0,0
2026,regular,2026-04-04,606466,Ketel Marte,ARI,30,,,,,0,0,0,0,0,0
2026,regular,2026-04-04,805808,Kevin McGonigle,DET,30,,,,,0,0,0,0,0,0
2026,regular,2026-04-04,804606,Konnor Griffin,PIT,30,,,,,0,0,0,0,0,0
2026,regular,2026-04-04,664728,Kyle Isbel,KCR,30,,,,,0,0,0,0,0,0
2026,regular,2026-04-04,691720,Kyle Karros,COL,30,,,,,0,0,0,0,0,0
2026,regular,2026-04-04,656941,Kyle Schwarber,PHI,30,,,,,0,0,0,0,0,0
2026,regular,2026-04-04,663656,Kyle Tucker,LAD,30,,,,,0,0,0,0,0,0
2026,regular,2026-04-04,657041,Lane Thomas,KCR,30,,,,,0,0,0,0,0,0
2026,regular,2026-04-04,671732,Lawrence Butler,ATH,30,,,,,0,0,0,0,0,0
2026,regular,2026-04-04,672820,Lenyn Sosa,CHW,30,,,,,0,0,0,0,0,0
2026,regular,2026-04-04,677870,Leo Jiménez,MIA,30,,,,,0,0,0,0,0,0
2026,regular,2026-04-04,660844,Leo Rivas,SEA,30,,,,,0,0,0,0,0,0
2026,regular,2026-04-04,665750,Leody Taveras,BAL,30,,,,,0,0,0,0,0,0
2026,regular,2026-04-04,689414,Liam Hicks,MIA,30,,,,,0,0,0,0,0,0
2026,regular,2026-04-04,681351,Logan O'Hoppe,LAA,30,,,,,0,0,0,0,0,0
2026,regular,2026-04-04,650333,Luis Arraez,SFG,30,,,,,0,0,0,0,0,0
2026,regular,2026-04-04,671277,Luis García Jr.,WSN,30,,,,,0,0,0,0,0,0
2026,regular,2026-04-04,682641,Luis Matos,MIL,30,,,,,0,0,0,0,0,0
2026,regular,2026-04-04,650859,Luis Rengifo,MIL,30,,,,,0,0,0,0,0,0
2026,regular,2026-04-04,620443,Luis Torrens,NYM,30,,,,,0,0,0,0,0,0
2026,regular,2026-04-04,682668,Luisangel Acuña,CHW,30,,,,,0,0,0,0,0,0
2026,regular,2026-04-04,807712,Luke Keaschall,MIN,30,,,,,0,0,0,0,0,0
2026,regular,2026-04-04,670042,Luke Raley,SEA,30,,,,,0,0,0,0,0,0
2026,regular,2026-04-04,672580,Maikel Garcia,KCR,30,,,,,0,0,0,0,0,0
2026,regular,2026-04-04,592518,Manny Machado,SDP,30,,,,,0,0,0,0,0,0
2026,regular,2026-04-04,542303,Marcell Ozuna,PIT,30,,,,,0,0,0,0,0,0
2026,regular,2026-04-04,691785,Marcelo Mayer,BOS,30,,,,,0,0,0,0,0,0
2026,regular,2026-04-04,543760,Marcus Semien,NYM,30,,,,,0,0,0,0,0,0
2026,regular,2026-04-04,668901,Mark Vientos,NYM,30,,,,,0,0,0,0,0,0
2026,regular,2026-04-04,807799,Masataka Yoshida,BOS,30,,,,,0,0,0,0,0,0
2026,regular,2026-04-04,656305,Matt Chapman,SFG,30,,,,,0,0,0,0,0,0
2026,regular,2026-04-04,680574,Matt McLain,CIN,30,,,,,0,0,0,0,0,0
2026,regular,2026-04-04,621566,Matt Olson,ATL,30,,,,,0,0,0,0,0,0
2026,regular,2026-04-04,663837,Matt Vierling,DET,30,,,,,0,0,0,0,0,0
2026,regular,2026-04-04,670242,Matt Wallner,MIN,30,,,,,0,0,0,0,0,0
2026,regular,2026-04-04,643289,Mauricio Dubón,ATL,30,,,,,0,0,0,0,0,0
2026,regular,2026-04-04,571970,Max Muncy,LAD,30,,,,,0,0,0,0,0,0
2026,regular,2026-04-04,691777,Max Muncy,ATH,30,,,,,0,0,0,0,0,0
2026,regular,2026-04-04,671739,Michael Harris II,ATL,30,,,,,0,0,0,0,0,0
2026,regular,2026-04-04,666160,Mickey Moniak,COL,30,,,,,0,0,0,0,0,0
2026,regular,2026-04-04,609280,Miguel Andujar,SDP,30,,,,,0,0,0,0,0,0
2026,regular,2026-04-04,500743,Miguel Rojas,LAD,30,,,,,0,0,0,0,0,0
2026,regular,2026-04-04,678246,Miguel Vargas,CHW,30,,,,,0,0,0,0,0,0
2026,regular,2026-04-04,545361,Mike Trout,LAA,30,,,,,0,0,0,0,0,0
2026,regular,2026-04-04,573262,Mike Yastrzemski,ATL,30,,,,,0,0,0,0,0,0
2026,regular,2026-04-04,605141,Mookie Betts,LAD,30,,,,,0,0,0,0,0,0
2026,regular,2026-04-04,808959,Munetaka Murakami,CHW,30,,,,,0,0,0,0,0,0
2026,regular,2026-04-04,664702,Myles Straw,TOR,30,,,,,0,0,0,0,0,0
2026,regular,2026-04-04,701675,Nathan Church,STL,30,,,,,0,0,0,0,0,0
2026,regular,2026-04-04,664770,Nathan Lukes,TOR,30,,,,,0,0,0,0,0,0
2026,regular,2026-04-04,663993,Nathaniel Lowe,CIN,30,,,,,0,0,0,0,0,0
2026,regular,2026-04-04,669397,Nick Allen,HOU,30,,,,,0,0,0,0,0,0
2026,regular,2026-04-04,592206,Nick Castellanos,SDP,30,,,,,0,0,0,0,0,0
2026,regular,2026-04-04,693304,Nick Gonzales,PIT,30,,,,,0,0,0,0,0,0
2026,regular,2026-04-04,701762,Nick Kurtz,ATH,30,,,,,0,0,0,0,0,0
2026,regular,2026-04-04,679845,Nick Loftin,KCR,30,,,,,0,0,0,0,0,0
2026,regular,2026-04-04,694377,Nick Yorke,PIT,30,,,,,0,0,0,0,0,0
2026,regular,2026-04-04,571448,Nolan Arenado,ARI,30,,,,,0,0,0,0,0,0
2026,regular,2026-04-04,669357,Nolan Gorman,STL,30,,,,,0,0,0,0,0,0
2026,regular,2026-04-04,694384,Nolan Schanuel,LAA,30,,,,,0,0,0,0,0,0
2026,regular,2026-04-04,665833,Oneil Cruz,PIT,30,,,,,0,0,0,0,0,0
2026,regular,2026-04-04,672724,Oswald Peraza,LAA,30,,,,,0,0,0,0,0,0
2026,regular,2026-04-04,672640,Otto Lopez,MIA,30,,,,,0,0,0,0,0,0
2026,regular,2026-04-04,683357,Owen Caissie,MIA,30,,,,,0,0,0,0,0,0
2026,regular,2026-04-04,645277,Ozzie Albies,ATL,30,,,,,0,0,0,0,0,0
2026,regular,2026-04-04,678009,Parker Meadows,DET,30,,,,,0,0,0,0,0,0
2026,regular,2026-04-04,672275,Patrick Bailey,SFG,30,,,,,0,0,0,0,0,0
2026,regular,2026-04-04,502671,Paul Goldschmidt,NYY,30,,,,,0,0,0,0,0,0
2026,regular,2026-04-04,686780,Pedro Pagés,STL,30,,,,,0,0,0,0,0,0
2026,regular,2026-04-04,624413,Pete Alonso,BAL,30,,,,,0,0,0,0,0,0
2026,regular,2026-04-04,646240,Rafael Devers,SFG,30,,,,,0,0,0,0,0,0
2026,regular,2026-04-04,657656,Ramón Laureano,SDP,30,,,,,0,0,0,0,0,0
2026,regular,2026-04-04,602104,Ramón Urías,STL,30,,,,,0,0,0,0,0,0
2026,regular,2026-04-04,545341,Randal Grichuk,NYY,30,,,,,0,0,0,0,0,0
2026,regular,2026-04-04,668227,Randy Arozarena,SEA,30,,,,,0,0,0,0,0,0
2026,regular,2026-04-04,624512,Reese McGuire,CHW,30,,,,,0,0,0,0,0,0
2026,regular,2026-04-04,680700,Richie Palacios,TBR,30,,,,,0,0,0,0,0,0
2026,regular,2026-04-04,682985,Riley Greene,DET,30,,,,,0,0,0,0,0,0
2026,regular,2026-04-04,608701,Rob Refsnyder,SEA,30,,,,,0,0,0,0,0,0
2026,regular,2026-04-04,701350,Roman Anthony,BOS,30,,,,,0,0,0,0,0,0
2026,regular,2026-04-04,660670,Ronald Acuña Jr.,ATL,30,,,,,0,0,0,0,0,0
2026,regular,2026-04-04,668904,Royce Lewis,MIN,30,,,,,0,0,0,0,0,0
2026,regular,2026-04-04,680777,Ryan Jeffers,MIN,30,,,,,0,0,0,0,0,0
2026,regular,2026-04-04,641857,Ryan McMahon,NYY,30,,,,,0,0,0,0,0,0
2026,regular,2026-04-04,656811,Ryan O'Hearn,PIT,30,,,,,0,0,0,0,0,0
2026,regular,2026-04-04,686217,Sal Frelick,MIL,30,,,,,0,0,0,0,0,0
2026,regular,2026-04-04,701398,Sal Stewart,CIN,30,,,,,0,0,0,0,0,0
2026,regular,2026-04-04,521692,Salvador Perez,KCR,30,,,,,0,0,0,0,0,0
2026,regular,2026-04-04,694376,Shay Whitcomb,HOU,30,,,,,0,0,0,0,0,0
2026,regular,2026-04-04,669127,Shea Langeliers,ATH,30,,,,,0,0,0,0,0,0
2026,regular,2026-04-04,660271,Shohei Ohtani,LAD,30,,,,,0,0,0,0,0,0
2026,regular,2026-04-04,687462,Spencer Horwitz,PIT,30,,,,,0,0,0,0,0,0
2026,regular,2026-04-04,668715,Spencer Steer,CIN,30,,,,,0,0,0,0,0,0
2026,regular,2026-04-04,679529,Spencer Torkelson,DET,30,,,,,0,0,0,0,0,0
2026,regular,2026-04-04,516782,Starling Marte,KCR,30,,,,,0,0,0,0,0,0
2026,regular,2026-04-04,621493,Taylor Ward,BAL,30,,,,,0,0,0,0,0,0
2026,regular,2026-04-04,695336,Thomas Saggese,STL,30,,,,,0,0,0,0,0,0
2026,regular,2026-04-04,670770,TJ Friedl,CIN,30,,,,,0,0,0,0,0,0
2026,regular,2026-04-04,681198,TJ Rumfield,COL,30,,,,,0,0,0,0,0,0
2026,regular,2026-04-04,607208,Trea Turner,PHI,30,,,,,0,0,0,0,0,0
2026,regular,2026-04-04,663757,Trent Grisham,NYY,30,,,,,0,0,0,0,0,0
2026,regular,2026-04-04,596115,Trevor Story,BOS,30,,,,,0,0,0,0,0,0
2026,regular,2026-04-04,671976,Tristan Peters,CHW,30,,,,,0,0,0,0,0,0
2026,regular,2026-04-04,687859,Troy Johnston,COL,30,,,,,0,0,0,0,0,0
2026,regular,2026-04-04,664034,Ty France,SDP,30,,,,,0,0,0,0,0,0
2026,regular,2026-04-04,671289,Tyler Freeman,COL,30,,,,,0,0,0,0,0,0
2026,regular,2026-04-04,623168,Tyler Heineman,TOR,30,,,,,0,0,0,0,0,0
2026,regular,2026-04-04,641933,Tyler O'Neill,BAL,30,,,,,0,0,0,0,0,0
2026,regular,2026-04-04,691016,Tyler Soderstrom,ATH,30,,,,,0,0,0,0,0,0
2026,regular,2026-04-04,621438,Tyrone Taylor,NYM,30,,,,,0,0,0,0,0,0
2026,regular,2026-04-04,605170,Victor Caratini,MIN,30,,,,,0,0,0,0,0,0
2026,regular,2026-04-04,687363,Victor Scott II,STL,30,,,,,0,0,0,0,0,0
2026,regular,2026-04-04,680767,Victor Vodnik,COL,30,,,,,0,0,0,0,0,0
2026,regular,2026-04-04,686469,Vinnie Pasquantino,KCR,30,,,,,0,0,0,0,0,0
2026,regular,2026-04-04,665489,Vladimir Guerrero Jr.,TOR,30,,,,,0,0,0,0,0,0
2026,regular,2026-04-04,666181,Will Benson,CIN,30,,,,,0,0,0,0,0,0
2026,regular,2026-04-04,669257,Will Smith,LAD,30,,,,,0,0,0,0,0,0
2026,regular,2026-04-04,650489,Willi Castro,COL,30,,,,,0,0,0,0,0,0
2026,regular,2026-04-04,661388,William Contreras,MIL,30,,,,,0,0,0,0,0,0
2026,regular,2026-04-04,575929,Willson Contreras,BOS,30,,,,,0,0,0,0,0,0
2026,regular,2026-04-04,642715,Willy Adames,SFG,30,,,,,0,0,0,0,0,0
2026,regular,2026-04-04,677800,Wilyer Abreu,BOS,30,,,,,0,0,0,0,0,0
2026,regular,2026-04-04,694671,Wyatt Langford,TEX,30,,,,,0,0,0,0,0,0
2026,regular,2026-04-04,593428,Xander Bogaerts,SDP,30,,,,,0,0,0,0,0,0
2026,regular,2026-04-04,669364,Xavier Edwards,MIA,30,,,,,0,0,0,0,0,0
2026,regular,2026-04-04,673237,Yainer Diaz,HOU,30,,,,,0,0,0,0,0,0
2026,regular,2026-04-04,650490,Yandy Díaz,TBR,30,,,,,0,0,0,0,0,0
2026,regular,2026-04-04,650968,Yohel Pozo,STL,30,,,,,0,0,0,0,0,0
2026,regular,2026-04-04,670541,Yordan Alvarez,HOU,30,,,,,0,0,0,0,0,0
2026,regular,2026-04-04,660162,Yoán Moncada,LAA,30,,,,,0,0,0,0,0,0
2026,regular,2026-04-04,656716,Zach McKinstry,DET,30,,,,,0,0,0,0,0,0
2026,regular,2026-04-04,687263,Zach Neto,LAA,30,,,,,0,0,0,0,0,0
2026,regular,2026-04-05,592450,Aaron Judge,NYY,30,,,,,0,0,0,0,0,0
2026,regular,2026-04-05,624428,Adam Frazier,LAA,30,,,,,0,0,0,0,0,0
2026,regular,2026-04-05,680718,Addison Barger,TOR,30,,,,,0,0,0,0,0,0
2026,regular,2026-04-05,666969,Adolis García,PHI,30,,,,,0,0,0,0,0,0
2026,regular,2026-04-05,682663,Agustín Ramírez,MIA,30,,,,,0,0,0,0,0,0
2026,regular,2026-04-05,664761,Alec Bohm,PHI,30,,,,,0,0,0,0,0,0
2026,regular,2026-04-05,676475,Alec Burleson,STL,30,,,,,0,0,0,0,0,0
2026,regular,2026-04-05,608324,Alex Bregman,CHC,30,,,,,0,0,0,0,0,0
2026,regular,2026-04-05,669743,Alex Call,LAD,30,,,,,0,0,0,0,0,0
2026,regular,2026-04-05,690976,Alex Freeland,LAD,30,,,,,0,0,0,0,0,0
2026,regular,2026-04-05,643217,Andrew Benintendi,CHW,30,,,,,0,0,0,0,0,0
2026,regular,2026-04-05,457705,Andrew McCutchen,TEX,30,,,,,0,0,0,0,0,0
2026,regular,2026-04-05,665926,Andrés Giménez,TOR,30,,,,,0,0,0,0,0,0
2026,regular,2026-04-05,681624,Andy Pages,LAD,30,,,,,0,0,0,0,0,0
2026,regular,2026-04-05,682657,Angel Martínez,CLE,30,,,,,0,0,0,0,0,0
2026,regular,2026-04-05,669720,Austin Hays,CHW,30,,,,,0,0,0,0,0,0
2026,regular,2026-04-05,595978,Austin Hedges,CLE,30,,,,,0,0,0,0,0,0
2026,regular,2026-04-05,668885,Austin Martin,MIN,30,,,,,0,0,0,0,0,0
2026,regular,2026-04-05,663586,Austin Riley,ATL,30,,,,,0,0,0,0,0,0
2026,regular,2026-04-05,596103,Austin Slater,MIA,30,,,,,0,0,0,0,0,0
2026,regular,2026-04-05,669224,Austin Wells,NYY,30,,,,,0,0,0,0,0,0
2026,regular,2026-04-05,700250,Ben Rice,NYY,30,,,,,0,0,0,0,0,0
2026,regular,2026-04-05,810938,Ben Williamson,TBR,30,,,,,0,0,0,0,0,0
2026,regular,2026-04-05,695257,Billy Cook,PIT,30,,,,,0,0,0,0,0,0
2026,regular,2026-04-05,663368,Blake Perkins,MIL,30,,,,,0,0,0,0,0,0
2026,regular,2026-04-05,677942,Blaze Alexander,BAL,30,,,,,0,0,0,0,0,0
2026,regular,2026-04-05,666182,Bo Bichette,NYM,30,,,,,0,0,0,0,0,0
2026,regular,2026-04-05,666310,Bo Naylor,CLE,30,,,,,0,0,0,0,0,0
2026,regular,2026-04-05,677951,Bobby Witt Jr.,KCR,30,,,,,0,0,0,0,0,0
2026,regular,2026-04-05,691781,Brady House,WSN,30,,,,,0,0,0,0,0,0
2026,regular,2026-04-05,663604,Brandon Lockridge,MIL,30,,,,,0,0,0,0,0,0
2026,regular,2026-04-05,664040,Brandon Lowe,PIT,30,,,,,0,0,0,0,0,0
2026,regular,2026-04-05,669016,Brandon Marsh,PHI,30,,,,,0,0,0,0,0,0
2026,regular,2026-04-05,607043,Brandon Nimmo,TEX,30,,,,,0,0,0,0,0,0
2026,regular,2026-04-05,678218,Brandon Valenzuela,TOR,30,,,,,0,0,0,0,0,0
2026,regular,2026-04-05,677587,Brayan Rocchio,CLE,30,,,,,0,0,0,0,0,0
2026,regular,2026-04-05,667670,Brent Rooker,ATH,30,,,,,0,0,0,0,0,0
2026,regular,2026-04-05,686668,Brenton Doyle,COL,30,,,,,0,0,0,0,0,0
2026,regular,2026-04-05,694728,Brice Matthews,HOU,30,,,,,0,0,0,0,0,0
2026,regular,2026-04-05,668930,Brice Turang,MIL,30,,,,,0,0,0,0,0,0
2026,regular,2026-04-05,686797,Brooks Lee,MIN,30,,,,,0,0,0,0,0,0
2026,regular,2026-04-05,668804,Bryan Reynolds,PIT,30,,,,,0,0,0,0,0,0
2026,regular,2026-04-05,547180,Bryce Harper,PHI,30,,,,,0,0,0,0,0,0
2026,regular,2026-04-05,669326,Bryce Teodosio,LAA,30,,,,,0,0,0,0,0,0
2026,regular,2026-04-05,681082,Bryson Stott,PHI,30,,,,,0,0,0,0,0,0
2026,regular,2026-04-05,621439,Byron Buxton,MIN,30,,,,,0,0,0,0,0,0
2026,regular,2026-04-05,663728,Cal Raleigh,SEA,30,,,,,0,0,0,0,0,0
2026,regular,2026-04-05,702332,Caleb Durbin,BOS,30,,,,,0,0,0,0,0,0
2026,regular,2026-04-05,701358,Cam Smith,HOU,30,,,,,0,0,0,0,0,0
2026,regular,2026-04-05,621043,Carlos Correa,HOU,30,,,,,0,0,0,0,0,0
2026,regular,2026-04-05,666126,Carlos Cortes,ATH,30,,,,,0,0,0,0,0,0
2026,regular,2026-04-05,665966,Carlos Narváez,BOS,30,,,,,0,0,0,0,0,0
2026,regular,2026-04-05,467793,Carlos Santana,ARI,30,,,,,0,0,0,0,0,0
2026,regular,2026-04-05,701807,Carson Benge,NYM,30,,,,,0,0,0,0,0,0
2026,regular,2026-04-05,608348,Carson Kelly,CHC,30,,,,,0,0,0,0,0,0
2026,regular,2026-04-05,678882,Ceddanne Rafaela,BOS,30,,,,,0,0,0,0,0,0
2026,regular,2026-04-05,656775,Cedric Mullins,TBR,30,,,,,0,0,0,0,0,0
2026,regular,2026-04-05,802415,Chandler Simpson,TBR,30,,,,,0,0,0,0,0,0
2026,regular,2026-04-05,800050,Chase DeLauter,CLE,30,,,,,0,0,0,0,0,0
2026,regular,2026-04-05,805367,Chase Meidroth,CHW,30,,,,,0,0,0,0,0,0
2026,regular,2026-04-05,572233,Christian Walker,HOU,30,,,,,0,0,0,0,0,0
2026,regular,2026-04-05,592885,Christian Yelich,MIL,30,,,,,0,0,0,0,0,0
2026,regular,2026-04-05,682928,CJ Abrams,WSN,30,,,,,0,0,0,0,0,0
2026,regular,2026-04-05,692216,CJ Kayfus,CLE,30,,,,,0,0,0,0,0,0
2026,regular,2026-04-05,641355,Cody Bellinger,NYY,30,,,,,0,0,0,0,0,0
2026,regular,2026-04-05,702284,Cole Young,SEA,30,,,,,0,0,0,0,0,0
2026,regular,2026-04-05,695657,Colson Montgomery,CHW,30,,,,,0,0,0,0,0,0
2026,regular,2026-04-05,690993,Colt Keith,DET,30,,,,,0,0,0,0,0,0
2026,regular,2026-04-05,681393,Connor Norby,MIA,30,,,,,0,0,0,0,0,0
2026,regular,2026-04-05,682998,Corbin Carroll,ARI,30,,,,,0,0,0,0,0,0
2026,regular,2026-04-05,608369,Corey Seager,TEX,30,,,,,0,0,0,0,0,0
2026,regular,2026-04-05,678554,Curtis Mead,WSN,30,,,,,0,0,0,0,0,0
2026,regular,2026-04-05,687221,Dalton Rushing,LAD,30,,,,,0,0,0,0,0,0
2026,regular,2026-04-05,667472,Dane Myers,CIN,30,,,,,0,0,0,0,0,0
2026,regular,2026-04-05,682177,Daniel Schneemann,CLE,30,,,,,0,0,0,0,0,0
2026,regular,2026-04-05,621020,Dansby Swanson,CHC,30,,,,,0,0,0,0,0,0
2026,regular,2026-04-05,662139,Daulton Varsho,TOR,30,,,,,0,0,0,0,0,0
2026,regular,2026-04-05,681807,David Fry,CLE,30,,,,,0,0,0,0,0,0
2026,regular,2026-04-05,695734,Daylen Lile,WSN,30,,,,,0,0,0,0,0,0
2026,regular,2026-04-05,672016,Denzel Clarke,ATH,30,,,,,0,0,0,0,0,0
2026,regular,2026-04-05,656537,Derek Hill,CHW,30,,,,,0,0,0,0,0,0
2026,regular,2026-04-05,642207,Devin Williams,NYM,30,,,,,0,0,0,0,0,0
2026,regular,2026-04-05,693307,Dillon Dingler,DET,30,,,,,0,0,0,0,0,0
2026,regular,2026-04-05,686527,Dominic Canzone,SEA,30,,,,,0,0,0,0,0,0
2026,regular,2026-04-05,642086,Dominic Smith,ATL,30,,,,,0,0,0,0,0,0
2026,regular,2026-04-05,686948,Drake Baldwin,ATL,30,,,,,0,0,0,0,0,0
2026,regular,2026-04-05,686452,Drew Millas,WSN,30,,,,,0,0,0,0,0,0
2026,regular,2026-04-05,687637,Dylan Beavers,BAL,30,,,,,0,0,0,0,0,0
2026,regular,2026-04-05,666185,Dylan Carlson,CHC,30,,,,,0,0,0,0,0,0
2026,regular,2026-04-05,700337,Edgar Quero,CHW,30,,,,,0,0,0,0,0,0
2026,regular,2026-04-05,666397,Edouard Julien,COL,30,,,,,0,0,0,0,0,0
2026,regular,2026-04-05,642201,Eli White,ATL,30,,,,,0,0,0,0,0,0
2026,regular,2026-04-05,682829,Elly De La Cruz,CIN,30,,,,,0,0,0,0,0,0
2026,regular,2026-04-05,676391,Ernie Clement,TOR,30,,,,,0,0,0,0,0,0
2026,regular,2026-04-05,553993,Eugenio Suárez,CIN,30,,,,,0,0,0,0,0,0
2026,regular,2026-04-05,694497,Evan Carter,TEX,30,,,,,0,0,0,0,0,0
2026,regular,2026-04-05,677649,Ezequiel Duran,TEX,30,,,,,0,0,0,0,0,0
2026,regular,2026-04-05,678662,Ezequiel Tovar,COL,30,,,,,0,0,0,0,0,0
2026,regular,2026-04-05,665487,Fernando Tatis Jr.,SDP,30,,,,,0,0,0,0,0,0
2026,regular,2026-04-05,682626,Francisco Alvarez,NYM,30,,,,,0,0,0,0,0,0
2026,regular,2026-04-05,596019,Francisco Lindor,NYM,30,,,,,0,0,0,0,0,0
2026,regular,2026-04-05,518692,Freddie Freeman,LAD,30,,,,,0,0,0,0,0,0
2026,regular,2026-04-05,666023,Freddy Fermin,SDP,30,,,,,0,0,0,0,0,0
2026,regular,2026-04-05,642100,Gabe Speier,SEA,30,,,,,0,0,0,0,0,0
2026,regular,2026-04-05,672356,Gabriel Arias,CLE,30,,,,,0,0,0,0,0,0
2026,regular,2026-04-05,672515,Gabriel Moreno,ARI,30,,,,,0,0,0,0,0,0
2026,regular,2026-04-05,669003,Garrett Mitchell,MIL,30,,,,,0,0,0,0,0,0
2026,regular,2026-04-05,596142,Gary Sánchez,MIL,30,,,,,0,0,0,0,0,0
2026,regular,2026-04-05,657757,Gavin Sheets,SDP,30,,,,,0,0,0,0,0,0
2026,regular,2026-04-05,543807,George Springer,TOR,30,,,,,0,0,0,0,0,0
2026,regular,2026-04-05,672695,Geraldo Perdomo,ARI,30,,,,,0,0,0,0,0,0
2026,regular,2026-04-05,519317,Giancarlo Stanton,NYY,30,,,,,0,0,0,0,0,0
2026,regular,2026-04-05,650402,Gleyber Torres,DET,30,,,,,0,0,0,0,0,0
2026,regular,2026-04-05,688363,Graham Pauley,MIA,30,,,,,0,0,0,0,0,0
2026,regular,2026-04-05,665052,Griffin Conine,MIA,30,,,,,0,0,0,0,0,0
2026,regular,2026-04-05,683002,Gunnar Henderson,BAL,30,,,,,0,0,0,0,0,0
2026,regular,2026-04-05,664056,Harrison Bader,SFG,30,,,,,0,0,0,0,0,0
2026,regular,2026-04-05,671218,Heliot Ramos,SFG,30,,,,,0,0,0,0,0,0
2026,regular,2026-04-05,680779,Henry Davis,PIT,30,,,,,0,0,0,0,0,0
2026,regular,2026-04-05,681715,Heriberto Hernández,MIA,30,,,,,0,0,0,0,0,0
2026,regular,2026-04-05,676439,Hunter Feduccia,TBR,30,,,,,0,0,0,0,0,0
2026,regular,2026-04-05,696100,Hunter Goodman,COL,30,,,,,0,0,0,0,0,0
2026,regular,2026-04-05,808975,Hyeseong Kim,LAD,30,,,,,0,0,0,0,0,0
2026,regular,2026-04-05,664023,Ian Happ,CHC,30,,,,,0,0,0,0,0,0
2026,regular,2026-04-05,545121,Ildemaro Vargas,ARI,30,,,,,0,0,0,0,0,0
2026,regular,2026-04-05,686555,Isaac Collins,KCR,30,,,,,0,0,0,0,0,0
2026,regular,2026-04-05,671056,Iván Herrera,STL,30,,,,,0,0,0,0,0,0
2026,regular,2026-04-05,641555,J.C. Escarra,NYY,30,,,,,0,0,0,0,0,0
2026,regular,2026-04-05,641487,J.P. Crawford,SEA,30,,,,,0,0,0,0,0,0
2026,regular,2026-04-05,695506,Jac Caglianone,KCR,30,,,,,0,0,0,0,0,0
2026,regular,2026-04-05,701538,Jackson Merrill,SDP,30,,,,,0,0,0,0,0,0
2026,regular,2026-04-05,805779,Jacob Wilson,ATH,30,,,,,0,0,0,0,0,0
2026,regular,2026-04-05,696285,Jacob Young,WSN,30,,,,,0,0,0,0,0,0
2026,regular,2026-04-05,663330,Jahmai Jones,DET,30,,,,,0,0,0,0,0,0
2026,regular,2026-04-05,641343,Jake Bauers,MIL,30,,,,,0,0,0,0,0,0
2026,regular,2026-04-05,669394,Jake Burger,TEX,30,,,,,0,0,0,0,0,0
2026,regular,2026-04-05,630105,Jake Cronenworth,SDP,30,,,,,0,0,0,0,0,0
2026,regular,2026-04-05,641584,Jake Fraley,TBR,30,,,,,0,0,0,0,0,0
2026,regular,2026-04-05,663968,Jake Mangum,PIT,30,,,,,0,0,0,0,0,0
2026,regular,2026-04-05,664983,Jake McCarthy,COL,30,,,,,0,0,0,0,0,0
2026,regular,2026-04-05,676694,Jake Meyers,HOU,30,,,,,0,0,0,0,0,0
2026,regular,2026-04-05,805300,Jakob Marsee,MIA,30,,,,,0,0,0,0,0,0
2026,regular,2026-04-05,543510,James McCann,ARI,30,,,,,0,0,0,0,0,0
2026,regular,2026-04-05,695578,James Wood,WSN,30,,,,,0,0,0,0,0,0
2026,regular,2026-04-05,676724,Jared Young,NYM,30,,,,,0,0,0,0,0,0
2026,regular,2026-04-05,680776,Jarren Duran,BOS,30,,,,,0,0,0,0,0,0
2026,regular,2026-04-05,595879,Javier Báez,DET,30,,,,,0,0,0,0,0,0
2026,regular,2026-04-05,691594,Javier Sanoja,MIA,30,,,,,0,0,0,0,0,0
2026,regular,2026-04-05,665862,Jazz Chisholm Jr.,NYY,30,,,,,0,0,0,0,0,0
2026,regular,2026-04-05,643446,Jeff McNeil,ATH,30,,,,,0,0,0,0,0,0
2026,regular,2026-04-05,600869,Jeimer Candelario,LAA,30,,,,,0,0,0,0,0,0
2026,regular,2026-04-05,666464,Jerar Encarnacion,SFG,30,,,,,0,0,0,0,0,0
2026,regular,2026-04-05,669236,Jeremiah Jackson,BAL,30,,,,,0,0,0,0,0,0
2026,regular,2026-04-05,660821,Jesús Sánchez,TOR,30,,,,,0,0,0,0,0,0
2026,regular,2026-04-05,802139,JJ Wetherholt,STL,30,,,,,0,0,0,0,0,0
2026,regular,2026-04-05,666176,Jo Adell,LAA,30,,,,,0,0,0,0,0,0
2026,regular,2026-04-05,592626,Joc Pederson,TEX,30,,,,,0,0,0,0,0,0
2026,regular,2026-04-05,694388,Joey Loperfido,HOU,30,,,,,0,0,0,0,0,0
2026,regular,2026-04-05,687401,Joey Ortiz,MIL,30,,,,,0,0,0,0,0,0
2026,regular,2026-04-05,686894,Joey Wiemer,WSN,30,,,,,0,0,0,0,0,0
2026,regular,2026-04-05,666018,Jonathan Aranda,TBR,30,,,,,0,0,0,0,0,0
2026,regular,2026-04-05,663697,Jonathan India,KCR,30,,,,,0,0,0,0,0,0
2026,regular,2026-04-05,676356,Jonny DeLuca,TBR,30,,,,,0,0,0,0,0,0
2026,regular,2026-04-05,678391,Jorbit Vivas,WSN,30,,,,,0,0,0,0,0,0
2026,regular,2026-04-05,687597,Jordan Beck,COL,30,,,,,0,0,0,0,0,0
2026,regular,2026-04-05,691023,Jordan Walker,STL,30,,,,,0,0,0,0,0,0
2026,regular,2026-04-05,678489,Jorge Barrosa,ARI,30,,,,,0,0,0,0,0,0
2026,regular,2026-04-05,622761,Jorge Mateo,ATL,30,,,,,0,0,0,0,0,0
2026,regular,2026-04-05,593871,Jorge Polanco,NYM,30,,,,,0,0,0,0,0,0
2026,regular,2026-04-05,624585,Jorge Soler,LAA,30,,,,,0,0,0,0,0,0
2026,regular,2026-04-05,514888,Jose Altuve,HOU,30,,,,,0,0,0,0,0,0
2026,regular,2026-04-05,699912,Jose Fernandez,ARI,30,,,,,0,0,0,0,0,0
2026,regular,2026-04-05,605137,Josh Bell,MIN,30,,,,,0,0,0,0,0,0
2026,regular,2026-04-05,673962,Josh Jung,TEX,30,,,,,0,0,0,0,0,0
2026,regular,2026-04-05,666139,Josh Lowe,LAA,30,,,,,0,0,0,0,0,0
2026,regular,2026-04-05,647304,Josh Naylor,SEA,30,,,,,0,0,0,0,0,0
2026,regular,2026-04-05,669701,Josh Smith,TEX,30,,,,,0,0,0,0,0,0
2026,regular,2026-04-05,676609,José Caballero,NYY,30,,,,,0,0,0,0,0,0
2026,regular,2026-04-05,608070,José Ramírez,CLE,30,,,,,0,0,0,0,0,0
2026,regular,2026-04-05,677588,José Tena,WSN,30,,,,,0,0,0,0,0,0
2026,regular,2026-04-05,677594,Julio Rodríguez,SEA,30,,,,,0,0,0,0,0,0
2026,regular,2026-04-05,808982,Jung Hoo Lee,SFG,30,,,,,0,0,0,0,0,0
2026,regular,2026-04-05,691406,Junior Caminero,TBR,30,,,,,0,0,0,0,0,0
2026,regular,2026-04-05,702222,Justin Crawford,PHI,30,,,,,0,0,0,0,0,0
2026,regular,2026-04-05,672960,Kazuma Okamoto,TOR,30,,,,,0,0,0,0,0,0
2026,regular,2026-04-05,663647,Ke'Bryan Hayes,CIN,30,,,,,0,0,0,0,0,0
2026,regular,2026-04-05,660688,Keibert Ruiz,WSN,30,,,,,0,0,0,0,0,0
2026,regular,2026-04-05,681481,Kerry Carpenter,DET,30,,,,,0,0,0,0,0,0
2026,regular,2026-04-05,606466,Ketel Marte,ARI,30,,,,,0,0,0,0,0,0
2026,regular,2026-04-05,805808,Kevin McGonigle,DET,30,,,,,0,0,0,0,0,0
2026,regular,2026-04-05,665019,Kody Clemens,MIN,30,,,,,0,0,0,0,0,0
2026,regular,2026-04-05,804606,Konnor Griffin,PIT,30,,,,,0,0,0,0,0,0
2026,regular,2026-04-05,571657,Kyle Farmer,ATL,30,,,,,0,0,0,0,0,0
2026,regular,2026-04-05,543309,Kyle Higashioka,TEX,30,,,,,0,0,0,0,0,0
2026,regular,2026-04-05,691720,Kyle Karros,COL,30,,,,,0,0,0,0,0,0
2026,regular,2026-04-05,700932,Kyle Manzardo,CLE,30,,,,,0,0,0,0,0,0
2026,regular,2026-04-05,656941,Kyle Schwarber,PHI,30,,,,,0,0,0,0,0,0
2026,regular,2026-04-05,663656,Kyle Tucker,LAD,30,,,,,0,0,0,0,0,0
2026,regular,2026-04-05,657041,Lane Thomas,KCR,30,,,,,0,0,0,0,0,0
2026,regular,2026-04-05,671732,Lawrence Butler,ATH,30,,,,,0,0,0,0,0,0
2026,regular,2026-04-05,672820,Lenyn Sosa,CHW,30,,,,,0,0,0,0,0,0
2026,regular,2026-04-05,660844,Leo Rivas,SEA,30,,,,,0,0,0,0,0,0
2026,regular,2026-04-05,665750,Leody Taveras,BAL,30,,,,,0,0,0,0,0,0
2026,regular,2026-04-05,689414,Liam Hicks,MIA,30,,,,,0,0,0,0,0,0
2026,regular,2026-04-05,681351,Logan O'Hoppe,LAA,30,,,,,0,0,0,0,0,0
2026,regular,2026-04-05,650333,Luis Arraez,SFG,30,,,,,0,0,0,0,0,0
2026,regular,2026-04-05,669134,Luis Campusano,SDP,30,,,,,0,0,0,0,0,0
2026,regular,2026-04-05,671277,Luis García Jr.,WSN,30,,,,,0,0,0,0,0,0
2026,regular,2026-04-05,682641,Luis Matos,MIL,30,,,,,0,0,0,0,0,0
2026,regular,2026-04-05,650859,Luis Rengifo,MIL,30,,,,,0,0,0,0,0,0
2026,regular,2026-04-05,673357,Luis Robert Jr.,NYM,30,,,,,0,0,0,0,0,0
2026,regular,2026-04-05,620443,Luis Torrens,NYM,30,,,,,0,0,0,0,0,0
2026,regular,2026-04-05,682668,Luisangel Acuña,CHW,30,,,,,0,0,0,0,0,0
2026,regular,2026-04-05,807712,Luke Keaschall,MIN,30,,,,,0,0,0,0,0,0
2026,regular,2026-04-05,670042,Luke Raley,SEA,30,,,,,0,0,0,0,0,0
2026,regular,2026-04-05,596133,Luke Weaver,NYM,30,,,,,0,0,0,0,0,0
2026,regular,2026-04-05,672580,Maikel Garcia,KCR,30,,,,,0,0,0,0,0,0
2026,regular,2026-04-05,592518,Manny Machado,SDP,30,,,,,0,0,0,0,0,0
2026,regular,2026-04-05,691785,Marcelo Mayer,BOS,30,,,,,0,0,0,0,0,0
2026,regular,2026-04-05,543760,Marcus Semien,NYM,30,,,,,0,0,0,0,0,0
2026,regular,2026-04-05,668901,Mark Vientos,NYM,30,,,,,0,0,0,0,0,0
2026,regular,2026-04-05,807799,Masataka Yoshida,BOS,30,,,,,0,0,0,0,0,0
2026,regular,2026-04-05,656305,Matt Chapman,SFG,30,,,,,0,0,0,0,0,0
2026,regular,2026-04-05,680574,Matt McLain,CIN,30,,,,,0,0,0,0,0,0
2026,regular,2026-04-05,621566,Matt Olson,ATL,30,,,,,0,0,0,0,0,0
2026,regular,2026-04-05,807713,Matt Shaw,CHC,30,,,,,0,0,0,0,0,0
2026,regular,2026-04-05,663837,Matt Vierling,DET,30,,,,,0,0,0,0,0,0
2026,regular,2026-04-05,670242,Matt Wallner,MIN,30,,,,,0,0,0,0,0,0
2026,regular,2026-04-05,643289,Mauricio Dubón,ATL,30,,,,,0,0,0,0,0,0
2026,regular,2026-04-05,691777,Max Muncy,ATH,30,,,,,0,0,0,0,0,0
2026,regular,2026-04-05,683737,Michael Busch,CHC,30,,,,,0,0,0,0,0,0
2026,regular,2026-04-05,624424,Michael Conforto,CHC,30,,,,,0,0,0,0,0,0
2026,regular,2026-04-05,671739,Michael Harris II,ATL,30,,,,,0,0,0,0,0,0
2026,regular,2026-04-05,666160,Mickey Moniak,COL,30,,,,,0,0,0,0,0,0
2026,regular,2026-04-05,665804,Miguel Amaya,CHC,30,,,,,0,0,0,0,0,0
2026,regular,2026-04-05,609280,Miguel Andujar,SDP,30,,,,,0,0,0,0,0,0
2026,regular,2026-04-05,500743,Miguel Rojas,LAD,30,,,,,0,0,0,0,0,0
2026,regular,2026-04-05,678246,Miguel Vargas,CHW,30,,,,,0,0,0,0,0,0
2026,regular,2026-04-05,545361,Mike Trout,LAA,30,,,,,0,0,0,0,0,0
2026,regular,2026-04-05,573262,Mike Yastrzemski,ATL,30,,,,,0,0,0,0,0,0
2026,regular,2026-04-05,641598,Mitch Garver,SEA,30,,,,,0,0,0,0,0,0
2026,regular,2026-04-05,694208,Moisés Ballesteros,CHC,30,,,,,0,0,0,0,0,0
2026,regular,2026-04-05,808959,Munetaka Murakami,CHW,30,,,,,0,0,0,0,0,0
2026,regular,2026-04-05,683083,Nasim Nuñez,WSN,30,,,,,0,0,0,0,0,0
2026,regular,2026-04-05,701675,Nathan Church,STL,30,,,,,0,0,0,0,0,0
2026,regular,2026-04-05,664770,Nathan Lukes,TOR,30,,,,,0,0,0,0,0,0
2026,regular,2026-04-05,669397,Nick Allen,HOU,30,,,,,0,0,0,0,0,0
2026,regular,2026-04-05,592206,Nick Castellanos,SDP,30,,,,,0,0,0,0,0,0
2026,regular,2026-04-05,663743,Nick Fortes,TBR,30,,,,,0,0,0,0,0,0
2026,regular,2026-04-05,701762,Nick Kurtz,ATH,30,,,,,0,0,0,0,0,0
2026,regular,2026-04-05,679845,Nick Loftin,KCR,30,,,,,0,0,0,0,0,0
2026,regular,2026-04-05,694377,Nick Yorke,PIT,30,,,,,0,0,0,0,0,0
2026,regular,2026-04-05,663538,Nico Hoerner,CHC,30,,,,,0,0,0,0,0,0
2026,regular,2026-04-05,682622,Noelvi Marte,CIN,30,,,,,0,0,0,0,0,0
2026,regular,2026-04-05,571448,Nolan Arenado,ARI,30,,,,,0,0,0,0,0,0
2026,regular,2026-04-05,669357,Nolan Gorman,STL,30,,,,,0,0,0,0,0,0
2026,regular,2026-04-05,694384,Nolan Schanuel,LAA,30,,,,,0,0,0,0,0,0
2026,regular,2026-04-05,665833,Oneil Cruz,PIT,30,,,,,0,0,0,0,0,0
2026,regular,2026-04-05,672724,Oswald Peraza,LAA,30,,,,,0,0,0,0,0,0
2026,regular,2026-04-05,672640,Otto Lopez,MIA,30,,,,,0,0,0,0,0,0
2026,regular,2026-04-05,683357,Owen Caissie,MIA,30,,,,,0,0,0,0,0,0
2026,regular,2026-04-05,645277,Ozzie Albies,ATL,30,,,,,0,0,0,0,0,0
2026,regular,2026-04-05,678009,Parker Meadows,DET,30,,,,,0,0,0,0,0,0
2026,regular,2026-04-05,672275,Patrick Bailey,SFG,30,,,,,0,0,0,0,0,0
2026,regular,2026-04-05,686780,Pedro Pagés,STL,30,,,,,0,0,0,0,0,0
2026,regular,2026-04-05,624413,Pete Alonso,BAL,30,,,,,0,0,0,0,0,0
2026,regular,2026-04-05,691718,Pete Crow-Armstrong,CHC,30,,,,,0,0,0,0,0,0
2026,regular,2026-04-05,646240,Rafael Devers,SFG,30,,,,,0,0,0,0,0,0
2026,regular,2026-04-05,665561,Rafael Marchán,PHI,30,,,,,0,0,0,0,0,0
2026,regular,2026-04-05,657656,Ramón Laureano,SDP,30,,,,,0,0,0,0,0,0
2026,regular,2026-04-05,602104,Ramón Urías,STL,30,,,,,0,0,0,0,0,0
2026,regular,2026-04-05,668227,Randy Arozarena,SEA,30,,,,,0,0,0,0,0,0
2026,regular,2026-04-05,656555,Rhys Hoskins,CLE,30,,,,,0,0,0,0,0,0
2026,regular,2026-04-05,680700,Richie Palacios,TBR,30,,,,,0,0,0,0,0,0
2026,regular,2026-04-05,682985,Riley Greene,DET,30,,,,,0,0,0,0,0,0
2026,regular,2026-04-05,701350,Roman Anthony,BOS,30,,,,,0,0,0,0,0,0
2026,regular,2026-04-05,660670,Ronald Acuña Jr.,ATL,30,,,,,0,0,0,0,0,0
2026,regular,2026-04-05,680777,Ryan Jeffers,MIN,30,,,,,0,0,0,0,0,0
2026,regular,2026-04-05,641857,Ryan McMahon,NYY,30,,,,,0,0,0,0,0,0
2026,regular,2026-04-05,656811,Ryan O'Hearn,PIT,30,,,,,0,0,0,0,0,0
2026,regular,2026-04-05,701398,Sal Stewart,CIN,30,,,,,0,0,0,0,0,0
2026,regular,2026-04-05,521692,Salvador Perez,KCR,30,,,,,0,0,0,0,0,0
2026,regular,2026-04-05,664059,Sam Haggerty,TEX,30,,,,,0,0,0,0,0,0
2026,regular,2026-04-05,694212,Samuel Basallo,BAL,30,,,,,0,0,0,0,0,0
2026,regular,2026-04-05,669289,Santiago Espinal,LAD,30,,,,,0,0,0,0,0,0
2026,regular,2026-04-05,664068,Scott Kingery,CHC,30,,,,,0,0,0,0,0,0
2026,regular,2026-04-05,669127,Shea Langeliers,ATH,30,,,,,0,0,0,0,0,0
2026,regular,2026-04-05,660271,Shohei Ohtani,LAD,30,,,,,0,0,0,0,0,0
2026,regular,2026-04-05,687462,Spencer Horwitz,PIT,30,,,,,0,0,0,0,0,0
2026,regular,2026-04-05,668715,Spencer Steer,CIN,30,,,,,0,0,0,0,0,0
2026,regular,2026-04-05,679529,Spencer Torkelson,DET,30,,,,,0,0,0,0,0,0
2026,regular,2026-04-05,516782,Starling Marte,KCR,30,,,,,0,0,0,0,0,0
2026,regular,2026-04-05,680757,Steven Kwan,CLE,30,,,,,0,0,0,0,0,0
2026,regular,2026-04-05,695020,Tanner Murray,CHW,30,,,,,0,0,0,0,0,0
2026,regular,2026-04-05,621493,Taylor Ward,BAL,30,,,,,0,0,0,0,0,0
2026,regular,2026-04-05,606192,Teoscar Hernández,LAD,30,,,,,0,0,0,0,0,0
2026,regular,2026-04-05,695336,Thomas Saggese,STL,30,,,,,0,0,0,0,0,0
2026,regular,2026-04-05,694374,Tim Tawa,ARI,30,,,,,0,0,0,0,0,0
2026,regular,2026-04-05,670770,TJ Friedl,CIN,30,,,,,0,0,0,0,0,0
2026,regular,2026-04-05,681198,TJ Rumfield,COL,30,,,,,0,0,0,0,0,0
2026,regular,2026-04-05,607208,Trea Turner,PHI,30,,,,,0,0,0,0,0,0
2026,regular,2026-04-05,663757,Trent Grisham,NYY,30,,,,,0,0,0,0,0,0
2026,regular,2026-04-05,663616,Trevor Larnach,MIN,30,,,,,0,0,0,0,0,0
2026,regular,2026-04-05,596115,Trevor Story,BOS,30,,,,,0,0,0,0,0,0
2026,regular,2026-04-05,656484,Tristan Gray,MIN,30,,,,,0,0,0,0,0,0
2026,regular,2026-04-05,687859,Troy Johnston,COL,30,,,,,0,0,0,0,0,0
2026,regular,2026-04-05,664034,Ty France,SDP,30,,,,,0,0,0,0,0,0
2026,regular,2026-04-05,641933,Tyler O'Neill,BAL,30,,,,,0,0,0,0,0,0
2026,regular,2026-04-05,691016,Tyler Soderstrom,ATH,30,,,,,0,0,0,0,0,0
2026,regular,2026-04-05,663886,Tyler Stephenson,CIN,30,,,,,0,0,0,0,0,0
2026,regular,2026-04-05,686475,Tyler Tolbert,KCR,30,,,,,0,0,0,0,0,0
2026,regular,2026-04-05,621438,Tyrone Taylor,NYM,30,,,,,0,0,0,0,0,0
2026,regular,2026-04-05,687363,Victor Scott II,STL,30,,,,,0,0,0,0,0,0
2026,regular,2026-04-05,686469,Vinnie Pasquantino,KCR,30,,,,,0,0,0,0,0,0
2026,regular,2026-04-05,665489,Vladimir Guerrero Jr.,TOR,30,,,,,0,0,0,0,0,0
2026,regular,2026-04-05,666181,Will Benson,CIN,30,,,,,0,0,0,0,0,0
2026,regular,2026-04-05,669257,Will Smith,LAD,30,,,,,0,0,0,0,0,0
2026,regular,2026-04-05,650489,Willi Castro,COL,30,,,,,0,0,0,0,0,0
2026,regular,2026-04-05,661388,William Contreras,MIL,30,,,,,0,0,0,0,0,0
2026,regular,2026-04-05,575929,Willson Contreras,BOS,30,,,,,0,0,0,0,0,0
2026,regular,2026-04-05,642715,Willy Adames,SFG,30,,,,,0,0,0,0,0,0
2026,regular,2026-04-05,677800,Wilyer Abreu,BOS,30,,,,,0,0,0,0,0,0
2026,regular,2026-04-05,694671,Wyatt Langford,TEX,30,,,,,0,0,0,0,0,0
2026,regular,2026-04-05,593428,Xander Bogaerts,SDP,30,,,,,0,0,0,0,0,0
2026,regular,2026-04-05,669364,Xavier Edwards,MIA,30,,,,,0,0,0,0,0,0
2026,regular,2026-04-05,673237,Yainer Diaz,HOU,30,,,,,0,0,0,0,0,0
2026,regular,2026-04-05,650490,Yandy Díaz,TBR,30,,,,,0,0,0,0,0,0
2026,regular,2026-04-05,670541,Yordan Alvarez,HOU,30,,,,,0,0,0,0,0,0
2026,regular,2026-04-05,687263,Zach Neto,LAA,30,,,,,0,0,0,0,0,0
2026,regular,2026-04-06,624428,Adam Frazier,LAA,30,,,,,0,0,0,0,0,0
2026,regular,2026-04-06,668939,Adley Rutschman,BAL,30,,,,,0,0,0,0,0,0
2026,regular,2026-04-06,666969,Adolis García,PHI,30,,,,,0,0,0,0,0,0
2026,regular,2026-04-06,682663,Agustín Ramírez,MIA,30,,,,,0,0,0,0,0,0
2026,regular,2026-04-06,664761,Alec Bohm,PHI,30,,,,,0,0,0,0,0,0
2026,regular,2026-04-06,676475,Alec Burleson,STL,30,,,,,0,0,0,0,0,0
2026,regular,2026-04-06,608324,Alex Bregman,CHC,30,,,,,0,0,0,0,0,0
2026,regular,2026-04-06,669743,Alex Call,LAD,30,,,,,0,0,0,0,0,0
2026,regular,2026-04-06,690976,Alex Freeland,LAD,30,,,,,0,0,0,0,0,0
2026,regular,2026-04-06,643217,Andrew Benintendi,CHW,30,,,,,0,0,0,0,0,0
2026,regular,2026-04-06,655316,Andruw Monasterio,BOS,30,,,,,0,0,0,0,0,0
2026,regular,2026-04-06,665926,Andrés Giménez,TOR,30,,,,,0,0,0,0,0,0
2026,regular,2026-04-06,681624,Andy Pages,LAD,30,,,,,0,0,0,0,0,0
2026,regular,2026-04-06,669720,Austin Hays,CHW,30,,,,,0,0,0,0,0,0
2026,regular,2026-04-06,668885,Austin Martin,MIN,30,,,,,0,0,0,0,0,0
2026,regular,2026-04-06,663586,Austin Riley,ATL,30,,,,,0,0,0,0,0,0
2026,regular,2026-04-06,596103,Austin Slater,MIA,30,,,,,0,0,0,0,0,0
2026,regular,2026-04-06,810938,Ben Williamson,TBR,30,,,,,0,0,0,0,0,0
2026,regular,2026-04-06,663368,Blake Perkins,MIL,30,,,,,0,0,0,0,0,0
2026,regular,2026-04-06,677942,Blaze Alexander,BAL,30,,,,,0,0,0,0,0,0
2026,regular,2026-04-06,666310,Bo Naylor,CLE,30,,,,,0,0,0,0,0,0
2026,regular,2026-04-06,677951,Bobby Witt Jr.,KCR,30,,,,,0,0,0,0,0,0
2026,regular,2026-04-06,691781,Brady House,WSN,30,,,,,0,0,0,0,0,0
2026,regular,2026-04-06,664040,Brandon Lowe,PIT,30,,,,,0,0,0,0,0,0
2026,regular,2026-04-06,669016,Brandon Marsh,PHI,30,,,,,0,0,0,0,0,0
2026,regular,2026-04-06,607043,Brandon Nimmo,TEX,30,,,,,0,0,0,0,0,0
2026,regular,2026-04-06,678218,Brandon Valenzuela,TOR,30,,,,,0,0,0,0,0,0
2026,regular,2026-04-06,677587,Brayan Rocchio,CLE,30,,,,,0,0,0,0,0,0
2026,regular,2026-04-06,680977,Brendan Donovan,SEA,30,,,,,0,0,0,0,0,0
2026,regular,2026-04-06,686668,Brenton Doyle,COL,30,,,,,0,0,0,0,0,0
2026,regular,2026-04-06,668930,Brice Turang,MIL,30,,,,,0,0,0,0,0,0
2026,regular,2026-04-06,686797,Brooks Lee,MIN,30,,,,,0,0,0,0,0,0
2026,regular,2026-04-06,668804,Bryan Reynolds,PIT,30,,,,,0,0,0,0,0,0
2026,regular,2026-04-06,547180,Bryce Harper,PHI,30,,,,,0,0,0,0,0,0
2026,regular,2026-04-06,669326,Bryce Teodosio,LAA,30,,,,,0,0,0,0,0,0
2026,regular,2026-04-06,681082,Bryson Stott,PHI,30,,,,,0,0,0,0,0,0
2026,regular,2026-04-06,621439,Byron Buxton,MIN,30,,,,,0,0,0,0,0,0
2026,regular,2026-04-06,663728,Cal Raleigh,SEA,30,,,,,0,0,0,0,0,0
2026,regular,2026-04-06,702332,Caleb Durbin,BOS,30,,,,,0,0,0,0,0,0
2026,regular,2026-04-06,701358,Cam Smith,HOU,30,,,,,0,0,0,0,0,0
2026,regular,2026-04-06,621043,Carlos Correa,HOU,30,,,,,0,0,0,0,0,0
2026,regular,2026-04-06,665966,Carlos Narváez,BOS,30,,,,,0,0,0,0,0,0
2026,regular,2026-04-06,608348,Carson Kelly,CHC,30,,,,,0,0,0,0,0,0
2026,regular,2026-04-06,695600,Carter Jensen,KCR,30,,,,,0,0,0,0,0,0
2026,regular,2026-04-06,678882,Ceddanne Rafaela,BOS,30,,,,,0,0,0,0,0,0
2026,regular,2026-04-06,656775,Cedric Mullins,TBR,30,,,,,0,0,0,0,0,0
2026,regular,2026-04-06,802415,Chandler Simpson,TBR,30,,,,,0,0,0,0,0,0
2026,regular,2026-04-06,800050,Chase DeLauter,CLE,30,,,,,0,0,0,0,0,0
2026,regular,2026-04-06,805367,Chase Meidroth,CHW,30,,,,,0,0,0,0,0,0
2026,regular,2026-04-06,572233,Christian Walker,HOU,30,,,,,0,0,0,0,0,0
2026,regular,2026-04-06,592885,Christian Yelich,MIL,30,,,,,0,0,0,0,0,0
2026,regular,2026-04-06,682928,CJ Abrams,WSN,30,,,,,0,0,0,0,0,0
2026,regular,2026-04-06,692216,CJ Kayfus,CLE,30,,,,,0,0,0,0,0,0
2026,regular,2026-04-06,691723,Coby Mayo,BAL,30,,,,,0,0,0,0,0,0
2026,regular,2026-04-06,702284,Cole Young,SEA,30,,,,,0,0,0,0,0,0
2026,regular,2026-04-06,695657,Colson Montgomery,CHW,30,,,,,0,0,0,0,0,0
2026,regular,2026-04-06,690993,Colt Keith,DET,30,,,,,0,0,0,0,0,0
2026,regular,2026-04-06,681297,Colton Cowser,BAL,30,,,,,0,0,0,0,0,0
2026,regular,2026-04-06,681393,Connor Norby,MIA,30,,,,,0,0,0,0,0,0
2026,regular,2026-04-06,608369,Corey Seager,TEX,30,,,,,0,0,0,0,0,0
2026,regular,2026-04-06,678554,Curtis Mead,WSN,30,,,,,0,0,0,0,0,0
2026,regular,2026-04-06,687221,Dalton Rushing,LAD,30,,,,,0,0,0,0,0,0
2026,regular,2026-04-06,667472,Dane Myers,CIN,30,,,,,0,0,0,0,0,0
2026,regular,2026-04-06,682177,Daniel Schneemann,CLE,30,,,,,0,0,0,0,0,0
2026,regular,2026-04-06,643376,Danny Jansen,TEX,30,,,,,0,0,0,0,0,0
2026,regular,2026-04-06,621020,Dansby Swanson,CHC,30,,,,,0,0,0,0,0,0
2026,regular,2026-04-06,662139,Daulton Varsho,TOR,30,,,,,0,0,0,0,0,0
2026,regular,2026-04-06,681807,David Fry,CLE,30,,,,,0,0,0,0,0,0
2026,regular,2026-04-06,666152,David Hamilton,MIL,30,,,,,0,0,0,0,0,0
2026,regular,2026-04-06,676914,Davis Schneider,TOR,30,,,,,0,0,0,0,0,0
2026,regular,2026-04-06,695734,Daylen Lile,WSN,30,,,,,0,0,0,0,0,0
2026,regular,2026-04-06,656537,Derek Hill,CHW,30,,,,,0,0,0,0,0,0
2026,regular,2026-04-06,686527,Dominic Canzone,SEA,30,,,,,0,0,0,0,0,0
2026,regular,2026-04-06,642086,Dominic Smith,ATL,30,,,,,0,0,0,0,0,0
2026,regular,2026-04-06,686948,Drake Baldwin,ATL,30,,,,,0,0,0,0,0,0
2026,regular,2026-04-06,686452,Drew Millas,WSN,30,,,,,0,0,0,0,0,0
2026,regular,2026-04-06,666185,Dylan Carlson,CHC,30,,,,,0,0,0,0,0,0
2026,regular,2026-04-06,700337,Edgar Quero,CHW,30,,,,,0,0,0,0,0,0
2026,regular,2026-04-06,666397,Edouard Julien,COL,30,,,,,0,0,0,0,0,0
2026,regular,2026-04-06,682829,Elly De La Cruz,CIN,30,,,,,0,0,0,0,0,0
2026,regular,2026-04-06,676391,Ernie Clement,TOR,30,,,,,0,0,0,0,0,0
2026,regular,2026-04-06,553993,Eugenio Suárez,CIN,30,,,,,0,0,0,0,0,0
2026,regular,2026-04-06,694497,Evan Carter,TEX,30,,,,,0,0,0,0,0,0
2026,regular,2026-04-06,677649,Ezequiel Duran,TEX,30,,,,,0,0,0,0,0,0
2026,regular,2026-04-06,678662,Ezequiel Tovar,COL,30,,,,,0,0,0,0,0,0
2026,regular,2026-04-06,665487,Fernando Tatis Jr.,SDP,30,,,,,0,0,0,0,0,0
2026,regular,2026-04-06,518692,Freddie Freeman,LAD,30,,,,,0,0,0,0,0,0
2026,regular,2026-04-06,666023,Freddy Fermin,SDP,30,,,,,0,0,0,0,0,0
2026,regular,2026-04-06,672356,Gabriel Arias,CLE,30,,,,,0,0,0,0,0,0
2026,regular,2026-04-06,669003,Garrett Mitchell,MIL,30,,,,,0,0,0,0,0,0
2026,regular,2026-04-06,657757,Gavin Sheets,SDP,30,,,,,0,0,0,0,0,0
2026,regular,2026-04-06,543807,George Springer,TOR,30,,,,,0,0,0,0,0,0
2026,regular,2026-04-06,650402,Gleyber Torres,DET,30,,,,,0,0,0,0,0,0
2026,regular,2026-04-06,683002,Gunnar Henderson,BAL,30,,,,,0,0,0,0,0,0
2026,regular,2026-04-06,664056,Harrison Bader,SFG,30,,,,,0,0,0,0,0,0
2026,regular,2026-04-06,671218,Heliot Ramos,SFG,30,,,,,0,0,0,0,0,0
2026,regular,2026-04-06,680779,Henry Davis,PIT,30,,,,,0,0,0,0,0,0
2026,regular,2026-04-06,681715,Heriberto Hernández,MIA,30,,,,,0,0,0,0,0,0
2026,regular,2026-04-06,696100,Hunter Goodman,COL,30,,,,,0,0,0,0,0,0
2026,regular,2026-04-06,808975,Hyeseong Kim,LAD,30,,,,,0,0,0,0,0,0
2026,regular,2026-04-06,664023,Ian Happ,CHC,30,,,,,0,0,0,0,0,0
2026,regular,2026-04-06,686555,Isaac Collins,KCR,30,,,,,0,0,0,0,0,0
2026,regular,2026-04-06,671056,Iván Herrera,STL,30,,,,,0,0,0,0,0,0
2026,regular,2026-04-06,641487,J.P. Crawford,SEA,30,,,,,0,0,0,0,0,0
2026,regular,2026-04-06,592663,J.T. Realmuto,PHI,30,,,,,0,0,0,0,0,0
2026,regular,2026-04-06,695506,Jac Caglianone,KCR,30,,,,,0,0,0,0,0,0
2026,regular,2026-04-06,701538,Jackson Merrill,SDP,30,,,,,0,0,0,0,0,0
2026,regular,2026-04-06,696285,Jacob Young,WSN,30,,,,,0,0,0,0,0,0
2026,regular,2026-04-06,663330,Jahmai Jones,DET,30,,,,,0,0,0,0,0,0
2026,regular,2026-04-06,641343,Jake Bauers,MIL,30,,,,,0,0,0,0,0,0
2026,regular,2026-04-06,669394,Jake Burger,TEX,30,,,,,0,0,0,0,0,0
2026,regular,2026-04-06,630105,Jake Cronenworth,SDP,30,,,,,0,0,0,0,0,0
2026,regular,2026-04-06,641584,Jake Fraley,TBR,30,,,,,0,0,0,0,0,0
2026,regular,2026-04-06,663968,Jake Mangum,PIT,30,,,,,0,0,0,0,0,0
2026,regular,2026-04-06,664983,Jake McCarthy,COL,30,,,,,0,0,0,0,0,0
2026,regular,2026-04-06,676694,Jake Meyers,HOU,30,,,,,0,0,0,0,0,0
2026,regular,2026-04-06,668670,Jake Rogers,DET,30,,,,,0,0,0,0,0,0
2026,regular,2026-04-06,805300,Jakob Marsee,MIA,30,,,,,0,0,0,0,0,0
2026,regular,2026-04-06,681546,James Outman,MIN,30,,,,,0,0,0,0,0,0
2026,regular,2026-04-06,695578,James Wood,WSN,30,,,,,0,0,0,0,0,0
2026,regular,2026-04-06,691594,Javier Sanoja,MIA,30,,,,,0,0,0,0,0,0
2026,regular,2026-04-06,600869,Jeimer Candelario,LAA,30,,,,,0,0,0,0,0,0
2026,regular,2026-04-06,666464,Jerar Encarnacion,SFG,30,,,,,0,0,0,0,0,0
2026,regular,2026-04-06,669236,Jeremiah Jackson,BAL,30,,,,,0,0,0,0,0,0
2026,regular,2026-04-06,665161,Jeremy Peña,HOU,30,,,,,0,0,0,0,0,0
2026,regular,2026-04-06,660821,Jesús Sánchez,TOR,30,,,,,0,0,0,0,0,0
2026,regular,2026-04-06,802139,JJ Wetherholt,STL,30,,,,,0,0,0,0,0,0
2026,regular,2026-04-06,666176,Jo Adell,LAA,30,,,,,0,0,0,0,0,0
2026,regular,2026-04-06,592626,Joc Pederson,TEX,30,,,,,0,0,0,0,0,0
2026,regular,2026-04-06,694388,Joey Loperfido,HOU,30,,,,,0,0,0,0,0,0
2026,regular,2026-04-06,686894,Joey Wiemer,WSN,30,,,,,0,0,0,0,0,0
2026,regular,2026-04-06,666018,Jonathan Aranda,TBR,30,,,,,0,0,0,0,0,0
2026,regular,2026-04-06,663697,Jonathan India,KCR,30,,,,,0,0,0,0,0,0
2026,regular,2026-04-06,678391,Jorbit Vivas,WSN,30,,,,,0,0,0,0,0,0
2026,regular,2026-04-06,691023,Jordan Walker,STL,30,,,,,0,0,0,0,0,0
2026,regular,2026-04-06,624585,Jorge Soler,LAA,30,,,,,0,0,0,0,0,0
2026,regular,2026-04-06,514888,Jose Altuve,HOU,30,,,,,0,0,0,0,0,0
2026,regular,2026-04-06,605137,Josh Bell,MIN,30,,,,,0,0,0,0,0,0
2026,regular,2026-04-06,673962,Josh Jung,TEX,30,,,,,0,0,0,0,0,0
2026,regular,2026-04-06,666139,Josh Lowe,LAA,30,,,,,0,0,0,0,0,0
2026,regular,2026-04-06,647304,Josh Naylor,SEA,30,,,,,0,0,0,0,0,0
2026,regular,2026-04-06,669701,Josh Smith,TEX,30,,,,,0,0,0,0,0,0
2026,regular,2026-04-06,608070,José Ramírez,CLE,30,,,,,0,0,0,0,0,0
2026,regular,2026-04-06,677588,José Tena,WSN,30,,,,,0,0,0,0,0,0
2026,regular,2026-04-06,677594,Julio Rodríguez,SEA,30,,,,,0,0,0,0,0,0
2026,regular,2026-04-06,808982,Jung Hoo Lee,SFG,30,,,,,0,0,0,0,0,0
2026,regular,2026-04-06,691406,Junior Caminero,TBR,30,,,,,0,0,0,0,0,0
2026,regular,2026-04-06,702222,Justin Crawford,PHI,30,,,,,0,0,0,0,0,0
2026,regular,2026-04-06,672960,Kazuma Okamoto,TOR,30,,,,,0,0,0,0,0,0
2026,regular,2026-04-06,663647,Ke'Bryan Hayes,CIN,30,,,,,0,0,0,0,0,0
2026,regular,2026-04-06,805808,Kevin McGonigle,DET,30,,,,,0,0,0,0,0,0
2026,regular,2026-04-06,665019,Kody Clemens,MIN,30,,,,,0,0,0,0,0,0
2026,regular,2026-04-06,804606,Konnor Griffin,PIT,30,,,,,0,0,0,0,0,0
2026,regular,2026-04-06,664728,Kyle Isbel,KCR,30,,,,,0,0,0,0,0,0
2026,regular,2026-04-06,691720,Kyle Karros,COL,30,,,,,0,0,0,0,0,0
2026,regular,2026-04-06,700932,Kyle Manzardo,CLE,30,,,,,0,0,0,0,0,0
2026,regular,2026-04-06,656941,Kyle Schwarber,PHI,30,,,,,0,0,0,0,0,0
2026,regular,2026-04-06,663656,Kyle Tucker,LAD,30,,,,,0,0,0,0,0,0
2026,regular,2026-04-06,657041,Lane Thomas,KCR,30,,,,,0,0,0,0,0,0
2026,regular,2026-04-06,672820,Lenyn Sosa,CHW,30,,,,,0,0,0,0,0,0
2026,regular,2026-04-06,677870,Leo Jiménez,MIA,30,,,,,0,0,0,0,0,0
2026,regular,2026-04-06,660844,Leo Rivas,SEA,30,,,,,0,0,0,0,0,0
2026,regular,2026-04-06,689414,Liam Hicks,MIA,30,,,,,0,0,0,0,0,0
2026,regular,2026-04-06,681351,Logan O'Hoppe,LAA,30,,,,,0,0,0,0,0,0
2026,regular,2026-04-06,650333,Luis Arraez,SFG,30,,,,,0,0,0,0,0,0
2026,regular,2026-04-06,671277,Luis García Jr.,WSN,30,,,,,0,0,0,0,0,0
2026,regular,2026-04-06,650859,Luis Rengifo,MIL,30,,,,,0,0,0,0,0,0
2026,regular,2026-04-06,682668,Luisangel Acuña,CHW,30,,,,,0,0,0,0,0,0
2026,regular,2026-04-06,807712,Luke Keaschall,MIN,30,,,,,0,0,0,0,0,0
2026,regular,2026-04-06,670042,Luke Raley,SEA,30,,,,,0,0,0,0,0,0
2026,regular,2026-04-06,672580,Maikel Garcia,KCR,30,,,,,0,0,0,0,0,0
2026,regular,2026-04-06,592518,Manny Machado,SDP,30,,,,,0,0,0,0,0,0
2026,regular,2026-04-06,542303,Marcell Ozuna,PIT,30,,,,,0,0,0,0,0,0
2026,regular,2026-04-06,691785,Marcelo Mayer,BOS,30,,,,,0,0,0,0,0,0
2026,regular,2026-04-06,807799,Masataka Yoshida,BOS,30,,,,,0,0,0,0,0,0
2026,regular,2026-04-06,691026,Masyn Winn,STL,30,,,,,0,0,0,0,0,0
2026,regular,2026-04-06,656305,Matt Chapman,SFG,30,,,,,0,0,0,0,0,0
2026,regular,2026-04-06,680574,Matt McLain,CIN,30,,,,,0,0,0,0,0,0
2026,regular,2026-04-06,621566,Matt Olson,ATL,30,,,,,0,0,0,0,0,0
2026,regular,2026-04-06,807713,Matt Shaw,CHC,30,,,,,0,0,0,0,0,0
2026,regular,2026-04-06,663837,Matt Vierling,DET,30,,,,,0,0,0,0,0,0
2026,regular,2026-04-06,670242,Matt Wallner,MIN,30,,,,,0,0,0,0,0,0
2026,regular,2026-04-06,643289,Mauricio Dubón,ATL,30,,,,,0,0,0,0,0,0
2026,regular,2026-04-06,571970,Max Muncy,LAD,30,,,,,0,0,0,0,0,0
2026,regular,2026-04-06,683737,Michael Busch,CHC,30,,,,,0,0,0,0,0,0
2026,regular,2026-04-06,624424,Michael Conforto,CHC,30,,,,,0,0,0,0,0,0
2026,regular,2026-04-06,671739,Michael Harris II,ATL,30,,,,,0,0,0,0,0,0
2026,regular,2026-04-06,686681,Michael Massey,KCR,30,,,,,0,0,0,0,0,0
2026,regular,2026-04-06,666160,Mickey Moniak,COL,30,,,,,0,0,0,0,0,0
2026,regular,2026-04-06,665804,Miguel Amaya,CHC,30,,,,,0,0,0,0,0,0
2026,regular,2026-04-06,678246,Miguel Vargas,CHW,30,,,,,0,0,0,0,0,0
2026,regular,2026-04-06,573262,Mike Yastrzemski,ATL,30,,,,,0,0,0,0,0,0
2026,regular,2026-04-06,808959,Munetaka Murakami,CHW,30,,,,,0,0,0,0,0,0
2026,regular,2026-04-06,664702,Myles Straw,TOR,30,,,,,0,0,0,0,0,0
2026,regular,2026-04-06,683083,Nasim Nuñez,WSN,30,,,,,0,0,0,0,0,0
2026,regular,2026-04-06,701675,Nathan Church,STL,30,,,,,0,0,0,0,0,0
2026,regular,2026-04-06,592206,Nick Castellanos,SDP,30,,,,,0,0,0,0,0,0
2026,regular,2026-04-06,663743,Nick Fortes,TBR,30,,,,,0,0,0,0,0,0
2026,regular,2026-04-06,693304,Nick Gonzales,PIT,30,,,,,0,0,0,0,0,0
2026,regular,2026-04-06,663538,Nico Hoerner,CHC,30,,,,,0,0,0,0,0,0
2026,regular,2026-04-06,669357,Nolan Gorman,STL,30,,,,,0,0,0,0,0,0
2026,regular,2026-04-06,665833,Oneil Cruz,PIT,30,,,,,0,0,0,0,0,0
2026,regular,2026-04-06,672724,Oswald Peraza,LAA,30,,,,,0,0,0,0,0,0
2026,regular,2026-04-06,672640,Otto Lopez,MIA,30,,,,,0,0,0,0,0,0
2026,regular,2026-04-06,683357,Owen Caissie,MIA,30,,,,,0,0,0,0,0,0
2026,regular,2026-04-06,645277,Ozzie Albies,ATL,30,,,,,0,0,0,0,0,0
2026,regular,2026-04-06,678009,Parker Meadows,DET,30,,,,,0,0,0,0,0,0
2026,regular,2026-04-06,672275,Patrick Bailey,SFG,30,,,,,0,0,0,0,0,0
2026,regular,2026-04-06,624413,Pete Alonso,BAL,30,,,,,0,0,0,0,0,0
2026,regular,2026-04-06,691718,Pete Crow-Armstrong,CHC,30,,,,,0,0,0,0,0,0
2026,regular,2026-04-06,646240,Rafael Devers,SFG,30,,,,,0,0,0,0,0,0
2026,regular,2026-04-06,657656,Ramón Laureano,SDP,30,,,,,0,0,0,0,0,0
2026,regular,2026-04-06,602104,Ramón Urías,STL,30,,,,,0,0,0,0,0,0
2026,regular,2026-04-06,668227,Randy Arozarena,SEA,30,,,,,0,0,0,0,0,0
2026,regular,2026-04-06,656555,Rhys Hoskins,CLE,30,,,,,0,0,0,0,0,0
2026,regular,2026-04-06,682985,Riley Greene,DET,30,,,,,0,0,0,0,0,0
2026,regular,2026-04-06,608701,Rob Refsnyder,SEA,30,,,,,0,0,0,0,0,0
2026,regular,2026-04-06,701350,Roman Anthony,BOS,30,,,,,0,0,0,0,0,0
2026,regular,2026-04-06,660670,Ronald Acuña Jr.,ATL,30,,,,,0,0,0,0,0,0
2026,regular,2026-04-06,668904,Royce Lewis,MIN,30,,,,,0,0,0,0,0,0
2026,regular,2026-04-06,663624,Ryan Mountcastle,BAL,30,,,,,0,0,0,0,0,0
2026,regular,2026-04-06,656811,Ryan O'Hearn,PIT,30,,,,,0,0,0,0,0,0
2026,regular,2026-04-06,686217,Sal Frelick,MIL,30,,,,,0,0,0,0,0,0
2026,regular,2026-04-06,701398,Sal Stewart,CIN,30,,,,,0,0,0,0,0,0
2026,regular,2026-04-06,521692,Salvador Perez,KCR,30,,,,,0,0,0,0,0,0
2026,regular,2026-04-06,669289,Santiago Espinal,LAD,30,,,,,0,0,0,0,0,0
2026,regular,2026-04-06,660271,Shohei Ohtani,LAD,30,,,,,0,0,0,0,0,0
2026,regular,2026-04-06,687462,Spencer Horwitz,PIT,30,,,,,0,0,0,0,0,0
2026,regular,2026-04-06,668715,Spencer Steer,CIN,30,,,,,0,0,0,0,0,0
2026,regular,2026-04-06,679529,Spencer Torkelson,DET,30,,,,,0,0,0,0,0,0
2026,regular,2026-04-06,680757,Steven Kwan,CLE,30,,,,,0,0,0,0,0,0
2026,regular,2026-04-06,670764,Taylor Walls,TBR,30,,,,,0,0,0,0,0,0
2026,regular,2026-04-06,621493,Taylor Ward,BAL,30,,,,,0,0,0,0,0,0
2026,regular,2026-04-06,606192,Teoscar Hernández,LAD,30,,,,,0,0,0,0,0,0
2026,regular,2026-04-06,695336,Thomas Saggese,STL,30,,,,,0,0,0,0,0,0
2026,regular,2026-04-06,670770,TJ Friedl,CIN,30,,,,,0,0,0,0,0,0
2026,regular,2026-04-06,681198,TJ Rumfield,COL,30,,,,,0,0,0,0,0,0
2026,regular,2026-04-06,607208,Trea Turner,PHI,30,,,,,0,0,0,0,0,0
2026,regular,2026-04-06,663616,Trevor Larnach,MIN,30,,,,,0,0,0,0,0,0
2026,regular,2026-04-06,596115,Trevor Story,BOS,30,,,,,0,0,0,0,0,0
2026,regular,2026-04-06,671976,Tristan Peters,CHW,30,,,,,0,0,0,0,0,0
2026,regular,2026-04-06,687859,Troy Johnston,COL,30,,,,,0,0,0,0,0,0
2026,regular,2026-04-06,623168,Tyler Heineman,TOR,30,,,,,0,0,0,0,0,0
2026,regular,2026-04-06,641933,Tyler O'Neill,BAL,30,,,,,0,0,0,0,0,0
2026,regular,2026-04-06,663886,Tyler Stephenson,CIN,30,,,,,0,0,0,0,0,0
2026,regular,2026-04-06,605170,Victor Caratini,MIN,30,,,,,0,0,0,0,0,0
2026,regular,2026-04-06,645302,Victor Robles,SEA,30,,,,,0,0,0,0,0,0
2026,regular,2026-04-06,687363,Victor Scott II,STL,30,,,,,0,0,0,0,0,0
2026,regular,2026-04-06,686469,Vinnie Pasquantino,KCR,30,,,,,0,0,0,0,0,0
2026,regular,2026-04-06,665489,Vladimir Guerrero Jr.,TOR,30,,,,,0,0,0,0,0,0
2026,regular,2026-04-06,666181,Will Benson,CIN,30,,,,,0,0,0,0,0,0
2026,regular,2026-04-06,650489,Willi Castro,COL,30,,,,,0,0,0,0,0,0
2026,regular,2026-04-06,661388,William Contreras,MIL,30,,,,,0,0,0,0,0,0
2026,regular,2026-04-06,575929,Willson Contreras,BOS,30,,,,,0,0,0,0,0,0
2026,regular,2026-04-06,642715,Willy Adames,SFG,30,,,,,0,0,0,0,0,0
2026,regular,2026-04-06,677800,Wilyer Abreu,BOS,30,,,,,0,0,0,0,0,0
2026,regular,2026-04-06,694671,Wyatt Langford,TEX,30,,,,,0,0,0,0,0,0
2026,regular,2026-04-06,593428,Xander Bogaerts,SDP,30,,,,,0,0,0,0,0,0
2026,regular,2026-04-06,669364,Xavier Edwards,MIA,30,,,,,0,0,0,0,0,0
2026,regular,2026-04-06,673237,Yainer Diaz,HOU,30,,,,,0,0,0,0,0,0
2026,regular,2026-04-06,650490,Yandy Díaz,TBR,30,,,,,0,0,0,0,0,0
2026,regular,2026-04-06,670541,Yordan Alvarez,HOU,30,,,,,0,0,0,0,0,0
2026,regular,2026-04-06,660162,Yoán Moncada,LAA,30,,,,,0,0,0,0,0,0
2026,regular,2026-04-06,656716,Zach McKinstry,DET,30,,,,,0,0,0,0,0,0
2026,regular,2026-04-06,687263,Zach Neto,LAA,30,,,,,0,0,0,0,0,0
2026,regular,2026-04-07,592450,Aaron Judge,NYY,30,,,,,0,0,0,0,0,0
2026,regular,2026-04-07,624428,Adam Frazier,LAA,30,,,,,0,0,0,0,0,0
2026,regular,2026-04-07,666969,Adolis García,PHI,30,,,,,0,0,0,0,0,0
2026,regular,2026-04-07,680728,Adrian Del Castillo,ARI,30,,,,,0,0,0,0,0,0
2026,regular,2026-04-07,682663,Agustín Ramírez,MIA,30,,,,,0,0,0,0,0,0
2026,regular,2026-04-07,676475,Alec Burleson,STL,30,,,,,0,0,0,0,0,0
2026,regular,2026-04-07,677950,Alek Thomas,ARI,30,,,,,0,0,0,0,0,0
2026,regular,2026-04-07,608324,Alex Bregman,CHC,30,,,,,0,0,0,0,0,0
2026,regular,2026-04-07,690976,Alex Freeland,LAD,30,,,,,0,0,0,0,0,0
2026,regular,2026-04-07,642708,Amed Rosario,NYY,30,,,,,0,0,0,0,0,0
2026,regular,2026-04-07,643217,Andrew Benintendi,CHW,30,,,,,0,0,0,0,0,0
2026,regular,2026-04-07,665926,Andrés Giménez,TOR,30,,,,,0,0,0,0,0,0
2026,regular,2026-04-07,628451,Andy Ibáñez,ATH,30,,,,,0,0,0,0,0,0
2026,regular,2026-04-07,681624,Andy Pages,LAD,30,,,,,0,0,0,0,0,0
2026,regular,2026-04-07,682657,Angel Martínez,CLE,30,,,,,0,0,0,0,0,0
2026,regular,2026-04-07,595978,Austin Hedges,CLE,30,,,,,0,0,0,0,0,0
2026,regular,2026-04-07,668885,Austin Martin,MIN,30,,,,,0,0,0,0,0,0
2026,regular,2026-04-07,663586,Austin Riley,ATL,30,,,,,0,0,0,0,0,0
2026,regular,2026-04-07,596103,Austin Slater,MIA,30,,,,,0,0,0,0,0,0
2026,regular,2026-04-07,669224,Austin Wells,NYY,30,,,,,0,0,0,0,0,0
2026,regular,2026-04-07,700250,Ben Rice,NYY,30,,,,,0,0,0,0,0,0
2026,regular,2026-04-07,663368,Blake Perkins,MIL,30,,,,,0,0,0,0,0,0
2026,regular,2026-04-07,677942,Blaze Alexander,BAL,30,,,,,0,0,0,0,0,0
2026,regular,2026-04-07,666182,Bo Bichette,NYM,30,,,,,0,0,0,0,0,0
2026,regular,2026-04-07,666310,Bo Naylor,CLE,30,,,,,0,0,0,0,0,0
2026,regular,2026-04-07,677951,Bobby Witt Jr.,KCR,30,,,,,0,0,0,0,0,0
2026,regular,2026-04-07,691781,Brady House,WSN,30,,,,,0,0,0,0,0,0
2026,regular,2026-04-07,663604,Brandon Lockridge,MIL,30,,,,,0,0,0,0,0,0
2026,regular,2026-04-07,664040,Brandon Lowe,PIT,30,,,,,0,0,0,0,0,0
2026,regular,2026-04-07,607043,Brandon Nimmo,TEX,30,,,,,0,0,0,0,0,0
2026,regular,2026-04-07,678218,Brandon Valenzuela,TOR,30,,,,,0,0,0,0,0,0
2026,regular,2026-04-07,677587,Brayan Rocchio,CLE,30,,,,,0,0,0,0,0,0
2026,regular,2026-04-07,680977,Brendan Donovan,SEA,30,,,,,0,0,0,0,0,0
2026,regular,2026-04-07,667670,Brent Rooker,ATH,30,,,,,0,0,0,0,0,0
2026,regular,2026-04-07,686668,Brenton Doyle,COL,30,,,,,0,0,0,0,0,0
2026,regular,2026-04-07,683146,Brett Baty,NYM,30,,,,,0,0,0,0,0,0
2026,regular,2026-04-07,664954,Brett Sullivan,COL,30,,,,,0,0,0,0,0,0
2026,regular,2026-04-07,694728,Brice Matthews,HOU,30,,,,,0,0,0,0,0,0
2026,regular,2026-04-07,686797,Brooks Lee,MIN,30,,,,,0,0,0,0,0,0
2026,regular,2026-04-07,668804,Bryan Reynolds,PIT,30,,,,,0,0,0,0,0,0
2026,regular,2026-04-07,547180,Bryce Harper,PHI,30,,,,,0,0,0,0,0,0
2026,regular,2026-04-07,669326,Bryce Teodosio,LAA,30,,,,,0,0,0,0,0,0
2026,regular,2026-04-07,621439,Byron Buxton,MIN,30,,,,,0,0,0,0,0,0
2026,regular,2026-04-07,663728,Cal Raleigh,SEA,30,,,,,0,0,0,0,0,0
2026,regular,2026-04-07,702332,Caleb Durbin,BOS,30,,,,,0,0,0,0,0,0
2026,regular,2026-04-07,701358,Cam Smith,HOU,30,,,,,0,0,0,0,0,0
2026,regular,2026-04-07,666126,Carlos Cortes,ATH,30,,,,,0,0,0,0,0,0
2026,regular,2026-04-07,701807,Carson Benge,NYM,30,,,,,0,0,0,0,0,0
2026,regular,2026-04-07,695600,Carter Jensen,KCR,30,,,,,0,0,0,0,0,0
2026,regular,2026-04-07,669477,Casey Schmitt,SFG,30,,,,,0,0,0,0,0,0
2026,regular,2026-04-07,678882,Ceddanne Rafaela,BOS,30,,,,,0,0,0,0,0,0
2026,regular,2026-04-07,656775,Cedric Mullins,TBR,30,,,,,0,0,0,0,0,0
2026,regular,2026-04-07,802415,Chandler Simpson,TBR,30,,,,,0,0,0,0,0,0
2026,regular,2026-04-07,800050,Chase DeLauter,CLE,30,,,,,0,0,0,0,0,0
2026,regular,2026-04-07,805367,Chase Meidroth,CHW,30,,,,,0,0,0,0,0,0
2026,regular,2026-04-07,572233,Christian Walker,HOU,30,,,,,0,0,0,0,0,0
2026,regular,2026-04-07,592885,Christian Yelich,MIL,30,,,,,0,0,0,0,0,0
2026,regular,2026-04-07,682928,CJ Abrams,WSN,30,,,,,0,0,0,0,0,0
2026,regular,2026-04-07,692216,CJ Kayfus,CLE,30,,,,,0,0,0,0,0,0
2026,regular,2026-04-07,691723,Coby Mayo,BAL,30,,,,,0,0,0,0,0,0
2026,regular,2026-04-07,641355,Cody Bellinger,NYY,30,,,,,0,0,0,0,0,0
2026,regular,2026-04-07,702284,Cole Young,SEA,30,,,,,0,0,0,0,0,0
2026,regular,2026-04-07,695657,Colson Montgomery,CHW,30,,,,,0,0,0,0,0,0
2026,regular,2026-04-07,690993,Colt Keith,DET,30,,,,,0,0,0,0,0,0
2026,regular,2026-04-07,681297,Colton Cowser,BAL,30,,,,,0,0,0,0,0,0
2026,regular,2026-04-07,681393,Connor Norby,MIA,30,,,,,0,0,0,0,0,0
2026,regular,2026-04-07,657136,Connor Wong,BOS,30,,,,,0,0,0,0,0,0
2026,regular,2026-04-07,682998,Corbin Carroll,ARI,30,,,,,0,0,0,0,0,0
2026,regular,2026-04-07,608369,Corey Seager,TEX,30,,,,,0,0,0,0,0,0
2026,regular,2026-04-07,678554,Curtis Mead,WSN,30,,,,,0,0,0,0,0,0
2026,regular,2026-04-07,667472,Dane Myers,CIN,30,,,,,0,0,0,0,0,0
2026,regular,2026-04-07,682177,Daniel Schneemann,CLE,30,,,,,0,0,0,0,0,0
2026,regular,2026-04-07,691740,Daniel Susac,SFG,30,,,,,0,0,0,0,0,0
2026,regular,2026-04-07,621020,Dansby Swanson,CHC,30,,,,,0,0,0,0,0,0
2026,regular,2026-04-07,662139,Daulton Varsho,TOR,30,,,,,0,0,0,0,0,0
2026,regular,2026-04-07,681807,David Fry,CLE,30,,,,,0,0,0,0,0,0
2026,regular,2026-04-07,666152,David Hamilton,MIL,30,,,,,0,0,0,0,0,0
2026,regular,2026-04-07,676914,Davis Schneider,TOR,30,,,,,0,0,0,0,0,0
2026,regular,2026-04-07,695734,Daylen Lile,WSN,30,,,,,0,0,0,0,0,0
2026,regular,2026-04-07,672016,Denzel Clarke,ATH,30,,,,,0,0,0,0,0,0
2026,regular,2026-04-07,656537,Derek Hill,CHW,30,,,,,0,0,0,0,0,0
2026,regular,2026-04-07,693307,Dillon Dingler,DET,30,,,,,0,0,0,0,0,0
2026,regular,2026-04-07,686527,Dominic Canzone,SEA,30,,,,,0,0,0,0,0,0
2026,regular,2026-04-07,686948,Drake Baldwin,ATL,30,,,,,0,0,0,0,0,0
2026,regular,2026-04-07,686452,Drew Millas,WSN,30,,,,,0,0,0,0,0,0
2026,regular,2026-04-07,687957,Dustin Harris,CHW,30,,,,,0,0,0,0,0,0
2026,regular,2026-04-07,687637,Dylan Beavers,BAL,30,,,,,0,0,0,0,0,0
2026,regular,2026-04-07,664238,Dylan Moore,PHI,30,,,,,0,0,0,0,0,0
2026,regular,2026-04-07,700337,Edgar Quero,CHW,30,,,,,0,0,0,0,0,0
2026,regular,2026-04-07,624641,Edmundo Sosa,PHI,30,,,,,0,0,0,0,0,0
2026,regular,2026-04-07,666397,Edouard Julien,COL,30,,,,,0,0,0,0,0,0
2026,regular,2026-04-07,642201,Eli White,ATL,30,,,,,0,0,0,0,0,0
2026,regular,2026-04-07,682829,Elly De La Cruz,CIN,30,,,,,0,0,0,0,0,0
2026,regular,2026-04-07,676391,Ernie Clement,TOR,30,,,,,0,0,0,0,0,0
2026,regular,2026-04-07,553993,Eugenio Suárez,CIN,30,,,,,0,0,0,0,0,0
2026,regular,2026-04-07,694497,Evan Carter,TEX,30,,,,,0,0,0,0,0,0
2026,regular,2026-04-07,677649,Ezequiel Duran,TEX,30,,,,,0,0,0,0,0,0
2026,regular,2026-04-07,678662,Ezequiel Tovar,COL,30,,,,,0,0,0,0,0,0
2026,regular,2026-04-07,665487,Fernando Tatis Jr.,SDP,30,,,,,0,0,0,0,0,0
2026,regular,2026-04-07,682626,Francisco Alvarez,NYM,30,,,,,0,0,0,0,0,0
2026,regular,2026-04-07,596019,Francisco Lindor,NYM,30,,,,,0,0,0,0,0,0
2026,regular,2026-04-07,518692,Freddie Freeman,LAD,30,,,,,0,0,0,0,0,0
2026,regular,2026-04-07,666023,Freddy Fermin,SDP,30,,,,,0,0,0,0,0,0
2026,regular,2026-04-07,672515,Gabriel Moreno,ARI,30,,,,,0,0,0,0,0,0
2026,regular,2026-04-07,596142,Gary Sánchez,MIL,30,,,,,0,0,0,0,0,0
2026,regular,2026-04-07,657757,Gavin Sheets,SDP,30,,,,,0,0,0,0,0,0
2026,regular,2026-04-07,543807,George Springer,TOR,30,,,,,0,0,0,0,0,0
2026,regular,2026-04-07,672695,Geraldo Perdomo,ARI,30,,,,,0,0,0,0,0,0
2026,regular,2026-04-07,519317,Giancarlo Stanton,NYY,30,,,,,0,0,0,0,0,0
2026,regular,2026-04-07,650402,Gleyber Torres,DET,30,,,,,0,0,0,0,0,0
2026,regular,2026-04-07,688363,Graham Pauley,MIA,30,,,,,0,0,0,0,0,0
2026,regular,2026-04-07,665052,Griffin Conine,MIA,30,,,,,0,0,0,0,0,0
2026,regular,2026-04-07,683002,Gunnar Henderson,BAL,30,,,,,0,0,0,0,0,0
2026,regular,2026-04-07,664056,Harrison Bader,SFG,30,,,,,0,0,0,0,0,0
2026,regular,2026-04-07,671218,Heliot Ramos,SFG,30,,,,,0,0,0,0,0,0
2026,regular,2026-04-07,680779,Henry Davis,PIT,30,,,,,0,0,0,0,0,0
2026,regular,2026-04-07,681715,Heriberto Hernández,MIA,30,,,,,0,0,0,0,0,0
2026,regular,2026-04-07,696100,Hunter Goodman,COL,30,,,,,0,0,0,0,0,0
2026,regular,2026-04-07,808975,Hyeseong Kim,LAD,30,,,,,0,0,0,0,0,0
2026,regular,2026-04-07,545121,Ildemaro Vargas,ARI,30,,,,,0,0,0,0,0,0
2026,regular,2026-04-07,686555,Isaac Collins,KCR,30,,,,,0,0,0,0,0,0
2026,regular,2026-04-07,670623,Isaac Paredes,HOU,30,,,,,0,0,0,0,0,0
2026,regular,2026-04-07,643396,Isiah Kiner-Falefa,BOS,30,,,,,0,0,0,0,0,0
2026,regular,2026-04-07,671056,Iván Herrera,STL,30,,,,,0,0,0,0,0,0
2026,regular,2026-04-07,641487,J.P. Crawford,SEA,30,,,,,0,0,0,0,0,0
2026,regular,2026-04-07,592663,J.T. Realmuto,PHI,30,,,,,0,0,0,0,0,0
2026,regular,2026-04-07,695506,Jac Caglianone,KCR,30,,,,,0,0,0,0,0,0
2026,regular,2026-04-07,701538,Jackson Merrill,SDP,30,,,,,0,0,0,0,0,0
2026,regular,2026-04-07,805779,Jacob Wilson,ATH,30,,,,,0,0,0,0,0,0
2026,regular,2026-04-07,696285,Jacob Young,WSN,30,,,,,0,0,0,0,0,0
2026,regular,2026-04-07,663330,Jahmai Jones,DET,30,,,,,0,0,0,0,0,0
2026,regular,2026-04-07,669394,Jake Burger,TEX,30,,,,,0,0,0,0,0,0
2026,regular,2026-04-07,630105,Jake Cronenworth,SDP,30,,,,,0,0,0,0,0,0
2026,regular,2026-04-07,641584,Jake Fraley,TBR,30,,,,,0,0,0,0,0,0
2026,regular,2026-04-07,663968,Jake Mangum,PIT,30,,,,,0,0,0,0,0,0
2026,regular,2026-04-07,676694,Jake Meyers,HOU,30,,,,,0,0,0,0,0,0
2026,regular,2026-04-07,805300,Jakob Marsee,MIA,30,,,,,0,0,0,0,0,0
2026,regular,2026-04-07,695578,James Wood,WSN,30,,,,,0,0,0,0,0,0
2026,regular,2026-04-07,666931,Jared Oliva,SFG,30,,,,,0,0,0,0,0,0
2026,regular,2026-04-07,676724,Jared Young,NYM,30,,,,,0,0,0,0,0,0
2026,regular,2026-04-07,680776,Jarren Duran,BOS,30,,,,,0,0,0,0,0,0
2026,regular,2026-04-07,595879,Javier Báez,DET,30,,,,,0,0,0,0,0,0
2026,regular,2026-04-07,691594,Javier Sanoja,MIA,30,,,,,0,0,0,0,0,0
2026,regular,2026-04-07,665862,Jazz Chisholm Jr.,NYY,30,,,,,0,0,0,0,0,0
2026,regular,2026-04-07,643446,Jeff McNeil,ATH,30,,,,,0,0,0,0,0,0
2026,regular,2026-04-07,600869,Jeimer Candelario,LAA,30,,,,,0,0,0,0,0,0
2026,regular,2026-04-07,666464,Jerar Encarnacion,SFG,30,,,,,0,0,0,0,0,0
2026,regular,2026-04-07,669236,Jeremiah Jackson,BAL,30,,,,,0,0,0,0,0,0
2026,regular,2026-04-07,665161,Jeremy Peña,HOU,30,,,,,0,0,0,0,0,0
2026,regular,2026-04-07,660821,Jesús Sánchez,TOR,30,,,,,0,0,0,0,0,0
2026,regular,2026-04-07,802139,JJ Wetherholt,STL,30,,,,,0,0,0,0,0,0
2026,regular,2026-04-07,666176,Jo Adell,LAA,30,,,,,0,0,0,0,0,0
2026,regular,2026-04-07,592626,Joc Pederson,TEX,30,,,,,0,0,0,0,0,0
2026,regular,2026-04-07,694388,Joey Loperfido,HOU,30,,,,,0,0,0,0,0,0
2026,regular,2026-04-07,687401,Joey Ortiz,MIL,30,,,,,0,0,0,0,0,0
2026,regular,2026-04-07,686894,Joey Wiemer,WSN,30,,,,,0,0,0,0,0,0
2026,regular,2026-04-07,641680,Jonah Heim,ATL,30,,,,,0,0,0,0,0,0
2026,regular,2026-04-07,666018,Jonathan Aranda,TBR,30,,,,,0,0,0,0,0,0
2026,regular,2026-04-07,663697,Jonathan India,KCR,30,,,,,0,0,0,0,0,0
2026,regular,2026-04-07,678391,Jorbit Vivas,WSN,30,,,,,0,0,0,0,0,0
2026,regular,2026-04-07,687597,Jordan Beck,COL,30,,,,,0,0,0,0,0,0
2026,regular,2026-04-07,691023,Jordan Walker,STL,30,,,,,0,0,0,0,0,0
2026,regular,2026-04-07,678489,Jorge Barrosa,ARI,30,,,,,0,0,0,0,0,0
2026,regular,2026-04-07,622761,Jorge Mateo,ATL,30,,,,,0,0,0,0,0,0
2026,regular,2026-04-07,593871,Jorge Polanco,NYM,30,,,,,0,0,0,0,0,0
2026,regular,2026-04-07,624585,Jorge Soler,LAA,30,,,,,0,0,0,0,0,0
2026,regular,2026-04-07,514888,Jose Altuve,HOU,30,,,,,0,0,0,0,0,0
2026,regular,2026-04-07,699912,Jose Fernandez,ARI,30,,,,,0,0,0,0,0,0
2026,regular,2026-04-07,605137,Josh Bell,MIN,30,,,,,0,0,0,0,0,0
2026,regular,2026-04-07,666139,Josh Lowe,LAA,30,,,,,0,0,0,0,0,0
2026,regular,2026-04-07,647304,Josh Naylor,SEA,30,,,,,0,0,0,0,0,0
2026,regular,2026-04-07,669701,Josh Smith,TEX,30,,,,,0,0,0,0,0,0
2026,regular,2026-04-07,676609,José Caballero,NYY,30,,,,,0,0,0,0,0,0
2026,regular,2026-04-07,608070,José Ramírez,CLE,30,,,,,0,0,0,0,0,0
2026,regular,2026-04-07,677588,José Tena,WSN,30,,,,,0,0,0,0,0,0
2026,regular,2026-04-07,682877,Juan Brito,CLE,30,,,,,0,0,0,0,0,0
2026,regular,2026-04-07,677594,Julio Rodríguez,SEA,30,,,,,0,0,0,0,0,0
2026,regular,2026-04-07,808982,Jung Hoo Lee,SFG,30,,,,,0,0,0,0,0,0
2026,regular,2026-04-07,691406,Junior Caminero,TBR,30,,,,,0,0,0,0,0,0
2026,regular,2026-04-07,702222,Justin Crawford,PHI,30,,,,,0,0,0,0,0,0
2026,regular,2026-04-07,672960,Kazuma Okamoto,TOR,30,,,,,0,0,0,0,0,0
2026,regular,2026-04-07,663647,Ke'Bryan Hayes,CIN,30,,,,,0,0,0,0,0,0
2026,regular,2026-04-07,660688,Keibert Ruiz,WSN,30,,,,,0,0,0,0,0,0
2026,regular,2026-04-07,681481,Kerry Carpenter,DET,30,,,,,0,0,0,0,0,0
2026,regular,2026-04-07,606466,Ketel Marte,ARI,30,,,,,0,0,0,0,0,0
2026,regular,2026-04-07,805808,Kevin McGonigle,DET,30,,,,,0,0,0,0,0,0
2026,regular,2026-04-07,804606,Konnor Griffin,PIT,30,,,,,0,0,0,0,0,0
2026,regular,2026-04-07,543309,Kyle Higashioka,TEX,30,,,,,0,0,0,0,0,0
2026,regular,2026-04-07,664728,Kyle Isbel,KCR,30,,,,,0,0,0,0,0,0
2026,regular,2026-04-07,691720,Kyle Karros,COL,30,,,,,0,0,0,0,0,0
2026,regular,2026-04-07,700932,Kyle Manzardo,CLE,30,,,,,0,0,0,0,0,0
2026,regular,2026-04-07,656941,Kyle Schwarber,PHI,30,,,,,0,0,0,0,0,0
2026,regular,2026-04-07,663656,Kyle Tucker,LAD,30,,,,,0,0,0,0,0,0
2026,regular,2026-04-07,657041,Lane Thomas,KCR,30,,,,,0,0,0,0,0,0
2026,regular,2026-04-07,671732,Lawrence Butler,ATH,30,,,,,0,0,0,0,0,0
2026,regular,2026-04-07,672820,Lenyn Sosa,CHW,30,,,,,0,0,0,0,0,0
2026,regular,2026-04-07,677870,Leo Jiménez,MIA,30,,,,,0,0,0,0,0,0
2026,regular,2026-04-07,665750,Leody Taveras,BAL,30,,,,,0,0,0,0,0,0
2026,regular,2026-04-07,689414,Liam Hicks,MIA,30,,,,,0,0,0,0,0,0
2026,regular,2026-04-07,681351,Logan O'Hoppe,LAA,30,,,,,0,0,0,0,0,0
2026,regular,2026-04-07,650333,Luis Arraez,SFG,30,,,,,0,0,0,0,0,0
2026,regular,2026-04-07,671277,Luis García Jr.,WSN,30,,,,,0,0,0,0,0,0
2026,regular,2026-04-07,682641,Luis Matos,MIL,30,,,,,0,0,0,0,0,0
2026,regular,2026-04-07,650859,Luis Rengifo,MIL,30,,,,,0,0,0,0,0,0
2026,regular,2026-04-07,673357,Luis Robert Jr.,NYM,30,,,,,0,0,0,0,0,0
2026,regular,2026-04-07,682668,Luisangel Acuña,CHW,30,,,,,0,0,0,0,0,0
2026,regular,2026-04-07,807712,Luke Keaschall,MIN,30,,,,,0,0,0,0,0,0
2026,regular,2026-04-07,670042,Luke Raley,SEA,30,,,,,0,0,0,0,0,0
2026,regular,2026-04-07,663609,Luken Baker,ARI,30,,,,,0,0,0,0,0,0
2026,regular,2026-04-07,672580,Maikel Garcia,KCR,30,,,,,0,0,0,0,0,0
2026,regular,2026-04-07,592518,Manny Machado,SDP,30,,,,,0,0,0,0,0,0
2026,regular,2026-04-07,691785,Marcelo Mayer,BOS,30,,,,,0,0,0,0,0,0
2026,regular,2026-04-07,543760,Marcus Semien,NYM,30,,,,,0,0,0,0,0,0
2026,regular,2026-04-07,668901,Mark Vientos,NYM,30,,,,,0,0,0,0,0,0
2026,regular,2026-04-07,691026,Masyn Winn,STL,30,,,,,0,0,0,0,0,0
2026,regular,2026-04-07,656305,Matt Chapman,SFG,30,,,,,0,0,0,0,0,0
2026,regular,2026-04-07,680574,Matt McLain,CIN,30,,,,,0,0,0,0,0,0
2026,regular,2026-04-07,621566,Matt Olson,ATL,30,,,,,0,0,0,0,0,0
2026,regular,2026-04-07,807713,Matt Shaw,CHC,30,,,,,0,0,0,0,0,0
2026,regular,2026-04-07,663837,Matt Vierling,DET,30,,,,,0,0,0,0,0,0
2026,regular,2026-04-07,670242,Matt Wallner,MIN,30,,,,,0,0,0,0,0,0
2026,regular,2026-04-07,643289,Mauricio Dubón,ATL,30,,,,,0,0,0,0,0,0
2026,regular,2026-04-07,691777,Max Muncy,ATH,30,,,,,0,0,0,0,0,0
2026,regular,2026-04-07,571970,Max Muncy,LAD,30,,,,,0,0,0,0,0,0
2026,regular,2026-04-07,683737,Michael Busch,CHC,30,,,,,0,0,0,0,0,0
2026,regular,2026-04-07,624424,Michael Conforto,CHC,30,,,,,0,0,0,0,0,0
2026,regular,2026-04-07,671739,Michael Harris II,ATL,30,,,,,0,0,0,0,0,0
2026,regular,2026-04-07,666160,Mickey Moniak,COL,30,,,,,0,0,0,0,0,0
2026,regular,2026-04-07,665804,Miguel Amaya,CHC,30,,,,,0,0,0,0,0,0
2026,regular,2026-04-07,609280,Miguel Andujar,SDP,30,,,,,0,0,0,0,0,0
2026,regular,2026-04-07,678246,Miguel Vargas,CHW,30,,,,,0,0,0,0,0,0
2026,regular,2026-04-07,545361,Mike Trout,LAA,30,,,,,0,0,0,0,0,0
2026,regular,2026-04-07,573262,Mike Yastrzemski,ATL,30,,,,,0,0,0,0,0,0
2026,regular,2026-04-07,694208,Moisés Ballesteros,CHC,30,,,,,0,0,0,0,0,0
2026,regular,2026-04-07,808959,Munetaka Murakami,CHW,30,,,,,0,0,0,0,0,0
2026,regular,2026-04-07,683083,Nasim Nuñez,WSN,30,,,,,0,0,0,0,0,0
2026,regular,2026-04-07,701675,Nathan Church,STL,30,,,,,0,0,0,0,0,0
2026,regular,2026-04-07,664770,Nathan Lukes,TOR,30,,,,,0,0,0,0,0,0
2026,regular,2026-04-07,663993,Nathaniel Lowe,CIN,30,,,,,0,0,0,0,0,0
2026,regular,2026-04-07,663743,Nick Fortes,TBR,30,,,,,0,0,0,0,0,0
2026,regular,2026-04-07,693304,Nick Gonzales,PIT,30,,,,,0,0,0,0,0,0
2026,regular,2026-04-07,701762,Nick Kurtz,ATH,30,,,,,0,0,0,0,0,0
2026,regular,2026-04-07,694377,Nick Yorke,PIT,30,,,,,0,0,0,0,0,0
2026,regular,2026-04-07,663538,Nico Hoerner,CHC,30,,,,,0,0,0,0,0,0
2026,regular,2026-04-07,682622,Noelvi Marte,CIN,30,,,,,0,0,0,0,0,0
2026,regular,2026-04-07,571448,Nolan Arenado,ARI,30,,,,,0,0,0,0,0,0
2026,regular,2026-04-07,669357,Nolan Gorman,STL,30,,,,,0,0,0,0,0,0
2026,regular,2026-04-07,694384,Nolan Schanuel,LAA,30,,,,,0,0,0,0,0,0
2026,regular,2026-04-07,665833,Oneil Cruz,PIT,30,,,,,0,0,0,0,0,0
2026,regular,2026-04-07,672724,Oswald Peraza,LAA,30,,,,,0,0,0,0,0,0
2026,regular,2026-04-07,805249,Otto Kemp,PHI,30,,,,,0,0,0,0,0,0
2026,regular,2026-04-07,672640,Otto Lopez,MIA,30,,,,,0,0,0,0,0,0
2026,regular,2026-04-07,645277,Ozzie Albies,ATL,30,,,,,0,0,0,0,0,0
2026,regular,2026-04-07,678009,Parker Meadows,DET,30,,,,,0,0,0,0,0,0
2026,regular,2026-04-07,686780,Pedro Pagés,STL,30,,,,,0,0,0,0,0,0
2026,regular,2026-04-07,624413,Pete Alonso,BAL,30,,,,,0,0,0,0,0,0
2026,regular,2026-04-07,691718,Pete Crow-Armstrong,CHC,30,,,,,0,0,0,0,0,0
2026,regular,2026-04-07,646240,Rafael Devers,SFG,30,,,,,0,0,0,0,0,0
2026,regular,2026-04-07,665561,Rafael Marchán,PHI,30,,,,,0,0,0,0,0,0
2026,regular,2026-04-07,657656,Ramón Laureano,SDP,30,,,,,0,0,0,0,0,0
2026,regular,2026-04-07,602104,Ramón Urías,STL,30,,,,,0,0,0,0,0,0
2026,regular,2026-04-07,545341,Randal Grichuk,NYY,30,,,,,0,0,0,0,0,0
2026,regular,2026-04-07,668227,Randy Arozarena,SEA,30,,,,,0,0,0,0,0,0
2026,regular,2026-04-07,656555,Rhys Hoskins,CLE,30,,,,,0,0,0,0,0,0
2026,regular,2026-04-07,680700,Richie Palacios,TBR,30,,,,,0,0,0,0,0,0
2026,regular,2026-04-07,682985,Riley Greene,DET,30,,,,,0,0,0,0,0,0
2026,regular,2026-04-07,701350,Roman Anthony,BOS,30,,,,,0,0,0,0,0,0
2026,regular,2026-04-07,660670,Ronald Acuña Jr.,ATL,30,,,,,0,0,0,0,0,0
2026,regular,2026-04-07,677595,Ronny Mauricio,NYM,30,,,,,0,0,0,0,0,0
2026,regular,2026-04-07,668904,Royce Lewis,MIN,30,,,,,0,0,0,0,0,0
2026,regular,2026-04-07,680777,Ryan Jeffers,MIN,30,,,,,0,0,0,0,0,0
2026,regular,2026-04-07,641857,Ryan McMahon,NYY,30,,,,,0,0,0,0,0,0
2026,regular,2026-04-07,663624,Ryan Mountcastle,BAL,30,,,,,0,0,0,0,0,0
2026,regular,2026-04-07,656811,Ryan O'Hearn,PIT,30,,,,,0,0,0,0,0,0
2026,regular,2026-04-07,668723,Ryan Vilade,TBR,30,,,,,0,0,0,0,0,0
2026,regular,2026-04-07,686217,Sal Frelick,MIL,30,,,,,0,0,0,0,0,0
2026,regular,2026-04-07,701398,Sal Stewart,CIN,30,,,,,0,0,0,0,0,0
2026,regular,2026-04-07,521692,Salvador Perez,KCR,30,,,,,0,0,0,0,0,0
2026,regular,2026-04-07,694212,Samuel Basallo,BAL,30,,,,,0,0,0,0,0,0
2026,regular,2026-04-07,669127,Shea Langeliers,ATH,30,,,,,0,0,0,0,0,0
2026,regular,2026-04-07,660271,Shohei Ohtani,LAD,30,,,,,0,0,0,0,0,0
2026,regular,2026-04-07,687462,Spencer Horwitz,PIT,30,,,,,0,0,0,0,0,0
2026,regular,2026-04-07,668715,Spencer Steer,CIN,30,,,,,0,0,0,0,0,0
2026,regular,2026-04-07,679529,Spencer Torkelson,DET,30,,,,,0,0,0,0,0,0
2026,regular,2026-04-07,680757,Steven Kwan,CLE,30,,,,,0,0,0,0,0,0
2026,regular,2026-04-07,695020,Tanner Murray,CHW,30,,,,,0,0,0,0,0,0
2026,regular,2026-04-07,670764,Taylor Walls,TBR,30,,,,,0,0,0,0,0,0
2026,regular,2026-04-07,621493,Taylor Ward,BAL,30,,,,,0,0,0,0,0,0
2026,regular,2026-04-07,606192,Teoscar Hernández,LAD,30,,,,,0,0,0,0,0,0
2026,regular,2026-04-07,695336,Thomas Saggese,STL,30,,,,,0,0,0,0,0,0
2026,regular,2026-04-07,694374,Tim Tawa,ARI,30,,,,,0,0,0,0,0,0
2026,regular,2026-04-07,670770,TJ Friedl,CIN,30,,,,,0,0,0,0,0,0
2026,regular,2026-04-07,681198,TJ Rumfield,COL,30,,,,,0,0,0,0,0,0
2026,regular,2026-04-07,518595,Travis d'Arnaud,LAA,30,,,,,0,0,0,0,0,0
2026,regular,2026-04-07,607208,Trea Turner,PHI,30,,,,,0,0,0,0,0,0
2026,regular,2026-04-07,663757,Trent Grisham,NYY,30,,,,,0,0,0,0,0,0
2026,regular,2026-04-07,596115,Trevor Story,BOS,30,,,,,0,0,0,0,0,0
2026,regular,2026-04-07,671976,Tristan Peters,CHW,30,,,,,0,0,0,0,0,0
2026,regular,2026-04-07,687859,Troy Johnston,COL,30,,,,,0,0,0,0,0,0
2026,regular,2026-04-07,623168,Tyler Heineman,TOR,30,,,,,0,0,0,0,0,0
2026,regular,2026-04-07,641933,Tyler O'Neill,BAL,30,,,,,0,0,0,0,0,0
2026,regular,2026-04-07,691016,Tyler Soderstrom,ATH,30,,,,,0,0,0,0,0,0
2026,regular,2026-04-07,663886,Tyler Stephenson,CIN,30,,,,,0,0,0,0,0,0
2026,regular,2026-04-07,621438,Tyrone Taylor,NYM,30,,,,,0,0,0,0,0,0
2026,regular,2026-04-07,605170,Victor Caratini,MIN,30,,,,,0,0,0,0,0,0
2026,regular,2026-04-07,687363,Victor Scott II,STL,30,,,,,0,0,0,0,0,0
2026,regular,2026-04-07,686469,Vinnie Pasquantino,KCR,30,,,,,0,0,0,0,0,0
2026,regular,2026-04-07,665489,Vladimir Guerrero Jr.,TOR,30,,,,,0,0,0,0,0,0
2026,regular,2026-04-07,666181,Will Benson,CIN,30,,,,,0,0,0,0,0,0
2026,regular,2026-04-07,669257,Will Smith,LAD,30,,,,,0,0,0,0,0,0
2026,regular,2026-04-07,650489,Willi Castro,COL,30,,,,,0,0,0,0,0,0
2026,regular,2026-04-07,661388,William Contreras,MIL,30,,,,,0,0,0,0,0,0
2026,regular,2026-04-07,575929,Willson Contreras,BOS,30,,,,,0,0,0,0,0,0
2026,regular,2026-04-07,642715,Willy Adames,SFG,30,,,,,0,0,0,0,0,0
2026,regular,2026-04-07,677800,Wilyer Abreu,BOS,30,,,,,0,0,0,0,0,0
2026,regular,2026-04-07,694671,Wyatt Langford,TEX,30,,,,,0,0,0,0,0,0
2026,regular,2026-04-07,593428,Xander Bogaerts,SDP,30,,,,,0,0,0,0,0,0
2026,regular,2026-04-07,669364,Xavier Edwards,MIA,30,,,,,0,0,0,0,0,0
2026,regular,2026-04-07,673237,Yainer Diaz,HOU,30,,,,,0,0,0,0,0,0
2026,regular,2026-04-07,650490,Yandy Díaz,TBR,30,,,,,0,0,0,0,0,0
2026,regular,2026-04-07,650968,Yohel Pozo,STL,30,,,,,0,0,0,0,0,0
2026,regular,2026-04-07,670541,Yordan Alvarez,HOU,30,,,,,0,0,0,0,0,0
2026,regular,2026-04-07,660162,Yoán Moncada,LAA,30,,,,,0,0,0,0,0,0
2026,regular,2026-04-07,656716,Zach McKinstry,DET,30,,,,,0,0,0,0,0,0
2026,regular,2026-04-07,687263,Zach Neto,LAA,30,,,,,0,0,0,0,0,0
2026,regular,2026-04-08,592450,Aaron Judge,NYY,30,,,,,0,0,0,0,0,0
2026,regular,2026-04-08,668939,Adley Rutschman,BAL,30,,,,,0,0,0,0,0,0
2026,regular,2026-04-08,666969,Adolis García,PHI,30,,,,,0,0,0,0,0,0
2026,regular,2026-04-08,682663,Agustín Ramírez,MIA,30,,,,,0,0,0,0,0,0
2026,regular,2026-04-08,664761,Alec Bohm,PHI,30,,,,,0,0,0,0,0,0
2026,regular,2026-04-08,676475,Alec Burleson,STL,30,,,,,0,0,0,0,0,0
2026,regular,2026-04-08,608324,Alex Bregman,CHC,30,,,,,0,0,0,0,0,0
2026,regular,2026-04-08,690976,Alex Freeland,LAD,30,,,,,0,0,0,0,0,0
2026,regular,2026-04-08,642708,Amed Rosario,NYY,30,,,,,0,0,0,0,0,0
2026,regular,2026-04-08,643217,Andrew Benintendi,CHW,30,,,,,0,0,0,0,0,0
2026,regular,2026-04-08,457705,Andrew McCutchen,TEX,30,,,,,0,0,0,0,0,0
2026,regular,2026-04-08,655316,Andruw Monasterio,BOS,30,,,,,0,0,0,0,0,0
2026,regular,2026-04-08,665926,Andrés Giménez,TOR,30,,,,,0,0,0,0,0,0
2026,regular,2026-04-08,681624,Andy Pages,LAD,30,,,,,0,0,0,0,0,0
2026,regular,2026-04-08,682657,Angel Martínez,CLE,30,,,,,0,0,0,0,0,0
2026,regular,2026-04-08,595978,Austin Hedges,CLE,30,,,,,0,0,0,0,0,0
2026,regular,2026-04-08,668885,Austin Martin,MIN,30,,,,,0,0,0,0,0,0
2026,regular,2026-04-08,663586,Austin Riley,ATL,30,,,,,0,0,0,0,0,0
2026,regular,2026-04-08,700250,Ben Rice,NYY,30,,,,,0,0,0,0,0,0
2026,regular,2026-04-08,810938,Ben Williamson,TBR,30,,,,,0,0,0,0,0,0
2026,regular,2026-04-08,677942,Blaze Alexander,BAL,30,,,,,0,0,0,0,0,0
2026,regular,2026-04-08,666182,Bo Bichette,NYM,30,,,,,0,0,0,0,0,0
2026,regular,2026-04-08,677951,Bobby Witt Jr.,KCR,30,,,,,0,0,0,0,0,0
2026,regular,2026-04-08,691781,Brady House,WSN,30,,,,,0,0,0,0,0,0
2026,regular,2026-04-08,663604,Brandon Lockridge,MIL,30,,,,,0,0,0,0,0,0
2026,regular,2026-04-08,664040,Brandon Lowe,PIT,30,,,,,0,0,0,0,0,0
2026,regular,2026-04-08,669016,Brandon Marsh,PHI,30,,,,,0,0,0,0,0,0
2026,regular,2026-04-08,607043,Brandon Nimmo,TEX,30,,,,,0,0,0,0,0,0
2026,regular,2026-04-08,678218,Brandon Valenzuela,TOR,30,,,,,0,0,0,0,0,0
2026,regular,2026-04-08,677587,Brayan Rocchio,CLE,30,,,,,0,0,0,0,0,0
2026,regular,2026-04-08,680977,Brendan Donovan,SEA,30,,,,,0,0,0,0,0,0
2026,regular,2026-04-08,667670,Brent Rooker,ATH,30,,,,,0,0,0,0,0,0
2026,regular,2026-04-08,686668,Brenton Doyle,COL,30,,,,,0,0,0,0,0,0
2026,regular,2026-04-08,683146,Brett Baty,NYM,30,,,,,0,0,0,0,0,0
2026,regular,2026-04-08,694728,Brice Matthews,HOU,30,,,,,0,0,0,0,0,0
2026,regular,2026-04-08,686797,Brooks Lee,MIN,30,,,,,0,0,0,0,0,0
2026,regular,2026-04-08,668804,Bryan Reynolds,PIT,30,,,,,0,0,0,0,0,0
2026,regular,2026-04-08,547180,Bryce Harper,PHI,30,,,,,0,0,0,0,0,0
2026,regular,2026-04-08,669369,Bryce Johnson,SDP,30,,,,,0,0,0,0,0,0
2026,regular,2026-04-08,681082,Bryson Stott,PHI,30,,,,,0,0,0,0,0,0
2026,regular,2026-04-08,621439,Byron Buxton,MIN,30,,,,,0,0,0,0,0,0
2026,regular,2026-04-08,663728,Cal Raleigh,SEA,30,,,,,0,0,0,0,0,0
2026,regular,2026-04-08,702332,Caleb Durbin,BOS,30,,,,,0,0,0,0,0,0
2026,regular,2026-04-08,701358,Cam Smith,HOU,30,,,,,0,0,0,0,0,0
2026,regular,2026-04-08,666126,Carlos Cortes,ATH,30,,,,,0,0,0,0,0,0
2026,regular,2026-04-08,665966,Carlos Narváez,BOS,30,,,,,0,0,0,0,0,0
2026,regular,2026-04-08,701807,Carson Benge,NYM,30,,,,,0,0,0,0,0,0
2026,regular,2026-04-08,608348,Carson Kelly,CHC,30,,,,,0,0,0,0,0,0
2026,regular,2026-04-08,695600,Carter Jensen,KCR,30,,,,,0,0,0,0,0,0
2026,regular,2026-04-08,678882,Ceddanne Rafaela,BOS,30,,,,,0,0,0,0,0,0
2026,regular,2026-04-08,802415,Chandler Simpson,TBR,30,,,,,0,0,0,0,0,0
2026,regular,2026-04-08,800050,Chase DeLauter,CLE,30,,,,,0,0,0,0,0,0
2026,regular,2026-04-08,805367,Chase Meidroth,CHW,30,,,,,0,0,0,0,0,0
2026,regular,2026-04-08,683766,Christian Koss,SFG,30,,,,,0,0,0,0,0,0
2026,regular,2026-04-08,543877,Christian Vázquez,HOU,30,,,,,0,0,0,0,0,0
2026,regular,2026-04-08,572233,Christian Walker,HOU,30,,,,,0,0,0,0,0,0
2026,regular,2026-04-08,592885,Christian Yelich,MIL,30,,,,,0,0,0,0,0,0
2026,regular,2026-04-08,682928,CJ Abrams,WSN,30,,,,,0,0,0,0,0,0
2026,regular,2026-04-08,691723,Coby Mayo,BAL,30,,,,,0,0,0,0,0,0
2026,regular,2026-04-08,641355,Cody Bellinger,NYY,30,,,,,0,0,0,0,0,0
2026,regular,2026-04-08,702284,Cole Young,SEA,30,,,,,0,0,0,0,0,0
2026,regular,2026-04-08,695657,Colson Montgomery,CHW,30,,,,,0,0,0,0,0,0
2026,regular,2026-04-08,690993,Colt Keith,DET,30,,,,,0,0,0,0,0,0
2026,regular,2026-04-08,656582,Connor Joe,SEA,30,,,,,0,0,0,0,0,0
2026,regular,2026-04-08,681393,Connor Norby,MIA,30,,,,,0,0,0,0,0,0
2026,regular,2026-04-08,682998,Corbin Carroll,ARI,30,,,,,0,0,0,0,0,0
2026,regular,2026-04-08,608369,Corey Seager,TEX,30,,,,,0,0,0,0,0,0
2026,regular,2026-04-08,643376,Danny Jansen,TEX,30,,,,,0,0,0,0,0,0
2026,regular,2026-04-08,621020,Dansby Swanson,CHC,30,,,,,0,0,0,0,0,0
2026,regular,2026-04-08,687231,Darell Hernaiz,ATH,30,,,,,0,0,0,0,0,0
2026,regular,2026-04-08,662139,Daulton Varsho,TOR,30,,,,,0,0,0,0,0,0
2026,regular,2026-04-08,681807,David Fry,CLE,30,,,,,0,0,0,0,0,0
2026,regular,2026-04-08,666152,David Hamilton,MIL,30,,,,,0,0,0,0,0,0
2026,regular,2026-04-08,676914,Davis Schneider,TOR,30,,,,,0,0,0,0,0,0
2026,regular,2026-04-08,695734,Daylen Lile,WSN,30,,,,,0,0,0,0,0,0
2026,regular,2026-04-08,672016,Denzel Clarke,ATH,30,,,,,0,0,0,0,0,0
2026,regular,2026-04-08,656537,Derek Hill,CHW,30,,,,,0,0,0,0,0,0
2026,regular,2026-04-08,693307,Dillon Dingler,DET,30,,,,,0,0,0,0,0,0
2026,regular,2026-04-08,686948,Drake Baldwin,ATL,30,,,,,0,0,0,0,0,0
2026,regular,2026-04-08,686452,Drew Millas,WSN,30,,,,,0,0,0,0,0,0
2026,regular,2026-04-08,687957,Dustin Harris,CHW,30,,,,,0,0,0,0,0,0
2026,regular,2026-04-08,687637,Dylan Beavers,BAL,30,,,,,0,0,0,0,0,0
2026,regular,2026-04-08,664238,Dylan Moore,PHI,30,,,,,0,0,0,0,0,0
2026,regular,2026-04-08,666397,Edouard Julien,COL,30,,,,,0,0,0,0,0,0
2026,regular,2026-04-08,682829,Elly De La Cruz,CIN,30,,,,,0,0,0,0,0,0
2026,regular,2026-04-08,676391,Ernie Clement,TOR,30,,,,,0,0,0,0,0,0
2026,regular,2026-04-08,553993,Eugenio Suárez,CIN,30,,,,,0,0,0,0,0,0
2026,regular,2026-04-08,694497,Evan Carter,TEX,30,,,,,0,0,0,0,0,0
2026,regular,2026-04-08,677649,Ezequiel Duran,TEX,30,,,,,0,0,0,0,0,0
2026,regular,2026-04-08,678662,Ezequiel Tovar,COL,30,,,,,0,0,0,0,0,0
2026,regular,2026-04-08,665487,Fernando Tatis Jr.,SDP,30,,,,,0,0,0,0,0,0
2026,regular,2026-04-08,682626,Francisco Alvarez,NYM,30,,,,,0,0,0,0,0,0
2026,regular,2026-04-08,596019,Francisco Lindor,NYM,30,,,,,0,0,0,0,0,0
2026,regular,2026-04-08,518692,Freddie Freeman,LAD,30,,,,,0,0,0,0,0,0
2026,regular,2026-04-08,672515,Gabriel Moreno,ARI,30,,,,,0,0,0,0,0,0
2026,regular,2026-04-08,669003,Garrett Mitchell,MIL,30,,,,,0,0,0,0,0,0
2026,regular,2026-04-08,596142,Gary Sánchez,MIL,30,,,,,0,0,0,0,0,0
2026,regular,2026-04-08,657757,Gavin Sheets,SDP,30,,,,,0,0,0,0,0,0
2026,regular,2026-04-08,543807,George Springer,TOR,30,,,,,0,0,0,0,0,0
2026,regular,2026-04-08,672695,Geraldo Perdomo,ARI,30,,,,,0,0,0,0,0,0
2026,regular,2026-04-08,519317,Giancarlo Stanton,NYY,30,,,,,0,0,0,0,0,0
2026,regular,2026-04-08,650402,Gleyber Torres,DET,30,,,,,0,0,0,0,0,0
2026,regular,2026-04-08,688363,Graham Pauley,MIA,30,,,,,0,0,0,0,0,0
2026,regular,2026-04-08,665052,Griffin Conine,MIA,30,,,,,0,0,0,0,0,0
2026,regular,2026-04-08,683002,Gunnar Henderson,BAL,30,,,,,0,0,0,0,0,0
2026,regular,2026-04-08,664056,Harrison Bader,SFG,30,,,,,0,0,0,0,0,0
2026,regular,2026-04-08,676439,Hunter Feduccia,TBR,30,,,,,0,0,0,0,0,0
2026,regular,2026-04-08,696100,Hunter Goodman,COL,30,,,,,0,0,0,0,0,0
2026,regular,2026-04-08,545121,Ildemaro Vargas,ARI,30,,,,,0,0,0,0,0,0
2026,regular,2026-04-08,686555,Isaac Collins,KCR,30,,,,,0,0,0,0,0,0
2026,regular,2026-04-08,670623,Isaac Paredes,HOU,30,,,,,0,0,0,0,0,0
2026,regular,2026-04-08,643396,Isiah Kiner-Falefa,BOS,30,,,,,0,0,0,0,0,0
2026,regular,2026-04-08,671056,Iván Herrera,STL,30,,,,,0,0,0,0,0,0
2026,regular,2026-04-08,641555,J.C. Escarra,NYY,30,,,,,0,0,0,0,0,0
2026,regular,2026-04-08,641487,J.P. Crawford,SEA,30,,,,,0,0,0,0,0,0
2026,regular,2026-04-08,701538,Jackson Merrill,SDP,30,,,,,0,0,0,0,0,0
2026,regular,2026-04-08,805779,Jacob Wilson,ATH,30,,,,,0,0,0,0,0,0
2026,regular,2026-04-08,696285,Jacob Young,WSN,30,,,,,0,0,0,0,0,0
2026,regular,2026-04-08,663330,Jahmai Jones,DET,30,,,,,0,0,0,0,0,0
2026,regular,2026-04-08,641343,Jake Bauers,MIL,30,,,,,0,0,0,0,0,0
2026,regular,2026-04-08,669394,Jake Burger,TEX,30,,,,,0,0,0,0,0,0
2026,regular,2026-04-08,630105,Jake Cronenworth,SDP,30,,,,,0,0,0,0,0,0
2026,regular,2026-04-08,641584,Jake Fraley,TBR,30,,,,,0,0,0,0,0,0
2026,regular,2026-04-08,663968,Jake Mangum,PIT,30,,,,,0,0,0,0,0,0
2026,regular,2026-04-08,664983,Jake McCarthy,COL,30,,,,,0,0,0,0,0,0
2026,regular,2026-04-08,676694,Jake Meyers,HOU,30,,,,,0,0,0,0,0,0
2026,regular,2026-04-08,805300,Jakob Marsee,MIA,30,,,,,0,0,0,0,0,0
2026,regular,2026-04-08,681546,James Outman,MIN,30,,,,,0,0,0,0,0,0
2026,regular,2026-04-08,695578,James Wood,WSN,30,,,,,0,0,0,0,0,0
2026,regular,2026-04-08,666931,Jared Oliva,SFG,30,,,,,0,0,0,0,0,0
2026,regular,2026-04-08,595879,Javier Báez,DET,30,,,,,0,0,0,0,0,0
2026,regular,2026-04-08,691594,Javier Sanoja,MIA,30,,,,,0,0,0,0,0,0
2026,regular,2026-04-08,665862,Jazz Chisholm Jr.,NYY,30,,,,,0,0,0,0,0,0
2026,regular,2026-04-08,643446,Jeff McNeil,ATH,30,,,,,0,0,0,0,0,0
2026,regular,2026-04-08,600869,Jeimer Candelario,LAA,30,,,,,0,0,0,0,0,0
2026,regular,2026-04-08,666464,Jerar Encarnacion,SFG,30,,,,,0,0,0,0,0,0
2026,regular,2026-04-08,669236,Jeremiah Jackson,BAL,30,,,,,0,0,0,0,0,0
2026,regular,2026-04-08,665161,Jeremy Peña,HOU,30,,,,,0,0,0,0,0,0
2026,regular,2026-04-08,660821,Jesús Sánchez,TOR,30,,,,,0,0,0,0,0,0
2026,regular,2026-04-08,802139,JJ Wetherholt,STL,30,,,,,0,0,0,0,0,0
2026,regular,2026-04-08,666176,Jo Adell,LAA,30,,,,,0,0,0,0,0,0
2026,regular,2026-04-08,592626,Joc Pederson,TEX,30,,,,,0,0,0,0,0,0
2026,regular,2026-04-08,663698,Joey Bart,PIT,30,,,,,0,0,0,0,0,0
2026,regular,2026-04-08,694388,Joey Loperfido,HOU,30,,,,,0,0,0,0,0,0
2026,regular,2026-04-08,687401,Joey Ortiz,MIL,30,,,,,0,0,0,0,0,0
2026,regular,2026-04-08,641680,Jonah Heim,ATL,30,,,,,0,0,0,0,0,0
2026,regular,2026-04-08,666018,Jonathan Aranda,TBR,30,,,,,0,0,0,0,0,0
2026,regular,2026-04-08,663697,Jonathan India,KCR,30,,,,,0,0,0,0,0,0
2026,regular,2026-04-08,676356,Jonny DeLuca,TBR,30,,,,,0,0,0,0,0,0
2026,regular,2026-04-08,678391,Jorbit Vivas,WSN,30,,,,,0,0,0,0,0,0
2026,regular,2026-04-08,691023,Jordan Walker,STL,30,,,,,0,0,0,0,0,0
2026,regular,2026-04-08,678489,Jorge Barrosa,ARI,30,,,,,0,0,0,0,0,0
2026,regular,2026-04-08,593871,Jorge Polanco,NYM,30,,,,,0,0,0,0,0,0
2026,regular,2026-04-08,624585,Jorge Soler,LAA,30,,,,,0,0,0,0,0,0
2026,regular,2026-04-08,514888,Jose Altuve,HOU,30,,,,,0,0,0,0,0,0
2026,regular,2026-04-08,699912,Jose Fernandez,ARI,30,,,,,0,0,0,0,0,0
2026,regular,2026-04-08,605137,Josh Bell,MIN,30,,,,,0,0,0,0,0,0
2026,regular,2026-04-08,666139,Josh Lowe,LAA,30,,,,,0,0,0,0,0,0
2026,regular,2026-04-08,669701,Josh Smith,TEX,30,,,,,0,0,0,0,0,0
2026,regular,2026-04-08,608070,José Ramírez,CLE,30,,,,,0,0,0,0,0,0
2026,regular,2026-04-08,677588,José Tena,WSN,30,,,,,0,0,0,0,0,0
2026,regular,2026-04-08,682877,Juan Brito,CLE,30,,,,,0,0,0,0,0,0
2026,regular,2026-04-08,677594,Julio Rodríguez,SEA,30,,,,,0,0,0,0,0,0
2026,regular,2026-04-08,808982,Jung Hoo Lee,SFG,30,,,,,0,0,0,0,0,0
2026,regular,2026-04-08,691406,Junior Caminero,TBR,30,,,,,0,0,0,0,0,0
2026,regular,2026-04-08,702222,Justin Crawford,PHI,30,,,,,0,0,0,0,0,0
2026,regular,2026-04-08,672960,Kazuma Okamoto,TOR,30,,,,,0,0,0,0,0,0
2026,regular,2026-04-08,663647,Ke'Bryan Hayes,CIN,30,,,,,0,0,0,0,0,0
2026,regular,2026-04-08,681481,Kerry Carpenter,DET,30,,,,,0,0,0,0,0,0
2026,regular,2026-04-08,606466,Ketel Marte,ARI,30,,,,,0,0,0,0,0,0
2026,regular,2026-04-08,805808,Kevin McGonigle,DET,30,,,,,0,0,0,0,0,0
2026,regular,2026-04-08,804606,Konnor Griffin,PIT,30,,,,,0,0,0,0,0,0
2026,regular,2026-04-08,691720,Kyle Karros,COL,30,,,,,0,0,0,0,0,0
2026,regular,2026-04-08,700932,Kyle Manzardo,CLE,30,,,,,0,0,0,0,0,0
2026,regular,2026-04-08,656941,Kyle Schwarber,PHI,30,,,,,0,0,0,0,0,0
2026,regular,2026-04-08,663656,Kyle Tucker,LAD,30,,,,,0,0,0,0,0,0
2026,regular,2026-04-08,657041,Lane Thomas,KCR,30,,,,,0,0,0,0,0,0
2026,regular,2026-04-08,671732,Lawrence Butler,ATH,30,,,,,0,0,0,0,0,0
2026,regular,2026-04-08,677870,Leo Jiménez,MIA,30,,,,,0,0,0,0,0,0
2026,regular,2026-04-08,665750,Leody Taveras,BAL,30,,,,,0,0,0,0,0,0
2026,regular,2026-04-08,689414,Liam Hicks,MIA,30,,,,,0,0,0,0,0,0
2026,regular,2026-04-08,681351,Logan O'Hoppe,LAA,30,,,,,0,0,0,0,0,0
2026,regular,2026-04-08,650333,Luis Arraez,SFG,30,,,,,0,0,0,0,0,0
2026,regular,2026-04-08,669134,Luis Campusano,SDP,30,,,,,0,0,0,0,0,0
2026,regular,2026-04-08,671277,Luis García Jr.,WSN,30,,,,,0,0,0,0,0,0
2026,regular,2026-04-08,682641,Luis Matos,MIL,30,,,,,0,0,0,0,0,0
2026,regular,2026-04-08,650859,Luis Rengifo,MIL,30,,,,,0,0,0,0,0,0
2026,regular,2026-04-08,673357,Luis Robert Jr.,NYM,30,,,,,0,0,0,0,0,0
2026,regular,2026-04-08,682668,Luisangel Acuña,CHW,30,,,,,0,0,0,0,0,0
2026,regular,2026-04-08,807712,Luke Keaschall,MIN,30,,,,,0,0,0,0,0,0
2026,regular,2026-04-08,670042,Luke Raley,SEA,30,,,,,0,0,0,0,0,0
2026,regular,2026-04-08,672580,Maikel Garcia,KCR,30,,,,,0,0,0,0,0,0
2026,regular,2026-04-08,543760,Marcus Semien,NYM,30,,,,,0,0,0,0,0,0
2026,regular,2026-04-08,668901,Mark Vientos,NYM,30,,,,,0,0,0,0,0,0
2026,regular,2026-04-08,691026,Masyn Winn,STL,30,,,,,0,0,0,0,0,0
2026,regular,2026-04-08,656305,Matt Chapman,SFG,30,,,,,0,0,0,0,0,0
2026,regular,2026-04-08,680574,Matt McLain,CIN,30,,,,,0,0,0,0,0,0
2026,regular,2026-04-08,621566,Matt Olson,ATL,30,,,,,0,0,0,0,0,0
2026,regular,2026-04-08,807713,Matt Shaw,CHC,30,,,,,0,0,0,0,0,0
2026,regular,2026-04-08,663837,Matt Vierling,DET,30,,,,,0,0,0,0,0,0
2026,regular,2026-04-08,670242,Matt Wallner,MIN,30,,,,,0,0,0,0,0,0
2026,regular,2026-04-08,643289,Mauricio Dubón,ATL,30,,,,,0,0,0,0,0,0
2026,regular,2026-04-08,571970,Max Muncy,LAD,30,,,,,0,0,0,0,0,0
2026,regular,2026-04-08,691777,Max Muncy,ATH,30,,,,,0,0,0,0,0,0
2026,regular,2026-04-08,683737,Michael Busch,CHC,30,,,,,0,0,0,0,0,0
2026,regular,2026-04-08,624424,Michael Conforto,CHC,30,,,,,0,0,0,0,0,0
2026,regular,2026-04-08,671739,Michael Harris II,ATL,30,,,,,0,0,0,0,0,0
2026,regular,2026-04-08,686681,Michael Massey,KCR,30,,,,,0,0,0,0,0,0
2026,regular,2026-04-08,666160,Mickey Moniak,COL,30,,,,,0,0,0,0,0,0
2026,regular,2026-04-08,609280,Miguel Andujar,SDP,30,,,,,0,0,0,0,0,0
2026,regular,2026-04-08,500743,Miguel Rojas,LAD,30,,,,,0,0,0,0,0,0
2026,regular,2026-04-08,678246,Miguel Vargas,CHW,30,,,,,0,0,0,0,0,0
2026,regular,2026-04-08,545361,Mike Trout,LAA,30,,,,,0,0,0,0,0,0
2026,regular,2026-04-08,573262,Mike Yastrzemski,ATL,30,,,,,0,0,0,0,0,0
2026,regular,2026-04-08,641598,Mitch Garver,SEA,30,,,,,0,0,0,0,0,0
2026,regular,2026-04-08,694208,Moisés Ballesteros,CHC,30,,,,,0,0,0,0,0,0
2026,regular,2026-04-08,808959,Munetaka Murakami,CHW,30,,,,,0,0,0,0,0,0
2026,regular,2026-04-08,664702,Myles Straw,TOR,30,,,,,0,0,0,0,0,0
2026,regular,2026-04-08,683083,Nasim Nuñez,WSN,30,,,,,0,0,0,0,0,0
2026,regular,2026-04-08,701675,Nathan Church,STL,30,,,,,0,0,0,0,0,0
2026,regular,2026-04-08,664770,Nathan Lukes,TOR,30,,,,,0,0,0,0,0,0
2026,regular,2026-04-08,663993,Nathaniel Lowe,CIN,30,,,,,0,0,0,0,0,0
2026,regular,2026-04-08,592206,Nick Castellanos,SDP,30,,,,,0,0,0,0,0,0
2026,regular,2026-04-08,693304,Nick Gonzales,PIT,30,,,,,0,0,0,0,0,0
2026,regular,2026-04-08,701762,Nick Kurtz,ATH,30,,,,,0,0,0,0,0,0
2026,regular,2026-04-08,694377,Nick Yorke,PIT,30,,,,,0,0,0,0,0,0
2026,regular,2026-04-08,663538,Nico Hoerner,CHC,30,,,,,0,0,0,0,0,0
2026,regular,2026-04-08,682622,Noelvi Marte,CIN,30,,,,,0,0,0,0,0,0
2026,regular,2026-04-08,571448,Nolan Arenado,ARI,30,,,,,0,0,0,0,0,0
2026,regular,2026-04-08,669357,Nolan Gorman,STL,30,,,,,0,0,0,0,0,0
2026,regular,2026-04-08,694384,Nolan Schanuel,LAA,30,,,,,0,0,0,0,0,0
2026,regular,2026-04-08,665833,Oneil Cruz,PIT,30,,,,,0,0,0,0,0,0
2026,regular,2026-04-08,672724,Oswald Peraza,LAA,30,,,,,0,0,0,0,0,0
2026,regular,2026-04-08,805249,Otto Kemp,PHI,30,,,,,0,0,0,0,0,0
2026,regular,2026-04-08,683357,Owen Caissie,MIA,30,,,,,0,0,0,0,0,0
2026,regular,2026-04-08,645277,Ozzie Albies,ATL,30,,,,,0,0,0,0,0,0
2026,regular,2026-04-08,678009,Parker Meadows,DET,30,,,,,0,0,0,0,0,0
2026,regular,2026-04-08,672275,Patrick Bailey,SFG,30,,,,,0,0,0,0,0,0
2026,regular,2026-04-08,624413,Pete Alonso,BAL,30,,,,,0,0,0,0,0,0
2026,regular,2026-04-08,691718,Pete Crow-Armstrong,CHC,30,,,,,0,0,0,0,0,0
2026,regular,2026-04-08,646240,Rafael Devers,SFG,30,,,,,0,0,0,0,0,0
2026,regular,2026-04-08,665561,Rafael Marchán,PHI,30,,,,,0,0,0,0,0,0
2026,regular,2026-04-08,657656,Ramón Laureano,SDP,30,,,,,0,0,0,0,0,0
2026,regular,2026-04-08,602104,Ramón Urías,STL,30,,,,,0,0,0,0,0,0
2026,regular,2026-04-08,668227,Randy Arozarena,SEA,30,,,,,0,0,0,0,0,0
2026,regular,2026-04-08,624512,Reese McGuire,CHW,30,,,,,0,0,0,0,0,0
2026,regular,2026-04-08,656555,Rhys Hoskins,CLE,30,,,,,0,0,0,0,0,0
2026,regular,2026-04-08,682985,Riley Greene,DET,30,,,,,0,0,0,0,0,0
2026,regular,2026-04-08,608701,Rob Refsnyder,SEA,30,,,,,0,0,0,0,0,0
2026,regular,2026-04-08,701350,Roman Anthony,BOS,30,,,,,0,0,0,0,0,0
2026,regular,2026-04-08,660670,Ronald Acuña Jr.,ATL,30,,,,,0,0,0,0,0,0
2026,regular,2026-04-08,668904,Royce Lewis,MIN,30,,,,,0,0,0,0,0,0
2026,regular,2026-04-08,680777,Ryan Jeffers,MIN,30,,,,,0,0,0,0,0,0
2026,regular,2026-04-08,641857,Ryan McMahon,NYY,30,,,,,0,0,0,0,0,0
2026,regular,2026-04-08,663624,Ryan Mountcastle,BAL,30,,,,,0,0,0,0,0,0
2026,regular,2026-04-08,656811,Ryan O'Hearn,PIT,30,,,,,0,0,0,0,0,0
2026,regular,2026-04-08,686217,Sal Frelick,MIL,30,,,,,0,0,0,0,0,0
2026,regular,2026-04-08,701398,Sal Stewart,CIN,30,,,,,0,0,0,0,0,0
2026,regular,2026-04-08,521692,Salvador Perez,KCR,30,,,,,0,0,0,0,0,0
2026,regular,2026-04-08,669127,Shea Langeliers,ATH,30,,,,,0,0,0,0,0,0
2026,regular,2026-04-08,660271,Shohei Ohtani,LAD,30,,,,,0,0,0,0,0,0
2026,regular,2026-04-08,687462,Spencer Horwitz,PIT,30,,,,,0,0,0,0,0,0
2026,regular,2026-04-08,679529,Spencer Torkelson,DET,30,,,,,0,0,0,0,0,0
2026,regular,2026-04-08,516782,Starling Marte,KCR,30,,,,,0,0,0,0,0,0
2026,regular,2026-04-08,680757,Steven Kwan,CLE,30,,,,,0,0,0,0,0,0
2026,regular,2026-04-08,670764,Taylor Walls,TBR,30,,,,,0,0,0,0,0,0
2026,regular,2026-04-08,621493,Taylor Ward,BAL,30,,,,,0,0,0,0,0,0
2026,regular,2026-04-08,606192,Teoscar Hernández,LAD,30,,,,,0,0,0,0,0,0
2026,regular,2026-04-08,695336,Thomas Saggese,STL,30,,,,,0,0,0,0,0,0
2026,regular,2026-04-08,694374,Tim Tawa,ARI,30,,,,,0,0,0,0,0,0
2026,regular,2026-04-08,670770,TJ Friedl,CIN,30,,,,,0,0,0,0,0,0
2026,regular,2026-04-08,681198,TJ Rumfield,COL,30,,,,,0,0,0,0,0,0
2026,regular,2026-04-08,607208,Trea Turner,PHI,30,,,,,0,0,0,0,0,0
2026,regular,2026-04-08,663757,Trent Grisham,NYY,30,,,,,0,0,0,0,0,0
2026,regular,2026-04-08,663616,Trevor Larnach,MIN,30,,,,,0,0,0,0,0,0
2026,regular,2026-04-08,596115,Trevor Story,BOS,30,,,,,0,0,0,0,0,0
2026,regular,2026-04-08,671976,Tristan Peters,CHW,30,,,,,0,0,0,0,0,0
2026,regular,2026-04-08,687859,Troy Johnston,COL,30,,,,,0,0,0,0,0,0
2026,regular,2026-04-08,664034,Ty France,SDP,30,,,,,0,0,0,0,0,0
2026,regular,2026-04-08,671289,Tyler Freeman,COL,30,,,,,0,0,0,0,0,0
2026,regular,2026-04-08,623168,Tyler Heineman,TOR,30,,,,,0,0,0,0,0,0
2026,regular,2026-04-08,641933,Tyler O'Neill,BAL,30,,,,,0,0,0,0,0,0
2026,regular,2026-04-08,691016,Tyler Soderstrom,ATH,30,,,,,0,0,0,0,0,0
2026,regular,2026-04-08,663886,Tyler Stephenson,CIN,30,,,,,0,0,0,0,0,0
2026,regular,2026-04-08,605170,Victor Caratini,MIN,30,,,,,0,0,0,0,0,0
2026,regular,2026-04-08,687363,Victor Scott II,STL,30,,,,,0,0,0,0,0,0
2026,regular,2026-04-08,686469,Vinnie Pasquantino,KCR,30,,,,,0,0,0,0,0,0
2026,regular,2026-04-08,665489,Vladimir Guerrero Jr.,TOR,30,,,,,0,0,0,0,0,0
2026,regular,2026-04-08,666181,Will Benson,CIN,30,,,,,0,0,0,0,0,0
2026,regular,2026-04-08,669257,Will Smith,LAD,30,,,,,0,0,0,0,0,0
2026,regular,2026-04-08,575929,Willson Contreras,BOS,30,,,,,0,0,0,0,0,0
2026,regular,2026-04-08,642715,Willy Adames,SFG,30,,,,,0,0,0,0,0,0
2026,regular,2026-04-08,677800,Wilyer Abreu,BOS,30,,,,,0,0,0,0,0,0
2026,regular,2026-04-08,694671,Wyatt Langford,TEX,30,,,,,0,0,0,0,0,0
2026,regular,2026-04-08,593428,Xander Bogaerts,SDP,30,,,,,0,0,0,0,0,0
2026,regular,2026-04-08,669364,Xavier Edwards,MIA,30,,,,,0,0,0,0,0,0
2026,regular,2026-04-08,650490,Yandy Díaz,TBR,30,,,,,0,0,0,0,0,0
2026,regular,2026-04-08,650968,Yohel Pozo,STL,30,,,,,0,0,0,0,0,0
2026,regular,2026-04-08,670541,Yordan Alvarez,HOU,30,,,,,0,0,0,0,0,0
2026,regular,2026-04-08,660162,Yoán Moncada,LAA,30,,,,,0,0,0,0,0,0
2026,regular,2026-04-08,656716,Zach McKinstry,DET,30,,,,,0,0,0,0,0,0
2026,regular,2026-04-08,687263,Zach Neto,LAA,30,,,,,0,0,0,0,0,0
2026,regular,2026-04-09,592450,Aaron Judge,NYY,30,,,,,0,0,0,0,0,0
2026,regular,2026-04-09,680728,Adrian Del Castillo,ARI,30,,,,,0,0,0,0,0,0
2026,regular,2026-04-09,682663,Agustín Ramírez,MIA,30,,,,,0,0,0,0,0,0
2026,regular,2026-04-09,677950,Alek Thomas,ARI,30,,,,,0,0,0,0,0,0
2026,regular,2026-04-09,642708,Amed Rosario,NYY,30,,,,,0,0,0,0,0,0
2026,regular,2026-04-09,643217,Andrew Benintendi,CHW,30,,,,,0,0,0,0,0,0
2026,regular,2026-04-09,628451,Andy Ibáñez,ATH,30,,,,,0,0,0,0,0,0
2026,regular,2026-04-09,668885,Austin Martin,MIN,30,,,,,0,0,0,0,0,0
2026,regular,2026-04-09,669224,Austin Wells,NYY,30,,,,,0,0,0,0,0,0
2026,regular,2026-04-09,642851,Austin Wynns,ATH,30,,,,,0,0,0,0,0,0
2026,regular,2026-04-09,700250,Ben Rice,NYY,30,,,,,0,0,0,0,0,0
2026,regular,2026-04-09,666182,Bo Bichette,NYM,30,,,,,0,0,0,0,0,0
2026,regular,2026-04-09,677951,Bobby Witt Jr.,KCR,30,,,,,0,0,0,0,0,0
2026,regular,2026-04-09,667670,Brent Rooker,ATH,30,,,,,0,0,0,0,0,0
2026,regular,2026-04-09,686668,Brenton Doyle,COL,30,,,,,0,0,0,0,0,0
2026,regular,2026-04-09,683146,Brett Baty,NYM,30,,,,,0,0,0,0,0,0
2026,regular,2026-04-09,664954,Brett Sullivan,COL,30,,,,,0,0,0,0,0,0
2026,regular,2026-04-09,686797,Brooks Lee,MIN,30,,,,,0,0,0,0,0,0
2026,regular,2026-04-09,669369,Bryce Johnson,SDP,30,,,,,0,0,0,0,0,0
2026,regular,2026-04-09,621439,Byron Buxton,MIN,30,,,,,0,0,0,0,0,0
2026,regular,2026-04-09,695600,Carter Jensen,KCR,30,,,,,0,0,0,0,0,0
2026,regular,2026-04-09,805367,Chase Meidroth,CHW,30,,,,,0,0,0,0,0,0
2026,regular,2026-04-09,641355,Cody Bellinger,NYY,30,,,,,0,0,0,0,0,0
2026,regular,2026-04-09,695657,Colson Montgomery,CHW,30,,,,,0,0,0,0,0,0
2026,regular,2026-04-09,690993,Colt Keith,DET,30,,,,,0,0,0,0,0,0
2026,regular,2026-04-09,667472,Dane Myers,CIN,30,,,,,0,0,0,0,0,0
2026,regular,2026-04-09,687231,Darell Hernaiz,ATH,30,,,,,0,0,0,0,0,0
2026,regular,2026-04-09,672016,Denzel Clarke,ATH,30,,,,,0,0,0,0,0,0
2026,regular,2026-04-09,656537,Derek Hill,CHW,30,,,,,0,0,0,0,0,0
2026,regular,2026-04-09,693307,Dillon Dingler,DET,30,,,,,0,0,0,0,0,0
2026,regular,2026-04-09,687957,Dustin Harris,CHW,30,,,,,0,0,0,0,0,0
2026,regular,2026-04-09,700337,Edgar Quero,CHW,30,,,,,0,0,0,0,0,0
2026,regular,2026-04-09,666397,Edouard Julien,COL,30,,,,,0,0,0,0,0,0
2026,regular,2026-04-09,682829,Elly De La Cruz,CIN,30,,,,,0,0,0,0,0,0
2026,regular,2026-04-09,553993,Eugenio Suárez,CIN,30,,,,,0,0,0,0,0,0
2026,regular,2026-04-09,678662,Ezequiel Tovar,COL,30,,,,,0,0,0,0,0,0
2026,regular,2026-04-09,665487,Fernando Tatis Jr.,SDP,30,,,,,0,0,0,0,0,0
2026,regular,2026-04-09,682626,Francisco Alvarez,NYM,30,,,,,0,0,0,0,0,0
2026,regular,2026-04-09,596019,Francisco Lindor,NYM,30,,,,,0,0,0,0,0,0
2026,regular,2026-04-09,666023,Freddy Fermin,SDP,30,,,,,0,0,0,0,0,0
2026,regular,2026-04-09,672515,Gabriel Moreno,ARI,30,,,,,0,0,0,0,0,0
2026,regular,2026-04-09,657757,Gavin Sheets,SDP,30,,,,,0,0,0,0,0,0
2026,regular,2026-04-09,672695,Geraldo Perdomo,ARI,30,,,,,0,0,0,0,0,0
2026,regular,2026-04-09,519317,Giancarlo Stanton,NYY,30,,,,,0,0,0,0,0,0
2026,regular,2026-04-09,650402,Gleyber Torres,DET,30,,,,,0,0,0,0,0,0
2026,regular,2026-04-09,688363,Graham Pauley,MIA,30,,,,,0,0,0,0,0,0
2026,regular,2026-04-09,665052,Griffin Conine,MIA,30,,,,,0,0,0,0,0,0
2026,regular,2026-04-09,681715,Heriberto Hernández,MIA,30,,,,,0,0,0,0,0,0
2026,regular,2026-04-09,696100,Hunter Goodman,COL,30,,,,,0,0,0,0,0,0
2026,regular,2026-04-09,545121,Ildemaro Vargas,ARI,30,,,,,0,0,0,0,0,0
2026,regular,2026-04-09,686555,Isaac Collins,KCR,30,,,,,0,0,0,0,0,0
2026,regular,2026-04-09,695506,Jac Caglianone,KCR,30,,,,,0,0,0,0,0,0
2026,regular,2026-04-09,701538,Jackson Merrill,SDP,30,,,,,0,0,0,0,0,0
2026,regular,2026-04-09,805779,Jacob Wilson,ATH,30,,,,,0,0,0,0,0,0
2026,regular,2026-04-09,630105,Jake Cronenworth,SDP,30,,,,,0,0,0,0,0,0
2026,regular,2026-04-09,664983,Jake McCarthy,COL,30,,,,,0,0,0,0,0,0
2026,regular,2026-04-09,668670,Jake Rogers,DET,30,,,,,0,0,0,0,0,0
2026,regular,2026-04-09,805300,Jakob Marsee,MIA,30,,,,,0,0,0,0,0,0
2026,regular,2026-04-09,543510,James McCann,ARI,30,,,,,0,0,0,0,0,0
2026,regular,2026-04-09,681546,James Outman,MIN,30,,,,,0,0,0,0,0,0
2026,regular,2026-04-09,676724,Jared Young,NYM,30,,,,,0,0,0,0,0,0
2026,regular,2026-04-09,595879,Javier Báez,DET,30,,,,,0,0,0,0,0,0
2026,regular,2026-04-09,691594,Javier Sanoja,MIA,30,,,,,0,0,0,0,0,0
2026,regular,2026-04-09,665862,Jazz Chisholm Jr.,NYY,30,,,,,0,0,0,0,0,0
2026,regular,2026-04-09,643446,Jeff McNeil,ATH,30,,,,,0,0,0,0,0,0
2026,regular,2026-04-09,663697,Jonathan India,KCR,30,,,,,0,0,0,0,0,0
2026,regular,2026-04-09,678489,Jorge Barrosa,ARI,30,,,,,0,0,0,0,0,0
2026,regular,2026-04-09,699912,Jose Fernandez,ARI,30,,,,,0,0,0,0,0,0
2026,regular,2026-04-09,605137,Josh Bell,MIN,30,,,,,0,0,0,0,0,0
2026,regular,2026-04-09,676609,José Caballero,NYY,30,,,,,0,0,0,0,0,0
2026,regular,2026-04-09,681481,Kerry Carpenter,DET,30,,,,,0,0,0,0,0,0
2026,regular,2026-04-09,606466,Ketel Marte,ARI,30,,,,,0,0,0,0,0,0
2026,regular,2026-04-09,805808,Kevin McGonigle,DET,30,,,,,0,0,0,0,0,0
2026,regular,2026-04-09,665019,Kody Clemens,MIN,30,,,,,0,0,0,0,0,0
2026,regular,2026-04-09,664728,Kyle Isbel,KCR,30,,,,,0,0,0,0,0,0
2026,regular,2026-04-09,691720,Kyle Karros,COL,30,,,,,0,0,0,0,0,0
2026,regular,2026-04-09,657041,Lane Thomas,KCR,30,,,,,0,0,0,0,0,0
2026,regular,2026-04-09,671732,Lawrence Butler,ATH,30,,,,,0,0,0,0,0,0
2026,regular,2026-04-09,689414,Liam Hicks,MIA,30,,,,,0,0,0,0,0,0
2026,regular,2026-04-09,669134,Luis Campusano,SDP,30,,,,,0,0,0,0,0,0
2026,regular,2026-04-09,673357,Luis Robert Jr.,NYM,30,,,,,0,0,0,0,0,0
2026,regular,2026-04-09,620443,Luis Torrens,NYM,30,,,,,0,0,0,0,0,0
2026,regular,2026-04-09,682668,Luisangel Acuña,CHW,30,,,,,0,0,0,0,0,0
2026,regular,2026-04-09,807712,Luke Keaschall,MIN,30,,,,,0,0,0,0,0,0
2026,regular,2026-04-09,672580,Maikel Garcia,KCR,30,,,,,0,0,0,0,0,0
2026,regular,2026-04-09,592518,Manny Machado,SDP,30,,,,,0,0,0,0,0,0
2026,regular,2026-04-09,543760,Marcus Semien,NYM,30,,,,,0,0,0,0,0,0
2026,regular,2026-04-09,668901,Mark Vientos,NYM,30,,,,,0,0,0,0,0,0
2026,regular,2026-04-09,680574,Matt McLain,CIN,30,,,,,0,0,0,0,0,0
2026,regular,2026-04-09,670242,Matt Wallner,MIN,30,,,,,0,0,0,0,0,0
2026,regular,2026-04-09,691777,Max Muncy,ATH,30,,,,,0,0,0,0,0,0
2026,regular,2026-04-09,686681,Michael Massey,KCR,30,,,,,0,0,0,0,0,0
2026,regular,2026-04-09,666160,Mickey Moniak,COL,30,,,,,0,0,0,0,0,0
2026,regular,2026-04-09,609280,Miguel Andujar,SDP,30,,,,,0,0,0,0,0,0
2026,regular,2026-04-09,678246,Miguel Vargas,CHW,30,,,,,0,0,0,0,0,0
2026,regular,2026-04-09,808959,Munetaka Murakami,CHW,30,,,,,0,0,0,0,0,0
2026,regular,2026-04-09,663993,Nathaniel Lowe,CIN,30,,,,,0,0,0,0,0,0
2026,regular,2026-04-09,592206,Nick Castellanos,SDP,30,,,,,0,0,0,0,0,0
2026,regular,2026-04-09,701762,Nick Kurtz,ATH,30,,,,,0,0,0,0,0,0
2026,regular,2026-04-09,672640,Otto Lopez,MIA,30,,,,,0,0,0,0,0,0
2026,regular,2026-04-09,683357,Owen Caissie,MIA,30,,,,,0,0,0,0,0,0
2026,regular,2026-04-09,664731,P.J. Higgins,CIN,30,,,,,0,0,0,0,0,0
2026,regular,2026-04-09,678009,Parker Meadows,DET,30,,,,,0,0,0,0,0,0
2026,regular,2026-04-09,621112,Paul Blackburn,NYY,30,,,,,0,0,0,0,0,0
2026,regular,2026-04-09,657656,Ramón Laureano,SDP,30,,,,,0,0,0,0,0,0
2026,regular,2026-04-09,545341,Randal Grichuk,NYY,30,,,,,0,0,0,0,0,0
2026,regular,2026-04-09,682985,Riley Greene,DET,30,,,,,0,0,0,0,0,0
2026,regular,2026-04-09,668904,Royce Lewis,MIN,30,,,,,0,0,0,0,0,0
2026,regular,2026-04-09,641857,Ryan McMahon,NYY,30,,,,,0,0,0,0,0,0
2026,regular,2026-04-09,701398,Sal Stewart,CIN,30,,,,,0,0,0,0,0,0
2026,regular,2026-04-09,521692,Salvador Perez,KCR,30,,,,,0,0,0,0,0,0
2026,regular,2026-04-09,668715,Spencer Steer,CIN,30,,,,,0,0,0,0,0,0
2026,regular,2026-04-09,679529,Spencer Torkelson,DET,30,,,,,0,0,0,0,0,0
2026,regular,2026-04-09,694374,Tim Tawa,ARI,30,,,,,0,0,0,0,0,0
2026,regular,2026-04-09,670770,TJ Friedl,CIN,30,,,,,0,0,0,0,0,0
2026,regular,2026-04-09,681198,TJ Rumfield,COL,30,,,,,0,0,0,0,0,0
2026,regular,2026-04-09,663757,Trent Grisham,NYY,30,,,,,0,0,0,0,0,0
2026,regular,2026-04-09,663616,Trevor Larnach,MIN,30,,,,,0,0,0,0,0,0
2026,regular,2026-04-09,656484,Tristan Gray,MIN,30,,,,,0,0,0,0,0,0
2026,regular,2026-04-09,671976,Tristan Peters,CHW,30,,,,,0,0,0,0,0,0
2026,regular,2026-04-09,687859,Troy Johnston,COL,30,,,,,0,0,0,0,0,0
2026,regular,2026-04-09,664034,Ty France,SDP,30,,,,,0,0,0,0,0,0
2026,regular,2026-04-09,671289,Tyler Freeman,COL,30,,,,,0,0,0,0,0,0
2026,regular,2026-04-09,691016,Tyler Soderstrom,ATH,30,,,,,0,0,0,0,0,0
2026,regular,2026-04-09,621438,Tyrone Taylor,NYM,30,,,,,0,0,0,0,0,0
2026,regular,2026-04-09,605170,Victor Caratini,MIN,30,,,,,0,0,0,0,0,0
2026,regular,2026-04-09,686469,Vinnie Pasquantino,KCR,30,,,,,0,0,0,0,0,0
2026,regular,2026-04-09,666181,Will Benson,CIN,30,,,,,0,0,0,0,0,0
2026,regular,2026-04-09,650489,Willi Castro,COL,30,,,,,0,0,0,0,0,0
2026,regular,2026-04-09,593428,Xander Bogaerts,SDP,30,,,,,0,0,0,0,0,0
2026,regular,2026-04-09,669364,Xavier Edwards,MIA,30,,,,,0,0,0,0,0,0
2026,regular,2026-04-09,656716,Zach McKinstry,DET,30,,,,,0,0,0,0,0,0
2026,regular,2026-04-10,592450,Aaron Judge,NYY,30,,,,,0,0,0,0,0,0
2026,regular,2026-04-10,624428,Adam Frazier,LAA,30,,,,,0,0,0,0,0,0
2026,regular,2026-04-10,668939,Adley Rutschman,BAL,30,,,,,0,0,0,0,0,0
2026,regular,2026-04-10,666969,Adolis García,PHI,30,,,,,0,0,0,0,0,0
2026,regular,2026-04-10,682663,Agustín Ramírez,MIA,30,,,,,0,0,0,0,0,0
2026,regular,2026-04-10,664761,Alec Bohm,PHI,30,,,,,0,0,0,0,0,0
2026,regular,2026-04-10,676475,Alec Burleson,STL,30,,,,,0,0,0,0,0,0
2026,regular,2026-04-10,677950,Alek Thomas,ARI,30,,,,,0,0,0,0,0,0
2026,regular,2026-04-10,608324,Alex Bregman,CHC,30,,,,,0,0,0,0,0,0
2026,regular,2026-04-10,690976,Alex Freeland,LAD,30,,,,,0,0,0,0,0,0
2026,regular,2026-04-10,642708,Amed Rosario,NYY,30,,,,,0,0,0,0,0,0
2026,regular,2026-04-10,457705,Andrew McCutchen,TEX,30,,,,,0,0,0,0,0,0
2026,regular,2026-04-10,665926,Andrés Giménez,TOR,30,,,,,0,0,0,0,0,0
2026,regular,2026-04-10,681624,Andy Pages,LAD,30,,,,,0,0,0,0,0,0
2026,regular,2026-04-10,682657,Angel Martínez,CLE,30,,,,,0,0,0,0,0,0
2026,regular,2026-04-10,668885,Austin Martin,MIN,30,,,,,0,0,0,0,0,0
2026,regular,2026-04-10,663586,Austin Riley,ATL,30,,,,,0,0,0,0,0,0
2026,regular,2026-04-10,669224,Austin Wells,NYY,30,,,,,0,0,0,0,0,0
2026,regular,2026-04-10,700250,Ben Rice,NYY,30,,,,,0,0,0,0,0,0
2026,regular,2026-04-10,810938,Ben Williamson,TBR,30,,,,,0,0,0,0,0,0
2026,regular,2026-04-10,695257,Billy Cook,PIT,30,,,,,0,0,0,0,0,0
2026,regular,2026-04-10,663368,Blake Perkins,MIL,30,,,,,0,0,0,0,0,0
2026,regular,2026-04-10,677942,Blaze Alexander,BAL,30,,,,,0,0,0,0,0,0
2026,regular,2026-04-10,666182,Bo Bichette,NYM,30,,,,,0,0,0,0,0,0
2026,regular,2026-04-10,666310,Bo Naylor,CLE,30,,,,,0,0,0,0,0,0
2026,regular,2026-04-10,677951,Bobby Witt Jr.,KCR,30,,,,,0,0,0,0,0,0
2026,regular,2026-04-10,691781,Brady House,WSN,30,,,,,0,0,0,0,0,0
2026,regular,2026-04-10,663604,Brandon Lockridge,MIL,30,,,,,0,0,0,0,0,0
2026,regular,2026-04-10,669016,Brandon Marsh,PHI,30,,,,,0,0,0,0,0,0
2026,regular,2026-04-10,607043,Brandon Nimmo,TEX,30,,,,,0,0,0,0,0,0
2026,regular,2026-04-10,678218,Brandon Valenzuela,TOR,30,,,,,0,0,0,0,0,0
2026,regular,2026-04-10,677587,Brayan Rocchio,CLE,30,,,,,0,0,0,0,0,0
2026,regular,2026-04-10,686668,Brenton Doyle,COL,30,,,,,0,0,0,0,0,0
2026,regular,2026-04-10,683146,Brett Baty,NYM,30,,,,,0,0,0,0,0,0
2026,regular,2026-04-10,664954,Brett Sullivan,COL,30,,,,,0,0,0,0,0,0
2026,regular,2026-04-10,668930,Brice Turang,MIL,30,,,,,0,0,0,0,0,0
2026,regular,2026-04-10,686797,Brooks Lee,MIN,30,,,,,0,0,0,0,0,0
2026,regular,2026-04-10,668804,Bryan Reynolds,PIT,30,,,,,0,0,0,0,0,0
2026,regular,2026-04-10,547180,Bryce Harper,PHI,30,,,,,0,0,0,0,0,0
2026,regular,2026-04-10,669369,Bryce Johnson,SDP,30,,,,,0,0,0,0,0,0
2026,regular,2026-04-10,669326,Bryce Teodosio,LAA,30,,,,,0,0,0,0,0,0
2026,regular,2026-04-10,681082,Bryson Stott,PHI,30,,,,,0,0,0,0,0,0
2026,regular,2026-04-10,621439,Byron Buxton,MIN,30,,,,,0,0,0,0,0,0
2026,regular,2026-04-10,663728,Cal Raleigh,SEA,30,,,,,0,0,0,0,0,0
2026,regular,2026-04-10,702332,Caleb Durbin,BOS,30,,,,,0,0,0,0,0,0
2026,regular,2026-04-10,701358,Cam Smith,HOU,30,,,,,0,0,0,0,0,0
2026,regular,2026-04-10,621043,Carlos Correa,HOU,30,,,,,0,0,0,0,0,0
2026,regular,2026-04-10,666126,Carlos Cortes,ATH,30,,,,,0,0,0,0,0,0
2026,regular,2026-04-10,665966,Carlos Narváez,BOS,30,,,,,0,0,0,0,0,0
2026,regular,2026-04-10,701807,Carson Benge,NYM,30,,,,,0,0,0,0,0,0
2026,regular,2026-04-10,608348,Carson Kelly,CHC,30,,,,,0,0,0,0,0,0
2026,regular,2026-04-10,695600,Carter Jensen,KCR,30,,,,,0,0,0,0,0,0
2026,regular,2026-04-10,669477,Casey Schmitt,SFG,30,,,,,0,0,0,0,0,0
2026,regular,2026-04-10,678882,Ceddanne Rafaela,BOS,30,,,,,0,0,0,0,0,0
2026,regular,2026-04-10,656775,Cedric Mullins,TBR,30,,,,,0,0,0,0,0,0
2026,regular,2026-04-10,802415,Chandler Simpson,TBR,30,,,,,0,0,0,0,0,0
2026,regular,2026-04-10,800050,Chase DeLauter,CLE,30,,,,,0,0,0,0,0,0
2026,regular,2026-04-10,805367,Chase Meidroth,CHW,30,,,,,0,0,0,0,0,0
2026,regular,2026-04-10,543877,Christian Vázquez,HOU,30,,,,,0,0,0,0,0,0
2026,regular,2026-04-10,572233,Christian Walker,HOU,30,,,,,0,0,0,0,0,0
2026,regular,2026-04-10,592885,Christian Yelich,MIL,30,,,,,0,0,0,0,0,0
2026,regular,2026-04-10,682928,CJ Abrams,WSN,30,,,,,0,0,0,0,0,0
2026,regular,2026-04-10,641355,Cody Bellinger,NYY,30,,,,,0,0,0,0,0,0
2026,regular,2026-04-10,702284,Cole Young,SEA,30,,,,,0,0,0,0,0,0
2026,regular,2026-04-10,695657,Colson Montgomery,CHW,30,,,,,0,0,0,0,0,0
2026,regular,2026-04-10,690993,Colt Keith,DET,30,,,,,0,0,0,0,0,0
2026,regular,2026-04-10,681297,Colton Cowser,BAL,30,,,,,0,0,0,0,0,0
2026,regular,2026-04-10,681393,Connor Norby,MIA,30,,,,,0,0,0,0,0,0
2026,regular,2026-04-10,608369,Corey Seager,TEX,30,,,,,0,0,0,0,0,0
2026,regular,2026-04-10,678554,Curtis Mead,WSN,30,,,,,0,0,0,0,0,0
2026,regular,2026-04-10,643376,Danny Jansen,TEX,30,,,,,0,0,0,0,0,0
2026,regular,2026-04-10,621020,Dansby Swanson,CHC,30,,,,,0,0,0,0,0,0
2026,regular,2026-04-10,662139,Daulton Varsho,TOR,30,,,,,0,0,0,0,0,0
2026,regular,2026-04-10,681807,David Fry,CLE,30,,,,,0,0,0,0,0,0
2026,regular,2026-04-10,666152,David Hamilton,MIL,30,,,,,0,0,0,0,0,0
2026,regular,2026-04-10,676914,Davis Schneider,TOR,30,,,,,0,0,0,0,0,0
2026,regular,2026-04-10,695734,Daylen Lile,WSN,30,,,,,0,0,0,0,0,0
2026,regular,2026-04-10,672016,Denzel Clarke,ATH,30,,,,,0,0,0,0,0,0
2026,regular,2026-04-10,656537,Derek Hill,CHW,30,,,,,0,0,0,0,0,0
2026,regular,2026-04-10,693307,Dillon Dingler,DET,30,,,,,0,0,0,0,0,0
2026,regular,2026-04-10,686527,Dominic Canzone,SEA,30,,,,,0,0,0,0,0,0
2026,regular,2026-04-10,642086,Dominic Smith,ATL,30,,,,,0,0,0,0,0,0
2026,regular,2026-04-10,686948,Drake Baldwin,ATL,30,,,,,0,0,0,0,0,0
2026,regular,2026-04-10,686452,Drew Millas,WSN,30,,,,,0,0,0,0,0,0
2026,regular,2026-04-10,687637,Dylan Beavers,BAL,30,,,,,0,0,0,0,0,0
2026,regular,2026-04-10,700337,Edgar Quero,CHW,30,,,,,0,0,0,0,0,0
2026,regular,2026-04-10,666397,Edouard Julien,COL,30,,,,,0,0,0,0,0,0
2026,regular,2026-04-10,682829,Elly De La Cruz,CIN,30,,,,,0,0,0,0,0,0
2026,regular,2026-04-10,676391,Ernie Clement,TOR,30,,,,,0,0,0,0,0,0
2026,regular,2026-04-10,553993,Eugenio Suárez,CIN,30,,,,,0,0,0,0,0,0
2026,regular,2026-04-10,694497,Evan Carter,TEX,30,,,,,0,0,0,0,0,0
2026,regular,2026-04-10,677649,Ezequiel Duran,TEX,30,,,,,0,0,0,0,0,0
2026,regular,2026-04-10,678662,Ezequiel Tovar,COL,30,,,,,0,0,0,0,0,0
2026,regular,2026-04-10,665487,Fernando Tatis Jr.,SDP,30,,,,,0,0,0,0,0,0
2026,regular,2026-04-10,682626,Francisco Alvarez,NYM,30,,,,,0,0,0,0,0,0
2026,regular,2026-04-10,596019,Francisco Lindor,NYM,30,,,,,0,0,0,0,0,0
2026,regular,2026-04-10,518692,Freddie Freeman,LAD,30,,,,,0,0,0,0,0,0
2026,regular,2026-04-10,666023,Freddy Fermin,SDP,30,,,,,0,0,0,0,0,0
2026,regular,2026-04-10,672515,Gabriel Moreno,ARI,30,,,,,0,0,0,0,0,0
2026,regular,2026-04-10,669003,Garrett Mitchell,MIL,30,,,,,0,0,0,0,0,0
2026,regular,2026-04-10,657757,Gavin Sheets,SDP,30,,,,,0,0,0,0,0,0
2026,regular,2026-04-10,543807,George Springer,TOR,30,,,,,0,0,0,0,0,0
2026,regular,2026-04-10,672695,Geraldo Perdomo,ARI,30,,,,,0,0,0,0,0,0
2026,regular,2026-04-10,519317,Giancarlo Stanton,NYY,30,,,,,0,0,0,0,0,0
2026,regular,2026-04-10,650402,Gleyber Torres,DET,30,,,,,0,0,0,0,0,0
2026,regular,2026-04-10,688363,Graham Pauley,MIA,30,,,,,0,0,0,0,0,0
2026,regular,2026-04-10,683002,Gunnar Henderson,BAL,30,,,,,0,0,0,0,0,0
2026,regular,2026-04-10,664056,Harrison Bader,SFG,30,,,,,0,0,0,0,0,0
2026,regular,2026-04-10,671218,Heliot Ramos,SFG,30,,,,,0,0,0,0,0,0
2026,regular,2026-04-10,696100,Hunter Goodman,COL,30,,,,,0,0,0,0,0,0
2026,regular,2026-04-10,808975,Hyeseong Kim,LAD,30,,,,,0,0,0,0,0,0
2026,regular,2026-04-10,664023,Ian Happ,CHC,30,,,,,0,0,0,0,0,0
2026,regular,2026-04-10,545121,Ildemaro Vargas,ARI,30,,,,,0,0,0,0,0,0
2026,regular,2026-04-10,686555,Isaac Collins,KCR,30,,,,,0,0,0,0,0,0
2026,regular,2026-04-10,670623,Isaac Paredes,HOU,30,,,,,0,0,0,0,0,0
2026,regular,2026-04-10,671056,Iván Herrera,STL,30,,,,,0,0,0,0,0,0
2026,regular,2026-04-10,641487,J.P. Crawford,SEA,30,,,,,0,0,0,0,0,0
2026,regular,2026-04-10,592663,J.T. Realmuto,PHI,30,,,,,0,0,0,0,0,0
2026,regular,2026-04-10,695506,Jac Caglianone,KCR,30,,,,,0,0,0,0,0,0
2026,regular,2026-04-10,701538,Jackson Merrill,SDP,30,,,,,0,0,0,0,0,0
2026,regular,2026-04-10,805779,Jacob Wilson,ATH,30,,,,,0,0,0,0,0,0
2026,regular,2026-04-10,696285,Jacob Young,WSN,30,,,,,0,0,0,0,0,0
2026,regular,2026-04-10,641343,Jake Bauers,MIL,30,,,,,0,0,0,0,0,0
2026,regular,2026-04-10,669394,Jake Burger,TEX,30,,,,,0,0,0,0,0,0
2026,regular,2026-04-10,630105,Jake Cronenworth,SDP,30,,,,,0,0,0,0,0,0
2026,regular,2026-04-10,663968,Jake Mangum,PIT,30,,,,,0,0,0,0,0,0
2026,regular,2026-04-10,805300,Jakob Marsee,MIA,30,,,,,0,0,0,0,0,0
2026,regular,2026-04-10,543510,James McCann,ARI,30,,,,,0,0,0,0,0,0
2026,regular,2026-04-10,695578,James Wood,WSN,30,,,,,0,0,0,0,0,0
2026,regular,2026-04-10,676724,Jared Young,NYM,30,,,,,0,0,0,0,0,0
2026,regular,2026-04-10,680776,Jarren Duran,BOS,30,,,,,0,0,0,0,0,0
2026,regular,2026-04-10,595879,Javier Báez,DET,30,,,,,0,0,0,0,0,0
2026,regular,2026-04-10,691594,Javier Sanoja,MIA,30,,,,,0,0,0,0,0,0
2026,regular,2026-04-10,665862,Jazz Chisholm Jr.,NYY,30,,,,,0,0,0,0,0,0
2026,regular,2026-04-10,643446,Jeff McNeil,ATH,30,,,,,0,0,0,0,0,0
2026,regular,2026-04-10,669236,Jeremiah Jackson,BAL,30,,,,,0,0,0,0,0,0
2026,regular,2026-04-10,665161,Jeremy Peña,HOU,30,,,,,0,0,0,0,0,0
2026,regular,2026-04-10,660821,Jesús Sánchez,TOR,30,,,,,0,0,0,0,0,0
2026,regular,2026-04-10,802139,JJ Wetherholt,STL,30,,,,,0,0,0,0,0,0
2026,regular,2026-04-10,666176,Jo Adell,LAA,30,,,,,0,0,0,0,0,0
2026,regular,2026-04-10,592626,Joc Pederson,TEX,30,,,,,0,0,0,0,0,0
2026,regular,2026-04-10,663698,Joey Bart,PIT,30,,,,,0,0,0,0,0,0
2026,regular,2026-04-10,694388,Joey Loperfido,HOU,30,,,,,0,0,0,0,0,0
2026,regular,2026-04-10,686894,Joey Wiemer,WSN,30,,,,,0,0,0,0,0,0
2026,regular,2026-04-10,666018,Jonathan Aranda,TBR,30,,,,,0,0,0,0,0,0
2026,regular,2026-04-10,676356,Jonny DeLuca,TBR,30,,,,,0,0,0,0,0,0
2026,regular,2026-04-10,678391,Jorbit Vivas,WSN,30,,,,,0,0,0,0,0,0
2026,regular,2026-04-10,687597,Jordan Beck,COL,30,,,,,0,0,0,0,0,0
2026,regular,2026-04-10,691023,Jordan Walker,STL,30,,,,,0,0,0,0,0,0
2026,regular,2026-04-10,678489,Jorge Barrosa,ARI,30,,,,,0,0,0,0,0,0
2026,regular,2026-04-10,624585,Jorge Soler,LAA,30,,,,,0,0,0,0,0,0
2026,regular,2026-04-10,514888,Jose Altuve,HOU,30,,,,,0,0,0,0,0,0
2026,regular,2026-04-10,699912,Jose Fernandez,ARI,30,,,,,0,0,0,0,0,0
2026,regular,2026-04-10,605137,Josh Bell,MIN,30,,,,,0,0,0,0,0,0
2026,regular,2026-04-10,673962,Josh Jung,TEX,30,,,,,0,0,0,0,0,0
2026,regular,2026-04-10,666139,Josh Lowe,LAA,30,,,,,0,0,0,0,0,0
2026,regular,2026-04-10,647304,Josh Naylor,SEA,30,,,,,0,0,0,0,0,0
2026,regular,2026-04-10,669701,Josh Smith,TEX,30,,,,,0,0,0,0,0,0
2026,regular,2026-04-10,676609,José Caballero,NYY,30,,,,,0,0,0,0,0,0
2026,regular,2026-04-10,665877,José Fermín,STL,30,,,,,0,0,0,0,0,0
2026,regular,2026-04-10,608070,José Ramírez,CLE,30,,,,,0,0,0,0,0,0
2026,regular,2026-04-10,682877,Juan Brito,CLE,30,,,,,0,0,0,0,0,0
2026,regular,2026-04-10,677594,Julio Rodríguez,SEA,30,,,,,0,0,0,0,0,0
2026,regular,2026-04-10,808982,Jung Hoo Lee,SFG,30,,,,,0,0,0,0,0,0
2026,regular,2026-04-10,691406,Junior Caminero,TBR,30,,,,,0,0,0,0,0,0
2026,regular,2026-04-10,702222,Justin Crawford,PHI,30,,,,,0,0,0,0,0,0
2026,regular,2026-04-10,672960,Kazuma Okamoto,TOR,30,,,,,0,0,0,0,0,0
2026,regular,2026-04-10,663647,Ke'Bryan Hayes,CIN,30,,,,,0,0,0,0,0,0
2026,regular,2026-04-10,660688,Keibert Ruiz,WSN,30,,,,,0,0,0,0,0,0
2026,regular,2026-04-10,681481,Kerry Carpenter,DET,30,,,,,0,0,0,0,0,0
2026,regular,2026-04-10,606466,Ketel Marte,ARI,30,,,,,0,0,0,0,0,0
2026,regular,2026-04-10,805808,Kevin McGonigle,DET,30,,,,,0,0,0,0,0,0
2026,regular,2026-04-10,804606,Konnor Griffin,PIT,30,,,,,0,0,0,0,0,0
2026,regular,2026-04-10,664728,Kyle Isbel,KCR,30,,,,,0,0,0,0,0,0
2026,regular,2026-04-10,691720,Kyle Karros,COL,30,,,,,0,0,0,0,0,0
2026,regular,2026-04-10,700932,Kyle Manzardo,CLE,30,,,,,0,0,0,0,0,0
2026,regular,2026-04-10,656941,Kyle Schwarber,PHI,30,,,,,0,0,0,0,0,0
2026,regular,2026-04-10,663656,Kyle Tucker,LAD,30,,,,,0,0,0,0,0,0
2026,regular,2026-04-10,671732,Lawrence Butler,ATH,30,,,,,0,0,0,0,0,0
2026,regular,2026-04-10,672820,Lenyn Sosa,CHW,30,,,,,0,0,0,0,0,0
2026,regular,2026-04-10,660844,Leo Rivas,SEA,30,,,,,0,0,0,0,0,0
2026,regular,2026-04-10,665750,Leody Taveras,BAL,30,,,,,0,0,0,0,0,0
2026,regular,2026-04-10,689414,Liam Hicks,MIA,30,,,,,0,0,0,0,0,0
2026,regular,2026-04-10,681351,Logan O'Hoppe,LAA,30,,,,,0,0,0,0,0,0
2026,regular,2026-04-10,650333,Luis Arraez,SFG,30,,,,,0,0,0,0,0,0
2026,regular,2026-04-10,669134,Luis Campusano,SDP,30,,,,,0,0,0,0,0,0
2026,regular,2026-04-10,671277,Luis García Jr.,WSN,30,,,,,0,0,0,0,0,0
2026,regular,2026-04-10,650859,Luis Rengifo,MIL,30,,,,,0,0,0,0,0,0
2026,regular,2026-04-10,673357,Luis Robert Jr.,NYM,30,,,,,0,0,0,0,0,0
2026,regular,2026-04-10,682668,Luisangel Acuña,CHW,30,,,,,0,0,0,0,0,0
2026,regular,2026-04-10,807712,Luke Keaschall,MIN,30,,,,,0,0,0,0,0,0
2026,regular,2026-04-10,670042,Luke Raley,SEA,30,,,,,0,0,0,0,0,0
2026,regular,2026-04-10,672580,Maikel Garcia,KCR,30,,,,,0,0,0,0,0,0
2026,regular,2026-04-10,592518,Manny Machado,SDP,30,,,,,0,0,0,0,0,0
2026,regular,2026-04-10,542303,Marcell Ozuna,PIT,30,,,,,0,0,0,0,0,0
2026,regular,2026-04-10,691785,Marcelo Mayer,BOS,30,,,,,0,0,0,0,0,0
2026,regular,2026-04-10,543760,Marcus Semien,NYM,30,,,,,0,0,0,0,0,0
2026,regular,2026-04-10,807799,Masataka Yoshida,BOS,30,,,,,0,0,0,0,0,0
2026,regular,2026-04-10,691026,Masyn Winn,STL,30,,,,,0,0,0,0,0,0
2026,regular,2026-04-10,656305,Matt Chapman,SFG,30,,,,,0,0,0,0,0,0
2026,regular,2026-04-10,680574,Matt McLain,CIN,30,,,,,0,0,0,0,0,0
2026,regular,2026-04-10,621566,Matt Olson,ATL,30,,,,,0,0,0,0,0,0
2026,regular,2026-04-10,807713,Matt Shaw,CHC,30,,,,,0,0,0,0,0,0
2026,regular,2026-04-10,670242,Matt Wallner,MIN,30,,,,,0,0,0,0,0,0
2026,regular,2026-04-10,643289,Mauricio Dubón,ATL,30,,,,,0,0,0,0,0,0
2026,regular,2026-04-10,691777,Max Muncy,ATH,30,,,,,0,0,0,0,0,0
2026,regular,2026-04-10,571970,Max Muncy,LAD,30,,,,,0,0,0,0,0,0
2026,regular,2026-04-10,683737,Michael Busch,CHC,30,,,,,0,0,0,0,0,0
2026,regular,2026-04-10,671739,Michael Harris II,ATL,30,,,,,0,0,0,0,0,0
2026,regular,2026-04-10,686681,Michael Massey,KCR,30,,,,,0,0,0,0,0,0
2026,regular,2026-04-10,666160,Mickey Moniak,COL,30,,,,,0,0,0,0,0,0
2026,regular,2026-04-10,665804,Miguel Amaya,CHC,30,,,,,0,0,0,0,0,0
2026,regular,2026-04-10,609280,Miguel Andujar,SDP,30,,,,,0,0,0,0,0,0
2026,regular,2026-04-10,500743,Miguel Rojas,LAD,30,,,,,0,0,0,0,0,0
2026,regular,2026-04-10,678246,Miguel Vargas,CHW,30,,,,,0,0,0,0,0,0
2026,regular,2026-04-10,545361,Mike Trout,LAA,30,,,,,0,0,0,0,0,0
2026,regular,2026-04-10,573262,Mike Yastrzemski,ATL,30,,,,,0,0,0,0,0,0
2026,regular,2026-04-10,694208,Moisés Ballesteros,CHC,30,,,,,0,0,0,0,0,0
2026,regular,2026-04-10,808959,Munetaka Murakami,CHW,30,,,,,0,0,0,0,0,0
2026,regular,2026-04-10,664702,Myles Straw,TOR,30,,,,,0,0,0,0,0,0
2026,regular,2026-04-10,683083,Nasim Nuñez,WSN,30,,,,,0,0,0,0,0,0
2026,regular,2026-04-10,701675,Nathan Church,STL,30,,,,,0,0,0,0,0,0
2026,regular,2026-04-10,663993,Nathaniel Lowe,CIN,30,,,,,0,0,0,0,0,0
2026,regular,2026-04-10,663743,Nick Fortes,TBR,30,,,,,0,0,0,0,0,0
2026,regular,2026-04-10,693304,Nick Gonzales,PIT,30,,,,,0,0,0,0,0,0
2026,regular,2026-04-10,701762,Nick Kurtz,ATH,30,,,,,0,0,0,0,0,0
2026,regular,2026-04-10,694377,Nick Yorke,PIT,30,,,,,0,0,0,0,0,0
2026,regular,2026-04-10,663538,Nico Hoerner,CHC,30,,,,,0,0,0,0,0,0
2026,regular,2026-04-10,682622,Noelvi Marte,CIN,30,,,,,0,0,0,0,0,0
2026,regular,2026-04-10,571448,Nolan Arenado,ARI,30,,,,,0,0,0,0,0,0
2026,regular,2026-04-10,694384,Nolan Schanuel,LAA,30,,,,,0,0,0,0,0,0
2026,regular,2026-04-10,665833,Oneil Cruz,PIT,30,,,,,0,0,0,0,0,0
2026,regular,2026-04-10,672724,Oswald Peraza,LAA,30,,,,,0,0,0,0,0,0
2026,regular,2026-04-10,672640,Otto Lopez,MIA,30,,,,,0,0,0,0,0,0
2026,regular,2026-04-10,683357,Owen Caissie,MIA,30,,,,,0,0,0,0,0,0
2026,regular,2026-04-10,645277,Ozzie Albies,ATL,30,,,,,0,0,0,0,0,0
2026,regular,2026-04-10,672275,Patrick Bailey,SFG,30,,,,,0,0,0,0,0,0
2026,regular,2026-04-10,502671,Paul Goldschmidt,NYY,30,,,,,0,0,0,0,0,0
2026,regular,2026-04-10,686780,Pedro Pagés,STL,30,,,,,0,0,0,0,0,0
2026,regular,2026-04-10,624413,Pete Alonso,BAL,30,,,,,0,0,0,0,0,0
2026,regular,2026-04-10,691718,Pete Crow-Armstrong,CHC,30,,,,,0,0,0,0,0,0
2026,regular,2026-04-10,646240,Rafael Devers,SFG,30,,,,,0,0,0,0,0,0
2026,regular,2026-04-10,657656,Ramón Laureano,SDP,30,,,,,0,0,0,0,0,0
2026,regular,2026-04-10,602104,Ramón Urías,STL,30,,,,,0,0,0,0,0,0
2026,regular,2026-04-10,545341,Randal Grichuk,NYY,30,,,,,0,0,0,0,0,0
2026,regular,2026-04-10,668227,Randy Arozarena,SEA,30,,,,,0,0,0,0,0,0
2026,regular,2026-04-10,656555,Rhys Hoskins,CLE,30,,,,,0,0,0,0,0,0
2026,regular,2026-04-10,682985,Riley Greene,DET,30,,,,,0,0,0,0,0,0
2026,regular,2026-04-10,660670,Ronald Acuña Jr.,ATL,30,,,,,0,0,0,0,0,0
2026,regular,2026-04-10,677595,Ronny Mauricio,NYM,30,,,,,0,0,0,0,0,0
2026,regular,2026-04-10,680777,Ryan Jeffers,MIN,30,,,,,0,0,0,0,0,0
2026,regular,2026-04-10,663624,Ryan Mountcastle,BAL,30,,,,,0,0,0,0,0,0
2026,regular,2026-04-10,656811,Ryan O'Hearn,PIT,30,,,,,0,0,0,0,0,0
2026,regular,2026-04-10,686217,Sal Frelick,MIL,30,,,,,0,0,0,0,0,0
2026,regular,2026-04-10,701398,Sal Stewart,CIN,30,,,,,0,0,0,0,0,0
2026,regular,2026-04-10,521692,Salvador Perez,KCR,30,,,,,0,0,0,0,0,0
2026,regular,2026-04-10,664059,Sam Haggerty,TEX,30,,,,,0,0,0,0,0,0
2026,regular,2026-04-10,694212,Samuel Basallo,BAL,30,,,,,0,0,0,0,0,0
2026,regular,2026-04-10,669289,Santiago Espinal,LAD,30,,,,,0,0,0,0,0,0
2026,regular,2026-04-10,664068,Scott Kingery,CHC,30,,,,,0,0,0,0,0,0
2026,regular,2026-04-10,673548,Seiya Suzuki,CHC,30,,,,,0,0,0,0,0,0
2026,regular,2026-04-10,669127,Shea Langeliers,ATH,30,,,,,0,0,0,0,0,0
2026,regular,2026-04-10,660271,Shohei Ohtani,LAD,30,,,,,0,0,0,0,0,0
2026,regular,2026-04-10,668715,Spencer Steer,CIN,30,,,,,0,0,0,0,0,0
2026,regular,2026-04-10,679529,Spencer Torkelson,DET,30,,,,,0,0,0,0,0,0
2026,regular,2026-04-10,680757,Steven Kwan,CLE,30,,,,,0,0,0,0,0,0
2026,regular,2026-04-10,695020,Tanner Murray,CHW,30,,,,,0,0,0,0,0,0
2026,regular,2026-04-10,666211,Taylor Trammell,HOU,30,,,,,0,0,0,0,0,0
2026,regular,2026-04-10,670764,Taylor Walls,TBR,30,,,,,0,0,0,0,0,0
2026,regular,2026-04-10,621493,Taylor Ward,BAL,30,,,,,0,0,0,0,0,0
2026,regular,2026-04-10,606192,Teoscar Hernández,LAD,30,,,,,0,0,0,0,0,0
2026,regular,2026-04-10,695336,Thomas Saggese,STL,30,,,,,0,0,0,0,0,0
2026,regular,2026-04-10,694374,Tim Tawa,ARI,30,,,,,0,0,0,0,0,0
2026,regular,2026-04-10,670770,TJ Friedl,CIN,30,,,,,0,0,0,0,0,0
2026,regular,2026-04-10,681198,TJ Rumfield,COL,30,,,,,0,0,0,0,0,0
2026,regular,2026-04-10,607208,Trea Turner,PHI,30,,,,,0,0,0,0,0,0
2026,regular,2026-04-10,663757,Trent Grisham,NYY,30,,,,,0,0,0,0,0,0
2026,regular,2026-04-10,596115,Trevor Story,BOS,30,,,,,0,0,0,0,0,0
2026,regular,2026-04-10,656484,Tristan Gray,MIN,30,,,,,0,0,0,0,0,0
2026,regular,2026-04-10,671289,Tyler Freeman,COL,30,,,,,0,0,0,0,0,0
2026,regular,2026-04-10,691016,Tyler Soderstrom,ATH,30,,,,,0,0,0,0,0,0
2026,regular,2026-04-10,663886,Tyler Stephenson,CIN,30,,,,,0,0,0,0,0,0
2026,regular,2026-04-10,605170,Victor Caratini,MIN,30,,,,,0,0,0,0,0,0
2026,regular,2026-04-10,687363,Victor Scott II,STL,30,,,,,0,0,0,0,0,0
2026,regular,2026-04-10,686469,Vinnie Pasquantino,KCR,30,,,,,0,0,0,0,0,0
2026,regular,2026-04-10,665489,Vladimir Guerrero Jr.,TOR,30,,,,,0,0,0,0,0,0
2026,regular,2026-04-10,672761,Wenceel Pérez,DET,30,,,,,0,0,0,0,0,0
2026,regular,2026-04-10,666181,Will Benson,CIN,30,,,,,0,0,0,0,0,0
2026,regular,2026-04-10,669257,Will Smith,LAD,30,,,,,0,0,0,0,0,0
2026,regular,2026-04-10,650489,Willi Castro,COL,30,,,,,0,0,0,0,0,0
2026,regular,2026-04-10,661388,William Contreras,MIL,30,,,,,0,0,0,0,0,0
2026,regular,2026-04-10,575929,Willson Contreras,BOS,30,,,,,0,0,0,0,0,0
2026,regular,2026-04-10,642715,Willy Adames,SFG,30,,,,,0,0,0,0,0,0
2026,regular,2026-04-10,677800,Wilyer Abreu,BOS,30,,,,,0,0,0,0,0,0
2026,regular,2026-04-10,694671,Wyatt Langford,TEX,30,,,,,0,0,0,0,0,0
2026,regular,2026-04-10,593428,Xander Bogaerts,SDP,30,,,,,0,0,0,0,0,0
2026,regular,2026-04-10,669364,Xavier Edwards,MIA,30,,,,,0,0,0,0,0,0
2026,regular,2026-04-10,650490,Yandy Díaz,TBR,30,,,,,0,0,0,0,0,0
2026,regular,2026-04-10,670541,Yordan Alvarez,HOU,30,,,,,0,0,0,0,0,0
2026,regular,2026-04-10,660162,Yoán Moncada,LAA,30,,,,,0,0,0,0,0,0
2026,regular,2026-04-10,656716,Zach McKinstry,DET,30,,,,,0,0,0,0,0,0
2026,regular,2026-04-10,687263,Zach Neto,LAA,30,,,,,0,0,0,0,0,0
2026,regular,2026-04-10,680869,Zack Gelof,ATH,30,,,,,0,0,0,0,0,0
2026,regular,2026-04-11,592450,Aaron Judge,NYY,30,,,,,0,0,0,0,0,0
2026,regular,2026-04-11,624428,Adam Frazier,LAA,30,,,,,0,0,0,0,0,0
2026,regular,2026-04-11,666969,Adolis García,PHI,30,,,,,0,0,0,0,0,0
2026,regular,2026-04-11,680728,Adrian Del Castillo,ARI,30,,,,,0,0,0,0,0,0
2026,regular,2026-04-11,682663,Agustín Ramírez,MIA,30,,,,,0,0,0,0,0,0
2026,regular,2026-04-11,664761,Alec Bohm,PHI,30,,,,,0,0,0,0,0,0
2026,regular,2026-04-11,676475,Alec Burleson,STL,30,,,,,0,0,0,0,0,0
2026,regular,2026-04-11,677950,Alek Thomas,ARI,30,,,,,0,0,0,0,0,0
2026,regular,2026-04-11,608324,Alex Bregman,CHC,30,,,,,0,0,0,0,0,0
2026,regular,2026-04-11,690976,Alex Freeland,LAD,30,,,,,0,0,0,0,0,0
2026,regular,2026-04-11,642708,Amed Rosario,NYY,30,,,,,0,0,0,0,0,0
2026,regular,2026-04-11,643217,Andrew Benintendi,CHW,30,,,,,0,0,0,0,0,0
2026,regular,2026-04-11,457705,Andrew McCutchen,TEX,30,,,,,0,0,0,0,0,0
2026,regular,2026-04-11,665926,Andrés Giménez,TOR,30,,,,,0,0,0,0,0,0
2026,regular,2026-04-11,681624,Andy Pages,LAD,30,,,,,0,0,0,0,0,0
2026,regular,2026-04-11,682657,Angel Martínez,CLE,30,,,,,0,0,0,0,0,0
2026,regular,2026-04-11,595978,Austin Hedges,CLE,30,,,,,0,0,0,0,0,0
2026,regular,2026-04-11,668885,Austin Martin,MIN,30,,,,,0,0,0,0,0,0
2026,regular,2026-04-11,663586,Austin Riley,ATL,30,,,,,0,0,0,0,0,0
2026,regular,2026-04-11,669224,Austin Wells,NYY,30,,,,,0,0,0,0,0,0
2026,regular,2026-04-11,700250,Ben Rice,NYY,30,,,,,0,0,0,0,0,0
2026,regular,2026-04-11,810938,Ben Williamson,TBR,30,,,,,0,0,0,0,0,0
2026,regular,2026-04-11,695257,Billy Cook,PIT,30,,,,,0,0,0,0,0,0
2026,regular,2026-04-11,663368,Blake Perkins,MIL,30,,,,,0,0,0,0,0,0
2026,regular,2026-04-11,666182,Bo Bichette,NYM,30,,,,,0,0,0,0,0,0
2026,regular,2026-04-11,677951,Bobby Witt Jr.,KCR,30,,,,,0,0,0,0,0,0
2026,regular,2026-04-11,691781,Brady House,WSN,30,,,,,0,0,0,0,0,0
2026,regular,2026-04-11,663604,Brandon Lockridge,MIL,30,,,,,0,0,0,0,0,0
2026,regular,2026-04-11,664040,Brandon Lowe,PIT,30,,,,,0,0,0,0,0,0
2026,regular,2026-04-11,669016,Brandon Marsh,PHI,30,,,,,0,0,0,0,0,0
2026,regular,2026-04-11,607043,Brandon Nimmo,TEX,30,,,,,0,0,0,0,0,0
2026,regular,2026-04-11,678218,Brandon Valenzuela,TOR,30,,,,,0,0,0,0,0,0
2026,regular,2026-04-11,677587,Brayan Rocchio,CLE,30,,,,,0,0,0,0,0,0
2026,regular,2026-04-11,680977,Brendan Donovan,SEA,30,,,,,0,0,0,0,0,0
2026,regular,2026-04-11,683146,Brett Baty,NYM,30,,,,,0,0,0,0,0,0
2026,regular,2026-04-11,664954,Brett Sullivan,COL,30,,,,,0,0,0,0,0,0
2026,regular,2026-04-11,668930,Brice Turang,MIL,30,,,,,0,0,0,0,0,0
2026,regular,2026-04-11,686797,Brooks Lee,MIN,30,,,,,0,0,0,0,0,0
2026,regular,2026-04-11,668804,Bryan Reynolds,PIT,30,,,,,0,0,0,0,0,0
2026,regular,2026-04-11,547180,Bryce Harper,PHI,30,,,,,0,0,0,0,0,0
2026,regular,2026-04-11,669369,Bryce Johnson,SDP,30,,,,,0,0,0,0,0,0
2026,regular,2026-04-11,669326,Bryce Teodosio,LAA,30,,,,,0,0,0,0,0,0
2026,regular,2026-04-11,681082,Bryson Stott,PHI,30,,,,,0,0,0,0,0,0
2026,regular,2026-04-11,621439,Byron Buxton,MIN,30,,,,,0,0,0,0,0,0
2026,regular,2026-04-11,663728,Cal Raleigh,SEA,30,,,,,0,0,0,0,0,0
2026,regular,2026-04-11,702332,Caleb Durbin,BOS,30,,,,,0,0,0,0,0,0
2026,regular,2026-04-11,701358,Cam Smith,HOU,30,,,,,0,0,0,0,0,0
2026,regular,2026-04-11,621043,Carlos Correa,HOU,30,,,,,0,0,0,0,0,0
2026,regular,2026-04-11,666126,Carlos Cortes,ATH,30,,,,,0,0,0,0,0,0
2026,regular,2026-04-11,665966,Carlos Narváez,BOS,30,,,,,0,0,0,0,0,0
2026,regular,2026-04-11,701807,Carson Benge,NYM,30,,,,,0,0,0,0,0,0
2026,regular,2026-04-11,608348,Carson Kelly,CHC,30,,,,,0,0,0,0,0,0
2026,regular,2026-04-11,695600,Carter Jensen,KCR,30,,,,,0,0,0,0,0,0
2026,regular,2026-04-11,669477,Casey Schmitt,SFG,30,,,,,0,0,0,0,0,0
2026,regular,2026-04-11,678882,Ceddanne Rafaela,BOS,30,,,,,0,0,0,0,0,0
2026,regular,2026-04-11,656775,Cedric Mullins,TBR,30,,,,,0,0,0,0,0,0
2026,regular,2026-04-11,802415,Chandler Simpson,TBR,30,,,,,0,0,0,0,0,0
2026,regular,2026-04-11,800050,Chase DeLauter,CLE,30,,,,,0,0,0,0,0,0
2026,regular,2026-04-11,805367,Chase Meidroth,CHW,30,,,,,0,0,0,0,0,0
2026,regular,2026-04-11,683766,Christian Koss,SFG,30,,,,,0,0,0,0,0,0
2026,regular,2026-04-11,572233,Christian Walker,HOU,30,,,,,0,0,0,0,0,0
2026,regular,2026-04-11,592885,Christian Yelich,MIL,30,,,,,0,0,0,0,0,0
2026,regular,2026-04-11,682928,CJ Abrams,WSN,30,,,,,0,0,0,0,0,0
2026,regular,2026-04-11,691723,Coby Mayo,BAL,30,,,,,0,0,0,0,0,0
2026,regular,2026-04-11,641355,Cody Bellinger,NYY,30,,,,,0,0,0,0,0,0
2026,regular,2026-04-11,702284,Cole Young,SEA,30,,,,,0,0,0,0,0,0
2026,regular,2026-04-11,695657,Colson Montgomery,CHW,30,,,,,0,0,0,0,0,0
2026,regular,2026-04-11,690993,Colt Keith,DET,30,,,,,0,0,0,0,0,0
2026,regular,2026-04-11,681297,Colton Cowser,BAL,30,,,,,0,0,0,0,0,0
2026,regular,2026-04-11,681393,Connor Norby,MIA,30,,,,,0,0,0,0,0,0
2026,regular,2026-04-11,682998,Corbin Carroll,ARI,30,,,,,0,0,0,0,0,0
2026,regular,2026-04-11,608369,Corey Seager,TEX,30,,,,,0,0,0,0,0,0
2026,regular,2026-04-11,678554,Curtis Mead,WSN,30,,,,,0,0,0,0,0,0
2026,regular,2026-04-11,667472,Dane Myers,CIN,30,,,,,0,0,0,0,0,0
2026,regular,2026-04-11,682177,Daniel Schneemann,CLE,30,,,,,0,0,0,0,0,0
2026,regular,2026-04-11,691740,Daniel Susac,SFG,30,,,,,0,0,0,0,0,0
2026,regular,2026-04-11,643376,Danny Jansen,TEX,30,,,,,0,0,0,0,0,0
2026,regular,2026-04-11,621020,Dansby Swanson,CHC,30,,,,,0,0,0,0,0,0
2026,regular,2026-04-11,687231,Darell Hernaiz,ATH,30,,,,,0,0,0,0,0,0
2026,regular,2026-04-11,662139,Daulton Varsho,TOR,30,,,,,0,0,0,0,0,0
2026,regular,2026-04-11,681807,David Fry,CLE,30,,,,,0,0,0,0,0,0
2026,regular,2026-04-11,676914,Davis Schneider,TOR,30,,,,,0,0,0,0,0,0
2026,regular,2026-04-11,695734,Daylen Lile,WSN,30,,,,,0,0,0,0,0,0
2026,regular,2026-04-11,672016,Denzel Clarke,ATH,30,,,,,0,0,0,0,0,0
2026,regular,2026-04-11,693307,Dillon Dingler,DET,30,,,,,0,0,0,0,0,0
2026,regular,2026-04-11,686527,Dominic Canzone,SEA,30,,,,,0,0,0,0,0,0
2026,regular,2026-04-11,642086,Dominic Smith,ATL,30,,,,,0,0,0,0,0,0
2026,regular,2026-04-11,686948,Drake Baldwin,ATL,30,,,,,0,0,0,0,0,0
2026,regular,2026-04-11,686452,Drew Millas,WSN,30,,,,,0,0,0,0,0,0
2026,regular,2026-04-11,687957,Dustin Harris,CHW,30,,,,,0,0,0,0,0,0
2026,regular,2026-04-11,687637,Dylan Beavers,BAL,30,,,,,0,0,0,0,0,0
2026,regular,2026-04-11,666397,Edouard Julien,COL,30,,,,,0,0,0,0,0,0
2026,regular,2026-04-11,682829,Elly De La Cruz,CIN,30,,,,,0,0,0,0,0,0
2026,regular,2026-04-11,676391,Ernie Clement,TOR,30,,,,,0,0,0,0,0,0
2026,regular,2026-04-11,553993,Eugenio Suárez,CIN,30,,,,,0,0,0,0,0,0
2026,regular,2026-04-11,694497,Evan Carter,TEX,30,,,,,0,0,0,0,0,0
2026,regular,2026-04-11,677649,Ezequiel Duran,TEX,30,,,,,0,0,0,0,0,0
2026,regular,2026-04-11,678662,Ezequiel Tovar,COL,30,,,,,0,0,0,0,0,0
2026,regular,2026-04-11,665487,Fernando Tatis Jr.,SDP,30,,,,,0,0,0,0,0,0
2026,regular,2026-04-11,682626,Francisco Alvarez,NYM,30,,,,,0,0,0,0,0,0
2026,regular,2026-04-11,596019,Francisco Lindor,NYM,30,,,,,0,0,0,0,0,0
2026,regular,2026-04-11,518692,Freddie Freeman,LAD,30,,,,,0,0,0,0,0,0
2026,regular,2026-04-11,666023,Freddy Fermin,SDP,30,,,,,0,0,0,0,0,0
2026,regular,2026-04-11,669003,Garrett Mitchell,MIL,30,,,,,0,0,0,0,0,0
2026,regular,2026-04-11,596142,Gary Sánchez,MIL,30,,,,,0,0,0,0,0,0
2026,regular,2026-04-11,657757,Gavin Sheets,SDP,30,,,,,0,0,0,0,0,0
2026,regular,2026-04-11,543807,George Springer,TOR,30,,,,,0,0,0,0,0,0
2026,regular,2026-04-11,672695,Geraldo Perdomo,ARI,30,,,,,0,0,0,0,0,0
2026,regular,2026-04-11,519317,Giancarlo Stanton,NYY,30,,,,,0,0,0,0,0,0
2026,regular,2026-04-11,688363,Graham Pauley,MIA,30,,,,,0,0,0,0,0,0
2026,regular,2026-04-11,683002,Gunnar Henderson,BAL,30,,,,,0,0,0,0,0,0
2026,regular,2026-04-11,664056,Harrison Bader,SFG,30,,,,,0,0,0,0,0,0
2026,regular,2026-04-11,671218,Heliot Ramos,SFG,30,,,,,0,0,0,0,0,0
2026,regular,2026-04-11,680779,Henry Davis,PIT,30,,,,,0,0,0,0,0,0
2026,regular,2026-04-11,681715,Heriberto Hernández,MIA,30,,,,,0,0,0,0,0,0
2026,regular,2026-04-11,676439,Hunter Feduccia,TBR,30,,,,,0,0,0,0,0,0
2026,regular,2026-04-11,696100,Hunter Goodman,COL,30,,,,,0,0,0,0,0,0
2026,regular,2026-04-11,808975,Hyeseong Kim,LAD,30,,,,,0,0,0,0,0,0
2026,regular,2026-04-11,664023,Ian Happ,CHC,30,,,,,0,0,0,0,0,0
2026,regular,2026-04-11,670623,Isaac Paredes,HOU,30,,,,,0,0,0,0,0,0
2026,regular,2026-04-11,671056,Iván Herrera,STL,30,,,,,0,0,0,0,0,0
2026,regular,2026-04-11,641487,J.P. Crawford,SEA,30,,,,,0,0,0,0,0,0
2026,regular,2026-04-11,592663,J.T. Realmuto,PHI,30,,,,,0,0,0,0,0,0
2026,regular,2026-04-11,695506,Jac Caglianone,KCR,30,,,,,0,0,0,0,0,0
2026,regular,2026-04-11,701538,Jackson Merrill,SDP,30,,,,,0,0,0,0,0,0
2026,regular,2026-04-11,805779,Jacob Wilson,ATH,30,,,,,0,0,0,0,0,0
2026,regular,2026-04-11,696285,Jacob Young,WSN,30,,,,,0,0,0,0,0,0
2026,regular,2026-04-11,641343,Jake Bauers,MIL,30,,,,,0,0,0,0,0,0
2026,regular,2026-04-11,669394,Jake Burger,TEX,30,,,,,0,0,0,0,0,0
2026,regular,2026-04-11,630105,Jake Cronenworth,SDP,30,,,,,0,0,0,0,0,0
2026,regular,2026-04-11,663968,Jake Mangum,PIT,30,,,,,0,0,0,0,0,0
2026,regular,2026-04-11,664983,Jake McCarthy,COL,30,,,,,0,0,0,0,0,0
2026,regular,2026-04-11,805300,Jakob Marsee,MIA,30,,,,,0,0,0,0,0,0
2026,regular,2026-04-11,681546,James Outman,MIN,30,,,,,0,0,0,0,0,0
2026,regular,2026-04-11,695578,James Wood,WSN,30,,,,,0,0,0,0,0,0
2026,regular,2026-04-11,680776,Jarren Duran,BOS,30,,,,,0,0,0,0,0,0
2026,regular,2026-04-11,665862,Jazz Chisholm Jr.,NYY,30,,,,,0,0,0,0,0,0
2026,regular,2026-04-11,643446,Jeff McNeil,ATH,30,,,,,0,0,0,0,0,0
2026,regular,2026-04-11,669236,Jeremiah Jackson,BAL,30,,,,,0,0,0,0,0,0
2026,regular,2026-04-11,665161,Jeremy Peña,HOU,30,,,,,0,0,0,0,0,0
2026,regular,2026-04-11,660821,Jesús Sánchez,TOR,30,,,,,0,0,0,0,0,0
2026,regular,2026-04-11,802139,JJ Wetherholt,STL,30,,,,,0,0,0,0,0,0
2026,regular,2026-04-11,666176,Jo Adell,LAA,30,,,,,0,0,0,0,0,0
2026,regular,2026-04-11,592626,Joc Pederson,TEX,30,,,,,0,0,0,0,0,0
2026,regular,2026-04-11,663698,Joey Bart,PIT,30,,,,,0,0,0,0,0,0
2026,regular,2026-04-11,694388,Joey Loperfido,HOU,30,,,,,0,0,0,0,0,0
2026,regular,2026-04-11,687401,Joey Ortiz,MIL,30,,,,,0,0,0,0,0,0
2026,regular,2026-04-11,686894,Joey Wiemer,WSN,30,,,,,0,0,0,0,0,0
2026,regular,2026-04-11,641680,Jonah Heim,ATL,30,,,,,0,0,0,0,0,0
2026,regular,2026-04-11,666018,Jonathan Aranda,TBR,30,,,,,0,0,0,0,0,0
2026,regular,2026-04-11,663697,Jonathan India,KCR,30,,,,,0,0,0,0,0,0
2026,regular,2026-04-11,676356,Jonny DeLuca,TBR,30,,,,,0,0,0,0,0,0
2026,regular,2026-04-11,687597,Jordan Beck,COL,30,,,,,0,0,0,0,0,0
2026,regular,2026-04-11,691023,Jordan Walker,STL,30,,,,,0,0,0,0,0,0
2026,regular,2026-04-11,678489,Jorge Barrosa,ARI,30,,,,,0,0,0,0,0,0
2026,regular,2026-04-11,622761,Jorge Mateo,ATL,30,,,,,0,0,0,0,0,0
2026,regular,2026-04-11,593871,Jorge Polanco,NYM,30,,,,,0,0,0,0,0,0
2026,regular,2026-04-11,624585,Jorge Soler,LAA,30,,,,,0,0,0,0,0,0
2026,regular,2026-04-11,514888,Jose Altuve,HOU,30,,,,,0,0,0,0,0,0
2026,regular,2026-04-11,699912,Jose Fernandez,ARI,30,,,,,0,0,0,0,0,0
2026,regular,2026-04-11,605137,Josh Bell,MIN,30,,,,,0,0,0,0,0,0
2026,regular,2026-04-11,673962,Josh Jung,TEX,30,,,,,0,0,0,0,0,0
2026,regular,2026-04-11,647304,Josh Naylor,SEA,30,,,,,0,0,0,0,0,0
2026,regular,2026-04-11,669701,Josh Smith,TEX,30,,,,,0,0,0,0,0,0
2026,regular,2026-04-11,676609,José Caballero,NYY,30,,,,,0,0,0,0,0,0
2026,regular,2026-04-11,665877,José Fermín,STL,30,,,,,0,0,0,0,0,0
2026,regular,2026-04-11,608070,José Ramírez,CLE,30,,,,,0,0,0,0,0,0
2026,regular,2026-04-11,677588,José Tena,WSN,30,,,,,0,0,0,0,0,0
2026,regular,2026-04-11,682877,Juan Brito,CLE,30,,,,,0,0,0,0,0,0
2026,regular,2026-04-11,677594,Julio Rodríguez,SEA,30,,,,,0,0,0,0,0,0
2026,regular,2026-04-11,808982,Jung Hoo Lee,SFG,30,,,,,0,0,0,0,0,0
2026,regular,2026-04-11,691406,Junior Caminero,TBR,30,,,,,0,0,0,0,0,0
2026,regular,2026-04-11,702222,Justin Crawford,PHI,30,,,,,0,0,0,0,0,0
2026,regular,2026-04-11,663647,Ke'Bryan Hayes,CIN,30,,,,,0,0,0,0,0,0
2026,regular,2026-04-11,660688,Keibert Ruiz,WSN,30,,,,,0,0,0,0,0,0
2026,regular,2026-04-11,681481,Kerry Carpenter,DET,30,,,,,0,0,0,0,0,0
2026,regular,2026-04-11,606466,Ketel Marte,ARI,30,,,,,0,0,0,0,0,0
2026,regular,2026-04-11,805808,Kevin McGonigle,DET,30,,,,,0,0,0,0,0,0
2026,regular,2026-04-11,804606,Konnor Griffin,PIT,30,,,,,0,0,0,0,0,0
2026,regular,2026-04-11,543309,Kyle Higashioka,TEX,30,,,,,0,0,0,0,0,0
2026,regular,2026-04-11,664728,Kyle Isbel,KCR,30,,,,,0,0,0,0,0,0
2026,regular,2026-04-11,691720,Kyle Karros,COL,30,,,,,0,0,0,0,0,0
2026,regular,2026-04-11,656941,Kyle Schwarber,PHI,30,,,,,0,0,0,0,0,0
2026,regular,2026-04-11,663656,Kyle Tucker,LAD,30,,,,,0,0,0,0,0,0
2026,regular,2026-04-11,657041,Lane Thomas,KCR,30,,,,,0,0,0,0,0,0
2026,regular,2026-04-11,671732,Lawrence Butler,ATH,30,,,,,0,0,0,0,0,0
2026,regular,2026-04-11,672820,Lenyn Sosa,CHW,30,,,,,0,0,0,0,0,0
2026,regular,2026-04-11,660844,Leo Rivas,SEA,30,,,,,0,0,0,0,0,0
2026,regular,2026-04-11,665750,Leody Taveras,BAL,30,,,,,0,0,0,0,0,0
2026,regular,2026-04-11,689414,Liam Hicks,MIA,30,,,,,0,0,0,0,0,0
2026,regular,2026-04-11,681351,Logan O'Hoppe,LAA,30,,,,,0,0,0,0,0,0
2026,regular,2026-04-11,650333,Luis Arraez,SFG,30,,,,,0,0,0,0,0,0
2026,regular,2026-04-11,650859,Luis Rengifo,MIL,30,,,,,0,0,0,0,0,0
2026,regular,2026-04-11,673357,Luis Robert Jr.,NYM,30,,,,,0,0,0,0,0,0
2026,regular,2026-04-11,807712,Luke Keaschall,MIN,30,,,,,0,0,0,0,0,0
2026,regular,2026-04-11,670042,Luke Raley,SEA,30,,,,,0,0,0,0,0,0
2026,regular,2026-04-11,663897,Luke Williams,ATL,30,,,,,0,0,0,0,0,0
2026,regular,2026-04-11,672580,Maikel Garcia,KCR,30,,,,,0,0,0,0,0,0
2026,regular,2026-04-11,592518,Manny Machado,SDP,30,,,,,0,0,0,0,0,0
2026,regular,2026-04-11,542303,Marcell Ozuna,PIT,30,,,,,0,0,0,0,0,0
2026,regular,2026-04-11,691785,Marcelo Mayer,BOS,30,,,,,0,0,0,0,0,0
2026,regular,2026-04-11,543760,Marcus Semien,NYM,30,,,,,0,0,0,0,0,0
2026,regular,2026-04-11,668901,Mark Vientos,NYM,30,,,,,0,0,0,0,0,0
2026,regular,2026-04-11,656305,Matt Chapman,SFG,30,,,,,0,0,0,0,0,0
2026,regular,2026-04-11,680574,Matt McLain,CIN,30,,,,,0,0,0,0,0,0
2026,regular,2026-04-11,621566,Matt Olson,ATL,30,,,,,0,0,0,0,0,0
2026,regular,2026-04-11,807713,Matt Shaw,CHC,30,,,,,0,0,0,0,0,0
2026,regular,2026-04-11,663837,Matt Vierling,DET,30,,,,,0,0,0,0,0,0
2026,regular,2026-04-11,643289,Mauricio Dubón,ATL,30,,,,,0,0,0,0,0,0
2026,regular,2026-04-11,691777,Max Muncy,ATH,30,,,,,0,0,0,0,0,0
2026,regular,2026-04-11,571970,Max Muncy,LAD,30,,,,,0,0,0,0,0,0
2026,regular,2026-04-11,683737,Michael Busch,CHC,30,,,,,0,0,0,0,0,0
2026,regular,2026-04-11,624424,Michael Conforto,CHC,30,,,,,0,0,0,0,0,0
2026,regular,2026-04-11,686681,Michael Massey,KCR,30,,,,,0,0,0,0,0,0
2026,regular,2026-04-11,666160,Mickey Moniak,COL,30,,,,,0,0,0,0,0,0
2026,regular,2026-04-11,665804,Miguel Amaya,CHC,30,,,,,0,0,0,0,0,0
2026,regular,2026-04-11,609280,Miguel Andujar,SDP,30,,,,,0,0,0,0,0,0
2026,regular,2026-04-11,545361,Mike Trout,LAA,30,,,,,0,0,0,0,0,0
2026,regular,2026-04-11,573262,Mike Yastrzemski,ATL,30,,,,,0,0,0,0,0,0
2026,regular,2026-04-11,694208,Moisés Ballesteros,CHC,30,,,,,0,0,0,0,0,0
2026,regular,2026-04-11,808959,Munetaka Murakami,CHW,30,,,,,0,0,0,0,0,0
2026,regular,2026-04-11,664702,Myles Straw,TOR,30,,,,,0,0,0,0,0,0
2026,regular,2026-04-11,683083,Nasim Nuñez,WSN,30,,,,,0,0,0,0,0,0
2026,regular,2026-04-11,701675,Nathan Church,STL,30,,,,,0,0,0,0,0,0
2026,regular,2026-04-11,664770,Nathan Lukes,TOR,30,,,,,0,0,0,0,0,0
2026,regular,2026-04-11,663993,Nathaniel Lowe,CIN,30,,,,,0,0,0,0,0,0
2026,regular,2026-04-11,669397,Nick Allen,HOU,30,,,,,0,0,0,0,0,0
2026,regular,2026-04-11,592206,Nick Castellanos,SDP,30,,,,,0,0,0,0,0,0
2026,regular,2026-04-11,663743,Nick Fortes,TBR,30,,,,,0,0,0,0,0,0
2026,regular,2026-04-11,693304,Nick Gonzales,PIT,30,,,,,0,0,0,0,0,0
2026,regular,2026-04-11,701762,Nick Kurtz,ATH,30,,,,,0,0,0,0,0,0
2026,regular,2026-04-11,694377,Nick Yorke,PIT,30,,,,,0,0,0,0,0,0
2026,regular,2026-04-11,663538,Nico Hoerner,CHC,30,,,,,0,0,0,0,0,0
2026,regular,2026-04-11,682622,Noelvi Marte,CIN,30,,,,,0,0,0,0,0,0
2026,regular,2026-04-11,571448,Nolan Arenado,ARI,30,,,,,0,0,0,0,0,0
2026,regular,2026-04-11,669357,Nolan Gorman,STL,30,,,,,0,0,0,0,0,0
2026,regular,2026-04-11,694384,Nolan Schanuel,LAA,30,,,,,0,0,0,0,0,0
2026,regular,2026-04-11,665833,Oneil Cruz,PIT,30,,,,,0,0,0,0,0,0
2026,regular,2026-04-11,672640,Otto Lopez,MIA,30,,,,,0,0,0,0,0,0
2026,regular,2026-04-11,683357,Owen Caissie,MIA,30,,,,,0,0,0,0,0,0
2026,regular,2026-04-11,645277,Ozzie Albies,ATL,30,,,,,0,0,0,0,0,0
2026,regular,2026-04-11,672275,Patrick Bailey,SFG,30,,,,,0,0,0,0,0,0
2026,regular,2026-04-11,686780,Pedro Pagés,STL,30,,,,,0,0,0,0,0,0
2026,regular,2026-04-11,624413,Pete Alonso,BAL,30,,,,,0,0,0,0,0,0
2026,regular,2026-04-11,691718,Pete Crow-Armstrong,CHC,30,,,,,0,0,0,0,0,0
2026,regular,2026-04-11,646240,Rafael Devers,SFG,30,,,,,0,0,0,0,0,0
2026,regular,2026-04-11,657656,Ramón Laureano,SDP,30,,,,,0,0,0,0,0,0
2026,regular,2026-04-11,602104,Ramón Urías,STL,30,,,,,0,0,0,0,0,0
2026,regular,2026-04-11,545341,Randal Grichuk,NYY,30,,,,,0,0,0,0,0,0
2026,regular,2026-04-11,668227,Randy Arozarena,SEA,30,,,,,0,0,0,0,0,0
2026,regular,2026-04-11,624512,Reese McGuire,CHW,30,,,,,0,0,0,0,0,0
2026,regular,2026-04-11,656555,Rhys Hoskins,CLE,30,,,,,0,0,0,0,0,0
2026,regular,2026-04-11,682985,Riley Greene,DET,30,,,,,0,0,0,0,0,0
2026,regular,2026-04-11,608701,Rob Refsnyder,SEA,30,,,,,0,0,0,0,0,0
2026,regular,2026-04-11,701350,Roman Anthony,BOS,30,,,,,0,0,0,0,0,0
2026,regular,2026-04-11,660670,Ronald Acuña Jr.,ATL,30,,,,,0,0,0,0,0,0
2026,regular,2026-04-11,680777,Ryan Jeffers,MIN,30,,,,,0,0,0,0,0,0
2026,regular,2026-04-11,668952,Ryan Kreidler,MIN,30,,,,,0,0,0,0,0,0
2026,regular,2026-04-11,641857,Ryan McMahon,NYY,30,,,,,0,0,0,0,0,0
2026,regular,2026-04-11,663624,Ryan Mountcastle,BAL,30,,,,,0,0,0,0,0,0
2026,regular,2026-04-11,656811,Ryan O'Hearn,PIT,30,,,,,0,0,0,0,0,0
2026,regular,2026-04-11,668723,Ryan Vilade,TBR,30,,,,,0,0,0,0,0,0
2026,regular,2026-04-11,686217,Sal Frelick,MIL,30,,,,,0,0,0,0,0,0
2026,regular,2026-04-11,701398,Sal Stewart,CIN,30,,,,,0,0,0,0,0,0
2026,regular,2026-04-11,521692,Salvador Perez,KCR,30,,,,,0,0,0,0,0,0
2026,regular,2026-04-11,664059,Sam Haggerty,TEX,30,,,,,0,0,0,0,0,0
2026,regular,2026-04-11,694212,Samuel Basallo,BAL,30,,,,,0,0,0,0,0,0
2026,regular,2026-04-11,673548,Seiya Suzuki,CHC,30,,,,,0,0,0,0,0,0
2026,regular,2026-04-11,669127,Shea Langeliers,ATH,30,,,,,0,0,0,0,0,0
2026,regular,2026-04-11,660271,Shohei Ohtani,LAD,30,,,,,0,0,0,0,0,0
2026,regular,2026-04-11,687462,Spencer Horwitz,PIT,30,,,,,0,0,0,0,0,0
2026,regular,2026-04-11,668715,Spencer Steer,CIN,30,,,,,0,0,0,0,0,0
2026,regular,2026-04-11,679529,Spencer Torkelson,DET,30,,,,,0,0,0,0,0,0
2026,regular,2026-04-11,680757,Steven Kwan,CLE,30,,,,,0,0,0,0,0,0
2026,regular,2026-04-11,695020,Tanner Murray,CHW,30,,,,,0,0,0,0,0,0
2026,regular,2026-04-11,666211,Taylor Trammell,HOU,30,,,,,0,0,0,0,0,0
2026,regular,2026-04-11,670764,Taylor Walls,TBR,30,,,,,0,0,0,0,0,0
2026,regular,2026-04-11,621493,Taylor Ward,BAL,30,,,,,0,0,0,0,0,0
2026,regular,2026-04-11,606192,Teoscar Hernández,LAD,30,,,,,0,0,0,0,0,0
2026,regular,2026-04-11,695336,Thomas Saggese,STL,30,,,,,0,0,0,0,0,0
2026,regular,2026-04-11,694374,Tim Tawa,ARI,30,,,,,0,0,0,0,0,0
2026,regular,2026-04-11,670770,TJ Friedl,CIN,30,,,,,0,0,0,0,0,0
2026,regular,2026-04-11,681198,TJ Rumfield,COL,30,,,,,0,0,0,0,0,0
2026,regular,2026-04-11,607208,Trea Turner,PHI,30,,,,,0,0,0,0,0,0
2026,regular,2026-04-11,663757,Trent Grisham,NYY,30,,,,,0,0,0,0,0,0
2026,regular,2026-04-11,663616,Trevor Larnach,MIN,30,,,,,0,0,0,0,0,0
2026,regular,2026-04-11,596115,Trevor Story,BOS,30,,,,,0,0,0,0,0,0
2026,regular,2026-04-11,671976,Tristan Peters,CHW,30,,,,,0,0,0,0,0,0
2026,regular,2026-04-11,687859,Troy Johnston,COL,30,,,,,0,0,0,0,0,0
2026,regular,2026-04-11,671289,Tyler Freeman,COL,30,,,,,0,0,0,0,0,0
2026,regular,2026-04-11,691016,Tyler Soderstrom,ATH,30,,,,,0,0,0,0,0,0
2026,regular,2026-04-11,663886,Tyler Stephenson,CIN,30,,,,,0,0,0,0,0,0
2026,regular,2026-04-11,621438,Tyrone Taylor,NYM,30,,,,,0,0,0,0,0,0
2026,regular,2026-04-11,687093,Vaughn Grissom,LAA,30,,,,,0,0,0,0,0,0
2026,regular,2026-04-11,605170,Victor Caratini,MIN,30,,,,,0,0,0,0,0,0
2026,regular,2026-04-11,687363,Victor Scott II,STL,30,,,,,0,0,0,0,0,0
2026,regular,2026-04-11,686469,Vinnie Pasquantino,KCR,30,,,,,0,0,0,0,0,0
2026,regular,2026-04-11,665489,Vladimir Guerrero Jr.,TOR,30,,,,,0,0,0,0,0,0
2026,regular,2026-04-11,672761,Wenceel Pérez,DET,30,,,,,0,0,0,0,0,0
2026,regular,2026-04-11,669257,Will Smith,LAD,30,,,,,0,0,0,0,0,0
2026,regular,2026-04-11,650489,Willi Castro,COL,30,,,,,0,0,0,0,0,0
2026,regular,2026-04-11,661388,William Contreras,MIL,30,,,,,0,0,0,0,0,0
2026,regular,2026-04-11,575929,Willson Contreras,BOS,30,,,,,0,0,0,0,0,0
2026,regular,2026-04-11,642715,Willy Adames,SFG,30,,,,,0,0,0,0,0,0
2026,regular,2026-04-11,677800,Wilyer Abreu,BOS,30,,,,,0,0,0,0,0,0
2026,regular,2026-04-11,669364,Xavier Edwards,MIA,30,,,,,0,0,0,0,0,0
2026,regular,2026-04-11,673237,Yainer Diaz,HOU,30,,,,,0,0,0,0,0,0
2026,regular,2026-04-11,650490,Yandy Díaz,TBR,30,,,,,0,0,0,0,0,0
2026,regular,2026-04-11,650968,Yohel Pozo,STL,30,,,,,0,0,0,0,0,0
2026,regular,2026-04-11,670541,Yordan Alvarez,HOU,30,,,,,0,0,0,0,0,0
2026,regular,2026-04-11,660162,Yoán Moncada,LAA,30,,,,,0,0,0,0,0,0
2026,regular,2026-04-11,656716,Zach McKinstry,DET,30,,,,,0,0,0,0,0,0
2026,regular,2026-04-11,687263,Zach Neto,LAA,30,,,,,0,0,0,0,0,0
2026,regular,2026-04-12,592450,Aaron Judge,NYY,30,,,,,0,0,0,0,0,0
2026,regular,2026-04-12,666969,Adolis García,PHI,30,,,,,0,0,0,0,0,0
2026,regular,2026-04-12,680728,Adrian Del Castillo,ARI,30,,,,,0,0,0,0,0,0
2026,regular,2026-04-12,682663,Agustín Ramírez,MIA,30,,,,,0,0,0,0,0,0
2026,regular,2026-04-12,664761,Alec Bohm,PHI,30,,,,,0,0,0,0,0,0
2026,regular,2026-04-12,676475,Alec Burleson,STL,30,,,,,0,0,0,0,0,0
2026,regular,2026-04-12,677950,Alek Thomas,ARI,30,,,,,0,0,0,0,0,0
2026,regular,2026-04-12,608324,Alex Bregman,CHC,30,,,,,0,0,0,0,0,0
2026,regular,2026-04-12,669743,Alex Call,LAD,30,,,,,0,0,0,0,0,0
2026,regular,2026-04-12,690976,Alex Freeland,LAD,30,,,,,0,0,0,0,0,0
2026,regular,2026-04-12,642708,Amed Rosario,NYY,30,,,,,0,0,0,0,0,0
2026,regular,2026-04-12,643217,Andrew Benintendi,CHW,30,,,,,0,0,0,0,0,0
2026,regular,2026-04-12,665926,Andrés Giménez,TOR,30,,,,,0,0,0,0,0,0
2026,regular,2026-04-12,628451,Andy Ibáñez,ATH,30,,,,,0,0,0,0,0,0
2026,regular,2026-04-12,681624,Andy Pages,LAD,30,,,,,0,0,0,0,0,0
2026,regular,2026-04-12,682657,Angel Martínez,CLE,30,,,,,0,0,0,0,0,0
2026,regular,2026-04-12,668885,Austin Martin,MIN,30,,,,,0,0,0,0,0,0
2026,regular,2026-04-12,663586,Austin Riley,ATL,30,,,,,0,0,0,0,0,0
2026,regular,2026-04-12,596103,Austin Slater,MIA,30,,,,,0,0,0,0,0,0
2026,regular,2026-04-12,669224,Austin Wells,NYY,30,,,,,0,0,0,0,0,0
2026,regular,2026-04-12,700250,Ben Rice,NYY,30,,,,,0,0,0,0,0,0
2026,regular,2026-04-12,810938,Ben Williamson,TBR,30,,,,,0,0,0,0,0,0
2026,regular,2026-04-12,695257,Billy Cook,PIT,30,,,,,0,0,0,0,0,0
2026,regular,2026-04-12,666182,Bo Bichette,NYM,30,,,,,0,0,0,0,0,0
2026,regular,2026-04-12,666310,Bo Naylor,CLE,30,,,,,0,0,0,0,0,0
2026,regular,2026-04-12,677951,Bobby Witt Jr.,KCR,30,,,,,0,0,0,0,0,0
2026,regular,2026-04-12,691781,Brady House,WSN,30,,,,,0,0,0,0,0,0
2026,regular,2026-04-12,663604,Brandon Lockridge,MIL,30,,,,,0,0,0,0,0,0
2026,regular,2026-04-12,664040,Brandon Lowe,PIT,30,,,,,0,0,0,0,0,0
2026,regular,2026-04-12,669016,Brandon Marsh,PHI,30,,,,,0,0,0,0,0,0
2026,regular,2026-04-12,607043,Brandon Nimmo,TEX,30,,,,,0,0,0,0,0,0
2026,regular,2026-04-12,678218,Brandon Valenzuela,TOR,30,,,,,0,0,0,0,0,0
2026,regular,2026-04-12,677587,Brayan Rocchio,CLE,30,,,,,0,0,0,0,0,0
2026,regular,2026-04-12,680977,Brendan Donovan,SEA,30,,,,,0,0,0,0,0,0
2026,regular,2026-04-12,686668,Brenton Doyle,COL,30,,,,,0,0,0,0,0,0
2026,regular,2026-04-12,683146,Brett Baty,NYM,30,,,,,0,0,0,0,0,0
2026,regular,2026-04-12,664954,Brett Sullivan,COL,30,,,,,0,0,0,0,0,0
2026,regular,2026-04-12,668930,Brice Turang,MIL,30,,,,,0,0,0,0,0,0
2026,regular,2026-04-12,686797,Brooks Lee,MIN,30,,,,,0,0,0,0,0,0
2026,regular,2026-04-12,668804,Bryan Reynolds,PIT,30,,,,,0,0,0,0,0,0
2026,regular,2026-04-12,547180,Bryce Harper,PHI,30,,,,,0,0,0,0,0,0
2026,regular,2026-04-12,669369,Bryce Johnson,SDP,30,,,,,0,0,0,0,0,0
2026,regular,2026-04-12,669326,Bryce Teodosio,LAA,30,,,,,0,0,0,0,0,0
2026,regular,2026-04-12,681082,Bryson Stott,PHI,30,,,,,0,0,0,0,0,0
2026,regular,2026-04-12,663728,Cal Raleigh,SEA,30,,,,,0,0,0,0,0,0
2026,regular,2026-04-12,702332,Caleb Durbin,BOS,30,,,,,0,0,0,0,0,0
2026,regular,2026-04-12,701358,Cam Smith,HOU,30,,,,,0,0,0,0,0,0
2026,regular,2026-04-12,666126,Carlos Cortes,ATH,30,,,,,0,0,0,0,0,0
2026,regular,2026-04-12,701807,Carson Benge,NYM,30,,,,,0,0,0,0,0,0
2026,regular,2026-04-12,608348,Carson Kelly,CHC,30,,,,,0,0,0,0,0,0
2026,regular,2026-04-12,695600,Carter Jensen,KCR,30,,,,,0,0,0,0,0,0
2026,regular,2026-04-12,669477,Casey Schmitt,SFG,30,,,,,0,0,0,0,0,0
2026,regular,2026-04-12,678882,Ceddanne Rafaela,BOS,30,,,,,0,0,0,0,0,0
2026,regular,2026-04-12,656775,Cedric Mullins,TBR,30,,,,,0,0,0,0,0,0
2026,regular,2026-04-12,802415,Chandler Simpson,TBR,30,,,,,0,0,0,0,0,0
2026,regular,2026-04-12,800050,Chase DeLauter,CLE,30,,,,,0,0,0,0,0,0
2026,regular,2026-04-12,805367,Chase Meidroth,CHW,30,,,,,0,0,0,0,0,0
2026,regular,2026-04-12,683766,Christian Koss,SFG,30,,,,,0,0,0,0,0,0
2026,regular,2026-04-12,572233,Christian Walker,HOU,30,,,,,0,0,0,0,0,0
2026,regular,2026-04-12,592885,Christian Yelich,MIL,30,,,,,0,0,0,0,0,0
2026,regular,2026-04-12,682928,CJ Abrams,WSN,30,,,,,0,0,0,0,0,0
2026,regular,2026-04-12,692216,CJ Kayfus,CLE,30,,,,,0,0,0,0,0,0
2026,regular,2026-04-12,691723,Coby Mayo,BAL,30,,,,,0,0,0,0,0,0
2026,regular,2026-04-12,641355,Cody Bellinger,NYY,30,,,,,0,0,0,0,0,0
2026,regular,2026-04-12,702284,Cole Young,SEA,30,,,,,0,0,0,0,0,0
2026,regular,2026-04-12,695657,Colson Montgomery,CHW,30,,,,,0,0,0,0,0,0
2026,regular,2026-04-12,690993,Colt Keith,DET,30,,,,,0,0,0,0,0,0
2026,regular,2026-04-12,681297,Colton Cowser,BAL,30,,,,,0,0,0,0,0,0
2026,regular,2026-04-12,681393,Connor Norby,MIA,30,,,,,0,0,0,0,0,0
2026,regular,2026-04-12,657136,Connor Wong,BOS,30,,,,,0,0,0,0,0,0
2026,regular,2026-04-12,682998,Corbin Carroll,ARI,30,,,,,0,0,0,0,0,0
2026,regular,2026-04-12,608369,Corey Seager,TEX,30,,,,,0,0,0,0,0,0
2026,regular,2026-04-12,678554,Curtis Mead,WSN,30,,,,,0,0,0,0,0,0
2026,regular,2026-04-12,687221,Dalton Rushing,LAD,30,,,,,0,0,0,0,0,0
2026,regular,2026-04-12,667472,Dane Myers,CIN,30,,,,,0,0,0,0,0,0
2026,regular,2026-04-12,682177,Daniel Schneemann,CLE,30,,,,,0,0,0,0,0,0
2026,regular,2026-04-12,691740,Daniel Susac,SFG,30,,,,,0,0,0,0,0,0
2026,regular,2026-04-12,643376,Danny Jansen,TEX,30,,,,,0,0,0,0,0,0
2026,regular,2026-04-12,621020,Dansby Swanson,CHC,30,,,,,0,0,0,0,0,0
2026,regular,2026-04-12,687231,Darell Hernaiz,ATH,30,,,,,0,0,0,0,0,0
2026,regular,2026-04-12,662139,Daulton Varsho,TOR,30,,,,,0,0,0,0,0,0
2026,regular,2026-04-12,681807,David Fry,CLE,30,,,,,0,0,0,0,0,0
2026,regular,2026-04-12,666152,David Hamilton,MIL,30,,,,,0,0,0,0,0,0
2026,regular,2026-04-12,695734,Daylen Lile,WSN,30,,,,,0,0,0,0,0,0
2026,regular,2026-04-12,672016,Denzel Clarke,ATH,30,,,,,0,0,0,0,0,0
2026,regular,2026-04-12,656537,Derek Hill,CHW,30,,,,,0,0,0,0,0,0
2026,regular,2026-04-12,691277,Deyvison De Los Santos,MIA,30,,,,,0,0,0,0,0,0
2026,regular,2026-04-12,693307,Dillon Dingler,DET,30,,,,,0,0,0,0,0,0
2026,regular,2026-04-12,686527,Dominic Canzone,SEA,30,,,,,0,0,0,0,0,0
2026,regular,2026-04-12,642086,Dominic Smith,ATL,30,,,,,0,0,0,0,0,0
2026,regular,2026-04-12,686948,Drake Baldwin,ATL,30,,,,,0,0,0,0,0,0
2026,regular,2026-04-12,686452,Drew Millas,WSN,30,,,,,0,0,0,0,0,0
2026,regular,2026-04-12,687957,Dustin Harris,CHW,30,,,,,0,0,0,0,0,0
2026,regular,2026-04-12,687637,Dylan Beavers,BAL,30,,,,,0,0,0,0,0,0
2026,regular,2026-04-12,700337,Edgar Quero,CHW,30,,,,,0,0,0,0,0,0
2026,regular,2026-04-12,666397,Edouard Julien,COL,30,,,,,0,0,0,0,0,0
2026,regular,2026-04-12,682829,Elly De La Cruz,CIN,30,,,,,0,0,0,0,0,0
2026,regular,2026-04-12,650391,Eloy Jiménez,TOR,30,,,,,0,0,0,0,0,0
2026,regular,2026-04-12,676391,Ernie Clement,TOR,30,,,,,0,0,0,0,0,0
2026,regular,2026-04-12,553993,Eugenio Suárez,CIN,30,,,,,0,0,0,0,0,0
2026,regular,2026-04-12,694497,Evan Carter,TEX,30,,,,,0,0,0,0,0,0
2026,regular,2026-04-12,677649,Ezequiel Duran,TEX,30,,,,,0,0,0,0,0,0
2026,regular,2026-04-12,678662,Ezequiel Tovar,COL,30,,,,,0,0,0,0,0,0
2026,regular,2026-04-12,665487,Fernando Tatis Jr.,SDP,30,,,,,0,0,0,0,0,0
2026,regular,2026-04-12,596019,Francisco Lindor,NYM,30,,,,,0,0,0,0,0,0
2026,regular,2026-04-12,518692,Freddie Freeman,LAD,30,,,,,0,0,0,0,0,0
2026,regular,2026-04-12,666023,Freddy Fermin,SDP,30,,,,,0,0,0,0,0,0
2026,regular,2026-04-12,669003,Garrett Mitchell,MIL,30,,,,,0,0,0,0,0,0
2026,regular,2026-04-12,596142,Gary Sánchez,MIL,30,,,,,0,0,0,0,0,0
2026,regular,2026-04-12,672695,Geraldo Perdomo,ARI,30,,,,,0,0,0,0,0,0
2026,regular,2026-04-12,519317,Giancarlo Stanton,NYY,30,,,,,0,0,0,0,0,0
2026,regular,2026-04-12,650402,Gleyber Torres,DET,30,,,,,0,0,0,0,0,0
2026,regular,2026-04-12,683002,Gunnar Henderson,BAL,30,,,,,0,0,0,0,0,0
2026,regular,2026-04-12,671218,Heliot Ramos,SFG,30,,,,,0,0,0,0,0,0
2026,regular,2026-04-12,681715,Heriberto Hernández,MIA,30,,,,,0,0,0,0,0,0
2026,regular,2026-04-12,676439,Hunter Feduccia,TBR,30,,,,,0,0,0,0,0,0
2026,regular,2026-04-12,696100,Hunter Goodman,COL,30,,,,,0,0,0,0,0,0
2026,regular,2026-04-12,808975,Hyeseong Kim,LAD,30,,,,,0,0,0,0,0,0
2026,regular,2026-04-12,664023,Ian Happ,CHC,30,,,,,0,0,0,0,0,0
2026,regular,2026-04-12,545121,Ildemaro Vargas,ARI,30,,,,,0,0,0,0,0,0
2026,regular,2026-04-12,686555,Isaac Collins,KCR,30,,,,,0,0,0,0,0,0
2026,regular,2026-04-12,670623,Isaac Paredes,HOU,30,,,,,0,0,0,0,0,0
2026,regular,2026-04-12,671056,Iván Herrera,STL,30,,,,,0,0,0,0,0,0
2026,regular,2026-04-12,641555,J.C. Escarra,NYY,30,,,,,0,0,0,0,0,0
2026,regular,2026-04-12,641487,J.P. Crawford,SEA,30,,,,,0,0,0,0,0,0
2026,regular,2026-04-12,695506,Jac Caglianone,KCR,30,,,,,0,0,0,0,0,0
2026,regular,2026-04-12,701538,Jackson Merrill,SDP,30,,,,,0,0,0,0,0,0
2026,regular,2026-04-12,696285,Jacob Young,WSN,30,,,,,0,0,0,0,0,0
2026,regular,2026-04-12,641343,Jake Bauers,MIL,30,,,,,0,0,0,0,0,0
2026,regular,2026-04-12,669394,Jake Burger,TEX,30,,,,,0,0,0,0,0,0
2026,regular,2026-04-12,641584,Jake Fraley,TBR,30,,,,,0,0,0,0,0,0
2026,regular,2026-04-12,805300,Jakob Marsee,MIA,30,,,,,0,0,0,0,0,0
2026,regular,2026-04-12,543510,James McCann,ARI,30,,,,,0,0,0,0,0,0
2026,regular,2026-04-12,681546,James Outman,MIN,30,,,,,0,0,0,0,0,0
2026,regular,2026-04-12,695578,James Wood,WSN,30,,,,,0,0,0,0,0,0
2026,regular,2026-04-12,666931,Jared Oliva,SFG,30,,,,,0,0,0,0,0,0
2026,regular,2026-04-12,676724,Jared Young,NYM,30,,,,,0,0,0,0,0,0
2026,regular,2026-04-12,680776,Jarren Duran,BOS,30,,,,,0,0,0,0,0,0
2026,regular,2026-04-12,595879,Javier Báez,DET,30,,,,,0,0,0,0,0,0
2026,regular,2026-04-12,691594,Javier Sanoja,MIA,30,,,,,0,0,0,0,0,0
2026,regular,2026-04-12,665862,Jazz Chisholm Jr.,NYY,30,,,,,0,0,0,0,0,0
2026,regular,2026-04-12,643446,Jeff McNeil,ATH,30,,,,,0,0,0,0,0,0
2026,regular,2026-04-12,666464,Jerar Encarnacion,SFG,30,,,,,0,0,0,0,0,0
2026,regular,2026-04-12,669236,Jeremiah Jackson,BAL,30,,,,,0,0,0,0,0,0
2026,regular,2026-04-12,660821,Jesús Sánchez,TOR,30,,,,,0,0,0,0,0,0
2026,regular,2026-04-12,802139,JJ Wetherholt,STL,30,,,,,0,0,0,0,0,0
2026,regular,2026-04-12,666176,Jo Adell,LAA,30,,,,,0,0,0,0,0,0
2026,regular,2026-04-12,592626,Joc Pederson,TEX,30,,,,,0,0,0,0,0,0
2026,regular,2026-04-12,663698,Joey Bart,PIT,30,,,,,0,0,0,0,0,0
2026,regular,2026-04-12,694388,Joey Loperfido,HOU,30,,,,,0,0,0,0,0,0
2026,regular,2026-04-12,687401,Joey Ortiz,MIL,30,,,,,0,0,0,0,0,0
2026,regular,2026-04-12,671286,Johnathan Rodríguez,BAL,30,,,,,0,0,0,0,0,0
2026,regular,2026-04-12,666018,Jonathan Aranda,TBR,30,,,,,0,0,0,0,0,0
2026,regular,2026-04-12,678391,Jorbit Vivas,WSN,30,,,,,0,0,0,0,0,0
2026,regular,2026-04-12,687597,Jordan Beck,COL,30,,,,,0,0,0,0,0,0
2026,regular,2026-04-12,691023,Jordan Walker,STL,30,,,,,0,0,0,0,0,0
2026,regular,2026-04-12,678489,Jorge Barrosa,ARI,30,,,,,0,0,0,0,0,0
2026,regular,2026-04-12,622761,Jorge Mateo,ATL,30,,,,,0,0,0,0,0,0
2026,regular,2026-04-12,593871,Jorge Polanco,NYM,30,,,,,0,0,0,0,0,0
2026,regular,2026-04-12,624585,Jorge Soler,LAA,30,,,,,0,0,0,0,0,0
2026,regular,2026-04-12,514888,Jose Altuve,HOU,30,,,,,0,0,0,0,0,0
2026,regular,2026-04-12,699912,Jose Fernandez,ARI,30,,,,,0,0,0,0,0,0
2026,regular,2026-04-12,605137,Josh Bell,MIN,30,,,,,0,0,0,0,0,0
2026,regular,2026-04-12,673962,Josh Jung,TEX,30,,,,,0,0,0,0,0,0
2026,regular,2026-04-12,666139,Josh Lowe,LAA,30,,,,,0,0,0,0,0,0
2026,regular,2026-04-12,647304,Josh Naylor,SEA,30,,,,,0,0,0,0,0,0
2026,regular,2026-04-12,669701,Josh Smith,TEX,30,,,,,0,0,0,0,0,0
2026,regular,2026-04-12,676609,José Caballero,NYY,30,,,,,0,0,0,0,0,0
2026,regular,2026-04-12,665877,José Fermín,STL,30,,,,,0,0,0,0,0,0
2026,regular,2026-04-12,608070,José Ramírez,CLE,30,,,,,0,0,0,0,0,0
2026,regular,2026-04-12,677588,José Tena,WSN,30,,,,,0,0,0,0,0,0
2026,regular,2026-04-12,682877,Juan Brito,CLE,30,,,,,0,0,0,0,0,0
2026,regular,2026-04-12,677594,Julio Rodríguez,SEA,30,,,,,0,0,0,0,0,0
2026,regular,2026-04-12,808982,Jung Hoo Lee,SFG,30,,,,,0,0,0,0,0,0
2026,regular,2026-04-12,691406,Junior Caminero,TBR,30,,,,,0,0,0,0,0,0
2026,regular,2026-04-12,702222,Justin Crawford,PHI,30,,,,,0,0,0,0,0,0
2026,regular,2026-04-12,672960,Kazuma Okamoto,TOR,30,,,,,0,0,0,0,0,0
2026,regular,2026-04-12,660688,Keibert Ruiz,WSN,30,,,,,0,0,0,0,0,0
2026,regular,2026-04-12,681481,Kerry Carpenter,DET,30,,,,,0,0,0,0,0,0
2026,regular,2026-04-12,606466,Ketel Marte,ARI,30,,,,,0,0,0,0,0,0
2026,regular,2026-04-12,805808,Kevin McGonigle,DET,30,,,,,0,0,0,0,0,0
2026,regular,2026-04-12,665019,Kody Clemens,MIN,30,,,,,0,0,0,0,0,0
2026,regular,2026-04-12,804606,Konnor Griffin,PIT,30,,,,,0,0,0,0,0,0
2026,regular,2026-04-12,571657,Kyle Farmer,ATL,30,,,,,0,0,0,0,0,0
2026,regular,2026-04-12,607536,Kyle Freeland,COL,30,,,,,0,0,0,0,0,0
2026,regular,2026-04-12,664728,Kyle Isbel,KCR,30,,,,,0,0,0,0,0,0
2026,regular,2026-04-12,691720,Kyle Karros,COL,30,,,,,0,0,0,0,0,0
2026,regular,2026-04-12,700932,Kyle Manzardo,CLE,30,,,,,0,0,0,0,0,0
2026,regular,2026-04-12,656941,Kyle Schwarber,PHI,30,,,,,0,0,0,0,0,0
2026,regular,2026-04-12,663656,Kyle Tucker,LAD,30,,,,,0,0,0,0,0,0
2026,regular,2026-04-12,671732,Lawrence Butler,ATH,30,,,,,0,0,0,0,0,0
2026,regular,2026-04-12,672820,Lenyn Sosa,CHW,30,,,,,0,0,0,0,0,0
2026,regular,2026-04-12,665750,Leody Taveras,BAL,30,,,,,0,0,0,0,0,0
2026,regular,2026-04-12,689414,Liam Hicks,MIA,30,,,,,0,0,0,0,0,0
2026,regular,2026-04-12,681351,Logan O'Hoppe,LAA,30,,,,,0,0,0,0,0,0
2026,regular,2026-04-12,671277,Luis García Jr.,WSN,30,,,,,0,0,0,0,0,0
2026,regular,2026-04-12,650859,Luis Rengifo,MIL,30,,,,,0,0,0,0,0,0
2026,regular,2026-04-12,620443,Luis Torrens,NYM,30,,,,,0,0,0,0,0,0
2026,regular,2026-04-12,682668,Luisangel Acuña,CHW,30,,,,,0,0,0,0,0,0
2026,regular,2026-04-12,807712,Luke Keaschall,MIN,30,,,,,0,0,0,0,0,0
2026,regular,2026-04-12,670042,Luke Raley,SEA,30,,,,,0,0,0,0,0,0
2026,regular,2026-04-12,663897,Luke Williams,ATL,30,,,,,0,0,0,0,0,0
2026,regular,2026-04-12,663609,Luken Baker,ARI,30,,,,,0,0,0,0,0,0
2026,regular,2026-04-12,672580,Maikel Garcia,KCR,30,,,,,0,0,0,0,0,0
2026,regular,2026-04-12,592518,Manny Machado,SDP,30,,,,,0,0,0,0,0,0
2026,regular,2026-04-12,542303,Marcell Ozuna,PIT,30,,,,,0,0,0,0,0,0
2026,regular,2026-04-12,691785,Marcelo Mayer,BOS,30,,,,,0,0,0,0,0,0
2026,regular,2026-04-12,543760,Marcus Semien,NYM,30,,,,,0,0,0,0,0,0
2026,regular,2026-04-12,668901,Mark Vientos,NYM,30,,,,,0,0,0,0,0,0
2026,regular,2026-04-12,656305,Matt Chapman,SFG,30,,,,,0,0,0,0,0,0
2026,regular,2026-04-12,680574,Matt McLain,CIN,30,,,,,0,0,0,0,0,0
2026,regular,2026-04-12,621566,Matt Olson,ATL,30,,,,,0,0,0,0,0,0
2026,regular,2026-04-12,807713,Matt Shaw,CHC,30,,,,,0,0,0,0,0,0
2026,regular,2026-04-12,670242,Matt Wallner,MIN,30,,,,,0,0,0,0,0,0
2026,regular,2026-04-12,643289,Mauricio Dubón,ATL,30,,,,,0,0,0,0,0,0
2026,regular,2026-04-12,691777,Max Muncy,ATH,30,,,,,0,0,0,0,0,0
2026,regular,2026-04-12,571970,Max Muncy,LAD,30,,,,,0,0,0,0,0,0
2026,regular,2026-04-12,683737,Michael Busch,CHC,30,,,,,0,0,0,0,0,0
2026,regular,2026-04-12,624424,Michael Conforto,CHC,30,,,,,0,0,0,0,0,0
2026,regular,2026-04-12,686681,Michael Massey,KCR,30,,,,,0,0,0,0,0,0
2026,regular,2026-04-12,666160,Mickey Moniak,COL,30,,,,,0,0,0,0,0,0
2026,regular,2026-04-12,665804,Miguel Amaya,CHC,30,,,,,0,0,0,0,0,0
2026,regular,2026-04-12,500743,Miguel Rojas,LAD,30,,,,,0,0,0,0,0,0
2026,regular,2026-04-12,678246,Miguel Vargas,CHW,30,,,,,0,0,0,0,0,0
2026,regular,2026-04-12,545361,Mike Trout,LAA,30,,,,,0,0,0,0,0,0
2026,regular,2026-04-12,573262,Mike Yastrzemski,ATL,30,,,,,0,0,0,0,0,0
2026,regular,2026-04-12,694208,Moisés Ballesteros,CHC,30,,,,,0,0,0,0,0,0
2026,regular,2026-04-12,808959,Munetaka Murakami,CHW,30,,,,,0,0,0,0,0,0
2026,regular,2026-04-12,683083,Nasim Nuñez,WSN,30,,,,,0,0,0,0,0,0
2026,regular,2026-04-12,664770,Nathan Lukes,TOR,30,,,,,0,0,0,0,0,0
2026,regular,2026-04-12,663993,Nathaniel Lowe,CIN,30,,,,,0,0,0,0,0,0
2026,regular,2026-04-12,669397,Nick Allen,HOU,30,,,,,0,0,0,0,0,0
2026,regular,2026-04-12,592206,Nick Castellanos,SDP,30,,,,,0,0,0,0,0,0
2026,regular,2026-04-12,663743,Nick Fortes,TBR,30,,,,,0,0,0,0,0,0
2026,regular,2026-04-12,701762,Nick Kurtz,ATH,30,,,,,0,0,0,0,0,0
2026,regular,2026-04-12,694377,Nick Yorke,PIT,30,,,,,0,0,0,0,0,0
2026,regular,2026-04-12,663538,Nico Hoerner,CHC,30,,,,,0,0,0,0,0,0
2026,regular,2026-04-12,682622,Noelvi Marte,CIN,30,,,,,0,0,0,0,0,0
2026,regular,2026-04-12,571448,Nolan Arenado,ARI,30,,,,,0,0,0,0,0,0
2026,regular,2026-04-12,669357,Nolan Gorman,STL,30,,,,,0,0,0,0,0,0
2026,regular,2026-04-12,694384,Nolan Schanuel,LAA,30,,,,,0,0,0,0,0,0
2026,regular,2026-04-12,665833,Oneil Cruz,PIT,30,,,,,0,0,0,0,0,0
2026,regular,2026-04-12,672724,Oswald Peraza,LAA,30,,,,,0,0,0,0,0,0
2026,regular,2026-04-12,672640,Otto Lopez,MIA,30,,,,,0,0,0,0,0,0
2026,regular,2026-04-12,645277,Ozzie Albies,ATL,30,,,,,0,0,0,0,0,0
2026,regular,2026-04-12,664731,P.J. Higgins,CIN,30,,,,,0,0,0,0,0,0
2026,regular,2026-04-12,624413,Pete Alonso,BAL,30,,,,,0,0,0,0,0,0
2026,regular,2026-04-12,691718,Pete Crow-Armstrong,CHC,30,,,,,0,0,0,0,0,0
2026,regular,2026-04-12,646240,Rafael Devers,SFG,30,,,,,0,0,0,0,0,0
2026,regular,2026-04-12,665561,Rafael Marchán,PHI,30,,,,,0,0,0,0,0,0
2026,regular,2026-04-12,657656,Ramón Laureano,SDP,30,,,,,0,0,0,0,0,0
2026,regular,2026-04-12,602104,Ramón Urías,STL,30,,,,,0,0,0,0,0,0
2026,regular,2026-04-12,545341,Randal Grichuk,NYY,30,,,,,0,0,0,0,0,0
2026,regular,2026-04-12,668227,Randy Arozarena,SEA,30,,,,,0,0,0,0,0,0
2026,regular,2026-04-12,656555,Rhys Hoskins,CLE,30,,,,,0,0,0,0,0,0
2026,regular,2026-04-12,680700,Richie Palacios,TBR,30,,,,,0,0,0,0,0,0
2026,regular,2026-04-12,682985,Riley Greene,DET,30,,,,,0,0,0,0,0,0
2026,regular,2026-04-12,701350,Roman Anthony,BOS,30,,,,,0,0,0,0,0,0
2026,regular,2026-04-12,660670,Ronald Acuña Jr.,ATL,30,,,,,0,0,0,0,0,0
2026,regular,2026-04-12,641857,Ryan McMahon,NYY,30,,,,,0,0,0,0,0,0
2026,regular,2026-04-12,656811,Ryan O'Hearn,PIT,30,,,,,0,0,0,0,0,0
2026,regular,2026-04-12,686217,Sal Frelick,MIL,30,,,,,0,0,0,0,0,0
2026,regular,2026-04-12,701398,Sal Stewart,CIN,30,,,,,0,0,0,0,0,0
2026,regular,2026-04-12,521692,Salvador Perez,KCR,30,,,,,0,0,0,0,0,0
2026,regular,2026-04-12,694212,Samuel Basallo,BAL,30,,,,,0,0,0,0,0,0
2026,regular,2026-04-12,664068,Scott Kingery,CHC,30,,,,,0,0,0,0,0,0
2026,regular,2026-04-12,673548,Seiya Suzuki,CHC,30,,,,,0,0,0,0,0,0
2026,regular,2026-04-12,669127,Shea Langeliers,ATH,30,,,,,0,0,0,0,0,0
2026,regular,2026-04-12,660271,Shohei Ohtani,LAD,30,,,,,0,0,0,0,0,0
2026,regular,2026-04-12,687462,Spencer Horwitz,PIT,30,,,,,0,0,0,0,0,0
2026,regular,2026-04-12,668715,Spencer Steer,CIN,30,,,,,0,0,0,0,0,0
2026,regular,2026-04-12,679529,Spencer Torkelson,DET,30,,,,,0,0,0,0,0,0
2026,regular,2026-04-12,695020,Tanner Murray,CHW,30,,,,,0,0,0,0,0,0
2026,regular,2026-04-12,666211,Taylor Trammell,HOU,30,,,,,0,0,0,0,0,0
2026,regular,2026-04-12,670764,Taylor Walls,TBR,30,,,,,0,0,0,0,0,0
2026,regular,2026-04-12,621493,Taylor Ward,BAL,30,,,,,0,0,0,0,0,0
2026,regular,2026-04-12,695336,Thomas Saggese,STL,30,,,,,0,0,0,0,0,0
2026,regular,2026-04-12,694374,Tim Tawa,ARI,30,,,,,0,0,0,0,0,0
2026,regular,2026-04-12,670770,TJ Friedl,CIN,30,,,,,0,0,0,0,0,0
2026,regular,2026-04-12,681198,TJ Rumfield,COL,30,,,,,0,0,0,0,0,0
2026,regular,2026-04-12,607208,Trea Turner,PHI,30,,,,,0,0,0,0,0,0
2026,regular,2026-04-12,663757,Trent Grisham,NYY,30,,,,,0,0,0,0,0,0
2026,regular,2026-04-12,663616,Trevor Larnach,MIN,30,,,,,0,0,0,0,0,0
2026,regular,2026-04-12,596115,Trevor Story,BOS,30,,,,,0,0,0,0,0,0
2026,regular,2026-04-12,656484,Tristan Gray,MIN,30,,,,,0,0,0,0,0,0
2026,regular,2026-04-12,671976,Tristan Peters,CHW,30,,,,,0,0,0,0,0,0
2026,regular,2026-04-12,664034,Ty France,SDP,30,,,,,0,0,0,0,0,0
2026,regular,2026-04-12,671289,Tyler Freeman,COL,30,,,,,0,0,0,0,0,0
2026,regular,2026-04-12,691016,Tyler Soderstrom,ATH,30,,,,,0,0,0,0,0,0
2026,regular,2026-04-12,621438,Tyrone Taylor,NYM,30,,,,,0,0,0,0,0,0
2026,regular,2026-04-12,687093,Vaughn Grissom,LAA,30,,,,,0,0,0,0,0,0
2026,regular,2026-04-12,605170,Victor Caratini,MIN,30,,,,,0,0,0,0,0,0
2026,regular,2026-04-12,687363,Victor Scott II,STL,30,,,,,0,0,0,0,0,0
2026,regular,2026-04-12,686469,Vinnie Pasquantino,KCR,30,,,,,0,0,0,0,0,0
2026,regular,2026-04-12,665489,Vladimir Guerrero Jr.,TOR,30,,,,,0,0,0,0,0,0
2026,regular,2026-04-12,666181,Will Benson,CIN,30,,,,,0,0,0,0,0,0
2026,regular,2026-04-12,669257,Will Smith,LAD,30,,,,,0,0,0,0,0,0
2026,regular,2026-04-12,661388,William Contreras,MIL,30,,,,,0,0,0,0,0,0
2026,regular,2026-04-12,575929,Willson Contreras,BOS,30,,,,,0,0,0,0,0,0
2026,regular,2026-04-12,642715,Willy Adames,SFG,30,,,,,0,0,0,0,0,0
2026,regular,2026-04-12,677800,Wilyer Abreu,BOS,30,,,,,0,0,0,0,0,0
2026,regular,2026-04-12,593428,Xander Bogaerts,SDP,30,,,,,0,0,0,0,0,0
2026,regular,2026-04-12,669364,Xavier Edwards,MIA,30,,,,,0,0,0,0,0,0
2026,regular,2026-04-12,673237,Yainer Diaz,HOU,30,,,,,0,0,0,0,0,0
2026,regular,2026-04-12,650490,Yandy Díaz,TBR,30,,,,,0,0,0,0,0,0
2026,regular,2026-04-12,670541,Yordan Alvarez,HOU,30,,,,,0,0,0,0,0,0
2026,regular,2026-04-12,656716,Zach McKinstry,DET,30,,,,,0,0,0,0,0,0
2026,regular,2026-04-12,687263,Zach Neto,LAA,30,,,,,0,0,0,0,0,0
2026,regular,2026-04-13,592450,Aaron Judge,NYY,30,,,,,0,0,0,0,0,0
2026,regular,2026-04-13,624428,Adam Frazier,LAA,30,,,,,0,0,0,0,0,0
2026,regular,2026-04-13,666969,Adolis García,PHI,30,,,,,0,0,0,0,0,0
2026,regular,2026-04-13,680728,Adrian Del Castillo,ARI,30,,,,,0,0,0,0,0,0
2026,regular,2026-04-13,682663,Agustín Ramírez,MIA,30,,,,,0,0,0,0,0,0
2026,regular,2026-04-13,664761,Alec Bohm,PHI,30,,,,,0,0,0,0,0,0
2026,regular,2026-04-13,676475,Alec Burleson,STL,30,,,,,0,0,0,0,0,0
2026,regular,2026-04-13,677950,Alek Thomas,ARI,30,,,,,0,0,0,0,0,0
2026,regular,2026-04-13,608324,Alex Bregman,CHC,30,,,,,0,0,0,0,0,0
2026,regular,2026-04-13,642708,Amed Rosario,NYY,30,,,,,0,0,0,0,0,0
2026,regular,2026-04-13,655316,Andruw Monasterio,BOS,30,,,,,0,0,0,0,0,0
2026,regular,2026-04-13,681624,Andy Pages,LAD,30,,,,,0,0,0,0,0,0
2026,regular,2026-04-13,682657,Angel Martínez,CLE,30,,,,,0,0,0,0,0,0
2026,regular,2026-04-13,595978,Austin Hedges,CLE,30,,,,,0,0,0,0,0,0
2026,regular,2026-04-13,668885,Austin Martin,MIN,30,,,,,0,0,0,0,0,0
2026,regular,2026-04-13,663586,Austin Riley,ATL,30,,,,,0,0,0,0,0,0
2026,regular,2026-04-13,669224,Austin Wells,NYY,30,,,,,0,0,0,0,0,0
2026,regular,2026-04-13,642851,Austin Wynns,ATH,30,,,,,0,0,0,0,0,0
2026,regular,2026-04-13,700250,Ben Rice,NYY,30,,,,,0,0,0,0,0,0
2026,regular,2026-04-13,695257,Billy Cook,PIT,30,,,,,0,0,0,0,0,0
2026,regular,2026-04-13,677942,Blaze Alexander,BAL,30,,,,,0,0,0,0,0,0
2026,regular,2026-04-13,666182,Bo Bichette,NYM,30,,,,,0,0,0,0,0,0
2026,regular,2026-04-13,664040,Brandon Lowe,PIT,30,,,,,0,0,0,0,0,0
2026,regular,2026-04-13,669016,Brandon Marsh,PHI,30,,,,,0,0,0,0,0,0
2026,regular,2026-04-13,607043,Brandon Nimmo,TEX,30,,,,,0,0,0,0,0,0
2026,regular,2026-04-13,677587,Brayan Rocchio,CLE,30,,,,,0,0,0,0,0,0
2026,regular,2026-04-13,680977,Brendan Donovan,SEA,30,,,,,0,0,0,0,0,0
2026,regular,2026-04-13,686797,Brooks Lee,MIN,30,,,,,0,0,0,0,0,0
2026,regular,2026-04-13,668804,Bryan Reynolds,PIT,30,,,,,0,0,0,0,0,0
2026,regular,2026-04-13,547180,Bryce Harper,PHI,30,,,,,0,0,0,0,0,0
2026,regular,2026-04-13,669326,Bryce Teodosio,LAA,30,,,,,0,0,0,0,0,0
2026,regular,2026-04-13,681082,Bryson Stott,PHI,30,,,,,0,0,0,0,0,0
2026,regular,2026-04-13,621439,Byron Buxton,MIN,30,,,,,0,0,0,0,0,0
2026,regular,2026-04-13,663728,Cal Raleigh,SEA,30,,,,,0,0,0,0,0,0
2026,regular,2026-04-13,702332,Caleb Durbin,BOS,30,,,,,0,0,0,0,0,0
2026,regular,2026-04-13,701358,Cam Smith,HOU,30,,,,,0,0,0,0,0,0
2026,regular,2026-04-13,621043,Carlos Correa,HOU,30,,,,,0,0,0,0,0,0
2026,regular,2026-04-13,666126,Carlos Cortes,ATH,30,,,,,0,0,0,0,0,0
2026,regular,2026-04-13,665966,Carlos Narváez,BOS,30,,,,,0,0,0,0,0,0
2026,regular,2026-04-13,608348,Carson Kelly,CHC,30,,,,,0,0,0,0,0,0
2026,regular,2026-04-13,678882,Ceddanne Rafaela,BOS,30,,,,,0,0,0,0,0,0
2026,regular,2026-04-13,572233,Christian Walker,HOU,30,,,,,0,0,0,0,0,0
2026,regular,2026-04-13,682928,CJ Abrams,WSN,30,,,,,0,0,0,0,0,0
2026,regular,2026-04-13,641355,Cody Bellinger,NYY,30,,,,,0,0,0,0,0,0
2026,regular,2026-04-13,702284,Cole Young,SEA,30,,,,,0,0,0,0,0,0
2026,regular,2026-04-13,681297,Colton Cowser,BAL,30,,,,,0,0,0,0,0,0
2026,regular,2026-04-13,681393,Connor Norby,MIA,30,,,,,0,0,0,0,0,0
2026,regular,2026-04-13,682998,Corbin Carroll,ARI,30,,,,,0,0,0,0,0,0
2026,regular,2026-04-13,608369,Corey Seager,TEX,30,,,,,0,0,0,0,0,0
2026,regular,2026-04-13,678554,Curtis Mead,WSN,30,,,,,0,0,0,0,0,0
2026,regular,2026-04-13,682177,Daniel Schneemann,CLE,30,,,,,0,0,0,0,0,0
2026,regular,2026-04-13,621020,Dansby Swanson,CHC,30,,,,,0,0,0,0,0,0
2026,regular,2026-04-13,687231,Darell Hernaiz,ATH,30,,,,,0,0,0,0,0,0
2026,regular,2026-04-13,681807,David Fry,CLE,30,,,,,0,0,0,0,0,0
2026,regular,2026-04-13,695734,Daylen Lile,WSN,30,,,,,0,0,0,0,0,0
2026,regular,2026-04-13,672016,Denzel Clarke,ATH,30,,,,,0,0,0,0,0,0
2026,regular,2026-04-13,642086,Dominic Smith,ATL,30,,,,,0,0,0,0,0,0
2026,regular,2026-04-13,686948,Drake Baldwin,ATL,30,,,,,0,0,0,0,0,0
2026,regular,2026-04-13,687637,Dylan Beavers,BAL,30,,,,,0,0,0,0,0,0
2026,regular,2026-04-13,664238,Dylan Moore,PHI,30,,,,,0,0,0,0,0,0
2026,regular,2026-04-13,624641,Edmundo Sosa,PHI,30,,,,,0,0,0,0,0,0
2026,regular,2026-04-13,694497,Evan Carter,TEX,30,,,,,0,0,0,0,0,0
2026,regular,2026-04-13,677649,Ezequiel Duran,TEX,30,,,,,0,0,0,0,0,0
2026,regular,2026-04-13,682626,Francisco Alvarez,NYM,30,,,,,0,0,0,0,0,0
2026,regular,2026-04-13,596019,Francisco Lindor,NYM,30,,,,,0,0,0,0,0,0
2026,regular,2026-04-13,518692,Freddie Freeman,LAD,30,,,,,0,0,0,0,0,0
2026,regular,2026-04-13,672695,Geraldo Perdomo,ARI,30,,,,,0,0,0,0,0,0
2026,regular,2026-04-13,519317,Giancarlo Stanton,NYY,30,,,,,0,0,0,0,0,0
2026,regular,2026-04-13,688363,Graham Pauley,MIA,30,,,,,0,0,0,0,0,0
2026,regular,2026-04-13,683002,Gunnar Henderson,BAL,30,,,,,0,0,0,0,0,0
2026,regular,2026-04-13,680779,Henry Davis,PIT,30,,,,,0,0,0,0,0,0
2026,regular,2026-04-13,681715,Heriberto Hernández,MIA,30,,,,,0,0,0,0,0,0
2026,regular,2026-04-13,664023,Ian Happ,CHC,30,,,,,0,0,0,0,0,0
2026,regular,2026-04-13,545121,Ildemaro Vargas,ARI,30,,,,,0,0,0,0,0,0
2026,regular,2026-04-13,670623,Isaac Paredes,HOU,30,,,,,0,0,0,0,0,0
2026,regular,2026-04-13,643396,Isiah Kiner-Falefa,BOS,30,,,,,0,0,0,0,0,0
2026,regular,2026-04-13,671056,Iván Herrera,STL,30,,,,,0,0,0,0,0,0
2026,regular,2026-04-13,641487,J.P. Crawford,SEA,30,,,,,0,0,0,0,0,0
2026,regular,2026-04-13,592663,J.T. Realmuto,PHI,30,,,,,0,0,0,0,0,0
2026,regular,2026-04-13,805779,Jacob Wilson,ATH,30,,,,,0,0,0,0,0,0
2026,regular,2026-04-13,696285,Jacob Young,WSN,30,,,,,0,0,0,0,0,0
2026,regular,2026-04-13,669394,Jake Burger,TEX,30,,,,,0,0,0,0,0,0
2026,regular,2026-04-13,663968,Jake Mangum,PIT,30,,,,,0,0,0,0,0,0
2026,regular,2026-04-13,805300,Jakob Marsee,MIA,30,,,,,0,0,0,0,0,0
2026,regular,2026-04-13,681546,James Outman,MIN,30,,,,,0,0,0,0,0,0
2026,regular,2026-04-13,695578,James Wood,WSN,30,,,,,0,0,0,0,0,0
2026,regular,2026-04-13,680776,Jarren Duran,BOS,30,,,,,0,0,0,0,0,0
2026,regular,2026-04-13,665862,Jazz Chisholm Jr.,NYY,30,,,,,0,0,0,0,0,0
2026,regular,2026-04-13,643446,Jeff McNeil,ATH,30,,,,,0,0,0,0,0,0
2026,regular,2026-04-13,669236,Jeremiah Jackson,BAL,30,,,,,0,0,0,0,0,0
2026,regular,2026-04-13,802139,JJ Wetherholt,STL,30,,,,,0,0,0,0,0,0
2026,regular,2026-04-13,666176,Jo Adell,LAA,30,,,,,0,0,0,0,0,0
2026,regular,2026-04-13,592626,Joc Pederson,TEX,30,,,,,0,0,0,0,0,0
2026,regular,2026-04-13,663698,Joey Bart,PIT,30,,,,,0,0,0,0,0,0
2026,regular,2026-04-13,694388,Joey Loperfido,HOU,30,,,,,0,0,0,0,0,0
2026,regular,2026-04-13,686894,Joey Wiemer,WSN,30,,,,,0,0,0,0,0,0
2026,regular,2026-04-13,678391,Jorbit Vivas,WSN,30,,,,,0,0,0,0,0,0
2026,regular,2026-04-13,691023,Jordan Walker,STL,30,,,,,0,0,0,0,0,0
2026,regular,2026-04-13,678489,Jorge Barrosa,ARI,30,,,,,0,0,0,0,0,0
2026,regular,2026-04-13,622761,Jorge Mateo,ATL,30,,,,,0,0,0,0,0,0
2026,regular,2026-04-13,593871,Jorge Polanco,NYM,30,,,,,0,0,0,0,0,0
2026,regular,2026-04-13,624585,Jorge Soler,LAA,30,,,,,0,0,0,0,0,0
2026,regular,2026-04-13,514888,Jose Altuve,HOU,30,,,,,0,0,0,0,0,0
2026,regular,2026-04-13,699912,Jose Fernandez,ARI,30,,,,,0,0,0,0,0,0
2026,regular,2026-04-13,605137,Josh Bell,MIN,30,,,,,0,0,0,0,0,0
2026,regular,2026-04-13,673962,Josh Jung,TEX,30,,,,,0,0,0,0,0,0
2026,regular,2026-04-13,666139,Josh Lowe,LAA,30,,,,,0,0,0,0,0,0
2026,regular,2026-04-13,647304,Josh Naylor,SEA,30,,,,,0,0,0,0,0,0
2026,regular,2026-04-13,669701,Josh Smith,TEX,30,,,,,0,0,0,0,0,0
2026,regular,2026-04-13,676609,José Caballero,NYY,30,,,,,0,0,0,0,0,0
2026,regular,2026-04-13,665877,José Fermín,STL,30,,,,,0,0,0,0,0,0
2026,regular,2026-04-13,608070,José Ramírez,CLE,30,,,,,0,0,0,0,0,0
2026,regular,2026-04-13,677588,José Tena,WSN,30,,,,,0,0,0,0,0,0
2026,regular,2026-04-13,682877,Juan Brito,CLE,30,,,,,0,0,0,0,0,0
2026,regular,2026-04-13,677594,Julio Rodríguez,SEA,30,,,,,0,0,0,0,0,0
2026,regular,2026-04-13,702222,Justin Crawford,PHI,30,,,,,0,0,0,0,0,0
2026,regular,2026-04-13,660688,Keibert Ruiz,WSN,30,,,,,0,0,0,0,0,0
2026,regular,2026-04-13,606466,Ketel Marte,ARI,30,,,,,0,0,0,0,0,0
2026,regular,2026-04-13,804606,Konnor Griffin,PIT,30,,,,,0,0,0,0,0,0
2026,regular,2026-04-13,571657,Kyle Farmer,ATL,30,,,,,0,0,0,0,0,0
2026,regular,2026-04-13,543309,Kyle Higashioka,TEX,30,,,,,0,0,0,0,0,0
2026,regular,2026-04-13,656941,Kyle Schwarber,PHI,30,,,,,0,0,0,0,0,0
2026,regular,2026-04-13,663656,Kyle Tucker,LAD,30,,,,,0,0,0,0,0,0
2026,regular,2026-04-13,671732,Lawrence Butler,ATH,30,,,,,0,0,0,0,0,0
2026,regular,2026-04-13,665750,Leody Taveras,BAL,30,,,,,0,0,0,0,0,0
2026,regular,2026-04-13,689414,Liam Hicks,MIA,30,,,,,0,0,0,0,0,0
2026,regular,2026-04-13,681351,Logan O'Hoppe,LAA,30,,,,,0,0,0,0,0,0
2026,regular,2026-04-13,671277,Luis García Jr.,WSN,30,,,,,0,0,0,0,0,0
2026,regular,2026-04-13,673357,Luis Robert Jr.,NYM,30,,,,,0,0,0,0,0,0
2026,regular,2026-04-13,807712,Luke Keaschall,MIN,30,,,,,0,0,0,0,0,0
2026,regular,2026-04-13,670042,Luke Raley,SEA,30,,,,,0,0,0,0,0,0
2026,regular,2026-04-13,691785,Marcelo Mayer,BOS,30,,,,,0,0,0,0,0,0
2026,regular,2026-04-13,543760,Marcus Semien,NYM,30,,,,,0,0,0,0,0,0
2026,regular,2026-04-13,668901,Mark Vientos,NYM,30,,,,,0,0,0,0,0,0
2026,regular,2026-04-13,691026,Masyn Winn,STL,30,,,,,0,0,0,0,0,0
2026,regular,2026-04-13,621566,Matt Olson,ATL,30,,,,,0,0,0,0,0,0
2026,regular,2026-04-13,807713,Matt Shaw,CHC,30,,,,,0,0,0,0,0,0
2026,regular,2026-04-13,670242,Matt Wallner,MIN,30,,,,,0,0,0,0,0,0
2026,regular,2026-04-13,643289,Mauricio Dubón,ATL,30,,,,,0,0,0,0,0,0
2026,regular,2026-04-13,691777,Max Muncy,ATH,30,,,,,0,0,0,0,0,0
2026,regular,2026-04-13,571970,Max Muncy,LAD,30,,,,,0,0,0,0,0,0
2026,regular,2026-04-13,624424,Michael Conforto,CHC,30,,,,,0,0,0,0,0,0
2026,regular,2026-04-13,671739,Michael Harris II,ATL,30,,,,,0,0,0,0,0,0
2026,regular,2026-04-13,665804,Miguel Amaya,CHC,30,,,,,0,0,0,0,0,0
2026,regular,2026-04-13,500743,Miguel Rojas,LAD,30,,,,,0,0,0,0,0,0
2026,regular,2026-04-13,545361,Mike Trout,LAA,30,,,,,0,0,0,0,0,0
2026,regular,2026-04-13,573262,Mike Yastrzemski,ATL,30,,,,,0,0,0,0,0,0
2026,regular,2026-04-13,641598,Mitch Garver,SEA,30,,,,,0,0,0,0,0,0
2026,regular,2026-04-13,694208,Moisés Ballesteros,CHC,30,,,,,0,0,0,0,0,0
2026,regular,2026-04-13,683083,Nasim Nuñez,WSN,30,,,,,0,0,0,0,0,0
2026,regular,2026-04-13,701675,Nathan Church,STL,30,,,,,0,0,0,0,0,0
2026,regular,2026-04-13,669397,Nick Allen,HOU,30,,,,,0,0,0,0,0,0
2026,regular,2026-04-13,693304,Nick Gonzales,PIT,30,,,,,0,0,0,0,0,0
2026,regular,2026-04-13,701762,Nick Kurtz,ATH,30,,,,,0,0,0,0,0,0
2026,regular,2026-04-13,694377,Nick Yorke,PIT,30,,,,,0,0,0,0,0,0
2026,regular,2026-04-13,663538,Nico Hoerner,CHC,30,,,,,0,0,0,0,0,0
2026,regular,2026-04-13,571448,Nolan Arenado,ARI,30,,,,,0,0,0,0,0,0
2026,regular,2026-04-13,669357,Nolan Gorman,STL,30,,,,,0,0,0,0,0,0
2026,regular,2026-04-13,694384,Nolan Schanuel,LAA,30,,,,,0,0,0,0,0,0
2026,regular,2026-04-13,665833,Oneil Cruz,PIT,30,,,,,0,0,0,0,0,0
2026,regular,2026-04-13,672724,Oswald Peraza,LAA,30,,,,,0,0,0,0,0,0
2026,regular,2026-04-13,805249,Otto Kemp,PHI,30,,,,,0,0,0,0,0,0
2026,regular,2026-04-13,672640,Otto Lopez,MIA,30,,,,,0,0,0,0,0,0
2026,regular,2026-04-13,683357,Owen Caissie,MIA,30,,,,,0,0,0,0,0,0
2026,regular,2026-04-13,645277,Ozzie Albies,ATL,30,,,,,0,0,0,0,0,0
2026,regular,2026-04-13,502671,Paul Goldschmidt,NYY,30,,,,,0,0,0,0,0,0
2026,regular,2026-04-13,686780,Pedro Pagés,STL,30,,,,,0,0,0,0,0,0
2026,regular,2026-04-13,624413,Pete Alonso,BAL,30,,,,,0,0,0,0,0,0
2026,regular,2026-04-13,691718,Pete Crow-Armstrong,CHC,30,,,,,0,0,0,0,0,0
2026,regular,2026-04-13,545341,Randal Grichuk,NYY,30,,,,,0,0,0,0,0,0
2026,regular,2026-04-13,668227,Randy Arozarena,SEA,30,,,,,0,0,0,0,0,0
2026,regular,2026-04-13,656555,Rhys Hoskins,CLE,30,,,,,0,0,0,0,0,0
2026,regular,2026-04-13,701350,Roman Anthony,BOS,30,,,,,0,0,0,0,0,0
2026,regular,2026-04-13,660670,Ronald Acuña Jr.,ATL,30,,,,,0,0,0,0,0,0
2026,regular,2026-04-13,680777,Ryan Jeffers,MIN,30,,,,,0,0,0,0,0,0
2026,regular,2026-04-13,668952,Ryan Kreidler,MIN,30,,,,,0,0,0,0,0,0
2026,regular,2026-04-13,641857,Ryan McMahon,NYY,30,,,,,0,0,0,0,0,0
2026,regular,2026-04-13,656811,Ryan O'Hearn,PIT,30,,,,,0,0,0,0,0,0
2026,regular,2026-04-13,664059,Sam Haggerty,TEX,30,,,,,0,0,0,0,0,0
2026,regular,2026-04-13,694212,Samuel Basallo,BAL,30,,,,,0,0,0,0,0,0
2026,regular,2026-04-13,669289,Santiago Espinal,LAD,30,,,,,0,0,0,0,0,0
2026,regular,2026-04-13,664068,Scott Kingery,CHC,30,,,,,0,0,0,0,0,0
2026,regular,2026-04-13,673548,Seiya Suzuki,CHC,30,,,,,0,0,0,0,0,0
2026,regular,2026-04-13,694376,Shay Whitcomb,HOU,30,,,,,0,0,0,0,0,0
2026,regular,2026-04-13,669127,Shea Langeliers,ATH,30,,,,,0,0,0,0,0,0
2026,regular,2026-04-13,660271,Shohei Ohtani,LAD,30,,,,,0,0,0,0,0,0
2026,regular,2026-04-13,687462,Spencer Horwitz,PIT,30,,,,,0,0,0,0,0,0
2026,regular,2026-04-13,680757,Steven Kwan,CLE,30,,,,,0,0,0,0,0,0
2026,regular,2026-04-13,666211,Taylor Trammell,HOU,30,,,,,0,0,0,0,0,0
2026,regular,2026-04-13,621493,Taylor Ward,BAL,30,,,,,0,0,0,0,0,0
2026,regular,2026-04-13,606192,Teoscar Hernández,LAD,30,,,,,0,0,0,0,0,0
2026,regular,2026-04-13,695336,Thomas Saggese,STL,30,,,,,0,0,0,0,0,0
2026,regular,2026-04-13,502054,Tommy Pham,NYM,30,,,,,0,0,0,0,0,0
2026,regular,2026-04-13,607208,Trea Turner,PHI,30,,,,,0,0,0,0,0,0
2026,regular,2026-04-13,663757,Trent Grisham,NYY,30,,,,,0,0,0,0,0,0
2026,regular,2026-04-13,596115,Trevor Story,BOS,30,,,,,0,0,0,0,0,0
2026,regular,2026-04-13,691016,Tyler Soderstrom,ATH,30,,,,,0,0,0,0,0,0
2026,regular,2026-04-13,621438,Tyrone Taylor,NYM,30,,,,,0,0,0,0,0,0
2026,regular,2026-04-13,605170,Victor Caratini,MIN,30,,,,,0,0,0,0,0,0
2026,regular,2026-04-13,687363,Victor Scott II,STL,30,,,,,0,0,0,0,0,0
2026,regular,2026-04-13,669257,Will Smith,LAD,30,,,,,0,0,0,0,0,0
2026,regular,2026-04-13,575929,Willson Contreras,BOS,30,,,,,0,0,0,0,0,0
2026,regular,2026-04-13,677800,Wilyer Abreu,BOS,30,,,,,0,0,0,0,0,0
2026,regular,2026-04-13,669364,Xavier Edwards,MIA,30,,,,,0,0,0,0,0,0
2026,regular,2026-04-13,673237,Yainer Diaz,HOU,30,,,,,0,0,0,0,0,0
2026,regular,2026-04-13,670541,Yordan Alvarez,HOU,30,,,,,0,0,0,0,0,0
2026,regular,2026-04-13,660162,Yoán Moncada,LAA,30,,,,,0,0,0,0,0,0
2026,regular,2026-04-13,687263,Zach Neto,LAA,30,,,,,0,0,0,0,0,0
2026,regular,2026-04-13,680869,Zack Gelof,ATH,30,,,,,0,0,0,0,0,0
2026,regular,2026-04-14,592450,Aaron Judge,NYY,30,,,,,0,0,0,0,0,0
2026,regular,2026-04-14,624428,Adam Frazier,LAA,30,,,,,0,0,0,0,0,0
2026,regular,2026-04-14,666969,Adolis García,PHI,30,,,,,0,0,0,0,0,0
2026,regular,2026-04-14,682663,Agustín Ramírez,MIA,30,,,,,0,0,0,0,0,0
2026,regular,2026-04-14,664761,Alec Bohm,PHI,30,,,,,0,0,0,0,0,0
2026,regular,2026-04-14,676475,Alec Burleson,STL,30,,,,,0,0,0,0,0,0
2026,regular,2026-04-14,608324,Alex Bregman,CHC,30,,,,,0,0,0,0,0,0
2026,regular,2026-04-14,690976,Alex Freeland,LAD,30,,,,,0,0,0,0,0,0
2026,regular,2026-04-14,642708,Amed Rosario,NYY,30,,,,,0,0,0,0,0,0
2026,regular,2026-04-14,643217,Andrew Benintendi,CHW,30,,,,,0,0,0,0,0,0
2026,regular,2026-04-14,457705,Andrew McCutchen,TEX,30,,,,,0,0,0,0,0,0
2026,regular,2026-04-14,655316,Andruw Monasterio,BOS,30,,,,,0,0,0,0,0,0
2026,regular,2026-04-14,665926,Andrés Giménez,TOR,30,,,,,0,0,0,0,0,0
2026,regular,2026-04-14,681624,Andy Pages,LAD,30,,,,,0,0,0,0,0,0
2026,regular,2026-04-14,682657,Angel Martínez,CLE,30,,,,,0,0,0,0,0,0
2026,regular,2026-04-14,663586,Austin Riley,ATL,30,,,,,0,0,0,0,0,0
2026,regular,2026-04-14,669224,Austin Wells,NYY,30,,,,,0,0,0,0,0,0
2026,regular,2026-04-14,642851,Austin Wynns,ATH,30,,,,,0,0,0,0,0,0
2026,regular,2026-04-14,700250,Ben Rice,NYY,30,,,,,0,0,0,0,0,0
2026,regular,2026-04-14,810938,Ben Williamson,TBR,30,,,,,0,0,0,0,0,0
2026,regular,2026-04-14,695257,Billy Cook,PIT,30,,,,,0,0,0,0,0,0
2026,regular,2026-04-14,677942,Blaze Alexander,BAL,30,,,,,0,0,0,0,0,0
2026,regular,2026-04-14,666182,Bo Bichette,NYM,30,,,,,0,0,0,0,0,0
2026,regular,2026-04-14,666310,Bo Naylor,CLE,30,,,,,0,0,0,0,0,0
2026,regular,2026-04-14,677951,Bobby Witt Jr.,KCR,30,,,,,0,0,0,0,0,0
2026,regular,2026-04-14,691781,Brady House,WSN,30,,,,,0,0,0,0,0,0
2026,regular,2026-04-14,663604,Brandon Lockridge,MIL,30,,,,,0,0,0,0,0,0
2026,regular,2026-04-14,664040,Brandon Lowe,PIT,30,,,,,0,0,0,0,0,0
2026,regular,2026-04-14,669016,Brandon Marsh,PHI,30,,,,,0,0,0,0,0,0
2026,regular,2026-04-14,607043,Brandon Nimmo,TEX,30,,,,,0,0,0,0,0,0
2026,regular,2026-04-14,678218,Brandon Valenzuela,TOR,30,,,,,0,0,0,0,0,0
2026,regular,2026-04-14,677587,Brayan Rocchio,CLE,30,,,,,0,0,0,0,0,0
2026,regular,2026-04-14,680977,Brendan Donovan,SEA,30,,,,,0,0,0,0,0,0
2026,regular,2026-04-14,686668,Brenton Doyle,COL,30,,,,,0,0,0,0,0,0
2026,regular,2026-04-14,683146,Brett Baty,NYM,30,,,,,0,0,0,0,0,0
2026,regular,2026-04-14,664954,Brett Sullivan,COL,30,,,,,0,0,0,0,0,0
2026,regular,2026-04-14,694728,Brice Matthews,HOU,30,,,,,0,0,0,0,0,0
2026,regular,2026-04-14,668930,Brice Turang,MIL,30,,,,,0,0,0,0,0,0
2026,regular,2026-04-14,686797,Brooks Lee,MIN,30,,,,,0,0,0,0,0,0
2026,regular,2026-04-14,668804,Bryan Reynolds,PIT,30,,,,,0,0,0,0,0,0
2026,regular,2026-04-14,547180,Bryce Harper,PHI,30,,,,,0,0,0,0,0,0
2026,regular,2026-04-14,669326,Bryce Teodosio,LAA,30,,,,,0,0,0,0,0,0
2026,regular,2026-04-14,681082,Bryson Stott,PHI,30,,,,,0,0,0,0,0,0
2026,regular,2026-04-14,621439,Byron Buxton,MIN,30,,,,,0,0,0,0,0,0
2026,regular,2026-04-14,663728,Cal Raleigh,SEA,30,,,,,0,0,0,0,0,0
2026,regular,2026-04-14,702332,Caleb Durbin,BOS,30,,,,,0,0,0,0,0,0
2026,regular,2026-04-14,701358,Cam Smith,HOU,30,,,,,0,0,0,0,0,0
2026,regular,2026-04-14,621043,Carlos Correa,HOU,30,,,,,0,0,0,0,0,0
2026,regular,2026-04-14,665966,Carlos Narváez,BOS,30,,,,,0,0,0,0,0,0
2026,regular,2026-04-14,701807,Carson Benge,NYM,30,,,,,0,0,0,0,0,0
2026,regular,2026-04-14,608348,Carson Kelly,CHC,30,,,,,0,0,0,0,0,0
2026,regular,2026-04-14,695600,Carter Jensen,KCR,30,,,,,0,0,0,0,0,0
2026,regular,2026-04-14,669477,Casey Schmitt,SFG,30,,,,,0,0,0,0,0,0
2026,regular,2026-04-14,802415,Chandler Simpson,TBR,30,,,,,0,0,0,0,0,0
2026,regular,2026-04-14,800050,Chase DeLauter,CLE,30,,,,,0,0,0,0,0,0
2026,regular,2026-04-14,805367,Chase Meidroth,CHW,30,,,,,0,0,0,0,0,0
2026,regular,2026-04-14,543877,Christian Vázquez,HOU,30,,,,,0,0,0,0,0,0
2026,regular,2026-04-14,572233,Christian Walker,HOU,30,,,,,0,0,0,0,0,0
2026,regular,2026-04-14,682928,CJ Abrams,WSN,30,,,,,0,0,0,0,0,0
2026,regular,2026-04-14,702284,Cole Young,SEA,30,,,,,0,0,0,0,0,0
2026,regular,2026-04-14,695657,Colson Montgomery,CHW,30,,,,,0,0,0,0,0,0
2026,regular,2026-04-14,690993,Colt Keith,DET,30,,,,,0,0,0,0,0,0
2026,regular,2026-04-14,681297,Colton Cowser,BAL,30,,,,,0,0,0,0,0,0
2026,regular,2026-04-14,681393,Connor Norby,MIA,30,,,,,0,0,0,0,0,0
2026,regular,2026-04-14,682998,Corbin Carroll,ARI,30,,,,,0,0,0,0,0,0
2026,regular,2026-04-14,608369,Corey Seager,TEX,30,,,,,0,0,0,0,0,0
2026,regular,2026-04-14,678554,Curtis Mead,WSN,30,,,,,0,0,0,0,0,0
2026,regular,2026-04-14,667472,Dane Myers,CIN,30,,,,,0,0,0,0,0,0
2026,regular,2026-04-14,682177,Daniel Schneemann,CLE,30,,,,,0,0,0,0,0,0
2026,regular,2026-04-14,691740,Daniel Susac,SFG,30,,,,,0,0,0,0,0,0
2026,regular,2026-04-14,643376,Danny Jansen,TEX,30,,,,,0,0,0,0,0,0
2026,regular,2026-04-14,621020,Dansby Swanson,CHC,30,,,,,0,0,0,0,0,0
2026,regular,2026-04-14,662139,Daulton Varsho,TOR,30,,,,,0,0,0,0,0,0
2026,regular,2026-04-14,681807,David Fry,CLE,30,,,,,0,0,0,0,0,0
2026,regular,2026-04-14,666152,David Hamilton,MIL,30,,,,,0,0,0,0,0,0
2026,regular,2026-04-14,676914,Davis Schneider,TOR,30,,,,,0,0,0,0,0,0
2026,regular,2026-04-14,695734,Daylen Lile,WSN,30,,,,,0,0,0,0,0,0
2026,regular,2026-04-14,672016,Denzel Clarke,ATH,30,,,,,0,0,0,0,0,0
2026,regular,2026-04-14,656537,Derek Hill,CHW,30,,,,,0,0,0,0,0,0
2026,regular,2026-04-14,693307,Dillon Dingler,DET,30,,,,,0,0,0,0,0,0
2026,regular,2026-04-14,686527,Dominic Canzone,SEA,30,,,,,0,0,0,0,0,0
2026,regular,2026-04-14,642086,Dominic Smith,ATL,30,,,,,0,0,0,0,0,0
2026,regular,2026-04-14,686948,Drake Baldwin,ATL,30,,,,,0,0,0,0,0,0
2026,regular,2026-04-14,686452,Drew Millas,WSN,30,,,,,0,0,0,0,0,0
2026,regular,2026-04-14,687957,Dustin Harris,CHW,30,,,,,0,0,0,0,0,0
2026,regular,2026-04-14,687637,Dylan Beavers,BAL,30,,,,,0,0,0,0,0,0
2026,regular,2026-04-14,700337,Edgar Quero,CHW,30,,,,,0,0,0,0,0,0
2026,regular,2026-04-14,624641,Edmundo Sosa,PHI,30,,,,,0,0,0,0,0,0
2026,regular,2026-04-14,666397,Edouard Julien,COL,30,,,,,0,0,0,0,0,0
2026,regular,2026-04-14,682829,Elly De La Cruz,CIN,30,,,,,0,0,0,0,0,0
2026,regular,2026-04-14,650391,Eloy Jiménez,TOR,30,,,,,0,0,0,0,0,0
2026,regular,2026-04-14,676391,Ernie Clement,TOR,30,,,,,0,0,0,0,0,0
2026,regular,2026-04-14,553993,Eugenio Suárez,CIN,30,,,,,0,0,0,0,0,0
2026,regular,2026-04-14,694497,Evan Carter,TEX,30,,,,,0,0,0,0,0,0
2026,regular,2026-04-14,677592,Everson Pereira,CHW,30,,,,,0,0,0,0,0,0
2026,regular,2026-04-14,677649,Ezequiel Duran,TEX,30,,,,,0,0,0,0,0,0
2026,regular,2026-04-14,678662,Ezequiel Tovar,COL,30,,,,,0,0,0,0,0,0
2026,regular,2026-04-14,665487,Fernando Tatis Jr.,SDP,30,,,,,0,0,0,0,0,0
2026,regular,2026-04-14,682626,Francisco Alvarez,NYM,30,,,,,0,0,0,0,0,0
2026,regular,2026-04-14,596019,Francisco Lindor,NYM,30,,,,,0,0,0,0,0,0
2026,regular,2026-04-14,518692,Freddie Freeman,LAD,30,,,,,0,0,0,0,0,0
2026,regular,2026-04-14,669003,Garrett Mitchell,MIL,30,,,,,0,0,0,0,0,0
2026,regular,2026-04-14,596142,Gary Sánchez,MIL,30,,,,,0,0,0,0,0,0
2026,regular,2026-04-14,657757,Gavin Sheets,SDP,30,,,,,0,0,0,0,0,0
2026,regular,2026-04-14,671655,George Valera,CLE,30,,,,,0,0,0,0,0,0
2026,regular,2026-04-14,672695,Geraldo Perdomo,ARI,30,,,,,0,0,0,0,0,0
2026,regular,2026-04-14,519317,Giancarlo Stanton,NYY,30,,,,,0,0,0,0,0,0
2026,regular,2026-04-14,650402,Gleyber Torres,DET,30,,,,,0,0,0,0,0,0
2026,regular,2026-04-14,688363,Graham Pauley,MIA,30,,,,,0,0,0,0,0,0
2026,regular,2026-04-14,683002,Gunnar Henderson,BAL,30,,,,,0,0,0,0,0,0
2026,regular,2026-04-14,671218,Heliot Ramos,SFG,30,,,,,0,0,0,0,0,0
2026,regular,2026-04-14,696100,Hunter Goodman,COL,30,,,,,0,0,0,0,0,0
2026,regular,2026-04-14,808975,Hyeseong Kim,LAD,30,,,,,0,0,0,0,0,0
2026,regular,2026-04-14,664023,Ian Happ,CHC,30,,,,,0,0,0,0,0,0
2026,regular,2026-04-14,545121,Ildemaro Vargas,ARI,30,,,,,0,0,0,0,0,0
2026,regular,2026-04-14,686555,Isaac Collins,KCR,30,,,,,0,0,0,0,0,0
2026,regular,2026-04-14,670623,Isaac Paredes,HOU,30,,,,,0,0,0,0,0,0
2026,regular,2026-04-14,643396,Isiah Kiner-Falefa,BOS,30,,,,,0,0,0,0,0,0
2026,regular,2026-04-14,671056,Iván Herrera,STL,30,,,,,0,0,0,0,0,0
2026,regular,2026-04-14,641487,J.P. Crawford,SEA,30,,,,,0,0,0,0,0,0
2026,regular,2026-04-14,592663,J.T. Realmuto,PHI,30,,,,,0,0,0,0,0,0
2026,regular,2026-04-14,701538,Jackson Merrill,SDP,30,,,,,0,0,0,0,0,0
2026,regular,2026-04-14,805779,Jacob Wilson,ATH,30,,,,,0,0,0,0,0,0
2026,regular,2026-04-14,696285,Jacob Young,WSN,30,,,,,0,0,0,0,0,0
2026,regular,2026-04-14,641343,Jake Bauers,MIL,30,,,,,0,0,0,0,0,0
2026,regular,2026-04-14,669394,Jake Burger,TEX,30,,,,,0,0,0,0,0,0
2026,regular,2026-04-14,630105,Jake Cronenworth,SDP,30,,,,,0,0,0,0,0,0
2026,regular,2026-04-14,663968,Jake Mangum,PIT,30,,,,,0,0,0,0,0,0
2026,regular,2026-04-14,664983,Jake McCarthy,COL,30,,,,,0,0,0,0,0,0
2026,regular,2026-04-14,805300,Jakob Marsee,MIA,30,,,,,0,0,0,0,0,0
2026,regular,2026-04-14,543510,James McCann,ARI,30,,,,,0,0,0,0,0,0
2026,regular,2026-04-14,695578,James Wood,WSN,30,,,,,0,0,0,0,0,0
2026,regular,2026-04-14,666931,Jared Oliva,SFG,30,,,,,0,0,0,0,0,0
2026,regular,2026-04-14,680776,Jarren Duran,BOS,30,,,,,0,0,0,0,0,0
2026,regular,2026-04-14,595879,Javier Báez,DET,30,,,,,0,0,0,0,0,0
2026,regular,2026-04-14,691594,Javier Sanoja,MIA,30,,,,,0,0,0,0,0,0
2026,regular,2026-04-14,665862,Jazz Chisholm Jr.,NYY,30,,,,,0,0,0,0,0,0
2026,regular,2026-04-14,643446,Jeff McNeil,ATH,30,,,,,0,0,0,0,0,0
2026,regular,2026-04-14,669236,Jeremiah Jackson,BAL,30,,,,,0,0,0,0,0,0
2026,regular,2026-04-14,660821,Jesús Sánchez,TOR,30,,,,,0,0,0,0,0,0
2026,regular,2026-04-14,802139,JJ Wetherholt,STL,30,,,,,0,0,0,0,0,0
2026,regular,2026-04-14,666176,Jo Adell,LAA,30,,,,,0,0,0,0,0,0
2026,regular,2026-04-14,592626,Joc Pederson,TEX,30,,,,,0,0,0,0,0,0
2026,regular,2026-04-14,663698,Joey Bart,PIT,30,,,,,0,0,0,0,0,0
2026,regular,2026-04-14,694388,Joey Loperfido,HOU,30,,,,,0,0,0,0,0,0
2026,regular,2026-04-14,687401,Joey Ortiz,MIL,30,,,,,0,0,0,0,0,0
2026,regular,2026-04-14,686894,Joey Wiemer,WSN,30,,,,,0,0,0,0,0,0
2026,regular,2026-04-14,666018,Jonathan Aranda,TBR,30,,,,,0,0,0,0,0,0
2026,regular,2026-04-14,663697,Jonathan India,KCR,30,,,,,0,0,0,0,0,0
2026,regular,2026-04-14,676356,Jonny DeLuca,TBR,30,,,,,0,0,0,0,0,0
2026,regular,2026-04-14,678391,Jorbit Vivas,WSN,30,,,,,0,0,0,0,0,0
2026,regular,2026-04-14,687597,Jordan Beck,COL,30,,,,,0,0,0,0,0,0
2026,regular,2026-04-14,691023,Jordan Walker,STL,30,,,,,0,0,0,0,0,0
2026,regular,2026-04-14,678489,Jorge Barrosa,ARI,30,,,,,0,0,0,0,0,0
2026,regular,2026-04-14,622761,Jorge Mateo,ATL,30,,,,,0,0,0,0,0,0
2026,regular,2026-04-14,593871,Jorge Polanco,NYM,30,,,,,0,0,0,0,0,0
2026,regular,2026-04-14,624585,Jorge Soler,LAA,30,,,,,0,0,0,0,0,0
2026,regular,2026-04-14,514888,Jose Altuve,HOU,30,,,,,0,0,0,0,0,0
2026,regular,2026-04-14,699912,Jose Fernandez,ARI,30,,,,,0,0,0,0,0,0
2026,regular,2026-04-14,605137,Josh Bell,MIN,30,,,,,0,0,0,0,0,0
2026,regular,2026-04-14,673962,Josh Jung,TEX,30,,,,,0,0,0,0,0,0
2026,regular,2026-04-14,647304,Josh Naylor,SEA,30,,,,,0,0,0,0,0,0
2026,regular,2026-04-14,669701,Josh Smith,TEX,30,,,,,0,0,0,0,0,0
2026,regular,2026-04-14,676609,José Caballero,NYY,30,,,,,0,0,0,0,0,0
2026,regular,2026-04-14,665877,José Fermín,STL,30,,,,,0,0,0,0,0,0
2026,regular,2026-04-14,608070,José Ramírez,CLE,30,,,,,0,0,0,0,0,0
2026,regular,2026-04-14,677588,José Tena,WSN,30,,,,,0,0,0,0,0,0
2026,regular,2026-04-14,682877,Juan Brito,CLE,30,,,,,0,0,0,0,0,0
2026,regular,2026-04-14,677594,Julio Rodríguez,SEA,30,,,,,0,0,0,0,0,0
2026,regular,2026-04-14,808982,Jung Hoo Lee,SFG,30,,,,,0,0,0,0,0,0
2026,regular,2026-04-14,691406,Junior Caminero,TBR,30,,,,,0,0,0,0,0,0
2026,regular,2026-04-14,702222,Justin Crawford,PHI,30,,,,,0,0,0,0,0,0
2026,regular,2026-04-14,672960,Kazuma Okamoto,TOR,30,,,,,0,0,0,0,0,0
2026,regular,2026-04-14,663647,Ke'Bryan Hayes,CIN,30,,,,,0,0,0,0,0,0
2026,regular,2026-04-14,660688,Keibert Ruiz,WSN,30,,,,,0,0,0,0,0,0
2026,regular,2026-04-14,805808,Kevin McGonigle,DET,30,,,,,0,0,0,0,0,0
2026,regular,2026-04-14,665019,Kody Clemens,MIN,30,,,,,0,0,0,0,0,0
2026,regular,2026-04-14,804606,Konnor Griffin,PIT,30,,,,,0,0,0,0,0,0
2026,regular,2026-04-14,664728,Kyle Isbel,KCR,30,,,,,0,0,0,0,0,0
2026,regular,2026-04-14,691720,Kyle Karros,COL,30,,,,,0,0,0,0,0,0
2026,regular,2026-04-14,700932,Kyle Manzardo,CLE,30,,,,,0,0,0,0,0,0
2026,regular,2026-04-14,656941,Kyle Schwarber,PHI,30,,,,,0,0,0,0,0,0
2026,regular,2026-04-14,663656,Kyle Tucker,LAD,30,,,,,0,0,0,0,0,0
2026,regular,2026-04-14,657041,Lane Thomas,KCR,30,,,,,0,0,0,0,0,0
2026,regular,2026-04-14,671732,Lawrence Butler,ATH,30,,,,,0,0,0,0,0,0
2026,regular,2026-04-14,672820,Lenyn Sosa,TOR,30,,,,,0,0,0,0,0,0
2026,regular,2026-04-14,665750,Leody Taveras,BAL,30,,,,,0,0,0,0,0,0
2026,regular,2026-04-14,689414,Liam Hicks,MIA,30,,,,,0,0,0,0,0,0
2026,regular,2026-04-14,681351,Logan O'Hoppe,LAA,30,,,,,0,0,0,0,0,0
2026,regular,2026-04-14,650333,Luis Arraez,SFG,30,,,,,0,0,0,0,0,0
2026,regular,2026-04-14,669134,Luis Campusano,SDP,30,,,,,0,0,0,0,0,0
2026,regular,2026-04-14,671277,Luis García Jr.,WSN,30,,,,,0,0,0,0,0,0
2026,regular,2026-04-14,682641,Luis Matos,MIL,30,,,,,0,0,0,0,0,0
2026,regular,2026-04-14,650859,Luis Rengifo,MIL,30,,,,,0,0,0,0,0,0
2026,regular,2026-04-14,673357,Luis Robert Jr.,NYM,30,,,,,0,0,0,0,0,0
2026,regular,2026-04-14,682668,Luisangel Acuña,CHW,30,,,,,0,0,0,0,0,0
2026,regular,2026-04-14,807712,Luke Keaschall,MIN,30,,,,,0,0,0,0,0,0
2026,regular,2026-04-14,670042,Luke Raley,SEA,30,,,,,0,0,0,0,0,0
2026,regular,2026-04-14,663609,Luken Baker,ARI,30,,,,,0,0,0,0,0,0
2026,regular,2026-04-14,672580,Maikel Garcia,KCR,30,,,,,0,0,0,0,0,0
2026,regular,2026-04-14,592518,Manny Machado,SDP,30,,,,,0,0,0,0,0,0
2026,regular,2026-04-14,542303,Marcell Ozuna,PIT,30,,,,,0,0,0,0,0,0
2026,regular,2026-04-14,543760,Marcus Semien,NYM,30,,,,,0,0,0,0,0,0
2026,regular,2026-04-14,668901,Mark Vientos,NYM,30,,,,,0,0,0,0,0,0
2026,regular,2026-04-14,807799,Masataka Yoshida,BOS,30,,,,,0,0,0,0,0,0
2026,regular,2026-04-14,691026,Masyn Winn,STL,30,,,,,0,0,0,0,0,0
2026,regular,2026-04-14,656305,Matt Chapman,SFG,30,,,,,0,0,0,0,0,0
2026,regular,2026-04-14,680574,Matt McLain,CIN,30,,,,,0,0,0,0,0,0
2026,regular,2026-04-14,621566,Matt Olson,ATL,30,,,,,0,0,0,0,0,0
2026,regular,2026-04-14,807713,Matt Shaw,CHC,30,,,,,0,0,0,0,0,0
2026,regular,2026-04-14,663837,Matt Vierling,DET,30,,,,,0,0,0,0,0,0
2026,regular,2026-04-14,670242,Matt Wallner,MIN,30,,,,,0,0,0,0,0,0
2026,regular,2026-04-14,643289,Mauricio Dubón,ATL,30,,,,,0,0,0,0,0,0
2026,regular,2026-04-14,691777,Max Muncy,ATH,30,,,,,0,0,0,0,0,0
2026,regular,2026-04-14,571970,Max Muncy,LAD,30,,,,,0,0,0,0,0,0
2026,regular,2026-04-14,683737,Michael Busch,CHC,30,,,,,0,0,0,0,0,0
2026,regular,2026-04-14,624424,Michael Conforto,CHC,30,,,,,0,0,0,0,0,0
2026,regular,2026-04-14,671739,Michael Harris II,ATL,30,,,,,0,0,0,0,0,0
2026,regular,2026-04-14,666160,Mickey Moniak,COL,30,,,,,0,0,0,0,0,0
2026,regular,2026-04-14,665804,Miguel Amaya,CHC,30,,,,,0,0,0,0,0,0
2026,regular,2026-04-14,500743,Miguel Rojas,LAD,30,,,,,0,0,0,0,0,0
2026,regular,2026-04-14,678246,Miguel Vargas,CHW,30,,,,,0,0,0,0,0,0
2026,regular,2026-04-14,545361,Mike Trout,LAA,30,,,,,0,0,0,0,0,0
2026,regular,2026-04-14,573262,Mike Yastrzemski,ATL,30,,,,,0,0,0,0,0,0
2026,regular,2026-04-14,694208,Moisés Ballesteros,CHC,30,,,,,0,0,0,0,0,0
2026,regular,2026-04-14,808959,Munetaka Murakami,CHW,30,,,,,0,0,0,0,0,0
2026,regular,2026-04-14,664702,Myles Straw,TOR,30,,,,,0,0,0,0,0,0
2026,regular,2026-04-14,683083,Nasim Nuñez,WSN,30,,,,,0,0,0,0,0,0
2026,regular,2026-04-14,701675,Nathan Church,STL,30,,,,,0,0,0,0,0,0
2026,regular,2026-04-14,664770,Nathan Lukes,TOR,30,,,,,0,0,0,0,0,0
2026,regular,2026-04-14,663743,Nick Fortes,TBR,30,,,,,0,0,0,0,0,0
2026,regular,2026-04-14,693304,Nick Gonzales,PIT,30,,,,,0,0,0,0,0,0
2026,regular,2026-04-14,701762,Nick Kurtz,ATH,30,,,,,0,0,0,0,0,0
2026,regular,2026-04-14,694377,Nick Yorke,PIT,30,,,,,0,0,0,0,0,0
2026,regular,2026-04-14,663538,Nico Hoerner,CHC,30,,,,,0,0,0,0,0,0
2026,regular,2026-04-14,571448,Nolan Arenado,ARI,30,,,,,0,0,0,0,0,0
2026,regular,2026-04-14,669357,Nolan Gorman,STL,30,,,,,0,0,0,0,0,0
2026,regular,2026-04-14,665833,Oneil Cruz,PIT,30,,,,,0,0,0,0,0,0
2026,regular,2026-04-14,672724,Oswald Peraza,LAA,30,,,,,0,0,0,0,0,0
2026,regular,2026-04-14,805249,Otto Kemp,PHI,30,,,,,0,0,0,0,0,0
2026,regular,2026-04-14,672640,Otto Lopez,MIA,30,,,,,0,0,0,0,0,0
2026,regular,2026-04-14,683357,Owen Caissie,MIA,30,,,,,0,0,0,0,0,0
2026,regular,2026-04-14,645277,Ozzie Albies,ATL,30,,,,,0,0,0,0,0,0
2026,regular,2026-04-14,672275,Patrick Bailey,SFG,30,,,,,0,0,0,0,0,0
2026,regular,2026-04-14,621550,Patrick Wisdom,SEA,30,,,,,0,0,0,0,0,0
2026,regular,2026-04-14,502671,Paul Goldschmidt,NYY,30,,,,,0,0,0,0,0,0
2026,regular,2026-04-14,624413,Pete Alonso,BAL,30,,,,,0,0,0,0,0,0
2026,regular,2026-04-14,691718,Pete Crow-Armstrong,CHC,30,,,,,0,0,0,0,0,0
2026,regular,2026-04-14,646240,Rafael Devers,SFG,30,,,,,0,0,0,0,0,0
2026,regular,2026-04-14,657656,Ramón Laureano,SDP,30,,,,,0,0,0,0,0,0
2026,regular,2026-04-14,602104,Ramón Urías,STL,30,,,,,0,0,0,0,0,0
2026,regular,2026-04-14,545341,Randal Grichuk,NYY,30,,,,,0,0,0,0,0,0
2026,regular,2026-04-14,668227,Randy Arozarena,SEA,30,,,,,0,0,0,0,0,0
2026,regular,2026-04-14,677956,Rece Hinds,CIN,30,,,,,0,0,0,0,0,0
2026,regular,2026-04-14,682985,Riley Greene,DET,30,,,,,0,0,0,0,0,0
2026,regular,2026-04-14,701350,Roman Anthony,BOS,30,,,,,0,0,0,0,0,0
2026,regular,2026-04-14,660670,Ronald Acuña Jr.,ATL,30,,,,,0,0,0,0,0,0
2026,regular,2026-04-14,641857,Ryan McMahon,NYY,30,,,,,0,0,0,0,0,0
2026,regular,2026-04-14,656811,Ryan O'Hearn,PIT,30,,,,,0,0,0,0,0,0
2026,regular,2026-04-14,668723,Ryan Vilade,TBR,30,,,,,0,0,0,0,0,0
2026,regular,2026-04-14,686217,Sal Frelick,MIL,30,,,,,0,0,0,0,0,0
2026,regular,2026-04-14,701398,Sal Stewart,CIN,30,,,,,0,0,0,0,0,0
2026,regular,2026-04-14,521692,Salvador Perez,KCR,30,,,,,0,0,0,0,0,0
2026,regular,2026-04-14,664059,Sam Haggerty,TEX,30,,,,,0,0,0,0,0,0
2026,regular,2026-04-14,694212,Samuel Basallo,BAL,30,,,,,0,0,0,0,0,0
2026,regular,2026-04-14,669289,Santiago Espinal,LAD,30,,,,,0,0,0,0,0,0
2026,regular,2026-04-14,673548,Seiya Suzuki,CHC,30,,,,,0,0,0,0,0,0
2026,regular,2026-04-14,669127,Shea Langeliers,ATH,30,,,,,0,0,0,0,0,0
2026,regular,2026-04-14,660271,Shohei Ohtani,LAD,30,,,,,0,0,0,0,0,0
2026,regular,2026-04-14,687462,Spencer Horwitz,PIT,30,,,,,0,0,0,0,0,0
2026,regular,2026-04-14,668715,Spencer Steer,CIN,30,,,,,0,0,0,0,0,0
2026,regular,2026-04-14,679529,Spencer Torkelson,DET,30,,,,,0,0,0,0,0,0
2026,regular,2026-04-14,516782,Starling Marte,KCR,30,,,,,0,0,0,0,0,0
2026,regular,2026-04-14,680757,Steven Kwan,CLE,30,,,,,0,0,0,0,0,0
2026,regular,2026-04-14,695020,Tanner Murray,CHW,30,,,,,0,0,0,0,0,0
2026,regular,2026-04-14,666211,Taylor Trammell,HOU,30,,,,,0,0,0,0,0,0
2026,regular,2026-04-14,670764,Taylor Walls,TBR,30,,,,,0,0,0,0,0,0
2026,regular,2026-04-14,621493,Taylor Ward,BAL,30,,,,,0,0,0,0,0,0
2026,regular,2026-04-14,606192,Teoscar Hernández,LAD,30,,,,,0,0,0,0,0,0
2026,regular,2026-04-14,695336,Thomas Saggese,STL,30,,,,,0,0,0,0,0,0
2026,regular,2026-04-14,694374,Tim Tawa,ARI,30,,,,,0,0,0,0,0,0
2026,regular,2026-04-14,681198,TJ Rumfield,COL,30,,,,,0,0,0,0,0,0
2026,regular,2026-04-14,607208,Trea Turner,PHI,30,,,,,0,0,0,0,0,0
2026,regular,2026-04-14,663757,Trent Grisham,NYY,30,,,,,0,0,0,0,0,0
2026,regular,2026-04-14,663616,Trevor Larnach,MIN,30,,,,,0,0,0,0,0,0
2026,regular,2026-04-14,596115,Trevor Story,BOS,30,,,,,0,0,0,0,0,0
2026,regular,2026-04-14,656484,Tristan Gray,MIN,30,,,,,0,0,0,0,0,0
2026,regular,2026-04-14,671976,Tristan Peters,CHW,30,,,,,0,0,0,0,0,0
2026,regular,2026-04-14,687859,Troy Johnston,COL,30,,,,,0,0,0,0,0,0
2026,regular,2026-04-14,664034,Ty France,SDP,30,,,,,0,0,0,0,0,0
2026,regular,2026-04-14,671289,Tyler Freeman,COL,30,,,,,0,0,0,0,0,0
2026,regular,2026-04-14,623168,Tyler Heineman,TOR,30,,,,,0,0,0,0,0,0
2026,regular,2026-04-14,691016,Tyler Soderstrom,ATH,30,,,,,0,0,0,0,0,0
2026,regular,2026-04-14,663886,Tyler Stephenson,CIN,30,,,,,0,0,0,0,0,0
2026,regular,2026-04-14,686475,Tyler Tolbert,KCR,30,,,,,0,0,0,0,0,0
2026,regular,2026-04-14,687093,Vaughn Grissom,LAA,30,,,,,0,0,0,0,0,0
2026,regular,2026-04-14,605170,Victor Caratini,MIN,30,,,,,0,0,0,0,0,0
2026,regular,2026-04-14,687363,Victor Scott II,STL,30,,,,,0,0,0,0,0,0
2026,regular,2026-04-14,686469,Vinnie Pasquantino,KCR,30,,,,,0,0,0,0,0,0
2026,regular,2026-04-14,665489,Vladimir Guerrero Jr.,TOR,30,,,,,0,0,0,0,0,0
2026,regular,2026-04-14,672761,Wenceel Pérez,DET,30,,,,,0,0,0,0,0,0
2026,regular,2026-04-14,666181,Will Benson,CIN,30,,,,,0,0,0,0,0,0
2026,regular,2026-04-14,669257,Will Smith,LAD,30,,,,,0,0,0,0,0,0
2026,regular,2026-04-14,650489,Willi Castro,COL,30,,,,,0,0,0,0,0,0
2026,regular,2026-04-14,661388,William Contreras,MIL,30,,,,,0,0,0,0,0,0
2026,regular,2026-04-14,575929,Willson Contreras,BOS,30,,,,,0,0,0,0,0,0
2026,regular,2026-04-14,642715,Willy Adames,SFG,30,,,,,0,0,0,0,0,0
2026,regular,2026-04-14,677800,Wilyer Abreu,BOS,30,,,,,0,0,0,0,0,0
2026,regular,2026-04-14,694671,Wyatt Langford,TEX,30,,,,,0,0,0,0,0,0
2026,regular,2026-04-14,593428,Xander Bogaerts,SDP,30,,,,,0,0,0,0,0,0
2026,regular,2026-04-14,669364,Xavier Edwards,MIA,30,,,,,0,0,0,0,0,0
2026,regular,2026-04-14,650490,Yandy Díaz,TBR,30,,,,,0,0,0,0,0,0
2026,regular,2026-04-14,650968,Yohel Pozo,STL,30,,,,,0,0,0,0,0,0
2026,regular,2026-04-14,670541,Yordan Alvarez,HOU,30,,,,,0,0,0,0,0,0
2026,regular,2026-04-14,660162,Yoán Moncada,LAA,30,,,,,0,0,0,0,0,0
2026,regular,2026-04-14,656716,Zach McKinstry,DET,30,,,,,0,0,0,0,0,0
2026,regular,2026-04-14,687263,Zach Neto,LAA,30,,,,,0,0,0,0,0,0
2026,regular,2026-04-14,680869,Zack Gelof,ATH,30,,,,,0,0,0,0,0,0
2026,regular,2026-04-15,592450,Aaron Judge,NYY,30,,,,,0,0,0,0,0,0
2026,regular,2026-04-15,624428,Adam Frazier,LAA,30,,,,,0,0,0,0,0,0
2026,regular,2026-04-15,666969,Adolis García,PHI,30,,,,,0,0,0,0,0,0
2026,regular,2026-04-15,680728,Adrian Del Castillo,ARI,30,,,,,0,0,0,0,0,0
2026,regular,2026-04-15,682663,Agustín Ramírez,MIA,30,,,,,0,0,0,0,0,0
2026,regular,2026-04-15,664761,Alec Bohm,PHI,30,,,,,0,0,0,0,0,0
2026,regular,2026-04-15,676475,Alec Burleson,STL,30,,,,,0,0,0,0,0,0
2026,regular,2026-04-15,677950,Alek Thomas,ARI,30,,,,,0,0,0,0,0,0
2026,regular,2026-04-15,608324,Alex Bregman,CHC,30,,,,,0,0,0,0,0,0
2026,regular,2026-04-15,690976,Alex Freeland,LAD,30,,,,,0,0,0,0,0,0
2026,regular,2026-04-15,643217,Andrew Benintendi,CHW,30,,,,,0,0,0,0,0,0
2026,regular,2026-04-15,457705,Andrew McCutchen,TEX,30,,,,,0,0,0,0,0,0
2026,regular,2026-04-15,655316,Andruw Monasterio,BOS,30,,,,,0,0,0,0,0,0
2026,regular,2026-04-15,665926,Andrés Giménez,TOR,30,,,,,0,0,0,0,0,0
2026,regular,2026-04-15,681624,Andy Pages,LAD,30,,,,,0,0,0,0,0,0
2026,regular,2026-04-15,682657,Angel Martínez,CLE,30,,,,,0,0,0,0,0,0
2026,regular,2026-04-15,668885,Austin Martin,MIN,30,,,,,0,0,0,0,0,0
2026,regular,2026-04-15,663586,Austin Riley,ATL,30,,,,,0,0,0,0,0,0
2026,regular,2026-04-15,596103,Austin Slater,MIA,30,,,,,0,0,0,0,0,0
2026,regular,2026-04-15,669224,Austin Wells,NYY,30,,,,,0,0,0,0,0,0
2026,regular,2026-04-15,700250,Ben Rice,NYY,30,,,,,0,0,0,0,0,0
2026,regular,2026-04-15,810938,Ben Williamson,TBR,30,,,,,0,0,0,0,0,0
2026,regular,2026-04-15,695257,Billy Cook,PIT,30,,,,,0,0,0,0,0,0
2026,regular,2026-04-15,663368,Blake Perkins,MIL,30,,,,,0,0,0,0,0,0
2026,regular,2026-04-15,677942,Blaze Alexander,BAL,30,,,,,0,0,0,0,0,0
2026,regular,2026-04-15,666182,Bo Bichette,NYM,30,,,,,0,0,0,0,0,0
2026,regular,2026-04-15,666310,Bo Naylor,CLE,30,,,,,0,0,0,0,0,0
2026,regular,2026-04-15,677951,Bobby Witt Jr.,KCR,30,,,,,0,0,0,0,0,0
2026,regular,2026-04-15,691781,Brady House,WSN,30,,,,,0,0,0,0,0,0
2026,regular,2026-04-15,663604,Brandon Lockridge,MIL,30,,,,,0,0,0,0,0,0
2026,regular,2026-04-15,664040,Brandon Lowe,PIT,30,,,,,0,0,0,0,0,0
2026,regular,2026-04-15,669016,Brandon Marsh,PHI,30,,,,,0,0,0,0,0,0
2026,regular,2026-04-15,607043,Brandon Nimmo,TEX,30,,,,,0,0,0,0,0,0
2026,regular,2026-04-15,678218,Brandon Valenzuela,TOR,30,,,,,0,0,0,0,0,0
2026,regular,2026-04-15,677587,Brayan Rocchio,CLE,30,,,,,0,0,0,0,0,0
2026,regular,2026-04-15,680977,Brendan Donovan,SEA,30,,,,,0,0,0,0,0,0
2026,regular,2026-04-15,686668,Brenton Doyle,COL,30,,,,,0,0,0,0,0,0
2026,regular,2026-04-15,683146,Brett Baty,NYM,30,,,,,0,0,0,0,0,0
2026,regular,2026-04-15,664954,Brett Sullivan,COL,30,,,,,0,0,0,0,0,0
2026,regular,2026-04-15,694728,Brice Matthews,HOU,30,,,,,0,0,0,0,0,0
2026,regular,2026-04-15,668930,Brice Turang,MIL,30,,,,,0,0,0,0,0,0
2026,regular,2026-04-15,686797,Brooks Lee,MIN,30,,,,,0,0,0,0,0,0
2026,regular,2026-04-15,668804,Bryan Reynolds,PIT,30,,,,,0,0,0,0,0,0
2026,regular,2026-04-15,547180,Bryce Harper,PHI,30,,,,,0,0,0,0,0,0
2026,regular,2026-04-15,669326,Bryce Teodosio,LAA,30,,,,,0,0,0,0,0,0
2026,regular,2026-04-15,621439,Byron Buxton,MIN,30,,,,,0,0,0,0,0,0
2026,regular,2026-04-15,663728,Cal Raleigh,SEA,30,,,,,0,0,0,0,0,0
2026,regular,2026-04-15,701358,Cam Smith,HOU,30,,,,,0,0,0,0,0,0
2026,regular,2026-04-15,621043,Carlos Correa,HOU,30,,,,,0,0,0,0,0,0
2026,regular,2026-04-15,666126,Carlos Cortes,ATH,30,,,,,0,0,0,0,0,0
2026,regular,2026-04-15,701807,Carson Benge,NYM,30,,,,,0,0,0,0,0,0
2026,regular,2026-04-15,695600,Carter Jensen,KCR,30,,,,,0,0,0,0,0,0
2026,regular,2026-04-15,669477,Casey Schmitt,SFG,30,,,,,0,0,0,0,0,0
2026,regular,2026-04-15,678882,Ceddanne Rafaela,BOS,30,,,,,0,0,0,0,0,0
2026,regular,2026-04-15,656775,Cedric Mullins,TBR,30,,,,,0,0,0,0,0,0
2026,regular,2026-04-15,802415,Chandler Simpson,TBR,30,,,,,0,0,0,0,0,0
2026,regular,2026-04-15,800050,Chase DeLauter,CLE,30,,,,,0,0,0,0,0,0
2026,regular,2026-04-15,572233,Christian Walker,HOU,30,,,,,0,0,0,0,0,0
2026,regular,2026-04-15,682928,CJ Abrams,WSN,30,,,,,0,0,0,0,0,0
2026,regular,2026-04-15,691723,Coby Mayo,BAL,30,,,,,0,0,0,0,0,0
2026,regular,2026-04-15,641355,Cody Bellinger,NYY,30,,,,,0,0,0,0,0,0
2026,regular,2026-04-15,702284,Cole Young,SEA,30,,,,,0,0,0,0,0,0
2026,regular,2026-04-15,695657,Colson Montgomery,CHW,30,,,,,0,0,0,0,0,0
2026,regular,2026-04-15,690993,Colt Keith,DET,30,,,,,0,0,0,0,0,0
2026,regular,2026-04-15,681297,Colton Cowser,BAL,30,,,,,0,0,0,0,0,0
2026,regular,2026-04-15,681393,Connor Norby,MIA,30,,,,,0,0,0,0,0,0
2026,regular,2026-04-15,657136,Connor Wong,BOS,30,,,,,0,0,0,0,0,0
2026,regular,2026-04-15,682998,Corbin Carroll,ARI,30,,,,,0,0,0,0,0,0
2026,regular,2026-04-15,608369,Corey Seager,TEX,30,,,,,0,0,0,0,0,0
2026,regular,2026-04-15,678554,Curtis Mead,WSN,30,,,,,0,0,0,0,0,0
2026,regular,2026-04-15,687221,Dalton Rushing,LAD,30,,,,,0,0,0,0,0,0
2026,regular,2026-04-15,667472,Dane Myers,CIN,30,,,,,0,0,0,0,0,0
2026,regular,2026-04-15,682177,Daniel Schneemann,CLE,30,,,,,0,0,0,0,0,0
2026,regular,2026-04-15,691740,Daniel Susac,SFG,30,,,,,0,0,0,0,0,0
2026,regular,2026-04-15,643376,Danny Jansen,TEX,30,,,,,0,0,0,0,0,0
2026,regular,2026-04-15,621020,Dansby Swanson,CHC,30,,,,,0,0,0,0,0,0
2026,regular,2026-04-15,662139,Daulton Varsho,TOR,30,,,,,0,0,0,0,0,0
2026,regular,2026-04-15,666152,David Hamilton,MIL,30,,,,,0,0,0,0,0,0
2026,regular,2026-04-15,676914,Davis Schneider,TOR,30,,,,,0,0,0,0,0,0
2026,regular,2026-04-15,695734,Daylen Lile,WSN,30,,,,,0,0,0,0,0,0
2026,regular,2026-04-15,672016,Denzel Clarke,ATH,30,,,,,0,0,0,0,0,0
2026,regular,2026-04-15,656537,Derek Hill,CHW,30,,,,,0,0,0,0,0,0
2026,regular,2026-04-15,691277,Deyvison De Los Santos,MIA,30,,,,,0,0,0,0,0,0
2026,regular,2026-04-15,686527,Dominic Canzone,SEA,30,,,,,0,0,0,0,0,0
2026,regular,2026-04-15,642086,Dominic Smith,ATL,30,,,,,0,0,0,0,0,0
2026,regular,2026-04-15,686948,Drake Baldwin,ATL,30,,,,,0,0,0,0,0,0
2026,regular,2026-04-15,687551,Drew Gilbert,SFG,30,,,,,0,0,0,0,0,0
2026,regular,2026-04-15,686452,Drew Millas,WSN,30,,,,,0,0,0,0,0,0
2026,regular,2026-04-15,700337,Edgar Quero,CHW,30,,,,,0,0,0,0,0,0
2026,regular,2026-04-15,624641,Edmundo Sosa,PHI,30,,,,,0,0,0,0,0,0
2026,regular,2026-04-15,666397,Edouard Julien,COL,30,,,,,0,0,0,0,0,0
2026,regular,2026-04-15,682829,Elly De La Cruz,CIN,30,,,,,0,0,0,0,0,0
2026,regular,2026-04-15,676391,Ernie Clement,TOR,30,,,,,0,0,0,0,0,0
2026,regular,2026-04-15,553993,Eugenio Suárez,CIN,30,,,,,0,0,0,0,0,0
2026,regular,2026-04-15,694497,Evan Carter,TEX,30,,,,,0,0,0,0,0,0
2026,regular,2026-04-15,677649,Ezequiel Duran,TEX,30,,,,,0,0,0,0,0,0
2026,regular,2026-04-15,678662,Ezequiel Tovar,COL,30,,,,,0,0,0,0,0,0
2026,regular,2026-04-15,665487,Fernando Tatis Jr.,SDP,30,,,,,0,0,0,0,0,0
2026,regular,2026-04-15,682626,Francisco Alvarez,NYM,30,,,,,0,0,0,0,0,0
2026,regular,2026-04-15,596019,Francisco Lindor,NYM,30,,,,,0,0,0,0,0,0
2026,regular,2026-04-15,518692,Freddie Freeman,LAD,30,,,,,0,0,0,0,0,0
2026,regular,2026-04-15,666023,Freddy Fermin,SDP,30,,,,,0,0,0,0,0,0
2026,regular,2026-04-15,669003,Garrett Mitchell,MIL,30,,,,,0,0,0,0,0,0
2026,regular,2026-04-15,596142,Gary Sánchez,MIL,30,,,,,0,0,0,0,0,0
2026,regular,2026-04-15,657757,Gavin Sheets,SDP,30,,,,,0,0,0,0,0,0
2026,regular,2026-04-15,671655,George Valera,CLE,30,,,,,0,0,0,0,0,0
2026,regular,2026-04-15,672695,Geraldo Perdomo,ARI,30,,,,,0,0,0,0,0,0
2026,regular,2026-04-15,519317,Giancarlo Stanton,NYY,30,,,,,0,0,0,0,0,0
2026,regular,2026-04-15,650402,Gleyber Torres,DET,30,,,,,0,0,0,0,0,0
2026,regular,2026-04-15,688363,Graham Pauley,MIA,30,,,,,0,0,0,0,0,0
2026,regular,2026-04-15,683002,Gunnar Henderson,BAL,30,,,,,0,0,0,0,0,0
2026,regular,2026-04-15,671218,Heliot Ramos,SFG,30,,,,,0,0,0,0,0,0
2026,regular,2026-04-15,680779,Henry Davis,PIT,30,,,,,0,0,0,0,0,0
2026,regular,2026-04-15,681715,Heriberto Hernández,MIA,30,,,,,0,0,0,0,0,0
2026,regular,2026-04-15,676439,Hunter Feduccia,TBR,30,,,,,0,0,0,0,0,0
2026,regular,2026-04-15,696100,Hunter Goodman,COL,30,,,,,0,0,0,0,0,0
2026,regular,2026-04-15,808975,Hyeseong Kim,LAD,30,,,,,0,0,0,0,0,0
2026,regular,2026-04-15,664023,Ian Happ,CHC,30,,,,,0,0,0,0,0,0
2026,regular,2026-04-15,545121,Ildemaro Vargas,ARI,30,,,,,0,0,0,0,0,0
2026,regular,2026-04-15,670623,Isaac Paredes,HOU,30,,,,,0,0,0,0,0,0
2026,regular,2026-04-15,643396,Isiah Kiner-Falefa,BOS,30,,,,,0,0,0,0,0,0
2026,regular,2026-04-15,671056,Iván Herrera,STL,30,,,,,0,0,0,0,0,0
2026,regular,2026-04-15,592663,J.T. Realmuto,PHI,30,,,,,0,0,0,0,0,0
2026,regular,2026-04-15,695506,Jac Caglianone,KCR,30,,,,,0,0,0,0,0,0
2026,regular,2026-04-15,701538,Jackson Merrill,SDP,30,,,,,0,0,0,0,0,0
2026,regular,2026-04-15,805779,Jacob Wilson,ATH,30,,,,,0,0,0,0,0,0
2026,regular,2026-04-15,641343,Jake Bauers,MIL,30,,,,,0,0,0,0,0,0
2026,regular,2026-04-15,669394,Jake Burger,TEX,30,,,,,0,0,0,0,0,0
2026,regular,2026-04-15,630105,Jake Cronenworth,SDP,30,,,,,0,0,0,0,0,0
2026,regular,2026-04-15,641584,Jake Fraley,TBR,30,,,,,0,0,0,0,0,0
2026,regular,2026-04-15,664983,Jake McCarthy,COL,30,,,,,0,0,0,0,0,0
2026,regular,2026-04-15,668670,Jake Rogers,DET,30,,,,,0,0,0,0,0,0
2026,regular,2026-04-15,805300,Jakob Marsee,MIA,30,,,,,0,0,0,0,0,0
2026,regular,2026-04-15,681546,James Outman,MIN,30,,,,,0,0,0,0,0,0
2026,regular,2026-04-15,695578,James Wood,WSN,30,,,,,0,0,0,0,0,0
2026,regular,2026-04-15,680776,Jarren Duran,BOS,30,,,,,0,0,0,0,0,0
2026,regular,2026-04-15,595879,Javier Báez,DET,30,,,,,0,0,0,0,0,0
2026,regular,2026-04-15,665862,Jazz Chisholm Jr.,NYY,30,,,,,0,0,0,0,0,0
2026,regular,2026-04-15,643446,Jeff McNeil,ATH,30,,,,,0,0,0,0,0,0
2026,regular,2026-04-15,666464,Jerar Encarnacion,SFG,30,,,,,0,0,0,0,0,0
2026,regular,2026-04-15,669236,Jeremiah Jackson,BAL,30,,,,,0,0,0,0,0,0
2026,regular,2026-04-15,660821,Jesús Sánchez,TOR,30,,,,,0,0,0,0,0,0
2026,regular,2026-04-15,802139,JJ Wetherholt,STL,30,,,,,0,0,0,0,0,0
2026,regular,2026-04-15,666176,Jo Adell,LAA,30,,,,,0,0,0,0,0,0
2026,regular,2026-04-15,592626,Joc Pederson,TEX,30,,,,,0,0,0,0,0,0
2026,regular,2026-04-15,694388,Joey Loperfido,HOU,30,,,,,0,0,0,0,0,0
2026,regular,2026-04-15,687401,Joey Ortiz,MIL,30,,,,,0,0,0,0,0,0
2026,regular,2026-04-15,686894,Joey Wiemer,WSN,30,,,,,0,0,0,0,0,0
2026,regular,2026-04-15,671286,Johnathan Rodríguez,BAL,30,,,,,0,0,0,0,0,0
2026,regular,2026-04-15,666018,Jonathan Aranda,TBR,30,,,,,0,0,0,0,0,0
2026,regular,2026-04-15,663697,Jonathan India,KCR,30,,,,,0,0,0,0,0,0
2026,regular,2026-04-15,676356,Jonny DeLuca,TBR,30,,,,,0,0,0,0,0,0
2026,regular,2026-04-15,678391,Jorbit Vivas,WSN,30,,,,,0,0,0,0,0,0
2026,regular,2026-04-15,687597,Jordan Beck,COL,30,,,,,0,0,0,0,0,0
2026,regular,2026-04-15,691023,Jordan Walker,STL,30,,,,,0,0,0,0,0,0
2026,regular,2026-04-15,678489,Jorge Barrosa,ARI,30,,,,,0,0,0,0,0,0
2026,regular,2026-04-15,699912,Jose Fernandez,ARI,30,,,,,0,0,0,0,0,0
2026,regular,2026-04-15,605137,Josh Bell,MIN,30,,,,,0,0,0,0,0,0
2026,regular,2026-04-15,673962,Josh Jung,TEX,30,,,,,0,0,0,0,0,0
2026,regular,2026-04-15,666139,Josh Lowe,LAA,30,,,,,0,0,0,0,0,0
2026,regular,2026-04-15,647304,Josh Naylor,SEA,30,,,,,0,0,0,0,0,0
2026,regular,2026-04-15,669701,Josh Smith,TEX,30,,,,,0,0,0,0,0,0
2026,regular,2026-04-15,676609,José Caballero,NYY,30,,,,,0,0,0,0,0,0
2026,regular,2026-04-15,608070,José Ramírez,CLE,30,,,,,0,0,0,0,0,0
2026,regular,2026-04-15,677588,José Tena,WSN,30,,,,,0,0,0,0,0,0
2026,regular,2026-04-15,682877,Juan Brito,CLE,30,,,,,0,0,0,0,0,0
2026,regular,2026-04-15,677594,Julio Rodríguez,SEA,30,,,,,0,0,0,0,0,0
2026,regular,2026-04-15,808982,Jung Hoo Lee,SFG,30,,,,,0,0,0,0,0,0
2026,regular,2026-04-15,691406,Junior Caminero,TBR,30,,,,,0,0,0,0,0,0
2026,regular,2026-04-15,702222,Justin Crawford,PHI,30,,,,,0,0,0,0,0,0
2026,regular,2026-04-15,672960,Kazuma Okamoto,TOR,30,,,,,0,0,0,0,0,0
2026,regular,2026-04-15,663647,Ke'Bryan Hayes,CIN,30,,,,,0,0,0,0,0,0
2026,regular,2026-04-15,660688,Keibert Ruiz,WSN,30,,,,,0,0,0,0,0,0
2026,regular,2026-04-15,681481,Kerry Carpenter,DET,30,,,,,0,0,0,0,0,0
2026,regular,2026-04-15,606466,Ketel Marte,ARI,30,,,,,0,0,0,0,0,0
2026,regular,2026-04-15,805808,Kevin McGonigle,DET,30,,,,,0,0,0,0,0,0
2026,regular,2026-04-15,665019,Kody Clemens,MIN,30,,,,,0,0,0,0,0,0
2026,regular,2026-04-15,804606,Konnor Griffin,PIT,30,,,,,0,0,0,0,0,0
2026,regular,2026-04-15,664728,Kyle Isbel,KCR,30,,,,,0,0,0,0,0,0
2026,regular,2026-04-15,691720,Kyle Karros,COL,30,,,,,0,0,0,0,0,0
2026,regular,2026-04-15,700932,Kyle Manzardo,CLE,30,,,,,0,0,0,0,0,0
2026,regular,2026-04-15,656941,Kyle Schwarber,PHI,30,,,,,0,0,0,0,0,0
2026,regular,2026-04-15,663656,Kyle Tucker,LAD,30,,,,,0,0,0,0,0,0
2026,regular,2026-04-15,657041,Lane Thomas,KCR,30,,,,,0,0,0,0,0,0
2026,regular,2026-04-15,671732,Lawrence Butler,ATH,30,,,,,0,0,0,0,0,0
2026,regular,2026-04-15,672820,Lenyn Sosa,TOR,30,,,,,0,0,0,0,0,0
2026,regular,2026-04-15,660844,Leo Rivas,SEA,30,,,,,0,0,0,0,0,0
2026,regular,2026-04-15,665750,Leody Taveras,BAL,30,,,,,0,0,0,0,0,0
2026,regular,2026-04-15,689414,Liam Hicks,MIA,30,,,,,0,0,0,0,0,0
2026,regular,2026-04-15,681351,Logan O'Hoppe,LAA,30,,,,,0,0,0,0,0,0
2026,regular,2026-04-15,650333,Luis Arraez,SFG,30,,,,,0,0,0,0,0,0
2026,regular,2026-04-15,669134,Luis Campusano,SDP,30,,,,,0,0,0,0,0,0
2026,regular,2026-04-15,671277,Luis García Jr.,WSN,30,,,,,0,0,0,0,0,0
2026,regular,2026-04-15,673357,Luis Robert Jr.,NYM,30,,,,,0,0,0,0,0,0
2026,regular,2026-04-15,682668,Luisangel Acuña,CHW,30,,,,,0,0,0,0,0,0
2026,regular,2026-04-15,807712,Luke Keaschall,MIN,30,,,,,0,0,0,0,0,0
2026,regular,2026-04-15,670042,Luke Raley,SEA,30,,,,,0,0,0,0,0,0
2026,regular,2026-04-15,672580,Maikel Garcia,KCR,30,,,,,0,0,0,0,0,0
2026,regular,2026-04-15,592518,Manny Machado,SDP,30,,,,,0,0,0,0,0,0
2026,regular,2026-04-15,542303,Marcell Ozuna,PIT,30,,,,,0,0,0,0,0,0
2026,regular,2026-04-15,691785,Marcelo Mayer,BOS,30,,,,,0,0,0,0,0,0
2026,regular,2026-04-15,543760,Marcus Semien,NYM,30,,,,,0,0,0,0,0,0
2026,regular,2026-04-15,807799,Masataka Yoshida,BOS,30,,,,,0,0,0,0,0,0
2026,regular,2026-04-15,691026,Masyn Winn,STL,30,,,,,0,0,0,0,0,0
2026,regular,2026-04-15,656305,Matt Chapman,SFG,30,,,,,0,0,0,0,0,0
2026,regular,2026-04-15,680574,Matt McLain,CIN,30,,,,,0,0,0,0,0,0
2026,regular,2026-04-15,621566,Matt Olson,ATL,30,,,,,0,0,0,0,0,0
2026,regular,2026-04-15,807713,Matt Shaw,CHC,30,,,,,0,0,0,0,0,0
2026,regular,2026-04-15,663837,Matt Vierling,DET,30,,,,,0,0,0,0,0,0
2026,regular,2026-04-15,670242,Matt Wallner,MIN,30,,,,,0,0,0,0,0,0
2026,regular,2026-04-15,643289,Mauricio Dubón,ATL,30,,,,,0,0,0,0,0,0
2026,regular,2026-04-15,691777,Max Muncy,ATH,30,,,,,0,0,0,0,0,0
2026,regular,2026-04-15,571970,Max Muncy,LAD,30,,,,,0,0,0,0,0,0
2026,regular,2026-04-15,683737,Michael Busch,CHC,30,,,,,0,0,0,0,0,0
2026,regular,2026-04-15,671739,Michael Harris II,ATL,30,,,,,0,0,0,0,0,0
2026,regular,2026-04-15,686681,Michael Massey,KCR,30,,,,,0,0,0,0,0,0
2026,regular,2026-04-15,666160,Mickey Moniak,COL,30,,,,,0,0,0,0,0,0
2026,regular,2026-04-15,665804,Miguel Amaya,CHC,30,,,,,0,0,0,0,0,0
2026,regular,2026-04-15,678246,Miguel Vargas,CHW,30,,,,,0,0,0,0,0,0
2026,regular,2026-04-15,545361,Mike Trout,LAA,30,,,,,0,0,0,0,0,0
2026,regular,2026-04-15,573262,Mike Yastrzemski,ATL,30,,,,,0,0,0,0,0,0
2026,regular,2026-04-15,669004,MJ Melendez,NYM,30,,,,,0,0,0,0,0,0
2026,regular,2026-04-15,808959,Munetaka Murakami,CHW,30,,,,,0,0,0,0,0,0
2026,regular,2026-04-15,664702,Myles Straw,TOR,30,,,,,0,0,0,0,0,0
2026,regular,2026-04-15,683083,Nasim Nuñez,WSN,30,,,,,0,0,0,0,0,0
2026,regular,2026-04-15,701675,Nathan Church,STL,30,,,,,0,0,0,0,0,0
2026,regular,2026-04-15,664770,Nathan Lukes,TOR,30,,,,,0,0,0,0,0,0
2026,regular,2026-04-15,669397,Nick Allen,HOU,30,,,,,0,0,0,0,0,0
2026,regular,2026-04-15,592206,Nick Castellanos,SDP,30,,,,,0,0,0,0,0,0
2026,regular,2026-04-15,693304,Nick Gonzales,PIT,30,,,,,0,0,0,0,0,0
2026,regular,2026-04-15,701762,Nick Kurtz,ATH,30,,,,,0,0,0,0,0,0
2026,regular,2026-04-15,694377,Nick Yorke,PIT,30,,,,,0,0,0,0,0,0
2026,regular,2026-04-15,663538,Nico Hoerner,CHC,30,,,,,0,0,0,0,0,0
2026,regular,2026-04-15,571448,Nolan Arenado,ARI,30,,,,,0,0,0,0,0,0
2026,regular,2026-04-15,669357,Nolan Gorman,STL,30,,,,,0,0,0,0,0,0
2026,regular,2026-04-15,694384,Nolan Schanuel,LAA,30,,,,,0,0,0,0,0,0
2026,regular,2026-04-15,665833,Oneil Cruz,PIT,30,,,,,0,0,0,0,0,0
2026,regular,2026-04-15,672724,Oswald Peraza,LAA,30,,,,,0,0,0,0,0,0
2026,regular,2026-04-15,805249,Otto Kemp,PHI,30,,,,,0,0,0,0,0,0
2026,regular,2026-04-15,672640,Otto Lopez,MIA,30,,,,,0,0,0,0,0,0
2026,regular,2026-04-15,683357,Owen Caissie,MIA,30,,,,,0,0,0,0,0,0
2026,regular,2026-04-15,645277,Ozzie Albies,ATL,30,,,,,0,0,0,0,0,0
2026,regular,2026-04-15,502671,Paul Goldschmidt,NYY,30,,,,,0,0,0,0,0,0
2026,regular,2026-04-15,686780,Pedro Pagés,STL,30,,,,,0,0,0,0,0,0
2026,regular,2026-04-15,624413,Pete Alonso,BAL,30,,,,,0,0,0,0,0,0
2026,regular,2026-04-15,691718,Pete Crow-Armstrong,CHC,30,,,,,0,0,0,0,0,0
2026,regular,2026-04-15,646240,Rafael Devers,SFG,30,,,,,0,0,0,0,0,0
2026,regular,2026-04-15,665561,Rafael Marchán,PHI,30,,,,,0,0,0,0,0,0
2026,regular,2026-04-15,657656,Ramón Laureano,SDP,30,,,,,0,0,0,0,0,0
2026,regular,2026-04-15,602104,Ramón Urías,STL,30,,,,,0,0,0,0,0,0
2026,regular,2026-04-15,545341,Randal Grichuk,NYY,30,,,,,0,0,0,0,0,0
2026,regular,2026-04-15,668227,Randy Arozarena,SEA,30,,,,,0,0,0,0,0,0
2026,regular,2026-04-15,677956,Rece Hinds,CIN,30,,,,,0,0,0,0,0,0
2026,regular,2026-04-15,624512,Reese McGuire,CHW,30,,,,,0,0,0,0,0,0
2026,regular,2026-04-15,656555,Rhys Hoskins,CLE,30,,,,,0,0,0,0,0,0
2026,regular,2026-04-15,680700,Richie Palacios,TBR,30,,,,,0,0,0,0,0,0
2026,regular,2026-04-15,682985,Riley Greene,DET,30,,,,,0,0,0,0,0,0
2026,regular,2026-04-15,701350,Roman Anthony,BOS,30,,,,,0,0,0,0,0,0
2026,regular,2026-04-15,660670,Ronald Acuña Jr.,ATL,30,,,,,0,0,0,0,0,0
2026,regular,2026-04-15,680777,Ryan Jeffers,MIN,30,,,,,0,0,0,0,0,0
2026,regular,2026-04-15,668952,Ryan Kreidler,MIN,30,,,,,0,0,0,0,0,0
2026,regular,2026-04-15,641857,Ryan McMahon,NYY,30,,,,,0,0,0,0,0,0
2026,regular,2026-04-15,656811,Ryan O'Hearn,PIT,30,,,,,0,0,0,0,0,0
2026,regular,2026-04-15,668723,Ryan Vilade,TBR,30,,,,,0,0,0,0,0,0
2026,regular,2026-04-15,686217,Sal Frelick,MIL,30,,,,,0,0,0,0,0,0
2026,regular,2026-04-15,701398,Sal Stewart,CIN,30,,,,,0,0,0,0,0,0
2026,regular,2026-04-15,521692,Salvador Perez,KCR,30,,,,,0,0,0,0,0,0
2026,regular,2026-04-15,803011,Sam Antonacci,CHW,30,,,,,0,0,0,0,0,0
2026,regular,2026-04-15,669087,Sam Huff,BAL,30,,,,,0,0,0,0,0,0
2026,regular,2026-04-15,673548,Seiya Suzuki,CHC,30,,,,,0,0,0,0,0,0
2026,regular,2026-04-15,669127,Shea Langeliers,ATH,30,,,,,0,0,0,0,0,0
2026,regular,2026-04-15,687462,Spencer Horwitz,PIT,30,,,,,0,0,0,0,0,0
2026,regular,2026-04-15,668715,Spencer Steer,CIN,30,,,,,0,0,0,0,0,0
2026,regular,2026-04-15,679529,Spencer Torkelson,DET,30,,,,,0,0,0,0,0,0
2026,regular,2026-04-15,516782,Starling Marte,KCR,30,,,,,0,0,0,0,0,0
2026,regular,2026-04-15,680757,Steven Kwan,CLE,30,,,,,0,0,0,0,0,0
2026,regular,2026-04-15,695020,Tanner Murray,CHW,30,,,,,0,0,0,0,0,0
2026,regular,2026-04-15,670764,Taylor Walls,TBR,30,,,,,0,0,0,0,0,0
2026,regular,2026-04-15,621493,Taylor Ward,BAL,30,,,,,0,0,0,0,0,0
2026,regular,2026-04-15,606192,Teoscar Hernández,LAD,30,,,,,0,0,0,0,0,0
2026,regular,2026-04-15,670770,TJ Friedl,CIN,30,,,,,0,0,0,0,0,0
2026,regular,2026-04-15,681198,TJ Rumfield,COL,30,,,,,0,0,0,0,0,0
2026,regular,2026-04-15,502054,Tommy Pham,NYM,30,,,,,0,0,0,0,0,0
2026,regular,2026-04-15,607208,Trea Turner,PHI,30,,,,,0,0,0,0,0,0
2026,regular,2026-04-15,663757,Trent Grisham,NYY,30,,,,,0,0,0,0,0,0
2026,regular,2026-04-15,596115,Trevor Story,BOS,30,,,,,0,0,0,0,0,0
2026,regular,2026-04-15,656484,Tristan Gray,MIN,30,,,,,0,0,0,0,0,0
2026,regular,2026-04-15,671976,Tristan Peters,CHW,30,,,,,0,0,0,0,0,0
2026,regular,2026-04-15,687859,Troy Johnston,COL,30,,,,,0,0,0,0,0,0
2026,regular,2026-04-15,664034,Ty France,SDP,30,,,,,0,0,0,0,0,0
2026,regular,2026-04-15,671289,Tyler Freeman,COL,30,,,,,0,0,0,0,0,0
2026,regular,2026-04-15,691016,Tyler Soderstrom,ATH,30,,,,,0,0,0,0,0,0
2026,regular,2026-04-15,663886,Tyler Stephenson,CIN,30,,,,,0,0,0,0,0,0
2026,regular,2026-04-15,686475,Tyler Tolbert,KCR,30,,,,,0,0,0,0,0,0
2026,regular,2026-04-15,605170,Victor Caratini,MIN,30,,,,,0,0,0,0,0,0
2026,regular,2026-04-15,687363,Victor Scott II,STL,30,,,,,0,0,0,0,0,0
2026,regular,2026-04-15,686469,Vinnie Pasquantino,KCR,30,,,,,0,0,0,0,0,0
2026,regular,2026-04-15,665489,Vladimir Guerrero Jr.,TOR,30,,,,,0,0,0,0,0,0
2026,regular,2026-04-15,672761,Wenceel Pérez,DET,30,,,,,0,0,0,0,0,0
2026,regular,2026-04-15,642215,Weston Wilson,BAL,30,,,,,0,0,0,0,0,0
2026,regular,2026-04-15,686823,Will Brennan,SFG,30,,,,,0,0,0,0,0,0
2026,regular,2026-04-15,669257,Will Smith,LAD,30,,,,,0,0,0,0,0,0
2026,regular,2026-04-15,650489,Willi Castro,COL,30,,,,,0,0,0,0,0,0
2026,regular,2026-04-15,661388,William Contreras,MIL,30,,,,,0,0,0,0,0,0
2026,regular,2026-04-15,642715,Willy Adames,SFG,30,,,,,0,0,0,0,0,0
2026,regular,2026-04-15,694671,Wyatt Langford,TEX,30,,,,,0,0,0,0,0,0
2026,regular,2026-04-15,593428,Xander Bogaerts,SDP,30,,,,,0,0,0,0,0,0
2026,regular,2026-04-15,669364,Xavier Edwards,MIA,30,,,,,0,0,0,0,0,0
2026,regular,2026-04-15,673237,Yainer Diaz,HOU,30,,,,,0,0,0,0,0,0
2026,regular,2026-04-15,650490,Yandy Díaz,TBR,30,,,,,0,0,0,0,0,0
2026,regular,2026-04-15,670541,Yordan Alvarez,HOU,30,,,,,0,0,0,0,0,0
2026,regular,2026-04-15,660162,Yoán Moncada,LAA,30,,,,,0,0,0,0,0,0
2026,regular,2026-04-15,656716,Zach McKinstry,DET,30,,,,,0,0,0,0,0,0
2026,regular,2026-04-15,687263,Zach Neto,LAA,30,,,,,0,0,0,0,0,0
2026,regular,2026-04-16,592450,Aaron Judge,NYY,30,,,,,0,0,0,0,0,0
2026,regular,2026-04-16,624428,Adam Frazier,LAA,30,,,,,0,0,0,0,0,0
2026,regular,2026-04-16,642708,Amed Rosario,NYY,30,,,,,0,0,0,0,0,0
2026,regular,2026-04-16,643217,Andrew Benintendi,CHW,30,,,,,0,0,0,0,0,0
2026,regular,2026-04-16,457705,Andrew McCutchen,TEX,30,,,,,0,0,0,0,0,0
2026,regular,2026-04-16,665926,Andrés Giménez,TOR,30,,,,,0,0,0,0,0,0
2026,regular,2026-04-16,682657,Angel Martínez,CLE,30,,,,,0,0,0,0,0,0
2026,regular,2026-04-16,595978,Austin Hedges,CLE,30,,,,,0,0,0,0,0,0
2026,regular,2026-04-16,642851,Austin Wynns,ATH,30,,,,,0,0,0,0,0,0
2026,regular,2026-04-16,700250,Ben Rice,NYY,30,,,,,0,0,0,0,0,0
2026,regular,2026-04-16,810938,Ben Williamson,TBR,30,,,,,0,0,0,0,0,0
2026,regular,2026-04-16,695257,Billy Cook,PIT,30,,,,,0,0,0,0,0,0
2026,regular,2026-04-16,677942,Blaze Alexander,BAL,30,,,,,0,0,0,0,0,0
2026,regular,2026-04-16,677951,Bobby Witt Jr.,KCR,30,,,,,0,0,0,0,0,0
2026,regular,2026-04-16,691781,Brady House,WSN,30,,,,,0,0,0,0,0,0
2026,regular,2026-04-16,663604,Brandon Lockridge,MIL,30,,,,,0,0,0,0,0,0
2026,regular,2026-04-16,664040,Brandon Lowe,PIT,30,,,,,0,0,0,0,0,0
2026,regular,2026-04-16,607043,Brandon Nimmo,TEX,30,,,,,0,0,0,0,0,0
2026,regular,2026-04-16,677587,Brayan Rocchio,CLE,30,,,,,0,0,0,0,0,0
2026,regular,2026-04-16,680977,Brendan Donovan,SEA,30,,,,,0,0,0,0,0,0
2026,regular,2026-04-16,686668,Brenton Doyle,COL,30,,,,,0,0,0,0,0,0
2026,regular,2026-04-16,668930,Brice Turang,MIL,30,,,,,0,0,0,0,0,0
2026,regular,2026-04-16,668804,Bryan Reynolds,PIT,30,,,,,0,0,0,0,0,0
2026,regular,2026-04-16,669326,Bryce Teodosio,LAA,30,,,,,0,0,0,0,0,0
2026,regular,2026-04-16,663728,Cal Raleigh,SEA,30,,,,,0,0,0,0,0,0
2026,regular,2026-04-16,701358,Cam Smith,HOU,30,,,,,0,0,0,0,0,0
2026,regular,2026-04-16,621043,Carlos Correa,HOU,30,,,,,0,0,0,0,0,0
2026,regular,2026-04-16,666126,Carlos Cortes,ATH,30,,,,,0,0,0,0,0,0
2026,regular,2026-04-16,695600,Carter Jensen,KCR,30,,,,,0,0,0,0,0,0
2026,regular,2026-04-16,669477,Casey Schmitt,SFG,30,,,,,0,0,0,0,0,0
2026,regular,2026-04-16,656775,Cedric Mullins,TBR,30,,,,,0,0,0,0,0,0
2026,regular,2026-04-16,802415,Chandler Simpson,TBR,30,,,,,0,0,0,0,0,0
2026,regular,2026-04-16,800050,Chase DeLauter,CLE,30,,,,,0,0,0,0,0,0
2026,regular,2026-04-16,805367,Chase Meidroth,CHW,30,,,,,0,0,0,0,0,0
2026,regular,2026-04-16,572233,Christian Walker,HOU,30,,,,,0,0,0,0,0,0
2026,regular,2026-04-16,682928,CJ Abrams,WSN,30,,,,,0,0,0,0,0,0
2026,regular,2026-04-16,691723,Coby Mayo,BAL,30,,,,,0,0,0,0,0,0
2026,regular,2026-04-16,641355,Cody Bellinger,NYY,30,,,,,0,0,0,0,0,0
2026,regular,2026-04-16,702284,Cole Young,SEA,30,,,,,0,0,0,0,0,0
2026,regular,2026-04-16,695657,Colson Montgomery,CHW,30,,,,,0,0,0,0,0,0
2026,regular,2026-04-16,690993,Colt Keith,DET,30,,,,,0,0,0,0,0,0
2026,regular,2026-04-16,681297,Colton Cowser,BAL,30,,,,,0,0,0,0,0,0
2026,regular,2026-04-16,656582,Connor Joe,SEA,30,,,,,0,0,0,0,0,0
2026,regular,2026-04-16,678554,Curtis Mead,WSN,30,,,,,0,0,0,0,0,0
2026,regular,2026-04-16,667472,Dane Myers,CIN,30,,,,,0,0,0,0,0,0
2026,regular,2026-04-16,687231,Darell Hernaiz,ATH,30,,,,,0,0,0,0,0,0
2026,regular,2026-04-16,662139,Daulton Varsho,TOR,30,,,,,0,0,0,0,0,0
2026,regular,2026-04-16,666152,David Hamilton,MIL,30,,,,,0,0,0,0,0,0
2026,regular,2026-04-16,676914,Davis Schneider,TOR,30,,,,,0,0,0,0,0,0
2026,regular,2026-04-16,695734,Daylen Lile,WSN,30,,,,,0,0,0,0,0,0
2026,regular,2026-04-16,672016,Denzel Clarke,ATH,30,,,,,0,0,0,0,0,0
2026,regular,2026-04-16,656537,Derek Hill,CHW,30,,,,,0,0,0,0,0,0
2026,regular,2026-04-16,693307,Dillon Dingler,DET,30,,,,,0,0,0,0,0,0
2026,regular,2026-04-16,686527,Dominic Canzone,SEA,30,,,,,0,0,0,0,0,0
2026,regular,2026-04-16,687551,Drew Gilbert,SFG,30,,,,,0,0,0,0,0,0
2026,regular,2026-04-16,686452,Drew Millas,WSN,30,,,,,0,0,0,0,0,0
2026,regular,2026-04-16,700337,Edgar Quero,CHW,30,,,,,0,0,0,0,0,0
2026,regular,2026-04-16,666397,Edouard Julien,COL,30,,,,,0,0,0,0,0,0
2026,regular,2026-04-16,682829,Elly De La Cruz,CIN,30,,,,,0,0,0,0,0,0
2026,regular,2026-04-16,650391,Eloy Jiménez,TOR,30,,,,,0,0,0,0,0,0
2026,regular,2026-04-16,676391,Ernie Clement,TOR,30,,,,,0,0,0,0,0,0
2026,regular,2026-04-16,553993,Eugenio Suárez,CIN,30,,,,,0,0,0,0,0,0
2026,regular,2026-04-16,694497,Evan Carter,TEX,30,,,,,0,0,0,0,0,0
2026,regular,2026-04-16,677592,Everson Pereira,CHW,30,,,,,0,0,0,0,0,0
2026,regular,2026-04-16,677649,Ezequiel Duran,TEX,30,,,,,0,0,0,0,0,0
2026,regular,2026-04-16,678662,Ezequiel Tovar,COL,30,,,,,0,0,0,0,0,0
2026,regular,2026-04-16,665487,Fernando Tatis Jr.,SDP,30,,,,,0,0,0,0,0,0
2026,regular,2026-04-16,669003,Garrett Mitchell,MIL,30,,,,,0,0,0,0,0,0
2026,regular,2026-04-16,596142,Gary Sánchez,MIL,30,,,,,0,0,0,0,0,0
2026,regular,2026-04-16,657757,Gavin Sheets,SDP,30,,,,,0,0,0,0,0,0
2026,regular,2026-04-16,671655,George Valera,CLE,30,,,,,0,0,0,0,0,0
2026,regular,2026-04-16,519317,Giancarlo Stanton,NYY,30,,,,,0,0,0,0,0,0
2026,regular,2026-04-16,650402,Gleyber Torres,DET,30,,,,,0,0,0,0,0,0
2026,regular,2026-04-16,675659,Greg Jones,MIL,30,,,,,0,0,0,0,0,0
2026,regular,2026-04-16,683002,Gunnar Henderson,BAL,30,,,,,0,0,0,0,0,0
2026,regular,2026-04-16,671218,Heliot Ramos,SFG,30,,,,,0,0,0,0,0,0
2026,regular,2026-04-16,680779,Henry Davis,PIT,30,,,,,0,0,0,0,0,0
2026,regular,2026-04-16,676439,Hunter Feduccia,TBR,30,,,,,0,0,0,0,0,0
2026,regular,2026-04-16,696100,Hunter Goodman,COL,30,,,,,0,0,0,0,0,0
2026,regular,2026-04-16,670623,Isaac Paredes,HOU,30,,,,,0,0,0,0,0,0
2026,regular,2026-04-16,641555,J.C. Escarra,NYY,30,,,,,0,0,0,0,0,0
2026,regular,2026-04-16,641487,J.P. Crawford,SEA,30,,,,,0,0,0,0,0,0
2026,regular,2026-04-16,695506,Jac Caglianone,KCR,30,,,,,0,0,0,0,0,0
2026,regular,2026-04-16,701538,Jackson Merrill,SDP,30,,,,,0,0,0,0,0,0
2026,regular,2026-04-16,805779,Jacob Wilson,ATH,30,,,,,0,0,0,0,0,0
2026,regular,2026-04-16,696285,Jacob Young,WSN,30,,,,,0,0,0,0,0,0
2026,regular,2026-04-16,663330,Jahmai Jones,DET,30,,,,,0,0,0,0,0,0
2026,regular,2026-04-16,641343,Jake Bauers,MIL,30,,,,,0,0,0,0,0,0
2026,regular,2026-04-16,669394,Jake Burger,TEX,30,,,,,0,0,0,0,0,0
2026,regular,2026-04-16,630105,Jake Cronenworth,SDP,30,,,,,0,0,0,0,0,0
2026,regular,2026-04-16,641584,Jake Fraley,TBR,30,,,,,0,0,0,0,0,0
2026,regular,2026-04-16,663968,Jake Mangum,PIT,30,,,,,0,0,0,0,0,0
2026,regular,2026-04-16,664983,Jake McCarthy,COL,30,,,,,0,0,0,0,0,0
2026,regular,2026-04-16,695578,James Wood,WSN,30,,,,,0,0,0,0,0,0
2026,regular,2026-04-16,595879,Javier Báez,DET,30,,,,,0,0,0,0,0,0
2026,regular,2026-04-16,665862,Jazz Chisholm Jr.,NYY,30,,,,,0,0,0,0,0,0
2026,regular,2026-04-16,643446,Jeff McNeil,ATH,30,,,,,0,0,0,0,0,0
2026,regular,2026-04-16,669236,Jeremiah Jackson,BAL,30,,,,,0,0,0,0,0,0
2026,regular,2026-04-16,660821,Jesús Sánchez,TOR,30,,,,,0,0,0,0,0,0
2026,regular,2026-04-16,666176,Jo Adell,LAA,30,,,,,0,0,0,0,0,0
2026,regular,2026-04-16,592626,Joc Pederson,TEX,30,,,,,0,0,0,0,0,0
2026,regular,2026-04-16,663698,Joey Bart,PIT,30,,,,,0,0,0,0,0,0
2026,regular,2026-04-16,694388,Joey Loperfido,HOU,30,,,,,0,0,0,0,0,0
2026,regular,2026-04-16,687401,Joey Ortiz,MIL,30,,,,,0,0,0,0,0,0
2026,regular,2026-04-16,686894,Joey Wiemer,WSN,30,,,,,0,0,0,0,0,0
2026,regular,2026-04-16,671286,Johnathan Rodríguez,BAL,30,,,,,0,0,0,0,0,0
2026,regular,2026-04-16,666018,Jonathan Aranda,TBR,30,,,,,0,0,0,0,0,0
2026,regular,2026-04-16,663697,Jonathan India,KCR,30,,,,,0,0,0,0,0,0
2026,regular,2026-04-16,676356,Jonny DeLuca,TBR,30,,,,,0,0,0,0,0,0
2026,regular,2026-04-16,678391,Jorbit Vivas,WSN,30,,,,,0,0,0,0,0,0
2026,regular,2026-04-16,514888,Jose Altuve,HOU,30,,,,,0,0,0,0,0,0
2026,regular,2026-04-16,673962,Josh Jung,TEX,30,,,,,0,0,0,0,0,0
2026,regular,2026-04-16,666139,Josh Lowe,LAA,30,,,,,0,0,0,0,0,0
2026,regular,2026-04-16,647304,Josh Naylor,SEA,30,,,,,0,0,0,0,0,0
2026,regular,2026-04-16,669701,Josh Smith,TEX,30,,,,,0,0,0,0,0,0
2026,regular,2026-04-16,676609,José Caballero,NYY,30,,,,,0,0,0,0,0,0
2026,regular,2026-04-16,608070,José Ramírez,CLE,30,,,,,0,0,0,0,0,0
2026,regular,2026-04-16,682877,Juan Brito,CLE,30,,,,,0,0,0,0,0,0
2026,regular,2026-04-16,677594,Julio Rodríguez,SEA,30,,,,,0,0,0,0,0,0
2026,regular,2026-04-16,808982,Jung Hoo Lee,SFG,30,,,,,0,0,0,0,0,0
2026,regular,2026-04-16,691406,Junior Caminero,TBR,30,,,,,0,0,0,0,0,0
2026,regular,2026-04-16,672960,Kazuma Okamoto,TOR,30,,,,,0,0,0,0,0,0
2026,regular,2026-04-16,663647,Ke'Bryan Hayes,CIN,30,,,,,0,0,0,0,0,0
2026,regular,2026-04-16,660688,Keibert Ruiz,WSN,30,,,,,0,0,0,0,0,0
2026,regular,2026-04-16,681481,Kerry Carpenter,DET,30,,,,,0,0,0,0,0,0
2026,regular,2026-04-16,805808,Kevin McGonigle,DET,30,,,,,0,0,0,0,0,0
2026,regular,2026-04-16,804606,Konnor Griffin,PIT,30,,,,,0,0,0,0,0,0
2026,regular,2026-04-16,543309,Kyle Higashioka,TEX,30,,,,,0,0,0,0,0,0
2026,regular,2026-04-16,664728,Kyle Isbel,KCR,30,,,,,0,0,0,0,0,0
2026,regular,2026-04-16,691720,Kyle Karros,COL,30,,,,,0,0,0,0,0,0
2026,regular,2026-04-16,700932,Kyle Manzardo,CLE,30,,,,,0,0,0,0,0,0
2026,regular,2026-04-16,657041,Lane Thomas,KCR,30,,,,,0,0,0,0,0,0
2026,regular,2026-04-16,671732,Lawrence Butler,ATH,30,,,,,0,0,0,0,0,0
2026,regular,2026-04-16,672820,Lenyn Sosa,TOR,30,,,,,0,0,0,0,0,0
2026,regular,2026-04-16,665750,Leody Taveras,BAL,30,,,,,0,0,0,0,0,0
2026,regular,2026-04-16,650333,Luis Arraez,SFG,30,,,,,0,0,0,0,0,0
2026,regular,2026-04-16,669134,Luis Campusano,SDP,30,,,,,0,0,0,0,0,0
2026,regular,2026-04-16,671277,Luis García Jr.,WSN,30,,,,,0,0,0,0,0,0
2026,regular,2026-04-16,682641,Luis Matos,MIL,30,,,,,0,0,0,0,0,0
2026,regular,2026-04-16,650859,Luis Rengifo,MIL,30,,,,,0,0,0,0,0,0
2026,regular,2026-04-16,670042,Luke Raley,SEA,30,,,,,0,0,0,0,0,0
2026,regular,2026-04-16,672580,Maikel Garcia,KCR,30,,,,,0,0,0,0,0,0
2026,regular,2026-04-16,592518,Manny Machado,SDP,30,,,,,0,0,0,0,0,0
2026,regular,2026-04-16,542303,Marcell Ozuna,PIT,30,,,,,0,0,0,0,0,0
2026,regular,2026-04-16,656305,Matt Chapman,SFG,30,,,,,0,0,0,0,0,0
2026,regular,2026-04-16,680574,Matt McLain,CIN,30,,,,,0,0,0,0,0,0
2026,regular,2026-04-16,663837,Matt Vierling,DET,30,,,,,0,0,0,0,0,0
2026,regular,2026-04-16,686681,Michael Massey,KCR,30,,,,,0,0,0,0,0,0
2026,regular,2026-04-16,666160,Mickey Moniak,COL,30,,,,,0,0,0,0,0,0
2026,regular,2026-04-16,609280,Miguel Andujar,SDP,30,,,,,0,0,0,0,0,0
2026,regular,2026-04-16,678246,Miguel Vargas,CHW,30,,,,,0,0,0,0,0,0
2026,regular,2026-04-16,545361,Mike Trout,LAA,30,,,,,0,0,0,0,0,0
2026,regular,2026-04-16,641598,Mitch Garver,SEA,30,,,,,0,0,0,0,0,0
2026,regular,2026-04-16,808959,Munetaka Murakami,CHW,30,,,,,0,0,0,0,0,0
2026,regular,2026-04-16,683083,Nasim Nuñez,WSN,30,,,,,0,0,0,0,0,0
2026,regular,2026-04-16,669397,Nick Allen,HOU,30,,,,,0,0,0,0,0,0
2026,regular,2026-04-16,663743,Nick Fortes,TBR,30,,,,,0,0,0,0,0,0
2026,regular,2026-04-16,693304,Nick Gonzales,PIT,30,,,,,0,0,0,0,0,0
2026,regular,2026-04-16,701762,Nick Kurtz,ATH,30,,,,,0,0,0,0,0,0
2026,regular,2026-04-16,694377,Nick Yorke,PIT,30,,,,,0,0,0,0,0,0
2026,regular,2026-04-16,694384,Nolan Schanuel,LAA,30,,,,,0,0,0,0,0,0
2026,regular,2026-04-16,665833,Oneil Cruz,PIT,30,,,,,0,0,0,0,0,0
2026,regular,2026-04-16,672724,Oswald Peraza,LAA,30,,,,,0,0,0,0,0,0
2026,regular,2026-04-16,664731,P.J. Higgins,CIN,30,,,,,0,0,0,0,0,0
2026,regular,2026-04-16,672275,Patrick Bailey,SFG,30,,,,,0,0,0,0,0,0
2026,regular,2026-04-16,624413,Pete Alonso,BAL,30,,,,,0,0,0,0,0,0
2026,regular,2026-04-16,646240,Rafael Devers,SFG,30,,,,,0,0,0,0,0,0
2026,regular,2026-04-16,657656,Ramón Laureano,SDP,30,,,,,0,0,0,0,0,0
2026,regular,2026-04-16,668227,Randy Arozarena,SEA,30,,,,,0,0,0,0,0,0
2026,regular,2026-04-16,677956,Rece Hinds,CIN,30,,,,,0,0,0,0,0,0
2026,regular,2026-04-16,680700,Richie Palacios,TBR,30,,,,,0,0,0,0,0,0
2026,regular,2026-04-16,682985,Riley Greene,DET,30,,,,,0,0,0,0,0,0
2026,regular,2026-04-16,656811,Ryan O'Hearn,PIT,30,,,,,0,0,0,0,0,0
2026,regular,2026-04-16,668723,Ryan Vilade,TBR,30,,,,,0,0,0,0,0,0
2026,regular,2026-04-16,686217,Sal Frelick,MIL,30,,,,,0,0,0,0,0,0
2026,regular,2026-04-16,701398,Sal Stewart,CIN,30,,,,,0,0,0,0,0,0
2026,regular,2026-04-16,521692,Salvador Perez,KCR,30,,,,,0,0,0,0,0,0
2026,regular,2026-04-16,803011,Sam Antonacci,CHW,30,,,,,0,0,0,0,0,0
2026,regular,2026-04-16,664059,Sam Haggerty,TEX,30,,,,,0,0,0,0,0,0
2026,regular,2026-04-16,694212,Samuel Basallo,BAL,30,,,,,0,0,0,0,0,0
2026,regular,2026-04-16,669127,Shea Langeliers,ATH,30,,,,,0,0,0,0,0,0
2026,regular,2026-04-16,687462,Spencer Horwitz,PIT,30,,,,,0,0,0,0,0,0
2026,regular,2026-04-16,668715,Spencer Steer,CIN,30,,,,,0,0,0,0,0,0
2026,regular,2026-04-16,679529,Spencer Torkelson,DET,30,,,,,0,0,0,0,0,0
2026,regular,2026-04-16,680757,Steven Kwan,CLE,30,,,,,0,0,0,0,0,0
2026,regular,2026-04-16,695020,Tanner Murray,CHW,30,,,,,0,0,0,0,0,0
2026,regular,2026-04-16,666211,Taylor Trammell,HOU,30,,,,,0,0,0,0,0,0
2026,regular,2026-04-16,670764,Taylor Walls,TBR,30,,,,,0,0,0,0,0,0
2026,regular,2026-04-16,621493,Taylor Ward,BAL,30,,,,,0,0,0,0,0,0
2026,regular,2026-04-16,670770,TJ Friedl,CIN,30,,,,,0,0,0,0,0,0
2026,regular,2026-04-16,681198,TJ Rumfield,COL,30,,,,,0,0,0,0,0,0
2026,regular,2026-04-16,518595,Travis d'Arnaud,LAA,30,,,,,0,0,0,0,0,0
2026,regular,2026-04-16,663757,Trent Grisham,NYY,30,,,,,0,0,0,0,0,0
2026,regular,2026-04-16,671976,Tristan Peters,CHW,30,,,,,0,0,0,0,0,0
2026,regular,2026-04-16,687859,Troy Johnston,COL,30,,,,,0,0,0,0,0,0
2026,regular,2026-04-16,671289,Tyler Freeman,COL,30,,,,,0,0,0,0,0,0
2026,regular,2026-04-16,623168,Tyler Heineman,TOR,30,,,,,0,0,0,0,0,0
2026,regular,2026-04-16,691016,Tyler Soderstrom,ATH,30,,,,,0,0,0,0,0,0
2026,regular,2026-04-16,687093,Vaughn Grissom,LAA,30,,,,,0,0,0,0,0,0
2026,regular,2026-04-16,686469,Vinnie Pasquantino,KCR,30,,,,,0,0,0,0,0,0
2026,regular,2026-04-16,665489,Vladimir Guerrero Jr.,TOR,30,,,,,0,0,0,0,0,0
2026,regular,2026-04-16,672761,Wenceel Pérez,DET,30,,,,,0,0,0,0,0,0
2026,regular,2026-04-16,686823,Will Brennan,SFG,30,,,,,0,0,0,0,0,0
2026,regular,2026-04-16,661388,William Contreras,MIL,30,,,,,0,0,0,0,0,0
2026,regular,2026-04-16,642715,Willy Adames,SFG,30,,,,,0,0,0,0,0,0
2026,regular,2026-04-16,694671,Wyatt Langford,TEX,30,,,,,0,0,0,0,0,0
2026,regular,2026-04-16,593428,Xander Bogaerts,SDP,30,,,,,0,0,0,0,0,0
2026,regular,2026-04-16,673237,Yainer Diaz,HOU,30,,,,,0,0,0,0,0,0
2026,regular,2026-04-16,650490,Yandy Díaz,TBR,30,,,,,0,0,0,0,0,0
2026,regular,2026-04-16,670541,Yordan Alvarez,HOU,30,,,,,0,0,0,0,0,0
2026,regular,2026-04-16,687263,Zach Neto,LAA,30,,,,,0,0,0,0,0,0
2026,regular,2026-04-16,680869,Zack Gelof,ATH,30,,,,,0,0,0,0,0,0
2026,regular,2026-04-17,592450,Aaron Judge,NYY,30,,,,,0,0,0,0,0,0
2026,regular,2026-04-17,624428,Adam Frazier,LAA,30,,,,,0,0,0,0,0,0
2026,regular,2026-04-17,666969,Adolis García,PHI,30,,,,,0,0,0,0,0,0
2026,regular,2026-04-17,682663,Agustín Ramírez,MIA,30,,,,,0,0,0,0,0,0
2026,regular,2026-04-17,664761,Alec Bohm,PHI,30,,,,,0,0,0,0,0,0
2026,regular,2026-04-17,676475,Alec Burleson,STL,30,,,,,0,0,0,0,0,0
2026,regular,2026-04-17,608324,Alex Bregman,CHC,30,,,,,0,0,0,0,0,0
2026,regular,2026-04-17,690976,Alex Freeland,LAD,30,,,,,0,0,0,0,0,0
2026,regular,2026-04-17,642708,Amed Rosario,NYY,30,,,,,0,0,0,0,0,0
2026,regular,2026-04-17,643217,Andrew Benintendi,CHW,30,,,,,0,0,0,0,0,0
2026,regular,2026-04-17,457705,Andrew McCutchen,TEX,30,,,,,0,0,0,0,0,0
2026,regular,2026-04-17,665926,Andrés Giménez,TOR,30,,,,,0,0,0,0,0,0
2026,regular,2026-04-17,628451,Andy Ibáñez,ATH,30,,,,,0,0,0,0,0,0
2026,regular,2026-04-17,681624,Andy Pages,LAD,30,,,,,0,0,0,0,0,0
2026,regular,2026-04-17,682657,Angel Martínez,CLE,30,,,,,0,0,0,0,0,0
2026,regular,2026-04-17,668885,Austin Martin,MIN,30,,,,,0,0,0,0,0,0
2026,regular,2026-04-17,663586,Austin Riley,ATL,30,,,,,0,0,0,0,0,0
2026,regular,2026-04-17,596103,Austin Slater,MIA,30,,,,,0,0,0,0,0,0
2026,regular,2026-04-17,669224,Austin Wells,NYY,30,,,,,0,0,0,0,0,0
2026,regular,2026-04-17,700250,Ben Rice,NYY,30,,,,,0,0,0,0,0,0
2026,regular,2026-04-17,810938,Ben Williamson,TBR,30,,,,,0,0,0,0,0,0
2026,regular,2026-04-17,695257,Billy Cook,PIT,30,,,,,0,0,0,0,0,0
2026,regular,2026-04-17,677942,Blaze Alexander,BAL,30,,,,,0,0,0,0,0,0
2026,regular,2026-04-17,666182,Bo Bichette,NYM,30,,,,,0,0,0,0,0,0
2026,regular,2026-04-17,666310,Bo Naylor,CLE,30,,,,,0,0,0,0,0,0
2026,regular,2026-04-17,677951,Bobby Witt Jr.,KCR,30,,,,,0,0,0,0,0,0
2026,regular,2026-04-17,691781,Brady House,WSN,30,,,,,0,0,0,0,0,0
2026,regular,2026-04-17,664040,Brandon Lowe,PIT,30,,,,,0,0,0,0,0,0
2026,regular,2026-04-17,607043,Brandon Nimmo,TEX,30,,,,,0,0,0,0,0,0
2026,regular,2026-04-17,680977,Brendan Donovan,SEA,30,,,,,0,0,0,0,0,0
2026,regular,2026-04-17,686668,Brenton Doyle,COL,30,,,,,0,0,0,0,0,0
2026,regular,2026-04-17,683146,Brett Baty,NYM,30,,,,,0,0,0,0,0,0
2026,regular,2026-04-17,664954,Brett Sullivan,COL,30,,,,,0,0,0,0,0,0
2026,regular,2026-04-17,694728,Brice Matthews,HOU,30,,,,,0,0,0,0,0,0
2026,regular,2026-04-17,668930,Brice Turang,MIL,30,,,,,0,0,0,0,0,0
2026,regular,2026-04-17,686797,Brooks Lee,MIN,30,,,,,0,0,0,0,0,0
2026,regular,2026-04-17,668804,Bryan Reynolds,PIT,30,,,,,0,0,0,0,0,0
2026,regular,2026-04-17,547180,Bryce Harper,PHI,30,,,,,0,0,0,0,0,0
2026,regular,2026-04-17,669369,Bryce Johnson,SDP,30,,,,,0,0,0,0,0,0
2026,regular,2026-04-17,669326,Bryce Teodosio,LAA,30,,,,,0,0,0,0,0,0
2026,regular,2026-04-17,621439,Byron Buxton,MIN,30,,,,,0,0,0,0,0,0
2026,regular,2026-04-17,663728,Cal Raleigh,SEA,30,,,,,0,0,0,0,0,0
2026,regular,2026-04-17,702332,Caleb Durbin,BOS,30,,,,,0,0,0,0,0,0
2026,regular,2026-04-17,701358,Cam Smith,HOU,30,,,,,0,0,0,0,0,0
2026,regular,2026-04-17,621043,Carlos Correa,HOU,30,,,,,0,0,0,0,0,0
2026,regular,2026-04-17,666126,Carlos Cortes,ATH,30,,,,,0,0,0,0,0,0
2026,regular,2026-04-17,701807,Carson Benge,NYM,30,,,,,0,0,0,0,0,0
2026,regular,2026-04-17,608348,Carson Kelly,CHC,30,,,,,0,0,0,0,0,0
2026,regular,2026-04-17,695600,Carter Jensen,KCR,30,,,,,0,0,0,0,0,0
2026,regular,2026-04-17,669477,Casey Schmitt,SFG,30,,,,,0,0,0,0,0,0
2026,regular,2026-04-17,678882,Ceddanne Rafaela,BOS,30,,,,,0,0,0,0,0,0
2026,regular,2026-04-17,656775,Cedric Mullins,TBR,30,,,,,0,0,0,0,0,0
2026,regular,2026-04-17,802415,Chandler Simpson,TBR,30,,,,,0,0,0,0,0,0
2026,regular,2026-04-17,800050,Chase DeLauter,CLE,30,,,,,0,0,0,0,0,0
2026,regular,2026-04-17,805367,Chase Meidroth,CHW,30,,,,,0,0,0,0,0,0
2026,regular,2026-04-17,543877,Christian Vázquez,HOU,30,,,,,0,0,0,0,0,0
2026,regular,2026-04-17,572233,Christian Walker,HOU,30,,,,,0,0,0,0,0,0
2026,regular,2026-04-17,682928,CJ Abrams,WSN,30,,,,,0,0,0,0,0,0
2026,regular,2026-04-17,691723,Coby Mayo,BAL,30,,,,,0,0,0,0,0,0
2026,regular,2026-04-17,641355,Cody Bellinger,NYY,30,,,,,0,0,0,0,0,0
2026,regular,2026-04-17,702284,Cole Young,SEA,30,,,,,0,0,0,0,0,0
2026,regular,2026-04-17,695657,Colson Montgomery,CHW,30,,,,,0,0,0,0,0,0
2026,regular,2026-04-17,681297,Colton Cowser,BAL,30,,,,,0,0,0,0,0,0
2026,regular,2026-04-17,681393,Connor Norby,MIA,30,,,,,0,0,0,0,0,0
2026,regular,2026-04-17,657136,Connor Wong,BOS,30,,,,,0,0,0,0,0,0
2026,regular,2026-04-17,682998,Corbin Carroll,ARI,30,,,,,0,0,0,0,0,0
2026,regular,2026-04-17,608369,Corey Seager,TEX,30,,,,,0,0,0,0,0,0
2026,regular,2026-04-17,678554,Curtis Mead,WSN,30,,,,,0,0,0,0,0,0
2026,regular,2026-04-17,667472,Dane Myers,CIN,30,,,,,0,0,0,0,0,0
2026,regular,2026-04-17,682177,Daniel Schneemann,CLE,30,,,,,0,0,0,0,0,0
2026,regular,2026-04-17,691740,Daniel Susac,SFG,30,,,,,0,0,0,0,0,0
2026,regular,2026-04-17,643376,Danny Jansen,TEX,30,,,,,0,0,0,0,0,0
2026,regular,2026-04-17,621020,Dansby Swanson,CHC,30,,,,,0,0,0,0,0,0
2026,regular,2026-04-17,662139,Daulton Varsho,TOR,30,,,,,0,0,0,0,0,0
2026,regular,2026-04-17,666152,David Hamilton,MIL,30,,,,,0,0,0,0,0,0
2026,regular,2026-04-17,676914,Davis Schneider,TOR,30,,,,,0,0,0,0,0,0
2026,regular,2026-04-17,695734,Daylen Lile,WSN,30,,,,,0,0,0,0,0,0
2026,regular,2026-04-17,672016,Denzel Clarke,ATH,30,,,,,0,0,0,0,0,0
2026,regular,2026-04-17,693307,Dillon Dingler,DET,30,,,,,0,0,0,0,0,0
2026,regular,2026-04-17,686527,Dominic Canzone,SEA,30,,,,,0,0,0,0,0,0
2026,regular,2026-04-17,642086,Dominic Smith,ATL,30,,,,,0,0,0,0,0,0
2026,regular,2026-04-17,686948,Drake Baldwin,ATL,30,,,,,0,0,0,0,0,0
2026,regular,2026-04-17,687551,Drew Gilbert,SFG,30,,,,,0,0,0,0,0,0
2026,regular,2026-04-17,687637,Dylan Beavers,BAL,30,,,,,0,0,0,0,0,0
2026,regular,2026-04-17,664238,Dylan Moore,PHI,30,,,,,0,0,0,0,0,0
2026,regular,2026-04-17,700337,Edgar Quero,CHW,30,,,,,0,0,0,0,0,0
2026,regular,2026-04-17,624641,Edmundo Sosa,PHI,30,,,,,0,0,0,0,0,0
2026,regular,2026-04-17,666397,Edouard Julien,COL,30,,,,,0,0,0,0,0,0
2026,regular,2026-04-17,642201,Eli White,ATL,30,,,,,0,0,0,0,0,0
2026,regular,2026-04-17,682829,Elly De La Cruz,CIN,30,,,,,0,0,0,0,0,0
2026,regular,2026-04-17,676391,Ernie Clement,TOR,30,,,,,0,0,0,0,0,0
2026,regular,2026-04-17,553993,Eugenio Suárez,CIN,30,,,,,0,0,0,0,0,0
2026,regular,2026-04-17,694497,Evan Carter,TEX,30,,,,,0,0,0,0,0,0
2026,regular,2026-04-17,677592,Everson Pereira,CHW,30,,,,,0,0,0,0,0,0
2026,regular,2026-04-17,678662,Ezequiel Tovar,COL,30,,,,,0,0,0,0,0,0
2026,regular,2026-04-17,665487,Fernando Tatis Jr.,SDP,30,,,,,0,0,0,0,0,0
2026,regular,2026-04-17,682626,Francisco Alvarez,NYM,30,,,,,0,0,0,0,0,0
2026,regular,2026-04-17,596019,Francisco Lindor,NYM,30,,,,,0,0,0,0,0,0
2026,regular,2026-04-17,518692,Freddie Freeman,LAD,30,,,,,0,0,0,0,0,0
2026,regular,2026-04-17,669003,Garrett Mitchell,MIL,30,,,,,0,0,0,0,0,0
2026,regular,2026-04-17,596142,Gary Sánchez,MIL,30,,,,,0,0,0,0,0,0
2026,regular,2026-04-17,657757,Gavin Sheets,SDP,30,,,,,0,0,0,0,0,0
2026,regular,2026-04-17,671655,George Valera,CLE,30,,,,,0,0,0,0,0,0
2026,regular,2026-04-17,672695,Geraldo Perdomo,ARI,30,,,,,0,0,0,0,0,0
2026,regular,2026-04-17,519317,Giancarlo Stanton,NYY,30,,,,,0,0,0,0,0,0
2026,regular,2026-04-17,650402,Gleyber Torres,DET,30,,,,,0,0,0,0,0,0
2026,regular,2026-04-17,688363,Graham Pauley,MIA,30,,,,,0,0,0,0,0,0
2026,regular,2026-04-17,675659,Greg Jones,MIL,30,,,,,0,0,0,0,0,0
2026,regular,2026-04-17,683002,Gunnar Henderson,BAL,30,,,,,0,0,0,0,0,0
2026,regular,2026-04-17,701678,Hao-Yu  Lee,DET,30,,,,,0,0,0,0,0,0
2026,regular,2026-04-17,671218,Heliot Ramos,SFG,30,,,,,0,0,0,0,0,0
2026,regular,2026-04-17,680779,Henry Davis,PIT,30,,,,,0,0,0,0,0,0
2026,regular,2026-04-17,681715,Heriberto Hernández,MIA,30,,,,,0,0,0,0,0,0
2026,regular,2026-04-17,808975,Hyeseong Kim,LAD,30,,,,,0,0,0,0,0,0
2026,regular,2026-04-17,664023,Ian Happ,CHC,30,,,,,0,0,0,0,0,0
2026,regular,2026-04-17,545121,Ildemaro Vargas,ARI,30,,,,,0,0,0,0,0,0
2026,regular,2026-04-17,670623,Isaac Paredes,HOU,30,,,,,0,0,0,0,0,0
2026,regular,2026-04-17,671056,Iván Herrera,STL,30,,,,,0,0,0,0,0,0
2026,regular,2026-04-17,641487,J.P. Crawford,SEA,30,,,,,0,0,0,0,0,0
2026,regular,2026-04-17,592663,J.T. Realmuto,PHI,30,,,,,0,0,0,0,0,0
2026,regular,2026-04-17,695506,Jac Caglianone,KCR,30,,,,,0,0,0,0,0,0
2026,regular,2026-04-17,701538,Jackson Merrill,SDP,30,,,,,0,0,0,0,0,0
2026,regular,2026-04-17,805779,Jacob Wilson,ATH,30,,,,,0,0,0,0,0,0
2026,regular,2026-04-17,696285,Jacob Young,WSN,30,,,,,0,0,0,0,0,0
2026,regular,2026-04-17,663330,Jahmai Jones,DET,30,,,,,0,0,0,0,0,0
2026,regular,2026-04-17,641343,Jake Bauers,MIL,30,,,,,0,0,0,0,0,0
2026,regular,2026-04-17,669394,Jake Burger,TEX,30,,,,,0,0,0,0,0,0
2026,regular,2026-04-17,630105,Jake Cronenworth,SDP,30,,,,,0,0,0,0,0,0
2026,regular,2026-04-17,641584,Jake Fraley,TBR,30,,,,,0,0,0,0,0,0
2026,regular,2026-04-17,664983,Jake McCarthy,COL,30,,,,,0,0,0,0,0,0
2026,regular,2026-04-17,805300,Jakob Marsee,MIA,30,,,,,0,0,0,0,0,0
2026,regular,2026-04-17,543510,James McCann,ARI,30,,,,,0,0,0,0,0,0
2026,regular,2026-04-17,681546,James Outman,MIN,30,,,,,0,0,0,0,0,0
2026,regular,2026-04-17,695578,James Wood,WSN,30,,,,,0,0,0,0,0,0
2026,regular,2026-04-17,680776,Jarren Duran,BOS,30,,,,,0,0,0,0,0,0
2026,regular,2026-04-17,595879,Javier Báez,DET,30,,,,,0,0,0,0,0,0
2026,regular,2026-04-17,691594,Javier Sanoja,MIA,30,,,,,0,0,0,0,0,0
2026,regular,2026-04-17,665862,Jazz Chisholm Jr.,NYY,30,,,,,0,0,0,0,0,0
2026,regular,2026-04-17,643446,Jeff McNeil,ATH,30,,,,,0,0,0,0,0,0
2026,regular,2026-04-17,669236,Jeremiah Jackson,BAL,30,,,,,0,0,0,0,0,0
2026,regular,2026-04-17,660821,Jesús Sánchez,TOR,30,,,,,0,0,0,0,0,0
2026,regular,2026-04-17,802139,JJ Wetherholt,STL,30,,,,,0,0,0,0,0,0
2026,regular,2026-04-17,666176,Jo Adell,LAA,30,,,,,0,0,0,0,0,0
2026,regular,2026-04-17,592626,Joc Pederson,TEX,30,,,,,0,0,0,0,0,0
2026,regular,2026-04-17,694388,Joey Loperfido,HOU,30,,,,,0,0,0,0,0,0
2026,regular,2026-04-17,687401,Joey Ortiz,MIL,30,,,,,0,0,0,0,0,0
2026,regular,2026-04-17,686894,Joey Wiemer,WSN,30,,,,,0,0,0,0,0,0
2026,regular,2026-04-17,671286,Johnathan Rodríguez,BAL,30,,,,,0,0,0,0,0,0
2026,regular,2026-04-17,666018,Jonathan Aranda,TBR,30,,,,,0,0,0,0,0,0
2026,regular,2026-04-17,663697,Jonathan India,KCR,30,,,,,0,0,0,0,0,0
2026,regular,2026-04-17,678391,Jorbit Vivas,WSN,30,,,,,0,0,0,0,0,0
2026,regular,2026-04-17,691023,Jordan Walker,STL,30,,,,,0,0,0,0,0,0
2026,regular,2026-04-17,678489,Jorge Barrosa,ARI,30,,,,,0,0,0,0,0,0
2026,regular,2026-04-17,514888,Jose Altuve,HOU,30,,,,,0,0,0,0,0,0
2026,regular,2026-04-17,699912,Jose Fernandez,ARI,30,,,,,0,0,0,0,0,0
2026,regular,2026-04-17,605137,Josh Bell,MIN,30,,,,,0,0,0,0,0,0
2026,regular,2026-04-17,673962,Josh Jung,TEX,30,,,,,0,0,0,0,0,0
2026,regular,2026-04-17,666139,Josh Lowe,LAA,30,,,,,0,0,0,0,0,0
2026,regular,2026-04-17,647304,Josh Naylor,SEA,30,,,,,0,0,0,0,0,0
2026,regular,2026-04-17,669701,Josh Smith,TEX,30,,,,,0,0,0,0,0,0
2026,regular,2026-04-17,676609,José Caballero,NYY,30,,,,,0,0,0,0,0,0
2026,regular,2026-04-17,608070,José Ramírez,CLE,30,,,,,0,0,0,0,0,0
2026,regular,2026-04-17,677588,José Tena,WSN,30,,,,,0,0,0,0,0,0
2026,regular,2026-04-17,682877,Juan Brito,CLE,30,,,,,0,0,0,0,0,0
2026,regular,2026-04-17,677594,Julio Rodríguez,SEA,30,,,,,0,0,0,0,0,0
2026,regular,2026-04-17,808982,Jung Hoo Lee,SFG,30,,,,,0,0,0,0,0,0
2026,regular,2026-04-17,691406,Junior Caminero,TBR,30,,,,,0,0,0,0,0,0
2026,regular,2026-04-17,702222,Justin Crawford,PHI,30,,,,,0,0,0,0,0,0
2026,regular,2026-04-17,672960,Kazuma Okamoto,TOR,30,,,,,0,0,0,0,0,0
2026,regular,2026-04-17,663647,Ke'Bryan Hayes,CIN,30,,,,,0,0,0,0,0,0
2026,regular,2026-04-17,660688,Keibert Ruiz,WSN,30,,,,,0,0,0,0,0,0
2026,regular,2026-04-17,606466,Ketel Marte,ARI,30,,,,,0,0,0,0,0,0
2026,regular,2026-04-17,805808,Kevin McGonigle,DET,30,,,,,0,0,0,0,0,0
2026,regular,2026-04-17,804606,Konnor Griffin,PIT,30,,,,,0,0,0,0,0,0
2026,regular,2026-04-17,664728,Kyle Isbel,KCR,30,,,,,0,0,0,0,0,0
2026,regular,2026-04-17,691720,Kyle Karros,COL,30,,,,,0,0,0,0,0,0
2026,regular,2026-04-17,700932,Kyle Manzardo,CLE,30,,,,,0,0,0,0,0,0
2026,regular,2026-04-17,656941,Kyle Schwarber,PHI,30,,,,,0,0,0,0,0,0
2026,regular,2026-04-17,663656,Kyle Tucker,LAD,30,,,,,0,0,0,0,0,0
2026,regular,2026-04-17,657041,Lane Thomas,KCR,30,,,,,0,0,0,0,0,0
2026,regular,2026-04-17,671732,Lawrence Butler,ATH,30,,,,,0,0,0,0,0,0
2026,regular,2026-04-17,672820,Lenyn Sosa,TOR,30,,,,,0,0,0,0,0,0
2026,regular,2026-04-17,660844,Leo Rivas,SEA,30,,,,,0,0,0,0,0,0
2026,regular,2026-04-17,665750,Leody Taveras,BAL,30,,,,,0,0,0,0,0,0
2026,regular,2026-04-17,689414,Liam Hicks,MIA,30,,,,,0,0,0,0,0,0
2026,regular,2026-04-17,681351,Logan O'Hoppe,LAA,30,,,,,0,0,0,0,0,0
2026,regular,2026-04-17,650333,Luis Arraez,SFG,30,,,,,0,0,0,0,0,0
2026,regular,2026-04-17,669134,Luis Campusano,SDP,30,,,,,0,0,0,0,0,0
2026,regular,2026-04-17,671277,Luis García Jr.,WSN,30,,,,,0,0,0,0,0,0
2026,regular,2026-04-17,650859,Luis Rengifo,MIL,30,,,,,0,0,0,0,0,0
2026,regular,2026-04-17,673357,Luis Robert Jr.,NYM,30,,,,,0,0,0,0,0,0
2026,regular,2026-04-17,682668,Luisangel Acuña,CHW,30,,,,,0,0,0,0,0,0
2026,regular,2026-04-17,807712,Luke Keaschall,MIN,30,,,,,0,0,0,0,0,0
2026,regular,2026-04-17,670042,Luke Raley,SEA,30,,,,,0,0,0,0,0,0
2026,regular,2026-04-17,672580,Maikel Garcia,KCR,30,,,,,0,0,0,0,0,0
2026,regular,2026-04-17,592518,Manny Machado,SDP,30,,,,,0,0,0,0,0,0
2026,regular,2026-04-17,542303,Marcell Ozuna,PIT,30,,,,,0,0,0,0,0,0
2026,regular,2026-04-17,691785,Marcelo Mayer,BOS,30,,,,,0,0,0,0,0,0
2026,regular,2026-04-17,543760,Marcus Semien,NYM,30,,,,,0,0,0,0,0,0
2026,regular,2026-04-17,668901,Mark Vientos,NYM,30,,,,,0,0,0,0,0,0
2026,regular,2026-04-17,807799,Masataka Yoshida,BOS,30,,,,,0,0,0,0,0,0
2026,regular,2026-04-17,691026,Masyn Winn,STL,30,,,,,0,0,0,0,0,0
2026,regular,2026-04-17,656305,Matt Chapman,SFG,30,,,,,0,0,0,0,0,0
2026,regular,2026-04-17,680574,Matt McLain,CIN,30,,,,,0,0,0,0,0,0
2026,regular,2026-04-17,621566,Matt Olson,ATL,30,,,,,0,0,0,0,0,0
2026,regular,2026-04-17,807713,Matt Shaw,CHC,30,,,,,0,0,0,0,0,0
2026,regular,2026-04-17,663837,Matt Vierling,DET,30,,,,,0,0,0,0,0,0
2026,regular,2026-04-17,670242,Matt Wallner,MIN,30,,,,,0,0,0,0,0,0
2026,regular,2026-04-17,643289,Mauricio Dubón,ATL,30,,,,,0,0,0,0,0,0
2026,regular,2026-04-17,571970,Max Muncy,LAD,30,,,,,0,0,0,0,0,0
2026,regular,2026-04-17,691777,Max Muncy,ATH,30,,,,,0,0,0,0,0,0
2026,regular,2026-04-17,683737,Michael Busch,CHC,30,,,,,0,0,0,0,0,0
2026,regular,2026-04-17,671739,Michael Harris II,ATL,30,,,,,0,0,0,0,0,0
2026,regular,2026-04-17,686681,Michael Massey,KCR,30,,,,,0,0,0,0,0,0
2026,regular,2026-04-17,666160,Mickey Moniak,COL,30,,,,,0,0,0,0,0,0
2026,regular,2026-04-17,678246,Miguel Vargas,CHW,30,,,,,0,0,0,0,0,0
2026,regular,2026-04-17,545361,Mike Trout,LAA,30,,,,,0,0,0,0,0,0
2026,regular,2026-04-17,573262,Mike Yastrzemski,ATL,30,,,,,0,0,0,0,0,0
2026,regular,2026-04-17,641598,Mitch Garver,SEA,30,,,,,0,0,0,0,0,0
2026,regular,2026-04-17,669004,MJ Melendez,NYM,30,,,,,0,0,0,0,0,0
2026,regular,2026-04-17,694208,Moisés Ballesteros,CHC,30,,,,,0,0,0,0,0,0
2026,regular,2026-04-17,808959,Munetaka Murakami,CHW,30,,,,,0,0,0,0,0,0
2026,regular,2026-04-17,664702,Myles Straw,TOR,30,,,,,0,0,0,0,0,0
2026,regular,2026-04-17,683083,Nasim Nuñez,WSN,30,,,,,0,0,0,0,0,0
2026,regular,2026-04-17,701675,Nathan Church,STL,30,,,,,0,0,0,0,0,0
2026,regular,2026-04-17,664770,Nathan Lukes,TOR,30,,,,,0,0,0,0,0,0
2026,regular,2026-04-17,663993,Nathaniel Lowe,CIN,30,,,,,0,0,0,0,0,0
2026,regular,2026-04-17,669397,Nick Allen,HOU,30,,,,,0,0,0,0,0,0
2026,regular,2026-04-17,592206,Nick Castellanos,SDP,30,,,,,0,0,0,0,0,0
2026,regular,2026-04-17,663743,Nick Fortes,TBR,30,,,,,0,0,0,0,0,0
2026,regular,2026-04-17,693304,Nick Gonzales,PIT,30,,,,,0,0,0,0,0,0
2026,regular,2026-04-17,701762,Nick Kurtz,ATH,30,,,,,0,0,0,0,0,0
2026,regular,2026-04-17,663538,Nico Hoerner,CHC,30,,,,,0,0,0,0,0,0
2026,regular,2026-04-17,571448,Nolan Arenado,ARI,30,,,,,0,0,0,0,0,0
2026,regular,2026-04-17,669357,Nolan Gorman,STL,30,,,,,0,0,0,0,0,0
2026,regular,2026-04-17,694384,Nolan Schanuel,LAA,30,,,,,0,0,0,0,0,0
2026,regular,2026-04-17,665833,Oneil Cruz,PIT,30,,,,,0,0,0,0,0,0
2026,regular,2026-04-17,672724,Oswald Peraza,LAA,30,,,,,0,0,0,0,0,0
2026,regular,2026-04-17,805249,Otto Kemp,PHI,30,,,,,0,0,0,0,0,0
2026,regular,2026-04-17,672640,Otto Lopez,MIA,30,,,,,0,0,0,0,0,0
2026,regular,2026-04-17,683357,Owen Caissie,MIA,30,,,,,0,0,0,0,0,0
2026,regular,2026-04-17,645277,Ozzie Albies,ATL,30,,,,,0,0,0,0,0,0
2026,regular,2026-04-17,686780,Pedro Pagés,STL,30,,,,,0,0,0,0,0,0
2026,regular,2026-04-17,624413,Pete Alonso,BAL,30,,,,,0,0,0,0,0,0
2026,regular,2026-04-17,691718,Pete Crow-Armstrong,CHC,30,,,,,0,0,0,0,0,0
2026,regular,2026-04-17,646240,Rafael Devers,SFG,30,,,,,0,0,0,0,0,0
2026,regular,2026-04-17,668227,Randy Arozarena,SEA,30,,,,,0,0,0,0,0,0
2026,regular,2026-04-17,656555,Rhys Hoskins,CLE,30,,,,,0,0,0,0,0,0
2026,regular,2026-04-17,680700,Richie Palacios,TBR,30,,,,,0,0,0,0,0,0
2026,regular,2026-04-17,682985,Riley Greene,DET,30,,,,,0,0,0,0,0,0
2026,regular,2026-04-17,608701,Rob Refsnyder,SEA,30,,,,,0,0,0,0,0,0
2026,regular,2026-04-17,701350,Roman Anthony,BOS,30,,,,,0,0,0,0,0,0
2026,regular,2026-04-17,660670,Ronald Acuña Jr.,ATL,30,,,,,0,0,0,0,0,0
2026,regular,2026-04-17,680777,Ryan Jeffers,MIN,30,,,,,0,0,0,0,0,0
2026,regular,2026-04-17,668952,Ryan Kreidler,MIN,30,,,,,0,0,0,0,0,0
2026,regular,2026-04-17,641857,Ryan McMahon,NYY,30,,,,,0,0,0,0,0,0
2026,regular,2026-04-17,656811,Ryan O'Hearn,PIT,30,,,,,0,0,0,0,0,0
2026,regular,2026-04-17,668723,Ryan Vilade,TBR,30,,,,,0,0,0,0,0,0
2026,regular,2026-04-17,686217,Sal Frelick,MIL,30,,,,,0,0,0,0,0,0
2026,regular,2026-04-17,701398,Sal Stewart,CIN,30,,,,,0,0,0,0,0,0
2026,regular,2026-04-17,521692,Salvador Perez,KCR,30,,,,,0,0,0,0,0,0
2026,regular,2026-04-17,803011,Sam Antonacci,CHW,30,,,,,0,0,0,0,0,0
2026,regular,2026-04-17,669087,Sam Huff,BAL,30,,,,,0,0,0,0,0,0
2026,regular,2026-04-17,694212,Samuel Basallo,BAL,30,,,,,0,0,0,0,0,0
2026,regular,2026-04-17,669289,Santiago Espinal,LAD,30,,,,,0,0,0,0,0,0
2026,regular,2026-04-17,673548,Seiya Suzuki,CHC,30,,,,,0,0,0,0,0,0
2026,regular,2026-04-17,694376,Shay Whitcomb,HOU,30,,,,,0,0,0,0,0,0
2026,regular,2026-04-17,669127,Shea Langeliers,ATH,30,,,,,0,0,0,0,0,0
2026,regular,2026-04-17,660271,Shohei Ohtani,LAD,30,,,,,0,0,0,0,0,0
2026,regular,2026-04-17,687462,Spencer Horwitz,PIT,30,,,,,0,0,0,0,0,0
2026,regular,2026-04-17,668715,Spencer Steer,CIN,30,,,,,0,0,0,0,0,0
2026,regular,2026-04-17,679529,Spencer Torkelson,DET,30,,,,,0,0,0,0,0,0
2026,regular,2026-04-17,516782,Starling Marte,KCR,30,,,,,0,0,0,0,0,0
2026,regular,2026-04-17,680757,Steven Kwan,CLE,30,,,,,0,0,0,0,0,0
2026,regular,2026-04-17,666211,Taylor Trammell,HOU,30,,,,,0,0,0,0,0,0
2026,regular,2026-04-17,621493,Taylor Ward,BAL,30,,,,,0,0,0,0,0,0
2026,regular,2026-04-17,606192,Teoscar Hernández,LAD,30,,,,,0,0,0,0,0,0
2026,regular,2026-04-17,694374,Tim Tawa,ARI,30,,,,,0,0,0,0,0,0
2026,regular,2026-04-17,670770,TJ Friedl,CIN,30,,,,,0,0,0,0,0,0
2026,regular,2026-04-17,681198,TJ Rumfield,COL,30,,,,,0,0,0,0,0,0
2026,regular,2026-04-17,502054,Tommy Pham,NYM,30,,,,,0,0,0,0,0,0
2026,regular,2026-04-17,607208,Trea Turner,PHI,30,,,,,0,0,0,0,0,0
2026,regular,2026-04-17,663757,Trent Grisham,NYY,30,,,,,0,0,0,0,0,0
2026,regular,2026-04-17,663616,Trevor Larnach,MIN,30,,,,,0,0,0,0,0,0
2026,regular,2026-04-17,656730,Trevor Megill,MIL,30,,,,,0,0,0,0,0,0
2026,regular,2026-04-17,596115,Trevor Story,BOS,30,,,,,0,0,0,0,0,0
2026,regular,2026-04-17,656484,Tristan Gray,MIN,30,,,,,0,0,0,0,0,0
2026,regular,2026-04-17,687859,Troy Johnston,COL,30,,,,,0,0,0,0,0,0
2026,regular,2026-04-17,664034,Ty France,SDP,30,,,,,0,0,0,0,0,0
2026,regular,2026-04-17,623168,Tyler Heineman,TOR,30,,,,,0,0,0,0,0,0
2026,regular,2026-04-17,691016,Tyler Soderstrom,ATH,30,,,,,0,0,0,0,0,0
2026,regular,2026-04-17,663886,Tyler Stephenson,CIN,30,,,,,0,0,0,0,0,0
2026,regular,2026-04-17,621438,Tyrone Taylor,NYM,30,,,,,0,0,0,0,0,0
2026,regular,2026-04-17,605170,Victor Caratini,MIN,30,,,,,0,0,0,0,0,0
2026,regular,2026-04-17,687363,Victor Scott II,STL,30,,,,,0,0,0,0,0,0
2026,regular,2026-04-17,686469,Vinnie Pasquantino,KCR,30,,,,,0,0,0,0,0,0
2026,regular,2026-04-17,665489,Vladimir Guerrero Jr.,TOR,30,,,,,0,0,0,0,0,0
2026,regular,2026-04-17,672761,Wenceel Pérez,DET,30,,,,,0,0,0,0,0,0
2026,regular,2026-04-17,642215,Weston Wilson,BAL,30,,,,,0,0,0,0,0,0
2026,regular,2026-04-17,666181,Will Benson,CIN,30,,,,,0,0,0,0,0,0
2026,regular,2026-04-17,669257,Will Smith,LAD,30,,,,,0,0,0,0,0,0
2026,regular,2026-04-17,661388,William Contreras,MIL,30,,,,,0,0,0,0,0,0
2026,regular,2026-04-17,575929,Willson Contreras,BOS,30,,,,,0,0,0,0,0,0
2026,regular,2026-04-17,642715,Willy Adames,SFG,30,,,,,0,0,0,0,0,0
2026,regular,2026-04-17,677800,Wilyer Abreu,BOS,30,,,,,0,0,0,0,0,0
2026,regular,2026-04-17,694671,Wyatt Langford,TEX,30,,,,,0,0,0,0,0,0
2026,regular,2026-04-17,593428,Xander Bogaerts,SDP,30,,,,,0,0,0,0,0,0
2026,regular,2026-04-17,669364,Xavier Edwards,MIA,30,,,,,0,0,0,0,0,0
2026,regular,2026-04-17,650490,Yandy Díaz,TBR,30,,,,,0,0,0,0,0,0
2026,regular,2026-04-17,670541,Yordan Alvarez,HOU,30,,,,,0,0,0,0,0,0
2026,regular,2026-04-17,660162,Yoán Moncada,LAA,30,,,,,0,0,0,0,0,0
2026,regular,2026-04-17,687263,Zach Neto,LAA,30,,,,,0,0,0,0,0,0
2026,regular,2026-04-17,680869,Zack Gelof,ATH,30,,,,,0,0,0,0,0,0
2026,regular,2026-04-18,592450,Aaron Judge,NYY,30,,,,,0,0,0,0,0,0
2026,regular,2026-04-18,624428,Adam Frazier,LAA,30,,,,,0,0,0,0,0,0
2026,regular,2026-04-18,666969,Adolis García,PHI,30,,,,,0,0,0,0,0,0
2026,regular,2026-04-18,680728,Adrian Del Castillo,ARI,30,,,,,0,0,0,0,0,0
2026,regular,2026-04-18,682663,Agustín Ramírez,MIA,30,,,,,0,0,0,0,0,0
2026,regular,2026-04-18,664761,Alec Bohm,PHI,30,,,,,0,0,0,0,0,0
2026,regular,2026-04-18,676475,Alec Burleson,STL,30,,,,,0,0,0,0,0,0
2026,regular,2026-04-18,677950,Alek Thomas,ARI,30,,,,,0,0,0,0,0,0
2026,regular,2026-04-18,608324,Alex Bregman,CHC,30,,,,,0,0,0,0,0,0
2026,regular,2026-04-18,669743,Alex Call,LAD,30,,,,,0,0,0,0,0,0
2026,regular,2026-04-18,690976,Alex Freeland,LAD,30,,,,,0,0,0,0,0,0
2026,regular,2026-04-18,642708,Amed Rosario,NYY,30,,,,,0,0,0,0,0,0
2026,regular,2026-04-18,643217,Andrew Benintendi,CHW,30,,,,,0,0,0,0,0,0
2026,regular,2026-04-18,655316,Andruw Monasterio,BOS,30,,,,,0,0,0,0,0,0
2026,regular,2026-04-18,665926,Andrés Giménez,TOR,30,,,,,0,0,0,0,0,0
2026,regular,2026-04-18,628451,Andy Ibáñez,ATH,30,,,,,0,0,0,0,0,0
2026,regular,2026-04-18,681624,Andy Pages,LAD,30,,,,,0,0,0,0,0,0
2026,regular,2026-04-18,682657,Angel Martínez,CLE,30,,,,,0,0,0,0,0,0
2026,regular,2026-04-18,668885,Austin Martin,MIN,30,,,,,0,0,0,0,0,0
2026,regular,2026-04-18,663586,Austin Riley,ATL,30,,,,,0,0,0,0,0,0
2026,regular,2026-04-18,642851,Austin Wynns,ATH,30,,,,,0,0,0,0,0,0
2026,regular,2026-04-18,700250,Ben Rice,NYY,30,,,,,0,0,0,0,0,0
2026,regular,2026-04-18,810938,Ben Williamson,TBR,30,,,,,0,0,0,0,0,0
2026,regular,2026-04-18,695257,Billy Cook,PIT,30,,,,,0,0,0,0,0,0
2026,regular,2026-04-18,666182,Bo Bichette,NYM,30,,,,,0,0,0,0,0,0
2026,regular,2026-04-18,666310,Bo Naylor,CLE,30,,,,,0,0,0,0,0,0
2026,regular,2026-04-18,677951,Bobby Witt Jr.,KCR,30,,,,,0,0,0,0,0,0
2026,regular,2026-04-18,691781,Brady House,WSN,30,,,,,0,0,0,0,0,0
2026,regular,2026-04-18,663604,Brandon Lockridge,MIL,30,,,,,0,0,0,0,0,0
2026,regular,2026-04-18,664040,Brandon Lowe,PIT,30,,,,,0,0,0,0,0,0
2026,regular,2026-04-18,669016,Brandon Marsh,PHI,30,,,,,0,0,0,0,0,0
2026,regular,2026-04-18,607043,Brandon Nimmo,TEX,30,,,,,0,0,0,0,0,0
2026,regular,2026-04-18,677587,Brayan Rocchio,CLE,30,,,,,0,0,0,0,0,0
2026,regular,2026-04-18,686668,Brenton Doyle,COL,30,,,,,0,0,0,0,0,0
2026,regular,2026-04-18,683146,Brett Baty,NYM,30,,,,,0,0,0,0,0,0
2026,regular,2026-04-18,668930,Brice Turang,MIL,30,,,,,0,0,0,0,0,0
2026,regular,2026-04-18,686797,Brooks Lee,MIN,30,,,,,0,0,0,0,0,0
2026,regular,2026-04-18,668804,Bryan Reynolds,PIT,30,,,,,0,0,0,0,0,0
2026,regular,2026-04-18,547180,Bryce Harper,PHI,30,,,,,0,0,0,0,0,0
2026,regular,2026-04-18,669369,Bryce Johnson,SDP,30,,,,,0,0,0,0,0,0
2026,regular,2026-04-18,669326,Bryce Teodosio,LAA,30,,,,,0,0,0,0,0,0
2026,regular,2026-04-18,621439,Byron Buxton,MIN,30,,,,,0,0,0,0,0,0
2026,regular,2026-04-18,663728,Cal Raleigh,SEA,30,,,,,0,0,0,0,0,0
2026,regular,2026-04-18,702332,Caleb Durbin,BOS,30,,,,,0,0,0,0,0,0
2026,regular,2026-04-18,701358,Cam Smith,HOU,30,,,,,0,0,0,0,0,0
2026,regular,2026-04-18,621043,Carlos Correa,HOU,30,,,,,0,0,0,0,0,0
2026,regular,2026-04-18,666126,Carlos Cortes,ATH,30,,,,,0,0,0,0,0,0
2026,regular,2026-04-18,701807,Carson Benge,NYM,30,,,,,0,0,0,0,0,0
2026,regular,2026-04-18,608348,Carson Kelly,CHC,30,,,,,0,0,0,0,0,0
2026,regular,2026-04-18,695600,Carter Jensen,KCR,30,,,,,0,0,0,0,0,0
2026,regular,2026-04-18,669477,Casey Schmitt,SFG,30,,,,,0,0,0,0,0,0
2026,regular,2026-04-18,678882,Ceddanne Rafaela,BOS,30,,,,,0,0,0,0,0,0
2026,regular,2026-04-18,656775,Cedric Mullins,TBR,30,,,,,0,0,0,0,0,0
2026,regular,2026-04-18,802415,Chandler Simpson,TBR,30,,,,,0,0,0,0,0,0
2026,regular,2026-04-18,800050,Chase DeLauter,CLE,30,,,,,0,0,0,0,0,0
2026,regular,2026-04-18,805367,Chase Meidroth,CHW,30,,,,,0,0,0,0,0,0
2026,regular,2026-04-18,543877,Christian Vázquez,HOU,30,,,,,0,0,0,0,0,0
2026,regular,2026-04-18,572233,Christian Walker,HOU,30,,,,,0,0,0,0,0,0
2026,regular,2026-04-18,682928,CJ Abrams,WSN,30,,,,,0,0,0,0,0,0
2026,regular,2026-04-18,691723,Coby Mayo,BAL,30,,,,,0,0,0,0,0,0
2026,regular,2026-04-18,641355,Cody Bellinger,NYY,30,,,,,0,0,0,0,0,0
2026,regular,2026-04-18,702284,Cole Young,SEA,30,,,,,0,0,0,0,0,0
2026,regular,2026-04-18,695657,Colson Montgomery,CHW,30,,,,,0,0,0,0,0,0
2026,regular,2026-04-18,690993,Colt Keith,DET,30,,,,,0,0,0,0,0,0
2026,regular,2026-04-18,681297,Colton Cowser,BAL,30,,,,,0,0,0,0,0,0
2026,regular,2026-04-18,681393,Connor Norby,MIA,30,,,,,0,0,0,0,0,0
2026,regular,2026-04-18,657136,Connor Wong,BOS,30,,,,,0,0,0,0,0,0
2026,regular,2026-04-18,682998,Corbin Carroll,ARI,30,,,,,0,0,0,0,0,0
2026,regular,2026-04-18,608369,Corey Seager,TEX,30,,,,,0,0,0,0,0,0
2026,regular,2026-04-18,678554,Curtis Mead,WSN,30,,,,,0,0,0,0,0,0
2026,regular,2026-04-18,687221,Dalton Rushing,LAD,30,,,,,0,0,0,0,0,0
2026,regular,2026-04-18,667472,Dane Myers,CIN,30,,,,,0,0,0,0,0,0
2026,regular,2026-04-18,682177,Daniel Schneemann,CLE,30,,,,,0,0,0,0,0,0
2026,regular,2026-04-18,691740,Daniel Susac,SFG,30,,,,,0,0,0,0,0,0
2026,regular,2026-04-18,621020,Dansby Swanson,CHC,30,,,,,0,0,0,0,0,0
2026,regular,2026-04-18,687231,Darell Hernaiz,ATH,30,,,,,0,0,0,0,0,0
2026,regular,2026-04-18,676914,Davis Schneider,TOR,30,,,,,0,0,0,0,0,0
2026,regular,2026-04-18,695734,Daylen Lile,WSN,30,,,,,0,0,0,0,0,0
2026,regular,2026-04-18,672016,Denzel Clarke,ATH,30,,,,,0,0,0,0,0,0
2026,regular,2026-04-18,656537,Derek Hill,CHW,30,,,,,0,0,0,0,0,0
2026,regular,2026-04-18,693307,Dillon Dingler,DET,30,,,,,0,0,0,0,0,0
2026,regular,2026-04-18,686527,Dominic Canzone,SEA,30,,,,,0,0,0,0,0,0
2026,regular,2026-04-18,686948,Drake Baldwin,ATL,30,,,,,0,0,0,0,0,0
2026,regular,2026-04-18,687551,Drew Gilbert,SFG,30,,,,,0,0,0,0,0,0
2026,regular,2026-04-18,686452,Drew Millas,WSN,30,,,,,0,0,0,0,0,0
2026,regular,2026-04-18,687637,Dylan Beavers,BAL,30,,,,,0,0,0,0,0,0
2026,regular,2026-04-18,664238,Dylan Moore,PHI,30,,,,,0,0,0,0,0,0
2026,regular,2026-04-18,700337,Edgar Quero,CHW,30,,,,,0,0,0,0,0,0
2026,regular,2026-04-18,624641,Edmundo Sosa,PHI,30,,,,,0,0,0,0,0,0
2026,regular,2026-04-18,666397,Edouard Julien,COL,30,,,,,0,0,0,0,0,0
2026,regular,2026-04-18,642201,Eli White,ATL,30,,,,,0,0,0,0,0,0
2026,regular,2026-04-18,682829,Elly De La Cruz,CIN,30,,,,,0,0,0,0,0,0
2026,regular,2026-04-18,650391,Eloy Jiménez,TOR,30,,,,,0,0,0,0,0,0
2026,regular,2026-04-18,676391,Ernie Clement,TOR,30,,,,,0,0,0,0,0,0
2026,regular,2026-04-18,553993,Eugenio Suárez,CIN,30,,,,,0,0,0,0,0,0
2026,regular,2026-04-18,694497,Evan Carter,TEX,30,,,,,0,0,0,0,0,0
2026,regular,2026-04-18,677592,Everson Pereira,CHW,30,,,,,0,0,0,0,0,0
2026,regular,2026-04-18,677649,Ezequiel Duran,TEX,30,,,,,0,0,0,0,0,0
2026,regular,2026-04-18,678662,Ezequiel Tovar,COL,30,,,,,0,0,0,0,0,0
2026,regular,2026-04-18,694025,Felix Reyes,PHI,30,,,,,0,0,0,0,0,0
2026,regular,2026-04-18,665487,Fernando Tatis Jr.,SDP,30,,,,,0,0,0,0,0,0
2026,regular,2026-04-18,682626,Francisco Alvarez,NYM,30,,,,,0,0,0,0,0,0
2026,regular,2026-04-18,596019,Francisco Lindor,NYM,30,,,,,0,0,0,0,0,0
2026,regular,2026-04-18,518692,Freddie Freeman,LAD,30,,,,,0,0,0,0,0,0
2026,regular,2026-04-18,666023,Freddy Fermin,SDP,30,,,,,0,0,0,0,0,0
2026,regular,2026-04-18,669003,Garrett Mitchell,MIL,30,,,,,0,0,0,0,0,0
2026,regular,2026-04-18,596142,Gary Sánchez,MIL,30,,,,,0,0,0,0,0,0
2026,regular,2026-04-18,657757,Gavin Sheets,SDP,30,,,,,0,0,0,0,0,0
2026,regular,2026-04-18,671655,George Valera,CLE,30,,,,,0,0,0,0,0,0
2026,regular,2026-04-18,672695,Geraldo Perdomo,ARI,30,,,,,0,0,0,0,0,0
2026,regular,2026-04-18,519317,Giancarlo Stanton,NYY,30,,,,,0,0,0,0,0,0
2026,regular,2026-04-18,650402,Gleyber Torres,DET,30,,,,,0,0,0,0,0,0
2026,regular,2026-04-18,683002,Gunnar Henderson,BAL,30,,,,,0,0,0,0,0,0
2026,regular,2026-04-18,671218,Heliot Ramos,SFG,30,,,,,0,0,0,0,0,0
2026,regular,2026-04-18,680779,Henry Davis,PIT,30,,,,,0,0,0,0,0,0
2026,regular,2026-04-18,681715,Heriberto Hernández,MIA,30,,,,,0,0,0,0,0,0
2026,regular,2026-04-18,676439,Hunter Feduccia,TBR,30,,,,,0,0,0,0,0,0
2026,regular,2026-04-18,696100,Hunter Goodman,COL,30,,,,,0,0,0,0,0,0
2026,regular,2026-04-18,808975,Hyeseong Kim,LAD,30,,,,,0,0,0,0,0,0
2026,regular,2026-04-18,664023,Ian Happ,CHC,30,,,,,0,0,0,0,0,0
2026,regular,2026-04-18,545121,Ildemaro Vargas,ARI,30,,,,,0,0,0,0,0,0
2026,regular,2026-04-18,686555,Isaac Collins,KCR,30,,,,,0,0,0,0,0,0
2026,regular,2026-04-18,670623,Isaac Paredes,HOU,30,,,,,0,0,0,0,0,0
2026,regular,2026-04-18,643396,Isiah Kiner-Falefa,BOS,30,,,,,0,0,0,0,0,0
2026,regular,2026-04-18,671056,Iván Herrera,STL,30,,,,,0,0,0,0,0,0
2026,regular,2026-04-18,641555,J.C. Escarra,NYY,30,,,,,0,0,0,0,0,0
2026,regular,2026-04-18,641487,J.P. Crawford,SEA,30,,,,,0,0,0,0,0,0
2026,regular,2026-04-18,592663,J.T. Realmuto,PHI,30,,,,,0,0,0,0,0,0
2026,regular,2026-04-18,695506,Jac Caglianone,KCR,30,,,,,0,0,0,0,0,0
2026,regular,2026-04-18,678022,Jack Perkins,ATH,30,,,,,0,0,0,0,0,0
2026,regular,2026-04-18,701538,Jackson Merrill,SDP,30,,,,,0,0,0,0,0,0
2026,regular,2026-04-18,805779,Jacob Wilson,ATH,30,,,,,0,0,0,0,0,0
2026,regular,2026-04-18,696285,Jacob Young,WSN,30,,,,,0,0,0,0,0,0
2026,regular,2026-04-18,641343,Jake Bauers,MIL,30,,,,,0,0,0,0,0,0
2026,regular,2026-04-18,669394,Jake Burger,TEX,30,,,,,0,0,0,0,0,0
2026,regular,2026-04-18,630105,Jake Cronenworth,SDP,30,,,,,0,0,0,0,0,0
2026,regular,2026-04-18,641584,Jake Fraley,TBR,30,,,,,0,0,0,0,0,0
2026,regular,2026-04-18,663968,Jake Mangum,PIT,30,,,,,0,0,0,0,0,0
2026,regular,2026-04-18,668670,Jake Rogers,DET,30,,,,,0,0,0,0,0,0
2026,regular,2026-04-18,805300,Jakob Marsee,MIA,30,,,,,0,0,0,0,0,0
2026,regular,2026-04-18,681546,James Outman,MIN,30,,,,,0,0,0,0,0,0
2026,regular,2026-04-18,695578,James Wood,WSN,30,,,,,0,0,0,0,0,0
2026,regular,2026-04-18,595879,Javier Báez,DET,30,,,,,0,0,0,0,0,0
2026,regular,2026-04-18,691594,Javier Sanoja,MIA,30,,,,,0,0,0,0,0,0
2026,regular,2026-04-18,665862,Jazz Chisholm Jr.,NYY,30,,,,,0,0,0,0,0,0
2026,regular,2026-04-18,643446,Jeff McNeil,ATH,30,,,,,0,0,0,0,0,0
2026,regular,2026-04-18,669236,Jeremiah Jackson,BAL,30,,,,,0,0,0,0,0,0
2026,regular,2026-04-18,660821,Jesús Sánchez,TOR,30,,,,,0,0,0,0,0,0
2026,regular,2026-04-18,802139,JJ Wetherholt,STL,30,,,,,0,0,0,0,0,0
2026,regular,2026-04-18,666176,Jo Adell,LAA,30,,,,,0,0,0,0,0,0
2026,regular,2026-04-18,592626,Joc Pederson,TEX,30,,,,,0,0,0,0,0,0
2026,regular,2026-04-18,663698,Joey Bart,PIT,30,,,,,0,0,0,0,0,0
2026,regular,2026-04-18,687401,Joey Ortiz,MIL,30,,,,,0,0,0,0,0,0
2026,regular,2026-04-18,686894,Joey Wiemer,WSN,30,,,,,0,0,0,0,0,0
2026,regular,2026-04-18,641680,Jonah Heim,ATL,30,,,,,0,0,0,0,0,0
2026,regular,2026-04-18,666018,Jonathan Aranda,TBR,30,,,,,0,0,0,0,0,0
2026,regular,2026-04-18,663697,Jonathan India,KCR,30,,,,,0,0,0,0,0,0
2026,regular,2026-04-18,676356,Jonny DeLuca,TBR,30,,,,,0,0,0,0,0,0
2026,regular,2026-04-18,678391,Jorbit Vivas,WSN,30,,,,,0,0,0,0,0,0
2026,regular,2026-04-18,687597,Jordan Beck,COL,30,,,,,0,0,0,0,0,0
2026,regular,2026-04-18,691023,Jordan Walker,STL,30,,,,,0,0,0,0,0,0
2026,regular,2026-04-18,678489,Jorge Barrosa,ARI,30,,,,,0,0,0,0,0,0
2026,regular,2026-04-18,622761,Jorge Mateo,ATL,30,,,,,0,0,0,0,0,0
2026,regular,2026-04-18,514888,Jose Altuve,HOU,30,,,,,0,0,0,0,0,0
2026,regular,2026-04-18,699912,Jose Fernandez,ARI,30,,,,,0,0,0,0,0,0
2026,regular,2026-04-18,605137,Josh Bell,MIN,30,,,,,0,0,0,0,0,0
2026,regular,2026-04-18,673962,Josh Jung,TEX,30,,,,,0,0,0,0,0,0
2026,regular,2026-04-18,666139,Josh Lowe,LAA,30,,,,,0,0,0,0,0,0
2026,regular,2026-04-18,647304,Josh Naylor,SEA,30,,,,,0,0,0,0,0,0
2026,regular,2026-04-18,669701,Josh Smith,TEX,30,,,,,0,0,0,0,0,0
2026,regular,2026-04-18,676609,José Caballero,NYY,30,,,,,0,0,0,0,0,0
2026,regular,2026-04-18,665877,José Fermín,STL,30,,,,,0,0,0,0,0,0
2026,regular,2026-04-18,608070,José Ramírez,CLE,30,,,,,0,0,0,0,0,0
2026,regular,2026-04-18,677588,José Tena,WSN,30,,,,,0,0,0,0,0,0
2026,regular,2026-04-18,677594,Julio Rodríguez,SEA,30,,,,,0,0,0,0,0,0
2026,regular,2026-04-18,808982,Jung Hoo Lee,SFG,30,,,,,0,0,0,0,0,0
2026,regular,2026-04-18,691406,Junior Caminero,TBR,30,,,,,0,0,0,0,0,0
2026,regular,2026-04-18,672960,Kazuma Okamoto,TOR,30,,,,,0,0,0,0,0,0
2026,regular,2026-04-18,663647,Ke'Bryan Hayes,CIN,30,,,,,0,0,0,0,0,0
2026,regular,2026-04-18,681481,Kerry Carpenter,DET,30,,,,,0,0,0,0,0,0
2026,regular,2026-04-18,606466,Ketel Marte,ARI,30,,,,,0,0,0,0,0,0
2026,regular,2026-04-18,805808,Kevin McGonigle,DET,30,,,,,0,0,0,0,0,0
2026,regular,2026-04-18,665019,Kody Clemens,MIN,30,,,,,0,0,0,0,0,0
2026,regular,2026-04-18,804606,Konnor Griffin,PIT,30,,,,,0,0,0,0,0,0
2026,regular,2026-04-18,543309,Kyle Higashioka,TEX,30,,,,,0,0,0,0,0,0
2026,regular,2026-04-18,664728,Kyle Isbel,KCR,30,,,,,0,0,0,0,0,0
2026,regular,2026-04-18,691720,Kyle Karros,COL,30,,,,,0,0,0,0,0,0
2026,regular,2026-04-18,700932,Kyle Manzardo,CLE,30,,,,,0,0,0,0,0,0
2026,regular,2026-04-18,656941,Kyle Schwarber,PHI,30,,,,,0,0,0,0,0,0
2026,regular,2026-04-18,663656,Kyle Tucker,LAD,30,,,,,0,0,0,0,0,0
2026,regular,2026-04-18,657041,Lane Thomas,KCR,30,,,,,0,0,0,0,0,0
2026,regular,2026-04-18,671732,Lawrence Butler,ATH,30,,,,,0,0,0,0,0,0
2026,regular,2026-04-18,660844,Leo Rivas,SEA,30,,,,,0,0,0,0,0,0
2026,regular,2026-04-18,665750,Leody Taveras,BAL,30,,,,,0,0,0,0,0,0
2026,regular,2026-04-18,689414,Liam Hicks,MIA,30,,,,,0,0,0,0,0,0
2026,regular,2026-04-18,681351,Logan O'Hoppe,LAA,30,,,,,0,0,0,0,0,0
2026,regular,2026-04-18,666971,Lourdes Gurriel Jr.,ARI,30,,,,,0,0,0,0,0,0
2026,regular,2026-04-18,650333,Luis Arraez,SFG,30,,,,,0,0,0,0,0,0
2026,regular,2026-04-18,671277,Luis García Jr.,WSN,30,,,,,0,0,0,0,0,0
2026,regular,2026-04-18,650859,Luis Rengifo,MIL,30,,,,,0,0,0,0,0,0
2026,regular,2026-04-18,673357,Luis Robert Jr.,NYM,30,,,,,0,0,0,0,0,0
2026,regular,2026-04-18,682668,Luisangel Acuña,CHW,30,,,,,0,0,0,0,0,0
2026,regular,2026-04-18,807712,Luke Keaschall,MIN,30,,,,,0,0,0,0,0,0
2026,regular,2026-04-18,670042,Luke Raley,SEA,30,,,,,0,0,0,0,0,0
2026,regular,2026-04-18,672580,Maikel Garcia,KCR,30,,,,,0,0,0,0,0,0
2026,regular,2026-04-18,592518,Manny Machado,SDP,30,,,,,0,0,0,0,0,0
2026,regular,2026-04-18,542303,Marcell Ozuna,PIT,30,,,,,0,0,0,0,0,0
2026,regular,2026-04-18,543760,Marcus Semien,NYM,30,,,,,0,0,0,0,0,0
2026,regular,2026-04-18,668901,Mark Vientos,NYM,30,,,,,0,0,0,0,0,0
2026,regular,2026-04-18,691026,Masyn Winn,STL,30,,,,,0,0,0,0,0,0
2026,regular,2026-04-18,656305,Matt Chapman,SFG,30,,,,,0,0,0,0,0,0
2026,regular,2026-04-18,680574,Matt McLain,CIN,30,,,,,0,0,0,0,0,0
2026,regular,2026-04-18,621566,Matt Olson,ATL,30,,,,,0,0,0,0,0,0
2026,regular,2026-04-18,670242,Matt Wallner,MIN,30,,,,,0,0,0,0,0,0
2026,regular,2026-04-18,643289,Mauricio Dubón,ATL,30,,,,,0,0,0,0,0,0
2026,regular,2026-04-18,691777,Max Muncy,ATH,30,,,,,0,0,0,0,0,0
2026,regular,2026-04-18,571970,Max Muncy,LAD,30,,,,,0,0,0,0,0,0
2026,regular,2026-04-18,683737,Michael Busch,CHC,30,,,,,0,0,0,0,0,0
2026,regular,2026-04-18,671739,Michael Harris II,ATL,30,,,,,0,0,0,0,0,0
2026,regular,2026-04-18,686681,Michael Massey,KCR,30,,,,,0,0,0,0,0,0
2026,regular,2026-04-18,666160,Mickey Moniak,COL,30,,,,,0,0,0,0,0,0
2026,regular,2026-04-18,665804,Miguel Amaya,CHC,30,,,,,0,0,0,0,0,0
2026,regular,2026-04-18,609280,Miguel Andujar,SDP,30,,,,,0,0,0,0,0,0
2026,regular,2026-04-18,500743,Miguel Rojas,LAD,30,,,,,0,0,0,0,0,0
2026,regular,2026-04-18,678246,Miguel Vargas,CHW,30,,,,,0,0,0,0,0,0
2026,regular,2026-04-18,545361,Mike Trout,LAA,30,,,,,0,0,0,0,0,0
2026,regular,2026-04-18,669004,MJ Melendez,NYM,30,,,,,0,0,0,0,0,0
2026,regular,2026-04-18,694208,Moisés Ballesteros,CHC,30,,,,,0,0,0,0,0,0
2026,regular,2026-04-18,808959,Munetaka Murakami,CHW,30,,,,,0,0,0,0,0,0
2026,regular,2026-04-18,664702,Myles Straw,TOR,30,,,,,0,0,0,0,0,0
2026,regular,2026-04-18,683083,Nasim Nuñez,WSN,30,,,,,0,0,0,0,0,0
2026,regular,2026-04-18,701675,Nathan Church,STL,30,,,,,0,0,0,0,0,0
2026,regular,2026-04-18,664770,Nathan Lukes,TOR,30,,,,,0,0,0,0,0,0
2026,regular,2026-04-18,663993,Nathaniel Lowe,CIN,30,,,,,0,0,0,0,0,0
2026,regular,2026-04-18,663743,Nick Fortes,TBR,30,,,,,0,0,0,0,0,0
2026,regular,2026-04-18,693304,Nick Gonzales,PIT,30,,,,,0,0,0,0,0,0
2026,regular,2026-04-18,701762,Nick Kurtz,ATH,30,,,,,0,0,0,0,0,0
2026,regular,2026-04-18,694377,Nick Yorke,PIT,30,,,,,0,0,0,0,0,0
2026,regular,2026-04-18,663538,Nico Hoerner,CHC,30,,,,,0,0,0,0,0,0
2026,regular,2026-04-18,571448,Nolan Arenado,ARI,30,,,,,0,0,0,0,0,0
2026,regular,2026-04-18,669357,Nolan Gorman,STL,30,,,,,0,0,0,0,0,0
2026,regular,2026-04-18,694384,Nolan Schanuel,LAA,30,,,,,0,0,0,0,0,0
2026,regular,2026-04-18,665833,Oneil Cruz,PIT,30,,,,,0,0,0,0,0,0
2026,regular,2026-04-18,672724,Oswald Peraza,LAA,30,,,,,0,0,0,0,0,0
2026,regular,2026-04-18,672640,Otto Lopez,MIA,30,,,,,0,0,0,0,0,0
2026,regular,2026-04-18,683357,Owen Caissie,MIA,30,,,,,0,0,0,0,0,0
2026,regular,2026-04-18,645277,Ozzie Albies,ATL,30,,,,,0,0,0,0,0,0
2026,regular,2026-04-18,672275,Patrick Bailey,SFG,30,,,,,0,0,0,0,0,0
2026,regular,2026-04-18,624413,Pete Alonso,BAL,30,,,,,0,0,0,0,0,0
2026,regular,2026-04-18,691718,Pete Crow-Armstrong,CHC,30,,,,,0,0,0,0,0,0
2026,regular,2026-04-18,646240,Rafael Devers,SFG,30,,,,,0,0,0,0,0,0
2026,regular,2026-04-18,665561,Rafael Marchán,PHI,30,,,,,0,0,0,0,0,0
2026,regular,2026-04-18,657656,Ramón Laureano,SDP,30,,,,,0,0,0,0,0,0
2026,regular,2026-04-18,602104,Ramón Urías,STL,30,,,,,0,0,0,0,0,0
2026,regular,2026-04-18,545341,Randal Grichuk,NYY,30,,,,,0,0,0,0,0,0
2026,regular,2026-04-18,668227,Randy Arozarena,SEA,30,,,,,0,0,0,0,0,0
2026,regular,2026-04-18,677956,Rece Hinds,CIN,30,,,,,0,0,0,0,0,0
2026,regular,2026-04-18,624512,Reese McGuire,CHW,30,,,,,0,0,0,0,0,0
2026,regular,2026-04-18,656555,Rhys Hoskins,CLE,30,,,,,0,0,0,0,0,0
2026,regular,2026-04-18,680700,Richie Palacios,TBR,30,,,,,0,0,0,0,0,0
2026,regular,2026-04-18,682985,Riley Greene,DET,30,,,,,0,0,0,0,0,0
2026,regular,2026-04-18,701350,Roman Anthony,BOS,30,,,,,0,0,0,0,0,0
2026,regular,2026-04-18,660670,Ronald Acuña Jr.,ATL,30,,,,,0,0,0,0,0,0
2026,regular,2026-04-18,680777,Ryan Jeffers,MIN,30,,,,,0,0,0,0,0,0
2026,regular,2026-04-18,668952,Ryan Kreidler,MIN,30,,,,,0,0,0,0,0,0
2026,regular,2026-04-18,641857,Ryan McMahon,NYY,30,,,,,0,0,0,0,0,0
2026,regular,2026-04-18,656811,Ryan O'Hearn,PIT,30,,,,,0,0,0,0,0,0
2026,regular,2026-04-18,668723,Ryan Vilade,TBR,30,,,,,0,0,0,0,0,0
2026,regular,2026-04-18,686217,Sal Frelick,MIL,30,,,,,0,0,0,0,0,0
2026,regular,2026-04-18,701398,Sal Stewart,CIN,30,,,,,0,0,0,0,0,0
2026,regular,2026-04-18,803011,Sam Antonacci,CHW,30,,,,,0,0,0,0,0,0
2026,regular,2026-04-18,664059,Sam Haggerty,TEX,30,,,,,0,0,0,0,0,0
2026,regular,2026-04-18,694212,Samuel Basallo,BAL,30,,,,,0,0,0,0,0,0
2026,regular,2026-04-18,669289,Santiago Espinal,LAD,30,,,,,0,0,0,0,0,0
2026,regular,2026-04-18,673548,Seiya Suzuki,CHC,30,,,,,0,0,0,0,0,0
2026,regular,2026-04-18,694376,Shay Whitcomb,HOU,30,,,,,0,0,0,0,0,0
2026,regular,2026-04-18,669127,Shea Langeliers,ATH,30,,,,,0,0,0,0,0,0
2026,regular,2026-04-18,660271,Shohei Ohtani,LAD,30,,,,,0,0,0,0,0,0
2026,regular,2026-04-18,687462,Spencer Horwitz,PIT,30,,,,,0,0,0,0,0,0
2026,regular,2026-04-18,668715,Spencer Steer,CIN,30,,,,,0,0,0,0,0,0
2026,regular,2026-04-18,679529,Spencer Torkelson,DET,30,,,,,0,0,0,0,0,0
2026,regular,2026-04-18,680757,Steven Kwan,CLE,30,,,,,0,0,0,0,0,0
2026,regular,2026-04-18,695020,Tanner Murray,CHW,30,,,,,0,0,0,0,0,0
2026,regular,2026-04-18,666211,Taylor Trammell,HOU,30,,,,,0,0,0,0,0,0
2026,regular,2026-04-18,670764,Taylor Walls,TBR,30,,,,,0,0,0,0,0,0
2026,regular,2026-04-18,621493,Taylor Ward,BAL,30,,,,,0,0,0,0,0,0
2026,regular,2026-04-18,606192,Teoscar Hernández,LAD,30,,,,,0,0,0,0,0,0
2026,regular,2026-04-18,670770,TJ Friedl,CIN,30,,,,,0,0,0,0,0,0
2026,regular,2026-04-18,681198,TJ Rumfield,COL,30,,,,,0,0,0,0,0,0
2026,regular,2026-04-18,502054,Tommy Pham,NYM,30,,,,,0,0,0,0,0,0
2026,regular,2026-04-18,607208,Trea Turner,PHI,30,,,,,0,0,0,0,0,0
2026,regular,2026-04-18,663616,Trevor Larnach,MIN,30,,,,,0,0,0,0,0,0
2026,regular,2026-04-18,596115,Trevor Story,BOS,30,,,,,0,0,0,0,0,0
2026,regular,2026-04-18,656484,Tristan Gray,MIN,30,,,,,0,0,0,0,0,0
2026,regular,2026-04-18,671976,Tristan Peters,CHW,30,,,,,0,0,0,0,0,0
2026,regular,2026-04-18,687859,Troy Johnston,COL,30,,,,,0,0,0,0,0,0
2026,regular,2026-04-18,664034,Ty France,SDP,30,,,,,0,0,0,0,0,0
2026,regular,2026-04-18,623168,Tyler Heineman,TOR,30,,,,,0,0,0,0,0,0
2026,regular,2026-04-18,691016,Tyler Soderstrom,ATH,30,,,,,0,0,0,0,0,0
2026,regular,2026-04-18,663886,Tyler Stephenson,CIN,30,,,,,0,0,0,0,0,0
2026,regular,2026-04-18,686475,Tyler Tolbert,KCR,30,,,,,0,0,0,0,0,0
2026,regular,2026-04-18,621438,Tyrone Taylor,NYM,30,,,,,0,0,0,0,0,0
2026,regular,2026-04-18,687093,Vaughn Grissom,LAA,30,,,,,0,0,0,0,0,0
2026,regular,2026-04-18,687363,Victor Scott II,STL,30,,,,,0,0,0,0,0,0
2026,regular,2026-04-18,686469,Vinnie Pasquantino,KCR,30,,,,,0,0,0,0,0,0
2026,regular,2026-04-18,665489,Vladimir Guerrero Jr.,TOR,30,,,,,0,0,0,0,0,0
2026,regular,2026-04-18,672761,Wenceel Pérez,DET,30,,,,,0,0,0,0,0,0
2026,regular,2026-04-18,666181,Will Benson,CIN,30,,,,,0,0,0,0,0,0
2026,regular,2026-04-18,669257,Will Smith,LAD,30,,,,,0,0,0,0,0,0
2026,regular,2026-04-18,661388,William Contreras,MIL,30,,,,,0,0,0,0,0,0
2026,regular,2026-04-18,575929,Willson Contreras,BOS,30,,,,,0,0,0,0,0,0
2026,regular,2026-04-18,642715,Willy Adames,SFG,30,,,,,0,0,0,0,0,0
2026,regular,2026-04-18,677800,Wilyer Abreu,BOS,30,,,,,0,0,0,0,0,0
2026,regular,2026-04-18,694671,Wyatt Langford,TEX,30,,,,,0,0,0,0,0,0
2026,regular,2026-04-18,593428,Xander Bogaerts,SDP,30,,,,,0,0,0,0,0,0
2026,regular,2026-04-18,669364,Xavier Edwards,MIA,30,,,,,0,0,0,0,0,0
2026,regular,2026-04-18,650490,Yandy Díaz,TBR,30,,,,,0,0,0,0,0,0
2026,regular,2026-04-18,670541,Yordan Alvarez,HOU,30,,,,,0,0,0,0,0,0
2026,regular,2026-04-18,660162,Yoán Moncada,LAA,30,,,,,0,0,0,0,0,0
2026,regular,2026-04-18,687263,Zach Neto,LAA,30,,,,,0,0,0,0,0,0
2026,regular,2026-04-18,680869,Zack Gelof,ATH,30,,,,,0,0,0,0,0,0
2026,regular,2026-04-19,592450,Aaron Judge,NYY,30,,,,,0,0,0,0,0,0
2026,regular,2026-04-19,624428,Adam Frazier,LAA,30,,,,,0,0,0,0,0,0
2026,regular,2026-04-19,666969,Adolis García,PHI,30,,,,,0,0,0,0,0,0
2026,regular,2026-04-19,680728,Adrian Del Castillo,ARI,30,,,,,0,0,0,0,0,0
2026,regular,2026-04-19,682663,Agustín Ramírez,MIA,30,,,,,0,0,0,0,0,0
2026,regular,2026-04-19,664761,Alec Bohm,PHI,30,,,,,0,0,0,0,0,0
2026,regular,2026-04-19,676475,Alec Burleson,STL,30,,,,,0,0,0,0,0,0
2026,regular,2026-04-19,677950,Alek Thomas,ARI,30,,,,,0,0,0,0,0,0
2026,regular,2026-04-19,608324,Alex Bregman,CHC,30,,,,,0,0,0,0,0,0
2026,regular,2026-04-19,669743,Alex Call,LAD,30,,,,,0,0,0,0,0,0
2026,regular,2026-04-19,690976,Alex Freeland,LAD,30,,,,,0,0,0,0,0,0
2026,regular,2026-04-19,642708,Amed Rosario,NYY,30,,,,,0,0,0,0,0,0
2026,regular,2026-04-19,643217,Andrew Benintendi,CHW,30,,,,,0,0,0,0,0,0
2026,regular,2026-04-19,655316,Andruw Monasterio,BOS,30,,,,,0,0,0,0,0,0
2026,regular,2026-04-19,665926,Andrés Giménez,TOR,30,,,,,0,0,0,0,0,0
2026,regular,2026-04-19,628451,Andy Ibáñez,ATH,30,,,,,0,0,0,0,0,0
2026,regular,2026-04-19,681624,Andy Pages,LAD,30,,,,,0,0,0,0,0,0
2026,regular,2026-04-19,682657,Angel Martínez,CLE,30,,,,,0,0,0,0,0,0
2026,regular,2026-04-19,605244,Aramis Garcia,ARI,30,,,,,0,0,0,0,0,0
2026,regular,2026-04-19,595978,Austin Hedges,CLE,30,,,,,0,0,0,0,0,0
2026,regular,2026-04-19,668885,Austin Martin,MIN,30,,,,,0,0,0,0,0,0
2026,regular,2026-04-19,663586,Austin Riley,ATL,30,,,,,0,0,0,0,0,0
2026,regular,2026-04-19,669224,Austin Wells,NYY,30,,,,,0,0,0,0,0,0
2026,regular,2026-04-19,700250,Ben Rice,NYY,30,,,,,0,0,0,0,0,0
2026,regular,2026-04-19,695257,Billy Cook,PIT,30,,,,,0,0,0,0,0,0
2026,regular,2026-04-19,663368,Blake Perkins,MIL,30,,,,,0,0,0,0,0,0
2026,regular,2026-04-19,677942,Blaze Alexander,BAL,30,,,,,0,0,0,0,0,0
2026,regular,2026-04-19,666182,Bo Bichette,NYM,30,,,,,0,0,0,0,0,0
2026,regular,2026-04-19,677951,Bobby Witt Jr.,KCR,30,,,,,0,0,0,0,0,0
2026,regular,2026-04-19,691781,Brady House,WSN,30,,,,,0,0,0,0,0,0
2026,regular,2026-04-19,663604,Brandon Lockridge,MIL,30,,,,,0,0,0,0,0,0
2026,regular,2026-04-19,669016,Brandon Marsh,PHI,30,,,,,0,0,0,0,0,0
2026,regular,2026-04-19,607043,Brandon Nimmo,TEX,30,,,,,0,0,0,0,0,0
2026,regular,2026-04-19,678218,Brandon Valenzuela,TOR,30,,,,,0,0,0,0,0,0
2026,regular,2026-04-19,677587,Brayan Rocchio,CLE,30,,,,,0,0,0,0,0,0
2026,regular,2026-04-19,686668,Brenton Doyle,COL,30,,,,,0,0,0,0,0,0
2026,regular,2026-04-19,683146,Brett Baty,NYM,30,,,,,0,0,0,0,0,0
2026,regular,2026-04-19,694728,Brice Matthews,HOU,30,,,,,0,0,0,0,0,0
2026,regular,2026-04-19,668930,Brice Turang,MIL,30,,,,,0,0,0,0,0,0
2026,regular,2026-04-19,686797,Brooks Lee,MIN,30,,,,,0,0,0,0,0,0
2026,regular,2026-04-19,668804,Bryan Reynolds,PIT,30,,,,,0,0,0,0,0,0
2026,regular,2026-04-19,547180,Bryce Harper,PHI,30,,,,,0,0,0,0,0,0
2026,regular,2026-04-19,669369,Bryce Johnson,SDP,30,,,,,0,0,0,0,0,0
2026,regular,2026-04-19,669326,Bryce Teodosio,LAA,30,,,,,0,0,0,0,0,0
2026,regular,2026-04-19,681082,Bryson Stott,PHI,30,,,,,0,0,0,0,0,0
2026,regular,2026-04-19,621439,Byron Buxton,MIN,30,,,,,0,0,0,0,0,0
2026,regular,2026-04-19,663728,Cal Raleigh,SEA,30,,,,,0,0,0,0,0,0
2026,regular,2026-04-19,702332,Caleb Durbin,BOS,30,,,,,0,0,0,0,0,0
2026,regular,2026-04-19,573204,Caleb Thielbar,CHC,30,,,,,0,0,0,0,0,0
2026,regular,2026-04-19,701358,Cam Smith,HOU,30,,,,,0,0,0,0,0,0
2026,regular,2026-04-19,621043,Carlos Correa,HOU,30,,,,,0,0,0,0,0,0
2026,regular,2026-04-19,666126,Carlos Cortes,ATH,30,,,,,0,0,0,0,0,0
2026,regular,2026-04-19,665966,Carlos Narváez,BOS,30,,,,,0,0,0,0,0,0
2026,regular,2026-04-19,701807,Carson Benge,NYM,30,,,,,0,0,0,0,0,0
2026,regular,2026-04-19,608348,Carson Kelly,CHC,30,,,,,0,0,0,0,0,0
2026,regular,2026-04-19,669477,Casey Schmitt,SFG,30,,,,,0,0,0,0,0,0
2026,regular,2026-04-19,678882,Ceddanne Rafaela,BOS,30,,,,,0,0,0,0,0,0
2026,regular,2026-04-19,656775,Cedric Mullins,TBR,30,,,,,0,0,0,0,0,0
2026,regular,2026-04-19,802415,Chandler Simpson,TBR,30,,,,,0,0,0,0,0,0
2026,regular,2026-04-19,805367,Chase Meidroth,CHW,30,,,,,0,0,0,0,0,0
2026,regular,2026-04-19,572233,Christian Walker,HOU,30,,,,,0,0,0,0,0,0
2026,regular,2026-04-19,682928,CJ Abrams,WSN,30,,,,,0,0,0,0,0,0
2026,regular,2026-04-19,691723,Coby Mayo,BAL,30,,,,,0,0,0,0,0,0
2026,regular,2026-04-19,641355,Cody Bellinger,NYY,30,,,,,0,0,0,0,0,0
2026,regular,2026-04-19,702284,Cole Young,SEA,30,,,,,0,0,0,0,0,0
2026,regular,2026-04-19,695657,Colson Montgomery,CHW,30,,,,,0,0,0,0,0,0
2026,regular,2026-04-19,681297,Colton Cowser,BAL,30,,,,,0,0,0,0,0,0
2026,regular,2026-04-19,656582,Connor Joe,SEA,30,,,,,0,0,0,0,0,0
2026,regular,2026-04-19,681393,Connor Norby,MIA,30,,,,,0,0,0,0,0,0
2026,regular,2026-04-19,682998,Corbin Carroll,ARI,30,,,,,0,0,0,0,0,0
2026,regular,2026-04-19,608369,Corey Seager,TEX,30,,,,,0,0,0,0,0,0
2026,regular,2026-04-19,678554,Curtis Mead,WSN,30,,,,,0,0,0,0,0,0
2026,regular,2026-04-19,687221,Dalton Rushing,LAD,30,,,,,0,0,0,0,0,0
2026,regular,2026-04-19,667472,Dane Myers,CIN,30,,,,,0,0,0,0,0,0
2026,regular,2026-04-19,682177,Daniel Schneemann,CLE,30,,,,,0,0,0,0,0,0
2026,regular,2026-04-19,691740,Daniel Susac,SFG,30,,,,,0,0,0,0,0,0
2026,regular,2026-04-19,643376,Danny Jansen,TEX,30,,,,,0,0,0,0,0,0
2026,regular,2026-04-19,621020,Dansby Swanson,CHC,30,,,,,0,0,0,0,0,0
2026,regular,2026-04-19,687231,Darell Hernaiz,ATH,30,,,,,0,0,0,0,0,0
2026,regular,2026-04-19,681807,David Fry,CLE,30,,,,,0,0,0,0,0,0
2026,regular,2026-04-19,666152,David Hamilton,MIL,30,,,,,0,0,0,0,0,0
2026,regular,2026-04-19,672016,Denzel Clarke,ATH,30,,,,,0,0,0,0,0,0
2026,regular,2026-04-19,656537,Derek Hill,CHW,30,,,,,0,0,0,0,0,0
2026,regular,2026-04-19,693307,Dillon Dingler,DET,30,,,,,0,0,0,0,0,0
2026,regular,2026-04-19,642086,Dominic Smith,ATL,30,,,,,0,0,0,0,0,0
2026,regular,2026-04-19,686948,Drake Baldwin,ATL,30,,,,,0,0,0,0,0,0
2026,regular,2026-04-19,687551,Drew Gilbert,SFG,30,,,,,0,0,0,0,0,0
2026,regular,2026-04-19,687957,Dustin Harris,HOU,30,,,,,0,0,0,0,0,0
2026,regular,2026-04-19,687637,Dylan Beavers,BAL,30,,,,,0,0,0,0,0,0
2026,regular,2026-04-19,700337,Edgar Quero,CHW,30,,,,,0,0,0,0,0,0
2026,regular,2026-04-19,666397,Edouard Julien,COL,30,,,,,0,0,0,0,0,0
2026,regular,2026-04-19,642201,Eli White,ATL,30,,,,,0,0,0,0,0,0
2026,regular,2026-04-19,553869,Elias Díaz,KCR,30,,,,,0,0,0,0,0,0
2026,regular,2026-04-19,682829,Elly De La Cruz,CIN,30,,,,,0,0,0,0,0,0
2026,regular,2026-04-19,650391,Eloy Jiménez,TOR,30,,,,,0,0,0,0,0,0
2026,regular,2026-04-19,676391,Ernie Clement,TOR,30,,,,,0,0,0,0,0,0
2026,regular,2026-04-19,553993,Eugenio Suárez,CIN,30,,,,,0,0,0,0,0,0
2026,regular,2026-04-19,694497,Evan Carter,TEX,30,,,,,0,0,0,0,0,0
2026,regular,2026-04-19,677592,Everson Pereira,CHW,30,,,,,0,0,0,0,0,0
2026,regular,2026-04-19,678662,Ezequiel Tovar,COL,30,,,,,0,0,0,0,0,0
2026,regular,2026-04-19,665487,Fernando Tatis Jr.,SDP,30,,,,,0,0,0,0,0,0
2026,regular,2026-04-19,682626,Francisco Alvarez,NYM,30,,,,,0,0,0,0,0,0
2026,regular,2026-04-19,596019,Francisco Lindor,NYM,30,,,,,0,0,0,0,0,0
2026,regular,2026-04-19,666023,Freddy Fermin,SDP,30,,,,,0,0,0,0,0,0
2026,regular,2026-04-19,669003,Garrett Mitchell,MIL,30,,,,,0,0,0,0,0,0
2026,regular,2026-04-19,596142,Gary Sánchez,MIL,30,,,,,0,0,0,0,0,0
2026,regular,2026-04-19,657757,Gavin Sheets,SDP,30,,,,,0,0,0,0,0,0
2026,regular,2026-04-19,650402,Gleyber Torres,DET,30,,,,,0,0,0,0,0,0
2026,regular,2026-04-19,688363,Graham Pauley,MIA,30,,,,,0,0,0,0,0,0
2026,regular,2026-04-19,675659,Greg Jones,MIL,30,,,,,0,0,0,0,0,0
2026,regular,2026-04-19,683002,Gunnar Henderson,BAL,30,,,,,0,0,0,0,0,0
2026,regular,2026-04-19,701678,Hao-Yu  Lee,DET,30,,,,,0,0,0,0,0,0
2026,regular,2026-04-19,671218,Heliot Ramos,SFG,30,,,,,0,0,0,0,0,0
2026,regular,2026-04-19,676439,Hunter Feduccia,TBR,30,,,,,0,0,0,0,0,0
2026,regular,2026-04-19,696100,Hunter Goodman,COL,30,,,,,0,0,0,0,0,0
2026,regular,2026-04-19,808975,Hyeseong Kim,LAD,30,,,,,0,0,0,0,0,0
2026,regular,2026-04-19,664023,Ian Happ,CHC,30,,,,,0,0,0,0,0,0
2026,regular,2026-04-19,545121,Ildemaro Vargas,ARI,30,,,,,0,0,0,0,0,0
2026,regular,2026-04-19,686555,Isaac Collins,KCR,30,,,,,0,0,0,0,0,0
2026,regular,2026-04-19,670623,Isaac Paredes,HOU,30,,,,,0,0,0,0,0,0
2026,regular,2026-04-19,643396,Isiah Kiner-Falefa,BOS,30,,,,,0,0,0,0,0,0
2026,regular,2026-04-19,671056,Iván Herrera,STL,30,,,,,0,0,0,0,0,0
2026,regular,2026-04-19,641487,J.P. Crawford,SEA,30,,,,,0,0,0,0,0,0
2026,regular,2026-04-19,701538,Jackson Merrill,SDP,30,,,,,0,0,0,0,0,0
2026,regular,2026-04-19,805779,Jacob Wilson,ATH,30,,,,,0,0,0,0,0,0
2026,regular,2026-04-19,696285,Jacob Young,WSN,30,,,,,0,0,0,0,0,0
2026,regular,2026-04-19,663330,Jahmai Jones,DET,30,,,,,0,0,0,0,0,0
2026,regular,2026-04-19,641343,Jake Bauers,MIL,30,,,,,0,0,0,0,0,0
2026,regular,2026-04-19,669394,Jake Burger,TEX,30,,,,,0,0,0,0,0,0
2026,regular,2026-04-19,630105,Jake Cronenworth,SDP,30,,,,,0,0,0,0,0,0
2026,regular,2026-04-19,663968,Jake Mangum,PIT,30,,,,,0,0,0,0,0,0
2026,regular,2026-04-19,664983,Jake McCarthy,COL,30,,,,,0,0,0,0,0,0
2026,regular,2026-04-19,805300,Jakob Marsee,MIA,30,,,,,0,0,0,0,0,0
2026,regular,2026-04-19,543510,James McCann,ARI,30,,,,,0,0,0,0,0,0
2026,regular,2026-04-19,681546,James Outman,MIN,30,,,,,0,0,0,0,0,0
2026,regular,2026-04-19,695578,James Wood,WSN,30,,,,,0,0,0,0,0,0
2026,regular,2026-04-19,595879,Javier Báez,DET,30,,,,,0,0,0,0,0,0
2026,regular,2026-04-19,691594,Javier Sanoja,MIA,30,,,,,0,0,0,0,0,0
2026,regular,2026-04-19,643446,Jeff McNeil,ATH,30,,,,,0,0,0,0,0,0
2026,regular,2026-04-19,666464,Jerar Encarnacion,SFG,30,,,,,0,0,0,0,0,0
2026,regular,2026-04-19,669236,Jeremiah Jackson,BAL,30,,,,,0,0,0,0,0,0
2026,regular,2026-04-19,660821,Jesús Sánchez,TOR,30,,,,,0,0,0,0,0,0
2026,regular,2026-04-19,802139,JJ Wetherholt,STL,30,,,,,0,0,0,0,0,0
2026,regular,2026-04-19,666176,Jo Adell,LAA,30,,,,,0,0,0,0,0,0
2026,regular,2026-04-19,592626,Joc Pederson,TEX,30,,,,,0,0,0,0,0,0
2026,regular,2026-04-19,663698,Joey Bart,PIT,30,,,,,0,0,0,0,0,0
2026,regular,2026-04-19,687401,Joey Ortiz,MIL,30,,,,,0,0,0,0,0,0
2026,regular,2026-04-19,686894,Joey Wiemer,WSN,30,,,,,0,0,0,0,0,0
2026,regular,2026-04-19,671286,Johnathan Rodríguez,BAL,30,,,,,0,0,0,0,0,0
2026,regular,2026-04-19,666018,Jonathan Aranda,TBR,30,,,,,0,0,0,0,0,0
2026,regular,2026-04-19,676356,Jonny DeLuca,TBR,30,,,,,0,0,0,0,0,0
2026,regular,2026-04-19,691023,Jordan Walker,STL,30,,,,,0,0,0,0,0,0
2026,regular,2026-04-19,678489,Jorge Barrosa,ARI,30,,,,,0,0,0,0,0,0
2026,regular,2026-04-19,624585,Jorge Soler,LAA,30,,,,,0,0,0,0,0,0
2026,regular,2026-04-19,514888,Jose Altuve,HOU,30,,,,,0,0,0,0,0,0
2026,regular,2026-04-19,699912,Jose Fernandez,ARI,30,,,,,0,0,0,0,0,0
2026,regular,2026-04-19,605137,Josh Bell,MIN,30,,,,,0,0,0,0,0,0
2026,regular,2026-04-19,673962,Josh Jung,TEX,30,,,,,0,0,0,0,0,0
2026,regular,2026-04-19,666139,Josh Lowe,LAA,30,,,,,0,0,0,0,0,0
2026,regular,2026-04-19,669701,Josh Smith,TEX,30,,,,,0,0,0,0,0,0
2026,regular,2026-04-19,676609,José Caballero,NYY,30,,,,,0,0,0,0,0,0
2026,regular,2026-04-19,665877,José Fermín,STL,30,,,,,0,0,0,0,0,0
2026,regular,2026-04-19,608070,José Ramírez,CLE,30,,,,,0,0,0,0,0,0
2026,regular,2026-04-19,682877,Juan Brito,CLE,30,,,,,0,0,0,0,0,0
2026,regular,2026-04-19,677594,Julio Rodríguez,SEA,30,,,,,0,0,0,0,0,0
2026,regular,2026-04-19,808982,Jung Hoo Lee,SFG,30,,,,,0,0,0,0,0,0
2026,regular,2026-04-19,691406,Junior Caminero,TBR,30,,,,,0,0,0,0,0,0
2026,regular,2026-04-19,702222,Justin Crawford,PHI,30,,,,,0,0,0,0,0,0
2026,regular,2026-04-19,672960,Kazuma Okamoto,TOR,30,,,,,0,0,0,0,0,0
2026,regular,2026-04-19,663647,Ke'Bryan Hayes,CIN,30,,,,,0,0,0,0,0,0
2026,regular,2026-04-19,660688,Keibert Ruiz,WSN,30,,,,,0,0,0,0,0,0
2026,regular,2026-04-19,681481,Kerry Carpenter,DET,30,,,,,0,0,0,0,0,0
2026,regular,2026-04-19,606466,Ketel Marte,ARI,30,,,,,0,0,0,0,0,0
2026,regular,2026-04-19,665019,Kody Clemens,MIN,30,,,,,0,0,0,0,0,0
2026,regular,2026-04-19,804606,Konnor Griffin,PIT,30,,,,,0,0,0,0,0,0
2026,regular,2026-04-19,543309,Kyle Higashioka,TEX,30,,,,,0,0,0,0,0,0
2026,regular,2026-04-19,691720,Kyle Karros,COL,30,,,,,0,0,0,0,0,0
2026,regular,2026-04-19,656941,Kyle Schwarber,PHI,30,,,,,0,0,0,0,0,0
2026,regular,2026-04-19,669065,Kyle Stowers,MIA,30,,,,,0,0,0,0,0,0
2026,regular,2026-04-19,663656,Kyle Tucker,LAD,30,,,,,0,0,0,0,0,0
2026,regular,2026-04-19,657041,Lane Thomas,KCR,30,,,,,0,0,0,0,0,0
2026,regular,2026-04-19,671732,Lawrence Butler,ATH,30,,,,,0,0,0,0,0,0
2026,regular,2026-04-19,660844,Leo Rivas,SEA,30,,,,,0,0,0,0,0,0
2026,regular,2026-04-19,665750,Leody Taveras,BAL,30,,,,,0,0,0,0,0,0
2026,regular,2026-04-19,689414,Liam Hicks,MIA,30,,,,,0,0,0,0,0,0
2026,regular,2026-04-19,681351,Logan O'Hoppe,LAA,30,,,,,0,0,0,0,0,0
2026,regular,2026-04-19,666971,Lourdes Gurriel Jr.,ARI,30,,,,,0,0,0,0,0,0
2026,regular,2026-04-19,650333,Luis Arraez,SFG,30,,,,,0,0,0,0,0,0
2026,regular,2026-04-19,669134,Luis Campusano,SDP,30,,,,,0,0,0,0,0,0
2026,regular,2026-04-19,671277,Luis García Jr.,WSN,30,,,,,0,0,0,0,0,0
2026,regular,2026-04-19,682641,Luis Matos,MIL,30,,,,,0,0,0,0,0,0
2026,regular,2026-04-19,650859,Luis Rengifo,MIL,30,,,,,0,0,0,0,0,0
2026,regular,2026-04-19,673357,Luis Robert Jr.,NYM,30,,,,,0,0,0,0,0,0
2026,regular,2026-04-19,620443,Luis Torrens,NYM,30,,,,,0,0,0,0,0,0
2026,regular,2026-04-19,682668,Luisangel Acuña,CHW,30,,,,,0,0,0,0,0,0
2026,regular,2026-04-19,807712,Luke Keaschall,MIN,30,,,,,0,0,0,0,0,0
2026,regular,2026-04-19,670042,Luke Raley,SEA,30,,,,,0,0,0,0,0,0
2026,regular,2026-04-19,672580,Maikel Garcia,KCR,30,,,,,0,0,0,0,0,0
2026,regular,2026-04-19,592518,Manny Machado,SDP,30,,,,,0,0,0,0,0,0
2026,regular,2026-04-19,542303,Marcell Ozuna,PIT,30,,,,,0,0,0,0,0,0
2026,regular,2026-04-19,691785,Marcelo Mayer,BOS,30,,,,,0,0,0,0,0,0
2026,regular,2026-04-19,543760,Marcus Semien,NYM,30,,,,,0,0,0,0,0,0
2026,regular,2026-04-19,668901,Mark Vientos,NYM,30,,,,,0,0,0,0,0,0
2026,regular,2026-04-19,807799,Masataka Yoshida,BOS,30,,,,,0,0,0,0,0,0
2026,regular,2026-04-19,691026,Masyn Winn,STL,30,,,,,0,0,0,0,0,0
2026,regular,2026-04-19,656305,Matt Chapman,SFG,30,,,,,0,0,0,0,0,0
2026,regular,2026-04-19,680574,Matt McLain,CIN,30,,,,,0,0,0,0,0,0
2026,regular,2026-04-19,621566,Matt Olson,ATL,30,,,,,0,0,0,0,0,0
2026,regular,2026-04-19,807713,Matt Shaw,CHC,30,,,,,0,0,0,0,0,0
2026,regular,2026-04-19,663837,Matt Vierling,DET,30,,,,,0,0,0,0,0,0
2026,regular,2026-04-19,643289,Mauricio Dubón,ATL,30,,,,,0,0,0,0,0,0
2026,regular,2026-04-19,571970,Max Muncy,LAD,30,,,,,0,0,0,0,0,0
2026,regular,2026-04-19,691777,Max Muncy,ATH,30,,,,,0,0,0,0,0,0
2026,regular,2026-04-19,683737,Michael Busch,CHC,30,,,,,0,0,0,0,0,0
2026,regular,2026-04-19,624424,Michael Conforto,CHC,30,,,,,0,0,0,0,0,0
2026,regular,2026-04-19,671739,Michael Harris II,ATL,30,,,,,0,0,0,0,0,0
2026,regular,2026-04-19,686681,Michael Massey,KCR,30,,,,,0,0,0,0,0,0
2026,regular,2026-04-19,666160,Mickey Moniak,COL,30,,,,,0,0,0,0,0,0
2026,regular,2026-04-19,609280,Miguel Andujar,SDP,30,,,,,0,0,0,0,0,0
2026,regular,2026-04-19,678246,Miguel Vargas,CHW,30,,,,,0,0,0,0,0,0
2026,regular,2026-04-19,545361,Mike Trout,LAA,30,,,,,0,0,0,0,0,0
2026,regular,2026-04-19,573262,Mike Yastrzemski,ATL,30,,,,,0,0,0,0,0,0
2026,regular,2026-04-19,641598,Mitch Garver,SEA,30,,,,,0,0,0,0,0,0
2026,regular,2026-04-19,669004,MJ Melendez,NYM,30,,,,,0,0,0,0,0,0
2026,regular,2026-04-19,694208,Moisés Ballesteros,CHC,30,,,,,0,0,0,0,0,0
2026,regular,2026-04-19,808959,Munetaka Murakami,CHW,30,,,,,0,0,0,0,0,0
2026,regular,2026-04-19,664702,Myles Straw,TOR,30,,,,,0,0,0,0,0,0
2026,regular,2026-04-19,683083,Nasim Nuñez,WSN,30,,,,,0,0,0,0,0,0
2026,regular,2026-04-19,701675,Nathan Church,STL,30,,,,,0,0,0,0,0,0
2026,regular,2026-04-19,664770,Nathan Lukes,TOR,30,,,,,0,0,0,0,0,0
2026,regular,2026-04-19,663993,Nathaniel Lowe,CIN,30,,,,,0,0,0,0,0,0
2026,regular,2026-04-19,693304,Nick Gonzales,PIT,30,,,,,0,0,0,0,0,0
2026,regular,2026-04-19,701762,Nick Kurtz,ATH,30,,,,,0,0,0,0,0,0
2026,regular,2026-04-19,694377,Nick Yorke,PIT,30,,,,,0,0,0,0,0,0
2026,regular,2026-04-19,663538,Nico Hoerner,CHC,30,,,,,0,0,0,0,0,0
2026,regular,2026-04-19,571448,Nolan Arenado,ARI,30,,,,,0,0,0,0,0,0
2026,regular,2026-04-19,669357,Nolan Gorman,STL,30,,,,,0,0,0,0,0,0
2026,regular,2026-04-19,694384,Nolan Schanuel,LAA,30,,,,,0,0,0,0,0,0
2026,regular,2026-04-19,665833,Oneil Cruz,PIT,30,,,,,0,0,0,0,0,0
2026,regular,2026-04-19,672724,Oswald Peraza,LAA,30,,,,,0,0,0,0,0,0
2026,regular,2026-04-19,672640,Otto Lopez,MIA,30,,,,,0,0,0,0,0,0
2026,regular,2026-04-19,683357,Owen Caissie,MIA,30,,,,,0,0,0,0,0,0
2026,regular,2026-04-19,645277,Ozzie Albies,ATL,30,,,,,0,0,0,0,0,0
2026,regular,2026-04-19,664731,P.J. Higgins,CIN,30,,,,,0,0,0,0,0,0
2026,regular,2026-04-19,672275,Patrick Bailey,SFG,30,,,,,0,0,0,0,0,0
2026,regular,2026-04-19,502671,Paul Goldschmidt,NYY,30,,,,,0,0,0,0,0,0
2026,regular,2026-04-19,686780,Pedro Pagés,STL,30,,,,,0,0,0,0,0,0
2026,regular,2026-04-19,624413,Pete Alonso,BAL,30,,,,,0,0,0,0,0,0
2026,regular,2026-04-19,691718,Pete Crow-Armstrong,CHC,30,,,,,0,0,0,0,0,0
2026,regular,2026-04-19,646240,Rafael Devers,SFG,30,,,,,0,0,0,0,0,0
2026,regular,2026-04-19,665561,Rafael Marchán,PHI,30,,,,,0,0,0,0,0,0
2026,regular,2026-04-19,657656,Ramón Laureano,SDP,30,,,,,0,0,0,0,0,0
2026,regular,2026-04-19,602104,Ramón Urías,STL,30,,,,,0,0,0,0,0,0
2026,regular,2026-04-19,668227,Randy Arozarena,SEA,30,,,,,0,0,0,0,0,0
2026,regular,2026-04-19,677956,Rece Hinds,CIN,30,,,,,0,0,0,0,0,0
2026,regular,2026-04-19,656555,Rhys Hoskins,CLE,30,,,,,0,0,0,0,0,0
2026,regular,2026-04-19,680700,Richie Palacios,TBR,30,,,,,0,0,0,0,0,0
2026,regular,2026-04-19,682985,Riley Greene,DET,30,,,,,0,0,0,0,0,0
2026,regular,2026-04-19,608701,Rob Refsnyder,SEA,30,,,,,0,0,0,0,0,0
2026,regular,2026-04-19,701350,Roman Anthony,BOS,30,,,,,0,0,0,0,0,0
2026,regular,2026-04-19,660670,Ronald Acuña Jr.,ATL,30,,,,,0,0,0,0,0,0
2026,regular,2026-04-19,680777,Ryan Jeffers,MIN,30,,,,,0,0,0,0,0,0
2026,regular,2026-04-19,641857,Ryan McMahon,NYY,30,,,,,0,0,0,0,0,0
2026,regular,2026-04-19,669899,Ryan Ward,LAD,30,,,,,0,0,0,0,0,0
2026,regular,2026-04-19,686217,Sal Frelick,MIL,30,,,,,0,0,0,0,0,0
2026,regular,2026-04-19,701398,Sal Stewart,CIN,30,,,,,0,0,0,0,0,0
2026,regular,2026-04-19,521692,Salvador Perez,KCR,30,,,,,0,0,0,0,0,0
2026,regular,2026-04-19,803011,Sam Antonacci,CHW,30,,,,,0,0,0,0,0,0
2026,regular,2026-04-19,664059,Sam Haggerty,TEX,30,,,,,0,0,0,0,0,0
2026,regular,2026-04-19,669087,Sam Huff,BAL,30,,,,,0,0,0,0,0,0
2026,regular,2026-04-19,664068,Scott Kingery,CHC,30,,,,,0,0,0,0,0,0
2026,regular,2026-04-19,673548,Seiya Suzuki,CHC,30,,,,,0,0,0,0,0,0
2026,regular,2026-04-19,694376,Shay Whitcomb,HOU,30,,,,,0,0,0,0,0,0
2026,regular,2026-04-19,669127,Shea Langeliers,ATH,30,,,,,0,0,0,0,0,0
2026,regular,2026-04-19,660271,Shohei Ohtani,LAD,30,,,,,0,0,0,0,0,0
2026,regular,2026-04-19,687462,Spencer Horwitz,PIT,30,,,,,0,0,0,0,0,0
2026,regular,2026-04-19,668715,Spencer Steer,CIN,30,,,,,0,0,0,0,0,0
2026,regular,2026-04-19,679529,Spencer Torkelson,DET,30,,,,,0,0,0,0,0,0
2026,regular,2026-04-19,516782,Starling Marte,KCR,30,,,,,0,0,0,0,0,0
2026,regular,2026-04-19,680757,Steven Kwan,CLE,30,,,,,0,0,0,0,0,0
2026,regular,2026-04-19,695020,Tanner Murray,CHW,30,,,,,0,0,0,0,0,0
2026,regular,2026-04-19,666211,Taylor Trammell,HOU,30,,,,,0,0,0,0,0,0
2026,regular,2026-04-19,670764,Taylor Walls,TBR,30,,,,,0,0,0,0,0,0
2026,regular,2026-04-19,621493,Taylor Ward,BAL,30,,,,,0,0,0,0,0,0
2026,regular,2026-04-19,695336,Thomas Saggese,STL,30,,,,,0,0,0,0,0,0
2026,regular,2026-04-19,694374,Tim Tawa,ARI,30,,,,,0,0,0,0,0,0
2026,regular,2026-04-19,670770,TJ Friedl,CIN,30,,,,,0,0,0,0,0,0
2026,regular,2026-04-19,681198,TJ Rumfield,COL,30,,,,,0,0,0,0,0,0
2026,regular,2026-04-19,502054,Tommy Pham,NYM,30,,,,,0,0,0,0,0,0
2026,regular,2026-04-19,518595,Travis d'Arnaud,LAA,30,,,,,0,0,0,0,0,0
2026,regular,2026-04-19,607208,Trea Turner,PHI,30,,,,,0,0,0,0,0,0
2026,regular,2026-04-19,663757,Trent Grisham,NYY,30,,,,,0,0,0,0,0,0
2026,regular,2026-04-19,663616,Trevor Larnach,MIN,30,,,,,0,0,0,0,0,0
2026,regular,2026-04-19,596115,Trevor Story,BOS,30,,,,,0,0,0,0,0,0
2026,regular,2026-04-19,656484,Tristan Gray,MIN,30,,,,,0,0,0,0,0,0
2026,regular,2026-04-19,671976,Tristan Peters,CHW,30,,,,,0,0,0,0,0,0
2026,regular,2026-04-19,687859,Troy Johnston,COL,30,,,,,0,0,0,0,0,0
2026,regular,2026-04-19,664034,Ty France,SDP,30,,,,,0,0,0,0,0,0
2026,regular,2026-04-19,671289,Tyler Freeman,COL,30,,,,,0,0,0,0,0,0
2026,regular,2026-04-19,691016,Tyler Soderstrom,ATH,30,,,,,0,0,0,0,0,0
2026,regular,2026-04-19,663886,Tyler Stephenson,CIN,30,,,,,0,0,0,0,0,0
2026,regular,2026-04-19,621438,Tyrone Taylor,NYM,30,,,,,0,0,0,0,0,0
2026,regular,2026-04-19,687093,Vaughn Grissom,LAA,30,,,,,0,0,0,0,0,0
2026,regular,2026-04-19,605170,Victor Caratini,MIN,30,,,,,0,0,0,0,0,0
2026,regular,2026-04-19,687363,Victor Scott II,STL,30,,,,,0,0,0,0,0,0
2026,regular,2026-04-19,686469,Vinnie Pasquantino,KCR,30,,,,,0,0,0,0,0,0
2026,regular,2026-04-19,665489,Vladimir Guerrero Jr.,TOR,30,,,,,0,0,0,0,0,0
2026,regular,2026-04-19,672761,Wenceel Pérez,DET,30,,,,,0,0,0,0,0,0
2026,regular,2026-04-19,642215,Weston Wilson,BAL,30,,,,,0,0,0,0,0,0
2026,regular,2026-04-19,666181,Will Benson,CIN,30,,,,,0,0,0,0,0,0
2026,regular,2026-04-19,669257,Will Smith,LAD,30,,,,,0,0,0,0,0,0
2026,regular,2026-04-19,650489,Willi Castro,COL,30,,,,,0,0,0,0,0,0
2026,regular,2026-04-19,661388,William Contreras,MIL,30,,,,,0,0,0,0,0,0
2026,regular,2026-04-19,575929,Willson Contreras,BOS,30,,,,,0,0,0,0,0,0
2026,regular,2026-04-19,642715,Willy Adames,SFG,30,,,,,0,0,0,0,0,0
2026,regular,2026-04-19,677800,Wilyer Abreu,BOS,30,,,,,0,0,0,0,0,0
2026,regular,2026-04-19,694671,Wyatt Langford,TEX,30,,,,,0,0,0,0,0,0
2026,regular,2026-04-19,593428,Xander Bogaerts,SDP,30,,,,,0,0,0,0,0,0
2026,regular,2026-04-19,669364,Xavier Edwards,MIA,30,,,,,0,0,0,0,0,0
2026,regular,2026-04-19,673237,Yainer Diaz,HOU,30,,,,,0,0,0,0,0,0
2026,regular,2026-04-19,650490,Yandy Díaz,TBR,30,,,,,0,0,0,0,0,0
2026,regular,2026-04-19,650968,Yohel Pozo,STL,30,,,,,0,0,0,0,0,0
2026,regular,2026-04-19,670541,Yordan Alvarez,HOU,30,,,,,0,0,0,0,0,0
2026,regular,2026-04-19,660162,Yoán Moncada,LAA,30,,,,,0,0,0,0,0,0
2026,regular,2026-04-19,687263,Zach Neto,LAA,30,,,,,0,0,0,0,0,0
2026,regular,2026-04-19,680869,Zack Gelof,ATH,30,,,,,0,0,0,0,0,0
2026,regular,2026-04-20,624428,Adam Frazier,LAA,30,,,,,0,0,0,0,0,0
2026,regular,2026-04-20,666969,Adolis García,PHI,30,,,,,0,0,0,0,0,0
2026,regular,2026-04-20,682663,Agustín Ramírez,MIA,30,,,,,0,0,0,0,0,0
2026,regular,2026-04-20,664761,Alec Bohm,PHI,30,,,,,0,0,0,0,0,0
2026,regular,2026-04-20,676475,Alec Burleson,STL,30,,,,,0,0,0,0,0,0
2026,regular,2026-04-20,608324,Alex Bregman,CHC,30,,,,,0,0,0,0,0,0
2026,regular,2026-04-20,669743,Alex Call,LAD,30,,,,,0,0,0,0,0,0
2026,regular,2026-04-20,665926,Andrés Giménez,TOR,30,,,,,0,0,0,0,0,0
2026,regular,2026-04-20,681624,Andy Pages,LAD,30,,,,,0,0,0,0,0,0
2026,regular,2026-04-20,663586,Austin Riley,ATL,30,,,,,0,0,0,0,0,0
2026,regular,2026-04-20,677942,Blaze Alexander,BAL,30,,,,,0,0,0,0,0,0
2026,regular,2026-04-20,666310,Bo Naylor,CLE,30,,,,,0,0,0,0,0,0
2026,regular,2026-04-20,677951,Bobby Witt Jr.,KCR,30,,,,,0,0,0,0,0,0
2026,regular,2026-04-20,691781,Brady House,WSN,30,,,,,0,0,0,0,0,0
2026,regular,2026-04-20,669016,Brandon Marsh,PHI,30,,,,,0,0,0,0,0,0
2026,regular,2026-04-20,677587,Brayan Rocchio,CLE,30,,,,,0,0,0,0,0,0
2026,regular,2026-04-20,686668,Brenton Doyle,COL,30,,,,,0,0,0,0,0,0
2026,regular,2026-04-20,664954,Brett Sullivan,COL,30,,,,,0,0,0,0,0,0
2026,regular,2026-04-20,694728,Brice Matthews,HOU,30,,,,,0,0,0,0,0,0
2026,regular,2026-04-20,547180,Bryce Harper,PHI,30,,,,,0,0,0,0,0,0
2026,regular,2026-04-20,681082,Bryson Stott,PHI,30,,,,,0,0,0,0,0,0
2026,regular,2026-04-20,663728,Cal Raleigh,SEA,30,,,,,0,0,0,0,0,0
2026,regular,2026-04-20,702332,Caleb Durbin,BOS,30,,,,,0,0,0,0,0,0
2026,regular,2026-04-20,701358,Cam Smith,HOU,30,,,,,0,0,0,0,0,0
2026,regular,2026-04-20,621043,Carlos Correa,HOU,30,,,,,0,0,0,0,0,0
2026,regular,2026-04-20,666126,Carlos Cortes,ATH,30,,,,,0,0,0,0,0,0
2026,regular,2026-04-20,665966,Carlos Narváez,BOS,30,,,,,0,0,0,0,0,0
2026,regular,2026-04-20,695600,Carter Jensen,KCR,30,,,,,0,0,0,0,0,0
2026,regular,2026-04-20,678882,Ceddanne Rafaela,BOS,30,,,,,0,0,0,0,0,0
2026,regular,2026-04-20,656775,Cedric Mullins,TBR,30,,,,,0,0,0,0,0,0
2026,regular,2026-04-20,802415,Chandler Simpson,TBR,30,,,,,0,0,0,0,0,0
2026,regular,2026-04-20,800050,Chase DeLauter,CLE,30,,,,,0,0,0,0,0,0
2026,regular,2026-04-20,572233,Christian Walker,HOU,30,,,,,0,0,0,0,0,0
2026,regular,2026-04-20,682928,CJ Abrams,WSN,30,,,,,0,0,0,0,0,0
2026,regular,2026-04-20,691723,Coby Mayo,BAL,30,,,,,0,0,0,0,0,0
2026,regular,2026-04-20,702284,Cole Young,SEA,30,,,,,0,0,0,0,0,0
2026,regular,2026-04-20,690993,Colt Keith,DET,30,,,,,0,0,0,0,0,0
2026,regular,2026-04-20,681297,Colton Cowser,BAL,30,,,,,0,0,0,0,0,0
2026,regular,2026-04-20,681393,Connor Norby,MIA,30,,,,,0,0,0,0,0,0
2026,regular,2026-04-20,687221,Dalton Rushing,LAD,30,,,,,0,0,0,0,0,0
2026,regular,2026-04-20,667472,Dane Myers,CIN,30,,,,,0,0,0,0,0,0
2026,regular,2026-04-20,621020,Dansby Swanson,CHC,30,,,,,0,0,0,0,0,0
2026,regular,2026-04-20,662139,Daulton Varsho,TOR,30,,,,,0,0,0,0,0,0
2026,regular,2026-04-20,676914,Davis Schneider,TOR,30,,,,,0,0,0,0,0,0
2026,regular,2026-04-20,695734,Daylen Lile,WSN,30,,,,,0,0,0,0,0,0
2026,regular,2026-04-20,672016,Denzel Clarke,ATH,30,,,,,0,0,0,0,0,0
2026,regular,2026-04-20,693307,Dillon Dingler,DET,30,,,,,0,0,0,0,0,0
2026,regular,2026-04-20,686527,Dominic Canzone,SEA,30,,,,,0,0,0,0,0,0
2026,regular,2026-04-20,642086,Dominic Smith,ATL,30,,,,,0,0,0,0,0,0
2026,regular,2026-04-20,686948,Drake Baldwin,ATL,30,,,,,0,0,0,0,0,0
2026,regular,2026-04-20,686452,Drew Millas,WSN,30,,,,,0,0,0,0,0,0
2026,regular,2026-04-20,687957,Dustin Harris,HOU,30,,,,,0,0,0,0,0,0
2026,regular,2026-04-20,687637,Dylan Beavers,BAL,30,,,,,0,0,0,0,0,0
2026,regular,2026-04-20,642201,Eli White,ATL,30,,,,,0,0,0,0,0,0
2026,regular,2026-04-20,553869,Elias Díaz,KCR,30,,,,,0,0,0,0,0,0
2026,regular,2026-04-20,682829,Elly De La Cruz,CIN,30,,,,,0,0,0,0,0,0
2026,regular,2026-04-20,650391,Eloy Jiménez,TOR,30,,,,,0,0,0,0,0,0
2026,regular,2026-04-20,676391,Ernie Clement,TOR,30,,,,,0,0,0,0,0,0
2026,regular,2026-04-20,553993,Eugenio Suárez,CIN,30,,,,,0,0,0,0,0,0
2026,regular,2026-04-20,678662,Ezequiel Tovar,COL,30,,,,,0,0,0,0,0,0
2026,regular,2026-04-20,671655,George Valera,CLE,30,,,,,0,0,0,0,0,0
2026,regular,2026-04-20,650402,Gleyber Torres,DET,30,,,,,0,0,0,0,0,0
2026,regular,2026-04-20,688363,Graham Pauley,MIA,30,,,,,0,0,0,0,0,0
2026,regular,2026-04-20,683002,Gunnar Henderson,BAL,30,,,,,0,0,0,0,0,0
2026,regular,2026-04-20,701678,Hao-Yu  Lee,DET,30,,,,,0,0,0,0,0,0
2026,regular,2026-04-20,696100,Hunter Goodman,COL,30,,,,,0,0,0,0,0,0
2026,regular,2026-04-20,808975,Hyeseong Kim,LAD,30,,,,,0,0,0,0,0,0
2026,regular,2026-04-20,664023,Ian Happ,CHC,30,,,,,0,0,0,0,0,0
2026,regular,2026-04-20,686555,Isaac Collins,KCR,30,,,,,0,0,0,0,0,0
2026,regular,2026-04-20,670623,Isaac Paredes,HOU,30,,,,,0,0,0,0,0,0
2026,regular,2026-04-20,643396,Isiah Kiner-Falefa,BOS,30,,,,,0,0,0,0,0,0
2026,regular,2026-04-20,671056,Iván Herrera,STL,30,,,,,0,0,0,0,0,0
2026,regular,2026-04-20,641487,J.P. Crawford,SEA,30,,,,,0,0,0,0,0,0
2026,regular,2026-04-20,695506,Jac Caglianone,KCR,30,,,,,0,0,0,0,0,0
2026,regular,2026-04-20,805779,Jacob Wilson,ATH,30,,,,,0,0,0,0,0,0
2026,regular,2026-04-20,696285,Jacob Young,WSN,30,,,,,0,0,0,0,0,0
2026,regular,2026-04-20,663330,Jahmai Jones,DET,30,,,,,0,0,0,0,0,0
2026,regular,2026-04-20,641584,Jake Fraley,TBR,30,,,,,0,0,0,0,0,0
2026,regular,2026-04-20,668670,Jake Rogers,DET,30,,,,,0,0,0,0,0,0
2026,regular,2026-04-20,805300,Jakob Marsee,MIA,30,,,,,0,0,0,0,0,0
2026,regular,2026-04-20,695578,James Wood,WSN,30,,,,,0,0,0,0,0,0
2026,regular,2026-04-20,680776,Jarren Duran,BOS,30,,,,,0,0,0,0,0,0
2026,regular,2026-04-20,643446,Jeff McNeil,ATH,30,,,,,0,0,0,0,0,0
2026,regular,2026-04-20,669236,Jeremiah Jackson,BAL,30,,,,,0,0,0,0,0,0
2026,regular,2026-04-20,660821,Jesús Sánchez,TOR,30,,,,,0,0,0,0,0,0
2026,regular,2026-04-20,802139,JJ Wetherholt,STL,30,,,,,0,0,0,0,0,0
2026,regular,2026-04-20,666176,Jo Adell,LAA,30,,,,,0,0,0,0,0,0
2026,regular,2026-04-20,666018,Jonathan Aranda,TBR,30,,,,,0,0,0,0,0,0
2026,regular,2026-04-20,687597,Jordan Beck,COL,30,,,,,0,0,0,0,0,0
2026,regular,2026-04-20,691023,Jordan Walker,STL,30,,,,,0,0,0,0,0,0
2026,regular,2026-04-20,622761,Jorge Mateo,ATL,30,,,,,0,0,0,0,0,0
2026,regular,2026-04-20,624585,Jorge Soler,LAA,30,,,,,0,0,0,0,0,0
2026,regular,2026-04-20,514888,Jose Altuve,HOU,30,,,,,0,0,0,0,0,0
2026,regular,2026-04-20,666139,Josh Lowe,LAA,30,,,,,0,0,0,0,0,0
2026,regular,2026-04-20,647304,Josh Naylor,SEA,30,,,,,0,0,0,0,0,0
2026,regular,2026-04-20,665877,José Fermín,STL,30,,,,,0,0,0,0,0,0
2026,regular,2026-04-20,608070,José Ramírez,CLE,30,,,,,0,0,0,0,0,0
2026,regular,2026-04-20,677588,José Tena,WSN,30,,,,,0,0,0,0,0,0
2026,regular,2026-04-20,682877,Juan Brito,CLE,30,,,,,0,0,0,0,0,0
2026,regular,2026-04-20,677594,Julio Rodríguez,SEA,30,,,,,0,0,0,0,0,0
2026,regular,2026-04-20,691406,Junior Caminero,TBR,30,,,,,0,0,0,0,0,0
2026,regular,2026-04-20,702222,Justin Crawford,PHI,30,,,,,0,0,0,0,0,0
2026,regular,2026-04-20,672960,Kazuma Okamoto,TOR,30,,,,,0,0,0,0,0,0
2026,regular,2026-04-20,663647,Ke'Bryan Hayes,CIN,30,,,,,0,0,0,0,0,0
2026,regular,2026-04-20,681481,Kerry Carpenter,DET,30,,,,,0,0,0,0,0,0
2026,regular,2026-04-20,805808,Kevin McGonigle,DET,30,,,,,0,0,0,0,0,0
2026,regular,2026-04-20,664728,Kyle Isbel,KCR,30,,,,,0,0,0,0,0,0
2026,regular,2026-04-20,691720,Kyle Karros,COL,30,,,,,0,0,0,0,0,0
2026,regular,2026-04-20,700932,Kyle Manzardo,CLE,30,,,,,0,0,0,0,0,0
2026,regular,2026-04-20,656941,Kyle Schwarber,PHI,30,,,,,0,0,0,0,0,0
2026,regular,2026-04-20,669065,Kyle Stowers,MIA,30,,,,,0,0,0,0,0,0
2026,regular,2026-04-20,657041,Lane Thomas,KCR,30,,,,,0,0,0,0,0,0
2026,regular,2026-04-20,671732,Lawrence Butler,ATH,30,,,,,0,0,0,0,0,0
2026,regular,2026-04-20,672820,Lenyn Sosa,TOR,30,,,,,0,0,0,0,0,0
2026,regular,2026-04-20,660844,Leo Rivas,SEA,30,,,,,0,0,0,0,0,0
2026,regular,2026-04-20,665750,Leody Taveras,BAL,30,,,,,0,0,0,0,0,0
2026,regular,2026-04-20,689414,Liam Hicks,MIA,30,,,,,0,0,0,0,0,0
2026,regular,2026-04-20,681351,Logan O'Hoppe,LAA,30,,,,,0,0,0,0,0,0
2026,regular,2026-04-20,671277,Luis García Jr.,WSN,30,,,,,0,0,0,0,0,0
2026,regular,2026-04-20,670042,Luke Raley,SEA,30,,,,,0,0,0,0,0,0
2026,regular,2026-04-20,672580,Maikel Garcia,KCR,30,,,,,0,0,0,0,0,0
2026,regular,2026-04-20,691785,Marcelo Mayer,BOS,30,,,,,0,0,0,0,0,0
2026,regular,2026-04-20,807799,Masataka Yoshida,BOS,30,,,,,0,0,0,0,0,0
2026,regular,2026-04-20,691026,Masyn Winn,STL,30,,,,,0,0,0,0,0,0
2026,regular,2026-04-20,680574,Matt McLain,CIN,30,,,,,0,0,0,0,0,0
2026,regular,2026-04-20,621566,Matt Olson,ATL,30,,,,,0,0,0,0,0,0
2026,regular,2026-04-20,807713,Matt Shaw,CHC,30,,,,,0,0,0,0,0,0
2026,regular,2026-04-20,663837,Matt Vierling,DET,30,,,,,0,0,0,0,0,0
2026,regular,2026-04-20,571970,Max Muncy,LAD,30,,,,,0,0,0,0,0,0
2026,regular,2026-04-20,691777,Max Muncy,ATH,30,,,,,0,0,0,0,0,0
2026,regular,2026-04-20,683737,Michael Busch,CHC,30,,,,,0,0,0,0,0,0
2026,regular,2026-04-20,624424,Michael Conforto,CHC,30,,,,,0,0,0,0,0,0
2026,regular,2026-04-20,671739,Michael Harris II,ATL,30,,,,,0,0,0,0,0,0
2026,regular,2026-04-20,686681,Michael Massey,KCR,30,,,,,0,0,0,0,0,0
2026,regular,2026-04-20,665804,Miguel Amaya,CHC,30,,,,,0,0,0,0,0,0
2026,regular,2026-04-20,500743,Miguel Rojas,LAD,30,,,,,0,0,0,0,0,0
2026,regular,2026-04-20,545361,Mike Trout,LAA,30,,,,,0,0,0,0,0,0
2026,regular,2026-04-20,573262,Mike Yastrzemski,ATL,30,,,,,0,0,0,0,0,0
2026,regular,2026-04-20,694208,Moisés Ballesteros,CHC,30,,,,,0,0,0,0,0,0
2026,regular,2026-04-20,664702,Myles Straw,TOR,30,,,,,0,0,0,0,0,0
2026,regular,2026-04-20,683083,Nasim Nuñez,WSN,30,,,,,0,0,0,0,0,0
2026,regular,2026-04-20,664770,Nathan Lukes,TOR,30,,,,,0,0,0,0,0,0
2026,regular,2026-04-20,663743,Nick Fortes,TBR,30,,,,,0,0,0,0,0,0
2026,regular,2026-04-20,701762,Nick Kurtz,ATH,30,,,,,0,0,0,0,0,0
2026,regular,2026-04-20,679845,Nick Loftin,KCR,30,,,,,0,0,0,0,0,0
2026,regular,2026-04-20,663538,Nico Hoerner,CHC,30,,,,,0,0,0,0,0,0
2026,regular,2026-04-20,669357,Nolan Gorman,STL,30,,,,,0,0,0,0,0,0
2026,regular,2026-04-20,694384,Nolan Schanuel,LAA,30,,,,,0,0,0,0,0,0
2026,regular,2026-04-20,672640,Otto Lopez,MIA,30,,,,,0,0,0,0,0,0
2026,regular,2026-04-20,683357,Owen Caissie,MIA,30,,,,,0,0,0,0,0,0
2026,regular,2026-04-20,645277,Ozzie Albies,ATL,30,,,,,0,0,0,0,0,0
2026,regular,2026-04-20,624413,Pete Alonso,BAL,30,,,,,0,0,0,0,0,0
2026,regular,2026-04-20,691718,Pete Crow-Armstrong,CHC,30,,,,,0,0,0,0,0,0
2026,regular,2026-04-20,665561,Rafael Marchán,PHI,30,,,,,0,0,0,0,0,0
2026,regular,2026-04-20,602104,Ramón Urías,STL,30,,,,,0,0,0,0,0,0
2026,regular,2026-04-20,668227,Randy Arozarena,SEA,30,,,,,0,0,0,0,0,0
2026,regular,2026-04-20,677956,Rece Hinds,CIN,30,,,,,0,0,0,0,0,0
2026,regular,2026-04-20,656555,Rhys Hoskins,CLE,30,,,,,0,0,0,0,0,0
2026,regular,2026-04-20,680700,Richie Palacios,TBR,30,,,,,0,0,0,0,0,0
2026,regular,2026-04-20,682985,Riley Greene,DET,30,,,,,0,0,0,0,0,0
2026,regular,2026-04-20,608701,Rob Refsnyder,SEA,30,,,,,0,0,0,0,0,0
2026,regular,2026-04-20,701350,Roman Anthony,BOS,30,,,,,0,0,0,0,0,0
2026,regular,2026-04-20,660670,Ronald Acuña Jr.,ATL,30,,,,,0,0,0,0,0,0
2026,regular,2026-04-20,669899,Ryan Ward,LAD,30,,,,,0,0,0,0,0,0
2026,regular,2026-04-20,701398,Sal Stewart,CIN,30,,,,,0,0,0,0,0,0
2026,regular,2026-04-20,521692,Salvador Perez,KCR,30,,,,,0,0,0,0,0,0
2026,regular,2026-04-20,694212,Samuel Basallo,BAL,30,,,,,0,0,0,0,0,0
2026,regular,2026-04-20,669289,Santiago Espinal,LAD,30,,,,,0,0,0,0,0,0
2026,regular,2026-04-20,673548,Seiya Suzuki,CHC,30,,,,,0,0,0,0,0,0
2026,regular,2026-04-20,669127,Shea Langeliers,ATH,30,,,,,0,0,0,0,0,0
2026,regular,2026-04-20,660271,Shohei Ohtani,LAD,30,,,,,0,0,0,0,0,0
2026,regular,2026-04-20,668715,Spencer Steer,CIN,30,,,,,0,0,0,0,0,0
2026,regular,2026-04-20,679529,Spencer Torkelson,DET,30,,,,,0,0,0,0,0,0
2026,regular,2026-04-20,680757,Steven Kwan,CLE,30,,,,,0,0,0,0,0,0
2026,regular,2026-04-20,666211,Taylor Trammell,HOU,30,,,,,0,0,0,0,0,0
2026,regular,2026-04-20,670764,Taylor Walls,TBR,30,,,,,0,0,0,0,0,0
2026,regular,2026-04-20,621493,Taylor Ward,BAL,30,,,,,0,0,0,0,0,0
2026,regular,2026-04-20,606192,Teoscar Hernández,LAD,30,,,,,0,0,0,0,0,0
2026,regular,2026-04-20,695336,Thomas Saggese,STL,30,,,,,0,0,0,0,0,0
2026,regular,2026-04-20,670770,TJ Friedl,CIN,30,,,,,0,0,0,0,0,0
2026,regular,2026-04-20,681198,TJ Rumfield,COL,30,,,,,0,0,0,0,0,0
2026,regular,2026-04-20,607208,Trea Turner,PHI,30,,,,,0,0,0,0,0,0
2026,regular,2026-04-20,596115,Trevor Story,BOS,30,,,,,0,0,0,0,0,0
2026,regular,2026-04-20,687859,Troy Johnston,COL,30,,,,,0,0,0,0,0,0
2026,regular,2026-04-20,671289,Tyler Freeman,COL,30,,,,,0,0,0,0,0,0
2026,regular,2026-04-20,623168,Tyler Heineman,TOR,30,,,,,0,0,0,0,0,0
2026,regular,2026-04-20,691016,Tyler Soderstrom,ATH,30,,,,,0,0,0,0,0,0
2026,regular,2026-04-20,663886,Tyler Stephenson,CIN,30,,,,,0,0,0,0,0,0
2026,regular,2026-04-20,687363,Victor Scott II,STL,30,,,,,0,0,0,0,0,0
2026,regular,2026-04-20,686469,Vinnie Pasquantino,KCR,30,,,,,0,0,0,0,0,0
2026,regular,2026-04-20,665489,Vladimir Guerrero Jr.,TOR,30,,,,,0,0,0,0,0,0
2026,regular,2026-04-20,672761,Wenceel Pérez,DET,30,,,,,0,0,0,0,0,0
2026,regular,2026-04-20,642215,Weston Wilson,BAL,30,,,,,0,0,0,0,0,0
2026,regular,2026-04-20,669257,Will Smith,LAD,30,,,,,0,0,0,0,0,0
2026,regular,2026-04-20,650489,Willi Castro,COL,30,,,,,0,0,0,0,0,0
2026,regular,2026-04-20,575929,Willson Contreras,BOS,30,,,,,0,0,0,0,0,0
2026,regular,2026-04-20,677800,Wilyer Abreu,BOS,30,,,,,0,0,0,0,0,0
2026,regular,2026-04-20,669364,Xavier Edwards,MIA,30,,,,,0,0,0,0,0,0
2026,regular,2026-04-20,673237,Yainer Diaz,HOU,30,,,,,0,0,0,0,0,0
2026,regular,2026-04-20,650490,Yandy Díaz,TBR,30,,,,,0,0,0,0,0,0
2026,regular,2026-04-20,670541,Yordan Alvarez,HOU,30,,,,,0,0,0,0,0,0
2026,regular,2026-04-20,660162,Yoán Moncada,LAA,30,,,,,0,0,0,0,0,0
2026,regular,2026-04-20,687263,Zach Neto,LAA,30,,,,,0,0,0,0,0,0
2026,regular,2026-04-20,680869,Zack Gelof,ATH,30,,,,,0,0,0,0,0,0
2026,regular,2026-04-21,592450,Aaron Judge,NYY,30,,,,,0,0,0,0,0,0
2026,regular,2026-04-21,624428,Adam Frazier,LAA,30,,,,,0,0,0,0,0,0
2026,regular,2026-04-21,668939,Adley Rutschman,BAL,30,,,,,0,0,0,0,0,0
2026,regular,2026-04-21,666969,Adolis García,PHI,30,,,,,0,0,0,0,0,0
2026,regular,2026-04-21,680728,Adrian Del Castillo,ARI,30,,,,,0,0,0,0,0,0
2026,regular,2026-04-21,682663,Agustín Ramírez,MIA,30,,,,,0,0,0,0,0,0
2026,regular,2026-04-21,664761,Alec Bohm,PHI,30,,,,,0,0,0,0,0,0
2026,regular,2026-04-21,676475,Alec Burleson,STL,30,,,,,0,0,0,0,0,0
2026,regular,2026-04-21,677950,Alek Thomas,ARI,30,,,,,0,0,0,0,0,0
2026,regular,2026-04-21,608324,Alex Bregman,CHC,30,,,,,0,0,0,0,0,0
2026,regular,2026-04-21,669743,Alex Call,LAD,30,,,,,0,0,0,0,0,0
2026,regular,2026-04-21,690976,Alex Freeland,LAD,30,,,,,0,0,0,0,0,0
2026,regular,2026-04-21,642708,Amed Rosario,NYY,30,,,,,0,0,0,0,0,0
2026,regular,2026-04-21,643217,Andrew Benintendi,CHW,30,,,,,0,0,0,0,0,0
2026,regular,2026-04-21,655316,Andruw Monasterio,BOS,30,,,,,0,0,0,0,0,0
2026,regular,2026-04-21,665926,Andrés Giménez,TOR,30,,,,,0,0,0,0,0,0
2026,regular,2026-04-21,681624,Andy Pages,LAD,30,,,,,0,0,0,0,0,0
2026,regular,2026-04-21,682657,Angel Martínez,CLE,30,,,,,0,0,0,0,0,0
2026,regular,2026-04-21,595978,Austin Hedges,CLE,30,,,,,0,0,0,0,0,0
2026,regular,2026-04-21,668885,Austin Martin,MIN,30,,,,,0,0,0,0,0,0
2026,regular,2026-04-21,663586,Austin Riley,ATL,30,,,,,0,0,0,0,0,0
2026,regular,2026-04-21,596103,Austin Slater,MIA,30,,,,,0,0,0,0,0,0
2026,regular,2026-04-21,669224,Austin Wells,NYY,30,,,,,0,0,0,0,0,0
2026,regular,2026-04-21,700250,Ben Rice,NYY,30,,,,,0,0,0,0,0,0
2026,regular,2026-04-21,810938,Ben Williamson,TBR,30,,,,,0,0,0,0,0,0
2026,regular,2026-04-21,663368,Blake Perkins,MIL,30,,,,,0,0,0,0,0,0
2026,regular,2026-04-21,677942,Blaze Alexander,BAL,30,,,,,0,0,0,0,0,0
2026,regular,2026-04-21,666182,Bo Bichette,NYM,30,,,,,0,0,0,0,0,0
2026,regular,2026-04-21,666310,Bo Naylor,CLE,30,,,,,0,0,0,0,0,0
2026,regular,2026-04-21,677951,Bobby Witt Jr.,KCR,30,,,,,0,0,0,0,0,0
2026,regular,2026-04-21,691781,Brady House,WSN,30,,,,,0,0,0,0,0,0
2026,regular,2026-04-21,669016,Brandon Marsh,PHI,30,,,,,0,0,0,0,0,0
2026,regular,2026-04-21,607043,Brandon Nimmo,TEX,30,,,,,0,0,0,0,0,0
2026,regular,2026-04-21,678218,Brandon Valenzuela,TOR,30,,,,,0,0,0,0,0,0
2026,regular,2026-04-21,677587,Brayan Rocchio,CLE,30,,,,,0,0,0,0,0,0
2026,regular,2026-04-21,686668,Brenton Doyle,COL,30,,,,,0,0,0,0,0,0
2026,regular,2026-04-21,683146,Brett Baty,NYM,30,,,,,0,0,0,0,0,0
2026,regular,2026-04-21,694728,Brice Matthews,HOU,30,,,,,0,0,0,0,0,0
2026,regular,2026-04-21,668930,Brice Turang,MIL,30,,,,,0,0,0,0,0,0
2026,regular,2026-04-21,686797,Brooks Lee,MIN,30,,,,,0,0,0,0,0,0
2026,regular,2026-04-21,668804,Bryan Reynolds,PIT,30,,,,,0,0,0,0,0,0
2026,regular,2026-04-21,547180,Bryce Harper,PHI,30,,,,,0,0,0,0,0,0
2026,regular,2026-04-21,669326,Bryce Teodosio,LAA,30,,,,,0,0,0,0,0,0
2026,regular,2026-04-21,621439,Byron Buxton,MIN,30,,,,,0,0,0,0,0,0
2026,regular,2026-04-21,663728,Cal Raleigh,SEA,30,,,,,0,0,0,0,0,0
2026,regular,2026-04-21,702332,Caleb Durbin,BOS,30,,,,,0,0,0,0,0,0
2026,regular,2026-04-21,701358,Cam Smith,HOU,30,,,,,0,0,0,0,0,0
2026,regular,2026-04-21,621043,Carlos Correa,HOU,30,,,,,0,0,0,0,0,0
2026,regular,2026-04-21,666126,Carlos Cortes,ATH,30,,,,,0,0,0,0,0,0
2026,regular,2026-04-21,665966,Carlos Narváez,BOS,30,,,,,0,0,0,0,0,0
2026,regular,2026-04-21,701807,Carson Benge,NYM,30,,,,,0,0,0,0,0,0
2026,regular,2026-04-21,608348,Carson Kelly,CHC,30,,,,,0,0,0,0,0,0
2026,regular,2026-04-21,695600,Carter Jensen,KCR,30,,,,,0,0,0,0,0,0
2026,regular,2026-04-21,669477,Casey Schmitt,SFG,30,,,,,0,0,0,0,0,0
2026,regular,2026-04-21,678882,Ceddanne Rafaela,BOS,30,,,,,0,0,0,0,0,0
2026,regular,2026-04-21,656775,Cedric Mullins,TBR,30,,,,,0,0,0,0,0,0
2026,regular,2026-04-21,802415,Chandler Simpson,TBR,30,,,,,0,0,0,0,0,0
2026,regular,2026-04-21,800050,Chase DeLauter,CLE,30,,,,,0,0,0,0,0,0
2026,regular,2026-04-21,805367,Chase Meidroth,CHW,30,,,,,0,0,0,0,0,0
2026,regular,2026-04-21,572233,Christian Walker,HOU,30,,,,,0,0,0,0,0,0
2026,regular,2026-04-21,682928,CJ Abrams,WSN,30,,,,,0,0,0,0,0,0
2026,regular,2026-04-21,691723,Coby Mayo,BAL,30,,,,,0,0,0,0,0,0
2026,regular,2026-04-21,641355,Cody Bellinger,NYY,30,,,,,0,0,0,0,0,0
2026,regular,2026-04-21,702284,Cole Young,SEA,30,,,,,0,0,0,0,0,0
2026,regular,2026-04-21,695657,Colson Montgomery,CHW,30,,,,,0,0,0,0,0,0
2026,regular,2026-04-21,690993,Colt Keith,DET,30,,,,,0,0,0,0,0,0
2026,regular,2026-04-21,681297,Colton Cowser,BAL,30,,,,,0,0,0,0,0,0
2026,regular,2026-04-21,681393,Connor Norby,MIA,30,,,,,0,0,0,0,0,0
2026,regular,2026-04-21,682998,Corbin Carroll,ARI,30,,,,,0,0,0,0,0,0
2026,regular,2026-04-21,608369,Corey Seager,TEX,30,,,,,0,0,0,0,0,0
2026,regular,2026-04-21,678554,Curtis Mead,WSN,30,,,,,0,0,0,0,0,0
2026,regular,2026-04-21,687221,Dalton Rushing,LAD,30,,,,,0,0,0,0,0,0
2026,regular,2026-04-21,667472,Dane Myers,CIN,30,,,,,0,0,0,0,0,0
2026,regular,2026-04-21,669288,Daniel Johnson,HOU,30,,,,,0,0,0,0,0,0
2026,regular,2026-04-21,682177,Daniel Schneemann,CLE,30,,,,,0,0,0,0,0,0
2026,regular,2026-04-21,643376,Danny Jansen,TEX,30,,,,,0,0,0,0,0,0
2026,regular,2026-04-21,621020,Dansby Swanson,CHC,30,,,,,0,0,0,0,0,0
2026,regular,2026-04-21,662139,Daulton Varsho,TOR,30,,,,,0,0,0,0,0,0
2026,regular,2026-04-21,666152,David Hamilton,MIL,30,,,,,0,0,0,0,0,0
2026,regular,2026-04-21,676914,Davis Schneider,TOR,30,,,,,0,0,0,0,0,0
2026,regular,2026-04-21,695734,Daylen Lile,WSN,30,,,,,0,0,0,0,0,0
2026,regular,2026-04-21,693307,Dillon Dingler,DET,30,,,,,0,0,0,0,0,0
2026,regular,2026-04-21,686527,Dominic Canzone,SEA,30,,,,,0,0,0,0,0,0
2026,regular,2026-04-21,686948,Drake Baldwin,ATL,30,,,,,0,0,0,0,0,0
2026,regular,2026-04-21,687551,Drew Gilbert,SFG,30,,,,,0,0,0,0,0,0
2026,regular,2026-04-21,686452,Drew Millas,WSN,30,,,,,0,0,0,0,0,0
2026,regular,2026-04-21,687957,Dustin Harris,HOU,30,,,,,0,0,0,0,0,0
2026,regular,2026-04-21,624641,Edmundo Sosa,PHI,30,,,,,0,0,0,0,0,0
2026,regular,2026-04-21,666397,Edouard Julien,COL,30,,,,,0,0,0,0,0,0
2026,regular,2026-04-21,642201,Eli White,ATL,30,,,,,0,0,0,0,0,0
2026,regular,2026-04-21,682829,Elly De La Cruz,CIN,30,,,,,0,0,0,0,0,0
2026,regular,2026-04-21,650391,Eloy Jiménez,TOR,30,,,,,0,0,0,0,0,0
2026,regular,2026-04-21,676391,Ernie Clement,TOR,30,,,,,0,0,0,0,0,0
2026,regular,2026-04-21,553993,Eugenio Suárez,CIN,30,,,,,0,0,0,0,0,0
2026,regular,2026-04-21,694497,Evan Carter,TEX,30,,,,,0,0,0,0,0,0
2026,regular,2026-04-21,677592,Everson Pereira,CHW,30,,,,,0,0,0,0,0,0
2026,regular,2026-04-21,677649,Ezequiel Duran,TEX,30,,,,,0,0,0,0,0,0
2026,regular,2026-04-21,678662,Ezequiel Tovar,COL,30,,,,,0,0,0,0,0,0
2026,regular,2026-04-21,694025,Felix Reyes,PHI,30,,,,,0,0,0,0,0,0
2026,regular,2026-04-21,665487,Fernando Tatis Jr.,SDP,30,,,,,0,0,0,0,0,0
2026,regular,2026-04-21,682626,Francisco Alvarez,NYM,30,,,,,0,0,0,0,0,0
2026,regular,2026-04-21,596019,Francisco Lindor,NYM,30,,,,,0,0,0,0,0,0
2026,regular,2026-04-21,518692,Freddie Freeman,LAD,30,,,,,0,0,0,0,0,0
2026,regular,2026-04-21,666023,Freddy Fermin,SDP,30,,,,,0,0,0,0,0,0
2026,regular,2026-04-21,669003,Garrett Mitchell,MIL,30,,,,,0,0,0,0,0,0
2026,regular,2026-04-21,596142,Gary Sánchez,MIL,30,,,,,0,0,0,0,0,0
2026,regular,2026-04-21,657757,Gavin Sheets,SDP,30,,,,,0,0,0,0,0,0
2026,regular,2026-04-21,671655,George Valera,CLE,30,,,,,0,0,0,0,0,0
2026,regular,2026-04-21,672695,Geraldo Perdomo,ARI,30,,,,,0,0,0,0,0,0
2026,regular,2026-04-21,519317,Giancarlo Stanton,NYY,30,,,,,0,0,0,0,0,0
2026,regular,2026-04-21,650402,Gleyber Torres,DET,30,,,,,0,0,0,0,0,0
2026,regular,2026-04-21,688363,Graham Pauley,MIA,30,,,,,0,0,0,0,0,0
2026,regular,2026-04-21,675659,Greg Jones,MIL,30,,,,,0,0,0,0,0,0
2026,regular,2026-04-21,683002,Gunnar Henderson,BAL,30,,,,,0,0,0,0,0,0
2026,regular,2026-04-21,701678,Hao-Yu  Lee,DET,30,,,,,0,0,0,0,0,0
2026,regular,2026-04-21,671218,Heliot Ramos,SFG,30,,,,,0,0,0,0,0,0
2026,regular,2026-04-21,680779,Henry Davis,PIT,30,,,,,0,0,0,0,0,0
2026,regular,2026-04-21,681715,Heriberto Hernández,MIA,30,,,,,0,0,0,0,0,0
2026,regular,2026-04-21,676439,Hunter Feduccia,TBR,30,,,,,0,0,0,0,0,0
2026,regular,2026-04-21,696100,Hunter Goodman,COL,30,,,,,0,0,0,0,0,0
2026,regular,2026-04-21,808975,Hyeseong Kim,LAD,30,,,,,0,0,0,0,0,0
2026,regular,2026-04-21,664023,Ian Happ,CHC,30,,,,,0,0,0,0,0,0
2026,regular,2026-04-21,545121,Ildemaro Vargas,ARI,30,,,,,0,0,0,0,0,0
2026,regular,2026-04-21,686555,Isaac Collins,KCR,30,,,,,0,0,0,0,0,0
2026,regular,2026-04-21,670623,Isaac Paredes,HOU,30,,,,,0,0,0,0,0,0
2026,regular,2026-04-21,671056,Iván Herrera,STL,30,,,,,0,0,0,0,0,0
2026,regular,2026-04-21,641487,J.P. Crawford,SEA,30,,,,,0,0,0,0,0,0
2026,regular,2026-04-21,592663,J.T. Realmuto,PHI,30,,,,,0,0,0,0,0,0
2026,regular,2026-04-21,695506,Jac Caglianone,KCR,30,,,,,0,0,0,0,0,0
2026,regular,2026-04-21,701538,Jackson Merrill,SDP,30,,,,,0,0,0,0,0,0
2026,regular,2026-04-21,805779,Jacob Wilson,ATH,30,,,,,0,0,0,0,0,0
2026,regular,2026-04-21,696285,Jacob Young,WSN,30,,,,,0,0,0,0,0,0
2026,regular,2026-04-21,663330,Jahmai Jones,DET,30,,,,,0,0,0,0,0,0
2026,regular,2026-04-21,641343,Jake Bauers,MIL,30,,,,,0,0,0,0,0,0
2026,regular,2026-04-21,669394,Jake Burger,TEX,30,,,,,0,0,0,0,0,0
2026,regular,2026-04-21,630105,Jake Cronenworth,SDP,30,,,,,0,0,0,0,0,0
2026,regular,2026-04-21,641584,Jake Fraley,TBR,30,,,,,0,0,0,0,0,0
2026,regular,2026-04-21,663968,Jake Mangum,PIT,30,,,,,0,0,0,0,0,0
2026,regular,2026-04-21,805300,Jakob Marsee,MIA,30,,,,,0,0,0,0,0,0
2026,regular,2026-04-21,681546,James Outman,MIN,30,,,,,0,0,0,0,0,0
2026,regular,2026-04-21,695578,James Wood,WSN,30,,,,,0,0,0,0,0,0
2026,regular,2026-04-21,680776,Jarren Duran,BOS,30,,,,,0,0,0,0,0,0
2026,regular,2026-04-21,595879,Javier Báez,DET,30,,,,,0,0,0,0,0,0
2026,regular,2026-04-21,691594,Javier Sanoja,MIA,30,,,,,0,0,0,0,0,0
2026,regular,2026-04-21,665862,Jazz Chisholm Jr.,NYY,30,,,,,0,0,0,0,0,0
2026,regular,2026-04-21,643446,Jeff McNeil,ATH,30,,,,,0,0,0,0,0,0
2026,regular,2026-04-21,666464,Jerar Encarnacion,SFG,30,,,,,0,0,0,0,0,0
2026,regular,2026-04-21,669236,Jeremiah Jackson,BAL,30,,,,,0,0,0,0,0,0
2026,regular,2026-04-21,660821,Jesús Sánchez,TOR,30,,,,,0,0,0,0,0,0
2026,regular,2026-04-21,802139,JJ Wetherholt,STL,30,,,,,0,0,0,0,0,0
2026,regular,2026-04-21,666176,Jo Adell,LAA,30,,,,,0,0,0,0,0,0
2026,regular,2026-04-21,592626,Joc Pederson,TEX,30,,,,,0,0,0,0,0,0
2026,regular,2026-04-21,687401,Joey Ortiz,MIL,30,,,,,0,0,0,0,0,0
2026,regular,2026-04-21,641680,Jonah Heim,ATL,30,,,,,0,0,0,0,0,0
2026,regular,2026-04-21,666018,Jonathan Aranda,TBR,30,,,,,0,0,0,0,0,0
2026,regular,2026-04-21,676356,Jonny DeLuca,TBR,30,,,,,0,0,0,0,0,0
2026,regular,2026-04-21,678391,Jorbit Vivas,WSN,30,,,,,0,0,0,0,0,0
2026,regular,2026-04-21,687597,Jordan Beck,COL,30,,,,,0,0,0,0,0,0
2026,regular,2026-04-21,691023,Jordan Walker,STL,30,,,,,0,0,0,0,0,0
2026,regular,2026-04-21,624585,Jorge Soler,LAA,30,,,,,0,0,0,0,0,0
2026,regular,2026-04-21,514888,Jose Altuve,HOU,30,,,,,0,0,0,0,0,0
2026,regular,2026-04-21,699912,Jose Fernandez,ARI,30,,,,,0,0,0,0,0,0
2026,regular,2026-04-21,605137,Josh Bell,MIN,30,,,,,0,0,0,0,0,0
2026,regular,2026-04-21,673962,Josh Jung,TEX,30,,,,,0,0,0,0,0,0
2026,regular,2026-04-21,666139,Josh Lowe,LAA,30,,,,,0,0,0,0,0,0
2026,regular,2026-04-21,647304,Josh Naylor,SEA,30,,,,,0,0,0,0,0,0
2026,regular,2026-04-21,669701,Josh Smith,TEX,30,,,,,0,0,0,0,0,0
2026,regular,2026-04-21,676609,José Caballero,NYY,30,,,,,0,0,0,0,0,0
2026,regular,2026-04-21,608070,José Ramírez,CLE,30,,,,,0,0,0,0,0,0
2026,regular,2026-04-21,677588,José Tena,WSN,30,,,,,0,0,0,0,0,0
2026,regular,2026-04-21,677594,Julio Rodríguez,SEA,30,,,,,0,0,0,0,0,0
2026,regular,2026-04-21,808982,Jung Hoo Lee,SFG,30,,,,,0,0,0,0,0,0
2026,regular,2026-04-21,691406,Junior Caminero,TBR,30,,,,,0,0,0,0,0,0
2026,regular,2026-04-21,672960,Kazuma Okamoto,TOR,30,,,,,0,0,0,0,0,0
2026,regular,2026-04-21,663647,Ke'Bryan Hayes,CIN,30,,,,,0,0,0,0,0,0
2026,regular,2026-04-21,681481,Kerry Carpenter,DET,30,,,,,0,0,0,0,0,0
2026,regular,2026-04-21,606466,Ketel Marte,ARI,30,,,,,0,0,0,0,0,0
2026,regular,2026-04-21,805808,Kevin McGonigle,DET,30,,,,,0,0,0,0,0,0
2026,regular,2026-04-21,665019,Kody Clemens,MIN,30,,,,,0,0,0,0,0,0
2026,regular,2026-04-21,804606,Konnor Griffin,PIT,30,,,,,0,0,0,0,0,0
2026,regular,2026-04-21,664728,Kyle Isbel,KCR,30,,,,,0,0,0,0,0,0
2026,regular,2026-04-21,691720,Kyle Karros,COL,30,,,,,0,0,0,0,0,0
2026,regular,2026-04-21,700932,Kyle Manzardo,CLE,30,,,,,0,0,0,0,0,0
2026,regular,2026-04-21,656941,Kyle Schwarber,PHI,30,,,,,0,0,0,0,0,0
2026,regular,2026-04-21,669065,Kyle Stowers,MIA,30,,,,,0,0,0,0,0,0
2026,regular,2026-04-21,663656,Kyle Tucker,LAD,30,,,,,0,0,0,0,0,0
2026,regular,2026-04-21,671732,Lawrence Butler,ATH,30,,,,,0,0,0,0,0,0
2026,regular,2026-04-21,672820,Lenyn Sosa,TOR,30,,,,,0,0,0,0,0,0
2026,regular,2026-04-21,660844,Leo Rivas,SEA,30,,,,,0,0,0,0,0,0
2026,regular,2026-04-21,665750,Leody Taveras,BAL,30,,,,,0,0,0,0,0,0
2026,regular,2026-04-21,689414,Liam Hicks,MIA,30,,,,,0,0,0,0,0,0
2026,regular,2026-04-21,681351,Logan O'Hoppe,LAA,30,,,,,0,0,0,0,0,0
2026,regular,2026-04-21,666971,Lourdes Gurriel Jr.,ARI,30,,,,,0,0,0,0,0,0
2026,regular,2026-04-21,650333,Luis Arraez,SFG,30,,,,,0,0,0,0,0,0
2026,regular,2026-04-21,671277,Luis García Jr.,WSN,30,,,,,0,0,0,0,0,0
2026,regular,2026-04-21,682641,Luis Matos,MIL,30,,,,,0,0,0,0,0,0
2026,regular,2026-04-21,650859,Luis Rengifo,MIL,30,,,,,0,0,0,0,0,0
2026,regular,2026-04-21,673357,Luis Robert Jr.,NYM,30,,,,,0,0,0,0,0,0
2026,regular,2026-04-21,620443,Luis Torrens,NYM,30,,,,,0,0,0,0,0,0
2026,regular,2026-04-21,807712,Luke Keaschall,MIN,30,,,,,0,0,0,0,0,0
2026,regular,2026-04-21,670042,Luke Raley,SEA,30,,,,,0,0,0,0,0,0
2026,regular,2026-04-21,672580,Maikel Garcia,KCR,30,,,,,0,0,0,0,0,0
2026,regular,2026-04-21,592518,Manny Machado,SDP,30,,,,,0,0,0,0,0,0
2026,regular,2026-04-21,542303,Marcell Ozuna,PIT,30,,,,,0,0,0,0,0,0
2026,regular,2026-04-21,691785,Marcelo Mayer,BOS,30,,,,,0,0,0,0,0,0
2026,regular,2026-04-21,543760,Marcus Semien,NYM,30,,,,,0,0,0,0,0,0
2026,regular,2026-04-21,668901,Mark Vientos,NYM,30,,,,,0,0,0,0,0,0
2026,regular,2026-04-21,807799,Masataka Yoshida,BOS,30,,,,,0,0,0,0,0,0
2026,regular,2026-04-21,691026,Masyn Winn,STL,30,,,,,0,0,0,0,0,0
2026,regular,2026-04-21,656305,Matt Chapman,SFG,30,,,,,0,0,0,0,0,0
2026,regular,2026-04-21,680574,Matt McLain,CIN,30,,,,,0,0,0,0,0,0
2026,regular,2026-04-21,621566,Matt Olson,ATL,30,,,,,0,0,0,0,0,0
2026,regular,2026-04-21,807713,Matt Shaw,CHC,30,,,,,0,0,0,0,0,0
2026,regular,2026-04-21,663837,Matt Vierling,DET,30,,,,,0,0,0,0,0,0
2026,regular,2026-04-21,670242,Matt Wallner,MIN,30,,,,,0,0,0,0,0,0
2026,regular,2026-04-21,643289,Mauricio Dubón,ATL,30,,,,,0,0,0,0,0,0
2026,regular,2026-04-21,691777,Max Muncy,ATH,30,,,,,0,0,0,0,0,0
2026,regular,2026-04-21,571970,Max Muncy,LAD,30,,,,,0,0,0,0,0,0
2026,regular,2026-04-21,683737,Michael Busch,CHC,30,,,,,0,0,0,0,0,0
2026,regular,2026-04-21,671739,Michael Harris II,ATL,30,,,,,0,0,0,0,0,0
2026,regular,2026-04-21,686681,Michael Massey,KCR,30,,,,,0,0,0,0,0,0
2026,regular,2026-04-21,666160,Mickey Moniak,COL,30,,,,,0,0,0,0,0,0
2026,regular,2026-04-21,609280,Miguel Andujar,SDP,30,,,,,0,0,0,0,0,0
2026,regular,2026-04-21,500743,Miguel Rojas,LAD,30,,,,,0,0,0,0,0,0
2026,regular,2026-04-21,678246,Miguel Vargas,CHW,30,,,,,0,0,0,0,0,0
2026,regular,2026-04-21,545361,Mike Trout,LAA,30,,,,,0,0,0,0,0,0
2026,regular,2026-04-21,573262,Mike Yastrzemski,ATL,30,,,,,0,0,0,0,0,0
2026,regular,2026-04-21,641598,Mitch Garver,SEA,30,,,,,0,0,0,0,0,0
2026,regular,2026-04-21,669004,MJ Melendez,NYM,30,,,,,0,0,0,0,0,0
2026,regular,2026-04-21,694208,Moisés Ballesteros,CHC,30,,,,,0,0,0,0,0,0
2026,regular,2026-04-21,808959,Munetaka Murakami,CHW,30,,,,,0,0,0,0,0,0
2026,regular,2026-04-21,664702,Myles Straw,TOR,30,,,,,0,0,0,0,0,0
2026,regular,2026-04-21,683083,Nasim Nuñez,WSN,30,,,,,0,0,0,0,0,0
2026,regular,2026-04-21,701675,Nathan Church,STL,30,,,,,0,0,0,0,0,0
2026,regular,2026-04-21,664770,Nathan Lukes,TOR,30,,,,,0,0,0,0,0,0
2026,regular,2026-04-21,592206,Nick Castellanos,SDP,30,,,,,0,0,0,0,0,0
2026,regular,2026-04-21,693304,Nick Gonzales,PIT,30,,,,,0,0,0,0,0,0
2026,regular,2026-04-21,701762,Nick Kurtz,ATH,30,,,,,0,0,0,0,0,0
2026,regular,2026-04-21,694377,Nick Yorke,PIT,30,,,,,0,0,0,0,0,0
2026,regular,2026-04-21,663538,Nico Hoerner,CHC,30,,,,,0,0,0,0,0,0
2026,regular,2026-04-21,571448,Nolan Arenado,ARI,30,,,,,0,0,0,0,0,0
2026,regular,2026-04-21,669357,Nolan Gorman,STL,30,,,,,0,0,0,0,0,0
2026,regular,2026-04-21,694384,Nolan Schanuel,LAA,30,,,,,0,0,0,0,0,0
2026,regular,2026-04-21,665833,Oneil Cruz,PIT,30,,,,,0,0,0,0,0,0
2026,regular,2026-04-21,672724,Oswald Peraza,LAA,30,,,,,0,0,0,0,0,0
2026,regular,2026-04-21,672640,Otto Lopez,MIA,30,,,,,0,0,0,0,0,0
2026,regular,2026-04-21,683357,Owen Caissie,MIA,30,,,,,0,0,0,0,0,0
2026,regular,2026-04-21,645277,Ozzie Albies,ATL,30,,,,,0,0,0,0,0,0
2026,regular,2026-04-21,672275,Patrick Bailey,SFG,30,,,,,0,0,0,0,0,0
2026,regular,2026-04-21,686780,Pedro Pagés,STL,30,,,,,0,0,0,0,0,0
2026,regular,2026-04-21,624413,Pete Alonso,BAL,30,,,,,0,0,0,0,0,0
2026,regular,2026-04-21,691718,Pete Crow-Armstrong,CHC,30,,,,,0,0,0,0,0,0
2026,regular,2026-04-21,646240,Rafael Devers,SFG,30,,,,,0,0,0,0,0,0
2026,regular,2026-04-21,657656,Ramón Laureano,SDP,30,,,,,0,0,0,0,0,0
2026,regular,2026-04-21,545341,Randal Grichuk,NYY,30,,,,,0,0,0,0,0,0
2026,regular,2026-04-21,668227,Randy Arozarena,SEA,30,,,,,0,0,0,0,0,0
2026,regular,2026-04-21,677956,Rece Hinds,CIN,30,,,,,0,0,0,0,0,0
2026,regular,2026-04-21,624512,Reese McGuire,CHW,30,,,,,0,0,0,0,0,0
2026,regular,2026-04-21,680700,Richie Palacios,TBR,30,,,,,0,0,0,0,0,0
2026,regular,2026-04-21,682985,Riley Greene,DET,30,,,,,0,0,0,0,0,0
2026,regular,2026-04-21,608701,Rob Refsnyder,SEA,30,,,,,0,0,0,0,0,0
2026,regular,2026-04-21,701350,Roman Anthony,BOS,30,,,,,0,0,0,0,0,0
2026,regular,2026-04-21,660670,Ronald Acuña Jr.,ATL,30,,,,,0,0,0,0,0,0
2026,regular,2026-04-21,668904,Royce Lewis,MIN,30,,,,,0,0,0,0,0,0
2026,regular,2026-04-21,680777,Ryan Jeffers,MIN,30,,,,,0,0,0,0,0,0
2026,regular,2026-04-21,641857,Ryan McMahon,NYY,30,,,,,0,0,0,0,0,0
2026,regular,2026-04-21,656811,Ryan O'Hearn,PIT,30,,,,,0,0,0,0,0,0
2026,regular,2026-04-21,668723,Ryan Vilade,TBR,30,,,,,0,0,0,0,0,0
2026,regular,2026-04-21,686217,Sal Frelick,MIL,30,,,,,0,0,0,0,0,0
2026,regular,2026-04-21,701398,Sal Stewart,CIN,30,,,,,0,0,0,0,0,0
2026,regular,2026-04-21,521692,Salvador Perez,KCR,30,,,,,0,0,0,0,0,0
2026,regular,2026-04-21,803011,Sam Antonacci,CHW,30,,,,,0,0,0,0,0,0
2026,regular,2026-04-21,694212,Samuel Basallo,BAL,30,,,,,0,0,0,0,0,0
2026,regular,2026-04-21,664068,Scott Kingery,CHC,30,,,,,0,0,0,0,0,0
2026,regular,2026-04-21,673548,Seiya Suzuki,CHC,30,,,,,0,0,0,0,0,0
2026,regular,2026-04-21,669127,Shea Langeliers,ATH,30,,,,,0,0,0,0,0,0
2026,regular,2026-04-21,660271,Shohei Ohtani,LAD,30,,,,,0,0,0,0,0,0
2026,regular,2026-04-21,668715,Spencer Steer,CIN,30,,,,,0,0,0,0,0,0
2026,regular,2026-04-21,679529,Spencer Torkelson,DET,30,,,,,0,0,0,0,0,0
2026,regular,2026-04-21,680757,Steven Kwan,CLE,30,,,,,0,0,0,0,0,0
2026,regular,2026-04-21,670764,Taylor Walls,TBR,30,,,,,0,0,0,0,0,0
2026,regular,2026-04-21,621493,Taylor Ward,BAL,30,,,,,0,0,0,0,0,0
2026,regular,2026-04-21,606192,Teoscar Hernández,LAD,30,,,,,0,0,0,0,0,0
2026,regular,2026-04-21,681198,TJ Rumfield,COL,30,,,,,0,0,0,0,0,0
2026,regular,2026-04-21,607208,Trea Turner,PHI,30,,,,,0,0,0,0,0,0
2026,regular,2026-04-21,663757,Trent Grisham,NYY,30,,,,,0,0,0,0,0,0
2026,regular,2026-04-21,663616,Trevor Larnach,MIN,30,,,,,0,0,0,0,0,0
2026,regular,2026-04-21,596115,Trevor Story,BOS,30,,,,,0,0,0,0,0,0
2026,regular,2026-04-21,671976,Tristan Peters,CHW,30,,,,,0,0,0,0,0,0
2026,regular,2026-04-21,687859,Troy Johnston,COL,30,,,,,0,0,0,0,0,0
2026,regular,2026-04-21,664034,Ty France,SDP,30,,,,,0,0,0,0,0,0
2026,regular,2026-04-21,691016,Tyler Soderstrom,ATH,30,,,,,0,0,0,0,0,0
2026,regular,2026-04-21,663886,Tyler Stephenson,CIN,30,,,,,0,0,0,0,0,0
2026,regular,2026-04-21,621438,Tyrone Taylor,NYM,30,,,,,0,0,0,0,0,0
2026,regular,2026-04-21,687093,Vaughn Grissom,LAA,30,,,,,0,0,0,0,0,0
2026,regular,2026-04-21,687363,Victor Scott II,STL,30,,,,,0,0,0,0,0,0
2026,regular,2026-04-21,686469,Vinnie Pasquantino,KCR,30,,,,,0,0,0,0,0,0
2026,regular,2026-04-21,665489,Vladimir Guerrero Jr.,TOR,30,,,,,0,0,0,0,0,0
2026,regular,2026-04-21,672761,Wenceel Pérez,DET,30,,,,,0,0,0,0,0,0
2026,regular,2026-04-21,642215,Weston Wilson,BAL,30,,,,,0,0,0,0,0,0
2026,regular,2026-04-21,666181,Will Benson,CIN,30,,,,,0,0,0,0,0,0
2026,regular,2026-04-21,669257,Will Smith,LAD,30,,,,,0,0,0,0,0,0
2026,regular,2026-04-21,650489,Willi Castro,COL,30,,,,,0,0,0,0,0,0
2026,regular,2026-04-21,661388,William Contreras,MIL,30,,,,,0,0,0,0,0,0
2026,regular,2026-04-21,575929,Willson Contreras,BOS,30,,,,,0,0,0,0,0,0
2026,regular,2026-04-21,642715,Willy Adames,SFG,30,,,,,0,0,0,0,0,0
2026,regular,2026-04-21,677800,Wilyer Abreu,BOS,30,,,,,0,0,0,0,0,0
2026,regular,2026-04-21,694671,Wyatt Langford,TEX,30,,,,,0,0,0,0,0,0
2026,regular,2026-04-21,593428,Xander Bogaerts,SDP,30,,,,,0,0,0,0,0,0
2026,regular,2026-04-21,669364,Xavier Edwards,MIA,30,,,,,0,0,0,0,0,0
2026,regular,2026-04-21,673237,Yainer Diaz,HOU,30,,,,,0,0,0,0,0,0
2026,regular,2026-04-21,650490,Yandy Díaz,TBR,30,,,,,0,0,0,0,0,0
2026,regular,2026-04-21,670541,Yordan Alvarez,HOU,30,,,,,0,0,0,0,0,0
2026,regular,2026-04-21,660162,Yoán Moncada,LAA,30,,,,,0,0,0,0,0,0
2026,regular,2026-04-21,687263,Zach Neto,LAA,30,,,,,0,0,0,0,0,0
2026,regular,2026-04-21,680869,Zack Gelof,ATH,30,,,,,0,0,0,0,0,0
2026,regular,2026-04-22,592450,Aaron Judge,NYY,30,,,,,0,0,0,0,0,0
2026,regular,2026-04-22,624428,Adam Frazier,LAA,30,,,,,0,0,0,0,0,0
2026,regular,2026-04-22,666969,Adolis García,PHI,30,,,,,0,0,0,0,0,0
2026,regular,2026-04-22,682663,Agustín Ramírez,MIA,30,,,,,0,0,0,0,0,0
2026,regular,2026-04-22,664761,Alec Bohm,PHI,30,,,,,0,0,0,0,0,0
2026,regular,2026-04-22,608324,Alex Bregman,CHC,30,,,,,0,0,0,0,0,0
2026,regular,2026-04-22,642708,Amed Rosario,NYY,30,,,,,0,0,0,0,0,0
2026,regular,2026-04-22,643217,Andrew Benintendi,CHW,30,,,,,0,0,0,0,0,0
2026,regular,2026-04-22,457705,Andrew McCutchen,TEX,30,,,,,0,0,0,0,0,0
2026,regular,2026-04-22,655316,Andruw Monasterio,BOS,30,,,,,0,0,0,0,0,0
2026,regular,2026-04-22,665926,Andrés Giménez,TOR,30,,,,,0,0,0,0,0,0
2026,regular,2026-04-22,681624,Andy Pages,LAD,30,,,,,0,0,0,0,0,0
2026,regular,2026-04-22,682657,Angel Martínez,CLE,30,,,,,0,0,0,0,0,0
2026,regular,2026-04-22,668885,Austin Martin,MIN,30,,,,,0,0,0,0,0,0
2026,regular,2026-04-22,663586,Austin Riley,ATL,30,,,,,0,0,0,0,0,0
2026,regular,2026-04-22,669224,Austin Wells,NYY,30,,,,,0,0,0,0,0,0
2026,regular,2026-04-22,642851,Austin Wynns,ATH,30,,,,,0,0,0,0,0,0
2026,regular,2026-04-22,700250,Ben Rice,NYY,30,,,,,0,0,0,0,0,0
2026,regular,2026-04-22,810938,Ben Williamson,TBR,30,,,,,0,0,0,0,0,0
2026,regular,2026-04-22,695257,Billy Cook,PIT,30,,,,,0,0,0,0,0,0
2026,regular,2026-04-22,666182,Bo Bichette,NYM,30,,,,,0,0,0,0,0,0
2026,regular,2026-04-22,666310,Bo Naylor,CLE,30,,,,,0,0,0,0,0,0
2026,regular,2026-04-22,677951,Bobby Witt Jr.,KCR,30,,,,,0,0,0,0,0,0
2026,regular,2026-04-22,691781,Brady House,WSN,30,,,,,0,0,0,0,0,0
2026,regular,2026-04-22,663604,Brandon Lockridge,MIL,30,,,,,0,0,0,0,0,0
2026,regular,2026-04-22,664040,Brandon Lowe,PIT,30,,,,,0,0,0,0,0,0
2026,regular,2026-04-22,607043,Brandon Nimmo,TEX,30,,,,,0,0,0,0,0,0
2026,regular,2026-04-22,678218,Brandon Valenzuela,TOR,30,,,,,0,0,0,0,0,0
2026,regular,2026-04-22,677587,Brayan Rocchio,CLE,30,,,,,0,0,0,0,0,0
2026,regular,2026-04-22,686668,Brenton Doyle,COL,30,,,,,0,0,0,0,0,0
2026,regular,2026-04-22,683146,Brett Baty,NYM,30,,,,,0,0,0,0,0,0
2026,regular,2026-04-22,694728,Brice Matthews,HOU,30,,,,,0,0,0,0,0,0
2026,regular,2026-04-22,668930,Brice Turang,MIL,30,,,,,0,0,0,0,0,0
2026,regular,2026-04-22,686797,Brooks Lee,MIN,30,,,,,0,0,0,0,0,0
2026,regular,2026-04-22,668804,Bryan Reynolds,PIT,30,,,,,0,0,0,0,0,0
2026,regular,2026-04-22,547180,Bryce Harper,PHI,30,,,,,0,0,0,0,0,0
2026,regular,2026-04-22,669326,Bryce Teodosio,LAA,30,,,,,0,0,0,0,0,0
2026,regular,2026-04-22,681082,Bryson Stott,PHI,30,,,,,0,0,0,0,0,0
2026,regular,2026-04-22,621439,Byron Buxton,MIN,30,,,,,0,0,0,0,0,0
2026,regular,2026-04-22,663728,Cal Raleigh,SEA,30,,,,,0,0,0,0,0,0
2026,regular,2026-04-22,702332,Caleb Durbin,BOS,30,,,,,0,0,0,0,0,0
2026,regular,2026-04-22,701358,Cam Smith,HOU,30,,,,,0,0,0,0,0,0
2026,regular,2026-04-22,621043,Carlos Correa,HOU,30,,,,,0,0,0,0,0,0
2026,regular,2026-04-22,666126,Carlos Cortes,ATH,30,,,,,0,0,0,0,0,0
2026,regular,2026-04-22,701807,Carson Benge,NYM,30,,,,,0,0,0,0,0,0
2026,regular,2026-04-22,695600,Carter Jensen,KCR,30,,,,,0,0,0,0,0,0
2026,regular,2026-04-22,669477,Casey Schmitt,SFG,30,,,,,0,0,0,0,0,0
2026,regular,2026-04-22,678882,Ceddanne Rafaela,BOS,30,,,,,0,0,0,0,0,0
2026,regular,2026-04-22,802415,Chandler Simpson,TBR,30,,,,,0,0,0,0,0,0
2026,regular,2026-04-22,800050,Chase DeLauter,CLE,30,,,,,0,0,0,0,0,0
2026,regular,2026-04-22,805367,Chase Meidroth,CHW,30,,,,,0,0,0,0,0,0
2026,regular,2026-04-22,543877,Christian Vázquez,HOU,30,,,,,0,0,0,0,0,0
2026,regular,2026-04-22,572233,Christian Walker,HOU,30,,,,,0,0,0,0,0,0
2026,regular,2026-04-22,682928,CJ Abrams,WSN,30,,,,,0,0,0,0,0,0
2026,regular,2026-04-22,691723,Coby Mayo,BAL,30,,,,,0,0,0,0,0,0
2026,regular,2026-04-22,641355,Cody Bellinger,NYY,30,,,,,0,0,0,0,0,0
2026,regular,2026-04-22,702284,Cole Young,SEA,30,,,,,0,0,0,0,0,0
2026,regular,2026-04-22,695657,Colson Montgomery,CHW,30,,,,,0,0,0,0,0,0
2026,regular,2026-04-22,690993,Colt Keith,DET,30,,,,,0,0,0,0,0,0
2026,regular,2026-04-22,681297,Colton Cowser,BAL,30,,,,,0,0,0,0,0,0
2026,regular,2026-04-22,657136,Connor Wong,BOS,30,,,,,0,0,0,0,0,0
2026,regular,2026-04-22,682998,Corbin Carroll,ARI,30,,,,,0,0,0,0,0,0
2026,regular,2026-04-22,608369,Corey Seager,TEX,30,,,,,0,0,0,0,0,0
2026,regular,2026-04-22,678554,Curtis Mead,WSN,30,,,,,0,0,0,0,0,0
2026,regular,2026-04-22,669288,Daniel Johnson,HOU,30,,,,,0,0,0,0,0,0
2026,regular,2026-04-22,682177,Daniel Schneemann,CLE,30,,,,,0,0,0,0,0,0
2026,regular,2026-04-22,621020,Dansby Swanson,CHC,30,,,,,0,0,0,0,0,0
2026,regular,2026-04-22,662139,Daulton Varsho,TOR,30,,,,,0,0,0,0,0,0
2026,regular,2026-04-22,666152,David Hamilton,MIL,30,,,,,0,0,0,0,0,0
2026,regular,2026-04-22,676914,Davis Schneider,TOR,30,,,,,0,0,0,0,0,0
2026,regular,2026-04-22,695734,Daylen Lile,WSN,30,,,,,0,0,0,0,0,0
2026,regular,2026-04-22,656537,Derek Hill,CHW,30,,,,,0,0,0,0,0,0
2026,regular,2026-04-22,686527,Dominic Canzone,SEA,30,,,,,0,0,0,0,0,0
2026,regular,2026-04-22,686948,Drake Baldwin,ATL,30,,,,,0,0,0,0,0,0
2026,regular,2026-04-22,687551,Drew Gilbert,SFG,30,,,,,0,0,0,0,0,0
2026,regular,2026-04-22,687637,Dylan Beavers,BAL,30,,,,,0,0,0,0,0,0
2026,regular,2026-04-22,700337,Edgar Quero,CHW,30,,,,,0,0,0,0,0,0
2026,regular,2026-04-22,624641,Edmundo Sosa,PHI,30,,,,,0,0,0,0,0,0
2026,regular,2026-04-22,666397,Edouard Julien,COL,30,,,,,0,0,0,0,0,0
2026,regular,2026-04-22,682829,Elly De La Cruz,CIN,30,,,,,0,0,0,0,0,0
2026,regular,2026-04-22,650391,Eloy Jiménez,TOR,30,,,,,0,0,0,0,0,0
2026,regular,2026-04-22,676391,Ernie Clement,TOR,30,,,,,0,0,0,0,0,0
2026,regular,2026-04-22,553993,Eugenio Suárez,CIN,30,,,,,0,0,0,0,0,0
2026,regular,2026-04-22,694497,Evan Carter,TEX,30,,,,,0,0,0,0,0,0
2026,regular,2026-04-22,677592,Everson Pereira,CHW,30,,,,,0,0,0,0,0,0
2026,regular,2026-04-22,677649,Ezequiel Duran,TEX,30,,,,,0,0,0,0,0,0
2026,regular,2026-04-22,678662,Ezequiel Tovar,COL,30,,,,,0,0,0,0,0,0
2026,regular,2026-04-22,694025,Felix Reyes,PHI,30,,,,,0,0,0,0,0,0
2026,regular,2026-04-22,665487,Fernando Tatis Jr.,SDP,30,,,,,0,0,0,0,0,0
2026,regular,2026-04-22,682626,Francisco Alvarez,NYM,30,,,,,0,0,0,0,0,0
2026,regular,2026-04-22,596019,Francisco Lindor,NYM,30,,,,,0,0,0,0,0,0
2026,regular,2026-04-22,518692,Freddie Freeman,LAD,30,,,,,0,0,0,0,0,0
2026,regular,2026-04-22,669003,Garrett Mitchell,MIL,30,,,,,0,0,0,0,0,0
2026,regular,2026-04-22,596142,Gary Sánchez,MIL,30,,,,,0,0,0,0,0,0
2026,regular,2026-04-22,657757,Gavin Sheets,SDP,30,,,,,0,0,0,0,0,0
2026,regular,2026-04-22,671655,George Valera,CLE,30,,,,,0,0,0,0,0,0
2026,regular,2026-04-22,672695,Geraldo Perdomo,ARI,30,,,,,0,0,0,0,0,0
2026,regular,2026-04-22,519317,Giancarlo Stanton,NYY,30,,,,,0,0,0,0,0,0
2026,regular,2026-04-22,650402,Gleyber Torres,DET,30,,,,,0,0,0,0,0,0
2026,regular,2026-04-22,688363,Graham Pauley,MIA,30,,,,,0,0,0,0,0,0
2026,regular,2026-04-22,675659,Greg Jones,MIL,30,,,,,0,0,0,0,0,0
2026,regular,2026-04-22,683002,Gunnar Henderson,BAL,30,,,,,0,0,0,0,0,0
2026,regular,2026-04-22,671218,Heliot Ramos,SFG,30,,,,,0,0,0,0,0,0
2026,regular,2026-04-22,680779,Henry Davis,PIT,30,,,,,0,0,0,0,0,0
2026,regular,2026-04-22,681715,Heriberto Hernández,MIA,30,,,,,0,0,0,0,0,0
2026,regular,2026-04-22,696100,Hunter Goodman,COL,30,,,,,0,0,0,0,0,0
2026,regular,2026-04-22,808975,Hyeseong Kim,LAD,30,,,,,0,0,0,0,0,0
2026,regular,2026-04-22,664023,Ian Happ,CHC,30,,,,,0,0,0,0,0,0
2026,regular,2026-04-22,545121,Ildemaro Vargas,ARI,30,,,,,0,0,0,0,0,0
2026,regular,2026-04-22,670623,Isaac Paredes,HOU,30,,,,,0,0,0,0,0,0
2026,regular,2026-04-22,643396,Isiah Kiner-Falefa,BOS,30,,,,,0,0,0,0,0,0
2026,regular,2026-04-22,671056,Iván Herrera,STL,30,,,,,0,0,0,0,0,0
2026,regular,2026-04-22,641487,J.P. Crawford,SEA,30,,,,,0,0,0,0,0,0
2026,regular,2026-04-22,695506,Jac Caglianone,KCR,30,,,,,0,0,0,0,0,0
2026,regular,2026-04-22,701538,Jackson Merrill,SDP,30,,,,,0,0,0,0,0,0
2026,regular,2026-04-22,805779,Jacob Wilson,ATH,30,,,,,0,0,0,0,0,0
2026,regular,2026-04-22,696285,Jacob Young,WSN,30,,,,,0,0,0,0,0,0
2026,regular,2026-04-22,663330,Jahmai Jones,DET,30,,,,,0,0,0,0,0,0
2026,regular,2026-04-22,641343,Jake Bauers,MIL,30,,,,,0,0,0,0,0,0
2026,regular,2026-04-22,669394,Jake Burger,TEX,30,,,,,0,0,0,0,0,0
2026,regular,2026-04-22,630105,Jake Cronenworth,SDP,30,,,,,0,0,0,0,0,0
2026,regular,2026-04-22,663968,Jake Mangum,PIT,30,,,,,0,0,0,0,0,0
2026,regular,2026-04-22,664983,Jake McCarthy,COL,30,,,,,0,0,0,0,0,0
2026,regular,2026-04-22,668670,Jake Rogers,DET,30,,,,,0,0,0,0,0,0
2026,regular,2026-04-22,805300,Jakob Marsee,MIA,30,,,,,0,0,0,0,0,0
2026,regular,2026-04-22,543510,James McCann,ARI,30,,,,,0,0,0,0,0,0
2026,regular,2026-04-22,681546,James Outman,MIN,30,,,,,0,0,0,0,0,0
2026,regular,2026-04-22,695578,James Wood,WSN,30,,,,,0,0,0,0,0,0
2026,regular,2026-04-22,680776,Jarren Duran,BOS,30,,,,,0,0,0,0,0,0
2026,regular,2026-04-22,595879,Javier Báez,DET,30,,,,,0,0,0,0,0,0
2026,regular,2026-04-22,691594,Javier Sanoja,MIA,30,,,,,0,0,0,0,0,0
2026,regular,2026-04-22,665862,Jazz Chisholm Jr.,NYY,30,,,,,0,0,0,0,0,0
2026,regular,2026-04-22,643446,Jeff McNeil,ATH,30,,,,,0,0,0,0,0,0
2026,regular,2026-04-22,669236,Jeremiah Jackson,BAL,30,,,,,0,0,0,0,0,0
2026,regular,2026-04-22,660821,Jesús Sánchez,TOR,30,,,,,0,0,0,0,0,0
2026,regular,2026-04-22,802139,JJ Wetherholt,STL,30,,,,,0,0,0,0,0,0
2026,regular,2026-04-22,666176,Jo Adell,LAA,30,,,,,0,0,0,0,0,0
2026,regular,2026-04-22,592626,Joc Pederson,TEX,30,,,,,0,0,0,0,0,0
2026,regular,2026-04-22,663698,Joey Bart,PIT,30,,,,,0,0,0,0,0,0
2026,regular,2026-04-22,687401,Joey Ortiz,MIL,30,,,,,0,0,0,0,0,0
2026,regular,2026-04-22,686894,Joey Wiemer,WSN,30,,,,,0,0,0,0,0,0
2026,regular,2026-04-22,641680,Jonah Heim,ATL,30,,,,,0,0,0,0,0,0
2026,regular,2026-04-22,666018,Jonathan Aranda,TBR,30,,,,,0,0,0,0,0,0
2026,regular,2026-04-22,676356,Jonny DeLuca,TBR,30,,,,,0,0,0,0,0,0
2026,regular,2026-04-22,678391,Jorbit Vivas,WSN,30,,,,,0,0,0,0,0,0
2026,regular,2026-04-22,687597,Jordan Beck,COL,30,,,,,0,0,0,0,0,0
2026,regular,2026-04-22,678489,Jorge Barrosa,ARI,30,,,,,0,0,0,0,0,0
2026,regular,2026-04-22,624585,Jorge Soler,LAA,30,,,,,0,0,0,0,0,0
2026,regular,2026-04-22,514888,Jose Altuve,HOU,30,,,,,0,0,0,0,0,0
2026,regular,2026-04-22,699912,Jose Fernandez,ARI,30,,,,,0,0,0,0,0,0
2026,regular,2026-04-22,605137,Josh Bell,MIN,30,,,,,0,0,0,0,0,0
2026,regular,2026-04-22,673962,Josh Jung,TEX,30,,,,,0,0,0,0,0,0
2026,regular,2026-04-22,666139,Josh Lowe,LAA,30,,,,,0,0,0,0,0,0
2026,regular,2026-04-22,647304,Josh Naylor,SEA,30,,,,,0,0,0,0,0,0
2026,regular,2026-04-22,669701,Josh Smith,TEX,30,,,,,0,0,0,0,0,0
2026,regular,2026-04-22,676609,José Caballero,NYY,30,,,,,0,0,0,0,0,0
2026,regular,2026-04-22,665877,José Fermín,STL,30,,,,,0,0,0,0,0,0
2026,regular,2026-04-22,608070,José Ramírez,CLE,30,,,,,0,0,0,0,0,0
2026,regular,2026-04-22,677588,José Tena,WSN,30,,,,,0,0,0,0,0,0
2026,regular,2026-04-22,682877,Juan Brito,CLE,30,,,,,0,0,0,0,0,0
2026,regular,2026-04-22,665742,Juan Soto,NYM,30,,,,,0,0,0,0,0,0
2026,regular,2026-04-22,677594,Julio Rodríguez,SEA,30,,,,,0,0,0,0,0,0
2026,regular,2026-04-22,808982,Jung Hoo Lee,SFG,30,,,,,0,0,0,0,0,0
2026,regular,2026-04-22,691406,Junior Caminero,TBR,30,,,,,0,0,0,0,0,0
2026,regular,2026-04-22,702222,Justin Crawford,PHI,30,,,,,0,0,0,0,0,0
2026,regular,2026-04-22,672960,Kazuma Okamoto,TOR,30,,,,,0,0,0,0,0,0
2026,regular,2026-04-22,660688,Keibert Ruiz,WSN,30,,,,,0,0,0,0,0,0
2026,regular,2026-04-22,681481,Kerry Carpenter,DET,30,,,,,0,0,0,0,0,0
2026,regular,2026-04-22,606466,Ketel Marte,ARI,30,,,,,0,0,0,0,0,0
2026,regular,2026-04-22,805808,Kevin McGonigle,DET,30,,,,,0,0,0,0,0,0
2026,regular,2026-04-22,665019,Kody Clemens,MIN,30,,,,,0,0,0,0,0,0
2026,regular,2026-04-22,804606,Konnor Griffin,PIT,30,,,,,0,0,0,0,0,0
2026,regular,2026-04-22,543309,Kyle Higashioka,TEX,30,,,,,0,0,0,0,0,0
2026,regular,2026-04-22,664728,Kyle Isbel,KCR,30,,,,,0,0,0,0,0,0
2026,regular,2026-04-22,691720,Kyle Karros,COL,30,,,,,0,0,0,0,0,0
2026,regular,2026-04-22,700932,Kyle Manzardo,CLE,30,,,,,0,0,0,0,0,0
2026,regular,2026-04-22,656941,Kyle Schwarber,PHI,30,,,,,0,0,0,0,0,0
2026,regular,2026-04-22,663656,Kyle Tucker,LAD,30,,,,,0,0,0,0,0,0
2026,regular,2026-04-22,657041,Lane Thomas,KCR,30,,,,,0,0,0,0,0,0
2026,regular,2026-04-22,671732,Lawrence Butler,ATH,30,,,,,0,0,0,0,0,0
2026,regular,2026-04-22,672820,Lenyn Sosa,TOR,30,,,,,0,0,0,0,0,0
2026,regular,2026-04-22,677870,Leo Jiménez,MIA,30,,,,,0,0,0,0,0,0
2026,regular,2026-04-22,660844,Leo Rivas,SEA,30,,,,,0,0,0,0,0,0
2026,regular,2026-04-22,665750,Leody Taveras,BAL,30,,,,,0,0,0,0,0,0
2026,regular,2026-04-22,689414,Liam Hicks,MIA,30,,,,,0,0,0,0,0,0
2026,regular,2026-04-22,681351,Logan O'Hoppe,LAA,30,,,,,0,0,0,0,0,0
2026,regular,2026-04-22,666971,Lourdes Gurriel Jr.,ARI,30,,,,,0,0,0,0,0,0
2026,regular,2026-04-22,650333,Luis Arraez,SFG,30,,,,,0,0,0,0,0,0
2026,regular,2026-04-22,669134,Luis Campusano,SDP,30,,,,,0,0,0,0,0,0
2026,regular,2026-04-22,671277,Luis García Jr.,WSN,30,,,,,0,0,0,0,0,0
2026,regular,2026-04-22,650859,Luis Rengifo,MIL,30,,,,,0,0,0,0,0,0
2026,regular,2026-04-22,673357,Luis Robert Jr.,NYM,30,,,,,0,0,0,0,0,0
2026,regular,2026-04-22,682668,Luisangel Acuña,CHW,30,,,,,0,0,0,0,0,0
2026,regular,2026-04-22,807712,Luke Keaschall,MIN,30,,,,,0,0,0,0,0,0
2026,regular,2026-04-22,670042,Luke Raley,SEA,30,,,,,0,0,0,0,0,0
2026,regular,2026-04-22,672580,Maikel Garcia,KCR,30,,,,,0,0,0,0,0,0
2026,regular,2026-04-22,592518,Manny Machado,SDP,30,,,,,0,0,0,0,0,0
2026,regular,2026-04-22,542303,Marcell Ozuna,PIT,30,,,,,0,0,0,0,0,0
2026,regular,2026-04-22,543760,Marcus Semien,NYM,30,,,,,0,0,0,0,0,0
2026,regular,2026-04-22,668901,Mark Vientos,NYM,30,,,,,0,0,0,0,0,0
2026,regular,2026-04-22,656305,Matt Chapman,SFG,30,,,,,0,0,0,0,0,0
2026,regular,2026-04-22,680574,Matt McLain,CIN,30,,,,,0,0,0,0,0,0
2026,regular,2026-04-22,621566,Matt Olson,ATL,30,,,,,0,0,0,0,0,0
2026,regular,2026-04-22,663837,Matt Vierling,DET,30,,,,,0,0,0,0,0,0
2026,regular,2026-04-22,670242,Matt Wallner,MIN,30,,,,,0,0,0,0,0,0
2026,regular,2026-04-22,643289,Mauricio Dubón,ATL,30,,,,,0,0,0,0,0,0
2026,regular,2026-04-22,691777,Max Muncy,ATH,30,,,,,0,0,0,0,0,0
2026,regular,2026-04-22,571970,Max Muncy,LAD,30,,,,,0,0,0,0,0,0
2026,regular,2026-04-22,683737,Michael Busch,CHC,30,,,,,0,0,0,0,0,0
2026,regular,2026-04-22,671739,Michael Harris II,ATL,30,,,,,0,0,0,0,0,0
2026,regular,2026-04-22,686681,Michael Massey,KCR,30,,,,,0,0,0,0,0,0
2026,regular,2026-04-22,666160,Mickey Moniak,COL,30,,,,,0,0,0,0,0,0
2026,regular,2026-04-22,665804,Miguel Amaya,CHC,30,,,,,0,0,0,0,0,0
2026,regular,2026-04-22,500743,Miguel Rojas,LAD,30,,,,,0,0,0,0,0,0
2026,regular,2026-04-22,678246,Miguel Vargas,CHW,30,,,,,0,0,0,0,0,0
2026,regular,2026-04-22,545361,Mike Trout,LAA,30,,,,,0,0,0,0,0,0
2026,regular,2026-04-22,573262,Mike Yastrzemski,ATL,30,,,,,0,0,0,0,0,0
2026,regular,2026-04-22,641598,Mitch Garver,SEA,30,,,,,0,0,0,0,0,0
2026,regular,2026-04-22,694208,Moisés Ballesteros,CHC,30,,,,,0,0,0,0,0,0
2026,regular,2026-04-22,808959,Munetaka Murakami,CHW,30,,,,,0,0,0,0,0,0
2026,regular,2026-04-22,701675,Nathan Church,STL,30,,,,,0,0,0,0,0,0
2026,regular,2026-04-22,664770,Nathan Lukes,TOR,30,,,,,0,0,0,0,0,0
2026,regular,2026-04-22,663993,Nathaniel Lowe,CIN,30,,,,,0,0,0,0,0,0
2026,regular,2026-04-22,592206,Nick Castellanos,SDP,30,,,,,0,0,0,0,0,0
2026,regular,2026-04-22,663743,Nick Fortes,TBR,30,,,,,0,0,0,0,0,0
2026,regular,2026-04-22,693304,Nick Gonzales,PIT,30,,,,,0,0,0,0,0,0
2026,regular,2026-04-22,701762,Nick Kurtz,ATH,30,,,,,0,0,0,0,0,0
2026,regular,2026-04-22,679845,Nick Loftin,KCR,30,,,,,0,0,0,0,0,0
2026,regular,2026-04-22,663538,Nico Hoerner,CHC,30,,,,,0,0,0,0,0,0
2026,regular,2026-04-22,571448,Nolan Arenado,ARI,30,,,,,0,0,0,0,0,0
2026,regular,2026-04-22,669357,Nolan Gorman,STL,30,,,,,0,0,0,0,0,0
2026,regular,2026-04-22,694384,Nolan Schanuel,LAA,30,,,,,0,0,0,0,0,0
2026,regular,2026-04-22,665833,Oneil Cruz,PIT,30,,,,,0,0,0,0,0,0
2026,regular,2026-04-22,672724,Oswald Peraza,LAA,30,,,,,0,0,0,0,0,0
2026,regular,2026-04-22,672640,Otto Lopez,MIA,30,,,,,0,0,0,0,0,0
2026,regular,2026-04-22,683357,Owen Caissie,MIA,30,,,,,0,0,0,0,0,0
2026,regular,2026-04-22,645277,Ozzie Albies,ATL,30,,,,,0,0,0,0,0,0
2026,regular,2026-04-22,664731,P.J. Higgins,CIN,30,,,,,0,0,0,0,0,0
2026,regular,2026-04-22,672275,Patrick Bailey,SFG,30,,,,,0,0,0,0,0,0
2026,regular,2026-04-22,502671,Paul Goldschmidt,NYY,30,,,,,0,0,0,0,0,0
2026,regular,2026-04-22,686780,Pedro Pagés,STL,30,,,,,0,0,0,0,0,0
2026,regular,2026-04-22,624413,Pete Alonso,BAL,30,,,,,0,0,0,0,0,0
2026,regular,2026-04-22,691718,Pete Crow-Armstrong,CHC,30,,,,,0,0,0,0,0,0
2026,regular,2026-04-22,646240,Rafael Devers,SFG,30,,,,,0,0,0,0,0,0
2026,regular,2026-04-22,665561,Rafael Marchán,PHI,30,,,,,0,0,0,0,0,0
2026,regular,2026-04-22,657656,Ramón Laureano,SDP,30,,,,,0,0,0,0,0,0
2026,regular,2026-04-22,602104,Ramón Urías,STL,30,,,,,0,0,0,0,0,0
2026,regular,2026-04-22,545341,Randal Grichuk,NYY,30,,,,,0,0,0,0,0,0
2026,regular,2026-04-22,668227,Randy Arozarena,SEA,30,,,,,0,0,0,0,0,0
2026,regular,2026-04-22,656555,Rhys Hoskins,CLE,30,,,,,0,0,0,0,0,0
2026,regular,2026-04-22,680700,Richie Palacios,TBR,30,,,,,0,0,0,0,0,0
2026,regular,2026-04-22,682985,Riley Greene,DET,30,,,,,0,0,0,0,0,0
2026,regular,2026-04-22,608701,Rob Refsnyder,SEA,30,,,,,0,0,0,0,0,0
2026,regular,2026-04-22,660670,Ronald Acuña Jr.,ATL,30,,,,,0,0,0,0,0,0
2026,regular,2026-04-22,668904,Royce Lewis,MIN,30,,,,,0,0,0,0,0,0
2026,regular,2026-04-22,680777,Ryan Jeffers,MIN,30,,,,,0,0,0,0,0,0
2026,regular,2026-04-22,641857,Ryan McMahon,NYY,30,,,,,0,0,0,0,0,0
2026,regular,2026-04-22,656811,Ryan O'Hearn,PIT,30,,,,,0,0,0,0,0,0
2026,regular,2026-04-22,668723,Ryan Vilade,TBR,30,,,,,0,0,0,0,0,0
2026,regular,2026-04-22,686217,Sal Frelick,MIL,30,,,,,0,0,0,0,0,0
2026,regular,2026-04-22,701398,Sal Stewart,CIN,30,,,,,0,0,0,0,0,0
2026,regular,2026-04-22,521692,Salvador Perez,KCR,30,,,,,0,0,0,0,0,0
2026,regular,2026-04-22,803011,Sam Antonacci,CHW,30,,,,,0,0,0,0,0,0
2026,regular,2026-04-22,664059,Sam Haggerty,TEX,30,,,,,0,0,0,0,0,0
2026,regular,2026-04-22,694212,Samuel Basallo,BAL,30,,,,,0,0,0,0,0,0
2026,regular,2026-04-22,673548,Seiya Suzuki,CHC,30,,,,,0,0,0,0,0,0
2026,regular,2026-04-22,669127,Shea Langeliers,ATH,30,,,,,0,0,0,0,0,0
2026,regular,2026-04-22,660271,Shohei Ohtani,LAD,30,,,,,0,0,0,0,0,0
2026,regular,2026-04-22,687462,Spencer Horwitz,PIT,30,,,,,0,0,0,0,0,0
2026,regular,2026-04-22,668715,Spencer Steer,CIN,30,,,,,0,0,0,0,0,0
2026,regular,2026-04-22,679529,Spencer Torkelson,DET,30,,,,,0,0,0,0,0,0
2026,regular,2026-04-22,680757,Steven Kwan,CLE,30,,,,,0,0,0,0,0,0
2026,regular,2026-04-22,695020,Tanner Murray,CHW,30,,,,,0,0,0,0,0,0
2026,regular,2026-04-22,670764,Taylor Walls,TBR,30,,,,,0,0,0,0,0,0
2026,regular,2026-04-22,621493,Taylor Ward,BAL,30,,,,,0,0,0,0,0,0
2026,regular,2026-04-22,606192,Teoscar Hernández,LAD,30,,,,,0,0,0,0,0,0
2026,regular,2026-04-22,695336,Thomas Saggese,STL,30,,,,,0,0,0,0,0,0
2026,regular,2026-04-22,670770,TJ Friedl,CIN,30,,,,,0,0,0,0,0,0
2026,regular,2026-04-22,681198,TJ Rumfield,COL,30,,,,,0,0,0,0,0,0
2026,regular,2026-04-22,502054,Tommy Pham,NYM,30,,,,,0,0,0,0,0,0
2026,regular,2026-04-22,607208,Trea Turner,PHI,30,,,,,0,0,0,0,0,0
2026,regular,2026-04-22,663757,Trent Grisham,NYY,30,,,,,0,0,0,0,0,0
2026,regular,2026-04-22,663616,Trevor Larnach,MIN,30,,,,,0,0,0,0,0,0
2026,regular,2026-04-22,596115,Trevor Story,BOS,30,,,,,0,0,0,0,0,0
2026,regular,2026-04-22,671976,Tristan Peters,CHW,30,,,,,0,0,0,0,0,0
2026,regular,2026-04-22,687859,Troy Johnston,COL,30,,,,,0,0,0,0,0,0
2026,regular,2026-04-22,671289,Tyler Freeman,COL,30,,,,,0,0,0,0,0,0
2026,regular,2026-04-22,623168,Tyler Heineman,TOR,30,,,,,0,0,0,0,0,0
2026,regular,2026-04-22,691016,Tyler Soderstrom,ATH,30,,,,,0,0,0,0,0,0
2026,regular,2026-04-22,621438,Tyrone Taylor,NYM,30,,,,,0,0,0,0,0,0
2026,regular,2026-04-22,687093,Vaughn Grissom,LAA,30,,,,,0,0,0,0,0,0
2026,regular,2026-04-22,605170,Victor Caratini,MIN,30,,,,,0,0,0,0,0,0
2026,regular,2026-04-22,687363,Victor Scott II,STL,30,,,,,0,0,0,0,0,0
2026,regular,2026-04-22,686469,Vinnie Pasquantino,KCR,30,,,,,0,0,0,0,0,0
2026,regular,2026-04-22,665489,Vladimir Guerrero Jr.,TOR,30,,,,,0,0,0,0,0,0
2026,regular,2026-04-22,672761,Wenceel Pérez,DET,30,,,,,0,0,0,0,0,0
2026,regular,2026-04-22,666181,Will Benson,CIN,30,,,,,0,0,0,0,0,0
2026,regular,2026-04-22,669257,Will Smith,LAD,30,,,,,0,0,0,0,0,0
2026,regular,2026-04-22,650489,Willi Castro,COL,30,,,,,0,0,0,0,0,0
2026,regular,2026-04-22,661388,William Contreras,MIL,30,,,,,0,0,0,0,0,0
2026,regular,2026-04-22,575929,Willson Contreras,BOS,30,,,,,0,0,0,0,0,0
2026,regular,2026-04-22,642715,Willy Adames,SFG,30,,,,,0,0,0,0,0,0
2026,regular,2026-04-22,677800,Wilyer Abreu,BOS,30,,,,,0,0,0,0,0,0
2026,regular,2026-04-22,593428,Xander Bogaerts,SDP,30,,,,,0,0,0,0,0,0
2026,regular,2026-04-22,669364,Xavier Edwards,MIA,30,,,,,0,0,0,0,0,0
2026,regular,2026-04-22,650490,Yandy Díaz,TBR,30,,,,,0,0,0,0,0,0
2026,regular,2026-04-22,670541,Yordan Alvarez,HOU,30,,,,,0,0,0,0,0,0
2026,regular,2026-04-22,660162,Yoán Moncada,LAA,30,,,,,0,0,0,0,0,0
2026,regular,2026-04-22,687263,Zach Neto,LAA,30,,,,,0,0,0,0,0,0
2026,regular,2026-04-22,680869,Zack Gelof,ATH,30,,,,,0,0,0,0,0,0
2026,regular,2026-04-23,592450,Aaron Judge,NYY,30,,,,,0,0,0,0,0,0
2026,regular,2026-04-23,666969,Adolis García,PHI,30,,,,,0,0,0,0,0,0
2026,regular,2026-04-23,680728,Adrian Del Castillo,ARI,30,,,,,0,0,0,0,0,0
2026,regular,2026-04-23,664761,Alec Bohm,PHI,30,,,,,0,0,0,0,0,0
2026,regular,2026-04-23,696030,Alejandro Osuna,TEX,30,,,,,0,0,0,0,0,0
2026,regular,2026-04-23,677950,Alek Thomas,ARI,30,,,,,0,0,0,0,0,0
2026,regular,2026-04-23,608324,Alex Bregman,CHC,30,,,,,0,0,0,0,0,0
2026,regular,2026-04-23,690976,Alex Freeland,LAD,30,,,,,0,0,0,0,0,0
2026,regular,2026-04-23,642708,Amed Rosario,NYY,30,,,,,0,0,0,0,0,0
2026,regular,2026-04-23,643217,Andrew Benintendi,CHW,30,,,,,0,0,0,0,0,0
2026,regular,2026-04-23,457705,Andrew McCutchen,TEX,30,,,,,0,0,0,0,0,0
2026,regular,2026-04-23,681624,Andy Pages,LAD,30,,,,,0,0,0,0,0,0
2026,regular,2026-04-23,605244,Aramis Garcia,ARI,30,,,,,0,0,0,0,0,0
2026,regular,2026-04-23,668885,Austin Martin,MIN,30,,,,,0,0,0,0,0,0
2026,regular,2026-04-23,663586,Austin Riley,ATL,30,,,,,0,0,0,0,0,0
2026,regular,2026-04-23,669224,Austin Wells,NYY,30,,,,,0,0,0,0,0,0
2026,regular,2026-04-23,700250,Ben Rice,NYY,30,,,,,0,0,0,0,0,0
2026,regular,2026-04-23,663368,Blake Perkins,MIL,30,,,,,0,0,0,0,0,0
2026,regular,2026-04-23,666182,Bo Bichette,NYM,30,,,,,0,0,0,0,0,0
2026,regular,2026-04-23,663604,Brandon Lockridge,MIL,30,,,,,0,0,0,0,0,0
2026,regular,2026-04-23,664040,Brandon Lowe,PIT,30,,,,,0,0,0,0,0,0
2026,regular,2026-04-23,669016,Brandon Marsh,PHI,30,,,,,0,0,0,0,0,0
2026,regular,2026-04-23,607043,Brandon Nimmo,TEX,30,,,,,0,0,0,0,0,0
2026,regular,2026-04-23,686668,Brenton Doyle,COL,30,,,,,0,0,0,0,0,0
2026,regular,2026-04-23,683146,Brett Baty,NYM,30,,,,,0,0,0,0,0,0
2026,regular,2026-04-23,664954,Brett Sullivan,COL,30,,,,,0,0,0,0,0,0
2026,regular,2026-04-23,668930,Brice Turang,MIL,30,,,,,0,0,0,0,0,0
2026,regular,2026-04-23,686797,Brooks Lee,MIN,30,,,,,0,0,0,0,0,0
2026,regular,2026-04-23,668804,Bryan Reynolds,PIT,30,,,,,0,0,0,0,0,0
2026,regular,2026-04-23,547180,Bryce Harper,PHI,30,,,,,0,0,0,0,0,0
2026,regular,2026-04-23,669369,Bryce Johnson,SDP,30,,,,,0,0,0,0,0,0
2026,regular,2026-04-23,681082,Bryson Stott,PHI,30,,,,,0,0,0,0,0,0
2026,regular,2026-04-23,621439,Byron Buxton,MIN,30,,,,,0,0,0,0,0,0
2026,regular,2026-04-23,702332,Caleb Durbin,BOS,30,,,,,0,0,0,0,0,0
2026,regular,2026-04-23,665966,Carlos Narváez,BOS,30,,,,,0,0,0,0,0,0
2026,regular,2026-04-23,701807,Carson Benge,NYM,30,,,,,0,0,0,0,0,0
2026,regular,2026-04-23,608348,Carson Kelly,CHC,30,,,,,0,0,0,0,0,0
2026,regular,2026-04-23,678882,Ceddanne Rafaela,BOS,30,,,,,0,0,0,0,0,0
2026,regular,2026-04-23,805367,Chase Meidroth,CHW,30,,,,,0,0,0,0,0,0
2026,regular,2026-04-23,682928,CJ Abrams,WSN,30,,,,,0,0,0,0,0,0
2026,regular,2026-04-23,641355,Cody Bellinger,NYY,30,,,,,0,0,0,0,0,0
2026,regular,2026-04-23,695657,Colson Montgomery,CHW,30,,,,,0,0,0,0,0,0
2026,regular,2026-04-23,690993,Colt Keith,DET,30,,,,,0,0,0,0,0,0
2026,regular,2026-04-23,682998,Corbin Carroll,ARI,30,,,,,0,0,0,0,0,0
2026,regular,2026-04-23,608369,Corey Seager,TEX,30,,,,,0,0,0,0,0,0
2026,regular,2026-04-23,678554,Curtis Mead,WSN,30,,,,,0,0,0,0,0,0
2026,regular,2026-04-23,687221,Dalton Rushing,LAD,30,,,,,0,0,0,0,0,0
2026,regular,2026-04-23,643376,Danny Jansen,TEX,30,,,,,0,0,0,0,0,0
2026,regular,2026-04-23,621020,Dansby Swanson,CHC,30,,,,,0,0,0,0,0,0
2026,regular,2026-04-23,666152,David Hamilton,MIL,30,,,,,0,0,0,0,0,0
2026,regular,2026-04-23,695734,Daylen Lile,WSN,30,,,,,0,0,0,0,0,0
2026,regular,2026-04-23,656537,Derek Hill,CHW,30,,,,,0,0,0,0,0,0
2026,regular,2026-04-23,693307,Dillon Dingler,DET,30,,,,,0,0,0,0,0,0
2026,regular,2026-04-23,642086,Dominic Smith,ATL,30,,,,,0,0,0,0,0,0
2026,regular,2026-04-23,686948,Drake Baldwin,ATL,30,,,,,0,0,0,0,0,0
2026,regular,2026-04-23,687551,Drew Gilbert,SFG,30,,,,,0,0,0,0,0,0
2026,regular,2026-04-23,686452,Drew Millas,WSN,30,,,,,0,0,0,0,0,0
2026,regular,2026-04-23,664238,Dylan Moore,PHI,30,,,,,0,0,0,0,0,0
2026,regular,2026-04-23,700337,Edgar Quero,CHW,30,,,,,0,0,0,0,0,0
2026,regular,2026-04-23,624641,Edmundo Sosa,PHI,30,,,,,0,0,0,0,0,0
2026,regular,2026-04-23,666397,Edouard Julien,COL,30,,,,,0,0,0,0,0,0
2026,regular,2026-04-23,642201,Eli White,ATL,30,,,,,0,0,0,0,0,0
2026,regular,2026-04-23,694497,Evan Carter,TEX,30,,,,,0,0,0,0,0,0
2026,regular,2026-04-23,677592,Everson Pereira,CHW,30,,,,,0,0,0,0,0,0
2026,regular,2026-04-23,678662,Ezequiel Tovar,COL,30,,,,,0,0,0,0,0,0
2026,regular,2026-04-23,694025,Felix Reyes,PHI,30,,,,,0,0,0,0,0,0
2026,regular,2026-04-23,665487,Fernando Tatis Jr.,SDP,30,,,,,0,0,0,0,0,0
2026,regular,2026-04-23,682626,Francisco Alvarez,NYM,30,,,,,0,0,0,0,0,0
2026,regular,2026-04-23,518692,Freddie Freeman,LAD,30,,,,,0,0,0,0,0,0
2026,regular,2026-04-23,666023,Freddy Fermin,SDP,30,,,,,0,0,0,0,0,0
2026,regular,2026-04-23,669003,Garrett Mitchell,MIL,30,,,,,0,0,0,0,0,0
2026,regular,2026-04-23,596117,Garrett Stubbs,PHI,30,,,,,0,0,0,0,0,0
2026,regular,2026-04-23,596142,Gary Sánchez,MIL,30,,,,,0,0,0,0,0,0
2026,regular,2026-04-23,657757,Gavin Sheets,SDP,30,,,,,0,0,0,0,0,0
2026,regular,2026-04-23,672695,Geraldo Perdomo,ARI,30,,,,,0,0,0,0,0,0
2026,regular,2026-04-23,519317,Giancarlo Stanton,NYY,30,,,,,0,0,0,0,0,0
2026,regular,2026-04-23,650402,Gleyber Torres,DET,30,,,,,0,0,0,0,0,0
2026,regular,2026-04-23,671218,Heliot Ramos,SFG,30,,,,,0,0,0,0,0,0
2026,regular,2026-04-23,808975,Hyeseong Kim,LAD,30,,,,,0,0,0,0,0,0
2026,regular,2026-04-23,664023,Ian Happ,CHC,30,,,,,0,0,0,0,0,0
2026,regular,2026-04-23,545121,Ildemaro Vargas,ARI,30,,,,,0,0,0,0,0,0
2026,regular,2026-04-23,701538,Jackson Merrill,SDP,30,,,,,0,0,0,0,0,0
2026,regular,2026-04-23,696285,Jacob Young,WSN,30,,,,,0,0,0,0,0,0
2026,regular,2026-04-23,663330,Jahmai Jones,DET,30,,,,,0,0,0,0,0,0
2026,regular,2026-04-23,669394,Jake Burger,TEX,30,,,,,0,0,0,0,0,0
2026,regular,2026-04-23,630105,Jake Cronenworth,SDP,30,,,,,0,0,0,0,0,0
2026,regular,2026-04-23,664983,Jake McCarthy,COL,30,,,,,0,0,0,0,0,0
2026,regular,2026-04-23,543510,James McCann,ARI,30,,,,,0,0,0,0,0,0
2026,regular,2026-04-23,695578,James Wood,WSN,30,,,,,0,0,0,0,0,0
2026,regular,2026-04-23,680776,Jarren Duran,BOS,30,,,,,0,0,0,0,0,0
2026,regular,2026-04-23,595879,Javier Báez,DET,30,,,,,0,0,0,0,0,0
2026,regular,2026-04-23,665862,Jazz Chisholm Jr.,NYY,30,,,,,0,0,0,0,0,0
2026,regular,2026-04-23,666464,Jerar Encarnacion,SFG,30,,,,,0,0,0,0,0,0
2026,regular,2026-04-23,592626,Joc Pederson,TEX,30,,,,,0,0,0,0,0,0
2026,regular,2026-04-23,663698,Joey Bart,PIT,30,,,,,0,0,0,0,0,0
2026,regular,2026-04-23,687401,Joey Ortiz,MIL,30,,,,,0,0,0,0,0,0
2026,regular,2026-04-23,686894,Joey Wiemer,WSN,30,,,,,0,0,0,0,0,0
2026,regular,2026-04-23,678391,Jorbit Vivas,WSN,30,,,,,0,0,0,0,0,0
2026,regular,2026-04-23,678489,Jorge Barrosa,ARI,30,,,,,0,0,0,0,0,0
2026,regular,2026-04-23,622761,Jorge Mateo,ATL,30,,,,,0,0,0,0,0,0
2026,regular,2026-04-23,699912,Jose Fernandez,ARI,30,,,,,0,0,0,0,0,0
2026,regular,2026-04-23,605137,Josh Bell,MIN,30,,,,,0,0,0,0,0,0
2026,regular,2026-04-23,673962,Josh Jung,TEX,30,,,,,0,0,0,0,0,0
2026,regular,2026-04-23,669701,Josh Smith,TEX,30,,,,,0,0,0,0,0,0
2026,regular,2026-04-23,676609,José Caballero,NYY,30,,,,,0,0,0,0,0,0
2026,regular,2026-04-23,677588,José Tena,WSN,30,,,,,0,0,0,0,0,0
2026,regular,2026-04-23,665742,Juan Soto,NYM,30,,,,,0,0,0,0,0,0
2026,regular,2026-04-23,808982,Jung Hoo Lee,SFG,30,,,,,0,0,0,0,0,0
2026,regular,2026-04-23,702222,Justin Crawford,PHI,30,,,,,0,0,0,0,0,0
2026,regular,2026-04-23,660688,Keibert Ruiz,WSN,30,,,,,0,0,0,0,0,0
2026,regular,2026-04-23,681481,Kerry Carpenter,DET,30,,,,,0,0,0,0,0,0
2026,regular,2026-04-23,606466,Ketel Marte,ARI,30,,,,,0,0,0,0,0,0
2026,regular,2026-04-23,805808,Kevin McGonigle,DET,30,,,,,0,0,0,0,0,0
2026,regular,2026-04-23,665019,Kody Clemens,MIN,30,,,,,0,0,0,0,0,0
2026,regular,2026-04-23,804606,Konnor Griffin,PIT,30,,,,,0,0,0,0,0,0
2026,regular,2026-04-23,691720,Kyle Karros,COL,30,,,,,0,0,0,0,0,0
2026,regular,2026-04-23,656941,Kyle Schwarber,PHI,30,,,,,0,0,0,0,0,0
2026,regular,2026-04-23,663656,Kyle Tucker,LAD,30,,,,,0,0,0,0,0,0
2026,regular,2026-04-23,650333,Luis Arraez,SFG,30,,,,,0,0,0,0,0,0
2026,regular,2026-04-23,671277,Luis García Jr.,WSN,30,,,,,0,0,0,0,0,0
2026,regular,2026-04-23,682641,Luis Matos,MIL,30,,,,,0,0,0,0,0,0
2026,regular,2026-04-23,650859,Luis Rengifo,MIL,30,,,,,0,0,0,0,0,0
2026,regular,2026-04-23,673357,Luis Robert Jr.,NYM,30,,,,,0,0,0,0,0,0
2026,regular,2026-04-23,807712,Luke Keaschall,MIN,30,,,,,0,0,0,0,0,0
2026,regular,2026-04-23,592518,Manny Machado,SDP,30,,,,,0,0,0,0,0,0
2026,regular,2026-04-23,542303,Marcell Ozuna,PIT,30,,,,,0,0,0,0,0,0
2026,regular,2026-04-23,691785,Marcelo Mayer,BOS,30,,,,,0,0,0,0,0,0
2026,regular,2026-04-23,543760,Marcus Semien,NYM,30,,,,,0,0,0,0,0,0
2026,regular,2026-04-23,668901,Mark Vientos,NYM,30,,,,,0,0,0,0,0,0
2026,regular,2026-04-23,807799,Masataka Yoshida,BOS,30,,,,,0,0,0,0,0,0
2026,regular,2026-04-23,656305,Matt Chapman,SFG,30,,,,,0,0,0,0,0,0
2026,regular,2026-04-23,621566,Matt Olson,ATL,30,,,,,0,0,0,0,0,0
2026,regular,2026-04-23,807713,Matt Shaw,CHC,30,,,,,0,0,0,0,0,0
2026,regular,2026-04-23,663837,Matt Vierling,DET,30,,,,,0,0,0,0,0,0
2026,regular,2026-04-23,643289,Mauricio Dubón,ATL,30,,,,,0,0,0,0,0,0
2026,regular,2026-04-23,571970,Max Muncy,LAD,30,,,,,0,0,0,0,0,0
2026,regular,2026-04-23,683737,Michael Busch,CHC,30,,,,,0,0,0,0,0,0
2026,regular,2026-04-23,671739,Michael Harris II,ATL,30,,,,,0,0,0,0,0,0
2026,regular,2026-04-23,666160,Mickey Moniak,COL,30,,,,,0,0,0,0,0,0
2026,regular,2026-04-23,665804,Miguel Amaya,CHC,30,,,,,0,0,0,0,0,0
2026,regular,2026-04-23,609280,Miguel Andujar,SDP,30,,,,,0,0,0,0,0,0
2026,regular,2026-04-23,678246,Miguel Vargas,CHW,30,,,,,0,0,0,0,0,0
2026,regular,2026-04-23,573262,Mike Yastrzemski,ATL,30,,,,,0,0,0,0,0,0
2026,regular,2026-04-23,694208,Moisés Ballesteros,CHC,30,,,,,0,0,0,0,0,0
2026,regular,2026-04-23,808959,Munetaka Murakami,CHW,30,,,,,0,0,0,0,0,0
2026,regular,2026-04-23,683083,Nasim Nuñez,WSN,30,,,,,0,0,0,0,0,0
2026,regular,2026-04-23,693304,Nick Gonzales,PIT,30,,,,,0,0,0,0,0,0
2026,regular,2026-04-23,663538,Nico Hoerner,CHC,30,,,,,0,0,0,0,0,0
2026,regular,2026-04-23,571448,Nolan Arenado,ARI,30,,,,,0,0,0,0,0,0
2026,regular,2026-04-23,665833,Oneil Cruz,PIT,30,,,,,0,0,0,0,0,0
2026,regular,2026-04-23,645277,Ozzie Albies,ATL,30,,,,,0,0,0,0,0,0
2026,regular,2026-04-23,672275,Patrick Bailey,SFG,30,,,,,0,0,0,0,0,0
2026,regular,2026-04-23,691718,Pete Crow-Armstrong,CHC,30,,,,,0,0,0,0,0,0
2026,regular,2026-04-23,646240,Rafael Devers,SFG,30,,,,,0,0,0,0,0,0
2026,regular,2026-04-23,665561,Rafael Marchán,PHI,30,,,,,0,0,0,0,0,0
2026,regular,2026-04-23,657656,Ramón Laureano,SDP,30,,,,,0,0,0,0,0,0
2026,regular,2026-04-23,545341,Randal Grichuk,NYY,30,,,,,0,0,0,0,0,0
2026,regular,2026-04-23,624512,Reese McGuire,CHW,30,,,,,0,0,0,0,0,0
2026,regular,2026-04-23,682985,Riley Greene,DET,30,,,,,0,0,0,0,0,0
2026,regular,2026-04-23,660670,Ronald Acuña Jr.,ATL,30,,,,,0,0,0,0,0,0
2026,regular,2026-04-23,677595,Ronny Mauricio,NYM,30,,,,,0,0,0,0,0,0
2026,regular,2026-04-23,680777,Ryan Jeffers,MIN,30,,,,,0,0,0,0,0,0
2026,regular,2026-04-23,641857,Ryan McMahon,NYY,30,,,,,0,0,0,0,0,0
2026,regular,2026-04-23,656811,Ryan O'Hearn,PIT,30,,,,,0,0,0,0,0,0
2026,regular,2026-04-23,686217,Sal Frelick,MIL,30,,,,,0,0,0,0,0,0
2026,regular,2026-04-23,803011,Sam Antonacci,CHW,30,,,,,0,0,0,0,0,0
2026,regular,2026-04-23,664068,Scott Kingery,CHC,30,,,,,0,0,0,0,0,0
2026,regular,2026-04-23,673548,Seiya Suzuki,CHC,30,,,,,0,0,0,0,0,0
2026,regular,2026-04-23,660271,Shohei Ohtani,LAD,30,,,,,0,0,0,0,0,0
2026,regular,2026-04-23,687462,Spencer Horwitz,PIT,30,,,,,0,0,0,0,0,0
2026,regular,2026-04-23,679529,Spencer Torkelson,DET,30,,,,,0,0,0,0,0,0
2026,regular,2026-04-23,606192,Teoscar Hernández,LAD,30,,,,,0,0,0,0,0,0
2026,regular,2026-04-23,681198,TJ Rumfield,COL,30,,,,,0,0,0,0,0,0
2026,regular,2026-04-23,502054,Tommy Pham,NYM,30,,,,,0,0,0,0,0,0
2026,regular,2026-04-23,607208,Trea Turner,PHI,30,,,,,0,0,0,0,0,0
2026,regular,2026-04-23,663757,Trent Grisham,NYY,30,,,,,0,0,0,0,0,0
2026,regular,2026-04-23,663616,Trevor Larnach,MIN,30,,,,,0,0,0,0,0,0
2026,regular,2026-04-23,596115,Trevor Story,BOS,30,,,,,0,0,0,0,0,0
2026,regular,2026-04-23,656484,Tristan Gray,MIN,30,,,,,0,0,0,0,0,0
2026,regular,2026-04-23,671976,Tristan Peters,CHW,30,,,,,0,0,0,0,0,0
2026,regular,2026-04-23,687859,Troy Johnston,COL,30,,,,,0,0,0,0,0,0
2026,regular,2026-04-23,664034,Ty France,SDP,30,,,,,0,0,0,0,0,0
2026,regular,2026-04-23,671289,Tyler Freeman,COL,30,,,,,0,0,0,0,0,0
2026,regular,2026-04-23,621438,Tyrone Taylor,NYM,30,,,,,0,0,0,0,0,0
2026,regular,2026-04-23,672761,Wenceel Pérez,DET,30,,,,,0,0,0,0,0,0
2026,regular,2026-04-23,686823,Will Brennan,SFG,30,,,,,0,0,0,0,0,0
2026,regular,2026-04-23,650489,Willi Castro,COL,30,,,,,0,0,0,0,0,0
2026,regular,2026-04-23,661388,William Contreras,MIL,30,,,,,0,0,0,0,0,0
2026,regular,2026-04-23,575929,Willson Contreras,BOS,30,,,,,0,0,0,0,0,0
2026,regular,2026-04-23,642715,Willy Adames,SFG,30,,,,,0,0,0,0,0,0
2026,regular,2026-04-23,677800,Wilyer Abreu,BOS,30,,,,,0,0,0,0,0,0
2026,regular,2026-04-23,593428,Xander Bogaerts,SDP,30,,,,,0,0,0,0,0,0
2026,regular,2026-04-24,592450,Aaron Judge,NYY,30,,,,,0,0,0,0,0,0
2026,regular,2026-04-24,624428,Adam Frazier,LAA,30,,,,,0,0,0,0,0,0
2026,regular,2026-04-24,668939,Adley Rutschman,BAL,30,,,,,0,0,0,0,0,0
2026,regular,2026-04-24,666969,Adolis García,PHI,30,,,,,0,0,0,0,0,0
2026,regular,2026-04-24,682663,Agustín Ramírez,MIA,30,,,,,0,0,0,0,0,0
2026,regular,2026-04-24,664761,Alec Bohm,PHI,30,,,,,0,0,0,0,0,0
2026,regular,2026-04-24,676475,Alec Burleson,STL,30,,,,,0,0,0,0,0,0
2026,regular,2026-04-24,696030,Alejandro Osuna,TEX,30,,,,,0,0,0,0,0,0
2026,regular,2026-04-24,608324,Alex Bregman,CHC,30,,,,,0,0,0,0,0,0
2026,regular,2026-04-24,690976,Alex Freeland,LAD,30,,,,,0,0,0,0,0,0
2026,regular,2026-04-24,642708,Amed Rosario,NYY,30,,,,,0,0,0,0,0,0
2026,regular,2026-04-24,643217,Andrew Benintendi,CHW,30,,,,,0,0,0,0,0,0
2026,regular,2026-04-24,457705,Andrew McCutchen,TEX,30,,,,,0,0,0,0,0,0
2026,regular,2026-04-24,665926,Andrés Giménez,TOR,30,,,,,0,0,0,0,0,0
2026,regular,2026-04-24,681624,Andy Pages,LAD,30,,,,,0,0,0,0,0,0
2026,regular,2026-04-24,682657,Angel Martínez,CLE,30,,,,,0,0,0,0,0,0
2026,regular,2026-04-24,668885,Austin Martin,MIN,30,,,,,0,0,0,0,0,0
2026,regular,2026-04-24,663586,Austin Riley,ATL,30,,,,,0,0,0,0,0,0
2026,regular,2026-04-24,700250,Ben Rice,NYY,30,,,,,0,0,0,0,0,0
2026,regular,2026-04-24,810938,Ben Williamson,TBR,30,,,,,0,0,0,0,0,0
2026,regular,2026-04-24,695257,Billy Cook,PIT,30,,,,,0,0,0,0,0,0
2026,regular,2026-04-24,663368,Blake Perkins,MIL,30,,,,,0,0,0,0,0,0
2026,regular,2026-04-24,677942,Blaze Alexander,BAL,30,,,,,0,0,0,0,0,0
2026,regular,2026-04-24,666182,Bo Bichette,NYM,30,,,,,0,0,0,0,0,0
2026,regular,2026-04-24,666310,Bo Naylor,CLE,30,,,,,0,0,0,0,0,0
2026,regular,2026-04-24,677951,Bobby Witt Jr.,KCR,30,,,,,0,0,0,0,0,0
2026,regular,2026-04-24,669699,Braden Shewmake,HOU,30,,,,,0,0,0,0,0,0
2026,regular,2026-04-24,691781,Brady House,WSN,30,,,,,0,0,0,0,0,0
2026,regular,2026-04-24,663604,Brandon Lockridge,MIL,30,,,,,0,0,0,0,0,0
2026,regular,2026-04-24,664040,Brandon Lowe,PIT,30,,,,,0,0,0,0,0,0
2026,regular,2026-04-24,669016,Brandon Marsh,PHI,30,,,,,0,0,0,0,0,0
2026,regular,2026-04-24,607043,Brandon Nimmo,TEX,30,,,,,0,0,0,0,0,0
2026,regular,2026-04-24,677587,Brayan Rocchio,CLE,30,,,,,0,0,0,0,0,0
2026,regular,2026-04-24,686668,Brenton Doyle,COL,30,,,,,0,0,0,0,0,0
2026,regular,2026-04-24,683146,Brett Baty,NYM,30,,,,,0,0,0,0,0,0
2026,regular,2026-04-24,694728,Brice Matthews,HOU,30,,,,,0,0,0,0,0,0
2026,regular,2026-04-24,668930,Brice Turang,MIL,30,,,,,0,0,0,0,0,0
2026,regular,2026-04-24,686797,Brooks Lee,MIN,30,,,,,0,0,0,0,0,0
2026,regular,2026-04-24,668804,Bryan Reynolds,PIT,30,,,,,0,0,0,0,0,0
2026,regular,2026-04-24,547180,Bryce Harper,PHI,30,,,,,0,0,0,0,0,0
2026,regular,2026-04-24,669326,Bryce Teodosio,LAA,30,,,,,0,0,0,0,0,0
2026,regular,2026-04-24,681082,Bryson Stott,PHI,30,,,,,0,0,0,0,0,0
2026,regular,2026-04-24,621439,Byron Buxton,MIN,30,,,,,0,0,0,0,0,0
2026,regular,2026-04-24,663728,Cal Raleigh,SEA,30,,,,,0,0,0,0,0,0
2026,regular,2026-04-24,702332,Caleb Durbin,BOS,30,,,,,0,0,0,0,0,0
2026,regular,2026-04-24,701358,Cam Smith,HOU,30,,,,,0,0,0,0,0,0
2026,regular,2026-04-24,621043,Carlos Correa,HOU,30,,,,,0,0,0,0,0,0
2026,regular,2026-04-24,666126,Carlos Cortes,ATH,30,,,,,0,0,0,0,0,0
2026,regular,2026-04-24,665966,Carlos Narváez,BOS,30,,,,,0,0,0,0,0,0
2026,regular,2026-04-24,701807,Carson Benge,NYM,30,,,,,0,0,0,0,0,0
2026,regular,2026-04-24,608348,Carson Kelly,CHC,30,,,,,0,0,0,0,0,0
2026,regular,2026-04-24,695600,Carter Jensen,KCR,30,,,,,0,0,0,0,0,0
2026,regular,2026-04-24,669477,Casey Schmitt,SFG,30,,,,,0,0,0,0,0,0
2026,regular,2026-04-24,678882,Ceddanne Rafaela,BOS,30,,,,,0,0,0,0,0,0
2026,regular,2026-04-24,656775,Cedric Mullins,TBR,30,,,,,0,0,0,0,0,0
2026,regular,2026-04-24,802415,Chandler Simpson,TBR,30,,,,,0,0,0,0,0,0
2026,regular,2026-04-24,800050,Chase DeLauter,CLE,30,,,,,0,0,0,0,0,0
2026,regular,2026-04-24,805367,Chase Meidroth,CHW,30,,,,,0,0,0,0,0,0
2026,regular,2026-04-24,683766,Christian Koss,SFG,30,,,,,0,0,0,0,0,0
2026,regular,2026-04-24,543877,Christian Vázquez,HOU,30,,,,,0,0,0,0,0,0
2026,regular,2026-04-24,572233,Christian Walker,HOU,30,,,,,0,0,0,0,0,0
2026,regular,2026-04-24,682928,CJ Abrams,WSN,30,,,,,0,0,0,0,0,0
2026,regular,2026-04-24,691723,Coby Mayo,BAL,30,,,,,0,0,0,0,0,0
2026,regular,2026-04-24,641355,Cody Bellinger,NYY,30,,,,,0,0,0,0,0,0
2026,regular,2026-04-24,702284,Cole Young,SEA,30,,,,,0,0,0,0,0,0
2026,regular,2026-04-24,695657,Colson Montgomery,CHW,30,,,,,0,0,0,0,0,0
2026,regular,2026-04-24,690993,Colt Keith,DET,30,,,,,0,0,0,0,0,0
2026,regular,2026-04-24,681393,Connor Norby,MIA,30,,,,,0,0,0,0,0,0
2026,regular,2026-04-24,608369,Corey Seager,TEX,30,,,,,0,0,0,0,0,0
2026,regular,2026-04-24,667472,Dane Myers,CIN,30,,,,,0,0,0,0,0,0
2026,regular,2026-04-24,669288,Daniel Johnson,HOU,30,,,,,0,0,0,0,0,0
2026,regular,2026-04-24,682177,Daniel Schneemann,CLE,30,,,,,0,0,0,0,0,0
2026,regular,2026-04-24,621020,Dansby Swanson,CHC,30,,,,,0,0,0,0,0,0
2026,regular,2026-04-24,662139,Daulton Varsho,TOR,30,,,,,0,0,0,0,0,0
2026,regular,2026-04-24,666152,David Hamilton,MIL,30,,,,,0,0,0,0,0,0
2026,regular,2026-04-24,676914,Davis Schneider,TOR,30,,,,,0,0,0,0,0,0
2026,regular,2026-04-24,695734,Daylen Lile,WSN,30,,,,,0,0,0,0,0,0
2026,regular,2026-04-24,656537,Derek Hill,CHW,30,,,,,0,0,0,0,0,0
2026,regular,2026-04-24,693307,Dillon Dingler,DET,30,,,,,0,0,0,0,0,0
2026,regular,2026-04-24,686527,Dominic Canzone,SEA,30,,,,,0,0,0,0,0,0
2026,regular,2026-04-24,642086,Dominic Smith,ATL,30,,,,,0,0,0,0,0,0
2026,regular,2026-04-24,686948,Drake Baldwin,ATL,30,,,,,0,0,0,0,0,0
2026,regular,2026-04-24,687551,Drew Gilbert,SFG,30,,,,,0,0,0,0,0,0
2026,regular,2026-04-24,686452,Drew Millas,WSN,30,,,,,0,0,0,0,0,0
2026,regular,2026-04-24,687957,Dustin Harris,HOU,30,,,,,0,0,0,0,0,0
2026,regular,2026-04-24,687637,Dylan Beavers,BAL,30,,,,,0,0,0,0,0,0
2026,regular,2026-04-24,700337,Edgar Quero,CHW,30,,,,,0,0,0,0,0,0
2026,regular,2026-04-24,642201,Eli White,ATL,30,,,,,0,0,0,0,0,0
2026,regular,2026-04-24,553869,Elias Díaz,KCR,30,,,,,0,0,0,0,0,0
2026,regular,2026-04-24,682829,Elly De La Cruz,CIN,30,,,,,0,0,0,0,0,0
2026,regular,2026-04-24,650391,Eloy Jiménez,TOR,30,,,,,0,0,0,0,0,0
2026,regular,2026-04-24,606992,Eric Haase,SFG,30,,,,,0,0,0,0,0,0
2026,regular,2026-04-24,676391,Ernie Clement,TOR,30,,,,,0,0,0,0,0,0
2026,regular,2026-04-24,665923,Esteury Ruiz,MIA,30,,,,,0,0,0,0,0,0
2026,regular,2026-04-24,694497,Evan Carter,TEX,30,,,,,0,0,0,0,0,0
2026,regular,2026-04-24,677592,Everson Pereira,CHW,30,,,,,0,0,0,0,0,0
2026,regular,2026-04-24,678662,Ezequiel Tovar,COL,30,,,,,0,0,0,0,0,0
2026,regular,2026-04-24,682626,Francisco Alvarez,NYM,30,,,,,0,0,0,0,0,0
2026,regular,2026-04-24,518692,Freddie Freeman,LAD,30,,,,,0,0,0,0,0,0
2026,regular,2026-04-24,669003,Garrett Mitchell,MIL,30,,,,,0,0,0,0,0,0
2026,regular,2026-04-24,596117,Garrett Stubbs,PHI,30,,,,,0,0,0,0,0,0
2026,regular,2026-04-24,671655,George Valera,CLE,30,,,,,0,0,0,0,0,0
2026,regular,2026-04-24,519317,Giancarlo Stanton,NYY,30,,,,,0,0,0,0,0,0
2026,regular,2026-04-24,650402,Gleyber Torres,DET,30,,,,,0,0,0,0,0,0
2026,regular,2026-04-24,688363,Graham Pauley,MIA,30,,,,,0,0,0,0,0,0
2026,regular,2026-04-24,675659,Greg Jones,MIL,30,,,,,0,0,0,0,0,0
2026,regular,2026-04-24,683002,Gunnar Henderson,BAL,30,,,,,0,0,0,0,0,0
2026,regular,2026-04-24,701678,Hao-Yu  Lee,DET,30,,,,,0,0,0,0,0,0
2026,regular,2026-04-24,671218,Heliot Ramos,SFG,30,,,,,0,0,0,0,0,0
2026,regular,2026-04-24,680779,Henry Davis,PIT,30,,,,,0,0,0,0,0,0
2026,regular,2026-04-24,681715,Heriberto Hernández,MIA,30,,,,,0,0,0,0,0,0
2026,regular,2026-04-24,696100,Hunter Goodman,COL,30,,,,,0,0,0,0,0,0
2026,regular,2026-04-24,808975,Hyeseong Kim,LAD,30,,,,,0,0,0,0,0,0
2026,regular,2026-04-24,664023,Ian Happ,CHC,30,,,,,0,0,0,0,0,0
2026,regular,2026-04-24,686555,Isaac Collins,KCR,30,,,,,0,0,0,0,0,0
2026,regular,2026-04-24,670623,Isaac Paredes,HOU,30,,,,,0,0,0,0,0,0
2026,regular,2026-04-24,671056,Iván Herrera,STL,30,,,,,0,0,0,0,0,0
2026,regular,2026-04-24,641555,J.C. Escarra,NYY,30,,,,,0,0,0,0,0,0
2026,regular,2026-04-24,641487,J.P. Crawford,SEA,30,,,,,0,0,0,0,0,0
2026,regular,2026-04-24,805779,Jacob Wilson,ATH,30,,,,,0,0,0,0,0,0
2026,regular,2026-04-24,696285,Jacob Young,WSN,30,,,,,0,0,0,0,0,0
2026,regular,2026-04-24,663330,Jahmai Jones,DET,30,,,,,0,0,0,0,0,0
2026,regular,2026-04-24,641343,Jake Bauers,MIL,30,,,,,0,0,0,0,0,0
2026,regular,2026-04-24,669394,Jake Burger,TEX,30,,,,,0,0,0,0,0,0
2026,regular,2026-04-24,663968,Jake Mangum,PIT,30,,,,,0,0,0,0,0,0
2026,regular,2026-04-24,664983,Jake McCarthy,COL,30,,,,,0,0,0,0,0,0
2026,regular,2026-04-24,805300,Jakob Marsee,MIA,30,,,,,0,0,0,0,0,0
2026,regular,2026-04-24,695578,James Wood,WSN,30,,,,,0,0,0,0,0,0
2026,regular,2026-04-24,680776,Jarren Duran,BOS,30,,,,,0,0,0,0,0,0
2026,regular,2026-04-24,595879,Javier Báez,DET,30,,,,,0,0,0,0,0,0
2026,regular,2026-04-24,691594,Javier Sanoja,MIA,30,,,,,0,0,0,0,0,0
2026,regular,2026-04-24,665862,Jazz Chisholm Jr.,NYY,30,,,,,0,0,0,0,0,0
2026,regular,2026-04-24,643446,Jeff McNeil,ATH,30,,,,,0,0,0,0,0,0
2026,regular,2026-04-24,666464,Jerar Encarnacion,SFG,30,,,,,0,0,0,0,0,0
2026,regular,2026-04-24,669236,Jeremiah Jackson,BAL,30,,,,,0,0,0,0,0,0
2026,regular,2026-04-24,660821,Jesús Sánchez,TOR,30,,,,,0,0,0,0,0,0
2026,regular,2026-04-24,802139,JJ Wetherholt,STL,30,,,,,0,0,0,0,0,0
2026,regular,2026-04-24,666176,Jo Adell,LAA,30,,,,,0,0,0,0,0,0
2026,regular,2026-04-24,592626,Joc Pederson,TEX,30,,,,,0,0,0,0,0,0
2026,regular,2026-04-24,687401,Joey Ortiz,MIL,30,,,,,0,0,0,0,0,0
2026,regular,2026-04-24,686894,Joey Wiemer,WSN,30,,,,,0,0,0,0,0,0
2026,regular,2026-04-24,666018,Jonathan Aranda,TBR,30,,,,,0,0,0,0,0,0
2026,regular,2026-04-24,676356,Jonny DeLuca,TBR,30,,,,,0,0,0,0,0,0
2026,regular,2026-04-24,678391,Jorbit Vivas,WSN,30,,,,,0,0,0,0,0,0
2026,regular,2026-04-24,687597,Jordan Beck,COL,30,,,,,0,0,0,0,0,0
2026,regular,2026-04-24,691023,Jordan Walker,STL,30,,,,,0,0,0,0,0,0
2026,regular,2026-04-24,622761,Jorge Mateo,ATL,30,,,,,0,0,0,0,0,0
2026,regular,2026-04-24,624585,Jorge Soler,LAA,30,,,,,0,0,0,0,0,0
2026,regular,2026-04-24,514888,Jose Altuve,HOU,30,,,,,0,0,0,0,0,0
2026,regular,2026-04-24,673962,Josh Jung,TEX,30,,,,,0,0,0,0,0,0
2026,regular,2026-04-24,647304,Josh Naylor,SEA,30,,,,,0,0,0,0,0,0
2026,regular,2026-04-24,669701,Josh Smith,TEX,30,,,,,0,0,0,0,0,0
2026,regular,2026-04-24,676609,José Caballero,NYY,30,,,,,0,0,0,0,0,0
2026,regular,2026-04-24,665877,José Fermín,STL,30,,,,,0,0,0,0,0,0
2026,regular,2026-04-24,608070,José Ramírez,CLE,30,,,,,0,0,0,0,0,0
2026,regular,2026-04-24,677588,José Tena,WSN,30,,,,,0,0,0,0,0,0
2026,regular,2026-04-24,665742,Juan Soto,NYM,30,,,,,0,0,0,0,0,0
2026,regular,2026-04-24,677594,Julio Rodríguez,SEA,30,,,,,0,0,0,0,0,0
2026,regular,2026-04-24,808982,Jung Hoo Lee,SFG,30,,,,,0,0,0,0,0,0
2026,regular,2026-04-24,691406,Junior Caminero,TBR,30,,,,,0,0,0,0,0,0
2026,regular,2026-04-24,702222,Justin Crawford,PHI,30,,,,,0,0,0,0,0,0
2026,regular,2026-04-24,672960,Kazuma Okamoto,TOR,30,,,,,0,0,0,0,0,0
2026,regular,2026-04-24,663647,Ke'Bryan Hayes,CIN,30,,,,,0,0,0,0,0,0
2026,regular,2026-04-24,681481,Kerry Carpenter,DET,30,,,,,0,0,0,0,0,0
2026,regular,2026-04-24,805808,Kevin McGonigle,DET,30,,,,,0,0,0,0,0,0
2026,regular,2026-04-24,665019,Kody Clemens,MIN,30,,,,,0,0,0,0,0,0
2026,regular,2026-04-24,804606,Konnor Griffin,PIT,30,,,,,0,0,0,0,0,0
2026,regular,2026-04-24,543309,Kyle Higashioka,TEX,30,,,,,0,0,0,0,0,0
2026,regular,2026-04-24,664728,Kyle Isbel,KCR,30,,,,,0,0,0,0,0,0
2026,regular,2026-04-24,691720,Kyle Karros,COL,30,,,,,0,0,0,0,0,0
2026,regular,2026-04-24,700932,Kyle Manzardo,CLE,30,,,,,0,0,0,0,0,0
2026,regular,2026-04-24,656941,Kyle Schwarber,PHI,30,,,,,0,0,0,0,0,0
2026,regular,2026-04-24,669065,Kyle Stowers,MIA,30,,,,,0,0,0,0,0,0
2026,regular,2026-04-24,663656,Kyle Tucker,LAD,30,,,,,0,0,0,0,0,0
2026,regular,2026-04-24,657041,Lane Thomas,KCR,30,,,,,0,0,0,0,0,0
2026,regular,2026-04-24,671732,Lawrence Butler,ATH,30,,,,,0,0,0,0,0,0
2026,regular,2026-04-24,672820,Lenyn Sosa,TOR,30,,,,,0,0,0,0,0,0
2026,regular,2026-04-24,660844,Leo Rivas,SEA,30,,,,,0,0,0,0,0,0
2026,regular,2026-04-24,665750,Leody Taveras,BAL,30,,,,,0,0,0,0,0,0
2026,regular,2026-04-24,689414,Liam Hicks,MIA,30,,,,,0,0,0,0,0,0
2026,regular,2026-04-24,681351,Logan O'Hoppe,LAA,30,,,,,0,0,0,0,0,0
2026,regular,2026-04-24,650333,Luis Arraez,SFG,30,,,,,0,0,0,0,0,0
2026,regular,2026-04-24,671277,Luis García Jr.,WSN,30,,,,,0,0,0,0,0,0
2026,regular,2026-04-24,650859,Luis Rengifo,MIL,30,,,,,0,0,0,0,0,0
2026,regular,2026-04-24,620443,Luis Torrens,NYM,30,,,,,0,0,0,0,0,0
2026,regular,2026-04-24,682668,Luisangel Acuña,CHW,30,,,,,0,0,0,0,0,0
2026,regular,2026-04-24,670042,Luke Raley,SEA,30,,,,,0,0,0,0,0,0
2026,regular,2026-04-24,542303,Marcell Ozuna,PIT,30,,,,,0,0,0,0,0,0
2026,regular,2026-04-24,691785,Marcelo Mayer,BOS,30,,,,,0,0,0,0,0,0
2026,regular,2026-04-24,543760,Marcus Semien,NYM,30,,,,,0,0,0,0,0,0
2026,regular,2026-04-24,668901,Mark Vientos,NYM,30,,,,,0,0,0,0,0,0
2026,regular,2026-04-24,807799,Masataka Yoshida,BOS,30,,,,,0,0,0,0,0,0
2026,regular,2026-04-24,691026,Masyn Winn,STL,30,,,,,0,0,0,0,0,0
2026,regular,2026-04-24,656305,Matt Chapman,SFG,30,,,,,0,0,0,0,0,0
2026,regular,2026-04-24,680574,Matt McLain,CIN,30,,,,,0,0,0,0,0,0
2026,regular,2026-04-24,621566,Matt Olson,ATL,30,,,,,0,0,0,0,0,0
2026,regular,2026-04-24,807713,Matt Shaw,CHC,30,,,,,0,0,0,0,0,0
2026,regular,2026-04-24,663837,Matt Vierling,DET,30,,,,,0,0,0,0,0,0
2026,regular,2026-04-24,670242,Matt Wallner,MIN,30,,,,,0,0,0,0,0,0
2026,regular,2026-04-24,643289,Mauricio Dubón,ATL,30,,,,,0,0,0,0,0,0
2026,regular,2026-04-24,691777,Max Muncy,ATH,30,,,,,0,0,0,0,0,0
2026,regular,2026-04-24,571970,Max Muncy,LAD,30,,,,,0,0,0,0,0,0
2026,regular,2026-04-24,683737,Michael Busch,CHC,30,,,,,0,0,0,0,0,0
2026,regular,2026-04-24,671739,Michael Harris II,ATL,30,,,,,0,0,0,0,0,0
2026,regular,2026-04-24,686681,Michael Massey,KCR,30,,,,,0,0,0,0,0,0
2026,regular,2026-04-24,666160,Mickey Moniak,COL,30,,,,,0,0,0,0,0,0
2026,regular,2026-04-24,678246,Miguel Vargas,CHW,30,,,,,0,0,0,0,0,0
2026,regular,2026-04-24,545361,Mike Trout,LAA,30,,,,,0,0,0,0,0,0
2026,regular,2026-04-24,573262,Mike Yastrzemski,ATL,30,,,,,0,0,0,0,0,0
2026,regular,2026-04-24,669004,MJ Melendez,NYM,30,,,,,0,0,0,0,0,0
2026,regular,2026-04-24,694208,Moisés Ballesteros,CHC,30,,,,,0,0,0,0,0,0
2026,regular,2026-04-24,808959,Munetaka Murakami,CHW,30,,,,,0,0,0,0,0,0
2026,regular,2026-04-24,664702,Myles Straw,TOR,30,,,,,0,0,0,0,0,0
2026,regular,2026-04-24,683083,Nasim Nuñez,WSN,30,,,,,0,0,0,0,0,0
2026,regular,2026-04-24,701675,Nathan Church,STL,30,,,,,0,0,0,0,0,0
2026,regular,2026-04-24,664770,Nathan Lukes,TOR,30,,,,,0,0,0,0,0,0
2026,regular,2026-04-24,663993,Nathaniel Lowe,CIN,30,,,,,0,0,0,0,0,0
2026,regular,2026-04-24,663743,Nick Fortes,TBR,30,,,,,0,0,0,0,0,0
2026,regular,2026-04-24,693304,Nick Gonzales,PIT,30,,,,,0,0,0,0,0,0
2026,regular,2026-04-24,701762,Nick Kurtz,ATH,30,,,,,0,0,0,0,0,0
2026,regular,2026-04-24,679845,Nick Loftin,KCR,30,,,,,0,0,0,0,0,0
2026,regular,2026-04-24,663538,Nico Hoerner,CHC,30,,,,,0,0,0,0,0,0
2026,regular,2026-04-24,669357,Nolan Gorman,STL,30,,,,,0,0,0,0,0,0
2026,regular,2026-04-24,694384,Nolan Schanuel,LAA,30,,,,,0,0,0,0,0,0
2026,regular,2026-04-24,665833,Oneil Cruz,PIT,30,,,,,0,0,0,0,0,0
2026,regular,2026-04-24,672724,Oswald Peraza,LAA,30,,,,,0,0,0,0,0,0
2026,regular,2026-04-24,672640,Otto Lopez,MIA,30,,,,,0,0,0,0,0,0
2026,regular,2026-04-24,683357,Owen Caissie,MIA,30,,,,,0,0,0,0,0,0
2026,regular,2026-04-24,645277,Ozzie Albies,ATL,30,,,,,0,0,0,0,0,0
2026,regular,2026-04-24,624413,Pete Alonso,BAL,30,,,,,0,0,0,0,0,0
2026,regular,2026-04-24,691718,Pete Crow-Armstrong,CHC,30,,,,,0,0,0,0,0,0
2026,regular,2026-04-24,646240,Rafael Devers,SFG,30,,,,,0,0,0,0,0,0
2026,regular,2026-04-24,602104,Ramón Urías,STL,30,,,,,0,0,0,0,0,0
2026,regular,2026-04-24,545341,Randal Grichuk,NYY,30,,,,,0,0,0,0,0,0
2026,regular,2026-04-24,668227,Randy Arozarena,SEA,30,,,,,0,0,0,0,0,0
2026,regular,2026-04-24,677956,Rece Hinds,CIN,30,,,,,0,0,0,0,0,0
2026,regular,2026-04-24,656555,Rhys Hoskins,CLE,30,,,,,0,0,0,0,0,0
2026,regular,2026-04-24,682985,Riley Greene,DET,30,,,,,0,0,0,0,0,0
2026,regular,2026-04-24,608701,Rob Refsnyder,SEA,30,,,,,0,0,0,0,0,0
2026,regular,2026-04-24,660670,Ronald Acuña Jr.,ATL,30,,,,,0,0,0,0,0,0
2026,regular,2026-04-24,677595,Ronny Mauricio,NYM,30,,,,,0,0,0,0,0,0
2026,regular,2026-04-24,668904,Royce Lewis,MIN,30,,,,,0,0,0,0,0,0
2026,regular,2026-04-24,641857,Ryan McMahon,NYY,30,,,,,0,0,0,0,0,0
2026,regular,2026-04-24,656811,Ryan O'Hearn,PIT,30,,,,,0,0,0,0,0,0
2026,regular,2026-04-24,686217,Sal Frelick,MIL,30,,,,,0,0,0,0,0,0
2026,regular,2026-04-24,701398,Sal Stewart,CIN,30,,,,,0,0,0,0,0,0
2026,regular,2026-04-24,521692,Salvador Perez,KCR,30,,,,,0,0,0,0,0,0
2026,regular,2026-04-24,803011,Sam Antonacci,CHW,30,,,,,0,0,0,0,0,0
2026,regular,2026-04-24,664059,Sam Haggerty,TEX,30,,,,,0,0,0,0,0,0
2026,regular,2026-04-24,694212,Samuel Basallo,BAL,30,,,,,0,0,0,0,0,0
2026,regular,2026-04-24,673548,Seiya Suzuki,CHC,30,,,,,0,0,0,0,0,0
2026,regular,2026-04-24,694376,Shay Whitcomb,HOU,30,,,,,0,0,0,0,0,0
2026,regular,2026-04-24,669127,Shea Langeliers,ATH,30,,,,,0,0,0,0,0,0
2026,regular,2026-04-24,660271,Shohei Ohtani,LAD,30,,,,,0,0,0,0,0,0
2026,regular,2026-04-24,687462,Spencer Horwitz,PIT,30,,,,,0,0,0,0,0,0
2026,regular,2026-04-24,668715,Spencer Steer,CIN,30,,,,,0,0,0,0,0,0
2026,regular,2026-04-24,679529,Spencer Torkelson,DET,30,,,,,0,0,0,0,0,0
2026,regular,2026-04-24,516782,Starling Marte,KCR,30,,,,,0,0,0,0,0,0
2026,regular,2026-04-24,680757,Steven Kwan,CLE,30,,,,,0,0,0,0,0,0
2026,regular,2026-04-24,670764,Taylor Walls,TBR,30,,,,,0,0,0,0,0,0
2026,regular,2026-04-24,621493,Taylor Ward,BAL,30,,,,,0,0,0,0,0,0
2026,regular,2026-04-24,606192,Teoscar Hernández,LAD,30,,,,,0,0,0,0,0,0
2026,regular,2026-04-24,670770,TJ Friedl,CIN,30,,,,,0,0,0,0,0,0
2026,regular,2026-04-24,681198,TJ Rumfield,COL,30,,,,,0,0,0,0,0,0
2026,regular,2026-04-24,502054,Tommy Pham,NYM,30,,,,,0,0,0,0,0,0
2026,regular,2026-04-24,607208,Trea Turner,PHI,30,,,,,0,0,0,0,0,0
2026,regular,2026-04-24,663757,Trent Grisham,NYY,30,,,,,0,0,0,0,0,0
2026,regular,2026-04-24,663616,Trevor Larnach,MIN,30,,,,,0,0,0,0,0,0
2026,regular,2026-04-24,596115,Trevor Story,BOS,30,,,,,0,0,0,0,0,0
2026,regular,2026-04-24,656484,Tristan Gray,MIN,30,,,,,0,0,0,0,0,0
2026,regular,2026-04-24,671976,Tristan Peters,CHW,30,,,,,0,0,0,0,0,0
2026,regular,2026-04-24,687859,Troy Johnston,COL,30,,,,,0,0,0,0,0,0
2026,regular,2026-04-24,672012,Tyler Black,MIL,30,,,,,0,0,0,0,0,0
2026,regular,2026-04-24,671289,Tyler Freeman,COL,30,,,,,0,0,0,0,0,0
2026,regular,2026-04-24,623168,Tyler Heineman,TOR,30,,,,,0,0,0,0,0,0
2026,regular,2026-04-24,691016,Tyler Soderstrom,ATH,30,,,,,0,0,0,0,0,0
2026,regular,2026-04-24,663886,Tyler Stephenson,CIN,30,,,,,0,0,0,0,0,0
2026,regular,2026-04-24,621438,Tyrone Taylor,NYM,30,,,,,0,0,0,0,0,0
2026,regular,2026-04-24,687093,Vaughn Grissom,LAA,30,,,,,0,0,0,0,0,0
2026,regular,2026-04-24,605170,Victor Caratini,MIN,30,,,,,0,0,0,0,0,0
2026,regular,2026-04-24,665489,Vladimir Guerrero Jr.,TOR,30,,,,,0,0,0,0,0,0
2026,regular,2026-04-24,669257,Will Smith,LAD,30,,,,,0,0,0,0,0,0
2026,regular,2026-04-24,661388,William Contreras,MIL,30,,,,,0,0,0,0,0,0
2026,regular,2026-04-24,575929,Willson Contreras,BOS,30,,,,,0,0,0,0,0,0
2026,regular,2026-04-24,642715,Willy Adames,SFG,30,,,,,0,0,0,0,0,0
2026,regular,2026-04-24,677800,Wilyer Abreu,BOS,30,,,,,0,0,0,0,0,0
2026,regular,2026-04-24,669364,Xavier Edwards,MIA,30,,,,,0,0,0,0,0,0
2026,regular,2026-04-24,673237,Yainer Diaz,HOU,30,,,,,0,0,0,0,0,0
2026,regular,2026-04-24,650490,Yandy Díaz,TBR,30,,,,,0,0,0,0,0,0
2026,regular,2026-04-24,670541,Yordan Alvarez,HOU,30,,,,,0,0,0,0,0,0
2026,regular,2026-04-24,660162,Yoán Moncada,LAA,30,,,,,0,0,0,0,0,0
2026,regular,2026-04-24,687263,Zach Neto,LAA,30,,,,,0,0,0,0,0,0
2026,regular,2026-04-24,680869,Zack Gelof,ATH,30,,,,,0,0,0,0,0,0
2026,regular,2026-04-25,592450,Aaron Judge,NYY,30,,,,,0,0,0,0,0,0
2026,regular,2026-04-25,624428,Adam Frazier,LAA,30,,,,,0,0,0,0,0,0
2026,regular,2026-04-25,668939,Adley Rutschman,BAL,30,,,,,0,0,0,0,0,0
2026,regular,2026-04-25,666969,Adolis García,PHI,30,,,,,0,0,0,0,0,0
2026,regular,2026-04-25,680728,Adrian Del Castillo,ARI,30,,,,,0,0,0,0,0,0
2026,regular,2026-04-25,682663,Agustín Ramírez,MIA,30,,,,,0,0,0,0,0,0
2026,regular,2026-04-25,664761,Alec Bohm,PHI,30,,,,,0,0,0,0,0,0
2026,regular,2026-04-25,676475,Alec Burleson,STL,30,,,,,0,0,0,0,0,0
2026,regular,2026-04-25,677950,Alek Thomas,ARI,30,,,,,0,0,0,0,0,0
2026,regular,2026-04-25,608324,Alex Bregman,CHC,30,,,,,0,0,0,0,0,0
2026,regular,2026-04-25,669743,Alex Call,LAD,30,,,,,0,0,0,0,0,0
2026,regular,2026-04-25,690976,Alex Freeland,LAD,30,,,,,0,0,0,0,0,0
2026,regular,2026-04-25,642708,Amed Rosario,NYY,30,,,,,0,0,0,0,0,0
2026,regular,2026-04-25,643217,Andrew Benintendi,CHW,30,,,,,0,0,0,0,0,0
2026,regular,2026-04-25,457705,Andrew McCutchen,TEX,30,,,,,0,0,0,0,0,0
2026,regular,2026-04-25,655316,Andruw Monasterio,BOS,30,,,,,0,0,0,0,0,0
2026,regular,2026-04-25,665953,Andrés Chaparro,WSN,30,,,,,0,0,0,0,0,0
2026,regular,2026-04-25,665926,Andrés Giménez,TOR,30,,,,,0,0,0,0,0,0
2026,regular,2026-04-25,681624,Andy Pages,LAD,30,,,,,0,0,0,0,0,0
2026,regular,2026-04-25,682657,Angel Martínez,CLE,30,,,,,0,0,0,0,0,0
2026,regular,2026-04-25,668885,Austin Martin,MIN,30,,,,,0,0,0,0,0,0
2026,regular,2026-04-25,663586,Austin Riley,ATL,30,,,,,0,0,0,0,0,0
2026,regular,2026-04-25,669224,Austin Wells,NYY,30,,,,,0,0,0,0,0,0
2026,regular,2026-04-25,642851,Austin Wynns,ATH,30,,,,,0,0,0,0,0,0
2026,regular,2026-04-25,700250,Ben Rice,NYY,30,,,,,0,0,0,0,0,0
2026,regular,2026-04-25,810938,Ben Williamson,TBR,30,,,,,0,0,0,0,0,0
2026,regular,2026-04-25,677942,Blaze Alexander,BAL,30,,,,,0,0,0,0,0,0
2026,regular,2026-04-25,666310,Bo Naylor,CLE,30,,,,,0,0,0,0,0,0
2026,regular,2026-04-25,677951,Bobby Witt Jr.,KCR,30,,,,,0,0,0,0,0,0
2026,regular,2026-04-25,695418,Brad Lord,WSN,30,,,,,0,0,0,0,0,0
2026,regular,2026-04-25,691781,Brady House,WSN,30,,,,,0,0,0,0,0,0
2026,regular,2026-04-25,664040,Brandon Lowe,PIT,30,,,,,0,0,0,0,0,0
2026,regular,2026-04-25,669016,Brandon Marsh,PHI,30,,,,,0,0,0,0,0,0
2026,regular,2026-04-25,607043,Brandon Nimmo,TEX,30,,,,,0,0,0,0,0,0
2026,regular,2026-04-25,677587,Brayan Rocchio,CLE,30,,,,,0,0,0,0,0,0
2026,regular,2026-04-25,694728,Brice Matthews,HOU,30,,,,,0,0,0,0,0,0
2026,regular,2026-04-25,668930,Brice Turang,MIL,30,,,,,0,0,0,0,0,0
2026,regular,2026-04-25,686797,Brooks Lee,MIN,30,,,,,0,0,0,0,0,0
2026,regular,2026-04-25,668804,Bryan Reynolds,PIT,30,,,,,0,0,0,0,0,0
2026,regular,2026-04-25,547180,Bryce Harper,PHI,30,,,,,0,0,0,0,0,0
2026,regular,2026-04-25,669326,Bryce Teodosio,LAA,30,,,,,0,0,0,0,0,0
2026,regular,2026-04-25,681082,Bryson Stott,PHI,30,,,,,0,0,0,0,0,0
2026,regular,2026-04-25,621439,Byron Buxton,MIN,30,,,,,0,0,0,0,0,0
2026,regular,2026-04-25,663728,Cal Raleigh,SEA,30,,,,,0,0,0,0,0,0
2026,regular,2026-04-25,702332,Caleb Durbin,BOS,30,,,,,0,0,0,0,0,0
2026,regular,2026-04-25,701358,Cam Smith,HOU,30,,,,,0,0,0,0,0,0
2026,regular,2026-04-25,621043,Carlos Correa,HOU,30,,,,,0,0,0,0,0,0
2026,regular,2026-04-25,666126,Carlos Cortes,ATH,30,,,,,0,0,0,0,0,0
2026,regular,2026-04-25,695600,Carter Jensen,KCR,30,,,,,0,0,0,0,0,0
2026,regular,2026-04-25,669477,Casey Schmitt,SFG,30,,,,,0,0,0,0,0,0
2026,regular,2026-04-25,678882,Ceddanne Rafaela,BOS,30,,,,,0,0,0,0,0,0
2026,regular,2026-04-25,656775,Cedric Mullins,TBR,30,,,,,0,0,0,0,0,0
2026,regular,2026-04-25,802415,Chandler Simpson,TBR,30,,,,,0,0,0,0,0,0
2026,regular,2026-04-25,800050,Chase DeLauter,CLE,30,,,,,0,0,0,0,0,0
2026,regular,2026-04-25,805367,Chase Meidroth,CHW,30,,,,,0,0,0,0,0,0
2026,regular,2026-04-25,543877,Christian Vázquez,HOU,30,,,,,0,0,0,0,0,0
2026,regular,2026-04-25,572233,Christian Walker,HOU,30,,,,,0,0,0,0,0,0
2026,regular,2026-04-25,682928,CJ Abrams,WSN,30,,,,,0,0,0,0,0,0
2026,regular,2026-04-25,691723,Coby Mayo,BAL,30,,,,,0,0,0,0,0,0
2026,regular,2026-04-25,641355,Cody Bellinger,NYY,30,,,,,0,0,0,0,0,0
2026,regular,2026-04-25,687515,Colby Thomas,ATH,30,,,,,0,0,0,0,0,0
2026,regular,2026-04-25,702284,Cole Young,SEA,30,,,,,0,0,0,0,0,0
2026,regular,2026-04-25,695657,Colson Montgomery,CHW,30,,,,,0,0,0,0,0,0
2026,regular,2026-04-25,690993,Colt Keith,DET,30,,,,,0,0,0,0,0,0
2026,regular,2026-04-25,681297,Colton Cowser,BAL,30,,,,,0,0,0,0,0,0
2026,regular,2026-04-25,656582,Connor Joe,SEA,30,,,,,0,0,0,0,0,0
2026,regular,2026-04-25,681393,Connor Norby,MIA,30,,,,,0,0,0,0,0,0
2026,regular,2026-04-25,657136,Connor Wong,BOS,30,,,,,0,0,0,0,0,0
2026,regular,2026-04-25,682998,Corbin Carroll,ARI,30,,,,,0,0,0,0,0,0
2026,regular,2026-04-25,608369,Corey Seager,TEX,30,,,,,0,0,0,0,0,0
2026,regular,2026-04-25,678554,Curtis Mead,WSN,30,,,,,0,0,0,0,0,0
2026,regular,2026-04-25,687221,Dalton Rushing,LAD,30,,,,,0,0,0,0,0,0
2026,regular,2026-04-25,667472,Dane Myers,CIN,30,,,,,0,0,0,0,0,0
2026,regular,2026-04-25,682177,Daniel Schneemann,CLE,30,,,,,0,0,0,0,0,0
2026,regular,2026-04-25,643376,Danny Jansen,TEX,30,,,,,0,0,0,0,0,0
2026,regular,2026-04-25,621020,Dansby Swanson,CHC,30,,,,,0,0,0,0,0,0
2026,regular,2026-04-25,687231,Darell Hernaiz,ATH,30,,,,,0,0,0,0,0,0
2026,regular,2026-04-25,662139,Daulton Varsho,TOR,30,,,,,0,0,0,0,0,0
2026,regular,2026-04-25,681807,David Fry,CLE,30,,,,,0,0,0,0,0,0
2026,regular,2026-04-25,666152,David Hamilton,MIL,30,,,,,0,0,0,0,0,0
2026,regular,2026-04-25,676914,Davis Schneider,TOR,30,,,,,0,0,0,0,0,0
2026,regular,2026-04-25,695734,Daylen Lile,WSN,30,,,,,0,0,0,0,0,0
2026,regular,2026-04-25,656537,Derek Hill,CHW,30,,,,,0,0,0,0,0,0
2026,regular,2026-04-25,693307,Dillon Dingler,DET,30,,,,,0,0,0,0,0,0
2026,regular,2026-04-25,686527,Dominic Canzone,SEA,30,,,,,0,0,0,0,0,0
2026,regular,2026-04-25,642086,Dominic Smith,ATL,30,,,,,0,0,0,0,0,0
2026,regular,2026-04-25,686948,Drake Baldwin,ATL,30,,,,,0,0,0,0,0,0
2026,regular,2026-04-25,687551,Drew Gilbert,SFG,30,,,,,0,0,0,0,0,0
2026,regular,2026-04-25,686452,Drew Millas,WSN,30,,,,,0,0,0,0,0,0
2026,regular,2026-04-25,691011,Drew Romo,CHW,30,,,,,0,0,0,0,0,0
2026,regular,2026-04-25,664238,Dylan Moore,PHI,30,,,,,0,0,0,0,0,0
2026,regular,2026-04-25,700337,Edgar Quero,CHW,30,,,,,0,0,0,0,0,0
2026,regular,2026-04-25,642201,Eli White,ATL,30,,,,,0,0,0,0,0,0
2026,regular,2026-04-25,682829,Elly De La Cruz,CIN,30,,,,,0,0,0,0,0,0
2026,regular,2026-04-25,650391,Eloy Jiménez,TOR,30,,,,,0,0,0,0,0,0
2026,regular,2026-04-25,676391,Ernie Clement,TOR,30,,,,,0,0,0,0,0,0
2026,regular,2026-04-25,665923,Esteury Ruiz,MIA,30,,,,,0,0,0,0,0,0
2026,regular,2026-04-25,694497,Evan Carter,TEX,30,,,,,0,0,0,0,0,0
2026,regular,2026-04-25,677592,Everson Pereira,CHW,30,,,,,0,0,0,0,0,0
2026,regular,2026-04-25,677649,Ezequiel Duran,TEX,30,,,,,0,0,0,0,0,0
2026,regular,2026-04-25,665487,Fernando Tatis Jr.,SDP,30,,,,,0,0,0,0,0,0
2026,regular,2026-04-25,518692,Freddie Freeman,LAD,30,,,,,0,0,0,0,0,0
2026,regular,2026-04-25,666023,Freddy Fermin,SDP,30,,,,,0,0,0,0,0,0
2026,regular,2026-04-25,669003,Garrett Mitchell,MIL,30,,,,,0,0,0,0,0,0
2026,regular,2026-04-25,596117,Garrett Stubbs,PHI,30,,,,,0,0,0,0,0,0
2026,regular,2026-04-25,657757,Gavin Sheets,SDP,30,,,,,0,0,0,0,0,0
2026,regular,2026-04-25,671655,George Valera,CLE,30,,,,,0,0,0,0,0,0
2026,regular,2026-04-25,672695,Geraldo Perdomo,ARI,30,,,,,0,0,0,0,0,0
2026,regular,2026-04-25,675659,Greg Jones,MIL,30,,,,,0,0,0,0,0,0
2026,regular,2026-04-25,683002,Gunnar Henderson,BAL,30,,,,,0,0,0,0,0,0
2026,regular,2026-04-25,701678,Hao-Yu  Lee,DET,30,,,,,0,0,0,0,0,0
2026,regular,2026-04-25,671218,Heliot Ramos,SFG,30,,,,,0,0,0,0,0,0
2026,regular,2026-04-25,680779,Henry Davis,PIT,30,,,,,0,0,0,0,0,0
2026,regular,2026-04-25,681715,Heriberto Hernández,MIA,30,,,,,0,0,0,0,0,0
2026,regular,2026-04-25,808975,Hyeseong Kim,LAD,30,,,,,0,0,0,0,0,0
2026,regular,2026-04-25,664023,Ian Happ,CHC,30,,,,,0,0,0,0,0,0
2026,regular,2026-04-25,545121,Ildemaro Vargas,ARI,30,,,,,0,0,0,0,0,0
2026,regular,2026-04-25,686555,Isaac Collins,KCR,30,,,,,0,0,0,0,0,0
2026,regular,2026-04-25,670623,Isaac Paredes,HOU,30,,,,,0,0,0,0,0,0
2026,regular,2026-04-25,643396,Isiah Kiner-Falefa,BOS,30,,,,,0,0,0,0,0,0
2026,regular,2026-04-25,671056,Iván Herrera,STL,30,,,,,0,0,0,0,0,0
2026,regular,2026-04-25,641487,J.P. Crawford,SEA,30,,,,,0,0,0,0,0,0
2026,regular,2026-04-25,695506,Jac Caglianone,KCR,30,,,,,0,0,0,0,0,0
2026,regular,2026-04-25,701538,Jackson Merrill,SDP,30,,,,,0,0,0,0,0,0
2026,regular,2026-04-25,805779,Jacob Wilson,ATH,30,,,,,0,0,0,0,0,0
2026,regular,2026-04-25,696285,Jacob Young,WSN,30,,,,,0,0,0,0,0,0
2026,regular,2026-04-25,663330,Jahmai Jones,DET,30,,,,,0,0,0,0,0,0
2026,regular,2026-04-25,641343,Jake Bauers,MIL,30,,,,,0,0,0,0,0,0
2026,regular,2026-04-25,669394,Jake Burger,TEX,30,,,,,0,0,0,0,0,0
2026,regular,2026-04-25,630105,Jake Cronenworth,SDP,30,,,,,0,0,0,0,0,0
2026,regular,2026-04-25,641584,Jake Fraley,TBR,30,,,,,0,0,0,0,0,0
2026,regular,2026-04-25,663968,Jake Mangum,PIT,30,,,,,0,0,0,0,0,0
2026,regular,2026-04-25,805300,Jakob Marsee,MIA,30,,,,,0,0,0,0,0,0
2026,regular,2026-04-25,695578,James Wood,WSN,30,,,,,0,0,0,0,0,0
2026,regular,2026-04-25,680776,Jarren Duran,BOS,30,,,,,0,0,0,0,0,0
2026,regular,2026-04-25,595879,Javier Báez,DET,30,,,,,0,0,0,0,0,0
2026,regular,2026-04-25,691594,Javier Sanoja,MIA,30,,,,,0,0,0,0,0,0
2026,regular,2026-04-25,665862,Jazz Chisholm Jr.,NYY,30,,,,,0,0,0,0,0,0
2026,regular,2026-04-25,643446,Jeff McNeil,ATH,30,,,,,0,0,0,0,0,0
2026,regular,2026-04-25,669236,Jeremiah Jackson,BAL,30,,,,,0,0,0,0,0,0
2026,regular,2026-04-25,660821,Jesús Sánchez,TOR,30,,,,,0,0,0,0,0,0
2026,regular,2026-04-25,802139,JJ Wetherholt,STL,30,,,,,0,0,0,0,0,0
2026,regular,2026-04-25,666176,Jo Adell,LAA,30,,,,,0,0,0,0,0,0
2026,regular,2026-04-25,592626,Joc Pederson,TEX,30,,,,,0,0,0,0,0,0
2026,regular,2026-04-25,687401,Joey Ortiz,MIL,30,,,,,0,0,0,0,0,0
2026,regular,2026-04-25,686894,Joey Wiemer,WSN,30,,,,,0,0,0,0,0,0
2026,regular,2026-04-25,666018,Jonathan Aranda,TBR,30,,,,,0,0,0,0,0,0
2026,regular,2026-04-25,676356,Jonny DeLuca,TBR,30,,,,,0,0,0,0,0,0
2026,regular,2026-04-25,678391,Jorbit Vivas,WSN,30,,,,,0,0,0,0,0,0
2026,regular,2026-04-25,691023,Jordan Walker,STL,30,,,,,0,0,0,0,0,0
2026,regular,2026-04-25,678489,Jorge Barrosa,ARI,30,,,,,0,0,0,0,0,0
2026,regular,2026-04-25,622761,Jorge Mateo,ATL,30,,,,,0,0,0,0,0,0
2026,regular,2026-04-25,624585,Jorge Soler,LAA,30,,,,,0,0,0,0,0,0
2026,regular,2026-04-25,514888,Jose Altuve,HOU,30,,,,,0,0,0,0,0,0
2026,regular,2026-04-25,699912,Jose Fernandez,ARI,30,,,,,0,0,0,0,0,0
2026,regular,2026-04-25,605137,Josh Bell,MIN,30,,,,,0,0,0,0,0,0
2026,regular,2026-04-25,673962,Josh Jung,TEX,30,,,,,0,0,0,0,0,0
2026,regular,2026-04-25,666139,Josh Lowe,LAA,30,,,,,0,0,0,0,0,0
2026,regular,2026-04-25,647304,Josh Naylor,SEA,30,,,,,0,0,0,0,0,0
2026,regular,2026-04-25,676609,José Caballero,NYY,30,,,,,0,0,0,0,0,0
2026,regular,2026-04-25,608070,José Ramírez,CLE,30,,,,,0,0,0,0,0,0
2026,regular,2026-04-25,682877,Juan Brito,CLE,30,,,,,0,0,0,0,0,0
2026,regular,2026-04-25,677594,Julio Rodríguez,SEA,30,,,,,0,0,0,0,0,0
2026,regular,2026-04-25,808982,Jung Hoo Lee,SFG,30,,,,,0,0,0,0,0,0
2026,regular,2026-04-25,691406,Junior Caminero,TBR,30,,,,,0,0,0,0,0,0
2026,regular,2026-04-25,702222,Justin Crawford,PHI,30,,,,,0,0,0,0,0,0
2026,regular,2026-04-25,672960,Kazuma Okamoto,TOR,30,,,,,0,0,0,0,0,0
2026,regular,2026-04-25,663647,Ke'Bryan Hayes,CIN,30,,,,,0,0,0,0,0,0
2026,regular,2026-04-25,660688,Keibert Ruiz,WSN,30,,,,,0,0,0,0,0,0
2026,regular,2026-04-25,681481,Kerry Carpenter,DET,30,,,,,0,0,0,0,0,0
2026,regular,2026-04-25,606466,Ketel Marte,ARI,30,,,,,0,0,0,0,0,0
2026,regular,2026-04-25,805808,Kevin McGonigle,DET,30,,,,,0,0,0,0,0,0
2026,regular,2026-04-25,804606,Konnor Griffin,PIT,30,,,,,0,0,0,0,0,0
2026,regular,2026-04-25,664728,Kyle Isbel,KCR,30,,,,,0,0,0,0,0,0
2026,regular,2026-04-25,700932,Kyle Manzardo,CLE,30,,,,,0,0,0,0,0,0
2026,regular,2026-04-25,656941,Kyle Schwarber,PHI,30,,,,,0,0,0,0,0,0
2026,regular,2026-04-25,669065,Kyle Stowers,MIA,30,,,,,0,0,0,0,0,0
2026,regular,2026-04-25,663656,Kyle Tucker,LAD,30,,,,,0,0,0,0,0,0
2026,regular,2026-04-25,677870,Leo Jiménez,MIA,30,,,,,0,0,0,0,0,0
2026,regular,2026-04-25,660844,Leo Rivas,SEA,30,,,,,0,0,0,0,0,0
2026,regular,2026-04-25,665750,Leody Taveras,BAL,30,,,,,0,0,0,0,0,0
2026,regular,2026-04-25,689414,Liam Hicks,MIA,30,,,,,0,0,0,0,0,0
2026,regular,2026-04-25,681351,Logan O'Hoppe,LAA,30,,,,,0,0,0,0,0,0
2026,regular,2026-04-25,666971,Lourdes Gurriel Jr.,ARI,30,,,,,0,0,0,0,0,0
2026,regular,2026-04-25,650333,Luis Arraez,SFG,30,,,,,0,0,0,0,0,0
2026,regular,2026-04-25,671277,Luis García Jr.,WSN,30,,,,,0,0,0,0,0,0
2026,regular,2026-04-25,650859,Luis Rengifo,MIL,30,,,,,0,0,0,0,0,0
2026,regular,2026-04-25,682668,Luisangel Acuña,CHW,30,,,,,0,0,0,0,0,0
2026,regular,2026-04-25,807712,Luke Keaschall,MIN,30,,,,,0,0,0,0,0,0
2026,regular,2026-04-25,670042,Luke Raley,SEA,30,,,,,0,0,0,0,0,0
2026,regular,2026-04-25,592518,Manny Machado,SDP,30,,,,,0,0,0,0,0,0
2026,regular,2026-04-25,542303,Marcell Ozuna,PIT,30,,,,,0,0,0,0,0,0
2026,regular,2026-04-25,691785,Marcelo Mayer,BOS,30,,,,,0,0,0,0,0,0
2026,regular,2026-04-25,691026,Masyn Winn,STL,30,,,,,0,0,0,0,0,0
2026,regular,2026-04-25,656305,Matt Chapman,SFG,30,,,,,0,0,0,0,0,0
2026,regular,2026-04-25,680574,Matt McLain,CIN,30,,,,,0,0,0,0,0,0
2026,regular,2026-04-25,621566,Matt Olson,ATL,30,,,,,0,0,0,0,0,0
2026,regular,2026-04-25,807713,Matt Shaw,CHC,30,,,,,0,0,0,0,0,0
2026,regular,2026-04-25,663837,Matt Vierling,DET,30,,,,,0,0,0,0,0,0
2026,regular,2026-04-25,670242,Matt Wallner,MIN,30,,,,,0,0,0,0,0,0
2026,regular,2026-04-25,643289,Mauricio Dubón,ATL,30,,,,,0,0,0,0,0,0
2026,regular,2026-04-25,691777,Max Muncy,ATH,30,,,,,0,0,0,0,0,0
2026,regular,2026-04-25,571970,Max Muncy,LAD,30,,,,,0,0,0,0,0,0
2026,regular,2026-04-25,683737,Michael Busch,CHC,30,,,,,0,0,0,0,0,0
2026,regular,2026-04-25,624424,Michael Conforto,CHC,30,,,,,0,0,0,0,0,0
2026,regular,2026-04-25,671739,Michael Harris II,ATL,30,,,,,0,0,0,0,0,0
2026,regular,2026-04-25,686681,Michael Massey,KCR,30,,,,,0,0,0,0,0,0
2026,regular,2026-04-25,665804,Miguel Amaya,CHC,30,,,,,0,0,0,0,0,0
2026,regular,2026-04-25,678246,Miguel Vargas,CHW,30,,,,,0,0,0,0,0,0
2026,regular,2026-04-25,545361,Mike Trout,LAA,30,,,,,0,0,0,0,0,0
2026,regular,2026-04-25,573262,Mike Yastrzemski,ATL,30,,,,,0,0,0,0,0,0
2026,regular,2026-04-25,641598,Mitch Garver,SEA,30,,,,,0,0,0,0,0,0
2026,regular,2026-04-25,694208,Moisés Ballesteros,CHC,30,,,,,0,0,0,0,0,0
2026,regular,2026-04-25,808959,Munetaka Murakami,CHW,30,,,,,0,0,0,0,0,0
2026,regular,2026-04-25,664702,Myles Straw,TOR,30,,,,,0,0,0,0,0,0
2026,regular,2026-04-25,683083,Nasim Nuñez,WSN,30,,,,,0,0,0,0,0,0
2026,regular,2026-04-25,701675,Nathan Church,STL,30,,,,,0,0,0,0,0,0
2026,regular,2026-04-25,663993,Nathaniel Lowe,CIN,30,,,,,0,0,0,0,0,0
2026,regular,2026-04-25,663743,Nick Fortes,TBR,30,,,,,0,0,0,0,0,0
2026,regular,2026-04-25,693304,Nick Gonzales,PIT,30,,,,,0,0,0,0,0,0
2026,regular,2026-04-25,701762,Nick Kurtz,ATH,30,,,,,0,0,0,0,0,0
2026,regular,2026-04-25,679845,Nick Loftin,KCR,30,,,,,0,0,0,0,0,0
2026,regular,2026-04-25,694377,Nick Yorke,PIT,30,,,,,0,0,0,0,0,0
2026,regular,2026-04-25,670032,Nicky Lopez,CHC,30,,,,,0,0,0,0,0,0
2026,regular,2026-04-25,663538,Nico Hoerner,CHC,30,,,,,0,0,0,0,0,0
2026,regular,2026-04-25,571448,Nolan Arenado,ARI,30,,,,,0,0,0,0,0,0
2026,regular,2026-04-25,669357,Nolan Gorman,STL,30,,,,,0,0,0,0,0,0
2026,regular,2026-04-25,694384,Nolan Schanuel,LAA,30,,,,,0,0,0,0,0,0
2026,regular,2026-04-25,665833,Oneil Cruz,PIT,30,,,,,0,0,0,0,0,0
2026,regular,2026-04-25,672724,Oswald Peraza,LAA,30,,,,,0,0,0,0,0,0
2026,regular,2026-04-25,672640,Otto Lopez,MIA,30,,,,,0,0,0,0,0,0
2026,regular,2026-04-25,683357,Owen Caissie,MIA,30,,,,,0,0,0,0,0,0
2026,regular,2026-04-25,645277,Ozzie Albies,ATL,30,,,,,0,0,0,0,0,0
2026,regular,2026-04-25,672275,Patrick Bailey,SFG,30,,,,,0,0,0,0,0,0
2026,regular,2026-04-25,686780,Pedro Pagés,STL,30,,,,,0,0,0,0,0,0
2026,regular,2026-04-25,624413,Pete Alonso,BAL,30,,,,,0,0,0,0,0,0
2026,regular,2026-04-25,691718,Pete Crow-Armstrong,CHC,30,,,,,0,0,0,0,0,0
2026,regular,2026-04-25,646240,Rafael Devers,SFG,30,,,,,0,0,0,0,0,0
2026,regular,2026-04-25,665561,Rafael Marchán,PHI,30,,,,,0,0,0,0,0,0
2026,regular,2026-04-25,657656,Ramón Laureano,SDP,30,,,,,0,0,0,0,0,0
2026,regular,2026-04-25,668227,Randy Arozarena,SEA,30,,,,,0,0,0,0,0,0
2026,regular,2026-04-25,656555,Rhys Hoskins,CLE,30,,,,,0,0,0,0,0,0
2026,regular,2026-04-25,680700,Richie Palacios,TBR,30,,,,,0,0,0,0,0,0
2026,regular,2026-04-25,682985,Riley Greene,DET,30,,,,,0,0,0,0,0,0
2026,regular,2026-04-25,608701,Rob Refsnyder,SEA,30,,,,,0,0,0,0,0,0
2026,regular,2026-04-25,660670,Ronald Acuña Jr.,ATL,30,,,,,0,0,0,0,0,0
2026,regular,2026-04-25,668904,Royce Lewis,MIN,30,,,,,0,0,0,0,0,0
2026,regular,2026-04-25,680777,Ryan Jeffers,MIN,30,,,,,0,0,0,0,0,0
2026,regular,2026-04-25,641857,Ryan McMahon,NYY,30,,,,,0,0,0,0,0,0
2026,regular,2026-04-25,656811,Ryan O'Hearn,PIT,30,,,,,0,0,0,0,0,0
2026,regular,2026-04-25,686217,Sal Frelick,MIL,30,,,,,0,0,0,0,0,0
2026,regular,2026-04-25,701398,Sal Stewart,CIN,30,,,,,0,0,0,0,0,0
2026,regular,2026-04-25,521692,Salvador Perez,KCR,30,,,,,0,0,0,0,0,0
2026,regular,2026-04-25,803011,Sam Antonacci,CHW,30,,,,,0,0,0,0,0,0
2026,regular,2026-04-25,664059,Sam Haggerty,TEX,30,,,,,0,0,0,0,0,0
2026,regular,2026-04-25,669289,Santiago Espinal,LAD,30,,,,,0,0,0,0,0,0
2026,regular,2026-04-25,673548,Seiya Suzuki,CHC,30,,,,,0,0,0,0,0,0
2026,regular,2026-04-25,669127,Shea Langeliers,ATH,30,,,,,0,0,0,0,0,0
2026,regular,2026-04-25,660271,Shohei Ohtani,LAD,30,,,,,0,0,0,0,0,0
2026,regular,2026-04-25,687462,Spencer Horwitz,PIT,30,,,,,0,0,0,0,0,0
2026,regular,2026-04-25,668715,Spencer Steer,CIN,30,,,,,0,0,0,0,0,0
2026,regular,2026-04-25,679529,Spencer Torkelson,DET,30,,,,,0,0,0,0,0,0
2026,regular,2026-04-25,695020,Tanner Murray,CHW,30,,,,,0,0,0,0,0,0
2026,regular,2026-04-25,621493,Taylor Ward,BAL,30,,,,,0,0,0,0,0,0
2026,regular,2026-04-25,606192,Teoscar Hernández,LAD,30,,,,,0,0,0,0,0,0
2026,regular,2026-04-25,695336,Thomas Saggese,STL,30,,,,,0,0,0,0,0,0
2026,regular,2026-04-25,694374,Tim Tawa,ARI,30,,,,,0,0,0,0,0,0
2026,regular,2026-04-25,670770,TJ Friedl,CIN,30,,,,,0,0,0,0,0,0
2026,regular,2026-04-25,518595,Travis d'Arnaud,LAA,30,,,,,0,0,0,0,0,0
2026,regular,2026-04-25,607208,Trea Turner,PHI,30,,,,,0,0,0,0,0,0
2026,regular,2026-04-25,663757,Trent Grisham,NYY,30,,,,,0,0,0,0,0,0
2026,regular,2026-04-25,596115,Trevor Story,BOS,30,,,,,0,0,0,0,0,0
2026,regular,2026-04-25,671976,Tristan Peters,CHW,30,,,,,0,0,0,0,0,0
2026,regular,2026-04-25,664034,Ty France,SDP,30,,,,,0,0,0,0,0,0
2026,regular,2026-04-25,672012,Tyler Black,MIL,30,,,,,0,0,0,0,0,0
2026,regular,2026-04-25,623168,Tyler Heineman,TOR,30,,,,,0,0,0,0,0,0
2026,regular,2026-04-25,641933,Tyler O'Neill,BAL,30,,,,,0,0,0,0,0,0
2026,regular,2026-04-25,691016,Tyler Soderstrom,ATH,30,,,,,0,0,0,0,0,0
2026,regular,2026-04-25,663886,Tyler Stephenson,CIN,30,,,,,0,0,0,0,0,0
2026,regular,2026-04-25,687093,Vaughn Grissom,LAA,30,,,,,0,0,0,0,0,0
2026,regular,2026-04-25,605170,Victor Caratini,MIN,30,,,,,0,0,0,0,0,0
2026,regular,2026-04-25,687363,Victor Scott II,STL,30,,,,,0,0,0,0,0,0
2026,regular,2026-04-25,686469,Vinnie Pasquantino,KCR,30,,,,,0,0,0,0,0,0
2026,regular,2026-04-25,665489,Vladimir Guerrero Jr.,TOR,30,,,,,0,0,0,0,0,0
2026,regular,2026-04-25,672761,Wenceel Pérez,DET,30,,,,,0,0,0,0,0,0
2026,regular,2026-04-25,666181,Will Benson,CIN,30,,,,,0,0,0,0,0,0
2026,regular,2026-04-25,669717,Will Wilson,SEA,30,,,,,0,0,0,0,0,0
2026,regular,2026-04-25,661388,William Contreras,MIL,30,,,,,0,0,0,0,0,0
2026,regular,2026-04-25,575929,Willson Contreras,BOS,30,,,,,0,0,0,0,0,0
2026,regular,2026-04-25,642715,Willy Adames,SFG,30,,,,,0,0,0,0,0,0
2026,regular,2026-04-25,677800,Wilyer Abreu,BOS,30,,,,,0,0,0,0,0,0
2026,regular,2026-04-25,593428,Xander Bogaerts,SDP,30,,,,,0,0,0,0,0,0
2026,regular,2026-04-25,669364,Xavier Edwards,MIA,30,,,,,0,0,0,0,0,0
2026,regular,2026-04-25,673237,Yainer Diaz,HOU,30,,,,,0,0,0,0,0,0
2026,regular,2026-04-25,650490,Yandy Díaz,TBR,30,,,,,0,0,0,0,0,0
2026,regular,2026-04-25,650968,Yohel Pozo,STL,30,,,,,0,0,0,0,0,0
2026,regular,2026-04-25,670541,Yordan Alvarez,HOU,30,,,,,0,0,0,0,0,0
2026,regular,2026-04-25,660162,Yoán Moncada,LAA,30,,,,,0,0,0,0,0,0
2026,regular,2026-04-25,687263,Zach Neto,LAA,30,,,,,0,0,0,0,0,0
2026,regular,2026-04-25,680869,Zack Gelof,ATH,30,,,,,0,0,0,0,0,0
2026,regular,2026-04-26,592450,Aaron Judge,NYY,30,,,,,0,0,0,0,0,0
2026,regular,2026-04-26,624428,Adam Frazier,LAA,30,,,,,0,0,0,0,0,0
2026,regular,2026-04-26,668939,Adley Rutschman,BAL,30,,,,,0,0,0,0,0,0
2026,regular,2026-04-26,666969,Adolis García,PHI,30,,,,,0,0,0,0,0,0
2026,regular,2026-04-26,680728,Adrian Del Castillo,ARI,30,,,,,0,0,0,0,0,0
2026,regular,2026-04-26,664761,Alec Bohm,PHI,30,,,,,0,0,0,0,0,0
2026,regular,2026-04-26,676475,Alec Burleson,STL,30,,,,,0,0,0,0,0,0
2026,regular,2026-04-26,696030,Alejandro Osuna,TEX,30,,,,,0,0,0,0,0,0
2026,regular,2026-04-26,677950,Alek Thomas,ARI,30,,,,,0,0,0,0,0,0
2026,regular,2026-04-26,608324,Alex Bregman,CHC,30,,,,,0,0,0,0,0,0
2026,regular,2026-04-26,690976,Alex Freeland,LAD,30,,,,,0,0,0,0,0,0
2026,regular,2026-04-26,643217,Andrew Benintendi,CHW,30,,,,,0,0,0,0,0,0
2026,regular,2026-04-26,457705,Andrew McCutchen,TEX,30,,,,,0,0,0,0,0,0
2026,regular,2026-04-26,655316,Andruw Monasterio,BOS,30,,,,,0,0,0,0,0,0
2026,regular,2026-04-26,681624,Andy Pages,LAD,30,,,,,0,0,0,0,0,0
2026,regular,2026-04-26,682657,Angel Martínez,CLE,30,,,,,0,0,0,0,0,0
2026,regular,2026-04-26,595978,Austin Hedges,CLE,30,,,,,0,0,0,0,0,0
2026,regular,2026-04-26,663586,Austin Riley,ATL,30,,,,,0,0,0,0,0,0
2026,regular,2026-04-26,700250,Ben Rice,NYY,30,,,,,0,0,0,0,0,0
2026,regular,2026-04-26,810938,Ben Williamson,TBR,30,,,,,0,0,0,0,0,0
2026,regular,2026-04-26,695257,Billy Cook,PIT,30,,,,,0,0,0,0,0,0
2026,regular,2026-04-26,677942,Blaze Alexander,BAL,30,,,,,0,0,0,0,0,0
2026,regular,2026-04-26,666182,Bo Bichette,NYM,30,,,,,0,0,0,0,0,0
2026,regular,2026-04-26,677951,Bobby Witt Jr.,KCR,30,,,,,0,0,0,0,0,0
2026,regular,2026-04-26,669699,Braden Shewmake,HOU,30,,,,,0,0,0,0,0,0
2026,regular,2026-04-26,691781,Brady House,WSN,30,,,,,0,0,0,0,0,0
2026,regular,2026-04-26,663604,Brandon Lockridge,MIL,30,,,,,0,0,0,0,0,0
2026,regular,2026-04-26,669016,Brandon Marsh,PHI,30,,,,,0,0,0,0,0,0
2026,regular,2026-04-26,607043,Brandon Nimmo,TEX,30,,,,,0,0,0,0,0,0
2026,regular,2026-04-26,678218,Brandon Valenzuela,TOR,30,,,,,0,0,0,0,0,0
2026,regular,2026-04-26,677587,Brayan Rocchio,CLE,30,,,,,0,0,0,0,0,0
2026,regular,2026-04-26,667670,Brent Rooker,ATH,30,,,,,0,0,0,0,0,0
2026,regular,2026-04-26,686668,Brenton Doyle,COL,30,,,,,0,0,0,0,0,0
2026,regular,2026-04-26,683146,Brett Baty,NYM,30,,,,,0,0,0,0,0,0
2026,regular,2026-04-26,664954,Brett Sullivan,COL,30,,,,,0,0,0,0,0,0
2026,regular,2026-04-26,694728,Brice Matthews,HOU,30,,,,,0,0,0,0,0,0
2026,regular,2026-04-26,668930,Brice Turang,MIL,30,,,,,0,0,0,0,0,0
2026,regular,2026-04-26,686797,Brooks Lee,MIN,30,,,,,0,0,0,0,0,0
2026,regular,2026-04-26,668804,Bryan Reynolds,PIT,30,,,,,0,0,0,0,0,0
2026,regular,2026-04-26,547180,Bryce Harper,PHI,30,,,,,0,0,0,0,0,0
2026,regular,2026-04-26,669326,Bryce Teodosio,LAA,30,,,,,0,0,0,0,0,0
2026,regular,2026-04-26,681082,Bryson Stott,PHI,30,,,,,0,0,0,0,0,0
2026,regular,2026-04-26,663728,Cal Raleigh,SEA,30,,,,,0,0,0,0,0,0
2026,regular,2026-04-26,702332,Caleb Durbin,BOS,30,,,,,0,0,0,0,0,0
2026,regular,2026-04-26,701358,Cam Smith,HOU,30,,,,,0,0,0,0,0,0
2026,regular,2026-04-26,621043,Carlos Correa,HOU,30,,,,,0,0,0,0,0,0
2026,regular,2026-04-26,666126,Carlos Cortes,ATH,30,,,,,0,0,0,0,0,0
2026,regular,2026-04-26,701807,Carson Benge,NYM,30,,,,,0,0,0,0,0,0
2026,regular,2026-04-26,608348,Carson Kelly,CHC,30,,,,,0,0,0,0,0,0
2026,regular,2026-04-26,695600,Carter Jensen,KCR,30,,,,,0,0,0,0,0,0
2026,regular,2026-04-26,669477,Casey Schmitt,SFG,30,,,,,0,0,0,0,0,0
2026,regular,2026-04-26,678882,Ceddanne Rafaela,BOS,30,,,,,0,0,0,0,0,0
2026,regular,2026-04-26,656775,Cedric Mullins,TBR,30,,,,,0,0,0,0,0,0
2026,regular,2026-04-26,802415,Chandler Simpson,TBR,30,,,,,0,0,0,0,0,0
2026,regular,2026-04-26,800050,Chase DeLauter,CLE,30,,,,,0,0,0,0,0,0
2026,regular,2026-04-26,805367,Chase Meidroth,CHW,30,,,,,0,0,0,0,0,0
2026,regular,2026-04-26,683766,Christian Koss,SFG,30,,,,,0,0,0,0,0,0
2026,regular,2026-04-26,543877,Christian Vázquez,HOU,30,,,,,0,0,0,0,0,0
2026,regular,2026-04-26,572233,Christian Walker,HOU,30,,,,,0,0,0,0,0,0
2026,regular,2026-04-26,682928,CJ Abrams,WSN,30,,,,,0,0,0,0,0,0
2026,regular,2026-04-26,691723,Coby Mayo,BAL,30,,,,,0,0,0,0,0,0
2026,regular,2026-04-26,641355,Cody Bellinger,NYY,30,,,,,0,0,0,0,0,0
2026,regular,2026-04-26,702284,Cole Young,SEA,30,,,,,0,0,0,0,0,0
2026,regular,2026-04-26,695657,Colson Montgomery,CHW,30,,,,,0,0,0,0,0,0
2026,regular,2026-04-26,690993,Colt Keith,DET,30,,,,,0,0,0,0,0,0
2026,regular,2026-04-26,681297,Colton Cowser,BAL,30,,,,,0,0,0,0,0,0
2026,regular,2026-04-26,656582,Connor Joe,SEA,30,,,,,0,0,0,0,0,0
2026,regular,2026-04-26,681393,Connor Norby,MIA,30,,,,,0,0,0,0,0,0
2026,regular,2026-04-26,657136,Connor Wong,BOS,30,,,,,0,0,0,0,0,0
2026,regular,2026-04-26,682998,Corbin Carroll,ARI,30,,,,,0,0,0,0,0,0
2026,regular,2026-04-26,608369,Corey Seager,TEX,30,,,,,0,0,0,0,0,0
2026,regular,2026-04-26,678554,Curtis Mead,WSN,30,,,,,0,0,0,0,0,0
2026,regular,2026-04-26,687221,Dalton Rushing,LAD,30,,,,,0,0,0,0,0,0
2026,regular,2026-04-26,667472,Dane Myers,CIN,30,,,,,0,0,0,0,0,0
2026,regular,2026-04-26,669288,Daniel Johnson,HOU,30,,,,,0,0,0,0,0,0
2026,regular,2026-04-26,682177,Daniel Schneemann,CLE,30,,,,,0,0,0,0,0,0
2026,regular,2026-04-26,643376,Danny Jansen,TEX,30,,,,,0,0,0,0,0,0
2026,regular,2026-04-26,621020,Dansby Swanson,CHC,30,,,,,0,0,0,0,0,0
2026,regular,2026-04-26,687231,Darell Hernaiz,ATH,30,,,,,0,0,0,0,0,0
2026,regular,2026-04-26,662139,Daulton Varsho,TOR,30,,,,,0,0,0,0,0,0
2026,regular,2026-04-26,681807,David Fry,CLE,30,,,,,0,0,0,0,0,0
2026,regular,2026-04-26,666152,David Hamilton,MIL,30,,,,,0,0,0,0,0,0
2026,regular,2026-04-26,676914,Davis Schneider,TOR,30,,,,,0,0,0,0,0,0
2026,regular,2026-04-26,695734,Daylen Lile,WSN,30,,,,,0,0,0,0,0,0
2026,regular,2026-04-26,656537,Derek Hill,CHW,30,,,,,0,0,0,0,0,0
2026,regular,2026-04-26,686527,Dominic Canzone,SEA,30,,,,,0,0,0,0,0,0
2026,regular,2026-04-26,686948,Drake Baldwin,ATL,30,,,,,0,0,0,0,0,0
2026,regular,2026-04-26,687551,Drew Gilbert,SFG,30,,,,,0,0,0,0,0,0
2026,regular,2026-04-26,686452,Drew Millas,WSN,30,,,,,0,0,0,0,0,0
2026,regular,2026-04-26,691011,Drew Romo,CHW,30,,,,,0,0,0,0,0,0
2026,regular,2026-04-26,687957,Dustin Harris,HOU,30,,,,,0,0,0,0,0,0
2026,regular,2026-04-26,687637,Dylan Beavers,BAL,30,,,,,0,0,0,0,0,0
2026,regular,2026-04-26,664238,Dylan Moore,PHI,30,,,,,0,0,0,0,0,0
2026,regular,2026-04-26,624641,Edmundo Sosa,PHI,30,,,,,0,0,0,0,0,0
2026,regular,2026-04-26,666397,Edouard Julien,COL,30,,,,,0,0,0,0,0,0
2026,regular,2026-04-26,642201,Eli White,ATL,30,,,,,0,0,0,0,0,0
2026,regular,2026-04-26,682829,Elly De La Cruz,CIN,30,,,,,0,0,0,0,0,0
2026,regular,2026-04-26,676391,Ernie Clement,TOR,30,,,,,0,0,0,0,0,0
2026,regular,2026-04-26,694497,Evan Carter,TEX,30,,,,,0,0,0,0,0,0
2026,regular,2026-04-26,677592,Everson Pereira,CHW,30,,,,,0,0,0,0,0,0
2026,regular,2026-04-26,678662,Ezequiel Tovar,COL,30,,,,,0,0,0,0,0,0
2026,regular,2026-04-26,694025,Felix Reyes,PHI,30,,,,,0,0,0,0,0,0
2026,regular,2026-04-26,665487,Fernando Tatis Jr.,SDP,30,,,,,0,0,0,0,0,0
2026,regular,2026-04-26,682626,Francisco Alvarez,NYM,30,,,,,0,0,0,0,0,0
2026,regular,2026-04-26,518692,Freddie Freeman,LAD,30,,,,,0,0,0,0,0,0
2026,regular,2026-04-26,666023,Freddy Fermin,SDP,30,,,,,0,0,0,0,0,0
2026,regular,2026-04-26,669003,Garrett Mitchell,MIL,30,,,,,0,0,0,0,0,0
2026,regular,2026-04-26,596142,Gary Sánchez,MIL,30,,,,,0,0,0,0,0,0
2026,regular,2026-04-26,657757,Gavin Sheets,SDP,30,,,,,0,0,0,0,0,0
2026,regular,2026-04-26,671655,George Valera,CLE,30,,,,,0,0,0,0,0,0
2026,regular,2026-04-26,650402,Gleyber Torres,DET,30,,,,,0,0,0,0,0,0
2026,regular,2026-04-26,688363,Graham Pauley,MIA,30,,,,,0,0,0,0,0,0
2026,regular,2026-04-26,683002,Gunnar Henderson,BAL,30,,,,,0,0,0,0,0,0
2026,regular,2026-04-26,701678,Hao-Yu  Lee,DET,30,,,,,0,0,0,0,0,0
2026,regular,2026-04-26,671218,Heliot Ramos,SFG,30,,,,,0,0,0,0,0,0
2026,regular,2026-04-26,681715,Heriberto Hernández,MIA,30,,,,,0,0,0,0,0,0
2026,regular,2026-04-26,676439,Hunter Feduccia,TBR,30,,,,,0,0,0,0,0,0
2026,regular,2026-04-26,696100,Hunter Goodman,COL,30,,,,,0,0,0,0,0,0
2026,regular,2026-04-26,808975,Hyeseong Kim,LAD,30,,,,,0,0,0,0,0,0
2026,regular,2026-04-26,664023,Ian Happ,CHC,30,,,,,0,0,0,0,0,0
2026,regular,2026-04-26,545121,Ildemaro Vargas,ARI,30,,,,,0,0,0,0,0,0
2026,regular,2026-04-26,686555,Isaac Collins,KCR,30,,,,,0,0,0,0,0,0
2026,regular,2026-04-26,670623,Isaac Paredes,HOU,30,,,,,0,0,0,0,0,0
2026,regular,2026-04-26,671056,Iván Herrera,STL,30,,,,,0,0,0,0,0,0
2026,regular,2026-04-26,641555,J.C. Escarra,NYY,30,,,,,0,0,0,0,0,0
2026,regular,2026-04-26,641487,J.P. Crawford,SEA,30,,,,,0,0,0,0,0,0
2026,regular,2026-04-26,695506,Jac Caglianone,KCR,30,,,,,0,0,0,0,0,0
2026,regular,2026-04-26,701538,Jackson Merrill,SDP,30,,,,,0,0,0,0,0,0
2026,regular,2026-04-26,805779,Jacob Wilson,ATH,30,,,,,0,0,0,0,0,0
2026,regular,2026-04-26,696285,Jacob Young,WSN,30,,,,,0,0,0,0,0,0
2026,regular,2026-04-26,663330,Jahmai Jones,DET,30,,,,,0,0,0,0,0,0
2026,regular,2026-04-26,641343,Jake Bauers,MIL,30,,,,,0,0,0,0,0,0
2026,regular,2026-04-26,669394,Jake Burger,TEX,30,,,,,0,0,0,0,0,0
2026,regular,2026-04-26,630105,Jake Cronenworth,SDP,30,,,,,0,0,0,0,0,0
2026,regular,2026-04-26,641584,Jake Fraley,TBR,30,,,,,0,0,0,0,0,0
2026,regular,2026-04-26,663968,Jake Mangum,PIT,30,,,,,0,0,0,0,0,0
2026,regular,2026-04-26,664983,Jake McCarthy,COL,30,,,,,0,0,0,0,0,0
2026,regular,2026-04-26,668670,Jake Rogers,DET,30,,,,,0,0,0,0,0,0
2026,regular,2026-04-26,805300,Jakob Marsee,MIA,30,,,,,0,0,0,0,0,0
2026,regular,2026-04-26,543510,James McCann,ARI,30,,,,,0,0,0,0,0,0
2026,regular,2026-04-26,681546,James Outman,MIN,30,,,,,0,0,0,0,0,0
2026,regular,2026-04-26,695578,James Wood,WSN,30,,,,,0,0,0,0,0,0
2026,regular,2026-04-26,680776,Jarren Duran,BOS,30,,,,,0,0,0,0,0,0
2026,regular,2026-04-26,595879,Javier Báez,DET,30,,,,,0,0,0,0,0,0
2026,regular,2026-04-26,665862,Jazz Chisholm Jr.,NYY,30,,,,,0,0,0,0,0,0
2026,regular,2026-04-26,643446,Jeff McNeil,ATH,30,,,,,0,0,0,0,0,0
2026,regular,2026-04-26,669236,Jeremiah Jackson,BAL,30,,,,,0,0,0,0,0,0
2026,regular,2026-04-26,660821,Jesús Sánchez,TOR,30,,,,,0,0,0,0,0,0
2026,regular,2026-04-26,668709,JJ Bleday,CIN,30,,,,,0,0,0,0,0,0
2026,regular,2026-04-26,802139,JJ Wetherholt,STL,30,,,,,0,0,0,0,0,0
2026,regular,2026-04-26,666176,Jo Adell,LAA,30,,,,,0,0,0,0,0,0
2026,regular,2026-04-26,592626,Joc Pederson,TEX,30,,,,,0,0,0,0,0,0
2026,regular,2026-04-26,663698,Joey Bart,PIT,30,,,,,0,0,0,0,0,0
2026,regular,2026-04-26,687401,Joey Ortiz,MIL,30,,,,,0,0,0,0,0,0
2026,regular,2026-04-26,686894,Joey Wiemer,WSN,30,,,,,0,0,0,0,0,0
2026,regular,2026-04-26,666018,Jonathan Aranda,TBR,30,,,,,0,0,0,0,0,0
2026,regular,2026-04-26,676356,Jonny DeLuca,TBR,30,,,,,0,0,0,0,0,0
2026,regular,2026-04-26,678391,Jorbit Vivas,WSN,30,,,,,0,0,0,0,0,0
2026,regular,2026-04-26,687597,Jordan Beck,COL,30,,,,,0,0,0,0,0,0
2026,regular,2026-04-26,691023,Jordan Walker,STL,30,,,,,0,0,0,0,0,0
2026,regular,2026-04-26,678489,Jorge Barrosa,ARI,30,,,,,0,0,0,0,0,0
2026,regular,2026-04-26,622761,Jorge Mateo,ATL,30,,,,,0,0,0,0,0,0
2026,regular,2026-04-26,624585,Jorge Soler,LAA,30,,,,,0,0,0,0,0,0
2026,regular,2026-04-26,699912,Jose Fernandez,ARI,30,,,,,0,0,0,0,0,0
2026,regular,2026-04-26,624431,Jose Trevino,CIN,30,,,,,0,0,0,0,0,0
2026,regular,2026-04-26,605137,Josh Bell,MIN,30,,,,,0,0,0,0,0,0
2026,regular,2026-04-26,673962,Josh Jung,TEX,30,,,,,0,0,0,0,0,0
2026,regular,2026-04-26,666139,Josh Lowe,LAA,30,,,,,0,0,0,0,0,0
2026,regular,2026-04-26,669701,Josh Smith,TEX,30,,,,,0,0,0,0,0,0
2026,regular,2026-04-26,676609,José Caballero,NYY,30,,,,,0,0,0,0,0,0
2026,regular,2026-04-26,608070,José Ramírez,CLE,30,,,,,0,0,0,0,0,0
2026,regular,2026-04-26,677588,José Tena,WSN,30,,,,,0,0,0,0,0,0
2026,regular,2026-04-26,682877,Juan Brito,CLE,30,,,,,0,0,0,0,0,0
2026,regular,2026-04-26,665742,Juan Soto,NYM,30,,,,,0,0,0,0,0,0
2026,regular,2026-04-26,677594,Julio Rodríguez,SEA,30,,,,,0,0,0,0,0,0
2026,regular,2026-04-26,808982,Jung Hoo Lee,SFG,30,,,,,0,0,0,0,0,0
2026,regular,2026-04-26,691406,Junior Caminero,TBR,30,,,,,0,0,0,0,0,0
2026,regular,2026-04-26,672960,Kazuma Okamoto,TOR,30,,,,,0,0,0,0,0,0
2026,regular,2026-04-26,663647,Ke'Bryan Hayes,CIN,30,,,,,0,0,0,0,0,0
2026,regular,2026-04-26,681481,Kerry Carpenter,DET,30,,,,,0,0,0,0,0,0
2026,regular,2026-04-26,606466,Ketel Marte,ARI,30,,,,,0,0,0,0,0,0
2026,regular,2026-04-26,805808,Kevin McGonigle,DET,30,,,,,0,0,0,0,0,0
2026,regular,2026-04-26,665019,Kody Clemens,MIN,30,,,,,0,0,0,0,0,0
2026,regular,2026-04-26,804606,Konnor Griffin,PIT,30,,,,,0,0,0,0,0,0
2026,regular,2026-04-26,691720,Kyle Karros,COL,30,,,,,0,0,0,0,0,0
2026,regular,2026-04-26,700932,Kyle Manzardo,CLE,30,,,,,0,0,0,0,0,0
2026,regular,2026-04-26,656941,Kyle Schwarber,PHI,30,,,,,0,0,0,0,0,0
2026,regular,2026-04-26,669065,Kyle Stowers,MIA,30,,,,,0,0,0,0,0,0
2026,regular,2026-04-26,663656,Kyle Tucker,LAD,30,,,,,0,0,0,0,0,0
2026,regular,2026-04-26,657041,Lane Thomas,KCR,30,,,,,0,0,0,0,0,0
2026,regular,2026-04-26,671732,Lawrence Butler,ATH,30,,,,,0,0,0,0,0,0
2026,regular,2026-04-26,672820,Lenyn Sosa,TOR,30,,,,,0,0,0,0,0,0
2026,regular,2026-04-26,660844,Leo Rivas,SEA,30,,,,,0,0,0,0,0,0
2026,regular,2026-04-26,689414,Liam Hicks,MIA,30,,,,,0,0,0,0,0,0
2026,regular,2026-04-26,666971,Lourdes Gurriel Jr.,ARI,30,,,,,0,0,0,0,0,0
2026,regular,2026-04-26,650333,Luis Arraez,SFG,30,,,,,0,0,0,0,0,0
2026,regular,2026-04-26,669134,Luis Campusano,SDP,30,,,,,0,0,0,0,0,0
2026,regular,2026-04-26,671277,Luis García Jr.,WSN,30,,,,,0,0,0,0,0,0
2026,regular,2026-04-26,650859,Luis Rengifo,MIL,30,,,,,0,0,0,0,0,0
2026,regular,2026-04-26,673357,Luis Robert Jr.,NYM,30,,,,,0,0,0,0,0,0
2026,regular,2026-04-26,620443,Luis Torrens,NYM,30,,,,,0,0,0,0,0,0
2026,regular,2026-04-26,682668,Luisangel Acuña,CHW,30,,,,,0,0,0,0,0,0
2026,regular,2026-04-26,807712,Luke Keaschall,MIN,30,,,,,0,0,0,0,0,0
2026,regular,2026-04-26,670042,Luke Raley,SEA,30,,,,,0,0,0,0,0,0
2026,regular,2026-04-26,672580,Maikel Garcia,KCR,30,,,,,0,0,0,0,0,0
2026,regular,2026-04-26,592518,Manny Machado,SDP,30,,,,,0,0,0,0,0,0
2026,regular,2026-04-26,542303,Marcell Ozuna,PIT,30,,,,,0,0,0,0,0,0
2026,regular,2026-04-26,691785,Marcelo Mayer,BOS,30,,,,,0,0,0,0,0,0
2026,regular,2026-04-26,543760,Marcus Semien,NYM,30,,,,,0,0,0,0,0,0
2026,regular,2026-04-26,668901,Mark Vientos,NYM,30,,,,,0,0,0,0,0,0
2026,regular,2026-04-26,691026,Masyn Winn,STL,30,,,,,0,0,0,0,0,0
2026,regular,2026-04-26,656305,Matt Chapman,SFG,30,,,,,0,0,0,0,0,0
2026,regular,2026-04-26,680574,Matt McLain,CIN,30,,,,,0,0,0,0,0,0
2026,regular,2026-04-26,621566,Matt Olson,ATL,30,,,,,0,0,0,0,0,0
2026,regular,2026-04-26,807713,Matt Shaw,CHC,30,,,,,0,0,0,0,0,0
2026,regular,2026-04-26,663837,Matt Vierling,DET,30,,,,,0,0,0,0,0,0
2026,regular,2026-04-26,670242,Matt Wallner,MIN,30,,,,,0,0,0,0,0,0
2026,regular,2026-04-26,643289,Mauricio Dubón,ATL,30,,,,,0,0,0,0,0,0
2026,regular,2026-04-26,683737,Michael Busch,CHC,30,,,,,0,0,0,0,0,0
2026,regular,2026-04-26,671739,Michael Harris II,ATL,30,,,,,0,0,0,0,0,0
2026,regular,2026-04-26,686681,Michael Massey,KCR,30,,,,,0,0,0,0,0,0
2026,regular,2026-04-26,666160,Mickey Moniak,COL,30,,,,,0,0,0,0,0,0
2026,regular,2026-04-26,609280,Miguel Andujar,SDP,30,,,,,0,0,0,0,0,0
2026,regular,2026-04-26,500743,Miguel Rojas,LAD,30,,,,,0,0,0,0,0,0
2026,regular,2026-04-26,678246,Miguel Vargas,CHW,30,,,,,0,0,0,0,0,0
2026,regular,2026-04-26,545361,Mike Trout,LAA,30,,,,,0,0,0,0,0,0
2026,regular,2026-04-26,641598,Mitch Garver,SEA,30,,,,,0,0,0,0,0,0
2026,regular,2026-04-26,669004,MJ Melendez,NYM,30,,,,,0,0,0,0,0,0
2026,regular,2026-04-26,808959,Munetaka Murakami,CHW,30,,,,,0,0,0,0,0,0
2026,regular,2026-04-26,664702,Myles Straw,TOR,30,,,,,0,0,0,0,0,0
2026,regular,2026-04-26,683083,Nasim Nuñez,WSN,30,,,,,0,0,0,0,0,0
2026,regular,2026-04-26,701675,Nathan Church,STL,30,,,,,0,0,0,0,0,0
2026,regular,2026-04-26,663993,Nathaniel Lowe,CIN,30,,,,,0,0,0,0,0,0
2026,regular,2026-04-26,663743,Nick Fortes,TBR,30,,,,,0,0,0,0,0,0
2026,regular,2026-04-26,693304,Nick Gonzales,PIT,30,,,,,0,0,0,0,0,0
2026,regular,2026-04-26,701762,Nick Kurtz,ATH,30,,,,,0,0,0,0,0,0
2026,regular,2026-04-26,679845,Nick Loftin,KCR,30,,,,,0,0,0,0,0,0
2026,regular,2026-04-26,694377,Nick Yorke,PIT,30,,,,,0,0,0,0,0,0
2026,regular,2026-04-26,663538,Nico Hoerner,CHC,30,,,,,0,0,0,0,0,0
2026,regular,2026-04-26,571448,Nolan Arenado,ARI,30,,,,,0,0,0,0,0,0
2026,regular,2026-04-26,669357,Nolan Gorman,STL,30,,,,,0,0,0,0,0,0
2026,regular,2026-04-26,694384,Nolan Schanuel,LAA,30,,,,,0,0,0,0,0,0
2026,regular,2026-04-26,672724,Oswald Peraza,LAA,30,,,,,0,0,0,0,0,0
2026,regular,2026-04-26,672640,Otto Lopez,MIA,30,,,,,0,0,0,0,0,0
2026,regular,2026-04-26,683357,Owen Caissie,MIA,30,,,,,0,0,0,0,0,0
2026,regular,2026-04-26,645277,Ozzie Albies,ATL,30,,,,,0,0,0,0,0,0
2026,regular,2026-04-26,672275,Patrick Bailey,SFG,30,,,,,0,0,0,0,0,0
2026,regular,2026-04-26,502671,Paul Goldschmidt,NYY,30,,,,,0,0,0,0,0,0
2026,regular,2026-04-26,624413,Pete Alonso,BAL,30,,,,,0,0,0,0,0,0
2026,regular,2026-04-26,691718,Pete Crow-Armstrong,CHC,30,,,,,0,0,0,0,0,0
2026,regular,2026-04-26,646240,Rafael Devers,SFG,30,,,,,0,0,0,0,0,0
2026,regular,2026-04-26,665561,Rafael Marchán,PHI,30,,,,,0,0,0,0,0,0
2026,regular,2026-04-26,657656,Ramón Laureano,SDP,30,,,,,0,0,0,0,0,0
2026,regular,2026-04-26,602104,Ramón Urías,STL,30,,,,,0,0,0,0,0,0
2026,regular,2026-04-26,668227,Randy Arozarena,SEA,30,,,,,0,0,0,0,0,0
2026,regular,2026-04-26,656555,Rhys Hoskins,CLE,30,,,,,0,0,0,0,0,0
2026,regular,2026-04-26,682985,Riley Greene,DET,30,,,,,0,0,0,0,0,0
2026,regular,2026-04-26,608701,Rob Refsnyder,SEA,30,,,,,0,0,0,0,0,0
2026,regular,2026-04-26,701350,Roman Anthony,BOS,30,,,,,0,0,0,0,0,0
2026,regular,2026-04-26,660670,Ronald Acuña Jr.,ATL,30,,,,,0,0,0,0,0,0
2026,regular,2026-04-26,677595,Ronny Mauricio,NYM,30,,,,,0,0,0,0,0,0
2026,regular,2026-04-26,668904,Royce Lewis,MIN,30,,,,,0,0,0,0,0,0
2026,regular,2026-04-26,680777,Ryan Jeffers,MIN,30,,,,,0,0,0,0,0,0
2026,regular,2026-04-26,641857,Ryan McMahon,NYY,30,,,,,0,0,0,0,0,0
2026,regular,2026-04-26,656811,Ryan O'Hearn,PIT,30,,,,,0,0,0,0,0,0
2026,regular,2026-04-26,686217,Sal Frelick,MIL,30,,,,,0,0,0,0,0,0
2026,regular,2026-04-26,701398,Sal Stewart,CIN,30,,,,,0,0,0,0,0,0
2026,regular,2026-04-26,521692,Salvador Perez,KCR,30,,,,,0,0,0,0,0,0
2026,regular,2026-04-26,803011,Sam Antonacci,CHW,30,,,,,0,0,0,0,0,0
2026,regular,2026-04-26,664059,Sam Haggerty,TEX,30,,,,,0,0,0,0,0,0
2026,regular,2026-04-26,694212,Samuel Basallo,BAL,30,,,,,0,0,0,0,0,0
2026,regular,2026-04-26,669289,Santiago Espinal,LAD,30,,,,,0,0,0,0,0,0
2026,regular,2026-04-26,673548,Seiya Suzuki,CHC,30,,,,,0,0,0,0,0,0
2026,regular,2026-04-26,669127,Shea Langeliers,ATH,30,,,,,0,0,0,0,0,0
2026,regular,2026-04-26,660271,Shohei Ohtani,LAD,30,,,,,0,0,0,0,0,0
2026,regular,2026-04-26,687462,Spencer Horwitz,PIT,30,,,,,0,0,0,0,0,0
2026,regular,2026-04-26,668715,Spencer Steer,CIN,30,,,,,0,0,0,0,0,0
2026,regular,2026-04-26,679529,Spencer Torkelson,DET,30,,,,,0,0,0,0,0,0
2026,regular,2026-04-26,516782,Starling Marte,KCR,30,,,,,0,0,0,0,0,0
2026,regular,2026-04-26,680757,Steven Kwan,CLE,30,,,,,0,0,0,0,0,0
2026,regular,2026-04-26,823550,Sung-Mun Song,SDP,30,,,,,0,0,0,0,0,0
2026,regular,2026-04-26,695020,Tanner Murray,CHW,30,,,,,0,0,0,0,0,0
2026,regular,2026-04-26,670764,Taylor Walls,TBR,30,,,,,0,0,0,0,0,0
2026,regular,2026-04-26,621493,Taylor Ward,BAL,30,,,,,0,0,0,0,0,0
2026,regular,2026-04-26,606192,Teoscar Hernández,LAD,30,,,,,0,0,0,0,0,0
2026,regular,2026-04-26,694374,Tim Tawa,ARI,30,,,,,0,0,0,0,0,0
2026,regular,2026-04-26,670770,TJ Friedl,CIN,30,,,,,0,0,0,0,0,0
2026,regular,2026-04-26,681198,TJ Rumfield,COL,30,,,,,0,0,0,0,0,0
2026,regular,2026-04-26,502054,Tommy Pham,NYM,30,,,,,0,0,0,0,0,0
2026,regular,2026-04-26,518595,Travis d'Arnaud,LAA,30,,,,,0,0,0,0,0,0
2026,regular,2026-04-26,607208,Trea Turner,PHI,30,,,,,0,0,0,0,0,0
2026,regular,2026-04-26,663757,Trent Grisham,NYY,30,,,,,0,0,0,0,0,0
2026,regular,2026-04-26,663616,Trevor Larnach,MIN,30,,,,,0,0,0,0,0,0
2026,regular,2026-04-26,671976,Tristan Peters,CHW,30,,,,,0,0,0,0,0,0
2026,regular,2026-04-26,687859,Troy Johnston,COL,30,,,,,0,0,0,0,0,0
2026,regular,2026-04-26,671289,Tyler Freeman,COL,30,,,,,0,0,0,0,0,0
2026,regular,2026-04-26,641933,Tyler O'Neill,BAL,30,,,,,0,0,0,0,0,0
2026,regular,2026-04-26,691016,Tyler Soderstrom,ATH,30,,,,,0,0,0,0,0,0
2026,regular,2026-04-26,663886,Tyler Stephenson,CIN,30,,,,,0,0,0,0,0,0
2026,regular,2026-04-26,621438,Tyrone Taylor,NYM,30,,,,,0,0,0,0,0,0
2026,regular,2026-04-26,687363,Victor Scott II,STL,30,,,,,0,0,0,0,0,0
2026,regular,2026-04-26,686469,Vinnie Pasquantino,KCR,30,,,,,0,0,0,0,0,0
2026,regular,2026-04-26,665489,Vladimir Guerrero Jr.,TOR,30,,,,,0,0,0,0,0,0
2026,regular,2026-04-26,672761,Wenceel Pérez,DET,30,,,,,0,0,0,0,0,0
2026,regular,2026-04-26,666181,Will Benson,CIN,30,,,,,0,0,0,0,0,0
2026,regular,2026-04-26,661388,William Contreras,MIL,30,,,,,0,0,0,0,0,0
2026,regular,2026-04-26,575929,Willson Contreras,BOS,30,,,,,0,0,0,0,0,0
2026,regular,2026-04-26,677800,Wilyer Abreu,BOS,30,,,,,0,0,0,0,0,0
2026,regular,2026-04-26,593428,Xander Bogaerts,SDP,30,,,,,0,0,0,0,0,0
2026,regular,2026-04-26,669364,Xavier Edwards,MIA,30,,,,,0,0,0,0,0,0
2026,regular,2026-04-26,650490,Yandy Díaz,TBR,30,,,,,0,0,0,0,0,0
2026,regular,2026-04-26,650968,Yohel Pozo,STL,30,,,,,0,0,0,0,0,0
2026,regular,2026-04-26,682818,Yohendrick Pinango,TOR,30,,,,,0,0,0,0,0,0
2026,regular,2026-04-26,670541,Yordan Alvarez,HOU,30,,,,,0,0,0,0,0,0
2026,regular,2026-04-26,660162,Yoán Moncada,LAA,30,,,,,0,0,0,0,0,0
2026,regular,2026-04-26,687263,Zach Neto,LAA,30,,,,,0,0,0,0,0,0
2026,regular,2026-04-26,680869,Zack Gelof,ATH,30,,,,,0,0,0,0,0,0
2026,regular,2026-04-27,592450,Aaron Judge,NYY,30,,,,,0,0,0,0,0,0
2026,regular,2026-04-27,624428,Adam Frazier,LAA,30,,,,,0,0,0,0,0,0
2026,regular,2026-04-27,682663,Agustín Ramírez,MIA,30,,,,,0,0,0,0,0,0
2026,regular,2026-04-27,676475,Alec Burleson,STL,30,,,,,0,0,0,0,0,0
2026,regular,2026-04-27,696030,Alejandro Osuna,TEX,30,,,,,0,0,0,0,0,0
2026,regular,2026-04-27,608324,Alex Bregman,CHC,30,,,,,0,0,0,0,0,0
2026,regular,2026-04-27,669743,Alex Call,LAD,30,,,,,0,0,0,0,0,0
2026,regular,2026-04-27,690976,Alex Freeland,LAD,30,,,,,0,0,0,0,0,0
2026,regular,2026-04-27,643217,Andrew Benintendi,CHW,30,,,,,0,0,0,0,0,0
2026,regular,2026-04-27,457705,Andrew McCutchen,TEX,30,,,,,0,0,0,0,0,0
2026,regular,2026-04-27,681624,Andy Pages,LAD,30,,,,,0,0,0,0,0,0
2026,regular,2026-04-27,682657,Angel Martínez,CLE,30,,,,,0,0,0,0,0,0
2026,regular,2026-04-27,595978,Austin Hedges,CLE,30,,,,,0,0,0,0,0,0
2026,regular,2026-04-27,669224,Austin Wells,NYY,30,,,,,0,0,0,0,0,0
2026,regular,2026-04-27,700250,Ben Rice,NYY,30,,,,,0,0,0,0,0,0
2026,regular,2026-04-27,810938,Ben Williamson,TBR,30,,,,,0,0,0,0,0,0
2026,regular,2026-04-27,695257,Billy Cook,PIT,30,,,,,0,0,0,0,0,0
2026,regular,2026-04-27,666310,Bo Naylor,CLE,30,,,,,0,0,0,0,0,0
2026,regular,2026-04-27,664040,Brandon Lowe,PIT,30,,,,,0,0,0,0,0,0
2026,regular,2026-04-27,607043,Brandon Nimmo,TEX,30,,,,,0,0,0,0,0,0
2026,regular,2026-04-27,677587,Brayan Rocchio,CLE,30,,,,,0,0,0,0,0,0
2026,regular,2026-04-27,686797,Brooks Lee,MIN,30,,,,,0,0,0,0,0,0
2026,regular,2026-04-27,668804,Bryan Reynolds,PIT,30,,,,,0,0,0,0,0,0
2026,regular,2026-04-27,669326,Bryce Teodosio,LAA,30,,,,,0,0,0,0,0,0
2026,regular,2026-04-27,621439,Byron Buxton,MIN,30,,,,,0,0,0,0,0,0
2026,regular,2026-04-27,663728,Cal Raleigh,SEA,30,,,,,0,0,0,0,0,0
2026,regular,2026-04-27,702332,Caleb Durbin,BOS,30,,,,,0,0,0,0,0,0
2026,regular,2026-04-27,665966,Carlos Narváez,BOS,30,,,,,0,0,0,0,0,0
2026,regular,2026-04-27,678882,Ceddanne Rafaela,BOS,30,,,,,0,0,0,0,0,0
2026,regular,2026-04-27,656775,Cedric Mullins,TBR,30,,,,,0,0,0,0,0,0
2026,regular,2026-04-27,802415,Chandler Simpson,TBR,30,,,,,0,0,0,0,0,0
2026,regular,2026-04-27,800050,Chase DeLauter,CLE,30,,,,,0,0,0,0,0,0
2026,regular,2026-04-27,805367,Chase Meidroth,CHW,30,,,,,0,0,0,0,0,0
2026,regular,2026-04-27,641355,Cody Bellinger,NYY,30,,,,,0,0,0,0,0,0
2026,regular,2026-04-27,702284,Cole Young,SEA,30,,,,,0,0,0,0,0,0
2026,regular,2026-04-27,695657,Colson Montgomery,CHW,30,,,,,0,0,0,0,0,0
2026,regular,2026-04-27,681393,Connor Norby,MIA,30,,,,,0,0,0,0,0,0
2026,regular,2026-04-27,608369,Corey Seager,TEX,30,,,,,0,0,0,0,0,0
2026,regular,2026-04-27,687221,Dalton Rushing,LAD,30,,,,,0,0,0,0,0,0
2026,regular,2026-04-27,682177,Daniel Schneemann,CLE,30,,,,,0,0,0,0,0,0
2026,regular,2026-04-27,643376,Danny Jansen,TEX,30,,,,,0,0,0,0,0,0
2026,regular,2026-04-27,621020,Dansby Swanson,CHC,30,,,,,0,0,0,0,0,0
2026,regular,2026-04-27,662139,Daulton Varsho,TOR,30,,,,,0,0,0,0,0,0
2026,regular,2026-04-27,681807,David Fry,CLE,30,,,,,0,0,0,0,0,0
2026,regular,2026-04-27,676914,Davis Schneider,TOR,30,,,,,0,0,0,0,0,0
2026,regular,2026-04-27,700337,Edgar Quero,CHW,30,,,,,0,0,0,0,0,0
2026,regular,2026-04-27,650391,Eloy Jiménez,TOR,30,,,,,0,0,0,0,0,0
2026,regular,2026-04-27,676391,Ernie Clement,TOR,30,,,,,0,0,0,0,0,0
2026,regular,2026-04-27,665923,Esteury Ruiz,MIA,30,,,,,0,0,0,0,0,0
2026,regular,2026-04-27,694497,Evan Carter,TEX,30,,,,,0,0,0,0,0,0
2026,regular,2026-04-27,677592,Everson Pereira,CHW,30,,,,,0,0,0,0,0,0
2026,regular,2026-04-27,677649,Ezequiel Duran,TEX,30,,,,,0,0,0,0,0,0
2026,regular,2026-04-27,665487,Fernando Tatis Jr.,SDP,30,,,,,0,0,0,0,0,0
2026,regular,2026-04-27,518692,Freddie Freeman,LAD,30,,,,,0,0,0,0,0,0
2026,regular,2026-04-27,666023,Freddy Fermin,SDP,30,,,,,0,0,0,0,0,0
2026,regular,2026-04-27,657757,Gavin Sheets,SDP,30,,,,,0,0,0,0,0,0
2026,regular,2026-04-27,666277,George Soriano,STL,30,,,,,0,0,0,0,0,0
2026,regular,2026-04-27,671655,George Valera,CLE,30,,,,,0,0,0,0,0,0
2026,regular,2026-04-27,680779,Henry Davis,PIT,30,,,,,0,0,0,0,0,0
2026,regular,2026-04-27,676439,Hunter Feduccia,TBR,30,,,,,0,0,0,0,0,0
2026,regular,2026-04-27,808975,Hyeseong Kim,LAD,30,,,,,0,0,0,0,0,0
2026,regular,2026-04-27,664023,Ian Happ,CHC,30,,,,,0,0,0,0,0,0
2026,regular,2026-04-27,671056,Iván Herrera,STL,30,,,,,0,0,0,0,0,0
2026,regular,2026-04-27,641487,J.P. Crawford,SEA,30,,,,,0,0,0,0,0,0
2026,regular,2026-04-27,701538,Jackson Merrill,SDP,30,,,,,0,0,0,0,0,0
2026,regular,2026-04-27,669394,Jake Burger,TEX,30,,,,,0,0,0,0,0,0
2026,regular,2026-04-27,630105,Jake Cronenworth,SDP,30,,,,,0,0,0,0,0,0
2026,regular,2026-04-27,663968,Jake Mangum,PIT,30,,,,,0,0,0,0,0,0
2026,regular,2026-04-27,805300,Jakob Marsee,MIA,30,,,,,0,0,0,0,0,0
2026,regular,2026-04-27,681546,James Outman,MIN,30,,,,,0,0,0,0,0,0
2026,regular,2026-04-27,680776,Jarren Duran,BOS,30,,,,,0,0,0,0,0,0
2026,regular,2026-04-27,691176,Jasson Domínguez,NYY,30,,,,,0,0,0,0,0,0
2026,regular,2026-04-27,691594,Javier Sanoja,MIA,30,,,,,0,0,0,0,0,0
2026,regular,2026-04-27,665862,Jazz Chisholm Jr.,NYY,30,,,,,0,0,0,0,0,0
2026,regular,2026-04-27,660821,Jesús Sánchez,TOR,30,,,,,0,0,0,0,0,0
2026,regular,2026-04-27,802139,JJ Wetherholt,STL,30,,,,,0,0,0,0,0,0
2026,regular,2026-04-27,666176,Jo Adell,LAA,30,,,,,0,0,0,0,0,0
2026,regular,2026-04-27,592626,Joc Pederson,TEX,30,,,,,0,0,0,0,0,0
2026,regular,2026-04-27,666018,Jonathan Aranda,TBR,30,,,,,0,0,0,0,0,0
2026,regular,2026-04-27,676356,Jonny DeLuca,TBR,30,,,,,0,0,0,0,0,0
2026,regular,2026-04-27,691023,Jordan Walker,STL,30,,,,,0,0,0,0,0,0
2026,regular,2026-04-27,624585,Jorge Soler,LAA,30,,,,,0,0,0,0,0,0
2026,regular,2026-04-27,605137,Josh Bell,MIN,30,,,,,0,0,0,0,0,0
2026,regular,2026-04-27,673962,Josh Jung,TEX,30,,,,,0,0,0,0,0,0
2026,regular,2026-04-27,666139,Josh Lowe,LAA,30,,,,,0,0,0,0,0,0
2026,regular,2026-04-27,647304,Josh Naylor,SEA,30,,,,,0,0,0,0,0,0
2026,regular,2026-04-27,669701,Josh Smith,TEX,30,,,,,0,0,0,0,0,0
2026,regular,2026-04-27,676609,José Caballero,NYY,30,,,,,0,0,0,0,0,0
2026,regular,2026-04-27,665877,José Fermín,STL,30,,,,,0,0,0,0,0,0
2026,regular,2026-04-27,608070,José Ramírez,CLE,30,,,,,0,0,0,0,0,0
2026,regular,2026-04-27,677594,Julio Rodríguez,SEA,30,,,,,0,0,0,0,0,0
2026,regular,2026-04-27,691406,Junior Caminero,TBR,30,,,,,0,0,0,0,0,0
2026,regular,2026-04-27,672960,Kazuma Okamoto,TOR,30,,,,,0,0,0,0,0,0
2026,regular,2026-04-27,665019,Kody Clemens,MIN,30,,,,,0,0,0,0,0,0
2026,regular,2026-04-27,804606,Konnor Griffin,PIT,30,,,,,0,0,0,0,0,0
2026,regular,2026-04-27,543309,Kyle Higashioka,TEX,30,,,,,0,0,0,0,0,0
2026,regular,2026-04-27,700932,Kyle Manzardo,CLE,30,,,,,0,0,0,0,0,0
2026,regular,2026-04-27,669065,Kyle Stowers,MIA,30,,,,,0,0,0,0,0,0
2026,regular,2026-04-27,663656,Kyle Tucker,LAD,30,,,,,0,0,0,0,0,0
2026,regular,2026-04-27,672820,Lenyn Sosa,TOR,30,,,,,0,0,0,0,0,0
2026,regular,2026-04-27,660844,Leo Rivas,SEA,30,,,,,0,0,0,0,0,0
2026,regular,2026-04-27,689414,Liam Hicks,MIA,30,,,,,0,0,0,0,0,0
2026,regular,2026-04-27,807712,Luke Keaschall,MIN,30,,,,,0,0,0,0,0,0
2026,regular,2026-04-27,592518,Manny Machado,SDP,30,,,,,0,0,0,0,0,0
2026,regular,2026-04-27,542303,Marcell Ozuna,PIT,30,,,,,0,0,0,0,0,0
2026,regular,2026-04-27,691785,Marcelo Mayer,BOS,30,,,,,0,0,0,0,0,0
2026,regular,2026-04-27,691026,Masyn Winn,STL,30,,,,,0,0,0,0,0,0
2026,regular,2026-04-27,807713,Matt Shaw,CHC,30,,,,,0,0,0,0,0,0
2026,regular,2026-04-27,670242,Matt Wallner,MIN,30,,,,,0,0,0,0,0,0
2026,regular,2026-04-27,571970,Max Muncy,LAD,30,,,,,0,0,0,0,0,0
2026,regular,2026-04-27,683737,Michael Busch,CHC,30,,,,,0,0,0,0,0,0
2026,regular,2026-04-27,624424,Michael Conforto,CHC,30,,,,,0,0,0,0,0,0
2026,regular,2026-04-27,609280,Miguel Andujar,SDP,30,,,,,0,0,0,0,0,0
2026,regular,2026-04-27,500743,Miguel Rojas,LAD,30,,,,,0,0,0,0,0,0
2026,regular,2026-04-27,678246,Miguel Vargas,CHW,30,,,,,0,0,0,0,0,0
2026,regular,2026-04-27,545361,Mike Trout,LAA,30,,,,,0,0,0,0,0,0
2026,regular,2026-04-27,641598,Mitch Garver,SEA,30,,,,,0,0,0,0,0,0
2026,regular,2026-04-27,694208,Moisés Ballesteros,CHC,30,,,,,0,0,0,0,0,0
2026,regular,2026-04-27,808959,Munetaka Murakami,CHW,30,,,,,0,0,0,0,0,0
2026,regular,2026-04-27,664702,Myles Straw,TOR,30,,,,,0,0,0,0,0,0
2026,regular,2026-04-27,701675,Nathan Church,STL,30,,,,,0,0,0,0,0,0
2026,regular,2026-04-27,592206,Nick Castellanos,SDP,30,,,,,0,0,0,0,0,0
2026,regular,2026-04-27,663743,Nick Fortes,TBR,30,,,,,0,0,0,0,0,0
2026,regular,2026-04-27,693304,Nick Gonzales,PIT,30,,,,,0,0,0,0,0,0
2026,regular,2026-04-27,663538,Nico Hoerner,CHC,30,,,,,0,0,0,0,0,0
2026,regular,2026-04-27,669357,Nolan Gorman,STL,30,,,,,0,0,0,0,0,0
2026,regular,2026-04-27,694384,Nolan Schanuel,LAA,30,,,,,0,0,0,0,0,0
2026,regular,2026-04-27,672724,Oswald Peraza,LAA,30,,,,,0,0,0,0,0,0
2026,regular,2026-04-27,672640,Otto Lopez,MIA,30,,,,,0,0,0,0,0,0
2026,regular,2026-04-27,683357,Owen Caissie,MIA,30,,,,,0,0,0,0,0,0
2026,regular,2026-04-27,686780,Pedro Pagés,STL,30,,,,,0,0,0,0,0,0
2026,regular,2026-04-27,691718,Pete Crow-Armstrong,CHC,30,,,,,0,0,0,0,0,0
2026,regular,2026-04-27,657656,Ramón Laureano,SDP,30,,,,,0,0,0,0,0,0
2026,regular,2026-04-27,602104,Ramón Urías,STL,30,,,,,0,0,0,0,0,0
2026,regular,2026-04-27,668227,Randy Arozarena,SEA,30,,,,,0,0,0,0,0,0
2026,regular,2026-04-27,656555,Rhys Hoskins,CLE,30,,,,,0,0,0,0,0,0
2026,regular,2026-04-27,680700,Richie Palacios,TBR,30,,,,,0,0,0,0,0,0
2026,regular,2026-04-27,608701,Rob Refsnyder,SEA,30,,,,,0,0,0,0,0,0
2026,regular,2026-04-27,701350,Roman Anthony,BOS,30,,,,,0,0,0,0,0,0
2026,regular,2026-04-27,680777,Ryan Jeffers,MIN,30,,,,,0,0,0,0,0,0
2026,regular,2026-04-27,641857,Ryan McMahon,NYY,30,,,,,0,0,0,0,0,0
2026,regular,2026-04-27,656811,Ryan O'Hearn,PIT,30,,,,,0,0,0,0,0,0
2026,regular,2026-04-27,668723,Ryan Vilade,TBR,30,,,,,0,0,0,0,0,0
2026,regular,2026-04-27,803011,Sam Antonacci,CHW,30,,,,,0,0,0,0,0,0
2026,regular,2026-04-27,664059,Sam Haggerty,TEX,30,,,,,0,0,0,0,0,0
2026,regular,2026-04-27,669289,Santiago Espinal,LAD,30,,,,,0,0,0,0,0,0
2026,regular,2026-04-27,665861,Sebastián Rivero,LAA,30,,,,,0,0,0,0,0,0
2026,regular,2026-04-27,673548,Seiya Suzuki,CHC,30,,,,,0,0,0,0,0,0
2026,regular,2026-04-27,660271,Shohei Ohtani,LAD,30,,,,,0,0,0,0,0,0
2026,regular,2026-04-27,687462,Spencer Horwitz,PIT,30,,,,,0,0,0,0,0,0
2026,regular,2026-04-27,680757,Steven Kwan,CLE,30,,,,,0,0,0,0,0,0
2026,regular,2026-04-27,670764,Taylor Walls,TBR,30,,,,,0,0,0,0,0,0
2026,regular,2026-04-27,606192,Teoscar Hernández,LAD,30,,,,,0,0,0,0,0,0
2026,regular,2026-04-27,695336,Thomas Saggese,STL,30,,,,,0,0,0,0,0,0
2026,regular,2026-04-27,518595,Travis d'Arnaud,LAA,30,,,,,0,0,0,0,0,0
2026,regular,2026-04-27,663757,Trent Grisham,NYY,30,,,,,0,0,0,0,0,0
2026,regular,2026-04-27,663616,Trevor Larnach,MIN,30,,,,,0,0,0,0,0,0
2026,regular,2026-04-27,596115,Trevor Story,BOS,30,,,,,0,0,0,0,0,0
2026,regular,2026-04-27,656484,Tristan Gray,MIN,30,,,,,0,0,0,0,0,0
2026,regular,2026-04-27,671976,Tristan Peters,CHW,30,,,,,0,0,0,0,0,0
2026,regular,2026-04-27,664034,Ty France,SDP,30,,,,,0,0,0,0,0,0
2026,regular,2026-04-27,623168,Tyler Heineman,TOR,30,,,,,0,0,0,0,0,0
2026,regular,2026-04-27,687093,Vaughn Grissom,LAA,30,,,,,0,0,0,0,0,0
2026,regular,2026-04-27,687363,Victor Scott II,STL,30,,,,,0,0,0,0,0,0
2026,regular,2026-04-27,665489,Vladimir Guerrero Jr.,TOR,30,,,,,0,0,0,0,0,0
2026,regular,2026-04-27,669257,Will Smith,LAD,30,,,,,0,0,0,0,0,0
2026,regular,2026-04-27,575929,Willson Contreras,BOS,30,,,,,0,0,0,0,0,0
2026,regular,2026-04-27,677800,Wilyer Abreu,BOS,30,,,,,0,0,0,0,0,0
2026,regular,2026-04-27,593428,Xander Bogaerts,SDP,30,,,,,0,0,0,0,0,0
2026,regular,2026-04-27,669364,Xavier Edwards,MIA,30,,,,,0,0,0,0,0,0
2026,regular,2026-04-27,650490,Yandy Díaz,TBR,30,,,,,0,0,0,0,0,0
2026,regular,2026-04-27,682818,Yohendrick Piñango,TOR,30,,,,,0,0,0,0,0,0
2026,regular,2026-04-27,660162,Yoán Moncada,LAA,30,,,,,0,0,0,0,0,0
2026,regular,2026-04-27,687263,Zach Neto,LAA,30,,,,,0,0,0,0,0,0
2026,regular,2026-04-28,592450,Aaron Judge,NYY,30,,,,,0,0,0,0,0,0
2026,regular,2026-04-28,624428,Adam Frazier,LAA,30,,,,,0,0,0,0,0,0
2026,regular,2026-04-28,668939,Adley Rutschman,BAL,30,,,,,0,0,0,0,0,0
2026,regular,2026-04-28,666969,Adolis García,PHI,30,,,,,0,0,0,0,0,0
2026,regular,2026-04-28,680728,Adrian Del Castillo,ARI,30,,,,,0,0,0,0,0,0
2026,regular,2026-04-28,682663,Agustín Ramírez,MIA,30,,,,,0,0,0,0,0,0
2026,regular,2026-04-28,664761,Alec Bohm,PHI,30,,,,,0,0,0,0,0,0
2026,regular,2026-04-28,676475,Alec Burleson,STL,30,,,,,0,0,0,0,0,0
2026,regular,2026-04-28,696030,Alejandro Osuna,TEX,30,,,,,0,0,0,0,0,0
2026,regular,2026-04-28,677950,Alek Thomas,ARI,30,,,,,0,0,0,0,0,0
2026,regular,2026-04-28,608324,Alex Bregman,CHC,30,,,,,0,0,0,0,0,0
2026,regular,2026-04-28,690976,Alex Freeland,LAD,30,,,,,0,0,0,0,0,0
2026,regular,2026-04-28,643217,Andrew Benintendi,CHW,30,,,,,0,0,0,0,0,0
2026,regular,2026-04-28,457705,Andrew McCutchen,TEX,30,,,,,0,0,0,0,0,0
2026,regular,2026-04-28,665926,Andrés Giménez,TOR,30,,,,,0,0,0,0,0,0
2026,regular,2026-04-28,681624,Andy Pages,LAD,30,,,,,0,0,0,0,0,0
2026,regular,2026-04-28,682657,Angel Martínez,CLE,30,,,,,0,0,0,0,0,0
2026,regular,2026-04-28,605244,Aramis Garcia,ARI,30,,,,,0,0,0,0,0,0
2026,regular,2026-04-28,669720,Austin Hays,CHW,30,,,,,0,0,0,0,0,0
2026,regular,2026-04-28,595978,Austin Hedges,CLE,30,,,,,0,0,0,0,0,0
2026,regular,2026-04-28,668885,Austin Martin,MIN,30,,,,,0,0,0,0,0,0
2026,regular,2026-04-28,663586,Austin Riley,ATL,30,,,,,0,0,0,0,0,0
2026,regular,2026-04-28,669224,Austin Wells,NYY,30,,,,,0,0,0,0,0,0
2026,regular,2026-04-28,700250,Ben Rice,NYY,30,,,,,0,0,0,0,0,0
2026,regular,2026-04-28,810938,Ben Williamson,TBR,30,,,,,0,0,0,0,0,0
2026,regular,2026-04-28,663368,Blake Perkins,MIL,30,,,,,0,0,0,0,0,0
2026,regular,2026-04-28,677942,Blaze Alexander,BAL,30,,,,,0,0,0,0,0,0
2026,regular,2026-04-28,666182,Bo Bichette,NYM,30,,,,,0,0,0,0,0,0
2026,regular,2026-04-28,666310,Bo Naylor,CLE,30,,,,,0,0,0,0,0,0
2026,regular,2026-04-28,677951,Bobby Witt Jr.,KCR,30,,,,,0,0,0,0,0,0
2026,regular,2026-04-28,691781,Brady House,WSN,30,,,,,0,0,0,0,0,0
2026,regular,2026-04-28,663604,Brandon Lockridge,MIL,30,,,,,0,0,0,0,0,0
2026,regular,2026-04-28,664040,Brandon Lowe,PIT,30,,,,,0,0,0,0,0,0
2026,regular,2026-04-28,669016,Brandon Marsh,PHI,30,,,,,0,0,0,0,0,0
2026,regular,2026-04-28,607043,Brandon Nimmo,TEX,30,,,,,0,0,0,0,0,0
2026,regular,2026-04-28,677587,Brayan Rocchio,CLE,30,,,,,0,0,0,0,0,0
2026,regular,2026-04-28,667670,Brent Rooker,ATH,30,,,,,0,0,0,0,0,0
2026,regular,2026-04-28,686668,Brenton Doyle,COL,30,,,,,0,0,0,0,0,0
2026,regular,2026-04-28,683146,Brett Baty,NYM,30,,,,,0,0,0,0,0,0
2026,regular,2026-04-28,694728,Brice Matthews,HOU,30,,,,,0,0,0,0,0,0
2026,regular,2026-04-28,668930,Brice Turang,MIL,30,,,,,0,0,0,0,0,0
2026,regular,2026-04-28,668804,Bryan Reynolds,PIT,30,,,,,0,0,0,0,0,0
2026,regular,2026-04-28,547180,Bryce Harper,PHI,30,,,,,0,0,0,0,0,0
2026,regular,2026-04-28,669369,Bryce Johnson,SDP,30,,,,,0,0,0,0,0,0
2026,regular,2026-04-28,681082,Bryson Stott,PHI,30,,,,,0,0,0,0,0,0
2026,regular,2026-04-28,621439,Byron Buxton,MIN,30,,,,,0,0,0,0,0,0
2026,regular,2026-04-28,663728,Cal Raleigh,SEA,30,,,,,0,0,0,0,0,0
2026,regular,2026-04-28,702332,Caleb Durbin,BOS,30,,,,,0,0,0,0,0,0
2026,regular,2026-04-28,701358,Cam Smith,HOU,30,,,,,0,0,0,0,0,0
2026,regular,2026-04-28,621043,Carlos Correa,HOU,30,,,,,0,0,0,0,0,0
2026,regular,2026-04-28,666126,Carlos Cortes,ATH,30,,,,,0,0,0,0,0,0
2026,regular,2026-04-28,665966,Carlos Narváez,BOS,30,,,,,0,0,0,0,0,0
2026,regular,2026-04-28,701807,Carson Benge,NYM,30,,,,,0,0,0,0,0,0
2026,regular,2026-04-28,608348,Carson Kelly,CHC,30,,,,,0,0,0,0,0,0
2026,regular,2026-04-28,695600,Carter Jensen,KCR,30,,,,,0,0,0,0,0,0
2026,regular,2026-04-28,669477,Casey Schmitt,SFG,30,,,,,0,0,0,0,0,0
2026,regular,2026-04-28,656775,Cedric Mullins,TBR,30,,,,,0,0,0,0,0,0
2026,regular,2026-04-28,802415,Chandler Simpson,TBR,30,,,,,0,0,0,0,0,0
2026,regular,2026-04-28,800050,Chase DeLauter,CLE,30,,,,,0,0,0,0,0,0
2026,regular,2026-04-28,805367,Chase Meidroth,CHW,30,,,,,0,0,0,0,0,0
2026,regular,2026-04-28,572233,Christian Walker,HOU,30,,,,,0,0,0,0,0,0
2026,regular,2026-04-28,666624,Christopher Morel,MIA,30,,,,,0,0,0,0,0,0
2026,regular,2026-04-28,682928,CJ Abrams,WSN,30,,,,,0,0,0,0,0,0
2026,regular,2026-04-28,691723,Coby Mayo,BAL,30,,,,,0,0,0,0,0,0
2026,regular,2026-04-28,641355,Cody Bellinger,NYY,30,,,,,0,0,0,0,0,0
2026,regular,2026-04-28,687515,Colby Thomas,ATH,30,,,,,0,0,0,0,0,0
2026,regular,2026-04-28,702284,Cole Young,SEA,30,,,,,0,0,0,0,0,0
2026,regular,2026-04-28,695657,Colson Montgomery,CHW,30,,,,,0,0,0,0,0,0
2026,regular,2026-04-28,690993,Colt Keith,DET,30,,,,,0,0,0,0,0,0
2026,regular,2026-04-28,681393,Connor Norby,MIA,30,,,,,0,0,0,0,0,0
2026,regular,2026-04-28,682998,Corbin Carroll,ARI,30,,,,,0,0,0,0,0,0
2026,regular,2026-04-28,608369,Corey Seager,TEX,30,,,,,0,0,0,0,0,0
2026,regular,2026-04-28,687221,Dalton Rushing,LAD,30,,,,,0,0,0,0,0,0
2026,regular,2026-04-28,667472,Dane Myers,CIN,30,,,,,0,0,0,0,0,0
2026,regular,2026-04-28,682177,Daniel Schneemann,CLE,30,,,,,0,0,0,0,0,0
2026,regular,2026-04-28,643376,Danny Jansen,TEX,30,,,,,0,0,0,0,0,0
2026,regular,2026-04-28,621020,Dansby Swanson,CHC,30,,,,,0,0,0,0,0,0
2026,regular,2026-04-28,687231,Darell Hernaiz,ATH,30,,,,,0,0,0,0,0,0
2026,regular,2026-04-28,662139,Daulton Varsho,TOR,30,,,,,0,0,0,0,0,0
2026,regular,2026-04-28,666152,David Hamilton,MIL,30,,,,,0,0,0,0,0,0
2026,regular,2026-04-28,676914,Davis Schneider,TOR,30,,,,,0,0,0,0,0,0
2026,regular,2026-04-28,695734,Daylen Lile,WSN,30,,,,,0,0,0,0,0,0
2026,regular,2026-04-28,656537,Derek Hill,CHW,30,,,,,0,0,0,0,0,0
2026,regular,2026-04-28,693307,Dillon Dingler,DET,30,,,,,0,0,0,0,0,0
2026,regular,2026-04-28,686527,Dominic Canzone,SEA,30,,,,,0,0,0,0,0,0
2026,regular,2026-04-28,642086,Dominic Smith,ATL,30,,,,,0,0,0,0,0,0
2026,regular,2026-04-28,686948,Drake Baldwin,ATL,30,,,,,0,0,0,0,0,0
2026,regular,2026-04-28,687551,Drew Gilbert,SFG,30,,,,,0,0,0,0,0,0
2026,regular,2026-04-28,686452,Drew Millas,WSN,30,,,,,0,0,0,0,0,0
2026,regular,2026-04-28,691011,Drew Romo,CHW,30,,,,,0,0,0,0,0,0
2026,regular,2026-04-28,687957,Dustin Harris,HOU,30,,,,,0,0,0,0,0,0
2026,regular,2026-04-28,687637,Dylan Beavers,BAL,30,,,,,0,0,0,0,0,0
2026,regular,2026-04-28,666397,Edouard Julien,COL,30,,,,,0,0,0,0,0,0
2026,regular,2026-04-28,682829,Elly De La Cruz,CIN,30,,,,,0,0,0,0,0,0
2026,regular,2026-04-28,650391,Eloy Jiménez,TOR,30,,,,,0,0,0,0,0,0
2026,regular,2026-04-28,676391,Ernie Clement,TOR,30,,,,,0,0,0,0,0,0
2026,regular,2026-04-28,665923,Esteury Ruiz,MIA,30,,,,,0,0,0,0,0,0
2026,regular,2026-04-28,694497,Evan Carter,TEX,30,,,,,0,0,0,0,0,0
2026,regular,2026-04-28,677592,Everson Pereira,CHW,30,,,,,0,0,0,0,0,0
2026,regular,2026-04-28,677649,Ezequiel Duran,TEX,30,,,,,0,0,0,0,0,0
2026,regular,2026-04-28,678662,Ezequiel Tovar,COL,30,,,,,0,0,0,0,0,0
2026,regular,2026-04-28,665487,Fernando Tatis Jr.,SDP,30,,,,,0,0,0,0,0,0
2026,regular,2026-04-28,682626,Francisco Alvarez,NYM,30,,,,,0,0,0,0,0,0
2026,regular,2026-04-28,518692,Freddie Freeman,LAD,30,,,,,0,0,0,0,0,0
2026,regular,2026-04-28,669003,Garrett Mitchell,MIL,30,,,,,0,0,0,0,0,0
2026,regular,2026-04-28,657757,Gavin Sheets,SDP,30,,,,,0,0,0,0,0,0
2026,regular,2026-04-28,671655,George Valera,CLE,30,,,,,0,0,0,0,0,0
2026,regular,2026-04-28,650402,Gleyber Torres,DET,30,,,,,0,0,0,0,0,0
2026,regular,2026-04-28,688363,Graham Pauley,MIA,30,,,,,0,0,0,0,0,0
2026,regular,2026-04-28,675659,Greg Jones,MIL,30,,,,,0,0,0,0,0,0
2026,regular,2026-04-28,683002,Gunnar Henderson,BAL,30,,,,,0,0,0,0,0,0
2026,regular,2026-04-28,701678,Hao-Yu  Lee,DET,30,,,,,0,0,0,0,0,0
2026,regular,2026-04-28,671218,Heliot Ramos,SFG,30,,,,,0,0,0,0,0,0
2026,regular,2026-04-28,680779,Henry Davis,PIT,30,,,,,0,0,0,0,0,0
2026,regular,2026-04-28,696100,Hunter Goodman,COL,30,,,,,0,0,0,0,0,0
2026,regular,2026-04-28,808975,Hyeseong Kim,LAD,30,,,,,0,0,0,0,0,0
2026,regular,2026-04-28,664023,Ian Happ,CHC,30,,,,,0,0,0,0,0,0
2026,regular,2026-04-28,545121,Ildemaro Vargas,ARI,30,,,,,0,0,0,0,0,0
2026,regular,2026-04-28,686555,Isaac Collins,KCR,30,,,,,0,0,0,0,0,0
2026,regular,2026-04-28,670623,Isaac Paredes,HOU,30,,,,,0,0,0,0,0,0
2026,regular,2026-04-28,671056,Iván Herrera,STL,30,,,,,0,0,0,0,0,0
2026,regular,2026-04-28,641487,J.P. Crawford,SEA,30,,,,,0,0,0,0,0,0
2026,regular,2026-04-28,695506,Jac Caglianone,KCR,30,,,,,0,0,0,0,0,0
2026,regular,2026-04-28,701538,Jackson Merrill,SDP,30,,,,,0,0,0,0,0,0
2026,regular,2026-04-28,805779,Jacob Wilson,ATH,30,,,,,0,0,0,0,0,0
2026,regular,2026-04-28,696285,Jacob Young,WSN,30,,,,,0,0,0,0,0,0
2026,regular,2026-04-28,663330,Jahmai Jones,DET,30,,,,,0,0,0,0,0,0
2026,regular,2026-04-28,641343,Jake Bauers,MIL,30,,,,,0,0,0,0,0,0
2026,regular,2026-04-28,669394,Jake Burger,TEX,30,,,,,0,0,0,0,0,0
2026,regular,2026-04-28,630105,Jake Cronenworth,SDP,30,,,,,0,0,0,0,0,0
2026,regular,2026-04-28,641584,Jake Fraley,TBR,30,,,,,0,0,0,0,0,0
2026,regular,2026-04-28,663968,Jake Mangum,PIT,30,,,,,0,0,0,0,0,0
2026,regular,2026-04-28,664983,Jake McCarthy,COL,30,,,,,0,0,0,0,0,0
2026,regular,2026-04-28,805300,Jakob Marsee,MIA,30,,,,,0,0,0,0,0,0
2026,regular,2026-04-28,543510,James McCann,ARI,30,,,,,0,0,0,0,0,0
2026,regular,2026-04-28,695578,James Wood,WSN,30,,,,,0,0,0,0,0,0
2026,regular,2026-04-28,680776,Jarren Duran,BOS,30,,,,,0,0,0,0,0,0
2026,regular,2026-04-28,691176,Jasson Domínguez,NYY,30,,,,,0,0,0,0,0,0
2026,regular,2026-04-28,595879,Javier Báez,DET,30,,,,,0,0,0,0,0,0
2026,regular,2026-04-28,691594,Javier Sanoja,MIA,30,,,,,0,0,0,0,0,0
2026,regular,2026-04-28,665862,Jazz Chisholm Jr.,NYY,30,,,,,0,0,0,0,0,0
2026,regular,2026-04-28,643446,Jeff McNeil,ATH,30,,,,,0,0,0,0,0,0
2026,regular,2026-04-28,666464,Jerar Encarnacion,SFG,30,,,,,0,0,0,0,0,0
2026,regular,2026-04-28,669236,Jeremiah Jackson,BAL,30,,,,,0,0,0,0,0,0
2026,regular,2026-04-28,660821,Jesús Sánchez,TOR,30,,,,,0,0,0,0,0,0
2026,regular,2026-04-28,802139,JJ Wetherholt,STL,30,,,,,0,0,0,0,0,0
2026,regular,2026-04-28,666176,Jo Adell,LAA,30,,,,,0,0,0,0,0,0
2026,regular,2026-04-28,592626,Joc Pederson,TEX,30,,,,,0,0,0,0,0,0
2026,regular,2026-04-28,687401,Joey Ortiz,MIL,30,,,,,0,0,0,0,0,0
2026,regular,2026-04-28,666018,Jonathan Aranda,TBR,30,,,,,0,0,0,0,0,0
2026,regular,2026-04-28,678391,Jorbit Vivas,WSN,30,,,,,0,0,0,0,0,0
2026,regular,2026-04-28,687597,Jordan Beck,COL,30,,,,,0,0,0,0,0,0
2026,regular,2026-04-28,691023,Jordan Walker,STL,30,,,,,0,0,0,0,0,0
2026,regular,2026-04-28,678489,Jorge Barrosa,ARI,30,,,,,0,0,0,0,0,0
2026,regular,2026-04-28,624585,Jorge Soler,LAA,30,,,,,0,0,0,0,0,0
2026,regular,2026-04-28,514888,Jose Altuve,HOU,30,,,,,0,0,0,0,0,0
2026,regular,2026-04-28,699912,Jose Fernandez,ARI,30,,,,,0,0,0,0,0,0
2026,regular,2026-04-28,605137,Josh Bell,MIN,30,,,,,0,0,0,0,0,0
2026,regular,2026-04-28,673962,Josh Jung,TEX,30,,,,,0,0,0,0,0,0
2026,regular,2026-04-28,666139,Josh Lowe,LAA,30,,,,,0,0,0,0,0,0
2026,regular,2026-04-28,647304,Josh Naylor,SEA,30,,,,,0,0,0,0,0,0
2026,regular,2026-04-28,669701,Josh Smith,TEX,30,,,,,0,0,0,0,0,0
2026,regular,2026-04-28,676609,José Caballero,NYY,30,,,,,0,0,0,0,0,0
2026,regular,2026-04-28,608070,José Ramírez,CLE,30,,,,,0,0,0,0,0,0
2026,regular,2026-04-28,665742,Juan Soto,NYM,30,,,,,0,0,0,0,0,0
2026,regular,2026-04-28,677594,Julio Rodríguez,SEA,30,,,,,0,0,0,0,0,0
2026,regular,2026-04-28,808982,Jung Hoo Lee,SFG,30,,,,,0,0,0,0,0,0
2026,regular,2026-04-28,691406,Junior Caminero,TBR,30,,,,,0,0,0,0,0,0
2026,regular,2026-04-28,702222,Justin Crawford,PHI,30,,,,,0,0,0,0,0,0
2026,regular,2026-04-28,672960,Kazuma Okamoto,TOR,30,,,,,0,0,0,0,0,0
2026,regular,2026-04-28,663647,Ke'Bryan Hayes,CIN,30,,,,,0,0,0,0,0,0
2026,regular,2026-04-28,681481,Kerry Carpenter,DET,30,,,,,0,0,0,0,0,0
2026,regular,2026-04-28,606466,Ketel Marte,ARI,30,,,,,0,0,0,0,0,0
2026,regular,2026-04-28,805808,Kevin McGonigle,DET,30,,,,,0,0,0,0,0,0
2026,regular,2026-04-28,665019,Kody Clemens,MIN,30,,,,,0,0,0,0,0,0
2026,regular,2026-04-28,804606,Konnor Griffin,PIT,30,,,,,0,0,0,0,0,0
2026,regular,2026-04-28,571657,Kyle Farmer,ATL,30,,,,,0,0,0,0,0,0
2026,regular,2026-04-28,664728,Kyle Isbel,KCR,30,,,,,0,0,0,0,0,0
2026,regular,2026-04-28,691720,Kyle Karros,COL,30,,,,,0,0,0,0,0,0
2026,regular,2026-04-28,700932,Kyle Manzardo,CLE,30,,,,,0,0,0,0,0,0
2026,regular,2026-04-28,656941,Kyle Schwarber,PHI,30,,,,,0,0,0,0,0,0
2026,regular,2026-04-28,669065,Kyle Stowers,MIA,30,,,,,0,0,0,0,0,0
2026,regular,2026-04-28,663656,Kyle Tucker,LAD,30,,,,,0,0,0,0,0,0
2026,regular,2026-04-28,657041,Lane Thomas,KCR,30,,,,,0,0,0,0,0,0
2026,regular,2026-04-28,671732,Lawrence Butler,ATH,30,,,,,0,0,0,0,0,0
2026,regular,2026-04-28,660844,Leo Rivas,SEA,30,,,,,0,0,0,0,0,0
2026,regular,2026-04-28,665750,Leody Taveras,BAL,30,,,,,0,0,0,0,0,0
2026,regular,2026-04-28,666971,Lourdes Gurriel Jr.,ARI,30,,,,,0,0,0,0,0,0
2026,regular,2026-04-28,650333,Luis Arraez,SFG,30,,,,,0,0,0,0,0,0
2026,regular,2026-04-28,669134,Luis Campusano,SDP,30,,,,,0,0,0,0,0,0
2026,regular,2026-04-28,671277,Luis García Jr.,WSN,30,,,,,0,0,0,0,0,0
2026,regular,2026-04-28,650859,Luis Rengifo,MIL,30,,,,,0,0,0,0,0,0
2026,regular,2026-04-28,682668,Luisangel Acuña,CHW,30,,,,,0,0,0,0,0,0
2026,regular,2026-04-28,807712,Luke Keaschall,MIN,30,,,,,0,0,0,0,0,0
2026,regular,2026-04-28,670042,Luke Raley,SEA,30,,,,,0,0,0,0,0,0
2026,regular,2026-04-28,672580,Maikel Garcia,KCR,30,,,,,0,0,0,0,0,0
2026,regular,2026-04-28,542303,Marcell Ozuna,PIT,30,,,,,0,0,0,0,0,0
2026,regular,2026-04-28,691785,Marcelo Mayer,BOS,30,,,,,0,0,0,0,0,0
2026,regular,2026-04-28,543760,Marcus Semien,NYM,30,,,,,0,0,0,0,0,0
2026,regular,2026-04-28,668901,Mark Vientos,NYM,30,,,,,0,0,0,0,0,0
2026,regular,2026-04-28,807799,Masataka Yoshida,BOS,30,,,,,0,0,0,0,0,0
2026,regular,2026-04-28,691026,Masyn Winn,STL,30,,,,,0,0,0,0,0,0
2026,regular,2026-04-28,656305,Matt Chapman,SFG,30,,,,,0,0,0,0,0,0
2026,regular,2026-04-28,680574,Matt McLain,CIN,30,,,,,0,0,0,0,0,0
2026,regular,2026-04-28,621566,Matt Olson,ATL,30,,,,,0,0,0,0,0,0
2026,regular,2026-04-28,807713,Matt Shaw,CHC,30,,,,,0,0,0,0,0,0
2026,regular,2026-04-28,663837,Matt Vierling,DET,30,,,,,0,0,0,0,0,0
2026,regular,2026-04-28,643289,Mauricio Dubón,ATL,30,,,,,0,0,0,0,0,0
2026,regular,2026-04-28,571970,Max Muncy,LAD,30,,,,,0,0,0,0,0,0
2026,regular,2026-04-28,683737,Michael Busch,CHC,30,,,,,0,0,0,0,0,0
2026,regular,2026-04-28,671739,Michael Harris II,ATL,30,,,,,0,0,0,0,0,0
2026,regular,2026-04-28,686681,Michael Massey,KCR,30,,,,,0,0,0,0,0,0
2026,regular,2026-04-28,666160,Mickey Moniak,COL,30,,,,,0,0,0,0,0,0
2026,regular,2026-04-28,678246,Miguel Vargas,CHW,30,,,,,0,0,0,0,0,0
2026,regular,2026-04-28,545361,Mike Trout,LAA,30,,,,,0,0,0,0,0,0
2026,regular,2026-04-28,573262,Mike Yastrzemski,ATL,30,,,,,0,0,0,0,0,0
2026,regular,2026-04-28,641598,Mitch Garver,SEA,30,,,,,0,0,0,0,0,0
2026,regular,2026-04-28,669004,MJ Melendez,NYM,30,,,,,0,0,0,0,0,0
2026,regular,2026-04-28,694208,Moisés Ballesteros,CHC,30,,,,,0,0,0,0,0,0
2026,regular,2026-04-28,808959,Munetaka Murakami,CHW,30,,,,,0,0,0,0,0,0
2026,regular,2026-04-28,664702,Myles Straw,TOR,30,,,,,0,0,0,0,0,0
2026,regular,2026-04-28,683083,Nasim Nuñez,WSN,30,,,,,0,0,0,0,0,0
2026,regular,2026-04-28,701675,Nathan Church,STL,30,,,,,0,0,0,0,0,0
2026,regular,2026-04-28,663993,Nathaniel Lowe,CIN,30,,,,,0,0,0,0,0,0
2026,regular,2026-04-28,592206,Nick Castellanos,SDP,30,,,,,0,0,0,0,0,0
2026,regular,2026-04-28,663743,Nick Fortes,TBR,30,,,,,0,0,0,0,0,0
2026,regular,2026-04-28,693304,Nick Gonzales,PIT,30,,,,,0,0,0,0,0,0
2026,regular,2026-04-28,701762,Nick Kurtz,ATH,30,,,,,0,0,0,0,0,0
2026,regular,2026-04-28,679845,Nick Loftin,KCR,30,,,,,0,0,0,0,0,0
2026,regular,2026-04-28,694377,Nick Yorke,PIT,30,,,,,0,0,0,0,0,0
2026,regular,2026-04-28,670032,Nicky Lopez,CHC,30,,,,,0,0,0,0,0,0
2026,regular,2026-04-28,663538,Nico Hoerner,CHC,30,,,,,0,0,0,0,0,0
2026,regular,2026-04-28,571448,Nolan Arenado,ARI,30,,,,,0,0,0,0,0,0
2026,regular,2026-04-28,669357,Nolan Gorman,STL,30,,,,,0,0,0,0,0,0
2026,regular,2026-04-28,694384,Nolan Schanuel,LAA,30,,,,,0,0,0,0,0,0
2026,regular,2026-04-28,665833,Oneil Cruz,PIT,30,,,,,0,0,0,0,0,0
2026,regular,2026-04-28,672724,Oswald Peraza,LAA,30,,,,,0,0,0,0,0,0
2026,regular,2026-04-28,672640,Otto Lopez,MIA,30,,,,,0,0,0,0,0,0
2026,regular,2026-04-28,683357,Owen Caissie,MIA,30,,,,,0,0,0,0,0,0
2026,regular,2026-04-28,645277,Ozzie Albies,ATL,30,,,,,0,0,0,0,0,0
2026,regular,2026-04-28,672275,Patrick Bailey,SFG,30,,,,,0,0,0,0,0,0
2026,regular,2026-04-28,686780,Pedro Pagés,STL,30,,,,,0,0,0,0,0,0
2026,regular,2026-04-28,624413,Pete Alonso,BAL,30,,,,,0,0,0,0,0,0
2026,regular,2026-04-28,691718,Pete Crow-Armstrong,CHC,30,,,,,0,0,0,0,0,0
2026,regular,2026-04-28,646240,Rafael Devers,SFG,30,,,,,0,0,0,0,0,0
2026,regular,2026-04-28,665561,Rafael Marchán,PHI,30,,,,,0,0,0,0,0,0
2026,regular,2026-04-28,657656,Ramón Laureano,SDP,30,,,,,0,0,0,0,0,0
2026,regular,2026-04-28,668227,Randy Arozarena,SEA,30,,,,,0,0,0,0,0,0
2026,regular,2026-04-28,677956,Rece Hinds,CIN,30,,,,,0,0,0,0,0,0
2026,regular,2026-04-28,656555,Rhys Hoskins,CLE,30,,,,,0,0,0,0,0,0
2026,regular,2026-04-28,680700,Richie Palacios,TBR,30,,,,,0,0,0,0,0,0
2026,regular,2026-04-28,682985,Riley Greene,DET,30,,,,,0,0,0,0,0,0
2026,regular,2026-04-28,701350,Roman Anthony,BOS,30,,,,,0,0,0,0,0,0
2026,regular,2026-04-28,660670,Ronald Acuña Jr.,ATL,30,,,,,0,0,0,0,0,0
2026,regular,2026-04-28,677595,Ronny Mauricio,NYM,30,,,,,0,0,0,0,0,0
2026,regular,2026-04-28,668904,Royce Lewis,MIN,30,,,,,0,0,0,0,0,0
2026,regular,2026-04-28,641857,Ryan McMahon,NYY,30,,,,,0,0,0,0,0,0
2026,regular,2026-04-28,656811,Ryan O'Hearn,PIT,30,,,,,0,0,0,0,0,0
2026,regular,2026-04-28,686217,Sal Frelick,MIL,30,,,,,0,0,0,0,0,0
2026,regular,2026-04-28,701398,Sal Stewart,CIN,30,,,,,0,0,0,0,0,0
2026,regular,2026-04-28,521692,Salvador Perez,KCR,30,,,,,0,0,0,0,0,0
2026,regular,2026-04-28,803011,Sam Antonacci,CHW,30,,,,,0,0,0,0,0,0
2026,regular,2026-04-28,664059,Sam Haggerty,TEX,30,,,,,0,0,0,0,0,0
2026,regular,2026-04-28,694212,Samuel Basallo,BAL,30,,,,,0,0,0,0,0,0
2026,regular,2026-04-28,665861,Sebastián Rivero,LAA,30,,,,,0,0,0,0,0,0
2026,regular,2026-04-28,673548,Seiya Suzuki,CHC,30,,,,,0,0,0,0,0,0
2026,regular,2026-04-28,669127,Shea Langeliers,ATH,30,,,,,0,0,0,0,0,0
2026,regular,2026-04-28,687462,Spencer Horwitz,PIT,30,,,,,0,0,0,0,0,0
2026,regular,2026-04-28,668715,Spencer Steer,CIN,30,,,,,0,0,0,0,0,0
2026,regular,2026-04-28,679529,Spencer Torkelson,DET,30,,,,,0,0,0,0,0,0
2026,regular,2026-04-28,516782,Starling Marte,KCR,30,,,,,0,0,0,0,0,0
2026,regular,2026-04-28,680757,Steven Kwan,CLE,30,,,,,0,0,0,0,0,0
2026,regular,2026-04-28,670764,Taylor Walls,TBR,30,,,,,0,0,0,0,0,0
2026,regular,2026-04-28,621493,Taylor Ward,BAL,30,,,,,0,0,0,0,0,0
2026,regular,2026-04-28,606192,Teoscar Hernández,LAD,30,,,,,0,0,0,0,0,0
2026,regular,2026-04-28,694374,Tim Tawa,ARI,30,,,,,0,0,0,0,0,0
2026,regular,2026-04-28,670770,TJ Friedl,CIN,30,,,,,0,0,0,0,0,0
2026,regular,2026-04-28,681198,TJ Rumfield,COL,30,,,,,0,0,0,0,0,0
2026,regular,2026-04-28,683953,Travis Bazzana,CLE,30,,,,,0,0,0,0,0,0
2026,regular,2026-04-28,607208,Trea Turner,PHI,30,,,,,0,0,0,0,0,0
2026,regular,2026-04-28,663757,Trent Grisham,NYY,30,,,,,0,0,0,0,0,0
2026,regular,2026-04-28,663616,Trevor Larnach,MIN,30,,,,,0,0,0,0,0,0
2026,regular,2026-04-28,596115,Trevor Story,BOS,30,,,,,0,0,0,0,0,0
2026,regular,2026-04-28,656484,Tristan Gray,MIN,30,,,,,0,0,0,0,0,0
2026,regular,2026-04-28,671976,Tristan Peters,CHW,30,,,,,0,0,0,0,0,0
2026,regular,2026-04-28,687859,Troy Johnston,COL,30,,,,,0,0,0,0,0,0
2026,regular,2026-04-28,664034,Ty France,SDP,30,,,,,0,0,0,0,0,0
2026,regular,2026-04-28,672012,Tyler Black,MIL,30,,,,,0,0,0,0,0,0
2026,regular,2026-04-28,671289,Tyler Freeman,COL,30,,,,,0,0,0,0,0,0
2026,regular,2026-04-28,623168,Tyler Heineman,TOR,30,,,,,0,0,0,0,0,0
2026,regular,2026-04-28,641933,Tyler O'Neill,BAL,30,,,,,0,0,0,0,0,0
2026,regular,2026-04-28,691016,Tyler Soderstrom,ATH,30,,,,,0,0,0,0,0,0
2026,regular,2026-04-28,663886,Tyler Stephenson,CIN,30,,,,,0,0,0,0,0,0
2026,regular,2026-04-28,621438,Tyrone Taylor,NYM,30,,,,,0,0,0,0,0,0
2026,regular,2026-04-28,687093,Vaughn Grissom,LAA,30,,,,,0,0,0,0,0,0
2026,regular,2026-04-28,605170,Victor Caratini,MIN,30,,,,,0,0,0,0,0,0
2026,regular,2026-04-28,687363,Victor Scott II,STL,30,,,,,0,0,0,0,0,0
2026,regular,2026-04-28,686469,Vinnie Pasquantino,KCR,30,,,,,0,0,0,0,0,0
2026,regular,2026-04-28,665489,Vladimir Guerrero Jr.,TOR,30,,,,,0,0,0,0,0,0
2026,regular,2026-04-28,672761,Wenceel Pérez,DET,30,,,,,0,0,0,0,0,0
2026,regular,2026-04-28,669257,Will Smith,LAD,30,,,,,0,0,0,0,0,0
2026,regular,2026-04-28,650489,Willi Castro,COL,30,,,,,0,0,0,0,0,0
2026,regular,2026-04-28,661388,William Contreras,MIL,30,,,,,0,0,0,0,0,0
2026,regular,2026-04-28,575929,Willson Contreras,BOS,30,,,,,0,0,0,0,0,0
2026,regular,2026-04-28,642715,Willy Adames,SFG,30,,,,,0,0,0,0,0,0
2026,regular,2026-04-28,677800,Wilyer Abreu,BOS,30,,,,,0,0,0,0,0,0
2026,regular,2026-04-28,593428,Xander Bogaerts,SDP,30,,,,,0,0,0,0,0,0
2026,regular,2026-04-28,669364,Xavier Edwards,MIA,30,,,,,0,0,0,0,0,0
2026,regular,2026-04-28,673237,Yainer Diaz,HOU,30,,,,,0,0,0,0,0,0
2026,regular,2026-04-28,650490,Yandy Díaz,TBR,30,,,,,0,0,0,0,0,0
2026,regular,2026-04-28,670541,Yordan Alvarez,HOU,30,,,,,0,0,0,0,0,0
2026,regular,2026-04-28,660162,Yoán Moncada,LAA,30,,,,,0,0,0,0,0,0
2026,regular,2026-04-28,687263,Zach Neto,LAA,30,,,,,0,0,0,0,0,0
2026,regular,2026-04-28,680869,Zack Gelof,ATH,30,,,,,0,0,0,0,0,0
2026,regular,2026-04-29,592450,Aaron Judge,NYY,30,,,,,0,0,0,0,0,0
2026,regular,2026-04-29,624428,Adam Frazier,LAA,30,,,,,0,0,0,0,0,0
2026,regular,2026-04-29,680728,Adrian Del Castillo,ARI,30,,,,,0,0,0,0,0,0
2026,regular,2026-04-29,676475,Alec Burleson,STL,30,,,,,0,0,0,0,0,0
2026,regular,2026-04-29,696030,Alejandro Osuna,TEX,30,,,,,0,0,0,0,0,0
2026,regular,2026-04-29,677950,Alek Thomas,ARI,30,,,,,0,0,0,0,0,0
2026,regular,2026-04-29,608324,Alex Bregman,CHC,30,,,,,0,0,0,0,0,0
2026,regular,2026-04-29,669743,Alex Call,LAD,30,,,,,0,0,0,0,0,0
2026,regular,2026-04-29,690976,Alex Freeland,LAD,30,,,,,0,0,0,0,0,0
2026,regular,2026-04-29,643217,Andrew Benintendi,CHW,30,,,,,0,0,0,0,0,0
2026,regular,2026-04-29,655316,Andruw Monasterio,BOS,30,,,,,0,0,0,0,0,0
2026,regular,2026-04-29,665926,Andrés Giménez,TOR,30,,,,,0,0,0,0,0,0
2026,regular,2026-04-29,681624,Andy Pages,LAD,30,,,,,0,0,0,0,0,0
2026,regular,2026-04-29,682657,Angel Martínez,CLE,30,,,,,0,0,0,0,0,0
2026,regular,2026-04-29,669720,Austin Hays,CHW,30,,,,,0,0,0,0,0,0
2026,regular,2026-04-29,668885,Austin Martin,MIN,30,,,,,0,0,0,0,0,0
2026,regular,2026-04-29,663586,Austin Riley,ATL,30,,,,,0,0,0,0,0,0
2026,regular,2026-04-29,596103,Austin Slater,NYM,30,,,,,0,0,0,0,0,0
2026,regular,2026-04-29,700250,Ben Rice,NYY,30,,,,,0,0,0,0,0,0
2026,regular,2026-04-29,810938,Ben Williamson,TBR,30,,,,,0,0,0,0,0,0
2026,regular,2026-04-29,695257,Billy Cook,PIT,30,,,,,0,0,0,0,0,0
2026,regular,2026-04-29,663368,Blake Perkins,MIL,30,,,,,0,0,0,0,0,0
2026,regular,2026-04-29,666182,Bo Bichette,NYM,30,,,,,0,0,0,0,0,0
2026,regular,2026-04-29,666310,Bo Naylor,CLE,30,,,,,0,0,0,0,0,0
2026,regular,2026-04-29,677951,Bobby Witt Jr.,KCR,30,,,,,0,0,0,0,0,0
2026,regular,2026-04-29,691781,Brady House,WSN,30,,,,,0,0,0,0,0,0
2026,regular,2026-04-29,663604,Brandon Lockridge,MIL,30,,,,,0,0,0,0,0,0
2026,regular,2026-04-29,664040,Brandon Lowe,PIT,30,,,,,0,0,0,0,0,0
2026,regular,2026-04-29,607043,Brandon Nimmo,TEX,30,,,,,0,0,0,0,0,0
2026,regular,2026-04-29,678218,Brandon Valenzuela,TOR,30,,,,,0,0,0,0,0,0
2026,regular,2026-04-29,677587,Brayan Rocchio,CLE,30,,,,,0,0,0,0,0,0
2026,regular,2026-04-29,667670,Brent Rooker,ATH,30,,,,,0,0,0,0,0,0
2026,regular,2026-04-29,686668,Brenton Doyle,COL,30,,,,,0,0,0,0,0,0
2026,regular,2026-04-29,683146,Brett Baty,NYM,30,,,,,0,0,0,0,0,0
2026,regular,2026-04-29,664954,Brett Sullivan,COL,30,,,,,0,0,0,0,0,0
2026,regular,2026-04-29,668930,Brice Turang,MIL,30,,,,,0,0,0,0,0,0
2026,regular,2026-04-29,686797,Brooks Lee,MIN,30,,,,,0,0,0,0,0,0
2026,regular,2026-04-29,668804,Bryan Reynolds,PIT,30,,,,,0,0,0,0,0,0
2026,regular,2026-04-29,669369,Bryce Johnson,SDP,30,,,,,0,0,0,0,0,0
2026,regular,2026-04-29,669326,Bryce Teodosio,LAA,30,,,,,0,0,0,0,0,0
2026,regular,2026-04-29,621439,Byron Buxton,MIN,30,,,,,0,0,0,0,0,0
2026,regular,2026-04-29,663728,Cal Raleigh,SEA,30,,,,,0,0,0,0,0,0
2026,regular,2026-04-29,702332,Caleb Durbin,BOS,30,,,,,0,0,0,0,0,0
2026,regular,2026-04-29,666126,Carlos Cortes,ATH,30,,,,,0,0,0,0,0,0
2026,regular,2026-04-29,701807,Carson Benge,NYM,30,,,,,0,0,0,0,0,0
2026,regular,2026-04-29,695600,Carter Jensen,KCR,30,,,,,0,0,0,0,0,0
2026,regular,2026-04-29,678882,Ceddanne Rafaela,BOS,30,,,,,0,0,0,0,0,0
2026,regular,2026-04-29,656775,Cedric Mullins,TBR,30,,,,,0,0,0,0,0,0
2026,regular,2026-04-29,802415,Chandler Simpson,TBR,30,,,,,0,0,0,0,0,0
2026,regular,2026-04-29,800050,Chase DeLauter,CLE,30,,,,,0,0,0,0,0,0
2026,regular,2026-04-29,805367,Chase Meidroth,CHW,30,,,,,0,0,0,0,0,0
2026,regular,2026-04-29,682928,CJ Abrams,WSN,30,,,,,0,0,0,0,0,0
2026,regular,2026-04-29,641355,Cody Bellinger,NYY,30,,,,,0,0,0,0,0,0
2026,regular,2026-04-29,702284,Cole Young,SEA,30,,,,,0,0,0,0,0,0
2026,regular,2026-04-29,695657,Colson Montgomery,CHW,30,,,,,0,0,0,0,0,0
2026,regular,2026-04-29,690993,Colt Keith,DET,30,,,,,0,0,0,0,0,0
2026,regular,2026-04-29,681393,Connor Norby,MIA,30,,,,,0,0,0,0,0,0
2026,regular,2026-04-29,657136,Connor Wong,BOS,30,,,,,0,0,0,0,0,0
2026,regular,2026-04-29,682998,Corbin Carroll,ARI,30,,,,,0,0,0,0,0,0
2026,regular,2026-04-29,608369,Corey Seager,TEX,30,,,,,0,0,0,0,0,0
2026,regular,2026-04-29,678554,Curtis Mead,WSN,30,,,,,0,0,0,0,0,0
2026,regular,2026-04-29,687221,Dalton Rushing,LAD,30,,,,,0,0,0,0,0,0
2026,regular,2026-04-29,682177,Daniel Schneemann,CLE,30,,,,,0,0,0,0,0,0
2026,regular,2026-04-29,687231,Darell Hernaiz,ATH,30,,,,,0,0,0,0,0,0
2026,regular,2026-04-29,662139,Daulton Varsho,TOR,30,,,,,0,0,0,0,0,0
2026,regular,2026-04-29,666152,David Hamilton,MIL,30,,,,,0,0,0,0,0,0
2026,regular,2026-04-29,695734,Daylen Lile,WSN,30,,,,,0,0,0,0,0,0
2026,regular,2026-04-29,656537,Derek Hill,CHW,30,,,,,0,0,0,0,0,0
2026,regular,2026-04-29,693307,Dillon Dingler,DET,30,,,,,0,0,0,0,0,0
2026,regular,2026-04-29,686527,Dominic Canzone,SEA,30,,,,,0,0,0,0,0,0
2026,regular,2026-04-29,642086,Dominic Smith,ATL,30,,,,,0,0,0,0,0,0
2026,regular,2026-04-29,686948,Drake Baldwin,ATL,30,,,,,0,0,0,0,0,0
2026,regular,2026-04-29,700337,Edgar Quero,CHW,30,,,,,0,0,0,0,0,0
2026,regular,2026-04-29,642201,Eli White,ATL,30,,,,,0,0,0,0,0,0
2026,regular,2026-04-29,682829,Elly De La Cruz,CIN,30,,,,,0,0,0,0,0,0
2026,regular,2026-04-29,676391,Ernie Clement,TOR,30,,,,,0,0,0,0,0,0
2026,regular,2026-04-29,665923,Esteury Ruiz,MIA,30,,,,,0,0,0,0,0,0
2026,regular,2026-04-29,694497,Evan Carter,TEX,30,,,,,0,0,0,0,0,0
2026,regular,2026-04-29,677649,Ezequiel Duran,TEX,30,,,,,0,0,0,0,0,0
2026,regular,2026-04-29,678662,Ezequiel Tovar,COL,30,,,,,0,0,0,0,0,0
2026,regular,2026-04-29,665487,Fernando Tatis Jr.,SDP,30,,,,,0,0,0,0,0,0
2026,regular,2026-04-29,682626,Francisco Alvarez,NYM,30,,,,,0,0,0,0,0,0
2026,regular,2026-04-29,518692,Freddie Freeman,LAD,30,,,,,0,0,0,0,0,0
2026,regular,2026-04-29,666023,Freddy Fermin,SDP,30,,,,,0,0,0,0,0,0
2026,regular,2026-04-29,669003,Garrett Mitchell,MIL,30,,,,,0,0,0,0,0,0
2026,regular,2026-04-29,596142,Gary Sánchez,MIL,30,,,,,0,0,0,0,0,0
2026,regular,2026-04-29,657757,Gavin Sheets,SDP,30,,,,,0,0,0,0,0,0
2026,regular,2026-04-29,543807,George Springer,TOR,30,,,,,0,0,0,0,0,0
2026,regular,2026-04-29,672695,Geraldo Perdomo,ARI,30,,,,,0,0,0,0,0,0
2026,regular,2026-04-29,650402,Gleyber Torres,DET,30,,,,,0,0,0,0,0,0
2026,regular,2026-04-29,688363,Graham Pauley,MIA,30,,,,,0,0,0,0,0,0
2026,regular,2026-04-29,675659,Greg Jones,MIL,30,,,,,0,0,0,0,0,0
2026,regular,2026-04-29,680779,Henry Davis,PIT,30,,,,,0,0,0,0,0,0
2026,regular,2026-04-29,676439,Hunter Feduccia,TBR,30,,,,,0,0,0,0,0,0
2026,regular,2026-04-29,696100,Hunter Goodman,COL,30,,,,,0,0,0,0,0,0
2026,regular,2026-04-29,808975,Hyeseong Kim,LAD,30,,,,,0,0,0,0,0,0
2026,regular,2026-04-29,664023,Ian Happ,CHC,30,,,,,0,0,0,0,0,0
2026,regular,2026-04-29,545121,Ildemaro Vargas,ARI,30,,,,,0,0,0,0,0,0
2026,regular,2026-04-29,686555,Isaac Collins,KCR,30,,,,,0,0,0,0,0,0
2026,regular,2026-04-29,643396,Isiah Kiner-Falefa,BOS,30,,,,,0,0,0,0,0,0
2026,regular,2026-04-29,671056,Iván Herrera,STL,30,,,,,0,0,0,0,0,0
2026,regular,2026-04-29,641555,J.C. Escarra,NYY,30,,,,,0,0,0,0,0,0
2026,regular,2026-04-29,641487,J.P. Crawford,SEA,30,,,,,0,0,0,0,0,0
2026,regular,2026-04-29,695506,Jac Caglianone,KCR,30,,,,,0,0,0,0,0,0
2026,regular,2026-04-29,690291,Jace Jung,DET,30,,,,,0,0,0,0,0,0
2026,regular,2026-04-29,701538,Jackson Merrill,SDP,30,,,,,0,0,0,0,0,0
2026,regular,2026-04-29,805779,Jacob Wilson,ATH,30,,,,,0,0,0,0,0,0
2026,regular,2026-04-29,696285,Jacob Young,WSN,30,,,,,0,0,0,0,0,0
2026,regular,2026-04-29,663330,Jahmai Jones,DET,30,,,,,0,0,0,0,0,0
2026,regular,2026-04-29,641343,Jake Bauers,MIL,30,,,,,0,0,0,0,0,0
2026,regular,2026-04-29,669394,Jake Burger,TEX,30,,,,,0,0,0,0,0,0
2026,regular,2026-04-29,630105,Jake Cronenworth,SDP,30,,,,,0,0,0,0,0,0
2026,regular,2026-04-29,641584,Jake Fraley,TBR,30,,,,,0,0,0,0,0,0
2026,regular,2026-04-29,663968,Jake Mangum,PIT,30,,,,,0,0,0,0,0,0
2026,regular,2026-04-29,805300,Jakob Marsee,MIA,30,,,,,0,0,0,0,0,0
2026,regular,2026-04-29,681546,James Outman,MIN,30,,,,,0,0,0,0,0,0
2026,regular,2026-04-29,695578,James Wood,WSN,30,,,,,0,0,0,0,0,0
2026,regular,2026-04-29,672284,Jarred Kelenic,CHW,30,,,,,0,0,0,0,0,0
2026,regular,2026-04-29,680776,Jarren Duran,BOS,30,,,,,0,0,0,0,0,0
2026,regular,2026-04-29,691176,Jasson Domínguez,NYY,30,,,,,0,0,0,0,0,0
2026,regular,2026-04-29,691594,Javier Sanoja,MIA,30,,,,,0,0,0,0,0,0
2026,regular,2026-04-29,665862,Jazz Chisholm Jr.,NYY,30,,,,,0,0,0,0,0,0
2026,regular,2026-04-29,643446,Jeff McNeil,ATH,30,,,,,0,0,0,0,0,0
2026,regular,2026-04-29,660821,Jesús Sánchez,TOR,30,,,,,0,0,0,0,0,0
2026,regular,2026-04-29,668709,JJ Bleday,CIN,30,,,,,0,0,0,0,0,0
2026,regular,2026-04-29,802139,JJ Wetherholt,STL,30,,,,,0,0,0,0,0,0
2026,regular,2026-04-29,666176,Jo Adell,LAA,30,,,,,0,0,0,0,0,0
2026,regular,2026-04-29,592626,Joc Pederson,TEX,30,,,,,0,0,0,0,0,0
2026,regular,2026-04-29,663698,Joey Bart,PIT,30,,,,,0,0,0,0,0,0
2026,regular,2026-04-29,687401,Joey Ortiz,MIL,30,,,,,0,0,0,0,0,0
2026,regular,2026-04-29,686894,Joey Wiemer,WSN,30,,,,,0,0,0,0,0,0
2026,regular,2026-04-29,641680,Jonah Heim,ATL,30,,,,,0,0,0,0,0,0
2026,regular,2026-04-29,666018,Jonathan Aranda,TBR,30,,,,,0,0,0,0,0,0
2026,regular,2026-04-29,687597,Jordan Beck,COL,30,,,,,0,0,0,0,0,0
2026,regular,2026-04-29,691023,Jordan Walker,STL,30,,,,,0,0,0,0,0,0
2026,regular,2026-04-29,678489,Jorge Barrosa,ARI,30,,,,,0,0,0,0,0,0
2026,regular,2026-04-29,622761,Jorge Mateo,ATL,30,,,,,0,0,0,0,0,0
2026,regular,2026-04-29,624585,Jorge Soler,LAA,30,,,,,0,0,0,0,0,0
2026,regular,2026-04-29,699912,Jose Fernandez,ARI,30,,,,,0,0,0,0,0,0
2026,regular,2026-04-29,624431,Jose Trevino,CIN,30,,,,,0,0,0,0,0,0
2026,regular,2026-04-29,605137,Josh Bell,MIN,30,,,,,0,0,0,0,0,0
2026,regular,2026-04-29,673962,Josh Jung,TEX,30,,,,,0,0,0,0,0,0
2026,regular,2026-04-29,666139,Josh Lowe,LAA,30,,,,,0,0,0,0,0,0
2026,regular,2026-04-29,647304,Josh Naylor,SEA,30,,,,,0,0,0,0,0,0
2026,regular,2026-04-29,676609,José Caballero,NYY,30,,,,,0,0,0,0,0,0
2026,regular,2026-04-29,608070,José Ramírez,CLE,30,,,,,0,0,0,0,0,0
2026,regular,2026-04-29,677588,José Tena,WSN,30,,,,,0,0,0,0,0,0
2026,regular,2026-04-29,665742,Juan Soto,NYM,30,,,,,0,0,0,0,0,0
2026,regular,2026-04-29,677594,Julio Rodríguez,SEA,30,,,,,0,0,0,0,0,0
2026,regular,2026-04-29,691406,Junior Caminero,TBR,30,,,,,0,0,0,0,0,0
2026,regular,2026-04-29,672960,Kazuma Okamoto,TOR,30,,,,,0,0,0,0,0,0
2026,regular,2026-04-29,663647,Ke'Bryan Hayes,CIN,30,,,,,0,0,0,0,0,0
2026,regular,2026-04-29,660688,Keibert Ruiz,WSN,30,,,,,0,0,0,0,0,0
2026,regular,2026-04-29,681481,Kerry Carpenter,DET,30,,,,,0,0,0,0,0,0
2026,regular,2026-04-29,606466,Ketel Marte,ARI,30,,,,,0,0,0,0,0,0
2026,regular,2026-04-29,805808,Kevin McGonigle,DET,30,,,,,0,0,0,0,0,0
2026,regular,2026-04-29,665019,Kody Clemens,MIN,30,,,,,0,0,0,0,0,0
2026,regular,2026-04-29,804606,Konnor Griffin,PIT,30,,,,,0,0,0,0,0,0
2026,regular,2026-04-29,543309,Kyle Higashioka,TEX,30,,,,,0,0,0,0,0,0
2026,regular,2026-04-29,664728,Kyle Isbel,KCR,30,,,,,0,0,0,0,0,0
2026,regular,2026-04-29,691720,Kyle Karros,COL,30,,,,,0,0,0,0,0,0
2026,regular,2026-04-29,700932,Kyle Manzardo,CLE,30,,,,,0,0,0,0,0,0
2026,regular,2026-04-29,669065,Kyle Stowers,MIA,30,,,,,0,0,0,0,0,0
2026,regular,2026-04-29,663656,Kyle Tucker,LAD,30,,,,,0,0,0,0,0,0
2026,regular,2026-04-29,657041,Lane Thomas,KCR,30,,,,,0,0,0,0,0,0
2026,regular,2026-04-29,671732,Lawrence Butler,ATH,30,,,,,0,0,0,0,0,0
2026,regular,2026-04-29,660844,Leo Rivas,SEA,30,,,,,0,0,0,0,0,0
2026,regular,2026-04-29,689414,Liam Hicks,MIA,30,,,,,0,0,0,0,0,0
2026,regular,2026-04-29,666971,Lourdes Gurriel Jr.,ARI,30,,,,,0,0,0,0,0,0
2026,regular,2026-04-29,669134,Luis Campusano,SDP,30,,,,,0,0,0,0,0,0
2026,regular,2026-04-29,650859,Luis Rengifo,MIL,30,,,,,0,0,0,0,0,0
2026,regular,2026-04-29,620443,Luis Torrens,NYM,30,,,,,0,0,0,0,0,0
2026,regular,2026-04-29,682668,Luisangel Acuña,CHW,30,,,,,0,0,0,0,0,0
2026,regular,2026-04-29,807712,Luke Keaschall,MIN,30,,,,,0,0,0,0,0,0
2026,regular,2026-04-29,670042,Luke Raley,SEA,30,,,,,0,0,0,0,0,0
2026,regular,2026-04-29,672580,Maikel Garcia,KCR,30,,,,,0,0,0,0,0,0
2026,regular,2026-04-29,592518,Manny Machado,SDP,30,,,,,0,0,0,0,0,0
2026,regular,2026-04-29,542303,Marcell Ozuna,PIT,30,,,,,0,0,0,0,0,0
2026,regular,2026-04-29,691785,Marcelo Mayer,BOS,30,,,,,0,0,0,0,0,0
2026,regular,2026-04-29,543760,Marcus Semien,NYM,30,,,,,0,0,0,0,0,0
2026,regular,2026-04-29,691026,Masyn Winn,STL,30,,,,,0,0,0,0,0,0
2026,regular,2026-04-29,680574,Matt McLain,CIN,30,,,,,0,0,0,0,0,0
2026,regular,2026-04-29,621566,Matt Olson,ATL,30,,,,,0,0,0,0,0,0
2026,regular,2026-04-29,807713,Matt Shaw,CHC,30,,,,,0,0,0,0,0,0
2026,regular,2026-04-29,663837,Matt Vierling,DET,30,,,,,0,0,0,0,0,0
2026,regular,2026-04-29,670242,Matt Wallner,MIN,30,,,,,0,0,0,0,0,0
2026,regular,2026-04-29,643289,Mauricio Dubón,ATL,30,,,,,0,0,0,0,0,0
2026,regular,2026-04-29,571970,Max Muncy,LAD,30,,,,,0,0,0,0,0,0
2026,regular,2026-04-29,680474,Max Schuemann,NYY,30,,,,,0,0,0,0,0,0
2026,regular,2026-04-29,683737,Michael Busch,CHC,30,,,,,0,0,0,0,0,0
2026,regular,2026-04-29,624424,Michael Conforto,CHC,30,,,,,0,0,0,0,0,0
2026,regular,2026-04-29,671739,Michael Harris II,ATL,30,,,,,0,0,0,0,0,0
2026,regular,2026-04-29,686681,Michael Massey,KCR,30,,,,,0,0,0,0,0,0
2026,regular,2026-04-29,666160,Mickey Moniak,COL,30,,,,,0,0,0,0,0,0
2026,regular,2026-04-29,665804,Miguel Amaya,CHC,30,,,,,0,0,0,0,0,0
2026,regular,2026-04-29,609280,Miguel Andujar,SDP,30,,,,,0,0,0,0,0,0
2026,regular,2026-04-29,500743,Miguel Rojas,LAD,30,,,,,0,0,0,0,0,0
2026,regular,2026-04-29,678246,Miguel Vargas,CHW,30,,,,,0,0,0,0,0,0
2026,regular,2026-04-29,545361,Mike Trout,LAA,30,,,,,0,0,0,0,0,0
2026,regular,2026-04-29,573262,Mike Yastrzemski,ATL,30,,,,,0,0,0,0,0,0
2026,regular,2026-04-29,669004,MJ Melendez,NYM,30,,,,,0,0,0,0,0,0
2026,regular,2026-04-29,694208,Moisés Ballesteros,CHC,30,,,,,0,0,0,0,0,0
2026,regular,2026-04-29,808959,Munetaka Murakami,CHW,30,,,,,0,0,0,0,0,0
2026,regular,2026-04-29,664702,Myles Straw,TOR,30,,,,,0,0,0,0,0,0
2026,regular,2026-04-29,683083,Nasim Nuñez,WSN,30,,,,,0,0,0,0,0,0
2026,regular,2026-04-29,701675,Nathan Church,STL,30,,,,,0,0,0,0,0,0
2026,regular,2026-04-29,663993,Nathaniel Lowe,CIN,30,,,,,0,0,0,0,0,0
2026,regular,2026-04-29,592206,Nick Castellanos,SDP,30,,,,,0,0,0,0,0,0
2026,regular,2026-04-29,693304,Nick Gonzales,PIT,30,,,,,0,0,0,0,0,0
2026,regular,2026-04-29,701762,Nick Kurtz,ATH,30,,,,,0,0,0,0,0,0
2026,regular,2026-04-29,694377,Nick Yorke,PIT,30,,,,,0,0,0,0,0,0
2026,regular,2026-04-29,663538,Nico Hoerner,CHC,30,,,,,0,0,0,0,0,0
2026,regular,2026-04-29,571448,Nolan Arenado,ARI,30,,,,,0,0,0,0,0,0
2026,regular,2026-04-29,669357,Nolan Gorman,STL,30,,,,,0,0,0,0,0,0
2026,regular,2026-04-29,694384,Nolan Schanuel,LAA,30,,,,,0,0,0,0,0,0
2026,regular,2026-04-29,665833,Oneil Cruz,PIT,30,,,,,0,0,0,0,0,0
2026,regular,2026-04-29,672724,Oswald Peraza,LAA,30,,,,,0,0,0,0,0,0
2026,regular,2026-04-29,672640,Otto Lopez,MIA,30,,,,,0,0,0,0,0,0
2026,regular,2026-04-29,683357,Owen Caissie,MIA,30,,,,,0,0,0,0,0,0
2026,regular,2026-04-29,645277,Ozzie Albies,ATL,30,,,,,0,0,0,0,0,0
2026,regular,2026-04-29,691718,Pete Crow-Armstrong,CHC,30,,,,,0,0,0,0,0,0
2026,regular,2026-04-29,657656,Ramón Laureano,SDP,30,,,,,0,0,0,0,0,0
2026,regular,2026-04-29,602104,Ramón Urías,STL,30,,,,,0,0,0,0,0,0
2026,regular,2026-04-29,668227,Randy Arozarena,SEA,30,,,,,0,0,0,0,0,0
2026,regular,2026-04-29,677956,Rece Hinds,CIN,30,,,,,0,0,0,0,0,0
2026,regular,2026-04-29,625643,Reynaldo López,ATL,30,,,,,0,0,0,0,0,0
2026,regular,2026-04-29,680700,Richie Palacios,TBR,30,,,,,0,0,0,0,0,0
2026,regular,2026-04-29,682985,Riley Greene,DET,30,,,,,0,0,0,0,0,0
2026,regular,2026-04-29,701350,Roman Anthony,BOS,30,,,,,0,0,0,0,0,0
2026,regular,2026-04-29,660670,Ronald Acuña Jr.,ATL,30,,,,,0,0,0,0,0,0
2026,regular,2026-04-29,677595,Ronny Mauricio,NYM,30,,,,,0,0,0,0,0,0
2026,regular,2026-04-29,668904,Royce Lewis,MIN,30,,,,,0,0,0,0,0,0
2026,regular,2026-04-29,680777,Ryan Jeffers,MIN,30,,,,,0,0,0,0,0,0
2026,regular,2026-04-29,641857,Ryan McMahon,NYY,30,,,,,0,0,0,0,0,0
2026,regular,2026-04-29,656811,Ryan O'Hearn,PIT,30,,,,,0,0,0,0,0,0
2026,regular,2026-04-29,686217,Sal Frelick,MIL,30,,,,,0,0,0,0,0,0
2026,regular,2026-04-29,701398,Sal Stewart,CIN,30,,,,,0,0,0,0,0,0
2026,regular,2026-04-29,521692,Salvador Perez,KCR,30,,,,,0,0,0,0,0,0
2026,regular,2026-04-29,803011,Sam Antonacci,CHW,30,,,,,0,0,0,0,0,0
2026,regular,2026-04-29,664059,Sam Haggerty,TEX,30,,,,,0,0,0,0,0,0
2026,regular,2026-04-29,665861,Sebastián Rivero,LAA,30,,,,,0,0,0,0,0,0
2026,regular,2026-04-29,669127,Shea Langeliers,ATH,30,,,,,0,0,0,0,0,0
2026,regular,2026-04-29,660271,Shohei Ohtani,LAD,30,,,,,0,0,0,0,0,0
2026,regular,2026-04-29,687462,Spencer Horwitz,PIT,30,,,,,0,0,0,0,0,0
2026,regular,2026-04-29,668715,Spencer Steer,CIN,30,,,,,0,0,0,0,0,0
2026,regular,2026-04-29,679529,Spencer Torkelson,DET,30,,,,,0,0,0,0,0,0
2026,regular,2026-04-29,680757,Steven Kwan,CLE,30,,,,,0,0,0,0,0,0
2026,regular,2026-04-29,670764,Taylor Walls,TBR,30,,,,,0,0,0,0,0,0
2026,regular,2026-04-29,670770,TJ Friedl,CIN,30,,,,,0,0,0,0,0,0
2026,regular,2026-04-29,681198,TJ Rumfield,COL,30,,,,,0,0,0,0,0,0
2026,regular,2026-04-29,683953,Travis Bazzana,CLE,30,,,,,0,0,0,0,0,0
2026,regular,2026-04-29,518595,Travis d'Arnaud,LAA,30,,,,,0,0,0,0,0,0
2026,regular,2026-04-29,663757,Trent Grisham,NYY,30,,,,,0,0,0,0,0,0
2026,regular,2026-04-29,663616,Trevor Larnach,MIN,30,,,,,0,0,0,0,0,0
2026,regular,2026-04-29,596115,Trevor Story,BOS,30,,,,,0,0,0,0,0,0
2026,regular,2026-04-29,671976,Tristan Peters,CHW,30,,,,,0,0,0,0,0,0
2026,regular,2026-04-29,664034,Ty France,SDP,30,,,,,0,0,0,0,0,0
2026,regular,2026-04-29,672012,Tyler Black,MIL,30,,,,,0,0,0,0,0,0
2026,regular,2026-04-29,663886,Tyler Stephenson,CIN,30,,,,,0,0,0,0,0,0
2026,regular,2026-04-29,621438,Tyrone Taylor,NYM,30,,,,,0,0,0,0,0,0
2026,regular,2026-04-29,687093,Vaughn Grissom,LAA,30,,,,,0,0,0,0,0,0
2026,regular,2026-04-29,605170,Victor Caratini,MIN,30,,,,,0,0,0,0,0,0
2026,regular,2026-04-29,687363,Victor Scott II,STL,30,,,,,0,0,0,0,0,0
2026,regular,2026-04-29,665489,Vladimir Guerrero Jr.,TOR,30,,,,,0,0,0,0,0,0
2026,regular,2026-04-29,672761,Wenceel Pérez,DET,30,,,,,0,0,0,0,0,0
2026,regular,2026-04-29,666181,Will Benson,CIN,30,,,,,0,0,0,0,0,0
2026,regular,2026-04-29,669257,Will Smith,LAD,30,,,,,0,0,0,0,0,0
2026,regular,2026-04-29,669717,Will Wilson,SEA,30,,,,,0,0,0,0,0,0
2026,regular,2026-04-29,650489,Willi Castro,COL,30,,,,,0,0,0,0,0,0
2026,regular,2026-04-29,661388,William Contreras,MIL,30,,,,,0,0,0,0,0,0
2026,regular,2026-04-29,575929,Willson Contreras,BOS,30,,,,,0,0,0,0,0,0
2026,regular,2026-04-29,677800,Wilyer Abreu,BOS,30,,,,,0,0,0,0,0,0
2026,regular,2026-04-29,593428,Xander Bogaerts,SDP,30,,,,,0,0,0,0,0,0
2026,regular,2026-04-29,669364,Xavier Edwards,MIA,30,,,,,0,0,0,0,0,0
2026,regular,2026-04-29,650490,Yandy Díaz,TBR,30,,,,,0,0,0,0,0,0
2026,regular,2026-04-29,682818,Yohendrick Pinango,TOR,30,,,,,0,0,0,0,0,0
2026,regular,2026-04-29,660162,Yoán Moncada,LAA,30,,,,,0,0,0,0,0,0
2026,regular,2026-04-29,687263,Zach Neto,LAA,30,,,,,0,0,0,0,0,0
2026,regular,2026-04-29,680869,Zack Gelof,ATH,30,,,,,0,0,0,0,0,0
2026,regular,2026-04-30,668939,Adley Rutschman,BAL,30,,,,,0,0,0,0,0,0
2026,regular,2026-04-30,666969,Adolis García,PHI,30,,,,,0,0,0,0,0,0
2026,regular,2026-04-30,680728,Adrian Del Castillo,ARI,30,,,,,0,0,0,0,0,0
2026,regular,2026-04-30,664761,Alec Bohm,PHI,30,,,,,0,0,0,0,0,0
2026,regular,2026-04-30,676475,Alec Burleson,STL,30,,,,,0,0,0,0,0,0
2026,regular,2026-04-30,677950,Alek Thomas,ARI,30,,,,,0,0,0,0,0,0
2026,regular,2026-04-30,665926,Andrés Giménez,TOR,30,,,,,0,0,0,0,0,0
2026,regular,2026-04-30,668885,Austin Martin,MIN,30,,,,,0,0,0,0,0,0
2026,regular,2026-04-30,663586,Austin Riley,ATL,30,,,,,0,0,0,0,0,0
2026,regular,2026-04-30,596103,Austin Slater,NYM,30,,,,,0,0,0,0,0,0
2026,regular,2026-04-30,642851,Austin Wynns,ATH,30,,,,,0,0,0,0,0,0
2026,regular,2026-04-30,677942,Blaze Alexander,BAL,30,,,,,0,0,0,0,0,0
2026,regular,2026-04-30,666182,Bo Bichette,NYM,30,,,,,0,0,0,0,0,0
2026,regular,2026-04-30,677951,Bobby Witt Jr.,KCR,30,,,,,0,0,0,0,0,0
2026,regular,2026-04-30,669699,Braden Shewmake,HOU,30,,,,,0,0,0,0,0,0
2026,regular,2026-04-30,664040,Brandon Lowe,PIT,30,,,,,0,0,0,0,0,0
2026,regular,2026-04-30,669016,Brandon Marsh,PHI,30,,,,,0,0,0,0,0,0
2026,regular,2026-04-30,678218,Brandon Valenzuela,TOR,30,,,,,0,0,0,0,0,0
2026,regular,2026-04-30,686668,Brenton Doyle,COL,30,,,,,0,0,0,0,0,0
2026,regular,2026-04-30,683146,Brett Baty,NYM,30,,,,,0,0,0,0,0,0
2026,regular,2026-04-30,694728,Brice Matthews,HOU,30,,,,,0,0,0,0,0,0
2026,regular,2026-04-30,668930,Brice Turang,MIL,30,,,,,0,0,0,0,0,0
2026,regular,2026-04-30,686797,Brooks Lee,MIN,30,,,,,0,0,0,0,0,0
2026,regular,2026-04-30,668804,Bryan Reynolds,PIT,30,,,,,0,0,0,0,0,0
2026,regular,2026-04-30,547180,Bryce Harper,PHI,30,,,,,0,0,0,0,0,0
2026,regular,2026-04-30,681082,Bryson Stott,PHI,30,,,,,0,0,0,0,0,0
2026,regular,2026-04-30,621439,Byron Buxton,MIN,30,,,,,0,0,0,0,0,0
2026,regular,2026-04-30,701358,Cam Smith,HOU,30,,,,,0,0,0,0,0,0
2026,regular,2026-04-30,621043,Carlos Correa,HOU,30,,,,,0,0,0,0,0,0
2026,regular,2026-04-30,666126,Carlos Cortes,ATH,30,,,,,0,0,0,0,0,0
2026,regular,2026-04-30,701807,Carson Benge,NYM,30,,,,,0,0,0,0,0,0
2026,regular,2026-04-30,695600,Carter Jensen,KCR,30,,,,,0,0,0,0,0,0
2026,regular,2026-04-30,669477,Casey Schmitt,SFG,30,,,,,0,0,0,0,0,0
2026,regular,2026-04-30,543877,Christian Vázquez,HOU,30,,,,,0,0,0,0,0,0
2026,regular,2026-04-30,572233,Christian Walker,HOU,30,,,,,0,0,0,0,0,0
2026,regular,2026-04-30,682928,CJ Abrams,WSN,30,,,,,0,0,0,0,0,0
2026,regular,2026-04-30,691723,Coby Mayo,BAL,30,,,,,0,0,0,0,0,0
2026,regular,2026-04-30,687515,Colby Thomas,ATH,30,,,,,0,0,0,0,0,0
2026,regular,2026-04-30,690993,Colt Keith,DET,30,,,,,0,0,0,0,0,0
2026,regular,2026-04-30,681297,Colton Cowser,BAL,30,,,,,0,0,0,0,0,0
2026,regular,2026-04-30,682998,Corbin Carroll,ARI,30,,,,,0,0,0,0,0,0
2026,regular,2026-04-30,678554,Curtis Mead,WSN,30,,,,,0,0,0,0,0,0
2026,regular,2026-04-30,667472,Dane Myers,CIN,30,,,,,0,0,0,0,0,0
2026,regular,2026-04-30,669288,Daniel Johnson,HOU,30,,,,,0,0,0,0,0,0
2026,regular,2026-04-30,687231,Darell Hernaiz,ATH,30,,,,,0,0,0,0,0,0
2026,regular,2026-04-30,662139,Daulton Varsho,TOR,30,,,,,0,0,0,0,0,0
2026,regular,2026-04-30,666152,David Hamilton,MIL,30,,,,,0,0,0,0,0,0
2026,regular,2026-04-30,676914,Davis Schneider,TOR,30,,,,,0,0,0,0,0,0
2026,regular,2026-04-30,695734,Daylen Lile,WSN,30,,,,,0,0,0,0,0,0
2026,regular,2026-04-30,693307,Dillon Dingler,DET,30,,,,,0,0,0,0,0,0
2026,regular,2026-04-30,642086,Dominic Smith,ATL,30,,,,,0,0,0,0,0,0
2026,regular,2026-04-30,686948,Drake Baldwin,ATL,30,,,,,0,0,0,0,0,0
2026,regular,2026-04-30,687551,Drew Gilbert,SFG,30,,,,,0,0,0,0,0,0
2026,regular,2026-04-30,686452,Drew Millas,WSN,30,,,,,0,0,0,0,0,0
2026,regular,2026-04-30,687957,Dustin Harris,HOU,30,,,,,0,0,0,0,0,0
2026,regular,2026-04-30,687637,Dylan Beavers,BAL,30,,,,,0,0,0,0,0,0
2026,regular,2026-04-30,664238,Dylan Moore,PHI,30,,,,,0,0,0,0,0,0
2026,regular,2026-04-30,624641,Edmundo Sosa,PHI,30,,,,,0,0,0,0,0,0
2026,regular,2026-04-30,666397,Edouard Julien,COL,30,,,,,0,0,0,0,0,0
2026,regular,2026-04-30,642201,Eli White,ATL,30,,,,,0,0,0,0,0,0
2026,regular,2026-04-30,553869,Elias Díaz,KCR,30,,,,,0,0,0,0,0,0
2026,regular,2026-04-30,682829,Elly De La Cruz,CIN,30,,,,,0,0,0,0,0,0
2026,regular,2026-04-30,606992,Eric Haase,SFG,30,,,,,0,0,0,0,0,0
2026,regular,2026-04-30,676391,Ernie Clement,TOR,30,,,,,0,0,0,0,0,0
2026,regular,2026-04-30,678662,Ezequiel Tovar,COL,30,,,,,0,0,0,0,0,0
2026,regular,2026-04-30,694025,Felix Reyes,PHI,30,,,,,0,0,0,0,0,0
2026,regular,2026-04-30,682626,Francisco Alvarez,NYM,30,,,,,0,0,0,0,0,0
2026,regular,2026-04-30,669003,Garrett Mitchell,MIL,30,,,,,0,0,0,0,0,0
2026,regular,2026-04-30,596117,Garrett Stubbs,PHI,30,,,,,0,0,0,0,0,0
2026,regular,2026-04-30,543807,George Springer,TOR,30,,,,,0,0,0,0,0,0
2026,regular,2026-04-30,672695,Geraldo Perdomo,ARI,30,,,,,0,0,0,0,0,0
2026,regular,2026-04-30,650402,Gleyber Torres,DET,30,,,,,0,0,0,0,0,0
2026,regular,2026-04-30,675659,Greg Jones,MIL,30,,,,,0,0,0,0,0,0
2026,regular,2026-04-30,683002,Gunnar Henderson,BAL,30,,,,,0,0,0,0,0,0
2026,regular,2026-04-30,701678,Hao-Yu  Lee,DET,30,,,,,0,0,0,0,0,0
2026,regular,2026-04-30,671218,Heliot Ramos,SFG,30,,,,,0,0,0,0,0,0
2026,regular,2026-04-30,680779,Henry Davis,PIT,30,,,,,0,0,0,0,0,0
2026,regular,2026-04-30,696100,Hunter Goodman,COL,30,,,,,0,0,0,0,0,0
2026,regular,2026-04-30,545121,Ildemaro Vargas,ARI,30,,,,,0,0,0,0,0,0
2026,regular,2026-04-30,686555,Isaac Collins,KCR,30,,,,,0,0,0,0,0,0
2026,regular,2026-04-30,670623,Isaac Paredes,HOU,30,,,,,0,0,0,0,0,0
2026,regular,2026-04-30,671056,Iván Herrera,STL,30,,,,,0,0,0,0,0,0
2026,regular,2026-04-30,695506,Jac Caglianone,KCR,30,,,,,0,0,0,0,0,0
2026,regular,2026-04-30,805779,Jacob Wilson,ATH,30,,,,,0,0,0,0,0,0
2026,regular,2026-04-30,696285,Jacob Young,WSN,30,,,,,0,0,0,0,0,0
2026,regular,2026-04-30,663330,Jahmai Jones,DET,30,,,,,0,0,0,0,0,0
2026,regular,2026-04-30,641343,Jake Bauers,MIL,30,,,,,0,0,0,0,0,0
2026,regular,2026-04-30,663968,Jake Mangum,PIT,30,,,,,0,0,0,0,0,0
2026,regular,2026-04-30,664983,Jake McCarthy,COL,30,,,,,0,0,0,0,0,0
2026,regular,2026-04-30,668670,Jake Rogers,DET,30,,,,,0,0,0,0,0,0
2026,regular,2026-04-30,543510,James McCann,ARI,30,,,,,0,0,0,0,0,0
2026,regular,2026-04-30,681546,James Outman,MIN,30,,,,,0,0,0,0,0,0
2026,regular,2026-04-30,695578,James Wood,WSN,30,,,,,0,0,0,0,0,0
2026,regular,2026-04-30,643446,Jeff McNeil,ATH,30,,,,,0,0,0,0,0,0
2026,regular,2026-04-30,666464,Jerar Encarnacion,SFG,30,,,,,0,0,0,0,0,0
2026,regular,2026-04-30,669236,Jeremiah Jackson,BAL,30,,,,,0,0,0,0,0,0
2026,regular,2026-04-30,660821,Jesús Sánchez,TOR,30,,,,,0,0,0,0,0,0
2026,regular,2026-04-30,668709,JJ Bleday,CIN,30,,,,,0,0,0,0,0,0
2026,regular,2026-04-30,802139,JJ Wetherholt,STL,30,,,,,0,0,0,0,0,0
2026,regular,2026-04-30,678391,Jorbit Vivas,WSN,30,,,,,0,0,0,0,0,0
2026,regular,2026-04-30,687597,Jordan Beck,COL,30,,,,,0,0,0,0,0,0
2026,regular,2026-04-30,691023,Jordan Walker,STL,30,,,,,0,0,0,0,0,0
2026,regular,2026-04-30,678489,Jorge Barrosa,ARI,30,,,,,0,0,0,0,0,0
2026,regular,2026-04-30,622761,Jorge Mateo,ATL,30,,,,,0,0,0,0,0,0
2026,regular,2026-04-30,514888,Jose Altuve,HOU,30,,,,,0,0,0,0,0,0
2026,regular,2026-04-30,699912,Jose Fernandez,ARI,30,,,,,0,0,0,0,0,0
2026,regular,2026-04-30,605137,Josh Bell,MIN,30,,,,,0,0,0,0,0,0
2026,regular,2026-04-30,677588,José Tena,WSN,30,,,,,0,0,0,0,0,0
2026,regular,2026-04-30,665742,Juan Soto,NYM,30,,,,,0,0,0,0,0,0
2026,regular,2026-04-30,808982,Jung Hoo Lee,SFG,30,,,,,0,0,0,0,0,0
2026,regular,2026-04-30,702222,Justin Crawford,PHI,30,,,,,0,0,0,0,0,0
2026,regular,2026-04-30,672960,Kazuma Okamoto,TOR,30,,,,,0,0,0,0,0,0
2026,regular,2026-04-30,663647,Ke'Bryan Hayes,CIN,30,,,,,0,0,0,0,0,0
2026,regular,2026-04-30,660688,Keibert Ruiz,WSN,30,,,,,0,0,0,0,0,0
2026,regular,2026-04-30,681481,Kerry Carpenter,DET,30,,,,,0,0,0,0,0,0
2026,regular,2026-04-30,606466,Ketel Marte,ARI,30,,,,,0,0,0,0,0,0
2026,regular,2026-04-30,805808,Kevin McGonigle,DET,30,,,,,0,0,0,0,0,0
2026,regular,2026-04-30,665019,Kody Clemens,MIN,30,,,,,0,0,0,0,0,0
2026,regular,2026-04-30,804606,Konnor Griffin,PIT,30,,,,,0,0,0,0,0,0
2026,regular,2026-04-30,571657,Kyle Farmer,ATL,30,,,,,0,0,0,0,0,0
2026,regular,2026-04-30,691720,Kyle Karros,COL,30,,,,,0,0,0,0,0,0
2026,regular,2026-04-30,656941,Kyle Schwarber,PHI,30,,,,,0,0,0,0,0,0
2026,regular,2026-04-30,657041,Lane Thomas,KCR,30,,,,,0,0,0,0,0,0
2026,regular,2026-04-30,671732,Lawrence Butler,ATH,30,,,,,0,0,0,0,0,0
2026,regular,2026-04-30,665750,Leody Taveras,BAL,30,,,,,0,0,0,0,0,0
2026,regular,2026-04-30,666971,Lourdes Gurriel Jr.,ARI,30,,,,,0,0,0,0,0,0
2026,regular,2026-04-30,650333,Luis Arraez,SFG,30,,,,,0,0,0,0,0,0
2026,regular,2026-04-30,671277,Luis García Jr.,WSN,30,,,,,0,0,0,0,0,0
2026,regular,2026-04-30,650859,Luis Rengifo,MIL,30,,,,,0,0,0,0,0,0
2026,regular,2026-04-30,620443,Luis Torrens,NYM,30,,,,,0,0,0,0,0,0
2026,regular,2026-04-30,807712,Luke Keaschall,MIN,30,,,,,0,0,0,0,0,0
2026,regular,2026-04-30,672580,Maikel Garcia,KCR,30,,,,,0,0,0,0,0,0
2026,regular,2026-04-30,543760,Marcus Semien,NYM,30,,,,,0,0,0,0,0,0
2026,regular,2026-04-30,668901,Mark Vientos,NYM,30,,,,,0,0,0,0,0,0
2026,regular,2026-04-30,691026,Masyn Winn,STL,30,,,,,0,0,0,0,0,0
2026,regular,2026-04-30,656305,Matt Chapman,SFG,30,,,,,0,0,0,0,0,0
2026,regular,2026-04-30,680574,Matt McLain,CIN,30,,,,,0,0,0,0,0,0
2026,regular,2026-04-30,621566,Matt Olson,ATL,30,,,,,0,0,0,0,0,0
2026,regular,2026-04-30,663837,Matt Vierling,DET,30,,,,,0,0,0,0,0,0
2026,regular,2026-04-30,643289,Mauricio Dubón,ATL,30,,,,,0,0,0,0,0,0
2026,regular,2026-04-30,671739,Michael Harris II,ATL,30,,,,,0,0,0,0,0,0
2026,regular,2026-04-30,686681,Michael Massey,KCR,30,,,,,0,0,0,0,0,0
2026,regular,2026-04-30,666160,Mickey Moniak,COL,30,,,,,0,0,0,0,0,0
2026,regular,2026-04-30,573262,Mike Yastrzemski,ATL,30,,,,,0,0,0,0,0,0
2026,regular,2026-04-30,669004,MJ Melendez,NYM,30,,,,,0,0,0,0,0,0
2026,regular,2026-04-30,683083,Nasim Nuñez,WSN,30,,,,,0,0,0,0,0,0
2026,regular,2026-04-30,701675,Nathan Church,STL,30,,,,,0,0,0,0,0,0
2026,regular,2026-04-30,663993,Nathaniel Lowe,CIN,30,,,,,0,0,0,0,0,0
2026,regular,2026-04-30,693304,Nick Gonzales,PIT,30,,,,,0,0,0,0,0,0
2026,regular,2026-04-30,701762,Nick Kurtz,ATH,30,,,,,0,0,0,0,0,0
2026,regular,2026-04-30,679845,Nick Loftin,KCR,30,,,,,0,0,0,0,0,0
2026,regular,2026-04-30,694377,Nick Yorke,PIT,30,,,,,0,0,0,0,0,0
2026,regular,2026-04-30,571448,Nolan Arenado,ARI,30,,,,,0,0,0,0,0,0
2026,regular,2026-04-30,669357,Nolan Gorman,STL,30,,,,,0,0,0,0,0,0
2026,regular,2026-04-30,665833,Oneil Cruz,PIT,30,,,,,0,0,0,0,0,0
2026,regular,2026-04-30,645277,Ozzie Albies,ATL,30,,,,,0,0,0,0,0,0
2026,regular,2026-04-30,672275,Patrick Bailey,SFG,30,,,,,0,0,0,0,0,0
2026,regular,2026-04-30,686780,Pedro Pagés,STL,30,,,,,0,0,0,0,0,0
2026,regular,2026-04-30,624413,Pete Alonso,BAL,30,,,,,0,0,0,0,0,0
2026,regular,2026-04-30,646240,Rafael Devers,SFG,30,,,,,0,0,0,0,0,0
2026,regular,2026-04-30,665561,Rafael Marchán,PHI,30,,,,,0,0,0,0,0,0
2026,regular,2026-04-30,682985,Riley Greene,DET,30,,,,,0,0,0,0,0,0
2026,regular,2026-04-30,660670,Ronald Acuña Jr.,ATL,30,,,,,0,0,0,0,0,0
2026,regular,2026-04-30,677595,Ronny Mauricio,NYM,30,,,,,0,0,0,0,0,0
2026,regular,2026-04-30,668904,Royce Lewis,MIN,30,,,,,0,0,0,0,0,0
2026,regular,2026-04-30,680777,Ryan Jeffers,MIN,30,,,,,0,0,0,0,0,0
2026,regular,2026-04-30,656811,Ryan O'Hearn,PIT,30,,,,,0,0,0,0,0,0
2026,regular,2026-04-30,686217,Sal Frelick,MIL,30,,,,,0,0,0,0,0,0
2026,regular,2026-04-30,701398,Sal Stewart,CIN,30,,,,,0,0,0,0,0,0
2026,regular,2026-04-30,521692,Salvador Perez,KCR,30,,,,,0,0,0,0,0,0
2026,regular,2026-04-30,694212,Samuel Basallo,BAL,30,,,,,0,0,0,0,0,0
2026,regular,2026-04-30,694376,Shay Whitcomb,HOU,30,,,,,0,0,0,0,0,0
2026,regular,2026-04-30,669127,Shea Langeliers,ATH,30,,,,,0,0,0,0,0,0
2026,regular,2026-04-30,687462,Spencer Horwitz,PIT,30,,,,,0,0,0,0,0,0
2026,regular,2026-04-30,668715,Spencer Steer,CIN,30,,,,,0,0,0,0,0,0
2026,regular,2026-04-30,679529,Spencer Torkelson,DET,30,,,,,0,0,0,0,0,0
2026,regular,2026-04-30,516782,Starling Marte,KCR,30,,,,,0,0,0,0,0,0
2026,regular,2026-04-30,621493,Taylor Ward,BAL,30,,,,,0,0,0,0,0,0
2026,regular,2026-04-30,694374,Tim Tawa,ARI,30,,,,,0,0,0,0,0,0
2026,regular,2026-04-30,670770,TJ Friedl,CIN,30,,,,,0,0,0,0,0,0
2026,regular,2026-04-30,681198,TJ Rumfield,COL,30,,,,,0,0,0,0,0,0
2026,regular,2026-04-30,607208,Trea Turner,PHI,30,,,,,0,0,0,0,0,0
2026,regular,2026-04-30,663616,Trevor Larnach,MIN,30,,,,,0,0,0,0,0,0
2026,regular,2026-04-30,687859,Troy Johnston,COL,30,,,,,0,0,0,0,0,0
2026,regular,2026-04-30,672012,Tyler Black,MIL,30,,,,,0,0,0,0,0,0
2026,regular,2026-04-30,671289,Tyler Freeman,COL,30,,,,,0,0,0,0,0,0
2026,regular,2026-04-30,641933,Tyler O'Neill,BAL,30,,,,,0,0,0,0,0,0
2026,regular,2026-04-30,663886,Tyler Stephenson,CIN,30,,,,,0,0,0,0,0,0
2026,regular,2026-04-30,621438,Tyrone Taylor,NYM,30,,,,,0,0,0,0,0,0
2026,regular,2026-04-30,687363,Victor Scott II,STL,30,,,,,0,0,0,0,0,0
2026,regular,2026-04-30,686469,Vinnie Pasquantino,KCR,30,,,,,0,0,0,0,0,0
2026,regular,2026-04-30,665489,Vladimir Guerrero Jr.,TOR,30,,,,,0,0,0,0,0,0
2026,regular,2026-04-30,672761,Wenceel Pérez,DET,30,,,,,0,0,0,0,0,0
2026,regular,2026-04-30,642215,Weston Wilson,BAL,30,,,,,0,0,0,0,0,0
2026,regular,2026-04-30,666181,Will Benson,CIN,30,,,,,0,0,0,0,0,0
2026,regular,2026-04-30,686823,Will Brennan,SFG,30,,,,,0,0,0,0,0,0
2026,regular,2026-04-30,650489,Willi Castro,COL,30,,,,,0,0,0,0,0,0
2026,regular,2026-04-30,661388,William Contreras,MIL,30,,,,,0,0,0,0,0,0
2026,regular,2026-04-30,642715,Willy Adames,SFG,30,,,,,0,0,0,0,0,0
2026,regular,2026-04-30,673237,Yainer Diaz,HOU,30,,,,,0,0,0,0,0,0
2026,regular,2026-04-30,682818,Yohendrick Pinango,TOR,30,,,,,0,0,0,0,0,0
2026,regular,2026-04-30,670541,Yordan Alvarez,HOU,30,,,,,0,0,0,0,0,0
2026,regular,2026-04-30,680869,Zack Gelof,ATH,30,,,,,0,0,0,0,0,0
2026,regular,2026-05-01,592450,Aaron Judge,NYY,30,,,,,0,0,0,0,0,0
2026,regular,2026-05-01,624428,Adam Frazier,LAA,30,,,,,0,0,0,0,0,0
2026,regular,2026-05-01,668939,Adley Rutschman,BAL,30,,,,,0,0,0,0,0,0
2026,regular,2026-05-01,666969,Adolis García,PHI,30,,,,,0,0,0,0,0,0
2026,regular,2026-05-01,680728,Adrian Del Castillo,ARI,30,,,,,0,0,0,0,0,0
2026,regular,2026-05-01,682663,Agustín Ramírez,MIA,30,,,,,0,0,0,0,0,0
2026,regular,2026-05-01,664761,Alec Bohm,PHI,30,,,,,0,0,0,0,0,0
2026,regular,2026-05-01,676475,Alec Burleson,STL,30,,,,,0,0,0,0,0,0
2026,regular,2026-05-01,696030,Alejandro Osuna,TEX,30,,,,,0,0,0,0,0,0
2026,regular,2026-05-01,677950,Alek Thomas,ARI,30,,,,,0,0,0,0,0,0
2026,regular,2026-05-01,608324,Alex Bregman,CHC,30,,,,,0,0,0,0,0,0
2026,regular,2026-05-01,642708,Amed Rosario,NYY,30,,,,,0,0,0,0,0,0
2026,regular,2026-05-01,643217,Andrew Benintendi,CHW,30,,,,,0,0,0,0,0,0
2026,regular,2026-05-01,665926,Andrés Giménez,TOR,30,,,,,0,0,0,0,0,0
2026,regular,2026-05-01,681624,Andy Pages,LAD,30,,,,,0,0,0,0,0,0
2026,regular,2026-05-01,682657,Angel Martínez,CLE,30,,,,,0,0,0,0,0,0
2026,regular,2026-05-01,669720,Austin Hays,CHW,30,,,,,0,0,0,0,0,0
2026,regular,2026-05-01,668885,Austin Martin,MIN,30,,,,,0,0,0,0,0,0
2026,regular,2026-05-01,663586,Austin Riley,ATL,30,,,,,0,0,0,0,0,0
2026,regular,2026-05-01,596103,Austin Slater,NYM,30,,,,,0,0,0,0,0,0
2026,regular,2026-05-01,669224,Austin Wells,NYY,30,,,,,0,0,0,0,0,0
2026,regular,2026-05-01,700250,Ben Rice,NYY,30,,,,,0,0,0,0,0,0
2026,regular,2026-05-01,810938,Ben Williamson,TBR,30,,,,,0,0,0,0,0,0
2026,regular,2026-05-01,695257,Billy Cook,PIT,30,,,,,0,0,0,0,0,0
2026,regular,2026-05-01,663368,Blake Perkins,MIL,30,,,,,0,0,0,0,0,0
2026,regular,2026-05-01,677942,Blaze Alexander,BAL,30,,,,,0,0,0,0,0,0
2026,regular,2026-05-01,666182,Bo Bichette,NYM,30,,,,,0,0,0,0,0,0
2026,regular,2026-05-01,666310,Bo Naylor,CLE,30,,,,,0,0,0,0,0,0
2026,regular,2026-05-01,677951,Bobby Witt Jr.,KCR,30,,,,,0,0,0,0,0,0
2026,regular,2026-05-01,691781,Brady House,WSN,30,,,,,0,0,0,0,0,0
2026,regular,2026-05-01,664040,Brandon Lowe,PIT,30,,,,,0,0,0,0,0,0
2026,regular,2026-05-01,669016,Brandon Marsh,PHI,30,,,,,0,0,0,0,0,0
2026,regular,2026-05-01,607043,Brandon Nimmo,TEX,30,,,,,0,0,0,0,0,0
2026,regular,2026-05-01,677587,Brayan Rocchio,CLE,30,,,,,0,0,0,0,0,0
2026,regular,2026-05-01,667670,Brent Rooker,ATH,30,,,,,0,0,0,0,0,0
2026,regular,2026-05-01,686668,Brenton Doyle,COL,30,,,,,0,0,0,0,0,0
2026,regular,2026-05-01,683146,Brett Baty,NYM,30,,,,,0,0,0,0,0,0
2026,regular,2026-05-01,694728,Brice Matthews,HOU,30,,,,,0,0,0,0,0,0
2026,regular,2026-05-01,668930,Brice Turang,MIL,30,,,,,0,0,0,0,0,0
2026,regular,2026-05-01,686797,Brooks Lee,MIN,30,,,,,0,0,0,0,0,0
2026,regular,2026-05-01,668804,Bryan Reynolds,PIT,30,,,,,0,0,0,0,0,0
2026,regular,2026-05-01,547180,Bryce Harper,PHI,30,,,,,0,0,0,0,0,0
2026,regular,2026-05-01,669369,Bryce Johnson,SDP,30,,,,,0,0,0,0,0,0
2026,regular,2026-05-01,681082,Bryson Stott,PHI,30,,,,,0,0,0,0,0,0
2026,regular,2026-05-01,621439,Byron Buxton,MIN,30,,,,,0,0,0,0,0,0
2026,regular,2026-05-01,663728,Cal Raleigh,SEA,30,,,,,0,0,0,0,0,0
2026,regular,2026-05-01,702332,Caleb Durbin,BOS,30,,,,,0,0,0,0,0,0
2026,regular,2026-05-01,701358,Cam Smith,HOU,30,,,,,0,0,0,0,0,0
2026,regular,2026-05-01,621043,Carlos Correa,HOU,30,,,,,0,0,0,0,0,0
2026,regular,2026-05-01,666126,Carlos Cortes,ATH,30,,,,,0,0,0,0,0,0
2026,regular,2026-05-01,665966,Carlos Narváez,BOS,30,,,,,0,0,0,0,0,0
2026,regular,2026-05-01,701807,Carson Benge,NYM,30,,,,,0,0,0,0,0,0
2026,regular,2026-05-01,608348,Carson Kelly,CHC,30,,,,,0,0,0,0,0,0
2026,regular,2026-05-01,695600,Carter Jensen,KCR,30,,,,,0,0,0,0,0,0
2026,regular,2026-05-01,669477,Casey Schmitt,SFG,30,,,,,0,0,0,0,0,0
2026,regular,2026-05-01,678882,Ceddanne Rafaela,BOS,30,,,,,0,0,0,0,0,0
2026,regular,2026-05-01,802415,Chandler Simpson,TBR,30,,,,,0,0,0,0,0,0
2026,regular,2026-05-01,800050,Chase DeLauter,CLE,30,,,,,0,0,0,0,0,0
2026,regular,2026-05-01,805367,Chase Meidroth,CHW,30,,,,,0,0,0,0,0,0
2026,regular,2026-05-01,543877,Christian Vázquez,HOU,30,,,,,0,0,0,0,0,0
2026,regular,2026-05-01,572233,Christian Walker,HOU,30,,,,,0,0,0,0,0,0
2026,regular,2026-05-01,666624,Christopher Morel,MIA,30,,,,,0,0,0,0,0,0
2026,regular,2026-05-01,682928,CJ Abrams,WSN,30,,,,,0,0,0,0,0,0
2026,regular,2026-05-01,691723,Coby Mayo,BAL,30,,,,,0,0,0,0,0,0
2026,regular,2026-05-01,641355,Cody Bellinger,NYY,30,,,,,0,0,0,0,0,0
2026,regular,2026-05-01,687515,Colby Thomas,ATH,30,,,,,0,0,0,0,0,0
2026,regular,2026-05-01,702284,Cole Young,SEA,30,,,,,0,0,0,0,0,0
2026,regular,2026-05-01,695657,Colson Montgomery,CHW,30,,,,,0,0,0,0,0,0
2026,regular,2026-05-01,681297,Colton Cowser,BAL,30,,,,,0,0,0,0,0,0
2026,regular,2026-05-01,656582,Connor Joe,SEA,30,,,,,0,0,0,0,0,0
2026,regular,2026-05-01,681393,Connor Norby,MIA,30,,,,,0,0,0,0,0,0
2026,regular,2026-05-01,682998,Corbin Carroll,ARI,30,,,,,0,0,0,0,0,0
2026,regular,2026-05-01,608369,Corey Seager,TEX,30,,,,,0,0,0,0,0,0
2026,regular,2026-05-01,678554,Curtis Mead,WSN,30,,,,,0,0,0,0,0,0
2026,regular,2026-05-01,669288,Daniel Johnson,HOU,30,,,,,0,0,0,0,0,0
2026,regular,2026-05-01,682177,Daniel Schneemann,CLE,30,,,,,0,0,0,0,0,0
2026,regular,2026-05-01,643376,Danny Jansen,TEX,30,,,,,0,0,0,0,0,0
2026,regular,2026-05-01,621020,Dansby Swanson,CHC,30,,,,,0,0,0,0,0,0
2026,regular,2026-05-01,687231,Darell Hernaiz,ATH,30,,,,,0,0,0,0,0,0
2026,regular,2026-05-01,662139,Daulton Varsho,TOR,30,,,,,0,0,0,0,0,0
2026,regular,2026-05-01,666152,David Hamilton,MIL,30,,,,,0,0,0,0,0,0
2026,regular,2026-05-01,676914,Davis Schneider,TOR,30,,,,,0,0,0,0,0,0
2026,regular,2026-05-01,695734,Daylen Lile,WSN,30,,,,,0,0,0,0,0,0
2026,regular,2026-05-01,656537,Derek Hill,CHW,30,,,,,0,0,0,0,0,0
2026,regular,2026-05-01,693307,Dillon Dingler,DET,30,,,,,0,0,0,0,0,0
2026,regular,2026-05-01,686527,Dominic Canzone,SEA,30,,,,,0,0,0,0,0,0
2026,regular,2026-05-01,686948,Drake Baldwin,ATL,30,,,,,0,0,0,0,0,0
2026,regular,2026-05-01,687551,Drew Gilbert,SFG,30,,,,,0,0,0,0,0,0
2026,regular,2026-05-01,686452,Drew Millas,WSN,30,,,,,0,0,0,0,0,0
2026,regular,2026-05-01,691011,Drew Romo,CHW,30,,,,,0,0,0,0,0,0
2026,regular,2026-05-01,687957,Dustin Harris,HOU,30,,,,,0,0,0,0,0,0
2026,regular,2026-05-01,687637,Dylan Beavers,BAL,30,,,,,0,0,0,0,0,0
2026,regular,2026-05-01,664238,Dylan Moore,PHI,30,,,,,0,0,0,0,0,0
2026,regular,2026-05-01,624641,Edmundo Sosa,PHI,30,,,,,0,0,0,0,0,0
2026,regular,2026-05-01,666397,Edouard Julien,COL,30,,,,,0,0,0,0,0,0
2026,regular,2026-05-01,642201,Eli White,ATL,30,,,,,0,0,0,0,0,0
2026,regular,2026-05-01,682829,Elly De La Cruz,CIN,30,,,,,0,0,0,0,0,0
2026,regular,2026-05-01,606992,Eric Haase,SFG,30,,,,,0,0,0,0,0,0
2026,regular,2026-05-01,694497,Evan Carter,TEX,30,,,,,0,0,0,0,0,0
2026,regular,2026-05-01,677649,Ezequiel Duran,TEX,30,,,,,0,0,0,0,0,0
2026,regular,2026-05-01,678662,Ezequiel Tovar,COL,30,,,,,0,0,0,0,0,0
2026,regular,2026-05-01,665487,Fernando Tatis Jr.,SDP,30,,,,,0,0,0,0,0,0
2026,regular,2026-05-01,682626,Francisco Alvarez,NYM,30,,,,,0,0,0,0,0,0
2026,regular,2026-05-01,518692,Freddie Freeman,LAD,30,,,,,0,0,0,0,0,0
2026,regular,2026-05-01,666023,Freddy Fermin,SDP,30,,,,,0,0,0,0,0,0
2026,regular,2026-05-01,672515,Gabriel Moreno,ARI,30,,,,,0,0,0,0,0,0
2026,regular,2026-05-01,669003,Garrett Mitchell,MIL,30,,,,,0,0,0,0,0,0
2026,regular,2026-05-01,596142,Gary Sánchez,MIL,30,,,,,0,0,0,0,0,0
2026,regular,2026-05-01,543807,George Springer,TOR,30,,,,,0,0,0,0,0,0
2026,regular,2026-05-01,672695,Geraldo Perdomo,ARI,30,,,,,0,0,0,0,0,0
2026,regular,2026-05-01,650402,Gleyber Torres,DET,30,,,,,0,0,0,0,0,0
2026,regular,2026-05-01,683002,Gunnar Henderson,BAL,30,,,,,0,0,0,0,0,0
2026,regular,2026-05-01,701678,Hao-Yu  Lee,DET,30,,,,,0,0,0,0,0,0
2026,regular,2026-05-01,671218,Heliot Ramos,SFG,30,,,,,0,0,0,0,0,0
2026,regular,2026-05-01,680779,Henry Davis,PIT,30,,,,,0,0,0,0,0,0
2026,regular,2026-05-01,696100,Hunter Goodman,COL,30,,,,,0,0,0,0,0,0
2026,regular,2026-05-01,808975,Hyeseong Kim,LAD,30,,,,,0,0,0,0,0,0
2026,regular,2026-05-01,664023,Ian Happ,CHC,30,,,,,0,0,0,0,0,0
2026,regular,2026-05-01,545121,Ildemaro Vargas,ARI,30,,,,,0,0,0,0,0,0
2026,regular,2026-05-01,686555,Isaac Collins,KCR,30,,,,,0,0,0,0,0,0
2026,regular,2026-05-01,670623,Isaac Paredes,HOU,30,,,,,0,0,0,0,0,0
2026,regular,2026-05-01,671056,Iván Herrera,STL,30,,,,,0,0,0,0,0,0
2026,regular,2026-05-01,641487,J.P. Crawford,SEA,30,,,,,0,0,0,0,0,0
2026,regular,2026-05-01,695506,Jac Caglianone,KCR,30,,,,,0,0,0,0,0,0
2026,regular,2026-05-01,805779,Jacob Wilson,ATH,30,,,,,0,0,0,0,0,0
2026,regular,2026-05-01,696285,Jacob Young,WSN,30,,,,,0,0,0,0,0,0
2026,regular,2026-05-01,663330,Jahmai Jones,DET,30,,,,,0,0,0,0,0,0
2026,regular,2026-05-01,641343,Jake Bauers,MIL,30,,,,,0,0,0,0,0,0
2026,regular,2026-05-01,669394,Jake Burger,TEX,30,,,,,0,0,0,0,0,0
2026,regular,2026-05-01,641584,Jake Fraley,TBR,30,,,,,0,0,0,0,0,0
2026,regular,2026-05-01,663968,Jake Mangum,PIT,30,,,,,0,0,0,0,0,0
2026,regular,2026-05-01,664983,Jake McCarthy,COL,30,,,,,0,0,0,0,0,0
2026,regular,2026-05-01,805300,Jakob Marsee,MIA,30,,,,,0,0,0,0,0,0
2026,regular,2026-05-01,681546,James Outman,MIN,30,,,,,0,0,0,0,0,0
2026,regular,2026-05-01,695578,James Wood,WSN,30,,,,,0,0,0,0,0,0
2026,regular,2026-05-01,680776,Jarren Duran,BOS,30,,,,,0,0,0,0,0,0
2026,regular,2026-05-01,691594,Javier Sanoja,MIA,30,,,,,0,0,0,0,0,0
2026,regular,2026-05-01,665862,Jazz Chisholm Jr.,NYY,30,,,,,0,0,0,0,0,0
2026,regular,2026-05-01,643446,Jeff McNeil,ATH,30,,,,,0,0,0,0,0,0
2026,regular,2026-05-01,666464,Jerar Encarnacion,SFG,30,,,,,0,0,0,0,0,0
2026,regular,2026-05-01,669236,Jeremiah Jackson,BAL,30,,,,,0,0,0,0,0,0
2026,regular,2026-05-01,660821,Jesús Sánchez,TOR,30,,,,,0,0,0,0,0,0
2026,regular,2026-05-01,668709,JJ Bleday,CIN,30,,,,,0,0,0,0,0,0
2026,regular,2026-05-01,802139,JJ Wetherholt,STL,30,,,,,0,0,0,0,0,0
2026,regular,2026-05-01,666176,Jo Adell,LAA,30,,,,,0,0,0,0,0,0
2026,regular,2026-05-01,592626,Joc Pederson,TEX,30,,,,,0,0,0,0,0,0
2026,regular,2026-05-01,687401,Joey Ortiz,MIL,30,,,,,0,0,0,0,0,0
2026,regular,2026-05-01,686894,Joey Wiemer,WSN,30,,,,,0,0,0,0,0,0
2026,regular,2026-05-01,641680,Jonah Heim,ATL,30,,,,,0,0,0,0,0,0
2026,regular,2026-05-01,666018,Jonathan Aranda,TBR,30,,,,,0,0,0,0,0,0
2026,regular,2026-05-01,676356,Jonny DeLuca,TBR,30,,,,,0,0,0,0,0,0
2026,regular,2026-05-01,678391,Jorbit Vivas,WSN,30,,,,,0,0,0,0,0,0
2026,regular,2026-05-01,687597,Jordan Beck,COL,30,,,,,0,0,0,0,0,0
2026,regular,2026-05-01,691023,Jordan Walker,STL,30,,,,,0,0,0,0,0,0
2026,regular,2026-05-01,678489,Jorge Barrosa,ARI,30,,,,,0,0,0,0,0,0
2026,regular,2026-05-01,622761,Jorge Mateo,ATL,30,,,,,0,0,0,0,0,0
2026,regular,2026-05-01,624585,Jorge Soler,LAA,30,,,,,0,0,0,0,0,0
2026,regular,2026-05-01,514888,Jose Altuve,HOU,30,,,,,0,0,0,0,0,0
2026,regular,2026-05-01,699912,Jose Fernandez,ARI,30,,,,,0,0,0,0,0,0
2026,regular,2026-05-01,605137,Josh Bell,MIN,30,,,,,0,0,0,0,0,0
2026,regular,2026-05-01,673962,Josh Jung,TEX,30,,,,,0,0,0,0,0,0
2026,regular,2026-05-01,666139,Josh Lowe,LAA,30,,,,,0,0,0,0,0,0
2026,regular,2026-05-01,647304,Josh Naylor,SEA,30,,,,,0,0,0,0,0,0
2026,regular,2026-05-01,669701,Josh Smith,TEX,30,,,,,0,0,0,0,0,0
2026,regular,2026-05-01,676609,José Caballero,NYY,30,,,,,0,0,0,0,0,0
2026,regular,2026-05-01,608070,José Ramírez,CLE,30,,,,,0,0,0,0,0,0
2026,regular,2026-05-01,677588,José Tena,WSN,30,,,,,0,0,0,0,0,0
2026,regular,2026-05-01,665742,Juan Soto,NYM,30,,,,,0,0,0,0,0,0
2026,regular,2026-05-01,677594,Julio Rodríguez,SEA,30,,,,,0,0,0,0,0,0
2026,regular,2026-05-01,808982,Jung Hoo Lee,SFG,30,,,,,0,0,0,0,0,0
2026,regular,2026-05-01,691406,Junior Caminero,TBR,30,,,,,0,0,0,0,0,0
2026,regular,2026-05-01,702222,Justin Crawford,PHI,30,,,,,0,0,0,0,0,0
2026,regular,2026-05-01,672960,Kazuma Okamoto,TOR,30,,,,,0,0,0,0,0,0
2026,regular,2026-05-01,663647,Ke'Bryan Hayes,CIN,30,,,,,0,0,0,0,0,0
2026,regular,2026-05-01,681481,Kerry Carpenter,DET,30,,,,,0,0,0,0,0,0
2026,regular,2026-05-01,606466,Ketel Marte,ARI,30,,,,,0,0,0,0,0,0
2026,regular,2026-05-01,805808,Kevin McGonigle,DET,30,,,,,0,0,0,0,0,0
2026,regular,2026-05-01,804606,Konnor Griffin,PIT,30,,,,,0,0,0,0,0,0
2026,regular,2026-05-01,571657,Kyle Farmer,ATL,30,,,,,0,0,0,0,0,0
2026,regular,2026-05-01,664728,Kyle Isbel,KCR,30,,,,,0,0,0,0,0,0
2026,regular,2026-05-01,700932,Kyle Manzardo,CLE,30,,,,,0,0,0,0,0,0
2026,regular,2026-05-01,656941,Kyle Schwarber,PHI,30,,,,,0,0,0,0,0,0
2026,regular,2026-05-01,669065,Kyle Stowers,MIA,30,,,,,0,0,0,0,0,0
2026,regular,2026-05-01,663656,Kyle Tucker,LAD,30,,,,,0,0,0,0,0,0
2026,regular,2026-05-01,657041,Lane Thomas,KCR,30,,,,,0,0,0,0,0,0
2026,regular,2026-05-01,671732,Lawrence Butler,ATH,30,,,,,0,0,0,0,0,0
2026,regular,2026-05-01,672820,Lenyn Sosa,TOR,30,,,,,0,0,0,0,0,0
2026,regular,2026-05-01,660844,Leo Rivas,SEA,30,,,,,0,0,0,0,0,0
2026,regular,2026-05-01,665750,Leody Taveras,BAL,30,,,,,0,0,0,0,0,0
2026,regular,2026-05-01,689414,Liam Hicks,MIA,30,,,,,0,0,0,0,0,0
2026,regular,2026-05-01,650333,Luis Arraez,SFG,30,,,,,0,0,0,0,0,0
2026,regular,2026-05-01,671277,Luis García Jr.,WSN,30,,,,,0,0,0,0,0,0
2026,regular,2026-05-01,650859,Luis Rengifo,MIL,30,,,,,0,0,0,0,0,0
2026,regular,2026-05-01,682668,Luisangel Acuña,CHW,30,,,,,0,0,0,0,0,0
2026,regular,2026-05-01,807712,Luke Keaschall,MIN,30,,,,,0,0,0,0,0,0
2026,regular,2026-05-01,670042,Luke Raley,SEA,30,,,,,0,0,0,0,0,0
2026,regular,2026-05-01,672580,Maikel Garcia,KCR,30,,,,,0,0,0,0,0,0
2026,regular,2026-05-01,592518,Manny Machado,SDP,30,,,,,0,0,0,0,0,0
2026,regular,2026-05-01,542303,Marcell Ozuna,PIT,30,,,,,0,0,0,0,0,0
2026,regular,2026-05-01,691785,Marcelo Mayer,BOS,30,,,,,0,0,0,0,0,0
2026,regular,2026-05-01,543760,Marcus Semien,NYM,30,,,,,0,0,0,0,0,0
2026,regular,2026-05-01,691026,Masyn Winn,STL,30,,,,,0,0,0,0,0,0
2026,regular,2026-05-01,656305,Matt Chapman,SFG,30,,,,,0,0,0,0,0,0
2026,regular,2026-05-01,680574,Matt McLain,CIN,30,,,,,0,0,0,0,0,0
2026,regular,2026-05-01,621566,Matt Olson,ATL,30,,,,,0,0,0,0,0,0
2026,regular,2026-05-01,807713,Matt Shaw,CHC,30,,,,,0,0,0,0,0,0
2026,regular,2026-05-01,663837,Matt Vierling,DET,30,,,,,0,0,0,0,0,0
2026,regular,2026-05-01,643289,Mauricio Dubón,ATL,30,,,,,0,0,0,0,0,0
2026,regular,2026-05-01,571970,Max Muncy,LAD,30,,,,,0,0,0,0,0,0
2026,regular,2026-05-01,683737,Michael Busch,CHC,30,,,,,0,0,0,0,0,0
2026,regular,2026-05-01,671739,Michael Harris II,ATL,30,,,,,0,0,0,0,0,0
2026,regular,2026-05-01,686681,Michael Massey,KCR,30,,,,,0,0,0,0,0,0
2026,regular,2026-05-01,666160,Mickey Moniak,COL,30,,,,,0,0,0,0,0,0
2026,regular,2026-05-01,609280,Miguel Andujar,SDP,30,,,,,0,0,0,0,0,0
2026,regular,2026-05-01,500743,Miguel Rojas,LAD,30,,,,,0,0,0,0,0,0
2026,regular,2026-05-01,678246,Miguel Vargas,CHW,30,,,,,0,0,0,0,0,0
2026,regular,2026-05-01,545361,Mike Trout,LAA,30,,,,,0,0,0,0,0,0
2026,regular,2026-05-01,573262,Mike Yastrzemski,ATL,30,,,,,0,0,0,0,0,0
2026,regular,2026-05-01,641598,Mitch Garver,SEA,30,,,,,0,0,0,0,0,0
2026,regular,2026-05-01,669004,MJ Melendez,NYM,30,,,,,0,0,0,0,0,0
2026,regular,2026-05-01,694208,Moisés Ballesteros,CHC,30,,,,,0,0,0,0,0,0
2026,regular,2026-05-01,808959,Munetaka Murakami,CHW,30,,,,,0,0,0,0,0,0
2026,regular,2026-05-01,664702,Myles Straw,TOR,30,,,,,0,0,0,0,0,0
2026,regular,2026-05-01,683083,Nasim Nuñez,WSN,30,,,,,0,0,0,0,0,0
2026,regular,2026-05-01,701675,Nathan Church,STL,30,,,,,0,0,0,0,0,0
2026,regular,2026-05-01,663993,Nathaniel Lowe,CIN,30,,,,,0,0,0,0,0,0
2026,regular,2026-05-01,592206,Nick Castellanos,SDP,30,,,,,0,0,0,0,0,0
2026,regular,2026-05-01,663743,Nick Fortes,TBR,30,,,,,0,0,0,0,0,0
2026,regular,2026-05-01,693304,Nick Gonzales,PIT,30,,,,,0,0,0,0,0,0
2026,regular,2026-05-01,701762,Nick Kurtz,ATH,30,,,,,0,0,0,0,0,0
2026,regular,2026-05-01,663538,Nico Hoerner,CHC,30,,,,,0,0,0,0,0,0
2026,regular,2026-05-01,571448,Nolan Arenado,ARI,30,,,,,0,0,0,0,0,0
2026,regular,2026-05-01,669357,Nolan Gorman,STL,30,,,,,0,0,0,0,0,0
2026,regular,2026-05-01,694384,Nolan Schanuel,LAA,30,,,,,0,0,0,0,0,0
2026,regular,2026-05-01,665833,Oneil Cruz,PIT,30,,,,,0,0,0,0,0,0
2026,regular,2026-05-01,672724,Oswald Peraza,LAA,30,,,,,0,0,0,0,0,0
2026,regular,2026-05-01,672640,Otto Lopez,MIA,30,,,,,0,0,0,0,0,0
2026,regular,2026-05-01,683357,Owen Caissie,MIA,30,,,,,0,0,0,0,0,0
2026,regular,2026-05-01,645277,Ozzie Albies,ATL,30,,,,,0,0,0,0,0,0
2026,regular,2026-05-01,672275,Patrick Bailey,SFG,30,,,,,0,0,0,0,0,0
2026,regular,2026-05-01,502671,Paul Goldschmidt,NYY,30,,,,,0,0,0,0,0,0
2026,regular,2026-05-01,686780,Pedro Pagés,STL,30,,,,,0,0,0,0,0,0
2026,regular,2026-05-01,624413,Pete Alonso,BAL,30,,,,,0,0,0,0,0,0
2026,regular,2026-05-01,691718,Pete Crow-Armstrong,CHC,30,,,,,0,0,0,0,0,0
2026,regular,2026-05-01,646240,Rafael Devers,SFG,30,,,,,0,0,0,0,0,0
2026,regular,2026-05-01,665561,Rafael Marchán,PHI,30,,,,,0,0,0,0,0,0
2026,regular,2026-05-01,657656,Ramón Laureano,SDP,30,,,,,0,0,0,0,0,0
2026,regular,2026-05-01,668227,Randy Arozarena,SEA,30,,,,,0,0,0,0,0,0
2026,regular,2026-05-01,677956,Rece Hinds,CIN,30,,,,,0,0,0,0,0,0
2026,regular,2026-05-01,656555,Rhys Hoskins,CLE,30,,,,,0,0,0,0,0,0
2026,regular,2026-05-01,682985,Riley Greene,DET,30,,,,,0,0,0,0,0,0
2026,regular,2026-05-01,663158,Robert Suarez,ATL,30,,,,,0,0,0,0,0,0
2026,regular,2026-05-01,701350,Roman Anthony,BOS,30,,,,,0,0,0,0,0,0
2026,regular,2026-05-01,660670,Ronald Acuña Jr.,ATL,30,,,,,0,0,0,0,0,0
2026,regular,2026-05-01,677595,Ronny Mauricio,NYM,30,,,,,0,0,0,0,0,0
2026,regular,2026-05-01,668904,Royce Lewis,MIN,30,,,,,0,0,0,0,0,0
2026,regular,2026-05-01,680777,Ryan Jeffers,MIN,30,,,,,0,0,0,0,0,0
2026,regular,2026-05-01,641857,Ryan McMahon,NYY,30,,,,,0,0,0,0,0,0
2026,regular,2026-05-01,656811,Ryan O'Hearn,PIT,30,,,,,0,0,0,0,0,0
2026,regular,2026-05-01,668723,Ryan Vilade,TBR,30,,,,,0,0,0,0,0,0
2026,regular,2026-05-01,686217,Sal Frelick,MIL,30,,,,,0,0,0,0,0,0
2026,regular,2026-05-01,701398,Sal Stewart,CIN,30,,,,,0,0,0,0,0,0
2026,regular,2026-05-01,521692,Salvador Perez,KCR,30,,,,,0,0,0,0,0,0
2026,regular,2026-05-01,803011,Sam Antonacci,CHW,30,,,,,0,0,0,0,0,0
2026,regular,2026-05-01,664059,Sam Haggerty,TEX,30,,,,,0,0,0,0,0,0
2026,regular,2026-05-01,694212,Samuel Basallo,BAL,30,,,,,0,0,0,0,0,0
2026,regular,2026-05-01,669289,Santiago Espinal,LAD,30,,,,,0,0,0,0,0,0
2026,regular,2026-05-01,665861,Sebastián Rivero,LAA,30,,,,,0,0,0,0,0,0
2026,regular,2026-05-01,673548,Seiya Suzuki,CHC,30,,,,,0,0,0,0,0,0
2026,regular,2026-05-01,694376,Shay Whitcomb,HOU,30,,,,,0,0,0,0,0,0
2026,regular,2026-05-01,669127,Shea Langeliers,ATH,30,,,,,0,0,0,0,0,0
2026,regular,2026-05-01,660271,Shohei Ohtani,LAD,30,,,,,0,0,0,0,0,0
2026,regular,2026-05-01,687462,Spencer Horwitz,PIT,30,,,,,0,0,0,0,0,0
2026,regular,2026-05-01,668715,Spencer Steer,CIN,30,,,,,0,0,0,0,0,0
2026,regular,2026-05-01,679529,Spencer Torkelson,DET,30,,,,,0,0,0,0,0,0
2026,regular,2026-05-01,680757,Steven Kwan,CLE,30,,,,,0,0,0,0,0,0
2026,regular,2026-05-01,670764,Taylor Walls,TBR,30,,,,,0,0,0,0,0,0
2026,regular,2026-05-01,621493,Taylor Ward,BAL,30,,,,,0,0,0,0,0,0
2026,regular,2026-05-01,606192,Teoscar Hernández,LAD,30,,,,,0,0,0,0,0,0
2026,regular,2026-05-01,694374,Tim Tawa,ARI,30,,,,,0,0,0,0,0,0
2026,regular,2026-05-01,670770,TJ Friedl,CIN,30,,,,,0,0,0,0,0,0
2026,regular,2026-05-01,681198,TJ Rumfield,COL,30,,,,,0,0,0,0,0,0
2026,regular,2026-05-01,683953,Travis Bazzana,CLE,30,,,,,0,0,0,0,0,0
2026,regular,2026-05-01,518595,Travis d'Arnaud,LAA,30,,,,,0,0,0,0,0,0
2026,regular,2026-05-01,663757,Trent Grisham,NYY,30,,,,,0,0,0,0,0,0
2026,regular,2026-05-01,596115,Trevor Story,BOS,30,,,,,0,0,0,0,0,0
2026,regular,2026-05-01,671976,Tristan Peters,CHW,30,,,,,0,0,0,0,0,0
2026,regular,2026-05-01,687859,Troy Johnston,COL,30,,,,,0,0,0,0,0,0
2026,regular,2026-05-01,664034,Ty France,SDP,30,,,,,0,0,0,0,0,0
2026,regular,2026-05-01,672012,Tyler Black,MIL,30,,,,,0,0,0,0,0,0
2026,regular,2026-05-01,671289,Tyler Freeman,COL,30,,,,,0,0,0,0,0,0
2026,regular,2026-05-01,623168,Tyler Heineman,TOR,30,,,,,0,0,0,0,0,0
2026,regular,2026-05-01,691016,Tyler Soderstrom,ATH,30,,,,,0,0,0,0,0,0
2026,regular,2026-05-01,663886,Tyler Stephenson,CIN,30,,,,,0,0,0,0,0,0
2026,regular,2026-05-01,621438,Tyrone Taylor,NYM,30,,,,,0,0,0,0,0,0
2026,regular,2026-05-01,687093,Vaughn Grissom,LAA,30,,,,,0,0,0,0,0,0
2026,regular,2026-05-01,605170,Victor Caratini,MIN,30,,,,,0,0,0,0,0,0
2026,regular,2026-05-01,687363,Victor Scott II,STL,30,,,,,0,0,0,0,0,0
2026,regular,2026-05-01,686469,Vinnie Pasquantino,KCR,30,,,,,0,0,0,0,0,0
2026,regular,2026-05-01,665489,Vladimir Guerrero Jr.,TOR,30,,,,,0,0,0,0,0,0
2026,regular,2026-05-01,672761,Wenceel Pérez,DET,30,,,,,0,0,0,0,0,0
2026,regular,2026-05-01,686823,Will Brennan,SFG,30,,,,,0,0,0,0,0,0
2026,regular,2026-05-01,669257,Will Smith,LAD,30,,,,,0,0,0,0,0,0
2026,regular,2026-05-01,650489,Willi Castro,COL,30,,,,,0,0,0,0,0,0
2026,regular,2026-05-01,661388,William Contreras,MIL,30,,,,,0,0,0,0,0,0
2026,regular,2026-05-01,575929,Willson Contreras,BOS,30,,,,,0,0,0,0,0,0
2026,regular,2026-05-01,642715,Willy Adames,SFG,30,,,,,0,0,0,0,0,0
2026,regular,2026-05-01,677800,Wilyer Abreu,BOS,30,,,,,0,0,0,0,0,0
2026,regular,2026-05-01,593428,Xander Bogaerts,SDP,30,,,,,0,0,0,0,0,0
2026,regular,2026-05-01,669364,Xavier Edwards,MIA,30,,,,,0,0,0,0,0,0
2026,regular,2026-05-01,673237,Yainer Diaz,HOU,30,,,,,0,0,0,0,0,0
2026,regular,2026-05-01,650490,Yandy Díaz,TBR,30,,,,,0,0,0,0,0,0
2026,regular,2026-05-01,682818,Yohendrick Pinango,TOR,30,,,,,0,0,0,0,0,0
2026,regular,2026-05-01,670541,Yordan Alvarez,HOU,30,,,,,0,0,0,0,0,0
2026,regular,2026-05-01,660162,Yoán Moncada,LAA,30,,,,,0,0,0,0,0,0
2026,regular,2026-05-01,687263,Zach Neto,LAA,30,,,,,0,0,0,0,0,0
2026,regular,2026-05-01,680869,Zack Gelof,ATH,30,,,,,0,0,0,0,0,0
2026,regular,2026-05-02,592450,Aaron Judge,NYY,30,,,,,0,0,0,0,0,0
2026,regular,2026-05-02,624428,Adam Frazier,LAA,30,,,,,0,0,0,0,0,0
2026,regular,2026-05-02,668939,Adley Rutschman,BAL,30,,,,,0,0,0,0,0,0
2026,regular,2026-05-02,666969,Adolis García,PHI,30,,,,,0,0,0,0,0,0
2026,regular,2026-05-02,682663,Agustín Ramírez,MIA,30,,,,,0,0,0,0,0,0
2026,regular,2026-05-02,664761,Alec Bohm,PHI,30,,,,,0,0,0,0,0,0
2026,regular,2026-05-02,676475,Alec Burleson,STL,30,,,,,0,0,0,0,0,0
2026,regular,2026-05-02,696030,Alejandro Osuna,TEX,30,,,,,0,0,0,0,0,0
2026,regular,2026-05-02,608324,Alex Bregman,CHC,30,,,,,0,0,0,0,0,0
2026,regular,2026-05-02,669743,Alex Call,LAD,30,,,,,0,0,0,0,0,0
2026,regular,2026-05-02,690976,Alex Freeland,LAD,30,,,,,0,0,0,0,0,0
2026,regular,2026-05-02,643217,Andrew Benintendi,CHW,30,,,,,0,0,0,0,0,0
2026,regular,2026-05-02,655316,Andruw Monasterio,BOS,30,,,,,0,0,0,0,0,0
2026,regular,2026-05-02,628451,Andy Ibáñez,NYM,30,,,,,0,0,0,0,0,0
2026,regular,2026-05-02,681624,Andy Pages,LAD,30,,,,,0,0,0,0,0,0
2026,regular,2026-05-02,682657,Angel Martínez,CLE,30,,,,,0,0,0,0,0,0
2026,regular,2026-05-02,595978,Austin Hedges,CLE,30,,,,,0,0,0,0,0,0
2026,regular,2026-05-02,663586,Austin Riley,ATL,30,,,,,0,0,0,0,0,0
2026,regular,2026-05-02,596103,Austin Slater,NYM,30,,,,,0,0,0,0,0,0
2026,regular,2026-05-02,642851,Austin Wynns,ATH,30,,,,,0,0,0,0,0,0
2026,regular,2026-05-02,700250,Ben Rice,NYY,30,,,,,0,0,0,0,0,0
2026,regular,2026-05-02,695257,Billy Cook,PIT,30,,,,,0,0,0,0,0,0
2026,regular,2026-05-02,677942,Blaze Alexander,BAL,30,,,,,0,0,0,0,0,0
2026,regular,2026-05-02,666182,Bo Bichette,NYM,30,,,,,0,0,0,0,0,0
2026,regular,2026-05-02,677951,Bobby Witt Jr.,KCR,30,,,,,0,0,0,0,0,0
2026,regular,2026-05-02,669699,Braden Shewmake,HOU,30,,,,,0,0,0,0,0,0
2026,regular,2026-05-02,691781,Brady House,WSN,30,,,,,0,0,0,0,0,0
2026,regular,2026-05-02,663604,Brandon Lockridge,MIL,30,,,,,0,0,0,0,0,0
2026,regular,2026-05-02,664040,Brandon Lowe,PIT,30,,,,,0,0,0,0,0,0
2026,regular,2026-05-02,678218,Brandon Valenzuela,TOR,30,,,,,0,0,0,0,0,0
2026,regular,2026-05-02,677587,Brayan Rocchio,CLE,30,,,,,0,0,0,0,0,0
2026,regular,2026-05-02,667670,Brent Rooker,ATH,30,,,,,0,0,0,0,0,0
2026,regular,2026-05-02,686668,Brenton Doyle,COL,30,,,,,0,0,0,0,0,0
2026,regular,2026-05-02,683146,Brett Baty,NYM,30,,,,,0,0,0,0,0,0
2026,regular,2026-05-02,695391,Brett Harris,ATH,30,,,,,0,0,0,0,0,0
2026,regular,2026-05-02,664954,Brett Sullivan,COL,30,,,,,0,0,0,0,0,0
2026,regular,2026-05-02,694728,Brice Matthews,HOU,30,,,,,0,0,0,0,0,0
2026,regular,2026-05-02,668930,Brice Turang,MIL,30,,,,,0,0,0,0,0,0
2026,regular,2026-05-02,686797,Brooks Lee,MIN,30,,,,,0,0,0,0,0,0
2026,regular,2026-05-02,668804,Bryan Reynolds,PIT,30,,,,,0,0,0,0,0,0
2026,regular,2026-05-02,547180,Bryce Harper,PHI,30,,,,,0,0,0,0,0,0
2026,regular,2026-05-02,669326,Bryce Teodosio,LAA,30,,,,,0,0,0,0,0,0
2026,regular,2026-05-02,681082,Bryson Stott,PHI,30,,,,,0,0,0,0,0,0
2026,regular,2026-05-02,621439,Byron Buxton,MIN,30,,,,,0,0,0,0,0,0
2026,regular,2026-05-02,702332,Caleb Durbin,BOS,30,,,,,0,0,0,0,0,0
2026,regular,2026-05-02,701358,Cam Smith,HOU,30,,,,,0,0,0,0,0,0
2026,regular,2026-05-02,621043,Carlos Correa,HOU,30,,,,,0,0,0,0,0,0
2026,regular,2026-05-02,666126,Carlos Cortes,ATH,30,,,,,0,0,0,0,0,0
2026,regular,2026-05-02,701807,Carson Benge,NYM,30,,,,,0,0,0,0,0,0
2026,regular,2026-05-02,695600,Carter Jensen,KCR,30,,,,,0,0,0,0,0,0
2026,regular,2026-05-02,669477,Casey Schmitt,SFG,30,,,,,0,0,0,0,0,0
2026,regular,2026-05-02,678882,Ceddanne Rafaela,BOS,30,,,,,0,0,0,0,0,0
2026,regular,2026-05-02,656775,Cedric Mullins,TBR,30,,,,,0,0,0,0,0,0
2026,regular,2026-05-02,802415,Chandler Simpson,TBR,30,,,,,0,0,0,0,0,0
2026,regular,2026-05-02,800050,Chase DeLauter,CLE,30,,,,,0,0,0,0,0,0
2026,regular,2026-05-02,805367,Chase Meidroth,CHW,30,,,,,0,0,0,0,0,0
2026,regular,2026-05-02,572233,Christian Walker,HOU,30,,,,,0,0,0,0,0,0
2026,regular,2026-05-02,666624,Christopher Morel,MIA,30,,,,,0,0,0,0,0,0
2026,regular,2026-05-02,682928,CJ Abrams,WSN,30,,,,,0,0,0,0,0,0
2026,regular,2026-05-02,691723,Coby Mayo,BAL,30,,,,,0,0,0,0,0,0
2026,regular,2026-05-02,641355,Cody Bellinger,NYY,30,,,,,0,0,0,0,0,0
2026,regular,2026-05-02,687515,Colby Thomas,ATH,30,,,,,0,0,0,0,0,0
2026,regular,2026-05-02,702284,Cole Young,SEA,30,,,,,0,0,0,0,0,0
2026,regular,2026-05-02,695657,Colson Montgomery,CHW,30,,,,,0,0,0,0,0,0
2026,regular,2026-05-02,690993,Colt Keith,DET,30,,,,,0,0,0,0,0,0
2026,regular,2026-05-02,681297,Colton Cowser,BAL,30,,,,,0,0,0,0,0,0
2026,regular,2026-05-02,656582,Connor Joe,SEA,30,,,,,0,0,0,0,0,0
2026,regular,2026-05-02,681393,Connor Norby,MIA,30,,,,,0,0,0,0,0,0
2026,regular,2026-05-02,657136,Connor Wong,BOS,30,,,,,0,0,0,0,0,0
2026,regular,2026-05-02,682998,Corbin Carroll,ARI,30,,,,,0,0,0,0,0,0
2026,regular,2026-05-02,608369,Corey Seager,TEX,30,,,,,0,0,0,0,0,0
2026,regular,2026-05-02,678554,Curtis Mead,WSN,30,,,,,0,0,0,0,0,0
2026,regular,2026-05-02,687221,Dalton Rushing,LAD,30,,,,,0,0,0,0,0,0
2026,regular,2026-05-02,643376,Danny Jansen,TEX,30,,,,,0,0,0,0,0,0
2026,regular,2026-05-02,621020,Dansby Swanson,CHC,30,,,,,0,0,0,0,0,0
2026,regular,2026-05-02,687231,Darell Hernaiz,ATH,30,,,,,0,0,0,0,0,0
2026,regular,2026-05-02,662139,Daulton Varsho,TOR,30,,,,,0,0,0,0,0,0
2026,regular,2026-05-02,681807,David Fry,CLE,30,,,,,0,0,0,0,0,0
2026,regular,2026-05-02,666152,David Hamilton,MIL,30,,,,,0,0,0,0,0,0
2026,regular,2026-05-02,676914,Davis Schneider,TOR,30,,,,,0,0,0,0,0,0
2026,regular,2026-05-02,695734,Daylen Lile,WSN,30,,,,,0,0,0,0,0,0
2026,regular,2026-05-02,656537,Derek Hill,CHW,30,,,,,0,0,0,0,0,0
2026,regular,2026-05-02,693307,Dillon Dingler,DET,30,,,,,0,0,0,0,0,0
2026,regular,2026-05-02,686527,Dominic Canzone,SEA,30,,,,,0,0,0,0,0,0
2026,regular,2026-05-02,642086,Dominic Smith,ATL,30,,,,,0,0,0,0,0,0
2026,regular,2026-05-02,686948,Drake Baldwin,ATL,30,,,,,0,0,0,0,0,0
2026,regular,2026-05-02,687551,Drew Gilbert,SFG,30,,,,,0,0,0,0,0,0
2026,regular,2026-05-02,687957,Dustin Harris,HOU,30,,,,,0,0,0,0,0,0
2026,regular,2026-05-02,687637,Dylan Beavers,BAL,30,,,,,0,0,0,0,0,0
2026,regular,2026-05-02,700337,Edgar Quero,CHW,30,,,,,0,0,0,0,0,0
2026,regular,2026-05-02,624641,Edmundo Sosa,PHI,30,,,,,0,0,0,0,0,0
2026,regular,2026-05-02,642201,Eli White,ATL,30,,,,,0,0,0,0,0,0
2026,regular,2026-05-02,682829,Elly De La Cruz,CIN,30,,,,,0,0,0,0,0,0
2026,regular,2026-05-02,676391,Ernie Clement,TOR,30,,,,,0,0,0,0,0,0
2026,regular,2026-05-02,665923,Esteury Ruiz,MIA,30,,,,,0,0,0,0,0,0
2026,regular,2026-05-02,694497,Evan Carter,TEX,30,,,,,0,0,0,0,0,0
2026,regular,2026-05-02,677649,Ezequiel Duran,TEX,30,,,,,0,0,0,0,0,0
2026,regular,2026-05-02,678662,Ezequiel Tovar,COL,30,,,,,0,0,0,0,0,0
2026,regular,2026-05-02,694025,Felix Reyes,PHI,30,,,,,0,0,0,0,0,0
2026,regular,2026-05-02,665487,Fernando Tatis Jr.,SDP,30,,,,,0,0,0,0,0,0
2026,regular,2026-05-02,682626,Francisco Alvarez,NYM,30,,,,,0,0,0,0,0,0
2026,regular,2026-05-02,518692,Freddie Freeman,LAD,30,,,,,0,0,0,0,0,0
2026,regular,2026-05-02,669003,Garrett Mitchell,MIL,30,,,,,0,0,0,0,0,0
2026,regular,2026-05-02,596117,Garrett Stubbs,PHI,30,,,,,0,0,0,0,0,0
2026,regular,2026-05-02,596142,Gary Sánchez,MIL,30,,,,,0,0,0,0,0,0
2026,regular,2026-05-02,657757,Gavin Sheets,SDP,30,,,,,0,0,0,0,0,0
2026,regular,2026-05-02,543807,George Springer,TOR,30,,,,,0,0,0,0,0,0
2026,regular,2026-05-02,672695,Geraldo Perdomo,ARI,30,,,,,0,0,0,0,0,0
2026,regular,2026-05-02,650402,Gleyber Torres,DET,30,,,,,0,0,0,0,0,0
2026,regular,2026-05-02,688363,Graham Pauley,MIA,30,,,,,0,0,0,0,0,0
2026,regular,2026-05-02,683002,Gunnar Henderson,BAL,30,,,,,0,0,0,0,0,0
2026,regular,2026-05-02,701678,Hao-Yu  Lee,DET,30,,,,,0,0,0,0,0,0
2026,regular,2026-05-02,671218,Heliot Ramos,SFG,30,,,,,0,0,0,0,0,0
2026,regular,2026-05-02,680779,Henry Davis,PIT,30,,,,,0,0,0,0,0,0
2026,regular,2026-05-02,676439,Hunter Feduccia,TBR,30,,,,,0,0,0,0,0,0
2026,regular,2026-05-02,696100,Hunter Goodman,COL,30,,,,,0,0,0,0,0,0
2026,regular,2026-05-02,808975,Hyeseong Kim,LAD,30,,,,,0,0,0,0,0,0
2026,regular,2026-05-02,664023,Ian Happ,CHC,30,,,,,0,0,0,0,0,0
2026,regular,2026-05-02,545121,Ildemaro Vargas,ARI,30,,,,,0,0,0,0,0,0
2026,regular,2026-05-02,686555,Isaac Collins,KCR,30,,,,,0,0,0,0,0,0
2026,regular,2026-05-02,670623,Isaac Paredes,HOU,30,,,,,0,0,0,0,0,0
2026,regular,2026-05-02,643396,Isiah Kiner-Falefa,BOS,30,,,,,0,0,0,0,0,0
2026,regular,2026-05-02,671056,Iván Herrera,STL,30,,,,,0,0,0,0,0,0
2026,regular,2026-05-02,641555,J.C. Escarra,NYY,30,,,,,0,0,0,0,0,0
2026,regular,2026-05-02,641487,J.P. Crawford,SEA,30,,,,,0,0,0,0,0,0
2026,regular,2026-05-02,592663,J.T. Realmuto,PHI,30,,,,,0,0,0,0,0,0
2026,regular,2026-05-02,695506,Jac Caglianone,KCR,30,,,,,0,0,0,0,0,0
2026,regular,2026-05-02,690291,Jace Jung,DET,30,,,,,0,0,0,0,0,0
2026,regular,2026-05-02,701538,Jackson Merrill,SDP,30,,,,,0,0,0,0,0,0
2026,regular,2026-05-02,805779,Jacob Wilson,ATH,30,,,,,0,0,0,0,0,0
2026,regular,2026-05-02,696285,Jacob Young,WSN,30,,,,,0,0,0,0,0,0
2026,regular,2026-05-02,641343,Jake Bauers,MIL,30,,,,,0,0,0,0,0,0
2026,regular,2026-05-02,669394,Jake Burger,TEX,30,,,,,0,0,0,0,0,0
2026,regular,2026-05-02,630105,Jake Cronenworth,SDP,30,,,,,0,0,0,0,0,0
2026,regular,2026-05-02,641584,Jake Fraley,TBR,30,,,,,0,0,0,0,0,0
2026,regular,2026-05-02,663968,Jake Mangum,PIT,30,,,,,0,0,0,0,0,0
2026,regular,2026-05-02,805300,Jakob Marsee,MIA,30,,,,,0,0,0,0,0,0
2026,regular,2026-05-02,543510,James McCann,ARI,30,,,,,0,0,0,0,0,0
2026,regular,2026-05-02,695578,James Wood,WSN,30,,,,,0,0,0,0,0,0
2026,regular,2026-05-02,669707,Jared Triolo,PIT,30,,,,,0,0,0,0,0,0
2026,regular,2026-05-02,672284,Jarred Kelenic,CHW,30,,,,,0,0,0,0,0,0
2026,regular,2026-05-02,680776,Jarren Duran,BOS,30,,,,,0,0,0,0,0,0
2026,regular,2026-05-02,691176,Jasson Domínguez,NYY,30,,,,,0,0,0,0,0,0
2026,regular,2026-05-02,691594,Javier Sanoja,MIA,30,,,,,0,0,0,0,0,0
2026,regular,2026-05-02,665862,Jazz Chisholm Jr.,NYY,30,,,,,0,0,0,0,0,0
2026,regular,2026-05-02,643446,Jeff McNeil,ATH,30,,,,,0,0,0,0,0,0
2026,regular,2026-05-02,669236,Jeremiah Jackson,BAL,30,,,,,0,0,0,0,0,0
2026,regular,2026-05-02,660821,Jesús Sánchez,TOR,30,,,,,0,0,0,0,0,0
2026,regular,2026-05-02,668709,JJ Bleday,CIN,30,,,,,0,0,0,0,0,0
2026,regular,2026-05-02,802139,JJ Wetherholt,STL,30,,,,,0,0,0,0,0,0
2026,regular,2026-05-02,666176,Jo Adell,LAA,30,,,,,0,0,0,0,0,0
2026,regular,2026-05-02,592626,Joc Pederson,TEX,30,,,,,0,0,0,0,0,0
2026,regular,2026-05-02,687401,Joey Ortiz,MIL,30,,,,,0,0,0,0,0,0
2026,regular,2026-05-02,686894,Joey Wiemer,WSN,30,,,,,0,0,0,0,0,0
2026,regular,2026-05-02,666018,Jonathan Aranda,TBR,30,,,,,0,0,0,0,0,0
2026,regular,2026-05-02,676356,Jonny DeLuca,TBR,30,,,,,0,0,0,0,0,0
2026,regular,2026-05-02,678391,Jorbit Vivas,WSN,30,,,,,0,0,0,0,0,0
2026,regular,2026-05-02,687597,Jordan Beck,COL,30,,,,,0,0,0,0,0,0
2026,regular,2026-05-02,691023,Jordan Walker,STL,30,,,,,0,0,0,0,0,0
2026,regular,2026-05-02,678489,Jorge Barrosa,ARI,30,,,,,0,0,0,0,0,0
2026,regular,2026-05-02,622761,Jorge Mateo,ATL,30,,,,,0,0,0,0,0,0
2026,regular,2026-05-02,624585,Jorge Soler,LAA,30,,,,,0,0,0,0,0,0
2026,regular,2026-05-02,514888,Jose Altuve,HOU,30,,,,,0,0,0,0,0,0
2026,regular,2026-05-02,699912,Jose Fernandez,ARI,30,,,,,0,0,0,0,0,0
2026,regular,2026-05-02,605137,Josh Bell,MIN,30,,,,,0,0,0,0,0,0
2026,regular,2026-05-02,673962,Josh Jung,TEX,30,,,,,0,0,0,0,0,0
2026,regular,2026-05-02,666139,Josh Lowe,LAA,30,,,,,0,0,0,0,0,0
2026,regular,2026-05-02,647304,Josh Naylor,SEA,30,,,,,0,0,0,0,0,0
2026,regular,2026-05-02,669701,Josh Smith,TEX,30,,,,,0,0,0,0,0,0
2026,regular,2026-05-02,676609,José Caballero,NYY,30,,,,,0,0,0,0,0,0
2026,regular,2026-05-02,608070,José Ramírez,CLE,30,,,,,0,0,0,0,0,0
2026,regular,2026-05-02,677588,José Tena,WSN,30,,,,,0,0,0,0,0,0
2026,regular,2026-05-02,665742,Juan Soto,NYM,30,,,,,0,0,0,0,0,0
2026,regular,2026-05-02,677594,Julio Rodríguez,SEA,30,,,,,0,0,0,0,0,0
2026,regular,2026-05-02,808982,Jung Hoo Lee,SFG,30,,,,,0,0,0,0,0,0
2026,regular,2026-05-02,691406,Junior Caminero,TBR,30,,,,,0,0,0,0,0,0
2026,regular,2026-05-02,672960,Kazuma Okamoto,TOR,30,,,,,0,0,0,0,0,0
2026,regular,2026-05-02,663647,Ke'Bryan Hayes,CIN,30,,,,,0,0,0,0,0,0
2026,regular,2026-05-02,660688,Keibert Ruiz,WSN,30,,,,,0,0,0,0,0,0
2026,regular,2026-05-02,681481,Kerry Carpenter,DET,30,,,,,0,0,0,0,0,0
2026,regular,2026-05-02,606466,Ketel Marte,ARI,30,,,,,0,0,0,0,0,0
2026,regular,2026-05-02,805808,Kevin McGonigle,DET,30,,,,,0,0,0,0,0,0
2026,regular,2026-05-02,665019,Kody Clemens,MIN,30,,,,,0,0,0,0,0,0
2026,regular,2026-05-02,804606,Konnor Griffin,PIT,30,,,,,0,0,0,0,0,0
2026,regular,2026-05-02,664728,Kyle Isbel,KCR,30,,,,,0,0,0,0,0,0
2026,regular,2026-05-02,691720,Kyle Karros,COL,30,,,,,0,0,0,0,0,0
2026,regular,2026-05-02,700932,Kyle Manzardo,CLE,30,,,,,0,0,0,0,0,0
2026,regular,2026-05-02,656941,Kyle Schwarber,PHI,30,,,,,0,0,0,0,0,0
2026,regular,2026-05-02,669065,Kyle Stowers,MIA,30,,,,,0,0,0,0,0,0
2026,regular,2026-05-02,663656,Kyle Tucker,LAD,30,,,,,0,0,0,0,0,0
2026,regular,2026-05-02,657041,Lane Thomas,KCR,30,,,,,0,0,0,0,0,0
2026,regular,2026-05-02,671732,Lawrence Butler,ATH,30,,,,,0,0,0,0,0,0
2026,regular,2026-05-02,672820,Lenyn Sosa,TOR,30,,,,,0,0,0,0,0,0
2026,regular,2026-05-02,660844,Leo Rivas,SEA,30,,,,,0,0,0,0,0,0
2026,regular,2026-05-02,689414,Liam Hicks,MIA,30,,,,,0,0,0,0,0,0
2026,regular,2026-05-02,666971,Lourdes Gurriel Jr.,ARI,30,,,,,0,0,0,0,0,0
2026,regular,2026-05-02,650333,Luis Arraez,SFG,30,,,,,0,0,0,0,0,0
2026,regular,2026-05-02,669134,Luis Campusano,SDP,30,,,,,0,0,0,0,0,0
2026,regular,2026-05-02,671277,Luis García Jr.,WSN,30,,,,,0,0,0,0,0,0
2026,regular,2026-05-02,650859,Luis Rengifo,MIL,30,,,,,0,0,0,0,0,0
2026,regular,2026-05-02,807712,Luke Keaschall,MIN,30,,,,,0,0,0,0,0,0
2026,regular,2026-05-02,670042,Luke Raley,SEA,30,,,,,0,0,0,0,0,0
2026,regular,2026-05-02,672580,Maikel Garcia,KCR,30,,,,,0,0,0,0,0,0
2026,regular,2026-05-02,592518,Manny Machado,SDP,30,,,,,0,0,0,0,0,0
2026,regular,2026-05-02,542303,Marcell Ozuna,PIT,30,,,,,0,0,0,0,0,0
2026,regular,2026-05-02,691785,Marcelo Mayer,BOS,30,,,,,0,0,0,0,0,0
2026,regular,2026-05-02,543760,Marcus Semien,NYM,30,,,,,0,0,0,0,0,0
2026,regular,2026-05-02,668901,Mark Vientos,NYM,30,,,,,0,0,0,0,0,0
2026,regular,2026-05-02,807799,Masataka Yoshida,BOS,30,,,,,0,0,0,0,0,0
2026,regular,2026-05-02,691026,Masyn Winn,STL,30,,,,,0,0,0,0,0,0
2026,regular,2026-05-02,656305,Matt Chapman,SFG,30,,,,,0,0,0,0,0,0
2026,regular,2026-05-02,680574,Matt McLain,CIN,30,,,,,0,0,0,0,0,0
2026,regular,2026-05-02,621566,Matt Olson,ATL,30,,,,,0,0,0,0,0,0
2026,regular,2026-05-02,807713,Matt Shaw,CHC,30,,,,,0,0,0,0,0,0
2026,regular,2026-05-02,670242,Matt Wallner,MIN,30,,,,,0,0,0,0,0,0
2026,regular,2026-05-02,643289,Mauricio Dubón,ATL,30,,,,,0,0,0,0,0,0
2026,regular,2026-05-02,571970,Max Muncy,LAD,30,,,,,0,0,0,0,0,0
2026,regular,2026-05-02,683737,Michael Busch,CHC,30,,,,,0,0,0,0,0,0
2026,regular,2026-05-02,671739,Michael Harris II,ATL,30,,,,,0,0,0,0,0,0
2026,regular,2026-05-02,686681,Michael Massey,KCR,30,,,,,0,0,0,0,0,0
2026,regular,2026-05-02,665804,Miguel Amaya,CHC,30,,,,,0,0,0,0,0,0
2026,regular,2026-05-02,609280,Miguel Andujar,SDP,30,,,,,0,0,0,0,0,0
2026,regular,2026-05-02,500743,Miguel Rojas,LAD,30,,,,,0,0,0,0,0,0
2026,regular,2026-05-02,678246,Miguel Vargas,CHW,30,,,,,0,0,0,0,0,0
2026,regular,2026-05-02,545361,Mike Trout,LAA,30,,,,,0,0,0,0,0,0
2026,regular,2026-05-02,573262,Mike Yastrzemski,ATL,30,,,,,0,0,0,0,0,0
2026,regular,2026-05-02,641598,Mitch Garver,SEA,30,,,,,0,0,0,0,0,0
2026,regular,2026-05-02,669004,MJ Melendez,NYM,30,,,,,0,0,0,0,0,0
2026,regular,2026-05-02,694208,Moisés Ballesteros,CHC,30,,,,,0,0,0,0,0,0
2026,regular,2026-05-02,808959,Munetaka Murakami,CHW,30,,,,,0,0,0,0,0,0
2026,regular,2026-05-02,664702,Myles Straw,TOR,30,,,,,0,0,0,0,0,0
2026,regular,2026-05-02,683083,Nasim Nuñez,WSN,30,,,,,0,0,0,0,0,0
2026,regular,2026-05-02,701675,Nathan Church,STL,30,,,,,0,0,0,0,0,0
2026,regular,2026-05-02,663993,Nathaniel Lowe,CIN,30,,,,,0,0,0,0,0,0
2026,regular,2026-05-02,663743,Nick Fortes,TBR,30,,,,,0,0,0,0,0,0
2026,regular,2026-05-02,693304,Nick Gonzales,PIT,30,,,,,0,0,0,0,0,0
2026,regular,2026-05-02,701762,Nick Kurtz,ATH,30,,,,,0,0,0,0,0,0
2026,regular,2026-05-02,571448,Nolan Arenado,ARI,30,,,,,0,0,0,0,0,0
2026,regular,2026-05-02,669357,Nolan Gorman,STL,30,,,,,0,0,0,0,0,0
2026,regular,2026-05-02,694384,Nolan Schanuel,LAA,30,,,,,0,0,0,0,0,0
2026,regular,2026-05-02,665833,Oneil Cruz,PIT,30,,,,,0,0,0,0,0,0
2026,regular,2026-05-02,672724,Oswald Peraza,LAA,30,,,,,0,0,0,0,0,0
2026,regular,2026-05-02,672640,Otto Lopez,MIA,30,,,,,0,0,0,0,0,0
2026,regular,2026-05-02,645277,Ozzie Albies,ATL,30,,,,,0,0,0,0,0,0
2026,regular,2026-05-02,672275,Patrick Bailey,SFG,30,,,,,0,0,0,0,0,0
2026,regular,2026-05-02,624413,Pete Alonso,BAL,30,,,,,0,0,0,0,0,0
2026,regular,2026-05-02,691718,Pete Crow-Armstrong,CHC,30,,,,,0,0,0,0,0,0
2026,regular,2026-05-02,690984,Petey Halpin,CLE,30,,,,,0,0,0,0,0,0
2026,regular,2026-05-02,646240,Rafael Devers,SFG,30,,,,,0,0,0,0,0,0
2026,regular,2026-05-02,657656,Ramón Laureano,SDP,30,,,,,0,0,0,0,0,0
2026,regular,2026-05-02,602104,Ramón Urías,STL,30,,,,,0,0,0,0,0,0
2026,regular,2026-05-02,668227,Randy Arozarena,SEA,30,,,,,0,0,0,0,0,0
2026,regular,2026-05-02,677956,Rece Hinds,CIN,30,,,,,0,0,0,0,0,0
2026,regular,2026-05-02,656555,Rhys Hoskins,CLE,30,,,,,0,0,0,0,0,0
2026,regular,2026-05-02,680700,Richie Palacios,TBR,30,,,,,0,0,0,0,0,0
2026,regular,2026-05-02,682985,Riley Greene,DET,30,,,,,0,0,0,0,0,0
2026,regular,2026-05-02,608701,Rob Refsnyder,SEA,30,,,,,0,0,0,0,0,0
2026,regular,2026-05-02,701350,Roman Anthony,BOS,30,,,,,0,0,0,0,0,0
2026,regular,2026-05-02,660670,Ronald Acuña Jr.,ATL,30,,,,,0,0,0,0,0,0
2026,regular,2026-05-02,677595,Ronny Mauricio,NYM,30,,,,,0,0,0,0,0,0
2026,regular,2026-05-02,680777,Ryan Jeffers,MIN,30,,,,,0,0,0,0,0,0
2026,regular,2026-05-02,641857,Ryan McMahon,NYY,30,,,,,0,0,0,0,0,0
2026,regular,2026-05-02,656811,Ryan O'Hearn,PIT,30,,,,,0,0,0,0,0,0
2026,regular,2026-05-02,668723,Ryan Vilade,TBR,30,,,,,0,0,0,0,0,0
2026,regular,2026-05-02,686217,Sal Frelick,MIL,30,,,,,0,0,0,0,0,0
2026,regular,2026-05-02,701398,Sal Stewart,CIN,30,,,,,0,0,0,0,0,0
2026,regular,2026-05-02,521692,Salvador Perez,KCR,30,,,,,0,0,0,0,0,0
2026,regular,2026-05-02,803011,Sam Antonacci,CHW,30,,,,,0,0,0,0,0,0
2026,regular,2026-05-02,694212,Samuel Basallo,BAL,30,,,,,0,0,0,0,0,0
2026,regular,2026-05-02,669289,Santiago Espinal,LAD,30,,,,,0,0,0,0,0,0
2026,regular,2026-05-02,665861,Sebastián Rivero,LAA,30,,,,,0,0,0,0,0,0
2026,regular,2026-05-02,673548,Seiya Suzuki,CHC,30,,,,,0,0,0,0,0,0
2026,regular,2026-05-02,669127,Shea Langeliers,ATH,30,,,,,0,0,0,0,0,0
2026,regular,2026-05-02,660271,Shohei Ohtani,LAD,30,,,,,0,0,0,0,0,0
2026,regular,2026-05-02,687462,Spencer Horwitz,PIT,30,,,,,0,0,0,0,0,0
2026,regular,2026-05-02,668715,Spencer Steer,CIN,30,,,,,0,0,0,0,0,0
2026,regular,2026-05-02,679529,Spencer Torkelson,DET,30,,,,,0,0,0,0,0,0
2026,regular,2026-05-02,680757,Steven Kwan,CLE,30,,,,,0,0,0,0,0,0
2026,regular,2026-05-02,670764,Taylor Walls,TBR,30,,,,,0,0,0,0,0,0
2026,regular,2026-05-02,621493,Taylor Ward,BAL,30,,,,,0,0,0,0,0,0
2026,regular,2026-05-02,606192,Teoscar Hernández,LAD,30,,,,,0,0,0,0,0,0
2026,regular,2026-05-02,670770,TJ Friedl,CIN,30,,,,,0,0,0,0,0,0
2026,regular,2026-05-02,681198,TJ Rumfield,COL,30,,,,,0,0,0,0,0,0
2026,regular,2026-05-02,683953,Travis Bazzana,CLE,30,,,,,0,0,0,0,0,0
2026,regular,2026-05-02,518595,Travis d'Arnaud,LAA,30,,,,,0,0,0,0,0,0
2026,regular,2026-05-02,607208,Trea Turner,PHI,30,,,,,0,0,0,0,0,0
2026,regular,2026-05-02,663757,Trent Grisham,NYY,30,,,,,0,0,0,0,0,0
2026,regular,2026-05-02,663616,Trevor Larnach,MIN,30,,,,,0,0,0,0,0,0
2026,regular,2026-05-02,596115,Trevor Story,BOS,30,,,,,0,0,0,0,0,0
2026,regular,2026-05-02,656484,Tristan Gray,MIN,30,,,,,0,0,0,0,0,0
2026,regular,2026-05-02,671976,Tristan Peters,CHW,30,,,,,0,0,0,0,0,0
2026,regular,2026-05-02,687859,Troy Johnston,COL,30,,,,,0,0,0,0,0,0
2026,regular,2026-05-02,641933,Tyler O'Neill,BAL,30,,,,,0,0,0,0,0,0
2026,regular,2026-05-02,691016,Tyler Soderstrom,ATH,30,,,,,0,0,0,0,0,0
2026,regular,2026-05-02,663886,Tyler Stephenson,CIN,30,,,,,0,0,0,0,0,0
2026,regular,2026-05-02,621438,Tyrone Taylor,NYM,30,,,,,0,0,0,0,0,0
2026,regular,2026-05-02,687093,Vaughn Grissom,LAA,30,,,,,0,0,0,0,0,0
2026,regular,2026-05-02,687363,Victor Scott II,STL,30,,,,,0,0,0,0,0,0
2026,regular,2026-05-02,686469,Vinnie Pasquantino,KCR,30,,,,,0,0,0,0,0,0
2026,regular,2026-05-02,665489,Vladimir Guerrero Jr.,TOR,30,,,,,0,0,0,0,0,0
2026,regular,2026-05-02,672761,Wenceel Pérez,DET,30,,,,,0,0,0,0,0,0
2026,regular,2026-05-02,642215,Weston Wilson,BAL,30,,,,,0,0,0,0,0,0
2026,regular,2026-05-02,666181,Will Benson,CIN,30,,,,,0,0,0,0,0,0
2026,regular,2026-05-02,669257,Will Smith,LAD,30,,,,,0,0,0,0,0,0
2026,regular,2026-05-02,650489,Willi Castro,COL,30,,,,,0,0,0,0,0,0
2026,regular,2026-05-02,661388,William Contreras,MIL,30,,,,,0,0,0,0,0,0
2026,regular,2026-05-02,575929,Willson Contreras,BOS,30,,,,,0,0,0,0,0,0
2026,regular,2026-05-02,642715,Willy Adames,SFG,30,,,,,0,0,0,0,0,0
2026,regular,2026-05-02,677800,Wilyer Abreu,BOS,30,,,,,0,0,0,0,0,0
2026,regular,2026-05-02,593428,Xander Bogaerts,SDP,30,,,,,0,0,0,0,0,0
2026,regular,2026-05-02,669364,Xavier Edwards,MIA,30,,,,,0,0,0,0,0,0
2026,regular,2026-05-02,673237,Yainer Diaz,HOU,30,,,,,0,0,0,0,0,0
2026,regular,2026-05-02,670541,Yordan Alvarez,HOU,30,,,,,0,0,0,0,0,0
2026,regular,2026-05-02,660162,Yoán Moncada,LAA,30,,,,,0,0,0,0,0,0
2026,regular,2026-05-02,687263,Zach Neto,LAA,30,,,,,0,0,0,0,0,0
2026,regular,2026-05-03,592450,Aaron Judge,NYY,30,,,,,0,0,0,0,0,0
2026,regular,2026-05-03,668939,Adley Rutschman,BAL,30,,,,,0,0,0,0,0,0
2026,regular,2026-05-03,680728,Adrian Del Castillo,ARI,30,,,,,0,0,0,0,0,0
2026,regular,2026-05-03,682663,Agustín Ramírez,MIA,30,,,,,0,0,0,0,0,0
2026,regular,2026-05-03,664761,Alec Bohm,PHI,30,,,,,0,0,0,0,0,0
2026,regular,2026-05-03,676475,Alec Burleson,STL,30,,,,,0,0,0,0,0,0
2026,regular,2026-05-03,696030,Alejandro Osuna,TEX,30,,,,,0,0,0,0,0,0
2026,regular,2026-05-03,608324,Alex Bregman,CHC,30,,,,,0,0,0,0,0,0
2026,regular,2026-05-03,669743,Alex Call,LAD,30,,,,,0,0,0,0,0,0
2026,regular,2026-05-03,690976,Alex Freeland,LAD,30,,,,,0,0,0,0,0,0
2026,regular,2026-05-03,643217,Andrew Benintendi,CHW,30,,,,,0,0,0,0,0,0
2026,regular,2026-05-03,457705,Andrew McCutchen,TEX,30,,,,,0,0,0,0,0,0
2026,regular,2026-05-03,655316,Andruw Monasterio,BOS,30,,,,,0,0,0,0,0,0
2026,regular,2026-05-03,665926,Andrés Giménez,TOR,30,,,,,0,0,0,0,0,0
2026,regular,2026-05-03,681624,Andy Pages,LAD,30,,,,,0,0,0,0,0,0
2026,regular,2026-05-03,595978,Austin Hedges,CLE,30,,,,,0,0,0,0,0,0
2026,regular,2026-05-03,668885,Austin Martin,MIN,30,,,,,0,0,0,0,0,0
2026,regular,2026-05-03,663586,Austin Riley,ATL,30,,,,,0,0,0,0,0,0
2026,regular,2026-05-03,596103,Austin Slater,NYM,30,,,,,0,0,0,0,0,0
2026,regular,2026-05-03,669224,Austin Wells,NYY,30,,,,,0,0,0,0,0,0
2026,regular,2026-05-03,642851,Austin Wynns,ATH,30,,,,,0,0,0,0,0,0
2026,regular,2026-05-03,700250,Ben Rice,NYY,30,,,,,0,0,0,0,0,0
2026,regular,2026-05-03,810938,Ben Williamson,TBR,30,,,,,0,0,0,0,0,0
2026,regular,2026-05-03,695257,Billy Cook,PIT,30,,,,,0,0,0,0,0,0
2026,regular,2026-05-03,663368,Blake Perkins,MIL,30,,,,,0,0,0,0,0,0
2026,regular,2026-05-03,677942,Blaze Alexander,BAL,30,,,,,0,0,0,0,0,0
2026,regular,2026-05-03,666182,Bo Bichette,NYM,30,,,,,0,0,0,0,0,0
2026,regular,2026-05-03,666310,Bo Naylor,CLE,30,,,,,0,0,0,0,0,0
2026,regular,2026-05-03,677951,Bobby Witt Jr.,KCR,30,,,,,0,0,0,0,0,0
2026,regular,2026-05-03,669699,Braden Shewmake,HOU,30,,,,,0,0,0,0,0,0
2026,regular,2026-05-03,691781,Brady House,WSN,30,,,,,0,0,0,0,0,0
2026,regular,2026-05-03,663604,Brandon Lockridge,MIL,30,,,,,0,0,0,0,0,0
2026,regular,2026-05-03,664040,Brandon Lowe,PIT,30,,,,,0,0,0,0,0,0
2026,regular,2026-05-03,669016,Brandon Marsh,PHI,30,,,,,0,0,0,0,0,0
2026,regular,2026-05-03,607043,Brandon Nimmo,TEX,30,,,,,0,0,0,0,0,0
2026,regular,2026-05-03,678218,Brandon Valenzuela,TOR,30,,,,,0,0,0,0,0,0
2026,regular,2026-05-03,677587,Brayan Rocchio,CLE,30,,,,,0,0,0,0,0,0
2026,regular,2026-05-03,667670,Brent Rooker,ATH,30,,,,,0,0,0,0,0,0
2026,regular,2026-05-03,683146,Brett Baty,NYM,30,,,,,0,0,0,0,0,0
2026,regular,2026-05-03,664954,Brett Sullivan,COL,30,,,,,0,0,0,0,0,0
2026,regular,2026-05-03,694728,Brice Matthews,HOU,30,,,,,0,0,0,0,0,0
2026,regular,2026-05-03,686797,Brooks Lee,MIN,30,,,,,0,0,0,0,0,0
2026,regular,2026-05-03,668804,Bryan Reynolds,PIT,30,,,,,0,0,0,0,0,0
2026,regular,2026-05-03,547180,Bryce Harper,PHI,30,,,,,0,0,0,0,0,0
2026,regular,2026-05-03,669369,Bryce Johnson,SDP,30,,,,,0,0,0,0,0,0
2026,regular,2026-05-03,681082,Bryson Stott,PHI,30,,,,,0,0,0,0,0,0
2026,regular,2026-05-03,621439,Byron Buxton,MIN,30,,,,,0,0,0,0,0,0
2026,regular,2026-05-03,702332,Caleb Durbin,BOS,30,,,,,0,0,0,0,0,0
2026,regular,2026-05-03,701358,Cam Smith,HOU,30,,,,,0,0,0,0,0,0
2026,regular,2026-05-03,621043,Carlos Correa,HOU,30,,,,,0,0,0,0,0,0
2026,regular,2026-05-03,665966,Carlos Narváez,BOS,30,,,,,0,0,0,0,0,0
2026,regular,2026-05-03,701807,Carson Benge,NYM,30,,,,,0,0,0,0,0,0
2026,regular,2026-05-03,608348,Carson Kelly,CHC,30,,,,,0,0,0,0,0,0
2026,regular,2026-05-03,695600,Carter Jensen,KCR,30,,,,,0,0,0,0,0,0
2026,regular,2026-05-03,669477,Casey Schmitt,SFG,30,,,,,0,0,0,0,0,0
2026,regular,2026-05-03,678882,Ceddanne Rafaela,BOS,30,,,,,0,0,0,0,0,0
2026,regular,2026-05-03,656775,Cedric Mullins,TBR,30,,,,,0,0,0,0,0,0
2026,regular,2026-05-03,802415,Chandler Simpson,TBR,30,,,,,0,0,0,0,0,0
2026,regular,2026-05-03,800050,Chase DeLauter,CLE,30,,,,,0,0,0,0,0,0
2026,regular,2026-05-03,805367,Chase Meidroth,CHW,30,,,,,0,0,0,0,0,0
2026,regular,2026-05-03,543877,Christian Vázquez,HOU,30,,,,,0,0,0,0,0,0
2026,regular,2026-05-03,572233,Christian Walker,HOU,30,,,,,0,0,0,0,0,0
2026,regular,2026-05-03,666624,Christopher Morel,MIA,30,,,,,0,0,0,0,0,0
2026,regular,2026-05-03,682928,CJ Abrams,WSN,30,,,,,0,0,0,0,0,0
2026,regular,2026-05-03,691723,Coby Mayo,BAL,30,,,,,0,0,0,0,0,0
2026,regular,2026-05-03,641355,Cody Bellinger,NYY,30,,,,,0,0,0,0,0,0
2026,regular,2026-05-03,687515,Colby Thomas,ATH,30,,,,,0,0,0,0,0,0
2026,regular,2026-05-03,702284,Cole Young,SEA,30,,,,,0,0,0,0,0,0
2026,regular,2026-05-03,695657,Colson Montgomery,CHW,30,,,,,0,0,0,0,0,0
2026,regular,2026-05-03,690993,Colt Keith,DET,30,,,,,0,0,0,0,0,0
2026,regular,2026-05-03,656582,Connor Joe,SEA,30,,,,,0,0,0,0,0,0
2026,regular,2026-05-03,681393,Connor Norby,MIA,30,,,,,0,0,0,0,0,0
2026,regular,2026-05-03,682998,Corbin Carroll,ARI,30,,,,,0,0,0,0,0,0
2026,regular,2026-05-03,608369,Corey Seager,TEX,30,,,,,0,0,0,0,0,0
2026,regular,2026-05-03,678554,Curtis Mead,WSN,30,,,,,0,0,0,0,0,0
2026,regular,2026-05-03,687221,Dalton Rushing,LAD,30,,,,,0,0,0,0,0,0
2026,regular,2026-05-03,667472,Dane Myers,CIN,30,,,,,0,0,0,0,0,0
2026,regular,2026-05-03,669288,Daniel Johnson,HOU,30,,,,,0,0,0,0,0,0
2026,regular,2026-05-03,682177,Daniel Schneemann,CLE,30,,,,,0,0,0,0,0,0
2026,regular,2026-05-03,621020,Dansby Swanson,CHC,30,,,,,0,0,0,0,0,0
2026,regular,2026-05-03,687231,Darell Hernaiz,ATH,30,,,,,0,0,0,0,0,0
2026,regular,2026-05-03,662139,Daulton Varsho,TOR,30,,,,,0,0,0,0,0,0
2026,regular,2026-05-03,681807,David Fry,CLE,30,,,,,0,0,0,0,0,0
2026,regular,2026-05-03,666152,David Hamilton,MIL,30,,,,,0,0,0,0,0,0
2026,regular,2026-05-03,676914,Davis Schneider,TOR,30,,,,,0,0,0,0,0,0
2026,regular,2026-05-03,695734,Daylen Lile,WSN,30,,,,,0,0,0,0,0,0
2026,regular,2026-05-03,656537,Derek Hill,CHW,30,,,,,0,0,0,0,0,0
2026,regular,2026-05-03,686527,Dominic Canzone,SEA,30,,,,,0,0,0,0,0,0
2026,regular,2026-05-03,686948,Drake Baldwin,ATL,30,,,,,0,0,0,0,0,0
2026,regular,2026-05-03,687551,Drew Gilbert,SFG,30,,,,,0,0,0,0,0,0
2026,regular,2026-05-03,691011,Drew Romo,CHW,30,,,,,0,0,0,0,0,0
2026,regular,2026-05-03,687957,Dustin Harris,HOU,30,,,,,0,0,0,0,0,0
2026,regular,2026-05-03,700337,Edgar Quero,CHW,30,,,,,0,0,0,0,0,0
2026,regular,2026-05-03,666397,Edouard Julien,COL,30,,,,,0,0,0,0,0,0
2026,regular,2026-05-03,642201,Eli White,ATL,30,,,,,0,0,0,0,0,0
2026,regular,2026-05-03,682829,Elly De La Cruz,CIN,30,,,,,0,0,0,0,0,0
2026,regular,2026-05-03,606992,Eric Haase,SFG,30,,,,,0,0,0,0,0,0
2026,regular,2026-05-03,676391,Ernie Clement,TOR,30,,,,,0,0,0,0,0,0
2026,regular,2026-05-03,665923,Esteury Ruiz,MIA,30,,,,,0,0,0,0,0,0
2026,regular,2026-05-03,694497,Evan Carter,TEX,30,,,,,0,0,0,0,0,0
2026,regular,2026-05-03,677649,Ezequiel Duran,TEX,30,,,,,0,0,0,0,0,0
2026,regular,2026-05-03,678662,Ezequiel Tovar,COL,30,,,,,0,0,0,0,0,0
2026,regular,2026-05-03,694025,Felix Reyes,PHI,30,,,,,0,0,0,0,0,0
2026,regular,2026-05-03,518692,Freddie Freeman,LAD,30,,,,,0,0,0,0,0,0
2026,regular,2026-05-03,666023,Freddy Fermin,SDP,30,,,,,0,0,0,0,0,0
2026,regular,2026-05-03,672515,Gabriel Moreno,ARI,30,,,,,0,0,0,0,0,0
2026,regular,2026-05-03,669003,Garrett Mitchell,MIL,30,,,,,0,0,0,0,0,0
2026,regular,2026-05-03,596142,Gary Sánchez,MIL,30,,,,,0,0,0,0,0,0
2026,regular,2026-05-03,657757,Gavin Sheets,SDP,30,,,,,0,0,0,0,0,0
2026,regular,2026-05-03,672695,Geraldo Perdomo,ARI,30,,,,,0,0,0,0,0,0
2026,regular,2026-05-03,688363,Graham Pauley,MIA,30,,,,,0,0,0,0,0,0
2026,regular,2026-05-03,675659,Greg Jones,MIL,30,,,,,0,0,0,0,0,0
2026,regular,2026-05-03,701678,Hao-Yu  Lee,DET,30,,,,,0,0,0,0,0,0
2026,regular,2026-05-03,671218,Heliot Ramos,SFG,30,,,,,0,0,0,0,0,0
2026,regular,2026-05-03,680779,Henry Davis,PIT,30,,,,,0,0,0,0,0,0
2026,regular,2026-05-03,676439,Hunter Feduccia,TBR,30,,,,,0,0,0,0,0,0
2026,regular,2026-05-03,696100,Hunter Goodman,COL,30,,,,,0,0,0,0,0,0
2026,regular,2026-05-03,808975,Hyeseong Kim,LAD,30,,,,,0,0,0,0,0,0
2026,regular,2026-05-03,664023,Ian Happ,CHC,30,,,,,0,0,0,0,0,0
2026,regular,2026-05-03,545121,Ildemaro Vargas,ARI,30,,,,,0,0,0,0,0,0
2026,regular,2026-05-03,686555,Isaac Collins,KCR,30,,,,,0,0,0,0,0,0
2026,regular,2026-05-03,670623,Isaac Paredes,HOU,30,,,,,0,0,0,0,0,0
2026,regular,2026-05-03,643396,Isiah Kiner-Falefa,BOS,30,,,,,0,0,0,0,0,0
2026,regular,2026-05-03,671056,Iván Herrera,STL,30,,,,,0,0,0,0,0,0
2026,regular,2026-05-03,641487,J.P. Crawford,SEA,30,,,,,0,0,0,0,0,0
2026,regular,2026-05-03,592663,J.T. Realmuto,PHI,30,,,,,0,0,0,0,0,0
2026,regular,2026-05-03,695506,Jac Caglianone,KCR,30,,,,,0,0,0,0,0,0
2026,regular,2026-05-03,701538,Jackson Merrill,SDP,30,,,,,0,0,0,0,0,0
2026,regular,2026-05-03,805779,Jacob Wilson,ATH,30,,,,,0,0,0,0,0,0
2026,regular,2026-05-03,696285,Jacob Young,WSN,30,,,,,0,0,0,0,0,0
2026,regular,2026-05-03,641343,Jake Bauers,MIL,30,,,,,0,0,0,0,0,0
2026,regular,2026-05-03,669394,Jake Burger,TEX,30,,,,,0,0,0,0,0,0
2026,regular,2026-05-03,630105,Jake Cronenworth,SDP,30,,,,,0,0,0,0,0,0
2026,regular,2026-05-03,641584,Jake Fraley,TBR,30,,,,,0,0,0,0,0,0
2026,regular,2026-05-03,663968,Jake Mangum,PIT,30,,,,,0,0,0,0,0,0
2026,regular,2026-05-03,664983,Jake McCarthy,COL,30,,,,,0,0,0,0,0,0
2026,regular,2026-05-03,668670,Jake Rogers,DET,30,,,,,0,0,0,0,0,0
2026,regular,2026-05-03,681546,James Outman,MIN,30,,,,,0,0,0,0,0,0
2026,regular,2026-05-03,695578,James Wood,WSN,30,,,,,0,0,0,0,0,0
2026,regular,2026-05-03,672284,Jarred Kelenic,CHW,30,,,,,0,0,0,0,0,0
2026,regular,2026-05-03,680776,Jarren Duran,BOS,30,,,,,0,0,0,0,0,0
2026,regular,2026-05-03,691176,Jasson Domínguez,NYY,30,,,,,0,0,0,0,0,0
2026,regular,2026-05-03,691594,Javier Sanoja,MIA,30,,,,,0,0,0,0,0,0
2026,regular,2026-05-03,665862,Jazz Chisholm Jr.,NYY,30,,,,,0,0,0,0,0,0
2026,regular,2026-05-03,643446,Jeff McNeil,ATH,30,,,,,0,0,0,0,0,0
2026,regular,2026-05-03,666464,Jerar Encarnacion,SFG,30,,,,,0,0,0,0,0,0
2026,regular,2026-05-03,669236,Jeremiah Jackson,BAL,30,,,,,0,0,0,0,0,0
2026,regular,2026-05-03,660821,Jesús Sánchez,TOR,30,,,,,0,0,0,0,0,0
2026,regular,2026-05-03,640902,Jhonny Pereda,SEA,30,,,,,0,0,0,0,0,0
2026,regular,2026-05-03,668709,JJ Bleday,CIN,30,,,,,0,0,0,0,0,0
2026,regular,2026-05-03,802139,JJ Wetherholt,STL,30,,,,,0,0,0,0,0,0
2026,regular,2026-05-03,666176,Jo Adell,LAA,30,,,,,0,0,0,0,0,0
2026,regular,2026-05-03,663698,Joey Bart,PIT,30,,,,,0,0,0,0,0,0
2026,regular,2026-05-03,687401,Joey Ortiz,MIL,30,,,,,0,0,0,0,0,0
2026,regular,2026-05-03,641680,Jonah Heim,ATL,30,,,,,0,0,0,0,0,0
2026,regular,2026-05-03,666018,Jonathan Aranda,TBR,30,,,,,0,0,0,0,0,0
2026,regular,2026-05-03,676356,Jonny DeLuca,TBR,30,,,,,0,0,0,0,0,0
2026,regular,2026-05-03,678391,Jorbit Vivas,WSN,30,,,,,0,0,0,0,0,0
2026,regular,2026-05-03,691023,Jordan Walker,STL,30,,,,,0,0,0,0,0,0
2026,regular,2026-05-03,678489,Jorge Barrosa,ARI,30,,,,,0,0,0,0,0,0
2026,regular,2026-05-03,622761,Jorge Mateo,ATL,30,,,,,0,0,0,0,0,0
2026,regular,2026-05-03,624585,Jorge Soler,LAA,30,,,,,0,0,0,0,0,0
2026,regular,2026-05-03,514888,Jose Altuve,HOU,30,,,,,0,0,0,0,0,0
2026,regular,2026-05-03,699912,Jose Fernandez,ARI,30,,,,,0,0,0,0,0,0
2026,regular,2026-05-03,624431,Jose Trevino,CIN,30,,,,,0,0,0,0,0,0
2026,regular,2026-05-03,673962,Josh Jung,TEX,30,,,,,0,0,0,0,0,0
2026,regular,2026-05-03,666139,Josh Lowe,LAA,30,,,,,0,0,0,0,0,0
2026,regular,2026-05-03,647304,Josh Naylor,SEA,30,,,,,0,0,0,0,0,0
2026,regular,2026-05-03,669701,Josh Smith,TEX,30,,,,,0,0,0,0,0,0
2026,regular,2026-05-03,640492,José Azocar,ATL,30,,,,,0,0,0,0,0,0
2026,regular,2026-05-03,676609,José Caballero,NYY,30,,,,,0,0,0,0,0,0
2026,regular,2026-05-03,665877,José Fermín,STL,30,,,,,0,0,0,0,0,0
2026,regular,2026-05-03,608070,José Ramírez,CLE,30,,,,,0,0,0,0,0,0
2026,regular,2026-05-03,677588,José Tena,WSN,30,,,,,0,0,0,0,0,0
2026,regular,2026-05-03,665742,Juan Soto,NYM,30,,,,,0,0,0,0,0,0
2026,regular,2026-05-03,677594,Julio Rodríguez,SEA,30,,,,,0,0,0,0,0,0
2026,regular,2026-05-03,808982,Jung Hoo Lee,SFG,30,,,,,0,0,0,0,0,0
2026,regular,2026-05-03,691406,Junior Caminero,TBR,30,,,,,0,0,0,0,0,0
2026,regular,2026-05-03,702222,Justin Crawford,PHI,30,,,,,0,0,0,0,0,0
2026,regular,2026-05-03,672960,Kazuma Okamoto,TOR,30,,,,,0,0,0,0,0,0
2026,regular,2026-05-03,660688,Keibert Ruiz,WSN,30,,,,,0,0,0,0,0,0
2026,regular,2026-05-03,681481,Kerry Carpenter,DET,30,,,,,0,0,0,0,0,0
2026,regular,2026-05-03,606466,Ketel Marte,ARI,30,,,,,0,0,0,0,0,0
2026,regular,2026-05-03,805808,Kevin McGonigle,DET,30,,,,,0,0,0,0,0,0
2026,regular,2026-05-03,665019,Kody Clemens,MIN,30,,,,,0,0,0,0,0,0
2026,regular,2026-05-03,804606,Konnor Griffin,PIT,30,,,,,0,0,0,0,0,0
2026,regular,2026-05-03,543309,Kyle Higashioka,TEX,30,,,,,0,0,0,0,0,0
2026,regular,2026-05-03,664728,Kyle Isbel,KCR,30,,,,,0,0,0,0,0,0
2026,regular,2026-05-03,700932,Kyle Manzardo,CLE,30,,,,,0,0,0,0,0,0
2026,regular,2026-05-03,656941,Kyle Schwarber,PHI,30,,,,,0,0,0,0,0,0
2026,regular,2026-05-03,669065,Kyle Stowers,MIA,30,,,,,0,0,0,0,0,0
2026,regular,2026-05-03,663656,Kyle Tucker,LAD,30,,,,,0,0,0,0,0,0
2026,regular,2026-05-03,671732,Lawrence Butler,ATH,30,,,,,0,0,0,0,0,0
2026,regular,2026-05-03,672820,Lenyn Sosa,TOR,30,,,,,0,0,0,0,0,0
2026,regular,2026-05-03,677870,Leo Jiménez,MIA,30,,,,,0,0,0,0,0,0
2026,regular,2026-05-03,660844,Leo Rivas,SEA,30,,,,,0,0,0,0,0,0
2026,regular,2026-05-03,665750,Leody Taveras,BAL,30,,,,,0,0,0,0,0,0
2026,regular,2026-05-03,666971,Lourdes Gurriel Jr.,ARI,30,,,,,0,0,0,0,0,0
2026,regular,2026-05-03,650333,Luis Arraez,SFG,30,,,,,0,0,0,0,0,0
2026,regular,2026-05-03,671277,Luis García Jr.,WSN,30,,,,,0,0,0,0,0,0
2026,regular,2026-05-03,650859,Luis Rengifo,MIL,30,,,,,0,0,0,0,0,0
2026,regular,2026-05-03,620443,Luis Torrens,NYM,30,,,,,0,0,0,0,0,0
2026,regular,2026-05-03,682668,Luisangel Acuña,CHW,30,,,,,0,0,0,0,0,0
2026,regular,2026-05-03,807712,Luke Keaschall,MIN,30,,,,,0,0,0,0,0,0
2026,regular,2026-05-03,672580,Maikel Garcia,KCR,30,,,,,0,0,0,0,0,0
2026,regular,2026-05-03,592518,Manny Machado,SDP,30,,,,,0,0,0,0,0,0
2026,regular,2026-05-03,542303,Marcell Ozuna,PIT,30,,,,,0,0,0,0,0,0
2026,regular,2026-05-03,691785,Marcelo Mayer,BOS,30,,,,,0,0,0,0,0,0
2026,regular,2026-05-03,543760,Marcus Semien,NYM,30,,,,,0,0,0,0,0,0
2026,regular,2026-05-03,668901,Mark Vientos,NYM,30,,,,,0,0,0,0,0,0
2026,regular,2026-05-03,807799,Masataka Yoshida,BOS,30,,,,,0,0,0,0,0,0
2026,regular,2026-05-03,691026,Masyn Winn,STL,30,,,,,0,0,0,0,0,0
2026,regular,2026-05-03,656305,Matt Chapman,SFG,30,,,,,0,0,0,0,0,0
2026,regular,2026-05-03,680574,Matt McLain,CIN,30,,,,,0,0,0,0,0,0
2026,regular,2026-05-03,621566,Matt Olson,ATL,30,,,,,0,0,0,0,0,0
2026,regular,2026-05-03,663837,Matt Vierling,DET,30,,,,,0,0,0,0,0,0
2026,regular,2026-05-03,670242,Matt Wallner,MIN,30,,,,,0,0,0,0,0,0
2026,regular,2026-05-03,643289,Mauricio Dubón,ATL,30,,,,,0,0,0,0,0,0
2026,regular,2026-05-03,571970,Max Muncy,LAD,30,,,,,0,0,0,0,0,0
2026,regular,2026-05-03,680474,Max Schuemann,NYY,30,,,,,0,0,0,0,0,0
2026,regular,2026-05-03,683737,Michael Busch,CHC,30,,,,,0,0,0,0,0,0
2026,regular,2026-05-03,686681,Michael Massey,KCR,30,,,,,0,0,0,0,0,0
2026,regular,2026-05-03,666160,Mickey Moniak,COL,30,,,,,0,0,0,0,0,0
2026,regular,2026-05-03,609280,Miguel Andujar,SDP,30,,,,,0,0,0,0,0,0
2026,regular,2026-05-03,500743,Miguel Rojas,LAD,30,,,,,0,0,0,0,0,0
2026,regular,2026-05-03,678246,Miguel Vargas,CHW,30,,,,,0,0,0,0,0,0
2026,regular,2026-05-03,545361,Mike Trout,LAA,30,,,,,0,0,0,0,0,0
2026,regular,2026-05-03,573262,Mike Yastrzemski,ATL,30,,,,,0,0,0,0,0,0
2026,regular,2026-05-03,669004,MJ Melendez,NYM,30,,,,,0,0,0,0,0,0
2026,regular,2026-05-03,694208,Moisés Ballesteros,CHC,30,,,,,0,0,0,0,0,0
2026,regular,2026-05-03,808959,Munetaka Murakami,CHW,30,,,,,0,0,0,0,0,0
2026,regular,2026-05-03,664702,Myles Straw,TOR,30,,,,,0,0,0,0,0,0
2026,regular,2026-05-03,683083,Nasim Nuñez,WSN,30,,,,,0,0,0,0,0,0
2026,regular,2026-05-03,701675,Nathan Church,STL,30,,,,,0,0,0,0,0,0
2026,regular,2026-05-03,663993,Nathaniel Lowe,CIN,30,,,,,0,0,0,0,0,0
2026,regular,2026-05-03,592206,Nick Castellanos,SDP,30,,,,,0,0,0,0,0,0
2026,regular,2026-05-03,663743,Nick Fortes,TBR,30,,,,,0,0,0,0,0,0
2026,regular,2026-05-03,693304,Nick Gonzales,PIT,30,,,,,0,0,0,0,0,0
2026,regular,2026-05-03,701762,Nick Kurtz,ATH,30,,,,,0,0,0,0,0,0
2026,regular,2026-05-03,663538,Nico Hoerner,CHC,30,,,,,0,0,0,0,0,0
2026,regular,2026-05-03,571448,Nolan Arenado,ARI,30,,,,,0,0,0,0,0,0
2026,regular,2026-05-03,669357,Nolan Gorman,STL,30,,,,,0,0,0,0,0,0
2026,regular,2026-05-03,694384,Nolan Schanuel,LAA,30,,,,,0,0,0,0,0,0
2026,regular,2026-05-03,665833,Oneil Cruz,PIT,30,,,,,0,0,0,0,0,0
2026,regular,2026-05-03,672724,Oswald Peraza,LAA,30,,,,,0,0,0,0,0,0
2026,regular,2026-05-03,672640,Otto Lopez,MIA,30,,,,,0,0,0,0,0,0
2026,regular,2026-05-03,683357,Owen Caissie,MIA,30,,,,,0,0,0,0,0,0
2026,regular,2026-05-03,645277,Ozzie Albies,ATL,30,,,,,0,0,0,0,0,0
2026,regular,2026-05-03,502671,Paul Goldschmidt,NYY,30,,,,,0,0,0,0,0,0
2026,regular,2026-05-03,686780,Pedro Pagés,STL,30,,,,,0,0,0,0,0,0
2026,regular,2026-05-03,624413,Pete Alonso,BAL,30,,,,,0,0,0,0,0,0
2026,regular,2026-05-03,691718,Pete Crow-Armstrong,CHC,30,,,,,0,0,0,0,0,0
2026,regular,2026-05-03,690984,Petey Halpin,CLE,30,,,,,0,0,0,0,0,0
2026,regular,2026-05-03,646240,Rafael Devers,SFG,30,,,,,0,0,0,0,0,0
2026,regular,2026-05-03,657656,Ramón Laureano,SDP,30,,,,,0,0,0,0,0,0
2026,regular,2026-05-03,602104,Ramón Urías,STL,30,,,,,0,0,0,0,0,0
2026,regular,2026-05-03,668227,Randy Arozarena,SEA,30,,,,,0,0,0,0,0,0
2026,regular,2026-05-03,680700,Richie Palacios,TBR,30,,,,,0,0,0,0,0,0
2026,regular,2026-05-03,682985,Riley Greene,DET,30,,,,,0,0,0,0,0,0
2026,regular,2026-05-03,608701,Rob Refsnyder,SEA,30,,,,,0,0,0,0,0,0
2026,regular,2026-05-03,701350,Roman Anthony,BOS,30,,,,,0,0,0,0,0,0
2026,regular,2026-05-03,668904,Royce Lewis,MIN,30,,,,,0,0,0,0,0,0
2026,regular,2026-05-03,641857,Ryan McMahon,NYY,30,,,,,0,0,0,0,0,0
2026,regular,2026-05-03,656811,Ryan O'Hearn,PIT,30,,,,,0,0,0,0,0,0
2026,regular,2026-05-03,668723,Ryan Vilade,TBR,30,,,,,0,0,0,0,0,0
2026,regular,2026-05-03,686217,Sal Frelick,MIL,30,,,,,0,0,0,0,0,0
2026,regular,2026-05-03,701398,Sal Stewart,CIN,30,,,,,0,0,0,0,0,0
2026,regular,2026-05-03,521692,Salvador Perez,KCR,30,,,,,0,0,0,0,0,0
2026,regular,2026-05-03,803011,Sam Antonacci,CHW,30,,,,,0,0,0,0,0,0
2026,regular,2026-05-03,694212,Samuel Basallo,BAL,30,,,,,0,0,0,0,0,0
2026,regular,2026-05-03,669289,Santiago Espinal,LAD,30,,,,,0,0,0,0,0,0
2026,regular,2026-05-03,665861,Sebastián Rivero,LAA,30,,,,,0,0,0,0,0,0
2026,regular,2026-05-03,673548,Seiya Suzuki,CHC,30,,,,,0,0,0,0,0,0
2026,regular,2026-05-03,694376,Shay Whitcomb,HOU,30,,,,,0,0,0,0,0,0
2026,regular,2026-05-03,660271,Shohei Ohtani,LAD,30,,,,,0,0,0,0,0,0
2026,regular,2026-05-03,687462,Spencer Horwitz,PIT,30,,,,,0,0,0,0,0,0
2026,regular,2026-05-03,668715,Spencer Steer,CIN,30,,,,,0,0,0,0,0,0
2026,regular,2026-05-03,679529,Spencer Torkelson,DET,30,,,,,0,0,0,0,0,0
2026,regular,2026-05-03,516782,Starling Marte,KCR,30,,,,,0,0,0,0,0,0
2026,regular,2026-05-03,680757,Steven Kwan,CLE,30,,,,,0,0,0,0,0,0
2026,regular,2026-05-03,670764,Taylor Walls,TBR,30,,,,,0,0,0,0,0,0
2026,regular,2026-05-03,621493,Taylor Ward,BAL,30,,,,,0,0,0,0,0,0
2026,regular,2026-05-03,606192,Teoscar Hernández,LAD,30,,,,,0,0,0,0,0,0
2026,regular,2026-05-03,670770,TJ Friedl,CIN,30,,,,,0,0,0,0,0,0
2026,regular,2026-05-03,681198,TJ Rumfield,COL,30,,,,,0,0,0,0,0,0
2026,regular,2026-05-03,683953,Travis Bazzana,CLE,30,,,,,0,0,0,0,0,0
2026,regular,2026-05-03,518595,Travis d'Arnaud,LAA,30,,,,,0,0,0,0,0,0
2026,regular,2026-05-03,607208,Trea Turner,PHI,30,,,,,0,0,0,0,0,0
2026,regular,2026-05-03,663757,Trent Grisham,NYY,30,,,,,0,0,0,0,0,0
2026,regular,2026-05-03,663616,Trevor Larnach,MIN,30,,,,,0,0,0,0,0,0
2026,regular,2026-05-03,671976,Tristan Peters,CHW,30,,,,,0,0,0,0,0,0
2026,regular,2026-05-03,687859,Troy Johnston,COL,30,,,,,0,0,0,0,0,0
2026,regular,2026-05-03,664034,Ty France,SDP,30,,,,,0,0,0,0,0,0
2026,regular,2026-05-03,623168,Tyler Heineman,TOR,30,,,,,0,0,0,0,0,0
2026,regular,2026-05-03,641933,Tyler O'Neill,BAL,30,,,,,0,0,0,0,0,0
2026,regular,2026-05-03,691016,Tyler Soderstrom,ATH,30,,,,,0,0,0,0,0,0
2026,regular,2026-05-03,621438,Tyrone Taylor,NYM,30,,,,,0,0,0,0,0,0
2026,regular,2026-05-03,687093,Vaughn Grissom,LAA,30,,,,,0,0,0,0,0,0
2026,regular,2026-05-03,605170,Victor Caratini,MIN,30,,,,,0,0,0,0,0,0
2026,regular,2026-05-03,686469,Vinnie Pasquantino,KCR,30,,,,,0,0,0,0,0,0
2026,regular,2026-05-03,665489,Vladimir Guerrero Jr.,TOR,30,,,,,0,0,0,0,0,0
2026,regular,2026-05-03,672761,Wenceel Pérez,DET,30,,,,,0,0,0,0,0,0
2026,regular,2026-05-03,642215,Weston Wilson,BAL,30,,,,,0,0,0,0,0,0
2026,regular,2026-05-03,666181,Will Benson,CIN,30,,,,,0,0,0,0,0,0
2026,regular,2026-05-03,650489,Willi Castro,COL,30,,,,,0,0,0,0,0,0
2026,regular,2026-05-03,661388,William Contreras,MIL,30,,,,,0,0,0,0,0,0
2026,regular,2026-05-03,575929,Willson Contreras,BOS,30,,,,,0,0,0,0,0,0
2026,regular,2026-05-03,642715,Willy Adames,SFG,30,,,,,0,0,0,0,0,0
2026,regular,2026-05-03,677800,Wilyer Abreu,BOS,30,,,,,0,0,0,0,0,0
2026,regular,2026-05-03,593428,Xander Bogaerts,SDP,30,,,,,0,0,0,0,0,0
2026,regular,2026-05-03,669364,Xavier Edwards,MIA,30,,,,,0,0,0,0,0,0
2026,regular,2026-05-03,673237,Yainer Diaz,HOU,30,,,,,0,0,0,0,0,0
2026,regular,2026-05-03,682818,Yohendrick Piñango,TOR,30,,,,,0,0,0,0,0,0
2026,regular,2026-05-03,670541,Yordan Alvarez,HOU,30,,,,,0,0,0,0,0,0
2026,regular,2026-05-03,660162,Yoán Moncada,LAA,30,,,,,0,0,0,0,0,0
2026,regular,2026-05-03,687263,Zach Neto,LAA,30,,,,,0,0,0,0,0,0
2026,regular,2026-05-03,680869,Zack Gelof,ATH,30,,,,,0,0,0,0,0,0
2026,regular,2026-05-03,670097,Zack Short,DET,30,,,,,0,0,0,0,0,0
2026,regular,2026-05-04,592450,Aaron Judge,NYY,30,,,,,0,0,0,0,0,0
2026,regular,2026-05-04,624428,Adam Frazier,LAA,30,,,,,0,0,0,0,0,0
2026,regular,2026-05-04,668939,Adley Rutschman,BAL,30,,,,,0,0,0,0,0,0
2026,regular,2026-05-04,666969,Adolis García,PHI,30,,,,,0,0,0,0,0,0
2026,regular,2026-05-04,664761,Alec Bohm,PHI,30,,,,,0,0,0,0,0,0
2026,regular,2026-05-04,676475,Alec Burleson,STL,30,,,,,0,0,0,0,0,0
2026,regular,2026-05-04,608324,Alex Bregman,CHC,30,,,,,0,0,0,0,0,0
2026,regular,2026-05-04,690976,Alex Freeland,LAD,30,,,,,0,0,0,0,0,0
2026,regular,2026-05-04,643217,Andrew Benintendi,CHW,30,,,,,0,0,0,0,0,0
2026,regular,2026-05-04,683734,Andrew Vaughn,MIL,30,,,,,0,0,0,0,0,0
2026,regular,2026-05-04,655316,Andruw Monasterio,BOS,30,,,,,0,0,0,0,0,0
2026,regular,2026-05-04,665926,Andrés Giménez,TOR,30,,,,,0,0,0,0,0,0
2026,regular,2026-05-04,681624,Andy Pages,LAD,30,,,,,0,0,0,0,0,0
2026,regular,2026-05-04,682657,Angel Martínez,CLE,30,,,,,0,0,0,0,0,0
2026,regular,2026-05-04,547973,Aroldis Chapman,BOS,30,,,,,0,0,0,0,0,0
2026,regular,2026-05-04,663586,Austin Riley,ATL,30,,,,,0,0,0,0,0,0
2026,regular,2026-05-04,669224,Austin Wells,NYY,30,,,,,0,0,0,0,0,0
2026,regular,2026-05-04,810938,Ben Williamson,TBR,30,,,,,0,0,0,0,0,0
2026,regular,2026-05-04,694362,Blake Dunn,CIN,30,,,,,0,0,0,0,0,0
2026,regular,2026-05-04,677942,Blaze Alexander,BAL,30,,,,,0,0,0,0,0,0
2026,regular,2026-05-04,666182,Bo Bichette,NYM,30,,,,,0,0,0,0,0,0
2026,regular,2026-05-04,666310,Bo Naylor,CLE,30,,,,,0,0,0,0,0,0
2026,regular,2026-05-04,677951,Bobby Witt Jr.,KCR,30,,,,,0,0,0,0,0,0
2026,regular,2026-05-04,669699,Braden Shewmake,HOU,30,,,,,0,0,0,0,0,0
2026,regular,2026-05-04,669016,Brandon Marsh,PHI,30,,,,,0,0,0,0,0,0
2026,regular,2026-05-04,678218,Brandon Valenzuela,TOR,30,,,,,0,0,0,0,0,0
2026,regular,2026-05-04,677587,Brayan Rocchio,CLE,30,,,,,0,0,0,0,0,0
2026,regular,2026-05-04,686668,Brenton Doyle,COL,30,,,,,0,0,0,0,0,0
2026,regular,2026-05-04,683146,Brett Baty,NYM,30,,,,,0,0,0,0,0,0
2026,regular,2026-05-04,694728,Brice Matthews,HOU,30,,,,,0,0,0,0,0,0
2026,regular,2026-05-04,668930,Brice Turang,MIL,30,,,,,0,0,0,0,0,0
2026,regular,2026-05-04,805811,Bryce Eldridge,SFG,30,,,,,0,0,0,0,0,0
2026,regular,2026-05-04,547180,Bryce Harper,PHI,30,,,,,0,0,0,0,0,0
2026,regular,2026-05-04,681082,Bryson Stott,PHI,30,,,,,0,0,0,0,0,0
2026,regular,2026-05-04,702332,Caleb Durbin,BOS,30,,,,,0,0,0,0,0,0
2026,regular,2026-05-04,701358,Cam Smith,HOU,30,,,,,0,0,0,0,0,0
2026,regular,2026-05-04,621043,Carlos Correa,HOU,30,,,,,0,0,0,0,0,0
2026,regular,2026-05-04,665966,Carlos Narváez,BOS,30,,,,,0,0,0,0,0,0
2026,regular,2026-05-04,701807,Carson Benge,NYM,30,,,,,0,0,0,0,0,0
2026,regular,2026-05-04,608348,Carson Kelly,CHC,30,,,,,0,0,0,0,0,0
2026,regular,2026-05-04,695600,Carter Jensen,KCR,30,,,,,0,0,0,0,0,0
2026,regular,2026-05-04,669477,Casey Schmitt,SFG,30,,,,,0,0,0,0,0,0
2026,regular,2026-05-04,678882,Ceddanne Rafaela,BOS,30,,,,,0,0,0,0,0,0
2026,regular,2026-05-04,656775,Cedric Mullins,TBR,30,,,,,0,0,0,0,0,0
2026,regular,2026-05-04,802415,Chandler Simpson,TBR,30,,,,,0,0,0,0,0,0
2026,regular,2026-05-04,805367,Chase Meidroth,CHW,30,,,,,0,0,0,0,0,0
2026,regular,2026-05-04,543877,Christian Vázquez,HOU,30,,,,,0,0,0,0,0,0
2026,regular,2026-05-04,572233,Christian Walker,HOU,30,,,,,0,0,0,0,0,0
2026,regular,2026-05-04,666624,Christopher Morel,MIA,30,,,,,0,0,0,0,0,0
2026,regular,2026-05-04,641355,Cody Bellinger,NYY,30,,,,,0,0,0,0,0,0
2026,regular,2026-05-04,702284,Cole Young,SEA,30,,,,,0,0,0,0,0,0
2026,regular,2026-05-04,695657,Colson Montgomery,CHW,30,,,,,0,0,0,0,0,0
2026,regular,2026-05-04,690993,Colt Keith,DET,30,,,,,0,0,0,0,0,0
2026,regular,2026-05-04,681297,Colton Cowser,BAL,30,,,,,0,0,0,0,0,0
2026,regular,2026-05-04,656582,Connor Joe,SEA,30,,,,,0,0,0,0,0,0
2026,regular,2026-05-04,681393,Connor Norby,MIA,30,,,,,0,0,0,0,0,0
2026,regular,2026-05-04,667472,Dane Myers,CIN,30,,,,,0,0,0,0,0,0
2026,regular,2026-05-04,682177,Daniel Schneemann,CLE,30,,,,,0,0,0,0,0,0
2026,regular,2026-05-04,621020,Dansby Swanson,CHC,30,,,,,0,0,0,0,0,0
2026,regular,2026-05-04,662139,Daulton Varsho,TOR,30,,,,,0,0,0,0,0,0
2026,regular,2026-05-04,681807,David Fry,CLE,30,,,,,0,0,0,0,0,0
2026,regular,2026-05-04,666152,David Hamilton,MIL,30,,,,,0,0,0,0,0,0
2026,regular,2026-05-04,656537,Derek Hill,CHW,30,,,,,0,0,0,0,0,0
2026,regular,2026-05-04,693307,Dillon Dingler,DET,30,,,,,0,0,0,0,0,0
2026,regular,2026-05-04,686527,Dominic Canzone,SEA,30,,,,,0,0,0,0,0,0
2026,regular,2026-05-04,642086,Dominic Smith,ATL,30,,,,,0,0,0,0,0,0
2026,regular,2026-05-04,686948,Drake Baldwin,ATL,30,,,,,0,0,0,0,0,0
2026,regular,2026-05-04,687551,Drew Gilbert,SFG,30,,,,,0,0,0,0,0,0
2026,regular,2026-05-04,691011,Drew Romo,CHW,30,,,,,0,0,0,0,0,0
2026,regular,2026-05-04,687637,Dylan Beavers,BAL,30,,,,,0,0,0,0,0,0
2026,regular,2026-05-04,666397,Edouard Julien,COL,30,,,,,0,0,0,0,0,0
2026,regular,2026-05-04,642201,Eli White,ATL,30,,,,,0,0,0,0,0,0
2026,regular,2026-05-04,682829,Elly De La Cruz,CIN,30,,,,,0,0,0,0,0,0
2026,regular,2026-05-04,676391,Ernie Clement,TOR,30,,,,,0,0,0,0,0,0
2026,regular,2026-05-04,665923,Esteury Ruiz,MIA,30,,,,,0,0,0,0,0,0
2026,regular,2026-05-04,678662,Ezequiel Tovar,COL,30,,,,,0,0,0,0,0,0
2026,regular,2026-05-04,665487,Fernando Tatis Jr.,SDP,30,,,,,0,0,0,0,0,0
2026,regular,2026-05-04,682626,Francisco Alvarez,NYM,30,,,,,0,0,0,0,0,0
2026,regular,2026-05-04,518692,Freddie Freeman,LAD,30,,,,,0,0,0,0,0,0
2026,regular,2026-05-04,666023,Freddy Fermin,SDP,30,,,,,0,0,0,0,0,0
2026,regular,2026-05-04,669003,Garrett Mitchell,MIL,30,,,,,0,0,0,0,0,0
2026,regular,2026-05-04,596117,Garrett Stubbs,PHI,30,,,,,0,0,0,0,0,0
2026,regular,2026-05-04,676477,Garrett Whitlock,BOS,30,,,,,0,0,0,0,0,0
2026,regular,2026-05-04,596142,Gary Sánchez,MIL,30,,,,,0,0,0,0,0,0
2026,regular,2026-05-04,657757,Gavin Sheets,SDP,30,,,,,0,0,0,0,0,0
2026,regular,2026-05-04,688363,Graham Pauley,MIA,30,,,,,0,0,0,0,0,0
2026,regular,2026-05-04,683002,Gunnar Henderson,BAL,30,,,,,0,0,0,0,0,0
2026,regular,2026-05-04,701678,Hao-Yu  Lee,DET,30,,,,,0,0,0,0,0,0
2026,regular,2026-05-04,671218,Heliot Ramos,SFG,30,,,,,0,0,0,0,0,0
2026,regular,2026-05-04,696100,Hunter Goodman,COL,30,,,,,0,0,0,0,0,0
2026,regular,2026-05-04,808975,Hyeseong Kim,LAD,30,,,,,0,0,0,0,0,0
2026,regular,2026-05-04,664023,Ian Happ,CHC,30,,,,,0,0,0,0,0,0
2026,regular,2026-05-04,686555,Isaac Collins,KCR,30,,,,,0,0,0,0,0,0
2026,regular,2026-05-04,670623,Isaac Paredes,HOU,30,,,,,0,0,0,0,0,0
2026,regular,2026-05-04,671056,Iván Herrera,STL,30,,,,,0,0,0,0,0,0
2026,regular,2026-05-04,641487,J.P. Crawford,SEA,30,,,,,0,0,0,0,0,0
2026,regular,2026-05-04,695506,Jac Caglianone,KCR,30,,,,,0,0,0,0,0,0
2026,regular,2026-05-04,694192,Jackson Chourio,MIL,30,,,,,0,0,0,0,0,0
2026,regular,2026-05-04,701538,Jackson Merrill,SDP,30,,,,,0,0,0,0,0,0
2026,regular,2026-05-04,663330,Jahmai Jones,DET,30,,,,,0,0,0,0,0,0
2026,regular,2026-05-04,641343,Jake Bauers,MIL,30,,,,,0,0,0,0,0,0
2026,regular,2026-05-04,630105,Jake Cronenworth,SDP,30,,,,,0,0,0,0,0,0
2026,regular,2026-05-04,805300,Jakob Marsee,MIA,30,,,,,0,0,0,0,0,0
2026,regular,2026-05-04,672284,Jarred Kelenic,CHW,30,,,,,0,0,0,0,0,0
2026,regular,2026-05-04,680776,Jarren Duran,BOS,30,,,,,0,0,0,0,0,0
2026,regular,2026-05-04,691176,Jasson Domínguez,NYY,30,,,,,0,0,0,0,0,0
2026,regular,2026-05-04,691594,Javier Sanoja,MIA,30,,,,,0,0,0,0,0,0
2026,regular,2026-05-04,665862,Jazz Chisholm Jr.,NYY,30,,,,,0,0,0,0,0,0
2026,regular,2026-05-04,669236,Jeremiah Jackson,BAL,30,,,,,0,0,0,0,0,0
2026,regular,2026-05-04,683679,Jesus Rodriguez,SFG,30,,,,,0,0,0,0,0,0
2026,regular,2026-05-04,660821,Jesús Sánchez,TOR,30,,,,,0,0,0,0,0,0
2026,regular,2026-05-04,668709,JJ Bleday,CIN,30,,,,,0,0,0,0,0,0
2026,regular,2026-05-04,802139,JJ Wetherholt,STL,30,,,,,0,0,0,0,0,0
2026,regular,2026-05-04,666176,Jo Adell,LAA,30,,,,,0,0,0,0,0,0
2026,regular,2026-05-04,691788,Joe Mack,MIA,30,,,,,0,0,0,0,0,0
2026,regular,2026-05-04,666018,Jonathan Aranda,TBR,30,,,,,0,0,0,0,0,0
2026,regular,2026-05-04,676356,Jonny DeLuca,TBR,30,,,,,0,0,0,0,0,0
2026,regular,2026-05-04,687597,Jordan Beck,COL,30,,,,,0,0,0,0,0,0
2026,regular,2026-05-04,691023,Jordan Walker,STL,30,,,,,0,0,0,0,0,0
2026,regular,2026-05-04,622761,Jorge Mateo,ATL,30,,,,,0,0,0,0,0,0
2026,regular,2026-05-04,624585,Jorge Soler,LAA,30,,,,,0,0,0,0,0,0
2026,regular,2026-05-04,514888,Jose Altuve,HOU,30,,,,,0,0,0,0,0,0
2026,regular,2026-05-04,666139,Josh Lowe,LAA,30,,,,,0,0,0,0,0,0
2026,regular,2026-05-04,647304,Josh Naylor,SEA,30,,,,,0,0,0,0,0,0
2026,regular,2026-05-04,640492,José Azocar,ATL,30,,,,,0,0,0,0,0,0
2026,regular,2026-05-04,676609,José Caballero,NYY,30,,,,,0,0,0,0,0,0
2026,regular,2026-05-04,608070,José Ramírez,CLE,30,,,,,0,0,0,0,0,0
2026,regular,2026-05-04,665742,Juan Soto,NYM,30,,,,,0,0,0,0,0,0
2026,regular,2026-05-04,677594,Julio Rodríguez,SEA,30,,,,,0,0,0,0,0,0
2026,regular,2026-05-04,808982,Jung Hoo Lee,SFG,30,,,,,0,0,0,0,0,0
2026,regular,2026-05-04,691406,Junior Caminero,TBR,30,,,,,0,0,0,0,0,0
2026,regular,2026-05-04,702222,Justin Crawford,PHI,30,,,,,0,0,0,0,0,0
2026,regular,2026-05-04,672960,Kazuma Okamoto,TOR,30,,,,,0,0,0,0,0,0
2026,regular,2026-05-04,663647,Ke'Bryan Hayes,CIN,30,,,,,0,0,0,0,0,0
2026,regular,2026-05-04,681481,Kerry Carpenter,DET,30,,,,,0,0,0,0,0,0
2026,regular,2026-05-04,691720,Kyle Karros,COL,30,,,,,0,0,0,0,0,0
2026,regular,2026-05-04,656941,Kyle Schwarber,PHI,30,,,,,0,0,0,0,0,0
2026,regular,2026-05-04,669065,Kyle Stowers,MIA,30,,,,,0,0,0,0,0,0
2026,regular,2026-05-04,663656,Kyle Tucker,LAD,30,,,,,0,0,0,0,0,0
2026,regular,2026-05-04,657041,Lane Thomas,KCR,30,,,,,0,0,0,0,0,0
2026,regular,2026-05-04,660844,Leo Rivas,SEA,30,,,,,0,0,0,0,0,0
2026,regular,2026-05-04,665750,Leody Taveras,BAL,30,,,,,0,0,0,0,0,0
2026,regular,2026-05-04,689414,Liam Hicks,MIA,30,,,,,0,0,0,0,0,0
2026,regular,2026-05-04,650333,Luis Arraez,SFG,30,,,,,0,0,0,0,0,0
2026,regular,2026-05-04,650859,Luis Rengifo,MIL,30,,,,,0,0,0,0,0,0
2026,regular,2026-05-04,620443,Luis Torrens,NYM,30,,,,,0,0,0,0,0,0
2026,regular,2026-05-04,670042,Luke Raley,SEA,30,,,,,0,0,0,0,0,0
2026,regular,2026-05-04,672580,Maikel Garcia,KCR,30,,,,,0,0,0,0,0,0
2026,regular,2026-05-04,592518,Manny Machado,SDP,30,,,,,0,0,0,0,0,0
2026,regular,2026-05-04,691785,Marcelo Mayer,BOS,30,,,,,0,0,0,0,0,0
2026,regular,2026-05-04,543760,Marcus Semien,NYM,30,,,,,0,0,0,0,0,0
2026,regular,2026-05-04,668901,Mark Vientos,NYM,30,,,,,0,0,0,0,0,0
2026,regular,2026-05-04,807799,Masataka Yoshida,BOS,30,,,,,0,0,0,0,0,0
2026,regular,2026-05-04,691026,Masyn Winn,STL,30,,,,,0,0,0,0,0,0
2026,regular,2026-05-04,680574,Matt McLain,CIN,30,,,,,0,0,0,0,0,0
2026,regular,2026-05-04,621566,Matt Olson,ATL,30,,,,,0,0,0,0,0,0
2026,regular,2026-05-04,807713,Matt Shaw,CHC,30,,,,,0,0,0,0,0,0
2026,regular,2026-05-04,663837,Matt Vierling,DET,30,,,,,0,0,0,0,0,0
2026,regular,2026-05-04,643289,Mauricio Dubón,ATL,30,,,,,0,0,0,0,0,0
2026,regular,2026-05-04,571970,Max Muncy,LAD,30,,,,,0,0,0,0,0,0
2026,regular,2026-05-04,680474,Max Schuemann,NYY,30,,,,,0,0,0,0,0,0
2026,regular,2026-05-04,683737,Michael Busch,CHC,30,,,,,0,0,0,0,0,0
2026,regular,2026-05-04,624424,Michael Conforto,CHC,30,,,,,0,0,0,0,0,0
2026,regular,2026-05-04,671739,Michael Harris II,ATL,30,,,,,0,0,0,0,0,0
2026,regular,2026-05-04,666160,Mickey Moniak,COL,30,,,,,0,0,0,0,0,0
2026,regular,2026-05-04,609280,Miguel Andujar,SDP,30,,,,,0,0,0,0,0,0
2026,regular,2026-05-04,678246,Miguel Vargas,CHW,30,,,,,0,0,0,0,0,0
2026,regular,2026-05-04,545361,Mike Trout,LAA,30,,,,,0,0,0,0,0,0
2026,regular,2026-05-04,573262,Mike Yastrzemski,ATL,30,,,,,0,0,0,0,0,0
2026,regular,2026-05-04,641598,Mitch Garver,SEA,30,,,,,0,0,0,0,0,0
2026,regular,2026-05-04,669004,MJ Melendez,NYM,30,,,,,0,0,0,0,0,0
2026,regular,2026-05-04,694208,Moisés Ballesteros,CHC,30,,,,,0,0,0,0,0,0
2026,regular,2026-05-04,808959,Munetaka Murakami,CHW,30,,,,,0,0,0,0,0,0
2026,regular,2026-05-04,664702,Myles Straw,TOR,30,,,,,0,0,0,0,0,0
2026,regular,2026-05-04,701675,Nathan Church,STL,30,,,,,0,0,0,0,0,0
2026,regular,2026-05-04,663993,Nathaniel Lowe,CIN,30,,,,,0,0,0,0,0,0
2026,regular,2026-05-04,663743,Nick Fortes,TBR,30,,,,,0,0,0,0,0,0
2026,regular,2026-05-04,679845,Nick Loftin,KCR,30,,,,,0,0,0,0,0,0
2026,regular,2026-05-04,663538,Nico Hoerner,CHC,30,,,,,0,0,0,0,0,0
2026,regular,2026-05-04,669357,Nolan Gorman,STL,30,,,,,0,0,0,0,0,0
2026,regular,2026-05-04,694384,Nolan Schanuel,LAA,30,,,,,0,0,0,0,0,0
2026,regular,2026-05-04,672724,Oswald Peraza,LAA,30,,,,,0,0,0,0,0,0
2026,regular,2026-05-04,672640,Otto Lopez,MIA,30,,,,,0,0,0,0,0,0
2026,regular,2026-05-04,683357,Owen Caissie,MIA,30,,,,,0,0,0,0,0,0
2026,regular,2026-05-04,645277,Ozzie Albies,ATL,30,,,,,0,0,0,0,0,0
2026,regular,2026-05-04,672275,Patrick Bailey,SFG,30,,,,,0,0,0,0,0,0
2026,regular,2026-05-04,502671,Paul Goldschmidt,NYY,30,,,,,0,0,0,0,0,0
2026,regular,2026-05-04,686780,Pedro Pagés,STL,30,,,,,0,0,0,0,0,0
2026,regular,2026-05-04,624413,Pete Alonso,BAL,30,,,,,0,0,0,0,0,0
2026,regular,2026-05-04,691718,Pete Crow-Armstrong,CHC,30,,,,,0,0,0,0,0,0
2026,regular,2026-05-04,646240,Rafael Devers,SFG,30,,,,,0,0,0,0,0,0
2026,regular,2026-05-04,657656,Ramón Laureano,SDP,30,,,,,0,0,0,0,0,0
2026,regular,2026-05-04,545341,Randal Grichuk,CHW,30,,,,,0,0,0,0,0,0
2026,regular,2026-05-04,668227,Randy Arozarena,SEA,30,,,,,0,0,0,0,0,0
2026,regular,2026-05-04,656555,Rhys Hoskins,CLE,30,,,,,0,0,0,0,0,0
2026,regular,2026-05-04,682985,Riley Greene,DET,30,,,,,0,0,0,0,0,0
2026,regular,2026-05-04,608701,Rob Refsnyder,SEA,30,,,,,0,0,0,0,0,0
2026,regular,2026-05-04,701350,Roman Anthony,BOS,30,,,,,0,0,0,0,0,0
2026,regular,2026-05-04,641857,Ryan McMahon,NYY,30,,,,,0,0,0,0,0,0
2026,regular,2026-05-04,668723,Ryan Vilade,TBR,30,,,,,0,0,0,0,0,0
2026,regular,2026-05-04,686217,Sal Frelick,MIL,30,,,,,0,0,0,0,0,0
2026,regular,2026-05-04,701398,Sal Stewart,CIN,30,,,,,0,0,0,0,0,0
2026,regular,2026-05-04,521692,Salvador Perez,KCR,30,,,,,0,0,0,0,0,0
2026,regular,2026-05-04,803011,Sam Antonacci,CHW,30,,,,,0,0,0,0,0,0
2026,regular,2026-05-04,694212,Samuel Basallo,BAL,30,,,,,0,0,0,0,0,0
2026,regular,2026-05-04,669221,Sean Murphy,ATL,30,,,,,0,0,0,0,0,0
2026,regular,2026-05-04,673548,Seiya Suzuki,CHC,30,,,,,0,0,0,0,0,0
2026,regular,2026-05-04,660271,Shohei Ohtani,LAD,30,,,,,0,0,0,0,0,0
2026,regular,2026-05-04,668715,Spencer Steer,CIN,30,,,,,0,0,0,0,0,0
2026,regular,2026-05-04,679529,Spencer Torkelson,DET,30,,,,,0,0,0,0,0,0
2026,regular,2026-05-04,680757,Steven Kwan,CLE,30,,,,,0,0,0,0,0,0
2026,regular,2026-05-04,670764,Taylor Walls,TBR,30,,,,,0,0,0,0,0,0
2026,regular,2026-05-04,606192,Teoscar Hernández,LAD,30,,,,,0,0,0,0,0,0
2026,regular,2026-05-04,670770,TJ Friedl,CIN,30,,,,,0,0,0,0,0,0
2026,regular,2026-05-04,681198,TJ Rumfield,COL,30,,,,,0,0,0,0,0,0
2026,regular,2026-05-04,683953,Travis Bazzana,CLE,30,,,,,0,0,0,0,0,0
2026,regular,2026-05-04,518595,Travis d'Arnaud,LAA,30,,,,,0,0,0,0,0,0
2026,regular,2026-05-04,607208,Trea Turner,PHI,30,,,,,0,0,0,0,0,0
2026,regular,2026-05-04,663757,Trent Grisham,NYY,30,,,,,0,0,0,0,0,0
2026,regular,2026-05-04,596115,Trevor Story,BOS,30,,,,,0,0,0,0,0,0
2026,regular,2026-05-04,671976,Tristan Peters,CHW,30,,,,,0,0,0,0,0,0
2026,regular,2026-05-04,687859,Troy Johnston,COL,30,,,,,0,0,0,0,0,0
2026,regular,2026-05-04,672012,Tyler Black,MIL,30,,,,,0,0,0,0,0,0
2026,regular,2026-05-04,671289,Tyler Freeman,COL,30,,,,,0,0,0,0,0,0
2026,regular,2026-05-04,663886,Tyler Stephenson,CIN,30,,,,,0,0,0,0,0,0
2026,regular,2026-05-04,621438,Tyrone Taylor,NYM,30,,,,,0,0,0,0,0,0
2026,regular,2026-05-04,687363,Victor Scott II,STL,30,,,,,0,0,0,0,0,0
2026,regular,2026-05-04,686469,Vinnie Pasquantino,KCR,30,,,,,0,0,0,0,0,0
2026,regular,2026-05-04,665489,Vladimir Guerrero Jr.,TOR,30,,,,,0,0,0,0,0,0
2026,regular,2026-05-04,672761,Wenceel Pérez,DET,30,,,,,0,0,0,0,0,0
2026,regular,2026-05-04,666181,Will Benson,CIN,30,,,,,0,0,0,0,0,0
2026,regular,2026-05-04,669257,Will Smith,LAD,30,,,,,0,0,0,0,0,0
2026,regular,2026-05-04,650489,Willi Castro,COL,30,,,,,0,0,0,0,0,0
2026,regular,2026-05-04,661388,William Contreras,MIL,30,,,,,0,0,0,0,0,0
2026,regular,2026-05-04,575929,Willson Contreras,BOS,30,,,,,0,0,0,0,0,0
2026,regular,2026-05-04,642715,Willy Adames,SFG,30,,,,,0,0,0,0,0,0
2026,regular,2026-05-04,677800,Wilyer Abreu,BOS,30,,,,,0,0,0,0,0,0
2026,regular,2026-05-04,593428,Xander Bogaerts,SDP,30,,,,,0,0,0,0,0,0
2026,regular,2026-05-04,669364,Xavier Edwards,MIA,30,,,,,0,0,0,0,0,0
2026,regular,2026-05-04,650490,Yandy Díaz,TBR,30,,,,,0,0,0,0,0,0
2026,regular,2026-05-04,682818,Yohendrick Piñango,TOR,30,,,,,0,0,0,0,0,0
2026,regular,2026-05-04,670541,Yordan Alvarez,HOU,30,,,,,0,0,0,0,0,0
2026,regular,2026-05-04,660162,Yoán Moncada,LAA,30,,,,,0,0,0,0,0,0
2026,regular,2026-05-04,805904,Zach Cole,HOU,30,,,,,0,0,0,0,0,0
2026,regular,2026-05-04,687263,Zach Neto,LAA,30,,,,,0,0,0,0,0,0
2026,regular,2026-05-04,670097,Zack Short,DET,30,,,,,0,0,0,0,0,0
2026,regular,2026-05-05,592450,Aaron Judge,NYY,30,,,,,0,0,0,0,0,0
2026,regular,2026-05-05,668939,Adley Rutschman,BAL,30,,,,,0,0,0,0,0,0
2026,regular,2026-05-05,666969,Adolis García,PHI,30,,,,,0,0,0,0,0,0
2026,regular,2026-05-05,680728,Adrian Del Castillo,ARI,30,,,,,0,0,0,0,0,0
2026,regular,2026-05-05,664761,Alec Bohm,PHI,30,,,,,0,0,0,0,0,0
2026,regular,2026-05-05,696030,Alejandro Osuna,TEX,30,,,,,0,0,0,0,0,0
2026,regular,2026-05-05,677950,Alek Thomas,ARI,30,,,,,0,0,0,0,0,0
2026,regular,2026-05-05,608324,Alex Bregman,CHC,30,,,,,0,0,0,0,0,0
2026,regular,2026-05-05,669743,Alex Call,LAD,30,,,,,0,0,0,0,0,0
2026,regular,2026-05-05,690976,Alex Freeland,LAD,30,,,,,0,0,0,0,0,0
2026,regular,2026-05-05,643217,Andrew Benintendi,CHW,30,,,,,0,0,0,0,0,0
2026,regular,2026-05-05,457705,Andrew McCutchen,TEX,30,,,,,0,0,0,0,0,0
2026,regular,2026-05-05,655316,Andruw Monasterio,BOS,30,,,,,0,0,0,0,0,0
2026,regular,2026-05-05,665926,Andrés Giménez,TOR,30,,,,,0,0,0,0,0,0
2026,regular,2026-05-05,681624,Andy Pages,LAD,30,,,,,0,0,0,0,0,0
2026,regular,2026-05-05,682657,Angel Martínez,CLE,30,,,,,0,0,0,0,0,0
2026,regular,2026-05-05,668885,Austin Martin,MIN,30,,,,,0,0,0,0,0,0
2026,regular,2026-05-05,663586,Austin Riley,ATL,30,,,,,0,0,0,0,0,0
2026,regular,2026-05-05,669224,Austin Wells,NYY,30,,,,,0,0,0,0,0,0
2026,regular,2026-05-05,642851,Austin Wynns,ATH,30,,,,,0,0,0,0,0,0
2026,regular,2026-05-05,810938,Ben Williamson,TBR,30,,,,,0,0,0,0,0,0
2026,regular,2026-05-05,695257,Billy Cook,PIT,30,,,,,0,0,0,0,0,0
2026,regular,2026-05-05,694362,Blake Dunn,CIN,30,,,,,0,0,0,0,0,0
2026,regular,2026-05-05,677942,Blaze Alexander,BAL,30,,,,,0,0,0,0,0,0
2026,regular,2026-05-05,666310,Bo Naylor,CLE,30,,,,,0,0,0,0,0,0
2026,regular,2026-05-05,677951,Bobby Witt Jr.,KCR,30,,,,,0,0,0,0,0,0
2026,regular,2026-05-05,669699,Braden Shewmake,HOU,30,,,,,0,0,0,0,0,0
2026,regular,2026-05-05,669016,Brandon Marsh,PHI,30,,,,,0,0,0,0,0,0
2026,regular,2026-05-05,678218,Brandon Valenzuela,TOR,30,,,,,0,0,0,0,0,0
2026,regular,2026-05-05,667670,Brent Rooker,ATH,30,,,,,0,0,0,0,0,0
2026,regular,2026-05-05,695391,Brett Harris,ATH,30,,,,,0,0,0,0,0,0
2026,regular,2026-05-05,694728,Brice Matthews,HOU,30,,,,,0,0,0,0,0,0
2026,regular,2026-05-05,686797,Brooks Lee,MIN,30,,,,,0,0,0,0,0,0
2026,regular,2026-05-05,668804,Bryan Reynolds,PIT,30,,,,,0,0,0,0,0,0
2026,regular,2026-05-05,805811,Bryce Eldridge,SFG,30,,,,,0,0,0,0,0,0
2026,regular,2026-05-05,547180,Bryce Harper,PHI,30,,,,,0,0,0,0,0,0
2026,regular,2026-05-05,669369,Bryce Johnson,SDP,30,,,,,0,0,0,0,0,0
2026,regular,2026-05-05,669326,Bryce Teodosio,LAA,30,,,,,0,0,0,0,0,0
2026,regular,2026-05-05,681082,Bryson Stott,PHI,30,,,,,0,0,0,0,0,0
2026,regular,2026-05-05,621439,Byron Buxton,MIN,30,,,,,0,0,0,0,0,0
2026,regular,2026-05-05,663728,Cal Raleigh,SEA,30,,,,,0,0,0,0,0,0
2026,regular,2026-05-05,702332,Caleb Durbin,BOS,30,,,,,0,0,0,0,0,0
2026,regular,2026-05-05,701358,Cam Smith,HOU,30,,,,,0,0,0,0,0,0
2026,regular,2026-05-05,695600,Carter Jensen,KCR,30,,,,,0,0,0,0,0,0
2026,regular,2026-05-05,669477,Casey Schmitt,SFG,30,,,,,0,0,0,0,0,0
2026,regular,2026-05-05,678882,Ceddanne Rafaela,BOS,30,,,,,0,0,0,0,0,0
2026,regular,2026-05-05,656775,Cedric Mullins,TBR,30,,,,,0,0,0,0,0,0
2026,regular,2026-05-05,802415,Chandler Simpson,TBR,30,,,,,0,0,0,0,0,0
2026,regular,2026-05-05,800050,Chase DeLauter,CLE,30,,,,,0,0,0,0,0,0
2026,regular,2026-05-05,805367,Chase Meidroth,CHW,30,,,,,0,0,0,0,0,0
2026,regular,2026-05-05,683766,Christian Koss,SFG,30,,,,,0,0,0,0,0,0
2026,regular,2026-05-05,543877,Christian Vázquez,HOU,30,,,,,0,0,0,0,0,0
2026,regular,2026-05-05,572233,Christian Walker,HOU,30,,,,,0,0,0,0,0,0
2026,regular,2026-05-05,682928,CJ Abrams,WSN,30,,,,,0,0,0,0,0,0
2026,regular,2026-05-05,691723,Coby Mayo,BAL,30,,,,,0,0,0,0,0,0
2026,regular,2026-05-05,641355,Cody Bellinger,NYY,30,,,,,0,0,0,0,0,0
2026,regular,2026-05-05,687515,Colby Thomas,ATH,30,,,,,0,0,0,0,0,0
2026,regular,2026-05-05,702284,Cole Young,SEA,30,,,,,0,0,0,0,0,0
2026,regular,2026-05-05,695657,Colson Montgomery,CHW,30,,,,,0,0,0,0,0,0
2026,regular,2026-05-05,681297,Colton Cowser,BAL,30,,,,,0,0,0,0,0,0
2026,regular,2026-05-05,681393,Connor Norby,MIA,30,,,,,0,0,0,0,0,0
2026,regular,2026-05-05,657136,Connor Wong,BOS,30,,,,,0,0,0,0,0,0
2026,regular,2026-05-05,682998,Corbin Carroll,ARI,30,,,,,0,0,0,0,0,0
2026,regular,2026-05-05,608369,Corey Seager,TEX,30,,,,,0,0,0,0,0,0
2026,regular,2026-05-05,678554,Curtis Mead,WSN,30,,,,,0,0,0,0,0,0
2026,regular,2026-05-05,687221,Dalton Rushing,LAD,30,,,,,0,0,0,0,0,0
2026,regular,2026-05-05,667472,Dane Myers,CIN,30,,,,,0,0,0,0,0,0
2026,regular,2026-05-05,694037,Daniel Palencia,CHC,30,,,,,0,0,0,0,0,0
2026,regular,2026-05-05,682177,Daniel Schneemann,CLE,30,,,,,0,0,0,0,0,0
2026,regular,2026-05-05,643376,Danny Jansen,TEX,30,,,,,0,0,0,0,0,0
2026,regular,2026-05-05,621020,Dansby Swanson,CHC,30,,,,,0,0,0,0,0,0
2026,regular,2026-05-05,687231,Darell Hernaiz,ATH,30,,,,,0,0,0,0,0,0
2026,regular,2026-05-05,662139,Daulton Varsho,TOR,30,,,,,0,0,0,0,0,0
2026,regular,2026-05-05,681807,David Fry,CLE,30,,,,,0,0,0,0,0,0
2026,regular,2026-05-05,695734,Daylen Lile,WSN,30,,,,,0,0,0,0,0,0
2026,regular,2026-05-05,656537,Derek Hill,CHW,30,,,,,0,0,0,0,0,0
2026,regular,2026-05-05,693307,Dillon Dingler,DET,30,,,,,0,0,0,0,0,0
2026,regular,2026-05-05,686527,Dominic Canzone,SEA,30,,,,,0,0,0,0,0,0
2026,regular,2026-05-05,642086,Dominic Smith,ATL,30,,,,,0,0,0,0,0,0
2026,regular,2026-05-05,686948,Drake Baldwin,ATL,30,,,,,0,0,0,0,0,0
2026,regular,2026-05-05,687551,Drew Gilbert,SFG,30,,,,,0,0,0,0,0,0
2026,regular,2026-05-05,687637,Dylan Beavers,BAL,30,,,,,0,0,0,0,0,0
2026,regular,2026-05-05,700337,Edgar Quero,CHW,30,,,,,0,0,0,0,0,0
2026,regular,2026-05-05,642201,Eli White,ATL,30,,,,,0,0,0,0,0,0
2026,regular,2026-05-05,682829,Elly De La Cruz,CIN,30,,,,,0,0,0,0,0,0
2026,regular,2026-05-05,676391,Ernie Clement,TOR,30,,,,,0,0,0,0,0,0
2026,regular,2026-05-05,665923,Esteury Ruiz,MIA,30,,,,,0,0,0,0,0,0
2026,regular,2026-05-05,694497,Evan Carter,TEX,30,,,,,0,0,0,0,0,0
2026,regular,2026-05-05,677649,Ezequiel Duran,TEX,30,,,,,0,0,0,0,0,0
2026,regular,2026-05-05,665487,Fernando Tatis Jr.,SDP,30,,,,,0,0,0,0,0,0
2026,regular,2026-05-05,518692,Freddie Freeman,LAD,30,,,,,0,0,0,0,0,0
2026,regular,2026-05-05,672515,Gabriel Moreno,ARI,30,,,,,0,0,0,0,0,0
2026,regular,2026-05-05,657757,Gavin Sheets,SDP,30,,,,,0,0,0,0,0,0
2026,regular,2026-05-05,543807,George Springer,TOR,30,,,,,0,0,0,0,0,0
2026,regular,2026-05-05,672695,Geraldo Perdomo,ARI,30,,,,,0,0,0,0,0,0
2026,regular,2026-05-05,688363,Graham Pauley,MIA,30,,,,,0,0,0,0,0,0
2026,regular,2026-05-05,683002,Gunnar Henderson,BAL,30,,,,,0,0,0,0,0,0
2026,regular,2026-05-05,701678,Hao-Yu  Lee,DET,30,,,,,0,0,0,0,0,0
2026,regular,2026-05-05,671218,Heliot Ramos,SFG,30,,,,,0,0,0,0,0,0
2026,regular,2026-05-05,676439,Hunter Feduccia,TBR,30,,,,,0,0,0,0,0,0
2026,regular,2026-05-05,664023,Ian Happ,CHC,30,,,,,0,0,0,0,0,0
2026,regular,2026-05-05,545121,Ildemaro Vargas,ARI,30,,,,,0,0,0,0,0,0
2026,regular,2026-05-05,686555,Isaac Collins,KCR,30,,,,,0,0,0,0,0,0
2026,regular,2026-05-05,670623,Isaac Paredes,HOU,30,,,,,0,0,0,0,0,0
2026,regular,2026-05-05,643396,Isiah Kiner-Falefa,BOS,30,,,,,0,0,0,0,0,0
2026,regular,2026-05-05,641487,J.P. Crawford,SEA,30,,,,,0,0,0,0,0,0
2026,regular,2026-05-05,592663,J.T. Realmuto,PHI,30,,,,,0,0,0,0,0,0
2026,regular,2026-05-05,695506,Jac Caglianone,KCR,30,,,,,0,0,0,0,0,0
2026,regular,2026-05-05,701538,Jackson Merrill,SDP,30,,,,,0,0,0,0,0,0
2026,regular,2026-05-05,805779,Jacob Wilson,ATH,30,,,,,0,0,0,0,0,0
2026,regular,2026-05-05,696285,Jacob Young,WSN,30,,,,,0,0,0,0,0,0
2026,regular,2026-05-05,663330,Jahmai Jones,DET,30,,,,,0,0,0,0,0,0
2026,regular,2026-05-05,669394,Jake Burger,TEX,30,,,,,0,0,0,0,0,0
2026,regular,2026-05-05,641584,Jake Fraley,TBR,30,,,,,0,0,0,0,0,0
2026,regular,2026-05-05,663968,Jake Mangum,PIT,30,,,,,0,0,0,0,0,0
2026,regular,2026-05-05,805300,Jakob Marsee,MIA,30,,,,,0,0,0,0,0,0
2026,regular,2026-05-05,695578,James Wood,WSN,30,,,,,0,0,0,0,0,0
2026,regular,2026-05-05,669707,Jared Triolo,PIT,30,,,,,0,0,0,0,0,0
2026,regular,2026-05-05,672284,Jarred Kelenic,CHW,30,,,,,0,0,0,0,0,0
2026,regular,2026-05-05,680776,Jarren Duran,BOS,30,,,,,0,0,0,0,0,0
2026,regular,2026-05-05,691176,Jasson Domínguez,NYY,30,,,,,0,0,0,0,0,0
2026,regular,2026-05-05,691594,Javier Sanoja,MIA,30,,,,,0,0,0,0,0,0
2026,regular,2026-05-05,665862,Jazz Chisholm Jr.,NYY,30,,,,,0,0,0,0,0,0
2026,regular,2026-05-05,669236,Jeremiah Jackson,BAL,30,,,,,0,0,0,0,0,0
2026,regular,2026-05-05,683679,Jesus Rodriguez,SFG,30,,,,,0,0,0,0,0,0
2026,regular,2026-05-05,660821,Jesús Sánchez,TOR,30,,,,,0,0,0,0,0,0
2026,regular,2026-05-05,668709,JJ Bleday,CIN,30,,,,,0,0,0,0,0,0
2026,regular,2026-05-05,666176,Jo Adell,LAA,30,,,,,0,0,0,0,0,0
2026,regular,2026-05-05,592626,Joc Pederson,TEX,30,,,,,0,0,0,0,0,0
2026,regular,2026-05-05,691788,Joe Mack,MIA,30,,,,,0,0,0,0,0,0
2026,regular,2026-05-05,663698,Joey Bart,PIT,30,,,,,0,0,0,0,0,0
2026,regular,2026-05-05,666018,Jonathan Aranda,TBR,30,,,,,0,0,0,0,0,0
2026,regular,2026-05-05,676356,Jonny DeLuca,TBR,30,,,,,0,0,0,0,0,0
2026,regular,2026-05-05,678391,Jorbit Vivas,WSN,30,,,,,0,0,0,0,0,0
2026,regular,2026-05-05,622761,Jorge Mateo,ATL,30,,,,,0,0,0,0,0,0
2026,regular,2026-05-05,624585,Jorge Soler,LAA,30,,,,,0,0,0,0,0,0
2026,regular,2026-05-05,514888,Jose Altuve,HOU,30,,,,,0,0,0,0,0,0
2026,regular,2026-05-05,624431,Jose Trevino,CIN,30,,,,,0,0,0,0,0,0
2026,regular,2026-05-05,605137,Josh Bell,MIN,30,,,,,0,0,0,0,0,0
2026,regular,2026-05-05,673962,Josh Jung,TEX,30,,,,,0,0,0,0,0,0
2026,regular,2026-05-05,666139,Josh Lowe,LAA,30,,,,,0,0,0,0,0,0
2026,regular,2026-05-05,647304,Josh Naylor,SEA,30,,,,,0,0,0,0,0,0
2026,regular,2026-05-05,676609,José Caballero,NYY,30,,,,,0,0,0,0,0,0
2026,regular,2026-05-05,608070,José Ramírez,CLE,30,,,,,0,0,0,0,0,0
2026,regular,2026-05-05,677588,José Tena,WSN,30,,,,,0,0,0,0,0,0
2026,regular,2026-05-05,677594,Julio Rodríguez,SEA,30,,,,,0,0,0,0,0,0
2026,regular,2026-05-05,808982,Jung Hoo Lee,SFG,30,,,,,0,0,0,0,0,0
2026,regular,2026-05-05,691406,Junior Caminero,TBR,30,,,,,0,0,0,0,0,0
2026,regular,2026-05-05,702222,Justin Crawford,PHI,30,,,,,0,0,0,0,0,0
2026,regular,2026-05-05,679822,Justin Foscue,TEX,30,,,,,0,0,0,0,0,0
2026,regular,2026-05-05,672960,Kazuma Okamoto,TOR,30,,,,,0,0,0,0,0,0
2026,regular,2026-05-05,663647,Ke'Bryan Hayes,CIN,30,,,,,0,0,0,0,0,0
2026,regular,2026-05-05,660688,Keibert Ruiz,WSN,30,,,,,0,0,0,0,0,0
2026,regular,2026-05-05,681481,Kerry Carpenter,DET,30,,,,,0,0,0,0,0,0
2026,regular,2026-05-05,606466,Ketel Marte,ARI,30,,,,,0,0,0,0,0,0
2026,regular,2026-05-05,805808,Kevin McGonigle,DET,30,,,,,0,0,0,0,0,0
2026,regular,2026-05-05,665019,Kody Clemens,MIN,30,,,,,0,0,0,0,0,0
2026,regular,2026-05-05,804606,Konnor Griffin,PIT,30,,,,,0,0,0,0,0,0
2026,regular,2026-05-05,543309,Kyle Higashioka,TEX,30,,,,,0,0,0,0,0,0
2026,regular,2026-05-05,664728,Kyle Isbel,KCR,30,,,,,0,0,0,0,0,0
2026,regular,2026-05-05,700932,Kyle Manzardo,CLE,30,,,,,0,0,0,0,0,0
2026,regular,2026-05-05,656941,Kyle Schwarber,PHI,30,,,,,0,0,0,0,0,0
2026,regular,2026-05-05,669065,Kyle Stowers,MIA,30,,,,,0,0,0,0,0,0
2026,regular,2026-05-05,663656,Kyle Tucker,LAD,30,,,,,0,0,0,0,0,0
2026,regular,2026-05-05,672820,Lenyn Sosa,TOR,30,,,,,0,0,0,0,0,0
2026,regular,2026-05-05,660844,Leo Rivas,SEA,30,,,,,0,0,0,0,0,0
2026,regular,2026-05-05,665750,Leody Taveras,BAL,30,,,,,0,0,0,0,0,0
2026,regular,2026-05-05,689414,Liam Hicks,MIA,30,,,,,0,0,0,0,0,0
2026,regular,2026-05-05,666971,Lourdes Gurriel Jr.,ARI,30,,,,,0,0,0,0,0,0
2026,regular,2026-05-05,669134,Luis Campusano,SDP,30,,,,,0,0,0,0,0,0
2026,regular,2026-05-05,682668,Luisangel Acuña,CHW,30,,,,,0,0,0,0,0,0
2026,regular,2026-05-05,807712,Luke Keaschall,MIN,30,,,,,0,0,0,0,0,0
2026,regular,2026-05-05,670042,Luke Raley,SEA,30,,,,,0,0,0,0,0,0
2026,regular,2026-05-05,672580,Maikel Garcia,KCR,30,,,,,0,0,0,0,0,0
2026,regular,2026-05-05,592518,Manny Machado,SDP,30,,,,,0,0,0,0,0,0
2026,regular,2026-05-05,542303,Marcell Ozuna,PIT,30,,,,,0,0,0,0,0,0
2026,regular,2026-05-05,656305,Matt Chapman,SFG,30,,,,,0,0,0,0,0,0
2026,regular,2026-05-05,680574,Matt McLain,CIN,30,,,,,0,0,0,0,0,0
2026,regular,2026-05-05,621566,Matt Olson,ATL,30,,,,,0,0,0,0,0,0
2026,regular,2026-05-05,807713,Matt Shaw,CHC,30,,,,,0,0,0,0,0,0
2026,regular,2026-05-05,663837,Matt Vierling,DET,30,,,,,0,0,0,0,0,0
2026,regular,2026-05-05,643289,Mauricio Dubón,ATL,30,,,,,0,0,0,0,0,0
2026,regular,2026-05-05,571970,Max Muncy,LAD,30,,,,,0,0,0,0,0,0
2026,regular,2026-05-05,683737,Michael Busch,CHC,30,,,,,0,0,0,0,0,0
2026,regular,2026-05-05,624424,Michael Conforto,CHC,30,,,,,0,0,0,0,0,0
2026,regular,2026-05-05,671739,Michael Harris II,ATL,30,,,,,0,0,0,0,0,0
2026,regular,2026-05-05,686681,Michael Massey,KCR,30,,,,,0,0,0,0,0,0
2026,regular,2026-05-05,665804,Miguel Amaya,CHC,30,,,,,0,0,0,0,0,0
2026,regular,2026-05-05,609280,Miguel Andujar,SDP,30,,,,,0,0,0,0,0,0
2026,regular,2026-05-05,500743,Miguel Rojas,LAD,30,,,,,0,0,0,0,0,0
2026,regular,2026-05-05,678246,Miguel Vargas,CHW,30,,,,,0,0,0,0,0,0
2026,regular,2026-05-05,545361,Mike Trout,LAA,30,,,,,0,0,0,0,0,0
2026,regular,2026-05-05,573262,Mike Yastrzemski,ATL,30,,,,,0,0,0,0,0,0
2026,regular,2026-05-05,641598,Mitch Garver,SEA,30,,,,,0,0,0,0,0,0
2026,regular,2026-05-05,694208,Moisés Ballesteros,CHC,30,,,,,0,0,0,0,0,0
2026,regular,2026-05-05,808959,Munetaka Murakami,CHW,30,,,,,0,0,0,0,0,0
2026,regular,2026-05-05,664702,Myles Straw,TOR,30,,,,,0,0,0,0,0,0
2026,regular,2026-05-05,683083,Nasim Nuñez,WSN,30,,,,,0,0,0,0,0,0
2026,regular,2026-05-05,663993,Nathaniel Lowe,CIN,30,,,,,0,0,0,0,0,0
2026,regular,2026-05-05,669397,Nick Allen,HOU,30,,,,,0,0,0,0,0,0
2026,regular,2026-05-05,592206,Nick Castellanos,SDP,30,,,,,0,0,0,0,0,0
2026,regular,2026-05-05,663743,Nick Fortes,TBR,30,,,,,0,0,0,0,0,0
2026,regular,2026-05-05,693304,Nick Gonzales,PIT,30,,,,,0,0,0,0,0,0
2026,regular,2026-05-05,701762,Nick Kurtz,ATH,30,,,,,0,0,0,0,0,0
2026,regular,2026-05-05,670032,Nicky Lopez,CHC,30,,,,,0,0,0,0,0,0
2026,regular,2026-05-05,663538,Nico Hoerner,CHC,30,,,,,0,0,0,0,0,0
2026,regular,2026-05-05,571448,Nolan Arenado,ARI,30,,,,,0,0,0,0,0,0
2026,regular,2026-05-05,694384,Nolan Schanuel,LAA,30,,,,,0,0,0,0,0,0
2026,regular,2026-05-05,665833,Oneil Cruz,PIT,30,,,,,0,0,0,0,0,0
2026,regular,2026-05-05,672724,Oswald Peraza,LAA,30,,,,,0,0,0,0,0,0
2026,regular,2026-05-05,672640,Otto Lopez,MIA,30,,,,,0,0,0,0,0,0
2026,regular,2026-05-05,683357,Owen Caissie,MIA,30,,,,,0,0,0,0,0,0
2026,regular,2026-05-05,645277,Ozzie Albies,ATL,30,,,,,0,0,0,0,0,0
2026,regular,2026-05-05,502671,Paul Goldschmidt,NYY,30,,,,,0,0,0,0,0,0
2026,regular,2026-05-05,624413,Pete Alonso,BAL,30,,,,,0,0,0,0,0,0
2026,regular,2026-05-05,691718,Pete Crow-Armstrong,CHC,30,,,,,0,0,0,0,0,0
2026,regular,2026-05-05,646240,Rafael Devers,SFG,30,,,,,0,0,0,0,0,0
2026,regular,2026-05-05,545341,Randal Grichuk,CHW,30,,,,,0,0,0,0,0,0
2026,regular,2026-05-05,668227,Randy Arozarena,SEA,30,,,,,0,0,0,0,0,0
2026,regular,2026-05-05,656555,Rhys Hoskins,CLE,30,,,,,0,0,0,0,0,0
2026,regular,2026-05-05,680700,Richie Palacios,TBR,30,,,,,0,0,0,0,0,0
2026,regular,2026-05-05,682985,Riley Greene,DET,30,,,,,0,0,0,0,0,0
2026,regular,2026-05-05,608701,Rob Refsnyder,SEA,30,,,,,0,0,0,0,0,0
2026,regular,2026-05-05,668904,Royce Lewis,MIN,30,,,,,0,0,0,0,0,0
2026,regular,2026-05-05,680777,Ryan Jeffers,MIN,30,,,,,0,0,0,0,0,0
2026,regular,2026-05-05,641857,Ryan McMahon,NYY,30,,,,,0,0,0,0,0,0
2026,regular,2026-05-05,656811,Ryan O'Hearn,PIT,30,,,,,0,0,0,0,0,0
2026,regular,2026-05-05,669020,Ryan Rolison,CHC,30,,,,,0,0,0,0,0,0
2026,regular,2026-05-05,668723,Ryan Vilade,TBR,30,,,,,0,0,0,0,0,0
2026,regular,2026-05-05,701398,Sal Stewart,CIN,30,,,,,0,0,0,0,0,0
2026,regular,2026-05-05,521692,Salvador Perez,KCR,30,,,,,0,0,0,0,0,0
2026,regular,2026-05-05,803011,Sam Antonacci,CHW,30,,,,,0,0,0,0,0,0
2026,regular,2026-05-05,664059,Sam Haggerty,TEX,30,,,,,0,0,0,0,0,0
2026,regular,2026-05-05,694212,Samuel Basallo,BAL,30,,,,,0,0,0,0,0,0
2026,regular,2026-05-05,669289,Santiago Espinal,LAD,30,,,,,0,0,0,0,0,0
2026,regular,2026-05-05,665861,Sebastián Rivero,LAA,30,,,,,0,0,0,0,0,0
2026,regular,2026-05-05,673548,Seiya Suzuki,CHC,30,,,,,0,0,0,0,0,0
2026,regular,2026-05-05,668715,Spencer Steer,CIN,30,,,,,0,0,0,0,0,0
2026,regular,2026-05-05,679529,Spencer Torkelson,DET,30,,,,,0,0,0,0,0,0
2026,regular,2026-05-05,680757,Steven Kwan,CLE,30,,,,,0,0,0,0,0,0
2026,regular,2026-05-05,823550,Sung-Mun Song,SDP,30,,,,,0,0,0,0,0,0
2026,regular,2026-05-05,670764,Taylor Walls,TBR,30,,,,,0,0,0,0,0,0
2026,regular,2026-05-05,621493,Taylor Ward,BAL,30,,,,,0,0,0,0,0,0
2026,regular,2026-05-05,606192,Teoscar Hernández,LAD,30,,,,,0,0,0,0,0,0
2026,regular,2026-05-05,670770,TJ Friedl,CIN,30,,,,,0,0,0,0,0,0
2026,regular,2026-05-05,683953,Travis Bazzana,CLE,30,,,,,0,0,0,0,0,0
2026,regular,2026-05-05,607208,Trea Turner,PHI,30,,,,,0,0,0,0,0,0
2026,regular,2026-05-05,663757,Trent Grisham,NYY,30,,,,,0,0,0,0,0,0
2026,regular,2026-05-05,663616,Trevor Larnach,MIN,30,,,,,0,0,0,0,0,0
2026,regular,2026-05-05,596115,Trevor Story,BOS,30,,,,,0,0,0,0,0,0
2026,regular,2026-05-05,671976,Tristan Peters,CHW,30,,,,,0,0,0,0,0,0
2026,regular,2026-05-05,641933,Tyler O'Neill,BAL,30,,,,,0,0,0,0,0,0
2026,regular,2026-05-05,691016,Tyler Soderstrom,ATH,30,,,,,0,0,0,0,0,0
2026,regular,2026-05-05,663886,Tyler Stephenson,CIN,30,,,,,0,0,0,0,0,0
2026,regular,2026-05-05,687093,Vaughn Grissom,LAA,30,,,,,0,0,0,0,0,0
2026,regular,2026-05-05,686469,Vinnie Pasquantino,KCR,30,,,,,0,0,0,0,0,0
2026,regular,2026-05-05,665489,Vladimir Guerrero Jr.,TOR,30,,,,,0,0,0,0,0,0
2026,regular,2026-05-05,672761,Wenceel Pérez,DET,30,,,,,0,0,0,0,0,0
2026,regular,2026-05-05,669257,Will Smith,LAD,30,,,,,0,0,0,0,0,0
2026,regular,2026-05-05,575929,Willson Contreras,BOS,30,,,,,0,0,0,0,0,0
2026,regular,2026-05-05,642715,Willy Adames,SFG,30,,,,,0,0,0,0,0,0
2026,regular,2026-05-05,677800,Wilyer Abreu,BOS,30,,,,,0,0,0,0,0,0
2026,regular,2026-05-05,593428,Xander Bogaerts,SDP,30,,,,,0,0,0,0,0,0
2026,regular,2026-05-05,669364,Xavier Edwards,MIA,30,,,,,0,0,0,0,0,0
2026,regular,2026-05-05,650490,Yandy Díaz,TBR,30,,,,,0,0,0,0,0,0
2026,regular,2026-05-05,682818,Yohendrick Piñango,TOR,30,,,,,0,0,0,0,0,0
2026,regular,2026-05-05,670541,Yordan Alvarez,HOU,30,,,,,0,0,0,0,0,0
2026,regular,2026-05-05,660162,Yoán Moncada,LAA,30,,,,,0,0,0,0,0,0
2026,regular,2026-05-05,805904,Zach Cole,HOU,30,,,,,0,0,0,0,0,0
2026,regular,2026-05-05,656716,Zach McKinstry,DET,30,,,,,0,0,0,0,0,0
2026,regular,2026-05-05,687263,Zach Neto,LAA,30,,,,,0,0,0,0,0,0
2026,regular,2026-05-05,680869,Zack Gelof,ATH,30,,,,,0,0,0,0,0,0
2026,regular,2026-05-06,592450,Aaron Judge,NYY,30,,,,,0,0,0,0,0,0
2026,regular,2026-05-06,668939,Adley Rutschman,BAL,30,,,,,0,0,0,0,0,0
2026,regular,2026-05-06,666969,Adolis García,PHI,30,,,,,0,0,0,0,0,0
2026,regular,2026-05-06,680728,Adrian Del Castillo,ARI,30,,,,,0,0,0,0,0,0
2026,regular,2026-05-06,664761,Alec Bohm,PHI,30,,,,,0,0,0,0,0,0
2026,regular,2026-05-06,676475,Alec Burleson,STL,30,,,,,0,0,0,0,0,0
2026,regular,2026-05-06,696030,Alejandro Osuna,TEX,30,,,,,0,0,0,0,0,0
2026,regular,2026-05-06,677950,Alek Thomas,ARI,30,,,,,0,0,0,0,0,0
2026,regular,2026-05-06,608324,Alex Bregman,CHC,30,,,,,0,0,0,0,0,0
2026,regular,2026-05-06,669743,Alex Call,LAD,30,,,,,0,0,0,0,0,0
2026,regular,2026-05-06,690976,Alex Freeland,LAD,30,,,,,0,0,0,0,0,0
2026,regular,2026-05-06,643217,Andrew Benintendi,CHW,30,,,,,0,0,0,0,0,0
2026,regular,2026-05-06,457705,Andrew McCutchen,TEX,30,,,,,0,0,0,0,0,0
2026,regular,2026-05-06,683734,Andrew Vaughn,MIL,30,,,,,0,0,0,0,0,0
2026,regular,2026-05-06,665926,Andrés Giménez,TOR,30,,,,,0,0,0,0,0,0
2026,regular,2026-05-06,681624,Andy Pages,LAD,30,,,,,0,0,0,0,0,0
2026,regular,2026-05-06,682657,Angel Martínez,CLE,30,,,,,0,0,0,0,0,0
2026,regular,2026-05-06,595978,Austin Hedges,CLE,30,,,,,0,0,0,0,0,0
2026,regular,2026-05-06,663586,Austin Riley,ATL,30,,,,,0,0,0,0,0,0
2026,regular,2026-05-06,669224,Austin Wells,NYY,30,,,,,0,0,0,0,0,0
2026,regular,2026-05-06,810938,Ben Williamson,TBR,30,,,,,0,0,0,0,0,0
2026,regular,2026-05-06,695257,Billy Cook,PIT,30,,,,,0,0,0,0,0,0
2026,regular,2026-05-06,694362,Blake Dunn,CIN,30,,,,,0,0,0,0,0,0
2026,regular,2026-05-06,677942,Blaze Alexander,BAL,30,,,,,0,0,0,0,0,0
2026,regular,2026-05-06,666182,Bo Bichette,NYM,30,,,,,0,0,0,0,0,0
2026,regular,2026-05-06,677951,Bobby Witt Jr.,KCR,30,,,,,0,0,0,0,0,0
2026,regular,2026-05-06,669699,Braden Shewmake,HOU,30,,,,,0,0,0,0,0,0
2026,regular,2026-05-06,691781,Brady House,WSN,30,,,,,0,0,0,0,0,0
2026,regular,2026-05-06,663604,Brandon Lockridge,MIL,30,,,,,0,0,0,0,0,0
2026,regular,2026-05-06,664040,Brandon Lowe,PIT,30,,,,,0,0,0,0,0,0
2026,regular,2026-05-06,669016,Brandon Marsh,PHI,30,,,,,0,0,0,0,0,0
2026,regular,2026-05-06,607043,Brandon Nimmo,TEX,30,,,,,0,0,0,0,0,0
2026,regular,2026-05-06,678218,Brandon Valenzuela,TOR,30,,,,,0,0,0,0,0,0
2026,regular,2026-05-06,677587,Brayan Rocchio,CLE,30,,,,,0,0,0,0,0,0
2026,regular,2026-05-06,667670,Brent Rooker,ATH,30,,,,,0,0,0,0,0,0
2026,regular,2026-05-06,683146,Brett Baty,NYM,30,,,,,0,0,0,0,0,0
2026,regular,2026-05-06,695391,Brett Harris,ATH,30,,,,,0,0,0,0,0,0
2026,regular,2026-05-06,694728,Brice Matthews,HOU,30,,,,,0,0,0,0,0,0
2026,regular,2026-05-06,668930,Brice Turang,MIL,30,,,,,0,0,0,0,0,0
2026,regular,2026-05-06,686797,Brooks Lee,MIN,30,,,,,0,0,0,0,0,0
2026,regular,2026-05-06,668804,Bryan Reynolds,PIT,30,,,,,0,0,0,0,0,0
2026,regular,2026-05-06,805811,Bryce Eldridge,SFG,30,,,,,0,0,0,0,0,0
2026,regular,2026-05-06,547180,Bryce Harper,PHI,30,,,,,0,0,0,0,0,0
2026,regular,2026-05-06,669326,Bryce Teodosio,LAA,30,,,,,0,0,0,0,0,0
2026,regular,2026-05-06,681082,Bryson Stott,PHI,30,,,,,0,0,0,0,0,0
2026,regular,2026-05-06,621439,Byron Buxton,MIN,30,,,,,0,0,0,0,0,0
2026,regular,2026-05-06,663728,Cal Raleigh,SEA,30,,,,,0,0,0,0,0,0
2026,regular,2026-05-06,702332,Caleb Durbin,BOS,30,,,,,0,0,0,0,0,0
2026,regular,2026-05-06,701358,Cam Smith,HOU,30,,,,,0,0,0,0,0,0
2026,regular,2026-05-06,666126,Carlos Cortes,ATH,30,,,,,0,0,0,0,0,0
2026,regular,2026-05-06,665966,Carlos Narváez,BOS,30,,,,,0,0,0,0,0,0
2026,regular,2026-05-06,701807,Carson Benge,NYM,30,,,,,0,0,0,0,0,0
2026,regular,2026-05-06,608348,Carson Kelly,CHC,30,,,,,0,0,0,0,0,0
2026,regular,2026-05-06,669477,Casey Schmitt,SFG,30,,,,,0,0,0,0,0,0
2026,regular,2026-05-06,678882,Ceddanne Rafaela,BOS,30,,,,,0,0,0,0,0,0
2026,regular,2026-05-06,656775,Cedric Mullins,TBR,30,,,,,0,0,0,0,0,0
2026,regular,2026-05-06,802415,Chandler Simpson,TBR,30,,,,,0,0,0,0,0,0
2026,regular,2026-05-06,800050,Chase DeLauter,CLE,30,,,,,0,0,0,0,0,0
2026,regular,2026-05-06,805367,Chase Meidroth,CHW,30,,,,,0,0,0,0,0,0
2026,regular,2026-05-06,543877,Christian Vázquez,HOU,30,,,,,0,0,0,0,0,0
2026,regular,2026-05-06,572233,Christian Walker,HOU,30,,,,,0,0,0,0,0,0
2026,regular,2026-05-06,666624,Christopher Morel,MIA,30,,,,,0,0,0,0,0,0
2026,regular,2026-05-06,682928,CJ Abrams,WSN,30,,,,,0,0,0,0,0,0
2026,regular,2026-05-06,691723,Coby Mayo,BAL,30,,,,,0,0,0,0,0,0
2026,regular,2026-05-06,641355,Cody Bellinger,NYY,30,,,,,0,0,0,0,0,0
2026,regular,2026-05-06,687515,Colby Thomas,ATH,30,,,,,0,0,0,0,0,0
2026,regular,2026-05-06,702284,Cole Young,SEA,30,,,,,0,0,0,0,0,0
2026,regular,2026-05-06,695657,Colson Montgomery,CHW,30,,,,,0,0,0,0,0,0
2026,regular,2026-05-06,690993,Colt Keith,DET,30,,,,,0,0,0,0,0,0
2026,regular,2026-05-06,681297,Colton Cowser,BAL,30,,,,,0,0,0,0,0,0
2026,regular,2026-05-06,656582,Connor Joe,SEA,30,,,,,0,0,0,0,0,0
2026,regular,2026-05-06,681393,Connor Norby,MIA,30,,,,,0,0,0,0,0,0
2026,regular,2026-05-06,682998,Corbin Carroll,ARI,30,,,,,0,0,0,0,0,0
2026,regular,2026-05-06,608369,Corey Seager,TEX,30,,,,,0,0,0,0,0,0
2026,regular,2026-05-06,678554,Curtis Mead,WSN,30,,,,,0,0,0,0,0,0
2026,regular,2026-05-06,693409,César Prieto,STL,30,,,,,0,0,0,0,0,0
2026,regular,2026-05-06,663967,César Salazar,HOU,30,,,,,0,0,0,0,0,0
2026,regular,2026-05-06,687221,Dalton Rushing,LAD,30,,,,,0,0,0,0,0,0
2026,regular,2026-05-06,667472,Dane Myers,CIN,30,,,,,0,0,0,0,0,0
2026,regular,2026-05-06,682177,Daniel Schneemann,CLE,30,,,,,0,0,0,0,0,0
2026,regular,2026-05-06,621020,Dansby Swanson,CHC,30,,,,,0,0,0,0,0,0
2026,regular,2026-05-06,687231,Darell Hernaiz,ATH,30,,,,,0,0,0,0,0,0
2026,regular,2026-05-06,662139,Daulton Varsho,TOR,30,,,,,0,0,0,0,0,0
2026,regular,2026-05-06,681807,David Fry,CLE,30,,,,,0,0,0,0,0,0
2026,regular,2026-05-06,666152,David Hamilton,MIL,30,,,,,0,0,0,0,0,0
2026,regular,2026-05-06,676914,Davis Schneider,TOR,30,,,,,0,0,0,0,0,0
2026,regular,2026-05-06,695734,Daylen Lile,WSN,30,,,,,0,0,0,0,0,0
2026,regular,2026-05-06,656537,Derek Hill,CHW,30,,,,,0,0,0,0,0,0
2026,regular,2026-05-06,800311,Didier Fuentes,ATL,30,,,,,0,0,0,0,0,0
2026,regular,2026-05-06,693307,Dillon Dingler,DET,30,,,,,0,0,0,0,0,0
2026,regular,2026-05-06,686527,Dominic Canzone,SEA,30,,,,,0,0,0,0,0,0
2026,regular,2026-05-06,642086,Dominic Smith,ATL,30,,,,,0,0,0,0,0,0
2026,regular,2026-05-06,686948,Drake Baldwin,ATL,30,,,,,0,0,0,0,0,0
2026,regular,2026-05-06,686452,Drew Millas,WSN,30,,,,,0,0,0,0,0,0
2026,regular,2026-05-06,691011,Drew Romo,CHW,30,,,,,0,0,0,0,0,0
2026,regular,2026-05-06,687637,Dylan Beavers,BAL,30,,,,,0,0,0,0,0,0
2026,regular,2026-05-06,624641,Edmundo Sosa,PHI,30,,,,,0,0,0,0,0,0
2026,regular,2026-05-06,666397,Edouard Julien,COL,30,,,,,0,0,0,0,0,0
2026,regular,2026-05-06,642201,Eli White,ATL,30,,,,,0,0,0,0,0,0
2026,regular,2026-05-06,553869,Elias Díaz,KCR,30,,,,,0,0,0,0,0,0
2026,regular,2026-05-06,682829,Elly De La Cruz,CIN,30,,,,,0,0,0,0,0,0
2026,regular,2026-05-06,676391,Ernie Clement,TOR,30,,,,,0,0,0,0,0,0
2026,regular,2026-05-06,694497,Evan Carter,TEX,30,,,,,0,0,0,0,0,0
2026,regular,2026-05-06,677649,Ezequiel Duran,TEX,30,,,,,0,0,0,0,0,0
2026,regular,2026-05-06,678662,Ezequiel Tovar,COL,30,,,,,0,0,0,0,0,0
2026,regular,2026-05-06,694025,Felix Reyes,PHI,30,,,,,0,0,0,0,0,0
2026,regular,2026-05-06,665487,Fernando Tatis Jr.,SDP,30,,,,,0,0,0,0,0,0
2026,regular,2026-05-06,682626,Francisco Alvarez,NYM,30,,,,,0,0,0,0,0,0
2026,regular,2026-05-06,518692,Freddie Freeman,LAD,30,,,,,0,0,0,0,0,0
2026,regular,2026-05-06,666023,Freddy Fermin,SDP,30,,,,,0,0,0,0,0,0
2026,regular,2026-05-06,672515,Gabriel Moreno,ARI,30,,,,,0,0,0,0,0,0
2026,regular,2026-05-06,657757,Gavin Sheets,SDP,30,,,,,0,0,0,0,0,0
2026,regular,2026-05-06,543807,George Springer,TOR,30,,,,,0,0,0,0,0,0
2026,regular,2026-05-06,672695,Geraldo Perdomo,ARI,30,,,,,0,0,0,0,0,0
2026,regular,2026-05-06,683002,Gunnar Henderson,BAL,30,,,,,0,0,0,0,0,0
2026,regular,2026-05-06,671218,Heliot Ramos,SFG,30,,,,,0,0,0,0,0,0
2026,regular,2026-05-06,680779,Henry Davis,PIT,30,,,,,0,0,0,0,0,0
2026,regular,2026-05-06,696100,Hunter Goodman,COL,30,,,,,0,0,0,0,0,0
2026,regular,2026-05-06,808975,Hyeseong Kim,LAD,30,,,,,0,0,0,0,0,0
2026,regular,2026-05-06,664023,Ian Happ,CHC,30,,,,,0,0,0,0,0,0
2026,regular,2026-05-06,545121,Ildemaro Vargas,ARI,30,,,,,0,0,0,0,0,0
2026,regular,2026-05-06,686555,Isaac Collins,KCR,30,,,,,0,0,0,0,0,0
2026,regular,2026-05-06,670623,Isaac Paredes,HOU,30,,,,,0,0,0,0,0,0
2026,regular,2026-05-06,671056,Iván Herrera,STL,30,,,,,0,0,0,0,0,0
2026,regular,2026-05-06,641487,J.P. Crawford,SEA,30,,,,,0,0,0,0,0,0
2026,regular,2026-05-06,592663,J.T. Realmuto,PHI,30,,,,,0,0,0,0,0,0
2026,regular,2026-05-06,695506,Jac Caglianone,KCR,30,,,,,0,0,0,0,0,0
2026,regular,2026-05-06,690291,Jace Jung,DET,30,,,,,0,0,0,0,0,0
2026,regular,2026-05-06,694192,Jackson Chourio,MIL,30,,,,,0,0,0,0,0,0
2026,regular,2026-05-06,701538,Jackson Merrill,SDP,30,,,,,0,0,0,0,0,0
2026,regular,2026-05-06,805779,Jacob Wilson,ATH,30,,,,,0,0,0,0,0,0
2026,regular,2026-05-06,696285,Jacob Young,WSN,30,,,,,0,0,0,0,0,0
2026,regular,2026-05-06,663330,Jahmai Jones,DET,30,,,,,0,0,0,0,0,0
2026,regular,2026-05-06,641343,Jake Bauers,MIL,30,,,,,0,0,0,0,0,0
2026,regular,2026-05-06,669394,Jake Burger,TEX,30,,,,,0,0,0,0,0,0
2026,regular,2026-05-06,664983,Jake McCarthy,COL,30,,,,,0,0,0,0,0,0
2026,regular,2026-05-06,805300,Jakob Marsee,MIA,30,,,,,0,0,0,0,0,0
2026,regular,2026-05-06,681546,James Outman,MIN,30,,,,,0,0,0,0,0,0
2026,regular,2026-05-06,695578,James Wood,WSN,30,,,,,0,0,0,0,0,0
2026,regular,2026-05-06,669707,Jared Triolo,PIT,30,,,,,0,0,0,0,0,0
2026,regular,2026-05-06,672284,Jarred Kelenic,CHW,30,,,,,0,0,0,0,0,0
2026,regular,2026-05-06,680776,Jarren Duran,BOS,30,,,,,0,0,0,0,0,0
2026,regular,2026-05-06,691176,Jasson Domínguez,NYY,30,,,,,0,0,0,0,0,0
2026,regular,2026-05-06,691594,Javier Sanoja,MIA,30,,,,,0,0,0,0,0,0
2026,regular,2026-05-06,665862,Jazz Chisholm Jr.,NYY,30,,,,,0,0,0,0,0,0
2026,regular,2026-05-06,643446,Jeff McNeil,ATH,30,,,,,0,0,0,0,0,0
2026,regular,2026-05-06,669236,Jeremiah Jackson,BAL,30,,,,,0,0,0,0,0,0
2026,regular,2026-05-06,683679,Jesus Rodriguez,SFG,30,,,,,0,0,0,0,0,0
2026,regular,2026-05-06,660821,Jesús Sánchez,TOR,30,,,,,0,0,0,0,0,0
2026,regular,2026-05-06,640902,Jhonny Pereda,SEA,30,,,,,0,0,0,0,0,0
2026,regular,2026-05-06,805347,Jim Jarvis,ATL,30,,,,,0,0,0,0,0,0
2026,regular,2026-05-06,668709,JJ Bleday,CIN,30,,,,,0,0,0,0,0,0
2026,regular,2026-05-06,802139,JJ Wetherholt,STL,30,,,,,0,0,0,0,0,0
2026,regular,2026-05-06,666176,Jo Adell,LAA,30,,,,,0,0,0,0,0,0
2026,regular,2026-05-06,691788,Joe Mack,MIA,30,,,,,0,0,0,0,0,0
2026,regular,2026-05-06,687401,Joey Ortiz,MIL,30,,,,,0,0,0,0,0,0
2026,regular,2026-05-06,641680,Jonah Heim,ATH,30,,,,,0,0,0,0,0,0
2026,regular,2026-05-06,666018,Jonathan Aranda,TBR,30,,,,,0,0,0,0,0,0
2026,regular,2026-05-06,676356,Jonny DeLuca,TBR,30,,,,,0,0,0,0,0,0
2026,regular,2026-05-06,687597,Jordan Beck,COL,30,,,,,0,0,0,0,0,0
2026,regular,2026-05-06,691023,Jordan Walker,STL,30,,,,,0,0,0,0,0,0
2026,regular,2026-05-06,622761,Jorge Mateo,ATL,30,,,,,0,0,0,0,0,0
2026,regular,2026-05-06,624585,Jorge Soler,LAA,30,,,,,0,0,0,0,0,0
2026,regular,2026-05-06,699912,Jose Fernandez,ARI,30,,,,,0,0,0,0,0,0
2026,regular,2026-05-06,624431,Jose Trevino,CIN,30,,,,,0,0,0,0,0,0
2026,regular,2026-05-06,605137,Josh Bell,MIN,30,,,,,0,0,0,0,0,0
2026,regular,2026-05-06,673962,Josh Jung,TEX,30,,,,,0,0,0,0,0,0
2026,regular,2026-05-06,647304,Josh Naylor,SEA,30,,,,,0,0,0,0,0,0
2026,regular,2026-05-06,676609,José Caballero,NYY,30,,,,,0,0,0,0,0,0
2026,regular,2026-05-06,665877,José Fermín,STL,30,,,,,0,0,0,0,0,0
2026,regular,2026-05-06,608070,José Ramírez,CLE,30,,,,,0,0,0,0,0,0
2026,regular,2026-05-06,677588,José Tena,WSN,30,,,,,0,0,0,0,0,0
2026,regular,2026-05-06,665742,Juan Soto,NYM,30,,,,,0,0,0,0,0,0
2026,regular,2026-05-06,677594,Julio Rodríguez,SEA,30,,,,,0,0,0,0,0,0
2026,regular,2026-05-06,808982,Jung Hoo Lee,SFG,30,,,,,0,0,0,0,0,0
2026,regular,2026-05-06,691406,Junior Caminero,TBR,30,,,,,0,0,0,0,0,0
2026,regular,2026-05-06,702222,Justin Crawford,PHI,30,,,,,0,0,0,0,0,0
2026,regular,2026-05-06,672960,Kazuma Okamoto,TOR,30,,,,,0,0,0,0,0,0
2026,regular,2026-05-06,663647,Ke'Bryan Hayes,CIN,30,,,,,0,0,0,0,0,0
2026,regular,2026-05-06,681481,Kerry Carpenter,DET,30,,,,,0,0,0,0,0,0
2026,regular,2026-05-06,606466,Ketel Marte,ARI,30,,,,,0,0,0,0,0,0
2026,regular,2026-05-06,805808,Kevin McGonigle,DET,30,,,,,0,0,0,0,0,0
2026,regular,2026-05-06,665019,Kody Clemens,MIN,30,,,,,0,0,0,0,0,0
2026,regular,2026-05-06,804606,Konnor Griffin,PIT,30,,,,,0,0,0,0,0,0
2026,regular,2026-05-06,543309,Kyle Higashioka,TEX,30,,,,,0,0,0,0,0,0
2026,regular,2026-05-06,664728,Kyle Isbel,KCR,30,,,,,0,0,0,0,0,0
2026,regular,2026-05-06,691720,Kyle Karros,COL,30,,,,,0,0,0,0,0,0
2026,regular,2026-05-06,700932,Kyle Manzardo,CLE,30,,,,,0,0,0,0,0,0
2026,regular,2026-05-06,656941,Kyle Schwarber,PHI,30,,,,,0,0,0,0,0,0
2026,regular,2026-05-06,669065,Kyle Stowers,MIA,30,,,,,0,0,0,0,0,0
2026,regular,2026-05-06,663656,Kyle Tucker,LAD,30,,,,,0,0,0,0,0,0
2026,regular,2026-05-06,657041,Lane Thomas,KCR,30,,,,,0,0,0,0,0,0
2026,regular,2026-05-06,671732,Lawrence Butler,ATH,30,,,,,0,0,0,0,0,0
2026,regular,2026-05-06,672820,Lenyn Sosa,TOR,30,,,,,0,0,0,0,0,0
2026,regular,2026-05-06,660844,Leo Rivas,SEA,30,,,,,0,0,0,0,0,0
2026,regular,2026-05-06,665750,Leody Taveras,BAL,30,,,,,0,0,0,0,0,0
2026,regular,2026-05-06,689414,Liam Hicks,MIA,30,,,,,0,0,0,0,0,0
2026,regular,2026-05-06,666971,Lourdes Gurriel Jr.,ARI,30,,,,,0,0,0,0,0,0
2026,regular,2026-05-06,620443,Luis Torrens,NYM,30,,,,,0,0,0,0,0,0
2026,regular,2026-05-06,682668,Luisangel Acuña,CHW,30,,,,,0,0,0,0,0,0
2026,regular,2026-05-06,807712,Luke Keaschall,MIN,30,,,,,0,0,0,0,0,0
2026,regular,2026-05-06,672580,Maikel Garcia,KCR,30,,,,,0,0,0,0,0,0
2026,regular,2026-05-06,592518,Manny Machado,SDP,30,,,,,0,0,0,0,0,0
2026,regular,2026-05-06,542303,Marcell Ozuna,PIT,30,,,,,0,0,0,0,0,0
2026,regular,2026-05-06,691785,Marcelo Mayer,BOS,30,,,,,0,0,0,0,0,0
2026,regular,2026-05-06,543760,Marcus Semien,NYM,30,,,,,0,0,0,0,0,0
2026,regular,2026-05-06,668901,Mark Vientos,NYM,30,,,,,0,0,0,0,0,0
2026,regular,2026-05-06,807799,Masataka Yoshida,BOS,30,,,,,0,0,0,0,0,0
2026,regular,2026-05-06,691026,Masyn Winn,STL,30,,,,,0,0,0,0,0,0
2026,regular,2026-05-06,656305,Matt Chapman,SFG,30,,,,,0,0,0,0,0,0
2026,regular,2026-05-06,680574,Matt McLain,CIN,30,,,,,0,0,0,0,0,0
2026,regular,2026-05-06,621566,Matt Olson,ATL,30,,,,,0,0,0,0,0,0
2026,regular,2026-05-06,807713,Matt Shaw,CHC,30,,,,,0,0,0,0,0,0
2026,regular,2026-05-06,663837,Matt Vierling,DET,30,,,,,0,0,0,0,0,0
2026,regular,2026-05-06,670242,Matt Wallner,MIN,30,,,,,0,0,0,0,0,0
2026,regular,2026-05-06,643289,Mauricio Dubón,ATL,30,,,,,0,0,0,0,0,0
2026,regular,2026-05-06,571970,Max Muncy,LAD,30,,,,,0,0,0,0,0,0
2026,regular,2026-05-06,683737,Michael Busch,CHC,30,,,,,0,0,0,0,0,0
2026,regular,2026-05-06,624424,Michael Conforto,CHC,30,,,,,0,0,0,0,0,0
2026,regular,2026-05-06,671739,Michael Harris II,ATL,30,,,,,0,0,0,0,0,0
2026,regular,2026-05-06,666160,Mickey Moniak,COL,30,,,,,0,0,0,0,0,0
2026,regular,2026-05-06,665804,Miguel Amaya,CHC,30,,,,,0,0,0,0,0,0
2026,regular,2026-05-06,609280,Miguel Andujar,SDP,30,,,,,0,0,0,0,0,0
2026,regular,2026-05-06,500743,Miguel Rojas,LAD,30,,,,,0,0,0,0,0,0
2026,regular,2026-05-06,678246,Miguel Vargas,CHW,30,,,,,0,0,0,0,0,0
2026,regular,2026-05-06,545361,Mike Trout,LAA,30,,,,,0,0,0,0,0,0
2026,regular,2026-05-06,573262,Mike Yastrzemski,ATL,30,,,,,0,0,0,0,0,0
2026,regular,2026-05-06,641598,Mitch Garver,SEA,30,,,,,0,0,0,0,0,0
2026,regular,2026-05-06,669004,MJ Melendez,NYM,30,,,,,0,0,0,0,0,0
2026,regular,2026-05-06,694208,Moisés Ballesteros,CHC,30,,,,,0,0,0,0,0,0
2026,regular,2026-05-06,808959,Munetaka Murakami,CHW,30,,,,,0,0,0,0,0,0
2026,regular,2026-05-06,664702,Myles Straw,TOR,30,,,,,0,0,0,0,0,0
2026,regular,2026-05-06,683083,Nasim Nuñez,WSN,30,,,,,0,0,0,0,0,0
2026,regular,2026-05-06,701675,Nathan Church,STL,30,,,,,0,0,0,0,0,0
2026,regular,2026-05-06,663993,Nathaniel Lowe,CIN,30,,,,,0,0,0,0,0,0
2026,regular,2026-05-06,669397,Nick Allen,HOU,30,,,,,0,0,0,0,0,0
2026,regular,2026-05-06,592206,Nick Castellanos,SDP,30,,,,,0,0,0,0,0,0
2026,regular,2026-05-06,663743,Nick Fortes,TBR,30,,,,,0,0,0,0,0,0
2026,regular,2026-05-06,693304,Nick Gonzales,PIT,30,,,,,0,0,0,0,0,0
2026,regular,2026-05-06,701762,Nick Kurtz,ATH,30,,,,,0,0,0,0,0,0
2026,regular,2026-05-06,679845,Nick Loftin,KCR,30,,,,,0,0,0,0,0,0
2026,regular,2026-05-06,663538,Nico Hoerner,CHC,30,,,,,0,0,0,0,0,0
2026,regular,2026-05-06,571448,Nolan Arenado,ARI,30,,,,,0,0,0,0,0,0
2026,regular,2026-05-06,669357,Nolan Gorman,STL,30,,,,,0,0,0,0,0,0
2026,regular,2026-05-06,694384,Nolan Schanuel,LAA,30,,,,,0,0,0,0,0,0
2026,regular,2026-05-06,665833,Oneil Cruz,PIT,30,,,,,0,0,0,0,0,0
2026,regular,2026-05-06,672724,Oswald Peraza,LAA,30,,,,,0,0,0,0,0,0
2026,regular,2026-05-06,672640,Otto Lopez,MIA,30,,,,,0,0,0,0,0,0
2026,regular,2026-05-06,683357,Owen Caissie,MIA,30,,,,,0,0,0,0,0,0
2026,regular,2026-05-06,645277,Ozzie Albies,ATL,30,,,,,0,0,0,0,0,0
2026,regular,2026-05-06,672275,Patrick Bailey,SFG,30,,,,,0,0,0,0,0,0
2026,regular,2026-05-06,502671,Paul Goldschmidt,NYY,30,,,,,0,0,0,0,0,0
2026,regular,2026-05-06,686780,Pedro Pagés,STL,30,,,,,0,0,0,0,0,0
2026,regular,2026-05-06,624413,Pete Alonso,BAL,30,,,,,0,0,0,0,0,0
2026,regular,2026-05-06,691718,Pete Crow-Armstrong,CHC,30,,,,,0,0,0,0,0,0
2026,regular,2026-05-06,690984,Petey Halpin,CLE,30,,,,,0,0,0,0,0,0
2026,regular,2026-05-06,646240,Rafael Devers,SFG,30,,,,,0,0,0,0,0,0
2026,regular,2026-05-06,657656,Ramón Laureano,SDP,30,,,,,0,0,0,0,0,0
2026,regular,2026-05-06,545341,Randal Grichuk,CHW,30,,,,,0,0,0,0,0,0
2026,regular,2026-05-06,668227,Randy Arozarena,SEA,30,,,,,0,0,0,0,0,0
2026,regular,2026-05-06,656555,Rhys Hoskins,CLE,30,,,,,0,0,0,0,0,0
2026,regular,2026-05-06,682985,Riley Greene,DET,30,,,,,0,0,0,0,0,0
2026,regular,2026-05-06,680777,Ryan Jeffers,MIN,30,,,,,0,0,0,0,0,0
2026,regular,2026-05-06,641857,Ryan McMahon,NYY,30,,,,,0,0,0,0,0,0
2026,regular,2026-05-06,656811,Ryan O'Hearn,PIT,30,,,,,0,0,0,0,0,0
2026,regular,2026-05-06,668723,Ryan Vilade,TBR,30,,,,,0,0,0,0,0,0
2026,regular,2026-05-06,686217,Sal Frelick,MIL,30,,,,,0,0,0,0,0,0
2026,regular,2026-05-06,701398,Sal Stewart,CIN,30,,,,,0,0,0,0,0,0
2026,regular,2026-05-06,521692,Salvador Perez,KCR,30,,,,,0,0,0,0,0,0
2026,regular,2026-05-06,803011,Sam Antonacci,CHW,30,,,,,0,0,0,0,0,0
2026,regular,2026-05-06,694212,Samuel Basallo,BAL,30,,,,,0,0,0,0,0,0
2026,regular,2026-05-06,669289,Santiago Espinal,LAD,30,,,,,0,0,0,0,0,0
2026,regular,2026-05-06,669221,Sean Murphy,ATL,30,,,,,0,0,0,0,0,0
2026,regular,2026-05-06,665861,Sebastián Rivero,LAA,30,,,,,0,0,0,0,0,0
2026,regular,2026-05-06,673548,Seiya Suzuki,CHC,30,,,,,0,0,0,0,0,0
2026,regular,2026-05-06,694376,Shay Whitcomb,HOU,30,,,,,0,0,0,0,0,0
2026,regular,2026-05-06,660271,Shohei Ohtani,LAD,30,,,,,0,0,0,0,0,0
2026,regular,2026-05-06,687462,Spencer Horwitz,PIT,30,,,,,0,0,0,0,0,0
2026,regular,2026-05-06,668715,Spencer Steer,CIN,30,,,,,0,0,0,0,0,0
2026,regular,2026-05-06,679529,Spencer Torkelson,DET,30,,,,,0,0,0,0,0,0
2026,regular,2026-05-06,516782,Starling Marte,KCR,30,,,,,0,0,0,0,0,0
2026,regular,2026-05-06,823550,Sung-Mun Song,SDP,30,,,,,0,0,0,0,0,0
2026,regular,2026-05-06,670764,Taylor Walls,TBR,30,,,,,0,0,0,0,0,0
2026,regular,2026-05-06,621493,Taylor Ward,BAL,30,,,,,0,0,0,0,0,0
2026,regular,2026-05-06,606192,Teoscar Hernández,LAD,30,,,,,0,0,0,0,0,0
2026,regular,2026-05-06,670770,TJ Friedl,CIN,30,,,,,0,0,0,0,0,0
2026,regular,2026-05-06,681198,TJ Rumfield,COL,30,,,,,0,0,0,0,0,0
2026,regular,2026-05-06,518595,Travis d'Arnaud,LAA,30,,,,,0,0,0,0,0,0
2026,regular,2026-05-06,607208,Trea Turner,PHI,30,,,,,0,0,0,0,0,0
2026,regular,2026-05-06,663757,Trent Grisham,NYY,30,,,,,0,0,0,0,0,0
2026,regular,2026-05-06,663616,Trevor Larnach,MIN,30,,,,,0,0,0,0,0,0
2026,regular,2026-05-06,596115,Trevor Story,BOS,30,,,,,0,0,0,0,0,0
2026,regular,2026-05-06,656484,Tristan Gray,MIN,30,,,,,0,0,0,0,0,0
2026,regular,2026-05-06,671976,Tristan Peters,CHW,30,,,,,0,0,0,0,0,0
2026,regular,2026-05-06,687859,Troy Johnston,COL,30,,,,,0,0,0,0,0,0
2026,regular,2026-05-06,664034,Ty France,SDP,30,,,,,0,0,0,0,0,0
2026,regular,2026-05-06,672012,Tyler Black,MIL,30,,,,,0,0,0,0,0,0
2026,regular,2026-05-06,671289,Tyler Freeman,COL,30,,,,,0,0,0,0,0,0
2026,regular,2026-05-06,623168,Tyler Heineman,TOR,30,,,,,0,0,0,0,0,0
2026,regular,2026-05-06,641933,Tyler O'Neill,BAL,30,,,,,0,0,0,0,0,0
2026,regular,2026-05-06,691016,Tyler Soderstrom,ATH,30,,,,,0,0,0,0,0,0
2026,regular,2026-05-06,663886,Tyler Stephenson,CIN,30,,,,,0,0,0,0,0,0
2026,regular,2026-05-06,621438,Tyrone Taylor,NYM,30,,,,,0,0,0,0,0,0
2026,regular,2026-05-06,687093,Vaughn Grissom,LAA,30,,,,,0,0,0,0,0,0
2026,regular,2026-05-06,605170,Victor Caratini,MIN,30,,,,,0,0,0,0,0,0
2026,regular,2026-05-06,687363,Victor Scott II,STL,30,,,,,0,0,0,0,0,0
2026,regular,2026-05-06,686469,Vinnie Pasquantino,KCR,30,,,,,0,0,0,0,0,0
2026,regular,2026-05-06,665489,Vladimir Guerrero Jr.,TOR,30,,,,,0,0,0,0,0,0
2026,regular,2026-05-06,672761,Wenceel Pérez,DET,30,,,,,0,0,0,0,0,0
2026,regular,2026-05-06,666181,Will Benson,CIN,30,,,,,0,0,0,0,0,0
2026,regular,2026-05-06,661388,William Contreras,MIL,30,,,,,0,0,0,0,0,0
2026,regular,2026-05-06,575929,Willson Contreras,BOS,30,,,,,0,0,0,0,0,0
2026,regular,2026-05-06,642715,Willy Adames,SFG,30,,,,,0,0,0,0,0,0
2026,regular,2026-05-06,677800,Wilyer Abreu,BOS,30,,,,,0,0,0,0,0,0
2026,regular,2026-05-06,593428,Xander Bogaerts,SDP,30,,,,,0,0,0,0,0,0
2026,regular,2026-05-06,669364,Xavier Edwards,MIA,30,,,,,0,0,0,0,0,0
2026,regular,2026-05-06,650490,Yandy Díaz,TBR,30,,,,,0,0,0,0,0,0
2026,regular,2026-05-06,682818,Yohendrick Piñango,TOR,30,,,,,0,0,0,0,0,0
2026,regular,2026-05-06,670541,Yordan Alvarez,HOU,30,,,,,0,0,0,0,0,0
2026,regular,2026-05-06,805904,Zach Cole,HOU,30,,,,,0,0,0,0,0,0
2026,regular,2026-05-06,701305,Zach Dezenzo,HOU,30,,,,,0,0,0,0,0,0
2026,regular,2026-05-06,656716,Zach McKinstry,DET,30,,,,,0,0,0,0,0,0
2026,regular,2026-05-06,687263,Zach Neto,LAA,30,,,,,0,0,0,0,0,0
2026,regular,2026-05-06,680869,Zack Gelof,ATH,30,,,,,0,0,0,0,0,0
