season,seasonPhase,date,gamePk,side,team,opponent,playerId,player,jersey,position,inningsPitched,runs,earnedRuns,hits,homeRuns,baseOnBalls,strikeOuts,battersFaced,pitchesThrown,strikes,wins,losses,saves,throws
2026,,2026-03-25,823244,away,NYY,SFG,687396,Brent Headrick,47,P,1.0,0,0,1,0,1,1,5,15,9,0,0,0,
2026,,2026-03-25,823244,away,NYY,SFG,608331,Max Fried,54,P,6.1,0,0,2,0,1,4,23,86,53,1,0,0,
2026,,2026-03-25,823244,away,NYY,SFG,656234,Jake Bird,59,P,0.2,0,0,0,0,0,1,2,7,5,0,0,0,
2026,,2026-03-25,823244,away,NYY,SFG,666808,Camilo Doval,75,P,1.0,0,0,0,0,0,0,4,13,7,0,0,0,
2026,,2026-03-25,823244,home,SFG,NYY,664141,JT Brubaker,34,P,2.0,0,0,1,0,1,2,7,22,12,0,0,0,
2026,,2026-03-25,823244,home,SFG,NYY,657277,Logan Webb,62,P,5.0,7,6,9,0,1,7,26,86,58,0,1,0,
2026,,2026-03-25,823244,home,SFG,NYY,676775,Keaton Winn,67,P,1.0,0,0,0,0,1,2,4,19,13,0,0,0,
2026,,2026-03-25,823244,home,SFG,NYY,668873,Caleb Kilian,45,P,1.0,0,0,0,0,0,1,3,10,6,0,0,0,
2026,,2026-03-26,823649,away,PIT,NYM,694973,Paul Skenes,30,P,0.2,5,5,4,0,2,1,9,37,26,0,1,0,
2026,,2026-03-26,823649,away,PIT,NYM,642397,Gregory Soto,31,P,1.0,0,0,0,0,0,2,3,8,8,0,0,0,
2026,,2026-03-26,823649,away,PIT,NYM,682254,Mason Montgomery,46,P,1.1,2,2,1,0,3,2,8,42,23,0,0,0,
2026,,2026-03-26,823649,away,PIT,NYM,670990,Yohan Ramírez,49,P,2.1,0,0,1,0,1,3,9,37,22,0,0,0,
2026,,2026-03-26,823649,away,PIT,NYM,676755,Isaac Mattson,72,P,0.2,2,2,3,0,2,1,7,36,21,0,0,0,
2026,,2026-03-26,823649,away,PIT,NYM,642701,Dennis Santana,60,P,1.0,0,0,0,0,1,1,4,18,11,0,0,0,
2026,,2026-03-26,823649,away,PIT,NYM,664875,Justin Lawrence,61,P,1.0,2,2,2,2,0,0,5,14,10,0,0,0,
2026,,2026-03-26,823649,home,NYM,PIT,668964,Tobias Myers,32,P,3.0,1,1,1,1,0,1,10,39,22,0,0,0,
2026,,2026-03-26,823649,home,NYM,PIT,642547,Freddy Peralta,51,P,5.0,4,4,6,2,0,7,21,80,53,1,0,0,
2026,,2026-03-26,823649,home,NYM,PIT,472610,Luis García,40,P,1.0,2,2,3,0,0,2,6,20,16,0,0,0,
2026,,2026-03-26,823812,away,CHW,MIL,681343,Shane Smith,64,P,1.2,4,3,3,0,2,2,11,54,35,0,1,0,
2026,,2026-03-26,823812,away,CHW,MIL,699151,Jedixson Paez,63,P,1.1,3,3,2,1,2,0,8,36,22,0,0,0,
2026,,2026-03-26,823812,away,CHW,MIL,673929,Jordan Leasure,49,P,1.0,0,0,0,0,0,0,3,11,7,0,0,0,
2026,,2026-03-26,823812,away,CHW,MIL,656794,Sean Newcomb,15,P,2.1,2,2,3,0,1,1,10,33,26,0,0,0,
2026,,2026-03-26,823812,away,CHW,MIL,663855,Jordan Hicks,44,P,0.2,3,3,2,0,4,0,7,34,17,0,0,0,
2026,,2026-03-26,823812,away,CHW,MIL,656457,Tyler Gilbert,40,P,1.0,2,2,2,1,1,0,6,18,11,0,0,0,
2026,,2026-03-26,823812,home,MIL,CHW,681982,Grant Anderson,56,P,1.0,0,0,0,0,0,1,3,7,7,0,0,0,
2026,,2026-03-26,823812,home,MIL,CHW,676879,Aaron Ashby,26,P,1.0,0,0,0,0,0,2,3,11,8,0,0,0,
2026,,2026-03-26,823812,home,MIL,CHW,663765,Jake Woodford,41,P,1.0,1,1,1,1,0,3,4,16,12,0,0,0,
2026,,2026-03-26,823812,home,MIL,CHW,694819,Jacob Misiorowski,32,P,5.0,1,1,2,1,3,11,20,94,57,1,0,0,
2026,,2026-03-26,823812,home,MIL,CHW,669084,DL Hall,37,P,1.0,0,0,1,0,2,3,6,27,17,0,0,0,
2026,,2026-03-26,824704,away,WSN,CHC,676571,PJ Poulin,50,P,1.0,0,0,1,0,1,0,5,24,13,0,0,0,
2026,,2026-03-26,824704,away,WSN,CHC,690925,Clayton Beeter,39,P,1.0,0,0,0,0,2,1,5,24,12,0,0,0,
2026,,2026-03-26,824704,away,WSN,CHC,695418,Brad Lord,41,P,2.1,1,1,4,0,0,1,10,47,32,1,0,0,
2026,,2026-03-26,824704,away,WSN,CHC,672335,Cionel Pérez,51,P,1.0,0,0,0,0,0,2,3,12,8,0,0,0,
2026,,2026-03-26,824704,away,WSN,CHC,676917,Cade Cavalli,24,P,3.2,3,2,3,0,3,5,17,75,46,0,0,0,
2026,,2026-03-26,824704,home,CHC,WSN,571948,Hoby Milner,41,P,1.0,0,0,1,0,0,0,5,11,7,0,0,0,
2026,,2026-03-26,824704,home,CHC,WSN,657097,Jacob Webb,71,P,1.0,2,0,1,1,0,2,5,15,11,0,0,0,
2026,,2026-03-26,824704,home,CHC,WSN,571510,Matthew Boyd,16,P,3.2,6,6,6,1,1,7,17,63,45,0,1,0,
2026,,2026-03-26,824704,home,CHC,WSN,676962,Ben Brown,32,P,3.1,2,2,3,1,1,3,13,49,29,0,0,0,
2026,,2026-03-26,824865,away,MIN,BAL,623437,Justin Topa,48,P,1.0,1,1,2,0,0,0,5,18,12,0,0,0,
2026,,2026-03-26,824865,away,MIN,BAL,573124,Taylor Rogers,55,P,1.0,0,0,1,0,0,1,4,10,9,0,0,0,
2026,,2026-03-26,824865,away,MIN,BAL,681892,Kody Funderburk,57,P,0.2,1,1,1,0,1,0,4,17,9,0,1,0,
2026,,2026-03-26,824865,away,MIN,BAL,657746,Joe Ryan,41,P,5.1,0,0,1,0,2,7,19,85,58,0,0,0,
2026,,2026-03-26,824865,home,BAL,MIN,669432,Trevor Rogers,28,P,7.0,0,0,3,0,4,5,27,88,56,1,0,0,
2026,,2026-03-26,824865,home,BAL,MIN,669330,Tyler Wells,68,P,1.0,1,1,1,0,0,1,4,14,10,0,0,0,
2026,,2026-03-26,824865,home,BAL,MIN,664854,Ryan Helsley,21,P,1.0,0,0,1,0,0,3,4,19,13,0,0,1,
2026,,2026-03-26,824541,away,BOS,CIN,676477,Garrett Whitlock,22,P,1.0,0,0,1,0,0,2,4,18,13,0,0,0,
2026,,2026-03-26,824541,away,BOS,CIN,676979,Garrett Crochet,35,P,6.0,0,0,3,0,2,8,24,80,52,1,0,0,
2026,,2026-03-26,824541,away,BOS,CIN,686580,Justin Slaten,,P,1.0,0,0,0,0,1,2,4,17,10,0,0,0,
2026,,2026-03-26,824541,away,BOS,CIN,547973,Aroldis Chapman,44,P,1.0,0,0,0,0,0,0,3,11,6,0,0,1,
2026,,2026-03-26,824541,home,CIN,BOS,572955,Pierce Johnson,52,P,0.1,1,1,2,0,0,0,3,9,6,0,1,0,
2026,,2026-03-26,824541,home,CIN,BOS,683175,Connor Phillips,34,P,0.2,2,2,2,0,1,1,5,16,10,0,0,0,
2026,,2026-03-26,824541,home,CIN,BOS,668933,Graham Ashcraft,23,P,0.2,0,0,0,0,1,1,3,14,7,0,0,0,
2026,,2026-03-26,824541,home,CIN,BOS,594580,Sam Moll,50,P,1.0,0,0,0,0,0,1,3,6,6,0,0,0,
2026,,2026-03-26,824541,home,CIN,BOS,656271,Brock Burke,49,P,0.1,0,0,1,0,0,0,2,3,2,0,0,0,
2026,,2026-03-26,824541,home,CIN,BOS,671096,Andrew Abbott,41,P,6.0,0,0,7,0,1,4,24,83,59,0,0,0,
2026,,2026-03-26,824218,away,LAA,HOU,681217,Chase Silseth,63,P,0.1,0,0,0,0,0,0,1,1,1,0,0,0,
2026,,2026-03-26,824218,away,LAA,HOU,667755,José Soriano,59,P,6.0,0,0,2,0,4,7,24,91,60,1,0,0,
2026,,2026-03-26,824218,away,LAA,HOU,519141,Drew Pomeranz,13,P,1.0,0,0,0,0,0,0,3,12,8,0,0,0,
2026,,2026-03-26,824218,away,LAA,HOU,700712,Walbert Urena,57,P,0.2,0,0,1,0,1,1,4,14,8,0,0,0,
2026,,2026-03-26,824218,away,LAA,HOU,605447,Jordan Romano,68,P,1.0,0,0,0,0,1,1,4,12,6,0,0,1,
2026,,2026-03-26,824218,home,HOU,LAA,685005,Christian Roa,73,P,1.0,1,1,1,1,2,1,6,33,16,0,0,0,
2026,,2026-03-26,824218,home,HOU,LAA,686613,Hunter Brown,58,P,4.2,0,0,4,0,4,9,22,102,59,0,0,0,
2026,,2026-03-26,824218,home,HOU,LAA,805123,AJ Blubaugh,69,P,2.1,1,1,2,1,0,3,9,41,27,0,1,0,
2026,,2026-03-26,824218,home,HOU,LAA,687911,Bryan King,74,P,1.0,1,1,2,0,0,1,6,17,13,0,0,0,
2026,,2026-03-26,823325,away,DET,SDP,669373,Tarik Skubal,29,P,6.0,1,0,3,0,0,6,22,74,49,1,0,0,
2026,,2026-03-26,823325,away,DET,SDP,623454,Drew Anderson,38,P,1.1,1,1,2,1,2,0,8,36,17,0,0,0,
2026,,2026-03-26,823325,away,DET,SDP,663947,Tyler Holton,87,P,0.2,0,0,0,0,1,0,3,11,5,0,0,0,
2026,,2026-03-26,823325,away,DET,SDP,676684,Will Vest,19,P,1.0,0,0,0,0,0,1,3,7,6,0,0,0,
2026,,2026-03-26,823325,home,SDP,DET,688158,David Morgan,66,P,1.0,0,0,1,0,1,1,5,19,10,0,0,0,
2026,,2026-03-26,823325,home,SDP,DET,593974,Wandy Peralta,58,P,1.0,0,0,1,0,0,0,4,15,10,0,0,0,
2026,,2026-03-26,823325,home,SDP,DET,699134,Bradgley Rodriguez,72,P,2.0,0,0,0,0,0,3,6,20,14,0,0,0,
2026,,2026-03-26,823325,home,SDP,DET,601713,Nick Pivetta,,P,3.0,6,6,7,0,3,4,19,69,42,0,1,0,
2026,,2026-03-26,823325,home,SDP,DET,676760,Ron Marinaccio,97,P,2.0,2,2,3,1,0,2,9,43,25,0,0,0,
2026,,2026-03-26,823081,away,TBR,STL,693855,Ian Seymour,61,P,0.0,5,5,5,0,0,0,5,21,14,0,0,0,
2026,,2026-03-26,823081,away,TBR,STL,664076,Garrett Cleavinger,60,P,0.1,2,2,2,0,0,0,3,9,7,0,1,0,
2026,,2026-03-26,823081,away,TBR,STL,643377,Griffin Jax,22,P,0.2,1,1,1,1,0,0,3,14,11,0,0,0,
2026,,2026-03-26,823081,away,TBR,STL,672782,Yoendrys Gómez,94,P,2.0,0,0,2,0,1,1,9,28,19,0,0,0,
2026,,2026-03-26,823081,away,TBR,STL,656876,Drew Rasmussen,57,P,5.0,1,1,4,1,0,2,20,73,49,0,0,0,
2026,,2026-03-26,823081,home,STL,TBR,694335,Matt Svanson,49,P,0.1,3,3,3,0,0,0,4,16,11,0,0,0,
2026,,2026-03-26,823081,home,STL,TBR,688297,Chris Roycroft,58,P,0.1,1,1,3,0,0,0,4,13,8,0,0,0,
2026,,2026-03-26,823081,home,STL,TBR,668941,JoJo Romero,59,P,0.2,0,0,2,0,0,0,4,9,7,0,0,0,
2026,,2026-03-26,823081,home,STL,TBR,677865,Justin Bruihl,47,P,0.1,2,2,1,0,1,0,3,9,4,0,0,0,
2026,,2026-03-26,823081,home,STL,TBR,676617,Riley O'Brien,61,P,1.1,0,0,1,0,0,2,5,17,11,1,0,0,
2026,,2026-03-26,823081,home,STL,TBR,669461,Matthew Liberatore,32,P,5.0,1,1,7,1,2,2,24,78,49,0,0,0,
2026,,2026-03-26,823081,home,STL,TBR,592773,Ryne Stanek,55,P,1.0,0,0,0,0,3,1,6,26,12,0,0,1,
2026,,2026-03-26,823486,away,TEX,PHI,641302,Tyler Alexander,13,P,1.0,0,0,0,0,0,0,3,9,6,0,0,0,
2026,,2026-03-26,823486,away,TEX,PHI,656222,Jalen Beeks,68,P,1.1,0,0,1,0,0,2,5,28,18,0,0,0,
2026,,2026-03-26,823486,away,TEX,PHI,543135,Nathan Eovaldi,17,P,4.2,5,5,8,2,0,7,22,80,55,0,1,0,
2026,,2026-03-26,823486,away,TEX,PHI,691945,Carter Baumler,45,P,1.0,0,0,1,0,1,1,6,26,15,0,0,0,
2026,,2026-03-26,823486,home,PHI,TEX,650911,Cristopher Sánchez,61,P,6.0,0,0,3,0,0,10,21,87,59,1,0,0,
2026,,2026-03-26,823486,home,PHI,TEX,661395,Jhoan Duran,59,P,0.2,0,0,1,0,0,1,3,12,9,0,0,1,
2026,,2026-03-26,823486,home,PHI,TEX,680742,Jonathan Bowlan,52,P,1.0,0,0,1,0,0,0,4,8,6,0,0,0,
2026,,2026-03-26,823486,home,PHI,TEX,647315,Zach Pop,56,P,1.0,0,0,0,0,1,0,4,21,9,0,0,0,
2026,,2026-03-26,823486,home,PHI,TEX,679775,Kyle Backhus,19,P,0.1,3,3,3,1,0,0,4,20,12,0,0,0,
2026,,2026-03-26,823974,away,ARI,LAD,694851,Andrew Hoffmann,56,P,1.2,0,0,1,0,2,0,8,33,14,0,0,0,
2026,,2026-03-26,823974,away,ARI,LAD,666661,Juan Morillo,62,P,1.0,0,0,1,0,1,1,5,17,10,0,0,0,
2026,,2026-03-26,823974,away,ARI,LAD,664199,Taylor Clarke,45,P,0.1,4,4,3,1,0,0,5,16,10,0,0,0,
2026,,2026-03-26,823974,away,ARI,LAD,668678,Zac Gallen,23,P,4.0,4,4,5,1,2,2,19,76,47,0,1,0,
2026,,2026-03-26,823974,away,ARI,LAD,657044,Ryan Thompson,81,P,1.0,0,0,0,0,0,1,3,11,9,0,0,0,
2026,,2026-03-26,823974,home,LAD,ARI,656945,Tanner Scott,66,P,1.0,0,0,0,0,0,0,3,8,7,0,0,0,
2026,,2026-03-26,823974,home,LAD,ARI,694361,Will Klein,61,P,1.0,0,0,0,0,0,1,3,9,8,0,0,0,
2026,,2026-03-26,823974,home,LAD,ARI,595014,Blake Treinen,49,P,1.0,0,0,1,0,0,1,4,15,8,0,0,0,
2026,,2026-03-26,823974,home,LAD,ARI,808967,Yoshinobu Yamamoto,18,P,6.0,2,2,5,1,0,6,21,95,63,1,0,0,
2026,,2026-03-26,823163,away,CLE,SEA,542888,Shawn Armstrong,43,P,0.2,1,1,1,1,0,2,3,10,7,0,0,0,
2026,,2026-03-26,823163,away,CLE,SEA,641401,Connor Brogdon,75,P,1.0,0,0,1,0,0,1,4,16,11,1,0,0,
2026,,2026-03-26,823163,away,CLE,SEA,671922,Cade Smith,36,P,1.0,0,0,0,0,0,1,3,13,9,0,0,1,
2026,,2026-03-26,823163,away,CLE,SEA,681870,Erik Sabrowski,62,P,1.1,0,0,0,0,0,3,4,16,11,0,0,0,
2026,,2026-03-26,823163,away,CLE,SEA,676440,Tanner Bibee,28,P,5.0,3,3,4,3,2,7,20,78,48,0,0,0,
2026,,2026-03-26,823163,home,SEA,CLE,678606,Jose A. Ferrer,45,P,0.2,0,0,2,0,0,0,4,11,7,0,0,0,
2026,,2026-03-26,823163,home,SEA,CLE,668984,Casey Legumina,64,P,1.0,0,0,1,0,1,2,6,29,17,0,0,0,
2026,,2026-03-26,823163,home,SEA,CLE,669302,Logan Gilbert,36,P,5.1,3,3,5,1,0,7,21,86,59,0,0,0,
2026,,2026-03-26,823163,home,SEA,CLE,681867,Cooper Criswell,88,P,1.0,1,1,1,1,1,1,4,17,10,0,0,0,
2026,,2026-03-26,823163,home,SEA,CLE,642100,Gabe Speier,55,P,1.0,2,2,3,0,0,1,6,20,16,0,1,0,
2026,,2026-03-27,823243,away,NYY,SFG,657612,Tim Hill,41,P,1.0,0,0,0,0,0,2,3,12,9,0,0,0,
2026,,2026-03-27,823243,away,NYY,SFG,518585,Fernando Cruz,63,P,0.2,0,0,0,0,1,0,3,10,5,0,0,0,
2026,,2026-03-27,823243,away,NYY,SFG,666808,Camilo Doval,75,P,1.0,0,0,0,0,0,3,3,12,10,0,0,0,
2026,,2026-03-27,823243,away,NYY,SFG,670280,David Bednar,53,P,1.0,0,0,0,0,1,0,4,19,13,0,0,1,
2026,,2026-03-27,823243,away,NYY,SFG,693645,Cam Schlittler,31,P,5.1,0,0,1,0,0,8,17,68,49,1,0,0,
2026,,2026-03-27,823243,home,SFG,NYY,676254,Ryan Walker,74,P,0.1,0,0,1,0,1,1,3,12,8,0,0,0,
2026,,2026-03-27,823243,home,SFG,NYY,676130,José Buttó,70,P,0.2,1,1,2,1,0,2,4,17,11,0,0,0,
2026,,2026-03-27,823243,home,SFG,NYY,621366,Ryan Borucki,47,P,0.2,0,0,0,0,1,0,3,12,5,0,0,0,
2026,,2026-03-27,823243,home,SFG,NYY,592662,Robbie Ray,38,P,5.1,2,2,5,1,0,4,21,89,57,0,1,0,
2026,,2026-03-27,823243,home,SFG,NYY,669062,Erik Miller,68,P,1.0,0,0,0,0,0,0,3,10,7,0,0,0,
2026,,2026-03-27,823243,home,SFG,NYY,657424,Matt Gage,93,P,1.0,0,0,0,0,1,0,3,14,8,0,0,0,
2026,,2026-03-27,822839,away,ATH,TOR,622663,Luis Severino,40,P,5.0,2,2,3,0,3,3,20,84,52,0,0,0,
2026,,2026-03-27,822839,away,ATH,TOR,686993,Justin Sterner,60,P,0.2,1,1,3,0,0,0,5,15,11,0,1,0,
2026,,2026-03-27,822839,away,ATH,TOR,605130,Scott Barlow,58,P,1.2,0,0,1,0,0,0,6,15,14,0,0,0,
2026,,2026-03-27,822839,away,ATH,TOR,663687,Hogan Harris,36,P,1.1,0,0,0,0,1,0,5,17,10,0,0,0,
2026,,2026-03-27,822839,home,TOR,ATH,686973,Louis Varland,77,P,1.0,0,0,1,0,1,1,4,16,8,0,0,0,
2026,,2026-03-27,822839,home,TOR,ATH,592332,Kevin Gausman,34,P,6.0,1,1,1,1,0,11,19,83,60,0,0,0,
2026,,2026-03-27,822839,home,TOR,ATH,656546,Jeff Hoffman,23,P,1.0,1,1,1,1,0,4,5,22,18,1,0,0,
2026,,2026-03-27,822839,home,TOR,ATH,643511,Tyler Rogers,71,P,1.0,0,0,0,0,1,0,4,13,7,0,0,0,
2026,,2026-03-27,823893,away,COL,MIA,623474,Jimmy Herget,44,P,1.1,0,0,2,0,0,1,6,20,12,0,0,0,
2026,,2026-03-27,823893,away,COL,MIA,607536,Kyle Freeland,21,P,4.1,2,2,5,0,2,2,21,81,53,0,1,0,
2026,,2026-03-27,823893,away,COL,MIA,657514,Brennan Bernardino,83,P,0.1,0,0,0,0,0,0,1,2,2,0,0,0,
2026,,2026-03-27,823893,away,COL,MIA,675848,Juan Mejia,47,P,2.0,0,0,1,0,0,1,7,22,14,0,0,0,
2026,,2026-03-27,823893,home,MIA,COL,664126,Pete Fairbanks,29,P,1.0,0,0,1,0,0,1,4,12,11,0,0,1,
2026,,2026-03-27,823893,home,MIA,COL,645261,Sandy Alcantara,22,P,7.0,1,0,4,0,2,5,25,73,49,1,0,0,
2026,,2026-03-27,823893,home,MIA,COL,669622,Anthony Bender,37,P,0.1,0,0,1,0,0,1,2,12,6,0,0,0,
2026,,2026-03-27,823893,home,MIA,COL,677053,Andrew Nardi,43,P,0.2,0,0,1,0,0,2,3,11,8,0,0,0,
2026,,2026-03-27,824946,away,KCR,ATL,666142,Cole Ragans,55,P,4.0,4,4,6,3,4,5,21,90,52,0,1,0,
2026,,2026-03-27,824946,away,KCR,ATL,663559,Bailey Falter,36,P,3.0,2,2,5,0,0,4,14,48,29,0,0,0,
2026,,2026-03-27,824946,away,KCR,ATL,656638,Alex Lange,56,P,1.0,0,0,0,0,0,1,3,11,8,0,0,0,
2026,,2026-03-27,824946,home,ATL,KCR,669276,Dylan Lee,52,P,1.0,0,0,0,0,0,0,3,9,7,0,0,0,
2026,,2026-03-27,824946,home,ATL,KCR,663158,Robert Suarez,75,P,1.0,0,0,2,0,0,1,5,17,11,0,0,0,
2026,,2026-03-27,824946,home,ATL,KCR,519242,Chris Sale,51,P,6.0,0,0,3,0,3,6,23,88,54,1,0,0,
2026,,2026-03-27,824946,home,ATL,KCR,641755,Tyler Kinley,45,P,1.0,0,0,0,0,0,1,3,13,9,0,0,0,
2026,,2026-03-27,824216,away,LAA,HOU,681217,Chase Silseth,63,P,0.2,0,0,0,0,0,0,2,10,7,0,0,0,
2026,,2026-03-27,824216,away,LAA,HOU,696147,Sam Bachman,40,P,1.0,0,0,0,0,2,3,5,27,14,0,0,0,
2026,,2026-03-27,824216,away,LAA,HOU,666171,Ryan Zeferjahn,56,P,2.0,0,0,0,0,0,2,6,23,15,1,0,0,
2026,,2026-03-27,824216,away,LAA,HOU,579328,Yusei Kikuchi,16,P,4.1,2,2,8,1,1,3,22,86,53,0,0,0,
2026,,2026-03-27,824216,away,LAA,HOU,605447,Jordan Romano,68,P,1.0,0,0,0,0,0,2,3,13,9,0,0,0,
2026,,2026-03-27,824216,home,HOU,LAA,680802,Ryan Weiss,51,P,1.0,1,1,2,1,1,2,6,22,14,0,0,0,
2026,,2026-03-27,824216,home,HOU,LAA,595345,Steven Okert,48,P,1.2,0,0,0,0,0,3,5,20,15,0,0,0,
2026,,2026-03-27,824216,home,HOU,LAA,681347,Mike Burrows,50,P,5.2,5,5,9,2,2,6,26,94,59,0,1,0,
2026,,2026-03-27,824216,home,HOU,LAA,682610,Roddery Muñoz,46,P,0.2,0,0,0,0,3,0,5,26,10,0,0,0,
2026,,2026-03-27,823324,away,DET,SDP,664285,Framber Valdez,59,P,6.0,2,1,7,0,1,5,25,83,63,0,0,0,
2026,,2026-03-27,823324,away,DET,SDP,640448,Kyle Finnegan,67,P,1.0,0,0,0,0,1,2,4,20,11,0,0,0,
2026,,2026-03-27,823324,away,DET,SDP,445276,Kenley Jansen,74,P,1.0,0,0,0,0,0,3,3,11,10,0,0,1,
2026,,2026-03-27,823324,away,DET,SDP,646241,Enmanuel De Jesus,37,P,1.0,0,0,1,0,0,2,4,13,10,1,0,0,
2026,,2026-03-27,823324,home,SDP,DET,650633,Michael King,34,P,5.0,1,0,1,0,4,6,20,82,46,0,0,0,
2026,,2026-03-27,823324,home,SDP,DET,688158,David Morgan,66,P,1.0,0,0,1,0,1,0,5,12,6,0,0,0,
2026,,2026-03-27,823324,home,SDP,DET,593974,Wandy Peralta,58,P,0.1,0,0,2,0,0,0,3,17,11,0,0,0,
2026,,2026-03-27,823324,home,SDP,DET,669093,Jeremiah Estrada,56,P,0.2,4,4,1,0,3,2,6,27,14,0,1,0,
2026,,2026-03-27,823324,home,SDP,DET,670970,Adrian Morejon,50,P,2.0,0,0,1,0,0,1,6,23,14,0,0,0,
2026,,2026-03-27,823162,away,CLE,SEA,670059,Colin Holderman,35,P,1.0,2,2,1,1,1,1,5,27,14,0,0,0,
2026,,2026-03-27,823162,away,CLE,SEA,688883,Peyton Pallette,41,P,2.0,0,0,0,0,0,2,6,21,14,0,0,0,
2026,,2026-03-27,823162,away,CLE,SEA,668909,Gavin Williams,32,P,5.0,3,3,2,1,6,7,22,89,49,0,1,0,
2026,,2026-03-27,823162,home,SEA,CLE,666374,Matt Brash,47,P,1.0,0,0,1,0,0,0,4,17,10,0,0,0,
2026,,2026-03-27,823162,home,SEA,CLE,669923,George Kirby,68,P,6.0,1,1,2,1,2,6,22,90,57,1,0,0,
2026,,2026-03-27,823162,home,SEA,CLE,662253,Andrés Muñoz,75,P,1.0,0,0,1,0,0,2,4,17,11,0,0,0,
2026,,2026-03-27,823162,home,SEA,CLE,660825,Eduard Bazardo,83,P,1.0,0,0,0,0,1,1,4,17,11,0,0,0,
2026,,2026-03-27,823971,away,ARI,LAD,656464,Kevin Ginkel,37,P,1.0,1,1,2,0,0,0,5,21,13,0,1,0,
2026,,2026-03-27,823971,away,ARI,LAD,642528,Jonathan Loáisiga,43,P,1.1,0,0,0,0,0,1,4,14,8,0,0,0,
2026,,2026-03-27,823971,away,ARI,LAD,669194,Ryne Nelson,19,P,4.2,4,4,2,2,3,4,19,83,50,0,0,0,
2026,,2026-03-27,823971,away,ARI,LAD,657044,Ryan Thompson,81,P,1.0,0,0,0,0,0,0,3,7,7,0,0,0,
2026,,2026-03-27,823971,home,LAD,ARI,676508,Ben Casparius,78,P,0.2,0,0,1,0,1,1,4,24,14,0,0,0,
2026,,2026-03-27,823971,home,LAD,ARI,681911,Alex Vesia,51,P,1.0,0,0,1,0,0,0,4,16,12,0,0,0,
2026,,2026-03-27,823971,home,LAD,ARI,683618,Edgardo Henriquez,60,P,1.0,0,0,0,0,0,1,3,13,7,1,0,0,
2026,,2026-03-27,823971,home,LAD,ARI,656945,Tanner Scott,66,P,0.1,0,0,0,0,0,1,1,6,4,0,0,0,
2026,,2026-03-27,823971,home,LAD,ARI,621242,Edwin Díaz,3,P,1.0,0,0,0,0,1,2,4,17,10,0,0,1,
2026,,2026-03-27,823971,home,LAD,ARI,686218,Emmet Sheehan,80,P,3.1,4,4,5,1,2,6,16,83,51,0,0,0,
2026,,2026-03-27,823971,home,LAD,ARI,676263,Jack Dreyer,86,P,1.2,0,0,1,0,0,1,5,26,17,0,0,0,
2026,,2026-03-28,823082,away,TBR,STL,642121,Cole Sulser,71,P,2.0,2,1,2,0,1,2,10,41,23,0,0,0,
2026,,2026-03-28,823082,away,TBR,STL,643377,Griffin Jax,22,P,0.1,2,1,1,0,1,0,3,9,3,0,1,0,
2026,,2026-03-28,823082,away,TBR,STL,641329,Bryan Baker,47,P,1.0,0,0,0,0,0,2,3,13,9,0,0,0,
2026,,2026-03-28,823082,away,TBR,STL,671212,Joe Boyle,36,P,6.0,2,2,3,0,0,4,21,75,52,0,0,0,
2026,,2026-03-28,823082,home,STL,TBR,700241,Michael McGreevy,36,P,6.0,0,0,0,0,2,5,21,96,57,0,0,0,
2026,,2026-03-28,823082,home,STL,TBR,694335,Matt Svanson,49,P,0.2,3,3,2,0,1,0,5,20,10,0,0,0,
2026,,2026-03-28,823082,home,STL,TBR,668941,JoJo Romero,59,P,1.0,0,0,0,0,0,1,3,17,12,0,0,0,
2026,,2026-03-28,823082,home,STL,TBR,676617,Riley O'Brien,61,P,1.0,0,0,2,0,0,0,4,9,6,0,0,0,
2026,,2026-03-28,823082,home,STL,TBR,592773,Ryne Stanek,55,P,1.1,2,1,3,0,0,2,6,27,18,1,0,0,
2026,,2026-03-28,824701,away,WSN,CHC,701552,Andre Granillo,79,P,0.2,2,2,1,0,1,0,4,18,8,0,0,0,
2026,,2026-03-28,824701,away,WSN,CHC,571945,Miles Mikolas,36,P,5.0,6,4,6,1,3,4,25,97,57,0,1,0,
2026,,2026-03-28,824701,away,WSN,CHC,686610,Ken Waldichuk,52,P,1.1,2,2,3,1,2,2,9,32,17,0,0,0,
2026,,2026-03-28,824701,away,WSN,CHC,669371,Cole Henry,99,P,1.0,0,0,0,0,0,1,3,11,7,0,0,0,
2026,,2026-03-28,824701,home,CHC,WSN,690990,Cade Horton,22,P,6.1,2,2,4,1,1,4,22,75,53,1,0,0,
2026,,2026-03-28,824701,home,CHC,WSN,573204,Caleb Thielbar,24,P,1.0,0,0,0,0,1,1,4,16,9,0,0,0,
2026,,2026-03-28,824701,home,CHC,WSN,657097,Jacob Webb,71,P,1.0,0,0,0,0,2,0,4,16,7,0,0,0,
2026,,2026-03-28,824701,home,CHC,WSN,664208,Phil Maton,88,P,0.2,0,0,0,0,0,1,2,9,6,0,0,0,
2026,,2026-03-28,822838,away,ATH,TOR,605130,Scott Barlow,58,P,1.0,1,0,1,0,1,1,5,14,11,0,0,0,
2026,,2026-03-28,822838,away,ATH,TOR,547184,Michael Kelly,49,P,1.1,1,1,2,1,0,1,6,15,12,0,0,0,
2026,,2026-03-28,822838,away,ATH,TOR,665660,Elvis Alvarado,37,P,1.0,2,2,1,0,2,2,6,26,11,0,0,0,
2026,,2026-03-28,822838,away,ATH,TOR,663687,Hogan Harris,36,P,0.2,0,0,2,0,1,0,5,19,13,0,0,0,
2026,,2026-03-28,822838,away,ATH,TOR,665622,Luis Medina,46,P,0.1,1,0,1,0,1,1,3,10,6,0,1,0,
2026,,2026-03-28,822838,away,ATH,TOR,643410,Mark Leiter Jr.,38,P,0.2,1,1,2,0,0,0,5,17,11,0,0,0,
2026,,2026-03-28,822838,away,ATH,TOR,605488,Jeffrey Springs,59,P,5.1,2,2,5,0,3,2,22,83,51,0,0,0,
2026,,2026-03-28,822838,home,TOR,ATH,693686,Spencer Miles,62,P,1.0,0,0,0,0,1,1,4,16,7,1,0,0,
2026,,2026-03-28,822838,home,TOR,ATH,667297,Tommy Nance,45,P,1.1,0,0,0,0,0,1,4,11,10,0,0,0,
2026,,2026-03-28,822838,home,TOR,ATH,686973,Louis Varland,77,P,1.0,1,0,1,0,1,1,4,14,6,0,0,0,
2026,,2026-03-28,822838,home,TOR,ATH,663893,Brendon Little,54,P,0.2,3,3,2,1,1,2,5,23,11,0,0,0,
2026,,2026-03-28,822838,home,TOR,ATH,656302,Dylan Cease,84,P,5.1,1,1,3,0,2,12,22,90,61,0,0,0,
2026,,2026-03-28,822838,home,TOR,ATH,689254,Mason Fluharty,68,P,0.0,2,2,2,0,0,0,2,9,7,0,0,0,
2026,,2026-03-28,822838,home,TOR,ATH,680755,Braydon Fisher,63,P,0.2,0,0,0,0,0,0,1,4,3,0,0,0,
2026,,2026-03-28,822838,home,TOR,ATH,643511,Tyler Rogers,71,P,1.0,0,0,0,0,0,2,3,7,7,0,0,0,
2026,,2026-03-28,824862,away,MIN,BAL,671737,Taj Bradley,26,P,4.1,1,1,3,0,3,9,19,92,58,0,0,0,
2026,,2026-03-28,824862,away,MIN,BAL,623437,Justin Topa,48,P,1.0,0,0,0,0,0,1,3,12,8,0,0,0,
2026,,2026-03-28,824862,away,MIN,BAL,607455,Anthony Banda,43,P,0.2,0,0,0,0,1,2,4,15,7,1,0,0,
2026,,2026-03-28,824862,away,MIN,BAL,663485,Cole Sands,44,P,1.0,0,0,0,0,1,2,4,16,8,0,0,1,
2026,,2026-03-28,824862,away,MIN,BAL,681892,Kody Funderburk,57,P,0.2,0,0,2,0,0,2,4,13,9,0,0,0,
2026,,2026-03-28,824862,away,MIN,BAL,679358,Eric Orze,19,P,1.1,0,0,0,0,1,0,5,21,11,0,0,0,
2026,,2026-03-28,824862,home,BAL,MIN,680694,Kyle Bradish,38,P,4.2,3,2,2,1,3,4,19,83,50,0,1,0,
2026,,2026-03-28,824862,home,BAL,MIN,682274,Yaramil Hiraldo,76,P,0.1,0,0,0,0,0,1,1,3,3,0,0,0,
2026,,2026-03-28,824862,home,BAL,MIN,689296,Anthony Nunez,66,P,2.0,0,0,0,0,0,3,6,22,16,0,0,0,
2026,,2026-03-28,824862,home,BAL,MIN,666974,Yennier Cano,78,P,0.1,0,0,1,0,0,1,2,8,5,0,0,0,
2026,,2026-03-28,824862,home,BAL,MIN,608650,Dietrich Enns,71,P,1.2,1,1,1,0,1,1,7,33,17,0,0,0,
2026,,2026-03-28,823488,away,TEX,PHI,641302,Tyler Alexander,13,P,1.0,1,0,1,0,0,1,5,21,11,0,0,1,
2026,,2026-03-28,823488,away,TEX,PHI,656641,Jacob Latz,67,P,4.0,0,0,0,0,1,3,14,68,42,0,0,0,
2026,,2026-03-28,823488,away,TEX,PHI,656222,Jalen Beeks,68,P,1.0,0,0,0,0,0,1,3,7,7,0,0,0,
2026,,2026-03-28,823488,away,TEX,PHI,676395,Robert Garcia,62,P,0.2,2,0,1,0,1,1,4,18,12,0,0,0,
2026,,2026-03-28,823488,away,TEX,PHI,596001,Jakob Junis,16,P,2.0,0,0,0,0,0,2,6,23,16,0,0,0,
2026,,2026-03-28,823488,away,TEX,PHI,668390,Cole Winn,60,P,1.0,0,0,1,0,1,2,5,19,13,0,0,0,
2026,,2026-03-28,823488,away,TEX,PHI,455119,Chris Martin,31,P,0.1,1,0,2,0,0,1,3,12,10,1,0,0,
2026,,2026-03-28,823488,home,PHI,TEX,621237,José Alvarado,46,P,1.0,0,0,1,0,0,2,4,18,12,0,0,0,
2026,,2026-03-28,823488,home,PHI,TEX,661395,Jhoan Duran,59,P,1.0,2,1,2,0,0,2,5,22,13,0,1,0,
2026,,2026-03-28,823488,home,PHI,TEX,641835,Tim Mayza,37,P,2.0,0,0,1,0,1,2,8,32,18,0,0,0,
2026,,2026-03-28,823488,home,PHI,TEX,621383,Tanner Banks,58,P,1.0,0,0,1,0,0,0,3,10,7,0,0,0,
2026,,2026-03-28,823488,home,PHI,TEX,605400,Aaron Nola,27,P,5.0,3,3,5,2,2,7,22,91,62,0,0,0,
2026,,2026-03-28,824540,away,BOS,CIN,669711,Greg Weissert,57,P,1.0,1,1,2,1,1,2,6,27,15,0,0,0,
2026,,2026-03-28,824540,away,BOS,CIN,676477,Garrett Whitlock,22,P,1.0,0,0,0,0,0,1,3,6,5,0,0,0,
2026,,2026-03-28,824540,away,BOS,CIN,543243,Sonny Gray,54,P,4.0,4,3,6,1,1,5,20,80,51,0,0,0,
2026,,2026-03-28,824540,away,BOS,CIN,686580,Justin Slaten,,P,0.1,1,0,1,0,1,1,3,11,7,0,1,0,
2026,,2026-03-28,824540,away,BOS,CIN,543056,Danny Coulombe,67,P,0.2,0,0,1,0,1,1,4,14,8,0,0,0,
2026,,2026-03-28,824540,away,BOS,CIN,547973,Aroldis Chapman,44,P,1.0,0,0,0,0,0,1,3,9,6,0,0,0,
2026,,2026-03-28,824540,away,BOS,CIN,670245,Ryan Watson,56,P,2.1,0,0,0,0,3,1,10,51,27,0,0,0,
2026,,2026-03-28,824540,home,CIN,BOS,572955,Pierce Johnson,52,P,0.2,0,0,1,0,0,0,3,7,6,0,0,0,
2026,,2026-03-28,824540,home,CIN,BOS,641941,Emilio Pagán,15,P,1.1,1,1,1,1,0,2,5,22,16,0,0,0,
2026,,2026-03-28,824540,home,CIN,BOS,663574,Tony Santillan,64,P,1.0,0,0,0,0,2,3,5,25,13,0,0,0,
2026,,2026-03-28,824540,home,CIN,BOS,663903,Brady Singer,51,P,4.0,3,3,5,1,2,5,20,74,40,0,0,0,
2026,,2026-03-28,824540,home,CIN,BOS,683175,Connor Phillips,34,P,2.0,0,0,0,0,0,3,5,23,16,1,0,0,
2026,,2026-03-28,824540,home,CIN,BOS,668933,Graham Ashcraft,23,P,1.0,1,1,1,0,1,2,5,19,12,0,0,0,
2026,,2026-03-28,824540,home,CIN,BOS,594580,Sam Moll,50,P,1.0,0,0,0,0,0,0,4,15,8,0,0,0,
2026,,2026-03-28,823651,away,PIT,NYM,642397,Gregory Soto,31,P,1.1,0,0,0,0,1,3,5,27,15,0,0,0,
2026,,2026-03-28,823651,away,PIT,NYM,656605,Mitch Keller,23,P,6.0,0,0,3,0,0,3,21,77,49,0,0,0,
2026,,2026-03-28,823651,away,PIT,NYM,642701,Dennis Santana,60,P,1.0,0,0,0,0,1,0,3,18,8,0,0,0,
2026,,2026-03-28,823651,away,PIT,NYM,664875,Justin Lawrence,61,P,0.2,0,0,0,0,2,2,4,23,11,0,0,0,
2026,,2026-03-28,823651,away,PIT,NYM,682995,Hunter Barco,45,P,1.0,4,2,3,1,1,0,8,24,12,0,1,0,
2026,,2026-03-28,823651,home,NYM,PIT,623211,Huascar Brazobán,43,P,0.2,0,0,0,0,0,1,2,4,4,0,0,0,
2026,,2026-03-28,823651,home,NYM,PIT,663992,Richard Lovelady,55,P,1.0,1,0,2,0,0,1,5,21,14,1,0,0,
2026,,2026-03-28,823651,home,NYM,PIT,596133,Luke Weaver,30,P,1.0,0,0,1,0,0,0,4,16,8,0,0,0,
2026,,2026-03-28,823651,home,NYM,PIT,642207,Devin Williams,38,P,1.0,0,0,1,0,1,2,5,19,11,0,0,0,
2026,,2026-03-28,823651,home,NYM,PIT,656849,David Peterson,23,P,5.1,0,0,6,0,2,3,25,76,51,0,0,0,
2026,,2026-03-28,823651,home,NYM,PIT,548384,Brooks Raley,25,P,1.0,0,0,0,0,0,2,3,11,8,0,0,0,
2026,,2026-03-28,823651,home,NYM,PIT,472610,Luis García,40,P,1.0,1,0,2,0,1,0,6,19,13,0,0,0,
2026,,2026-03-28,823892,away,COL,MIA,657514,Brennan Bernardino,83,P,0.2,0,0,1,0,0,0,3,12,6,0,0,0,
2026,,2026-03-28,823892,away,COL,MIA,688642,Zach Agnos,36,P,1.1,0,0,0,0,1,2,5,30,18,0,0,0,
2026,,2026-03-28,823892,away,COL,MIA,547179,Michael Lorenzen,24,P,4.1,3,3,7,1,0,4,22,93,58,0,0,0,
2026,,2026-03-28,823892,away,COL,MIA,677955,Jaden Hill,0,P,1.2,1,1,2,0,0,1,6,23,15,0,1,0,
2026,,2026-03-28,823892,home,MIA,COL,664126,Pete Fairbanks,29,P,1.0,0,0,0,0,0,1,3,9,6,0,0,1,
2026,,2026-03-28,823892,home,MIA,COL,676534,Calvin Faucher,53,P,1.0,0,0,1,0,0,1,4,12,10,1,0,0,
2026,,2026-03-28,823892,home,MIA,COL,691587,Eury Pérez,39,P,7.0,3,3,5,2,1,8,27,93,59,0,0,0,
2026,,2026-03-28,824213,away,LAA,HOU,664192,Joey Lucchesi,67,P,0.1,2,2,3,0,2,0,6,25,14,0,0,0,
2026,,2026-03-28,824213,away,LAA,HOU,700712,Walbert Ureña,57,P,1.0,6,0,4,0,2,1,11,48,28,0,1,0,
2026,,2026-03-28,824213,away,LAA,HOU,672282,Reid Detmers,48,P,4.2,3,3,6,0,0,9,21,95,69,0,0,0,
2026,,2026-03-28,824213,away,LAA,HOU,608718,Brent Suter,37,P,2.0,0,0,0,0,1,2,6,24,15,0,0,0,
2026,,2026-03-28,824213,home,HOU,LAA,650556,Bryan Abreu,52,P,1.0,3,3,1,1,2,3,6,26,12,0,0,0,
2026,,2026-03-28,824213,home,HOU,LAA,678906,Kai-Wei Teng,17,P,2.1,0,0,1,0,1,2,9,39,19,1,0,0,
2026,,2026-03-28,824213,home,HOU,LAA,664299,Cristian Javier,53,P,4.2,6,6,4,2,4,1,21,74,41,0,0,0,
2026,,2026-03-28,824213,home,HOU,LAA,687911,Bryan King,74,P,1.0,0,0,0,0,1,2,4,17,12,0,0,0,
2026,,2026-03-28,823811,away,CHW,MIL,699151,Jedixson Paez,63,P,0.1,0,0,0,0,0,0,1,1,1,0,0,0,
2026,,2026-03-28,823811,away,CHW,MIL,691799,Grant Taylor,31,P,1.0,1,1,2,0,1,1,6,26,16,0,0,0,
2026,,2026-03-28,823811,away,CHW,MIL,622554,Seranthony Domínguez,58,P,1.0,0,0,1,0,0,0,4,13,7,0,0,0,
2026,,2026-03-28,823811,away,CHW,MIL,669684,Chris Murphy,38,P,1.0,0,0,0,0,1,1,4,15,9,0,0,0,
2026,,2026-03-28,823811,away,CHW,MIL,680732,Sean Burke,59,P,4.0,4,3,7,0,1,5,20,91,59,0,1,0,
2026,,2026-03-28,823811,away,CHW,MIL,663542,Bryan Hudson,60,P,0.2,1,1,2,0,2,2,6,33,16,0,0,0,
2026,,2026-03-28,823811,home,MIL,CHW,694477,Chad Patrick,39,P,4.1,1,1,5,1,1,4,19,74,48,0,0,0,
2026,,2026-03-28,823811,home,MIL,CHW,682842,Abner Uribe,45,P,1.0,0,0,0,0,0,2,3,14,10,0,0,0,
2026,,2026-03-28,823811,home,MIL,CHW,676879,Aaron Ashby,26,P,1.2,0,0,0,0,2,4,7,33,20,1,0,0,
2026,,2026-03-28,823811,home,MIL,CHW,669084,DL Hall,37,P,1.0,0,0,0,0,1,1,3,18,9,0,0,0,
2026,,2026-03-28,823811,home,MIL,CHW,672582,Angel Zerpa,61,P,1.0,0,0,2,0,0,0,4,17,10,0,0,0,
2026,,2026-03-28,824945,away,KCR,ATL,668674,Lucas Erceg,60,P,1.0,0,0,1,0,1,0,4,12,6,0,0,0,
2026,,2026-03-28,824945,away,KCR,ATL,621381,Matt Strahm,25,P,1.0,0,0,1,0,0,1,4,13,12,0,0,0,
2026,,2026-03-28,824945,away,KCR,ATL,608032,Carlos Estévez,53,P,0.1,6,6,4,1,2,0,7,27,12,0,1,0,
2026,,2026-03-28,824945,away,KCR,ATL,608379,Michael Wacha,52,P,6.0,0,0,3,0,1,7,20,80,57,0,0,0,
2026,,2026-03-28,824945,home,ATL,KCR,669276,Dylan Lee,52,P,1.0,0,0,1,0,0,2,4,18,11,0,0,0,
2026,,2026-03-28,824945,home,ATL,KCR,606303,Joel Payamps,34,P,0.1,1,0,1,0,1,0,3,15,8,0,0,0,
2026,,2026-03-28,824945,home,ATL,KCR,674370,Osvaldo Bido,70,P,1.0,0,0,0,0,0,3,3,16,12,1,0,0,
2026,,2026-03-28,824945,home,ATL,KCR,607481,Aaron Bummer,49,P,0.2,0,0,0,0,0,0,3,12,8,0,0,0,
2026,,2026-03-28,824945,home,ATL,KCR,625643,Reynaldo López,40,P,6.0,1,1,3,1,2,3,22,77,47,0,0,0,
2026,,2026-03-28,823241,away,NYY,SFG,657612,Tim Hill,41,P,1.1,0,0,1,0,0,1,4,11,8,0,0,0,
2026,,2026-03-28,823241,away,NYY,SFG,687396,Brent Headrick,47,P,0.2,0,0,1,0,0,1,3,14,10,0,0,0,
2026,,2026-03-28,823241,away,NYY,SFG,701542,Will Warren,29,P,4.1,1,1,5,0,2,3,19,83,54,0,0,0,
2026,,2026-03-28,823241,away,NYY,SFG,656234,Jake Bird,59,P,1.2,0,0,1,0,0,2,5,18,12,1,0,0,
2026,,2026-03-28,823241,away,NYY,SFG,670280,David Bednar,53,P,1.0,0,0,1,0,1,1,4,20,12,0,0,1,
2026,,2026-03-28,823241,home,SFG,NYY,664141,JT Brubaker,34,P,0.1,0,0,0,0,0,0,1,2,1,0,0,0,
2026,,2026-03-28,823241,home,SFG,NYY,641816,Tyler Mahle,54,P,4.0,2,2,5,0,1,5,17,80,50,0,1,0,
2026,,2026-03-28,823241,home,SFG,NYY,676254,Ryan Walker,74,P,1.0,0,0,0,0,0,1,3,15,9,0,0,0,
2026,,2026-03-28,823241,home,SFG,NYY,676775,Keaton Winn,67,P,1.0,0,0,0,0,0,1,3,9,7,0,0,0,
2026,,2026-03-28,823241,home,SFG,NYY,621366,Ryan Borucki,47,P,1.0,1,1,1,1,0,1,4,15,11,0,0,0,
2026,,2026-03-28,823241,home,SFG,NYY,669062,Erik Miller,68,P,0.2,0,0,1,0,1,1,4,20,9,0,0,0,
2026,,2026-03-28,823241,home,SFG,NYY,657424,Matt Gage,93,P,1.0,0,0,0,0,0,1,3,8,6,0,0,0,
2026,,2026-03-28,823323,away,DET,SDP,676428,Brant Hurter,48,P,1.0,0,0,2,0,0,1,5,12,9,0,0,0,
2026,,2026-03-28,823323,away,DET,SDP,656427,Jack Flaherty,9,P,4.1,3,2,4,0,4,2,21,89,49,0,1,0,
2026,,2026-03-28,823323,away,DET,SDP,657756,Connor Seabold,43,P,2.1,0,0,1,0,0,3,8,50,36,0,0,0,
2026,,2026-03-28,823323,away,DET,SDP,676684,Will Vest,19,P,0.1,0,0,0,0,0,0,1,4,3,0,0,0,
2026,,2026-03-28,823323,home,SDP,DET,695243,Mason Miller,22,P,1.0,0,0,0,0,1,2,4,18,12,0,0,1,
2026,,2026-03-28,823323,home,SDP,DET,606996,Kyle Hart,68,P,2.0,0,0,0,0,0,3,6,23,14,0,0,0,
2026,,2026-03-28,823323,home,SDP,DET,681190,Randy Vásquez,98,P,6.0,0,0,2,0,3,8,23,91,59,1,0,0,
2026,,2026-03-28,823973,away,ARI,LAD,593958,Eduardo Rodriguez,57,P,5.0,1,0,4,0,2,5,20,79,50,0,0,0,
2026,,2026-03-28,823973,away,ARI,LAD,666661,Juan Morillo,62,P,0.2,2,2,1,1,1,0,4,22,12,0,1,0,
2026,,2026-03-28,823973,away,ARI,LAD,605452,Joe Ross,22,P,1.0,0,0,0,0,0,0,3,14,7,0,0,0,
2026,,2026-03-28,823973,away,ARI,LAD,642528,Jonathan Loáisiga,43,P,1.0,0,0,1,0,0,1,4,18,9,0,0,0,
2026,,2026-03-28,823973,away,ARI,LAD,623149,Paul Sewald,38,P,0.1,0,0,0,0,0,0,1,5,5,0,0,0,
2026,,2026-03-28,823973,home,LAD,ARI,607192,Tyler Glasnow,31,P,6.0,2,2,4,0,1,6,23,90,57,0,0,0,
2026,,2026-03-28,823973,home,LAD,ARI,681911,Alex Vesia,51,P,1.0,0,0,0,0,0,0,3,12,9,0,0,0,
2026,,2026-03-28,823973,home,LAD,ARI,694361,Will Klein,61,P,1.0,0,0,1,0,0,1,4,15,10,1,0,0,
2026,,2026-03-28,823973,home,LAD,ARI,621242,Edwin Díaz,3,P,1.0,0,0,0,0,0,0,3,10,6,0,0,1,
2026,,2026-03-28,823161,away,CLE,SEA,542888,Shawn Armstrong,43,P,1.1,0,0,0,0,1,1,4,19,10,0,0,0,
2026,,2026-03-28,823161,away,CLE,SEA,641401,Connor Brogdon,75,P,1.0,2,1,1,1,0,2,4,17,11,0,0,1,
2026,,2026-03-28,823161,away,CLE,SEA,670036,Matt Festa,52,P,1.2,0,0,0,0,0,1,5,14,11,0,0,0,
2026,,2026-03-28,823161,away,CLE,SEA,671922,Cade Smith,36,P,1.0,1,1,2,0,1,2,6,28,16,1,0,0,
2026,,2026-03-28,823161,away,CLE,SEA,676282,Joey Cantillo,54,P,3.2,2,2,4,0,3,5,18,91,55,0,0,0,
2026,,2026-03-28,823161,away,CLE,SEA,681870,Erik Sabrowski,62,P,0.2,0,0,0,0,2,1,4,20,11,0,0,0,
2026,,2026-03-28,823161,away,CLE,SEA,682120,Tim Herrin,29,P,0.2,0,0,2,0,0,0,4,19,11,0,0,0,
2026,,2026-03-28,823161,home,SEA,CLE,668984,Casey Legumina,64,P,1.0,0,0,1,0,0,1,4,23,15,0,0,0,
2026,,2026-03-28,823161,home,SEA,CLE,677961,Cole Wilcox,43,P,1.0,0,0,0,0,0,1,3,10,9,0,0,0,
2026,,2026-03-28,823161,home,SEA,CLE,693433,Bryan Woo,22,P,6.0,2,2,4,0,1,9,23,83,59,0,0,0,
2026,,2026-03-28,823161,home,SEA,CLE,662253,Andrés Muñoz,75,P,1.0,3,2,2,1,0,1,5,20,13,0,1,0,
2026,,2026-03-28,823161,home,SEA,CLE,642100,Gabe Speier,55,P,0.1,0,0,0,0,0,0,1,3,2,0,0,0,
2026,,2026-03-28,823161,home,SEA,CLE,660825,Eduard Bazardo,83,P,0.2,1,1,1,0,2,1,5,24,11,0,0,0,
2026,,2026-03-29,824864,away,MIN,BAL,607455,Anthony Banda,43,P,0.2,0,0,0,0,0,0,1,3,2,0,0,0,
2026,,2026-03-29,824864,away,MIN,BAL,641927,Bailey Ober,17,P,4.0,3,3,4,1,1,1,17,56,37,0,0,0,
2026,,2026-03-29,824864,away,MIN,BAL,690953,Mick Abel,20,P,3.1,5,5,8,0,4,4,20,81,52,0,1,0,
2026,,2026-03-29,824864,home,BAL,MIN,669330,Tyler Wells,68,P,0.2,1,1,2,0,2,2,6,27,16,0,0,0,
2026,,2026-03-29,824864,home,BAL,MIN,670329,Rico Garcia,50,P,0.1,0,0,0,0,0,1,1,8,5,1,0,0,
2026,,2026-03-29,824864,home,BAL,MIN,669358,Shane Baz,34,P,5.1,4,4,7,0,0,4,21,78,53,0,0,0,
2026,,2026-03-29,824864,home,BAL,MIN,682274,Yaramil Hiraldo,76,P,0.1,1,1,1,1,3,1,5,20,8,0,0,0,
2026,,2026-03-29,824864,home,BAL,MIN,664854,Ryan Helsley,21,P,1.0,0,0,1,0,0,1,5,20,11,0,0,1,
2026,,2026-03-29,824864,home,BAL,MIN,664991,Grant Wolfram,48,P,1.0,0,0,1,0,0,2,4,19,12,0,0,0,
2026,,2026-03-29,824864,home,BAL,MIN,666974,Yennier Cano,78,P,0.1,0,0,0,0,0,1,1,9,6,0,0,0,
2026,,2026-03-29,823487,away,TEX,PHI,676395,Robert Garcia,62,P,1.0,0,0,0,0,1,1,3,14,8,0,0,0,
2026,,2026-03-29,823487,away,TEX,PHI,669022,MacKenzie Gore,1,P,5.1,2,2,2,0,3,7,22,90,54,1,0,0,
2026,,2026-03-29,823487,away,TEX,PHI,691945,Carter Baumler,45,P,1.2,1,1,1,0,4,2,9,43,22,0,0,0,
2026,,2026-03-29,823487,away,TEX,PHI,668390,Cole Winn,60,P,0.2,0,0,0,0,0,0,2,11,7,0,0,0,
2026,,2026-03-29,823487,away,TEX,PHI,455119,Chris Martin,31,P,0.1,0,0,0,0,0,0,1,3,1,0,0,0,
2026,,2026-03-29,823487,home,PHI,TEX,666200,Jesús Luzardo,44,P,6.0,6,6,6,2,1,7,25,99,59,0,1,0,
2026,,2026-03-29,823487,home,PHI,TEX,647315,Zach Pop,56,P,1.0,2,2,1,0,1,1,6,25,14,0,0,0,
2026,,2026-03-29,823487,home,PHI,TEX,641745,Brad Keller,40,P,1.0,0,0,0,0,0,1,3,16,11,0,0,0,
2026,,2026-03-29,823487,home,PHI,TEX,679775,Kyle Backhus,19,P,1.0,0,0,1,0,1,1,5,21,14,0,0,0,
2026,,2026-03-29,824944,away,KCR,ATL,668674,Lucas Erceg,60,P,1.0,0,0,1,0,0,1,3,12,7,0,0,1,
2026,,2026-03-29,824944,away,KCR,ATL,621381,Matt Strahm,25,P,0.2,0,0,0,0,0,0,2,4,4,0,0,0,
2026,,2026-03-29,824944,away,KCR,ATL,607625,Seth Lugo,67,P,6.1,0,0,5,0,0,3,24,77,55,1,0,0,
2026,,2026-03-29,824944,away,KCR,ATL,670167,John Schreiber,46,P,1.0,1,1,1,1,0,1,4,23,14,0,0,0,
2026,,2026-03-29,824944,home,ATL,KCR,800311,Didier Fuentes,72,P,4.0,1,1,2,0,1,4,15,56,36,0,0,0,
2026,,2026-03-29,824944,home,ATL,KCR,656550,Grant Holmes,66,P,5.0,3,3,5,1,2,4,22,76,45,0,1,0,
2026,,2026-03-29,822837,away,ATH,TOR,669372,J.T. Ginn,35,P,3.2,0,0,1,0,1,2,12,45,31,0,0,0,
2026,,2026-03-29,822837,away,ATH,TOR,806960,Luis Morales,19,P,4.1,5,5,5,3,2,5,20,71,41,0,1,0,
2026,,2026-03-29,822837,home,TOR,ATH,667297,Tommy Nance,45,P,0.2,0,0,1,0,0,1,3,9,7,0,0,0,
2026,,2026-03-29,822837,home,TOR,ATH,641778,Eric Lauer,56,P,5.1,2,2,3,1,1,9,20,87,58,1,0,0,
2026,,2026-03-29,822837,home,TOR,ATH,656546,Jeff Hoffman,23,P,1.0,0,0,1,0,0,2,4,10,9,0,0,1,
2026,,2026-03-29,822837,home,TOR,ATH,689254,Mason Fluharty,68,P,0.1,0,0,0,0,0,1,1,5,3,0,0,0,
2026,,2026-03-29,822837,home,TOR,ATH,680755,Braydon Fisher,63,P,1.2,0,0,0,0,0,2,5,22,16,0,0,0,
2026,,2026-03-29,824538,away,BOS,CIN,813349,Connelly Early,71,P,5.1,1,1,5,0,2,6,21,96,61,0,0,0,
2026,,2026-03-29,824538,away,BOS,CIN,669711,Greg Weissert,57,P,0.2,2,2,1,1,1,1,4,15,10,0,1,0,
2026,,2026-03-29,824538,away,BOS,CIN,663558,Jovani Morán,47,P,2.0,0,0,1,0,1,2,8,25,16,0,0,0,
2026,,2026-03-29,824538,home,CIN,BOS,572955,Pierce Johnson,52,P,0.2,0,0,1,0,0,0,3,13,9,0,0,0,
2026,,2026-03-29,824538,home,CIN,BOS,641941,Emilio Pagán,15,P,1.0,0,0,1,0,1,0,5,12,6,0,0,1,
2026,,2026-03-29,824538,home,CIN,BOS,663574,Tony Santillan,64,P,1.0,0,0,1,0,2,2,5,27,14,0,0,0,
2026,,2026-03-29,824538,home,CIN,BOS,695076,Rhett Lowder,25,P,5.0,2,2,3,1,2,5,20,86,56,0,0,0,
2026,,2026-03-29,824538,home,CIN,BOS,656271,Brock Burke,49,P,1.1,0,0,1,0,1,0,5,27,15,1,0,0,
2026,,2026-03-29,823647,away,PIT,NYM,682254,Mason Montgomery,46,P,1.0,0,0,2,0,0,3,5,20,16,0,0,0,
2026,,2026-03-29,823647,away,PIT,NYM,670990,Yohan Ramírez,49,P,1.2,0,0,0,0,1,2,5,22,13,0,0,0,
2026,,2026-03-29,823647,away,PIT,NYM,676755,Isaac Mattson,72,P,1.0,0,0,0,0,0,2,3,13,9,0,0,0,
2026,,2026-03-29,823647,away,PIT,NYM,669387,Carmen Mlodzinski,50,P,4.1,2,2,6,0,0,8,20,85,55,0,0,0,
2026,,2026-03-29,823647,away,PIT,NYM,642701,Dennis Santana,60,P,1.0,0,0,0,0,0,1,3,13,9,1,0,0,
2026,,2026-03-29,823647,away,PIT,NYM,664353,José Urquidy,65,P,1.0,1,0,1,0,1,0,4,11,6,0,0,1,
2026,,2026-03-29,823647,home,NYM,PIT,640455,Sean Manaea,59,P,1.1,0,0,1,0,2,2,7,29,15,0,0,0,
2026,,2026-03-29,823647,home,NYM,PIT,623211,Huascar Brazobán,43,P,1.2,0,0,0,0,0,0,5,14,11,0,0,0,
2026,,2026-03-29,823647,home,NYM,PIT,663992,Richard Lovelady,55,P,1.0,2,1,2,0,2,1,6,26,13,0,1,0,
2026,,2026-03-29,823647,home,NYM,PIT,596133,Luke Weaver,30,P,1.0,0,0,0,0,2,1,5,22,12,0,0,0,
2026,,2026-03-29,823647,home,NYM,PIT,690997,Nolan McLean,26,P,5.0,2,2,4,1,2,8,22,84,52,0,0,0,
2026,,2026-03-29,823891,away,COL,MIA,680767,Victor Vodnik,38,P,1.0,2,2,3,1,0,1,6,11,9,0,1,0,
2026,,2026-03-29,823891,away,COL,MIA,623474,Jimmy Herget,44,P,0.2,0,0,0,0,0,2,2,8,6,0,0,0,
2026,,2026-03-29,823891,away,COL,MIA,500779,Jose Quintana,62,P,4.1,2,2,4,0,4,2,19,78,42,0,0,0,
2026,,2026-03-29,823891,away,COL,MIA,622608,Antonio Senzatela,49,P,2.2,0,0,1,0,1,3,10,43,27,0,0,0,
2026,,2026-03-29,823891,home,MIA,COL,663969,Tyler Phillips,30,P,2.0,0,0,1,0,0,2,8,22,14,0,0,0,
2026,,2026-03-29,823891,home,MIA,COL,676974,Max Meyer,23,P,5.0,3,3,5,0,2,5,23,81,57,0,0,0,
2026,,2026-03-29,823891,home,MIA,COL,667463,John King,47,P,1.0,0,0,0,0,0,2,3,14,9,0,0,0,
2026,,2026-03-29,823891,home,MIA,COL,656848,Michael Petersen,49,P,1.0,0,0,0,0,0,2,3,11,9,1,0,0,
2026,,2026-03-29,824215,away,LAA,HOU,681217,Chase Silseth,63,P,1.0,0,0,1,0,0,1,4,14,10,0,0,0,
2026,,2026-03-29,824215,away,LAA,HOU,686799,Jack Kochanowicz,41,P,4.0,6,5,4,0,5,3,22,94,55,0,0,0,
2026,,2026-03-29,824215,away,LAA,HOU,519141,Drew Pomeranz,13,P,1.0,3,3,2,0,2,0,8,17,10,0,1,0,
2026,,2026-03-29,824215,away,LAA,HOU,696147,Sam Bachman,40,P,2.0,0,0,0,0,2,2,8,34,18,0,0,0,
2026,,2026-03-29,824215,home,HOU,LAA,650556,Bryan Abreu,52,P,0.1,1,1,0,0,2,0,3,14,4,0,0,0,
2026,,2026-03-29,824215,home,HOU,LAA,685005,Christian Roa,73,P,0.1,0,0,0,0,0,1,1,3,3,0,0,0,
2026,,2026-03-29,824215,home,HOU,LAA,595345,Steven Okert,48,P,1.0,0,0,0,0,1,0,3,15,9,0,0,0,
2026,,2026-03-29,824215,home,HOU,LAA,805123,AJ Blubaugh,69,P,2.0,0,0,0,0,0,2,6,23,17,1,0,0,
2026,,2026-03-29,824215,home,HOU,LAA,837227,Tatsuya Imai,45,P,2.2,4,4,3,0,4,4,15,74,36,0,0,0,
2026,,2026-03-29,824215,home,HOU,LAA,687911,Bryan King,74,P,0.2,0,0,1,0,0,2,3,18,14,0,0,1,
2026,,2026-03-29,824215,home,HOU,LAA,682610,Roddery Muñoz,46,P,2.0,2,2,3,1,1,4,10,47,30,0,0,0,
2026,,2026-03-29,823810,away,CHW,MIL,641743,Anthony Kay,18,P,4.2,2,2,3,1,4,5,21,92,54,0,0,0,
2026,,2026-03-29,823810,away,CHW,MIL,691799,Grant Taylor,31,P,1.0,0,0,1,0,1,3,5,24,14,0,0,0,
2026,,2026-03-29,823810,away,CHW,MIL,622554,Seranthony Domínguez,58,P,0.1,2,2,2,1,1,0,4,19,10,0,1,0,
2026,,2026-03-29,823810,away,CHW,MIL,669684,Chris Murphy,38,P,0.1,4,4,3,0,1,1,5,17,10,0,0,0,
2026,,2026-03-29,823810,away,CHW,MIL,673929,Jordan Leasure,49,P,1.1,1,1,2,0,0,2,6,26,19,0,0,0,
2026,,2026-03-29,823810,away,CHW,MIL,663855,Jordan Hicks,44,P,0.1,0,0,0,0,0,1,1,3,3,0,0,0,
2026,,2026-03-29,823810,home,MIL,CHW,681982,Grant Anderson,56,P,2.0,0,0,1,0,1,3,8,31,19,0,0,0,
2026,,2026-03-29,823810,home,MIL,CHW,687075,Brandon Sproat,23,P,3.0,7,7,6,3,4,3,18,86,50,0,0,0,
2026,,2026-03-29,823810,home,MIL,CHW,663765,Jake Woodford,41,P,2.0,0,0,1,0,0,1,6,22,14,1,0,0,
2026,,2026-03-29,823810,home,MIL,CHW,657649,Jared Koenig,47,P,1.0,0,0,0,0,0,3,3,13,9,0,0,0,
2026,,2026-03-29,823810,home,MIL,CHW,656730,Trevor Megill,29,P,1.0,0,0,1,0,0,2,4,15,11,0,0,1,
2026,,2026-03-29,823079,away,TBR,STL,571927,Steven Matz,32,P,5.0,4,4,6,1,1,2,21,81,50,1,0,0,
2026,,2026-03-29,823079,away,TBR,STL,669438,Mason Englert,59,P,1.0,3,3,3,2,0,1,6,24,16,0,0,0,
2026,,2026-03-29,823079,away,TBR,STL,664076,Garrett Cleavinger,60,P,1.0,0,0,1,0,2,1,6,23,13,0,0,0,
2026,,2026-03-29,823079,away,TBR,STL,687330,Kevin Kelly,49,P,1.0,0,0,1,0,0,1,4,10,8,0,0,0,
2026,,2026-03-29,823079,away,TBR,STL,641329,Bryan Baker,47,P,1.0,0,0,0,0,0,0,3,10,8,0,0,0,
2026,,2026-03-29,823079,home,STL,TBR,690155,Matt Pushard,67,P,1.0,3,3,3,0,1,1,7,31,15,0,0,0,
2026,,2026-03-29,823079,home,STL,TBR,688297,Chris Roycroft,58,P,1.0,2,2,3,0,1,0,8,29,15,0,0,0,
2026,,2026-03-29,823079,home,STL,TBR,677865,Justin Bruihl,47,P,2.0,0,0,1,0,1,2,8,29,17,0,0,0,
2026,,2026-03-29,823079,home,STL,TBR,666277,George Soriano,65,P,1.0,0,0,0,0,0,0,3,12,8,0,0,0,
2026,,2026-03-29,823079,home,STL,TBR,669160,Dustin May,3,P,4.0,6,6,10,0,1,3,22,61,40,0,1,0,
2026,,2026-03-29,824700,away,WSN,CHC,676571,PJ Poulin,50,P,0.2,0,0,0,0,1,1,3,14,8,0,0,0,
2026,,2026-03-29,824700,away,WSN,CHC,690925,Clayton Beeter,39,P,1.0,0,0,0,0,0,0,3,6,6,0,0,1,
2026,,2026-03-29,824700,away,WSN,CHC,672335,Cionel Pérez,51,P,1.0,1,1,1,1,0,1,4,11,8,0,0,0,
2026,,2026-03-29,824700,away,WSN,CHC,663623,Jake Irvin,27,P,5.0,2,2,3,2,1,7,20,93,58,1,0,0,
2026,,2026-03-29,824700,away,WSN,CHC,681402,Gus Varland,47,P,1.1,0,0,0,0,0,1,4,9,7,0,0,0,
2026,,2026-03-29,824700,home,CHC,WSN,694037,Daniel Palencia,48,P,1.0,0,0,2,0,0,1,4,16,9,0,0,0,
2026,,2026-03-29,824700,home,CHC,WSN,571948,Hoby Milner,41,P,1.0,2,2,2,1,0,0,5,17,12,0,0,0,
2026,,2026-03-29,824700,home,CHC,WSN,640451,Hunter Harvey,45,P,1.0,0,0,1,0,0,0,4,10,7,0,0,0,
2026,,2026-03-29,824700,home,CHC,WSN,684007,Shota Imanaga,18,P,5.0,4,4,6,1,2,7,22,82,50,0,1,0,
2026,,2026-03-29,824700,home,CHC,WSN,664208,Phil Maton,88,P,1.0,0,0,0,0,1,1,5,23,14,0,0,0,
2026,,2026-03-29,823160,away,CLE,SEA,677944,Slade Cecconi,44,P,4.1,6,6,6,1,3,5,24,93,56,0,1,0,
2026,,2026-03-29,823160,away,CLE,SEA,670059,Colin Holderman,35,P,2.0,1,0,1,0,1,2,9,35,22,0,0,0,
2026,,2026-03-29,823160,away,CLE,SEA,688883,Peyton Pallette,41,P,1.2,1,1,2,0,1,1,9,38,21,0,0,0,
2026,,2026-03-29,823160,home,SEA,CLE,681867,Cooper Criswell,88,P,3.0,0,0,2,0,0,5,10,44,33,0,0,1,
2026,,2026-03-29,823160,home,SEA,CLE,676106,Emerson Hancock,26,P,6.0,0,0,0,0,1,9,19,97,62,1,0,0,
2026,,2026-03-30,824135,away,MIN,KCR,623437,Justin Topa,48,P,0.2,0,0,0,0,0,1,2,10,6,0,0,0,
2026,,2026-03-30,824135,away,MIN,KCR,680573,Simeon Woods Richardson,24,P,5.0,2,2,5,1,1,2,20,83,45,0,1,0,
2026,,2026-03-30,824135,away,MIN,KCR,573124,Taylor Rogers,55,P,1.0,0,0,0,0,0,1,3,14,8,0,0,0,
2026,,2026-03-30,824135,away,MIN,KCR,681892,Kody Funderburk,57,P,1.1,1,1,2,1,1,3,7,26,15,0,0,0,
2026,,2026-03-30,824135,home,KCR,MIN,663460,Kris Bubic,50,P,6.0,1,1,2,1,3,4,22,75,48,1,0,0,
2026,,2026-03-30,824135,home,KCR,MIN,683232,Nick Mears,31,P,1.0,0,0,1,0,0,1,3,8,6,0,0,0,
2026,,2026-03-30,824135,home,KCR,MIN,663738,Daniel Lynch IV,41,P,1.0,0,0,0,0,0,1,3,9,8,0,0,0,
2026,,2026-03-30,824135,home,KCR,MIN,670167,John Schreiber,46,P,1.0,0,0,1,0,0,0,4,15,9,0,0,1,
2026,,2026-03-30,824863,away,TEX,BAL,641302,Tyler Alexander,13,P,1.0,0,0,0,0,0,2,3,10,7,0,0,1,
2026,,2026-03-30,824863,away,TEX,BAL,683004,Jack Leiter,22,P,6.0,2,2,5,1,1,8,24,92,60,1,0,0,
2026,,2026-03-30,824863,away,TEX,BAL,656222,Jalen Beeks,68,P,1.0,0,0,2,0,0,1,5,13,11,0,0,0,
2026,,2026-03-30,824863,away,TEX,BAL,596001,Jakob Junis,16,P,1.0,0,0,0,0,0,0,3,8,8,0,0,0,
2026,,2026-03-30,824863,home,BAL,TEX,669330,Tyler Wells,68,P,1.0,1,1,3,0,0,1,6,26,19,0,0,0,
2026,,2026-03-30,824863,home,BAL,TEX,670329,Rico Garcia,50,P,2.0,0,0,0,0,0,3,6,21,13,0,0,0,
2026,,2026-03-30,824863,home,BAL,TEX,605135,Chris Bassitt,40,P,4.1,4,4,6,0,4,3,25,100,61,0,1,0,
2026,,2026-03-30,824863,home,BAL,TEX,608650,Dietrich Enns,71,P,1.2,0,0,1,0,1,4,7,34,18,0,0,0,
2026,,2026-03-30,824539,away,PIT,CIN,676755,Isaac Mattson,72,P,1.0,0,0,0,0,1,1,4,15,8,0,0,0,
2026,,2026-03-30,824539,away,PIT,CIN,664875,Justin Lawrence,61,P,1.0,0,0,0,0,0,3,3,16,10,0,0,0,
2026,,2026-03-30,824539,away,PIT,CIN,677952,Braxton Ashcraft,35,P,6.0,2,2,4,0,4,3,25,87,52,0,1,0,
2026,,2026-03-30,824539,home,CIN,PIT,683742,Jose Franco,74,P,1.2,0,0,3,0,0,0,7,35,23,0,0,0,
2026,,2026-03-30,824539,home,CIN,PIT,683175,Connor Phillips,34,P,1.0,0,0,0,0,2,1,5,20,11,0,0,1,
2026,,2026-03-30,824539,home,CIN,PIT,668933,Graham Ashcraft,23,P,1.1,0,0,0,0,0,3,4,18,13,0,0,0,
2026,,2026-03-30,824539,home,CIN,PIT,695505,Chase Burns,26,P,5.0,0,0,1,0,3,7,19,78,46,1,0,0,
2026,,2026-03-30,823484,away,WSN,PHI,669371,Cole Henry,99,P,1.0,0,0,1,0,1,1,5,18,9,0,0,0,
2026,,2026-03-30,823484,away,WSN,PHI,695418,Brad Lord,41,P,3.0,0,0,1,0,1,3,13,51,35,0,0,0,
2026,,2026-03-30,823484,away,WSN,PHI,656492,Foster Griffin,22,P,5.0,2,2,5,1,0,5,21,86,55,1,0,0,
2026,,2026-03-30,823484,home,PHI,WSN,621237,José Alvarado,46,P,0.1,4,4,3,0,2,1,6,29,18,0,0,0,
2026,,2026-03-30,823484,home,PHI,WSN,680742,Jonathan Bowlan,52,P,1.1,2,2,3,0,0,1,6,26,16,0,0,0,
2026,,2026-03-30,823484,home,PHI,WSN,641835,Tim Mayza,37,P,2.0,0,0,0,0,0,2,6,23,18,0,0,0,
2026,,2026-03-30,823484,home,PHI,WSN,592836,Taijuan Walker,99,P,4.2,7,6,10,0,3,2,29,99,63,0,1,0,
2026,,2026-03-30,823484,home,PHI,WSN,664238,Dylan Moore,25,P,0.2,0,0,1,0,0,0,3,8,5,0,0,0,
2026,,2026-03-30,823890,away,CHW,MIA,663436,Davis Martin,65,P,5.0,3,3,5,1,2,6,21,92,54,1,0,0,
2026,,2026-03-30,823890,away,CHW,MIA,656794,Sean Newcomb,15,P,2.2,1,1,3,0,1,5,12,51,31,0,0,0,
2026,,2026-03-30,823890,away,CHW,MIA,663855,Jordan Hicks,44,P,1.1,0,0,0,0,1,1,5,13,7,0,0,1,
2026,,2026-03-30,823890,home,MIA,CHW,669199,Lake Bachar,84,P,3.0,1,1,1,0,1,3,11,42,23,0,0,0,
2026,,2026-03-30,823890,home,MIA,CHW,667463,John King,47,P,1.0,0,0,0,0,1,0,4,11,6,0,0,0,
2026,,2026-03-30,823890,home,MIA,CHW,656848,Michael Petersen,49,P,1.0,0,0,0,0,0,1,3,11,7,0,0,0,
2026,,2026-03-30,823890,home,MIA,CHW,663978,Chris Paddack,33,P,4.0,8,8,8,2,0,6,21,79,52,0,1,0,
2026,,2026-03-30,822834,away,COL,TOR,801403,Chase Dollander,32,P,4.0,4,4,5,3,2,5,19,74,49,1,0,0,
2026,,2026-03-30,822834,away,COL,TOR,608372,Tomoyuki Sugano,11,P,4.2,1,1,2,1,2,4,18,72,43,0,0,0,
2026,,2026-03-30,822834,away,COL,TOR,677955,Jaden Hill,0,P,0.1,0,0,0,0,0,0,1,1,1,0,0,0,
2026,,2026-03-30,822834,home,TOR,COL,693686,Spencer Miles,62,P,1.2,3,3,3,1,1,2,8,41,23,0,0,0,
2026,,2026-03-30,822834,home,TOR,COL,686973,Louis Varland,77,P,1.1,1,0,2,0,0,3,7,30,20,0,1,0,
2026,,2026-03-30,822834,home,TOR,COL,663893,Brendon Little,54,P,0.2,4,4,4,0,1,1,7,30,17,0,0,0,
2026,,2026-03-30,822834,home,TOR,COL,664074,Cody Ponce,66,P,2.1,1,1,1,0,1,3,10,47,30,0,0,0,
2026,,2026-03-30,822834,home,TOR,COL,623168,Tyler Heineman,55,P,2.0,5,5,7,1,1,0,14,27,21,0,0,0,
2026,,2026-03-30,822834,home,TOR,COL,643511,Tyler Rogers,71,P,1.0,0,0,0,0,0,1,3,10,8,0,0,0,
2026,,2026-03-30,824943,away,ATH,ATL,686993,Justin Sterner,60,P,1.0,0,0,0,0,0,2,3,11,9,0,0,0,
2026,,2026-03-30,824943,away,ATH,ATL,547184,Michael Kelly,49,P,1.0,1,1,2,0,0,1,4,15,9,0,0,0,
2026,,2026-03-30,824943,away,ATH,ATL,682052,Jacob Lopez,57,P,4.0,3,3,6,0,5,0,22,91,46,0,1,0,
2026,,2026-03-30,824943,away,ATH,ATL,665660,Elvis Alvarado,37,P,1.0,0,0,1,0,0,1,4,16,11,0,0,0,
2026,,2026-03-30,824943,away,ATH,ATL,643410,Mark Leiter Jr.,38,P,1.0,0,0,1,0,0,0,3,8,8,0,0,0,
2026,,2026-03-30,824943,home,ATL,ATH,663158,Robert Suarez,75,P,1.0,0,0,1,0,0,0,4,18,11,0,0,0,
2026,,2026-03-30,824943,home,ATL,ATH,607481,Aaron Bummer,49,P,1.0,0,0,1,0,0,2,4,13,11,0,0,0,
2026,,2026-03-30,824943,home,ATL,ATH,628452,Raisel Iglesias,26,P,1.0,0,0,0,0,0,0,3,8,7,0,0,0,
2026,,2026-03-30,824943,home,ATL,ATH,693821,Bryce Elder,55,P,6.0,0,0,5,0,1,5,23,83,52,1,0,0,
2026,,2026-03-30,824702,away,LAA,CHC,696270,Ryan Johnson,32,P,3.1,6,6,7,1,4,2,21,80,48,0,1,0,
2026,,2026-03-30,824702,away,LAA,CHC,664192,Joey Lucchesi,67,P,1.2,0,0,1,0,1,2,7,29,17,0,0,0,
2026,,2026-03-30,824702,away,LAA,CHC,641312,Shaun Anderson,64,P,3.0,1,1,1,0,2,1,11,40,22,0,0,0,
2026,,2026-03-30,824702,home,CHC,LAA,665795,Edward Cabrera,30,P,6.0,0,0,1,0,1,5,19,80,49,1,0,0,
2026,,2026-03-30,824702,home,CHC,LAA,607067,Colin Rea,53,P,3.0,2,2,4,1,0,4,13,42,27,0,0,1,
2026,,2026-03-30,823809,away,TBR,MIL,607259,Nick Martinez,28,P,6.0,2,2,6,1,0,3,24,88,59,0,0,0,
2026,,2026-03-30,823809,away,TBR,MIL,693855,Ian Seymour,61,P,0.2,0,0,0,0,0,1,3,8,6,0,0,0,
2026,,2026-03-30,823809,away,TBR,MIL,664076,Garrett Cleavinger,60,P,1.0,0,0,0,0,2,2,5,16,9,1,0,0,
2026,,2026-03-30,823809,away,TBR,MIL,687330,Kevin Kelly,49,P,0.1,0,0,0,0,0,0,1,5,3,0,0,1,
2026,,2026-03-30,823809,away,TBR,MIL,643377,Griffin Jax,22,P,1.0,0,0,0,0,0,1,3,15,9,0,0,0,
2026,,2026-03-30,823809,home,MIL,TBR,690986,Kyle Harrison,52,P,5.0,1,1,4,1,1,8,20,87,64,0,0,0,
2026,,2026-03-30,823809,home,MIL,TBR,676879,Aaron Ashby,26,P,2.0,1,1,2,1,0,3,7,24,15,0,0,0,
2026,,2026-03-30,823809,home,MIL,TBR,672582,Angel Zerpa,61,P,1.0,0,0,0,0,0,2,3,10,7,0,0,0,
2026,,2026-03-30,823809,home,MIL,TBR,656730,Trevor Megill,29,P,1.0,1,1,1,0,1,1,5,20,12,0,1,0,
2026,,2026-03-30,823080,away,NYM,STL,668964,Tobias Myers,32,P,1.1,0,0,0,0,0,3,4,14,10,0,0,0,
2026,,2026-03-30,823080,away,NYM,STL,642207,Devin Williams,38,P,1.0,0,0,0,0,0,1,3,12,10,0,0,1,
2026,,2026-03-30,823080,away,NYM,STL,605280,Clay Holmes,35,P,5.2,2,2,4,1,3,5,23,90,57,1,0,0,
2026,,2026-03-30,823080,away,NYM,STL,548384,Brooks Raley,25,P,1.0,0,0,1,0,0,0,4,17,11,0,0,0,
2026,,2026-03-30,823080,home,STL,NYM,694335,Matt Svanson,49,P,2.0,0,0,1,0,2,3,10,36,20,0,0,0,
2026,,2026-03-30,823080,home,STL,NYM,681517,Kyle Leahy,62,P,5.0,4,4,8,0,2,1,24,79,51,0,1,0,
2026,,2026-03-30,823080,home,STL,NYM,666277,George Soriano,65,P,2.0,0,0,1,0,1,0,8,21,16,0,0,0,
2026,,2026-03-30,824214,away,BOS,HOU,670912,Johan Oviedo,29,P,3.2,4,4,6,2,1,3,18,72,47,0,0,0,
2026,,2026-03-30,824214,away,BOS,HOU,624133,Ranger Suarez,55,P,4.1,4,4,7,2,1,3,20,76,44,0,1,0,
2026,,2026-03-30,824214,home,HOU,BOS,680802,Ryan Weiss,51,P,2.0,0,0,0,0,1,3,7,33,22,0,0,0,
2026,,2026-03-30,824214,home,HOU,BOS,621121,Lance McCullers Jr.,43,P,7.0,1,1,4,0,1,9,24,96,63,1,0,0,
2026,,2026-03-30,823320,away,SFG,SDP,676254,Ryan Walker,74,P,1.0,2,2,1,1,1,1,5,22,11,0,0,1,
2026,,2026-03-30,823320,away,SFG,SDP,676775,Keaton Winn,67,P,1.0,0,0,0,0,0,3,3,13,9,0,0,0,
2026,,2026-03-30,823320,away,SFG,SDP,694738,Landen Roupp,65,P,6.0,0,0,2,0,2,7,21,88,54,1,0,0,
2026,,2026-03-30,823320,away,SFG,SDP,657424,Matt Gage,93,P,1.0,0,0,0,0,0,0,3,15,10,0,0,0,
2026,,2026-03-30,823320,home,SDP,SFG,688158,David Morgan,66,P,2.0,0,0,1,0,1,2,8,20,16,0,0,0,
2026,,2026-03-30,823320,home,SDP,SFG,593974,Wandy Peralta,58,P,1.0,0,0,0,0,0,0,3,14,8,0,0,0,
2026,,2026-03-30,823320,home,SDP,SFG,621111,Walker Buehler,10,P,4.0,3,3,5,1,2,3,19,72,43,0,1,0,
2026,,2026-03-30,823320,home,SDP,SFG,676760,Ron Marinaccio,97,P,2.0,0,0,0,0,0,2,6,29,18,0,0,0,
2026,,2026-03-30,823159,away,NYY,SEA,621112,Paul Blackburn,58,P,1.1,1,1,3,0,1,0,8,22,12,0,1,0,
2026,,2026-03-30,823159,away,NYY,SEA,677960,Ryan Weathers,40,P,4.1,1,1,4,0,2,7,19,77,49,0,0,0,
2026,,2026-03-30,823159,away,NYY,SEA,687396,Brent Headrick,47,P,0.2,0,0,2,0,0,2,4,16,11,0,0,0,
2026,,2026-03-30,823159,away,NYY,SEA,518585,Fernando Cruz,63,P,0.2,0,0,0,0,0,2,2,11,6,0,0,0,
2026,,2026-03-30,823159,away,NYY,SEA,656234,Jake Bird,59,P,1.0,0,0,0,0,0,0,4,14,8,0,0,0,
2026,,2026-03-30,823159,away,NYY,SEA,666808,Camilo Doval,75,P,0.1,0,0,0,0,0,0,1,2,2,0,0,0,
2026,,2026-03-30,823159,home,SEA,NYY,678606,Jose A. Ferrer,45,P,0.1,1,0,1,0,0,0,3,15,10,0,0,0,
2026,,2026-03-30,823159,home,SEA,NYY,666374,Matt Brash,47,P,1.0,0,0,1,0,0,1,4,17,10,1,0,0,
2026,,2026-03-30,823159,home,SEA,NYY,622491,Luis Castillo,58,P,6.0,0,0,3,0,2,7,21,95,58,0,0,0,
2026,,2026-03-30,823159,home,SEA,NYY,642100,Gabe Speier,55,P,1.0,0,0,1,0,0,2,4,16,10,0,0,0,
2026,,2026-03-30,823159,home,SEA,NYY,660825,Eduard Bazardo,83,P,0.2,0,0,0,0,0,0,2,6,4,0,0,0,
2026,,2026-03-30,825108,away,DET,ARI,676428,Brant Hurter,48,P,2.0,1,1,2,1,0,0,8,26,17,0,0,0,
2026,,2026-03-30,825108,away,DET,ARI,663947,Tyler Holton,87,P,1.0,0,0,0,0,2,1,5,19,7,0,0,0,
2026,,2026-03-30,825108,away,DET,ARI,640448,Kyle Finnegan,67,P,0.1,0,0,0,0,0,0,1,5,3,0,0,0,
2026,,2026-03-30,825108,away,DET,ARI,646241,Enmanuel De Jesus,37,P,1.0,3,3,3,0,2,1,9,38,21,0,0,0,
2026,,2026-03-30,825108,away,DET,ARI,434378,Justin Verlander,35,P,3.2,5,5,6,1,2,1,19,80,53,0,1,0,
2026,,2026-03-30,825108,home,ARI,DET,666661,Juan Morillo,62,P,0.1,0,0,0,0,0,0,1,5,2,0,0,0,
2026,,2026-03-30,825108,home,ARI,DET,656464,Kevin Ginkel,37,P,1.0,0,0,0,0,0,1,3,13,8,0,0,0,
2026,,2026-03-30,825108,home,ARI,DET,605452,Joe Ross,22,P,0.2,6,6,5,0,1,1,8,26,14,0,0,0,
2026,,2026-03-30,825108,home,ARI,DET,623149,Paul Sewald,38,P,1.0,0,0,0,0,0,1,3,12,8,0,0,1,
2026,,2026-03-30,825108,home,ARI,DET,647336,Michael Soroka,34,P,5.0,0,0,4,0,1,10,20,89,60,1,0,0,
2026,,2026-03-30,825108,home,ARI,DET,664199,Taylor Clarke,45,P,1.0,0,0,0,0,0,1,3,16,10,0,0,0,
2026,,2026-03-30,825108,home,ARI,DET,657044,Ryan Thompson,81,P,0.0,0,0,1,0,2,0,3,13,2,0,0,0,
2026,,2026-03-30,823972,away,CLE,LAD,542888,Shawn Armstrong,43,P,0.2,0,0,2,0,0,0,4,12,8,0,0,0,
2026,,2026-03-30,823972,away,CLE,LAD,671922,Cade Smith,36,P,1.0,2,2,2,0,0,0,5,29,19,0,0,0,
2026,,2026-03-30,823972,away,CLE,LAD,800048,Parker Messick,77,P,6.0,0,0,5,0,0,5,20,76,51,1,0,0,
2026,,2026-03-30,823972,away,CLE,LAD,681870,Erik Sabrowski,62,P,1.1,0,0,0,0,0,1,4,20,13,0,0,0,
2026,,2026-03-30,823972,home,LAD,CLE,656945,Tanner Scott,66,P,1.0,0,0,1,0,0,2,4,16,12,0,0,0,
2026,,2026-03-30,823972,home,LAD,CLE,680736,Justin Wrobleski,70,P,4.0,3,3,4,0,1,2,17,60,39,0,0,0,
2026,,2026-03-30,823972,home,LAD,CLE,808963,Roki Sasaki,11,P,4.0,1,1,4,0,2,4,18,78,45,0,1,0,
2026,,2026-03-31,824861,away,TEX,BAL,676395,Robert Garcia,62,P,1.0,0,0,0,0,0,1,3,15,11,0,0,0,
2026,,2026-03-31,824861,away,TEX,BAL,594798,Jacob deGrom,48,P,4.2,3,3,6,1,0,7,20,79,56,0,0,0,
2026,,2026-03-31,824861,away,TEX,BAL,596001,Jakob Junis,16,P,1.0,0,0,1,0,0,1,4,15,12,0,0,0,
2026,,2026-03-31,824861,away,TEX,BAL,668390,Cole Winn,60,P,1.1,0,0,0,0,1,1,5,14,9,1,0,0,
2026,,2026-03-31,824861,away,TEX,BAL,455119,Chris Martin,31,P,1.0,2,2,2,0,0,1,6,19,13,0,0,0,
2026,,2026-03-31,824861,home,BAL,TEX,682274,Yaramil Hiraldo,76,P,1.0,3,3,2,1,1,0,6,24,12,0,0,0,
2026,,2026-03-31,824861,home,BAL,TEX,689296,Anthony Nunez,66,P,2.0,1,1,2,1,0,2,8,21,17,0,0,0,
2026,,2026-03-31,824861,home,BAL,TEX,621107,Zach Eflin,24,P,3.2,1,1,4,1,2,7,17,74,44,0,0,0,
2026,,2026-03-31,824861,home,BAL,TEX,664991,Grant Wolfram,48,P,1.1,2,2,3,0,0,2,7,23,16,0,0,0,
2026,,2026-03-31,824861,home,BAL,TEX,666974,Yennier Cano,78,P,1.0,1,1,2,0,0,0,5,9,6,0,1,0,
2026,,2026-03-31,824537,away,PIT,CIN,642397,Gregory Soto,31,P,1.0,0,0,1,0,1,1,6,17,10,0,0,0,
2026,,2026-03-31,824537,away,PIT,CIN,670990,Yohan Ramírez,49,P,0.2,0,0,0,0,0,2,2,10,6,1,0,0,
2026,,2026-03-31,824537,away,PIT,CIN,696149,Bubba Chandler,36,P,4.1,1,0,0,0,6,6,19,81,43,0,0,0,
2026,,2026-03-31,824537,away,PIT,CIN,642701,Dennis Santana,60,P,1.0,0,0,1,0,0,0,3,17,12,0,0,0,
2026,,2026-03-31,824537,away,PIT,CIN,682995,Hunter Barco,45,P,2.0,2,2,4,2,1,3,11,47,24,0,0,0,
2026,,2026-03-31,824537,home,CIN,PIT,572955,Pierce Johnson,52,P,1.0,2,2,2,1,0,1,5,20,14,0,0,0,
2026,,2026-03-31,824537,home,CIN,PIT,682227,Brandon Williamson,55,P,4.2,6,6,6,3,2,3,22,94,53,0,1,0,
2026,,2026-03-31,824537,home,CIN,PIT,594580,Sam Moll,50,P,1.0,0,0,0,0,0,1,3,15,9,0,0,0,
2026,,2026-03-31,824537,home,CIN,PIT,656271,Brock Burke,49,P,2.1,0,0,0,0,1,2,7,20,11,0,0,0,
2026,,2026-03-31,823485,away,WSN,PHI,686610,Ken Waldichuk,52,P,2.0,0,0,1,0,0,0,6,23,15,0,0,0,
2026,,2026-03-31,823485,away,WSN,PHI,676571,PJ Poulin,50,P,1.0,0,0,0,0,0,1,3,9,7,0,0,0,
2026,,2026-03-31,823485,away,WSN,PHI,641793,Zack Littell,18,P,5.0,3,3,6,2,2,1,23,75,53,0,1,0,
2026,,2026-03-31,823485,home,PHI,WSN,661395,Jhoan Duran,59,P,1.0,0,0,1,0,0,2,4,20,12,0,0,1,
2026,,2026-03-31,823485,home,PHI,WSN,621383,Tanner Banks,58,P,1.2,1,1,3,0,0,2,8,37,26,0,0,0,
2026,,2026-03-31,823485,home,PHI,WSN,641745,Brad Keller,40,P,1.0,0,0,0,0,1,0,4,15,9,0,0,0,
2026,,2026-03-31,823485,home,PHI,WSN,691725,Andrew Painter,24,P,5.1,1,1,4,0,1,8,21,84,57,1,0,0,
2026,,2026-03-31,823888,away,CHW,MIA,699151,Jedixson Paez,63,P,1.1,3,3,2,1,1,0,7,28,13,0,0,0,
2026,,2026-03-31,823888,away,CHW,MIA,663542,Bryan Hudson,60,P,1.2,2,1,1,0,1,1,8,25,15,0,0,0,
2026,,2026-03-31,823888,away,CHW,MIA,607200,Erick Fedde,47,P,5.0,4,3,6,0,1,4,21,80,50,0,1,0,
2026,,2026-03-31,823888,home,MIA,CHW,664126,Pete Fairbanks,29,P,1.0,0,0,0,0,0,3,3,15,10,0,0,0,
2026,,2026-03-31,823888,home,MIA,CHW,676534,Calvin Faucher,53,P,1.0,0,0,0,0,0,2,3,17,10,0,0,0,
2026,,2026-03-31,823888,home,MIA,CHW,669622,Anthony Bender,37,P,1.2,0,0,0,0,1,1,6,27,16,1,0,0,
2026,,2026-03-31,823888,home,MIA,CHW,676083,Janson Junk,26,P,4.1,2,2,5,0,1,5,19,79,50,0,0,0,
2026,,2026-03-31,823888,home,MIA,CHW,677053,Andrew Nardi,43,P,1.0,0,0,0,0,0,2,3,14,10,0,0,0,
2026,,2026-03-31,822836,away,COL,TOR,663372,Ryan Feltner,18,P,3.0,0,0,1,0,1,4,11,47,30,0,0,0,
2026,,2026-03-31,822836,away,COL,TOR,657514,Brennan Bernardino,83,P,1.0,0,0,1,0,0,1,4,15,13,0,0,0,
2026,,2026-03-31,822836,away,COL,TOR,675848,Juan Mejia,47,P,1.1,2,2,4,0,1,0,8,38,26,0,1,0,
2026,,2026-03-31,822836,away,COL,TOR,688642,Zach Agnos,36,P,2.0,3,3,7,0,1,3,13,45,33,0,0,0,
2026,,2026-03-31,822836,away,COL,TOR,677955,Jaden Hill,0,P,0.2,0,0,1,0,1,2,4,16,9,0,0,0,
2026,,2026-03-31,822836,home,TOR,COL,656546,Jeff Hoffman,23,P,1.0,0,0,1,0,0,1,4,15,12,0,0,0,
2026,,2026-03-31,822836,home,TOR,COL,453286,Max Scherzer,31,P,6.0,1,1,4,1,1,4,22,83,56,1,0,0,
2026,,2026-03-31,822836,home,TOR,COL,689254,Mason Fluharty,68,P,0.2,0,0,1,0,0,1,3,15,11,0,0,0,
2026,,2026-03-31,822836,home,TOR,COL,680755,Braydon Fisher,63,P,1.1,0,0,1,0,0,0,4,23,14,0,0,0,
2026,,2026-03-31,824942,away,ATH,ATL,686993,Justin Sterner,60,P,1.0,0,0,0,0,1,2,5,28,17,0,0,0,
2026,,2026-03-31,824942,away,ATH,ATL,605130,Scott Barlow,58,P,1.0,0,0,0,0,0,0,3,10,9,0,0,0,
2026,,2026-03-31,824942,away,ATH,ATL,650644,Aaron Civale,45,P,5.0,2,2,4,1,1,3,20,87,55,1,0,0,
2026,,2026-03-31,824942,away,ATH,ATL,663687,Hogan Harris,36,P,1.0,0,0,0,0,2,0,5,23,13,0,0,0,
2026,,2026-03-31,824942,away,ATH,ATL,643410,Mark Leiter Jr.,38,P,1.0,0,0,2,0,0,1,5,13,9,0,0,1,
2026,,2026-03-31,824942,home,ATL,ATH,660761,José Suarez,54,P,3.2,4,4,5,0,3,6,18,66,40,0,1,0,
2026,,2026-03-31,824942,home,ATL,ATH,606303,Joel Payamps,34,P,1.0,1,1,1,1,0,2,4,14,10,0,0,0,
2026,,2026-03-31,824942,home,ATL,ATH,527048,Martín Pérez,33,P,4.1,0,0,2,0,0,3,14,47,31,0,0,0,
2026,,2026-03-31,824699,away,LAA,CHC,681217,Chase Silseth,63,P,1.0,0,0,1,0,1,1,5,14,8,0,0,0,
2026,,2026-03-31,824699,away,LAA,CHC,667755,José Soriano,59,P,6.0,0,0,2,0,2,4,21,90,56,1,0,0,
2026,,2026-03-31,824699,away,LAA,CHC,519141,Drew Pomeranz,13,P,1.1,0,0,1,0,0,2,5,20,14,0,0,0,
2026,,2026-03-31,824699,away,LAA,CHC,605447,Jordan Romano,68,P,0.2,0,0,0,0,1,1,3,12,6,0,0,1,
2026,,2026-03-31,824699,home,CHC,LAA,571948,Hoby Milner,41,P,0.1,0,0,0,0,0,0,1,3,3,0,0,0,
2026,,2026-03-31,824699,home,CHC,LAA,592791,Jameson Taillon,50,P,4.2,0,0,2,0,4,3,20,85,52,0,0,0,
2026,,2026-03-31,824699,home,CHC,LAA,664208,Phil Maton,88,P,0.2,2,2,2,0,2,1,6,28,18,0,1,0,
2026,,2026-03-31,824699,home,CHC,LAA,676962,Ben Brown,32,P,3.1,0,0,1,0,1,5,12,50,39,0,0,0,
2026,,2026-03-31,823807,away,TBR,MIL,663556,Shane McClanahan,18,P,4.2,3,2,2,0,3,4,19,79,50,0,1,0,
2026,,2026-03-31,823807,away,TBR,MIL,642121,Cole Sulser,71,P,1.1,2,2,4,1,0,0,8,31,21,0,0,0,
2026,,2026-03-31,823807,away,TBR,MIL,672782,Yoendrys Gómez,94,P,2.0,1,1,1,1,2,2,9,30,16,0,0,0,
2026,,2026-03-31,823807,home,MIL,TBR,682842,Abner Uribe,45,P,1.0,0,0,1,0,1,0,5,22,12,0,0,0,
2026,,2026-03-31,823807,home,MIL,TBR,681982,Grant Anderson,56,P,1.0,0,0,1,0,0,1,4,19,17,0,0,0,
2026,,2026-03-31,823807,home,MIL,TBR,605540,Brandon Woodruff,53,P,5.0,2,2,4,2,0,6,19,67,45,1,0,0,
2026,,2026-03-31,823807,home,MIL,TBR,672582,Angel Zerpa,61,P,1.0,0,0,0,0,1,0,4,14,8,0,0,0,
2026,,2026-03-31,823807,home,MIL,TBR,657649,Jared Koenig,47,P,1.0,0,0,1,0,0,1,4,16,11,0,0,0,
2026,,2026-03-31,823077,away,NYM,STL,663992,Richard Lovelady,55,P,2.0,1,1,2,1,1,2,9,29,21,0,0,0,
2026,,2026-03-31,823077,away,NYM,STL,673540,Kodai Senga,34,P,6.0,2,2,4,0,3,9,25,92,56,0,1,0,
2026,,2026-03-31,823077,home,STL,NYM,700669,Gordon Graceffo,44,P,1.0,0,0,0,0,0,0,2,3,3,0,0,0,
2026,,2026-03-31,823077,home,STL,NYM,668941,JoJo Romero,59,P,1.0,0,0,0,0,0,1,3,13,8,0,0,0,
2026,,2026-03-31,823077,home,STL,NYM,676617,Riley O'Brien,61,P,1.0,0,0,0,0,0,0,3,11,7,0,0,1,
2026,,2026-03-31,823077,home,STL,NYM,669467,Andre Pallante,53,P,5.0,0,0,3,0,3,3,21,88,52,1,0,0,
2026,,2026-03-31,823077,home,STL,NYM,592773,Ryne Stanek,55,P,1.0,0,0,0,0,1,1,4,22,12,0,0,0,
2026,,2026-03-31,824212,away,BOS,HOU,663558,Jovani Morán,47,P,2.0,1,1,1,1,0,2,7,26,14,0,0,0,
2026,,2026-03-31,824212,away,BOS,HOU,678394,Brayan Bello,66,P,4.2,6,5,8,1,3,2,25,92,58,0,1,0,
2026,,2026-03-31,824212,away,BOS,HOU,670245,Ryan Watson,56,P,1.1,2,2,2,0,2,2,8,27,14,0,0,0,
2026,,2026-03-31,824212,home,HOU,BOS,686613,Hunter Brown,58,P,6.0,1,1,1,0,2,8,21,78,51,1,0,0,
2026,,2026-03-31,824212,home,HOU,BOS,675989,Cody Bolton,67,P,3.0,1,1,3,1,1,5,13,50,34,0,0,1,
2026,,2026-03-31,825107,away,DET,ARI,663554,Casey Mize,12,P,6.0,1,1,4,1,2,9,22,93,60,0,0,0,
2026,,2026-03-31,825107,away,DET,ARI,623454,Drew Anderson,38,P,1.0,2,2,2,0,0,2,5,16,13,0,0,0,
2026,,2026-03-31,825107,away,DET,ARI,445276,Kenley Jansen,74,P,0.1,1,1,1,1,0,1,2,8,5,0,0,0,
2026,,2026-03-31,825107,away,DET,ARI,676684,Will Vest,19,P,0.2,3,3,1,0,2,0,5,27,15,0,1,0,
2026,,2026-03-31,825107,home,ARI,DET,694851,Andrew Hoffmann,56,P,2.0,0,0,0,0,1,3,7,32,19,1,0,0,
2026,,2026-03-31,825107,home,ARI,DET,694297,Brandon Pfaadt,32,P,6.0,5,5,6,0,1,3,24,85,57,0,0,0,
2026,,2026-03-31,825107,home,ARI,DET,623149,Paul Sewald,38,P,1.0,0,0,0,0,0,3,3,13,10,0,0,1,
2026,,2026-03-31,823322,away,SFG,SDP,664141,JT Brubaker,34,P,2.0,0,0,2,0,0,1,7,28,21,0,0,0,
2026,,2026-03-31,823322,away,SFG,SDP,657277,Logan Webb,62,P,6.0,3,3,3,0,4,5,25,104,61,1,0,0,
2026,,2026-03-31,823322,away,SFG,SDP,676130,José Buttó,70,P,1.0,0,0,1,0,0,2,4,18,11,0,0,0,
2026,,2026-03-31,823322,home,SDP,SFG,688158,David Morgan,66,P,1.0,1,0,2,0,0,1,4,13,9,0,0,0,
2026,,2026-03-31,823322,home,SDP,SFG,608566,Germán Márquez,33,P,3.0,4,4,8,2,1,1,18,65,41,0,1,0,
2026,,2026-03-31,823322,home,SDP,SFG,699134,Bradgley Rodriguez,72,P,1.2,0,0,1,0,0,1,6,17,14,0,0,0,
2026,,2026-03-31,823322,home,SDP,SFG,669093,Jeremiah Estrada,56,P,1.0,0,0,1,0,0,2,4,18,12,0,0,0,
2026,,2026-03-31,823322,home,SDP,SFG,606996,Kyle Hart,68,P,2.1,4,4,4,0,1,2,11,42,25,0,0,0,
2026,,2026-03-31,823158,away,NYY,SEA,657612,Tim Hill,41,P,1.0,0,0,0,0,0,0,3,7,6,0,0,0,
2026,,2026-03-31,823158,away,NYY,SEA,687396,Brent Headrick,47,P,1.0,0,0,1,0,0,1,4,10,8,0,0,0,
2026,,2026-03-31,823158,away,NYY,SEA,608331,Max Fried,54,P,7.0,0,0,3,0,1,6,25,90,60,1,0,0,
2026,,2026-03-31,823158,home,SEA,NYY,668984,Casey Legumina,64,P,1.2,0,0,0,0,0,1,5,18,11,0,0,0,
2026,,2026-03-31,823158,home,SEA,NYY,677961,Cole Wilcox,43,P,2.0,0,0,2,0,0,3,8,31,22,0,0,0,
2026,,2026-03-31,823158,home,SEA,NYY,669302,Logan Gilbert,36,P,5.1,5,5,7,0,3,6,23,95,54,0,1,0,
2026,,2026-03-31,823969,away,CLE,LAD,670036,Matt Festa,52,P,1.1,2,2,4,0,0,2,8,29,18,0,0,0,
2026,,2026-03-31,823969,away,CLE,LAD,663465,Kolby Allard,49,P,2.2,1,1,2,1,1,5,11,55,36,0,0,0,
2026,,2026-03-31,823969,away,CLE,LAD,676440,Tanner Bibee,28,P,4.0,1,1,4,0,2,4,18,74,48,0,1,0,
2026,,2026-03-31,823969,home,LAD,CLE,681911,Alex Vesia,51,P,1.0,0,0,0,0,0,1,3,14,11,0,0,0,
2026,,2026-03-31,823969,home,LAD,CLE,660271,Shohei Ohtani,17,DH,6.0,0,0,1,0,3,6,23,87,54,1,0,0,
2026,,2026-03-31,823969,home,LAD,CLE,621242,Edwin Díaz,3,P,1.0,1,1,1,0,1,2,6,33,21,0,0,0,
2026,,2026-03-31,823969,home,LAD,CLE,676263,Jack Dreyer,86,P,1.0,0,0,0,0,1,1,4,15,11,0,0,0,
2026,,2026-04-01,824940,away,ATH,ATL,622663,Luis Severino,40,P,3.1,4,4,4,0,5,7,18,91,49,0,1,0,
2026,,2026-04-01,824940,away,ATH,ATL,665660,Elvis Alvarado,37,P,0.2,1,1,2,0,0,0,4,20,13,0,0,0,
2026,,2026-04-01,824940,away,ATH,ATL,663687,Hogan Harris,36,P,2.0,0,0,0,0,0,2,6,19,13,0,0,0,
2026,,2026-04-01,824940,away,ATH,ATL,665622,Luis Medina,46,P,2.0,0,0,1,0,0,1,7,27,17,0,0,0,
2026,,2026-04-01,824940,home,ATL,ATH,669276,Dylan Lee,52,P,1.0,0,0,1,0,0,1,4,15,13,0,0,0,
2026,,2026-04-01,824940,home,ATL,ATH,663158,Robert Suarez,75,P,1.0,0,0,1,0,0,1,3,6,6,0,0,0,
2026,,2026-04-01,824940,home,ATL,ATH,519242,Chris Sale,51,P,6.0,1,1,1,1,0,3,19,79,57,1,0,0,
2026,,2026-04-01,824940,home,ATL,ATH,628452,Raisel Iglesias,26,P,1.0,0,0,1,0,0,1,4,17,15,0,0,0,
2026,,2026-04-01,824860,away,TEX,BAL,641302,Tyler Alexander,13,P,1.0,1,1,2,0,2,0,7,25,14,0,0,0,
2026,,2026-04-01,824860,away,TEX,BAL,656641,Jacob Latz,67,P,1.0,0,0,0,0,0,0,3,14,9,0,0,0,
2026,,2026-04-01,824860,away,TEX,BAL,543135,Nathan Eovaldi,17,P,4.0,6,6,8,1,3,5,23,88,55,0,1,0,
2026,,2026-04-01,824860,away,TEX,BAL,691945,Carter Baumler,45,P,2.0,1,1,2,1,1,2,9,36,23,0,0,0,
2026,,2026-04-01,824860,home,BAL,TEX,669432,Trevor Rogers,28,P,6.0,2,2,6,0,1,3,24,91,58,1,0,0,
2026,,2026-04-01,824860,home,BAL,TEX,544150,Albert Suárez,49,P,3.0,1,1,2,1,1,2,12,42,27,0,0,1,
2026,,2026-04-01,824536,away,PIT,CIN,694973,Paul Skenes,30,P,5.0,1,1,3,0,2,5,20,77,51,1,0,0,
2026,,2026-04-01,824536,away,PIT,CIN,642397,Gregory Soto,31,P,1.0,0,0,0,0,0,2,3,13,10,0,0,0,
2026,,2026-04-01,824536,away,PIT,CIN,682254,Mason Montgomery,46,P,0.2,2,2,1,1,1,1,4,15,8,0,0,0,
2026,,2026-04-01,824536,away,PIT,CIN,676755,Isaac Mattson,72,P,1.1,0,0,1,0,0,0,5,22,16,0,0,0,
2026,,2026-04-01,824536,away,PIT,CIN,664875,Justin Lawrence,61,P,1.0,0,0,0,0,0,1,3,12,9,0,0,0,
2026,,2026-04-01,824536,home,CIN,PIT,641941,Emilio Pagán,15,P,1.0,4,4,3,1,0,2,7,33,19,0,0,0,
2026,,2026-04-01,824536,home,CIN,PIT,663574,Tony Santillan,64,P,1.0,0,0,0,0,0,1,3,11,9,0,0,0,
2026,,2026-04-01,824536,home,CIN,PIT,683175,Connor Phillips,34,P,0.1,0,0,0,0,2,0,3,13,4,0,0,0,
2026,,2026-04-01,824536,home,CIN,PIT,668933,Graham Ashcraft,23,P,1.0,0,0,1,0,0,2,4,21,17,0,0,0,
2026,,2026-04-01,824536,home,CIN,PIT,671096,Andrew Abbott,41,P,5.2,4,4,5,1,3,5,24,88,55,0,1,0,
2026,,2026-04-01,823483,away,WSN,PHI,701552,Andre Granillo,79,P,0.2,1,1,1,1,0,1,3,11,7,0,0,0,
2026,,2026-04-01,823483,away,WSN,PHI,676571,PJ Poulin,50,P,0.1,1,1,0,0,2,0,3,15,6,0,0,0,
2026,,2026-04-01,823483,away,WSN,PHI,690925,Clayton Beeter,39,P,1.0,1,1,1,0,0,0,4,16,10,0,0,0,
2026,,2026-04-01,823483,away,WSN,PHI,669371,Cole Henry,99,P,0.1,1,0,3,0,1,0,5,15,9,0,1,0,
2026,,2026-04-01,823483,away,WSN,PHI,672335,Cionel Pérez,51,P,0.2,1,1,2,1,0,0,5,21,14,0,0,0,
2026,,2026-04-01,823483,away,WSN,PHI,676917,Cade Cavalli,24,P,6.0,1,1,5,0,2,3,25,84,50,0,0,0,
2026,,2026-04-01,823483,home,PHI,WSN,621237,José Alvarado,46,P,1.0,0,0,1,0,0,0,3,8,6,0,0,0,
2026,,2026-04-01,823483,home,PHI,WSN,650911,Cristopher Sánchez,61,P,5.1,1,1,4,0,4,7,24,97,60,0,0,0,
2026,,2026-04-01,823483,home,PHI,WSN,661395,Jhoan Duran,59,P,1.0,0,0,0,0,0,1,2,6,4,1,0,0,
2026,,2026-04-01,823483,home,PHI,WSN,680742,Jonathan Bowlan,52,P,0.2,1,1,2,0,0,1,4,17,10,0,0,0,
2026,,2026-04-01,823483,home,PHI,WSN,647315,Zach Pop,56,P,1.0,0,0,0,0,0,1,3,12,9,0,0,0,
2026,,2026-04-01,823483,home,PHI,WSN,641745,Brad Keller,40,P,1.0,3,3,3,1,0,1,6,22,17,0,0,0,
2026,,2026-04-01,822835,away,COL,TOR,680767,Victor Vodnik,38,P,1.0,0,0,1,0,0,0,4,17,11,0,0,0,
2026,,2026-04-01,822835,away,COL,TOR,623474,Jimmy Herget,44,P,1.0,0,0,0,0,0,0,3,16,12,0,0,1,
2026,,2026-04-01,822835,away,COL,TOR,607536,Kyle Freeland,21,P,5.0,1,1,5,0,1,6,22,88,60,0,0,0,
2026,,2026-04-01,822835,away,COL,TOR,657514,Brennan Bernardino,83,P,1.0,0,0,0,0,0,0,3,11,8,1,0,0,
2026,,2026-04-01,822835,away,COL,TOR,622608,Antonio Senzatela,49,P,2.0,0,0,1,0,0,3,7,26,20,0,0,0,
2026,,2026-04-01,822835,home,TOR,COL,667297,Tommy Nance,45,P,0.1,1,1,1,0,2,1,4,16,7,0,0,0,
2026,,2026-04-01,822835,home,TOR,COL,663893,Brendon Little,54,P,1.0,1,0,1,0,1,1,5,10,8,0,1,0,
2026,,2026-04-01,822835,home,TOR,COL,592332,Kevin Gausman,34,P,6.0,0,0,2,0,0,10,21,89,67,0,0,0,
2026,,2026-04-01,822835,home,TOR,COL,656546,Jeff Hoffman,23,P,1.0,0,0,0,0,0,3,3,16,11,0,0,0,
2026,,2026-04-01,822835,home,TOR,COL,689254,Mason Fluharty,68,P,0.2,0,0,0,0,0,2,2,9,6,0,0,0,
2026,,2026-04-01,822835,home,TOR,COL,643511,Tyler Rogers,71,P,1.0,0,0,2,0,0,0,5,18,14,0,0,0,
2026,,2026-04-01,823889,away,CHW,MIA,681343,Shane Smith,64,P,3.0,8,7,8,1,2,1,19,72,46,0,1,0,
2026,,2026-04-01,823889,away,CHW,MIA,669684,Chris Murphy,38,P,2.0,1,1,3,0,1,3,10,39,24,0,0,0,
2026,,2026-04-01,823889,away,CHW,MIA,673929,Jordan Leasure,49,P,1.0,1,1,1,1,0,1,4,12,9,0,0,0,
2026,,2026-04-01,823889,away,CHW,MIA,608371,Lucas Sims,39,P,2.0,0,0,1,0,1,1,9,31,19,0,0,0,
2026,,2026-04-01,823889,home,MIA,CHW,645261,Sandy Alcantara,22,P,9.0,0,0,3,0,0,7,31,93,69,1,0,0,
2026,,2026-04-01,823078,away,NYM,STL,668964,Tobias Myers,32,P,1.2,1,0,1,0,1,1,6,20,13,0,1,0,
2026,,2026-04-01,823078,away,NYM,STL,623211,Huascar Brazobán,43,P,0.2,0,0,1,0,0,1,3,13,9,0,0,0,
2026,,2026-04-01,823078,away,NYM,STL,596133,Luke Weaver,30,P,1.0,0,0,0,0,0,1,3,11,8,0,0,0,
2026,,2026-04-01,823078,away,NYM,STL,642207,Devin Williams,38,P,1.0,0,0,0,0,1,1,4,18,9,0,0,0,
2026,,2026-04-01,823078,away,NYM,STL,642547,Freddy Peralta,51,P,5.1,1,1,3,0,2,7,21,92,54,0,0,0,
2026,,2026-04-01,823078,away,NYM,STL,548384,Brooks Raley,25,P,1.0,0,0,0,0,0,2,3,12,8,0,0,0,
2026,,2026-04-01,823078,home,STL,NYM,688297,Chris Roycroft,58,P,0.1,0,0,0,0,2,0,3,11,2,0,0,0,
2026,,2026-04-01,823078,home,STL,NYM,700669,Gordon Graceffo,44,P,0.2,0,0,0,0,0,0,2,6,3,1,0,0,
2026,,2026-04-01,823078,home,STL,NYM,668941,JoJo Romero,59,P,1.1,0,0,0,0,0,1,4,16,13,0,0,0,
2026,,2026-04-01,823078,home,STL,NYM,677865,Justin Bruihl,47,P,1.0,0,0,0,0,1,0,4,12,6,0,0,0,
2026,,2026-04-01,823078,home,STL,NYM,676617,Riley O'Brien,61,P,1.0,0,0,1,0,0,2,4,16,12,0,0,0,
2026,,2026-04-01,823078,home,STL,NYM,669461,Matthew Liberatore,32,P,6.0,1,1,3,1,1,2,22,76,47,0,0,0,
2026,,2026-04-01,823078,home,STL,NYM,592773,Ryne Stanek,55,P,0.2,0,0,1,0,0,1,4,16,9,0,0,0,
2026,,2026-04-01,823806,away,TBR,MIL,669438,Mason Englert,59,P,1.0,1,1,2,0,0,0,5,13,10,0,0,0,
2026,,2026-04-01,823806,away,TBR,MIL,693855,Ian Seymour,61,P,2.0,0,0,1,0,0,2,6,32,22,0,0,0,
2026,,2026-04-01,823806,away,TBR,MIL,643377,Griffin Jax,22,P,0.0,5,3,3,0,1,0,5,20,12,0,1,0,
2026,,2026-04-01,823806,away,TBR,MIL,656876,Drew Rasmussen,57,P,5.0,2,1,3,1,1,8,20,89,60,0,0,0,
2026,,2026-04-01,823806,home,MIL,TBR,681982,Grant Anderson,56,P,1.0,0,0,0,0,0,1,3,15,10,0,0,0,
2026,,2026-04-01,823806,home,MIL,TBR,676879,Aaron Ashby,26,P,1.0,0,0,0,0,1,0,3,9,5,1,0,0,
2026,,2026-04-01,823806,home,MIL,TBR,694819,Jacob Misiorowski,32,P,6.0,2,2,4,1,2,7,25,94,62,0,0,0,
2026,,2026-04-01,823806,home,MIL,TBR,669084,DL Hall,37,P,1.0,0,0,1,0,0,3,5,19,12,0,0,0,
2026,,2026-04-01,824211,away,BOS,HOU,676979,Garrett Crochet,35,P,5.0,5,4,6,1,0,7,23,93,63,0,1,0,
2026,,2026-04-01,824211,away,BOS,HOU,669711,Greg Weissert,57,P,1.0,0,0,0,0,0,1,3,16,9,0,0,0,
2026,,2026-04-01,824211,away,BOS,HOU,676477,Garrett Whitlock,22,P,1.0,0,0,1,0,2,1,6,37,24,0,0,0,
2026,,2026-04-01,824211,away,BOS,HOU,543056,Danny Coulombe,67,P,1.0,1,1,1,1,0,0,4,16,11,0,0,0,
2026,,2026-04-01,824211,home,HOU,BOS,650556,Bryan Abreu,52,P,1.0,1,1,1,1,0,3,4,16,12,0,0,1,
2026,,2026-04-01,824211,home,HOU,BOS,678906,Kai-Wei Teng,17,P,1.0,1,1,1,1,0,1,4,14,9,0,0,0,
2026,,2026-04-01,824211,home,HOU,BOS,805123,AJ Blubaugh,69,P,1.0,0,0,0,0,0,1,3,14,10,0,0,0,
2026,,2026-04-01,824211,home,HOU,BOS,681347,Mike Burrows,50,P,5.0,2,2,5,0,3,6,24,84,55,1,0,0,
2026,,2026-04-01,824211,home,HOU,BOS,687911,Bryan King,74,P,1.0,0,0,0,0,0,2,3,12,8,0,0,0,
2026,,2026-04-01,824698,away,LAA,CHC,666171,Ryan Zeferjahn,56,P,0.2,1,0,1,0,1,1,5,21,11,0,0,0,
2026,,2026-04-01,824698,away,LAA,CHC,579328,Yusei Kikuchi,16,P,5.1,5,5,6,0,4,5,26,91,62,0,1,0,
2026,,2026-04-01,824698,away,LAA,CHC,608718,Brent Suter,37,P,2.0,0,0,3,0,0,4,9,44,30,0,0,0,
2026,,2026-04-01,824698,home,CHC,LAA,694037,Daniel Palencia,48,P,1.0,0,0,1,0,0,1,4,9,8,0,0,0,
2026,,2026-04-01,824698,home,CHC,LAA,573204,Caleb Thielbar,24,P,1.0,0,0,0,0,0,2,3,13,9,0,0,0,
2026,,2026-04-01,824698,home,CHC,LAA,640451,Hunter Harvey,45,P,1.1,0,0,1,0,0,3,6,20,15,0,0,0,
2026,,2026-04-01,824698,home,CHC,LAA,571510,Matthew Boyd,16,P,5.2,2,1,2,0,2,10,20,98,64,1,0,0,
2026,,2026-04-01,825106,away,DET,ARI,669373,Tarik Skubal,29,P,7.0,1,1,6,1,0,3,25,87,60,0,1,0,
2026,,2026-04-01,825106,away,DET,ARI,640448,Kyle Finnegan,67,P,1.0,0,0,0,0,2,0,5,20,10,0,0,0,
2026,,2026-04-01,825106,home,ARI,DET,666661,Juan Morillo,62,P,1.0,0,0,0,0,0,1,3,11,8,0,0,0,
2026,,2026-04-01,825106,home,ARI,DET,642528,Jonathan Loáisiga,43,P,1.0,0,0,2,0,0,0,4,16,9,0,0,1,
2026,,2026-04-01,825106,home,ARI,DET,664199,Taylor Clarke,45,P,1.0,0,0,1,0,0,2,4,18,11,0,0,0,
2026,,2026-04-01,825106,home,ARI,DET,668678,Zac Gallen,23,P,6.0,0,0,4,0,0,2,21,88,58,1,0,0,
2026,,2026-04-01,823321,away,SFG,SDP,676130,José Buttó,70,P,0.1,4,4,3,1,4,1,8,28,8,0,0,0,
2026,,2026-04-01,823321,away,SFG,SDP,668873,Caleb Kilian,45,P,1.2,0,0,0,0,0,2,5,15,11,0,0,0,
2026,,2026-04-01,823321,away,SFG,SDP,621366,Ryan Borucki,47,P,0.2,0,0,0,0,0,0,1,3,3,0,0,0,
2026,,2026-04-01,823321,away,SFG,SDP,605288,Adrian Houser,12,P,5.1,3,1,6,0,1,4,25,86,58,0,1,0,
2026,,2026-04-01,823321,home,SDP,SFG,695243,Mason Miller,22,P,1.1,0,0,1,0,0,3,5,19,15,0,0,1,
2026,,2026-04-01,823321,home,SDP,SFG,669093,Jeremiah Estrada,56,P,1.0,0,0,0,0,0,2,3,13,7,0,0,0,
2026,,2026-04-01,823321,home,SDP,SFG,670970,Adrian Morejon,50,P,1.2,1,1,2,0,1,1,8,32,18,0,0,0,
2026,,2026-04-01,823321,home,SDP,SFG,601713,Nick Pivetta,,P,5.0,0,0,1,0,2,8,18,82,54,1,0,0,
2026,,2026-04-01,823157,away,NYY,SEA,518585,Fernando Cruz,63,P,0.2,0,0,0,0,0,1,2,12,8,0,0,0,
2026,,2026-04-01,823157,away,NYY,SEA,666808,Camilo Doval,75,P,0.2,2,2,2,0,1,1,5,19,12,0,0,0,
2026,,2026-04-01,823157,away,NYY,SEA,670280,David Bednar,53,P,1.1,1,1,3,0,0,1,7,40,27,0,0,1,
2026,,2026-04-01,823157,away,NYY,SEA,693645,Cam Schlittler,31,P,6.1,0,0,2,0,0,7,21,79,58,1,0,0,
2026,,2026-04-01,823157,home,SEA,NYY,678606,Jose A. Ferrer,45,P,1.0,0,0,0,0,0,2,3,13,9,0,0,0,
2026,,2026-04-01,823157,home,SEA,NYY,681867,Cooper Criswell,88,P,2.0,1,1,1,1,0,1,7,30,19,0,0,0,
2026,,2026-04-01,823157,home,SEA,NYY,669923,George Kirby,68,P,6.0,4,4,5,1,3,6,24,89,57,0,1,0,
2026,,2026-04-01,824136,away,MIN,KCR,689520,Cody Laweryson,65,P,1.1,4,3,2,0,2,2,9,36,19,0,0,0,
2026,,2026-04-01,824136,away,MIN,KCR,607455,Anthony Banda,43,P,1.0,0,0,1,0,0,1,4,12,8,0,0,0,
2026,,2026-04-01,824136,away,MIN,KCR,687849,Zak Kent,54,P,1.2,4,1,3,2,3,2,11,47,25,0,0,0,
2026,,2026-04-01,824136,away,MIN,KCR,657746,Joe Ryan,41,P,4.0,5,5,9,0,0,3,20,77,49,0,1,0,
2026,,2026-04-01,824136,home,KCR,MIN,668674,Lucas Erceg,60,P,0.2,0,0,0,0,0,0,2,7,5,0,0,1,
2026,,2026-04-01,824136,home,KCR,MIN,683232,Nick Mears,31,P,1.0,0,0,0,0,0,2,3,18,11,0,0,0,
2026,,2026-04-01,824136,home,KCR,MIN,663738,Daniel Lynch IV,41,P,1.0,3,1,1,0,3,2,8,37,19,0,0,0,
2026,,2026-04-01,824136,home,KCR,MIN,663559,Bailey Falter,36,P,0.1,3,3,3,1,2,0,6,20,8,0,0,0,
2026,,2026-04-01,824136,home,KCR,MIN,702070,Noah Cameron,65,P,5.0,1,1,4,0,1,5,20,86,53,1,0,0,
2026,,2026-04-01,824136,home,KCR,MIN,656638,Alex Lange,56,P,0.1,2,2,1,0,3,1,6,34,17,0,0,0,
2026,,2026-04-01,824136,home,KCR,MIN,674444,Steven Cruz,64,P,0.2,0,0,0,0,0,1,2,7,5,0,0,0,
2026,,2026-04-01,823970,away,CLE,LAD,542888,Shawn Armstrong,43,P,0.2,0,0,2,0,0,1,4,19,12,0,0,0,
2026,,2026-04-01,823970,away,CLE,LAD,671922,Cade Smith,36,P,1.0,1,1,1,1,0,0,4,19,13,0,0,0,
2026,,2026-04-01,823970,away,CLE,LAD,681870,Erik Sabrowski,62,P,0.1,0,0,0,0,0,1,1,3,3,0,0,0,
2026,,2026-04-01,823970,away,CLE,LAD,668909,Gavin Williams,32,P,7.0,0,0,2,0,3,10,23,85,55,1,0,0,
2026,,2026-04-01,823970,home,LAD,CLE,656945,Tanner Scott,66,P,0.1,1,1,1,1,0,1,2,9,8,0,0,0,
2026,,2026-04-01,823970,home,LAD,CLE,694361,Will Klein,61,P,1.2,1,1,1,0,2,1,7,35,20,0,0,0,
2026,,2026-04-01,823970,home,LAD,CLE,595014,Blake Treinen,49,P,1.0,0,0,0,0,0,1,3,17,13,0,0,0,
2026,,2026-04-01,823970,home,LAD,CLE,808967,Yoshinobu Yamamoto,18,P,6.0,2,2,4,1,1,2,22,87,52,0,1,0,
2026,,2026-04-02,824133,away,MIN,KCR,671737,Taj Bradley,26,P,6.0,0,0,5,0,1,3,24,100,65,1,0,0,
2026,,2026-04-02,824133,away,MIN,KCR,623437,Justin Topa,48,P,1.0,0,0,0,0,1,1,4,13,8,0,0,0,
2026,,2026-04-02,824133,away,MIN,KCR,663485,Cole Sands,44,P,0.2,1,1,2,0,0,0,4,11,9,0,0,0,
2026,,2026-04-02,824133,away,MIN,KCR,573124,Taylor Rogers,55,P,0.1,0,0,0,0,0,1,1,4,3,0,0,0,
2026,,2026-04-02,824133,away,MIN,KCR,681892,Kody Funderburk,57,P,1.0,0,0,0,0,0,1,3,15,10,0,0,0,
2026,,2026-04-02,824133,home,KCR,MIN,666142,Cole Ragans,55,P,6.0,1,0,4,0,1,8,20,89,59,0,1,0,
2026,,2026-04-02,824133,home,KCR,MIN,621381,Matt Strahm,25,P,1.0,0,0,0,0,0,2,4,19,12,0,0,0,
2026,,2026-04-02,824133,home,KCR,MIN,674444,Steven Cruz,64,P,1.0,3,3,3,3,0,1,6,27,17,0,0,0,
2026,,2026-04-02,824133,home,KCR,MIN,670167,John Schreiber,46,P,1.0,1,1,1,0,2,1,6,27,13,0,0,0,
2026,,2026-04-02,825105,away,ATL,ARI,674370,Osvaldo Bido,70,P,3.0,1,1,2,0,1,1,12,42,26,0,0,1,
2026,,2026-04-02,825105,away,ATL,ARI,641755,Tyler Kinley,45,P,1.0,0,0,0,0,0,1,3,10,6,0,0,0,
2026,,2026-04-02,825105,away,ATL,ARI,625643,Reynaldo López,40,P,5.0,1,1,4,1,1,3,20,79,52,1,0,0,
2026,,2026-04-02,825105,home,ARI,ATL,694851,Andrew Hoffmann,56,P,1.0,0,0,1,0,1,2,5,23,12,0,0,0,
2026,,2026-04-02,825105,home,ARI,ATL,656464,Kevin Ginkel,37,P,0.1,3,3,3,0,1,0,5,22,11,0,0,0,
2026,,2026-04-02,825105,home,ARI,ATL,605452,Joe Ross,22,P,2.0,2,2,2,1,3,1,11,52,29,0,0,0,
2026,,2026-04-02,825105,home,ARI,ATL,669194,Ryne Nelson,19,P,4.2,7,2,3,2,3,3,21,80,47,0,1,0,
2026,,2026-04-02,825105,home,ARI,ATL,543510,James McCann,8,P,1.0,5,5,7,1,0,0,10,20,12,0,0,0,
2026,,2026-04-02,823242,away,NYM,SFG,640455,Sean Manaea,59,P,3.2,1,1,4,1,2,2,17,74,44,0,0,0,
2026,,2026-04-02,823242,away,NYM,SFG,656849,David Peterson,23,P,4.1,6,5,9,0,2,5,24,68,46,0,1,0,
2026,,2026-04-02,823242,home,SFG,NYM,676254,Ryan Walker,74,P,0.2,0,0,0,0,0,1,2,12,8,0,0,0,
2026,,2026-04-02,823242,home,SFG,NYM,694918,Blade Tidwell,46,P,3.0,0,0,2,0,0,2,9,37,24,0,0,1,
2026,,2026-04-02,823242,home,SFG,NYM,592662,Robbie Ray,38,P,5.1,2,2,3,1,3,7,22,96,60,1,0,0,
2026,,2026-04-03,822758,away,LAD,WSN,676508,Ben Casparius,78,P,1.0,0,0,0,0,0,1,3,13,8,0,0,0,
2026,,2026-04-03,822758,away,LAD,WSN,683618,Edgardo Henriquez,60,P,1.0,2,2,3,0,1,1,7,25,17,0,0,0,
2026,,2026-04-03,822758,away,LAD,WSN,686218,Emmet Sheehan,80,P,5.2,4,4,7,1,3,2,27,98,61,1,0,0,
2026,,2026-04-03,822758,away,LAD,WSN,676263,Jack Dreyer,86,P,0.1,0,0,0,0,0,1,1,4,3,0,0,0,
2026,,2026-04-03,822758,away,LAD,WSN,595014,Blake Treinen,49,P,1.0,0,0,1,0,1,0,4,11,6,0,0,0,
2026,,2026-04-03,822758,home,WSN,LAD,701552,Andre Granillo,79,P,2.0,1,1,2,0,2,0,9,27,12,0,0,0,
2026,,2026-04-03,822758,home,WSN,LAD,571945,Miles Mikolas,36,P,4.1,11,11,11,4,1,4,25,87,56,0,1,0,
2026,,2026-04-03,822758,home,WSN,LAD,686610,Ken Waldichuk,52,P,2.0,1,1,1,1,1,3,9,36,20,0,0,0,
2026,,2026-04-03,822758,home,WSN,LAD,681402,Gus Varland,47,P,0.2,0,0,2,0,1,1,5,20,11,0,0,0,
2026,,2026-04-03,824299,away,STL,DET,700241,Michael McGreevy,36,P,4.2,3,3,7,1,0,4,20,75,45,0,1,0,
2026,,2026-04-03,824299,away,STL,DET,688297,Chris Roycroft,58,P,1.0,0,0,0,0,0,1,3,11,8,0,0,0,
2026,,2026-04-03,824299,away,STL,DET,700669,Gordon Graceffo,44,P,1.0,0,0,0,0,2,0,4,16,7,0,0,0,
2026,,2026-04-03,824299,away,STL,DET,677865,Justin Bruihl,47,P,0.2,0,0,2,0,0,0,4,15,11,0,0,0,
2026,,2026-04-03,824299,away,STL,DET,666277,George Soriano,65,P,0.2,1,1,1,0,0,0,4,16,8,0,0,0,
2026,,2026-04-03,824299,home,DET,STL,664285,Framber Valdez,59,P,6.0,0,0,3,0,2,5,24,91,61,1,0,0,
2026,,2026-04-03,824299,home,DET,STL,663947,Tyler Holton,87,P,1.0,0,0,0,0,0,1,3,7,5,0,0,0,
2026,,2026-04-03,824299,home,DET,STL,640448,Kyle Finnegan,67,P,1.0,0,0,1,0,1,1,5,16,10,0,0,0,
2026,,2026-04-03,824299,home,DET,STL,676684,Will Vest,19,P,1.0,0,0,1,0,0,2,4,17,13,0,0,0,
2026,,2026-04-03,823568,away,MIA,NYY,669199,Lake Bachar,84,P,1.0,2,2,2,0,2,2,6,24,14,0,0,0,
2026,,2026-04-03,823568,away,MIA,NYY,663969,Tyler Phillips,30,P,2.0,1,0,1,0,2,3,10,52,28,0,0,0,
2026,,2026-04-03,823568,away,MIA,NYY,656848,Michael Petersen,49,P,1.0,1,1,1,1,1,1,5,20,12,0,0,0,
2026,,2026-04-03,823568,away,MIA,NYY,691587,Eury Pérez,39,P,4.0,4,4,2,1,6,4,20,84,45,0,1,0,
2026,,2026-04-03,823568,home,NYY,MIA,642232,Ryan Yarbrough,33,P,1.0,0,0,0,0,0,0,3,10,5,0,0,0,
2026,,2026-04-03,823568,home,NYY,MIA,657612,Tim Hill,41,P,0.1,0,0,0,0,0,0,1,2,1,0,0,0,
2026,,2026-04-03,823568,home,NYY,MIA,687396,Brent Headrick,47,P,1.0,0,0,0,0,0,2,3,10,8,0,0,0,
2026,,2026-04-03,823568,home,NYY,MIA,701542,Will Warren,29,P,5.2,2,2,4,2,0,6,21,77,47,1,0,0,
2026,,2026-04-03,823568,home,NYY,MIA,656234,Jake Bird,59,P,1.0,0,0,0,0,0,2,3,11,7,0,0,0,
2026,,2026-04-03,824786,away,SDP,BOS,650633,Michael King,34,P,5.2,4,4,7,1,1,5,24,81,58,0,1,0,
2026,,2026-04-03,824786,away,SDP,BOS,593974,Wandy Peralta,58,P,1.1,1,1,2,1,0,2,6,20,14,0,0,0,
2026,,2026-04-03,824786,away,SDP,BOS,676760,Ron Marinaccio,97,P,1.0,0,0,0,0,0,1,3,10,8,0,0,0,
2026,,2026-04-03,824786,home,BOS,SDP,669711,Greg Weissert,57,P,1.0,0,0,0,0,0,1,3,17,11,0,0,0,
2026,,2026-04-03,824786,home,BOS,SDP,543243,Sonny Gray,54,P,6.0,2,2,4,0,0,3,22,87,57,1,0,0,
2026,,2026-04-03,824786,home,BOS,SDP,686580,Justin Slaten,,P,1.0,0,0,0,0,0,1,3,9,7,0,0,0,
2026,,2026-04-03,824786,home,BOS,SDP,547973,Aroldis Chapman,44,P,1.0,0,0,0,0,1,1,4,21,11,0,0,1,
2026,,2026-04-03,824621,away,TOR,CHW,686973,Louis Varland,77,P,1.0,0,0,1,0,0,1,3,15,9,0,0,0,
2026,,2026-04-03,824621,away,TOR,CHW,663893,Brendon Little,54,P,1.0,0,0,0,0,0,1,3,17,11,0,0,0,
2026,,2026-04-03,824621,away,TOR,CHW,656546,Jeff Hoffman,23,P,0.2,2,0,2,0,0,1,4,14,9,0,1,0,
2026,,2026-04-03,824621,away,TOR,CHW,656302,Dylan Cease,84,P,4.1,3,2,5,0,3,6,22,93,51,0,0,0,
2026,,2026-04-03,824621,away,TOR,CHW,680755,Braydon Fisher,63,P,1.2,0,0,2,0,0,3,6,21,15,0,0,0,
2026,,2026-04-03,824621,away,TOR,CHW,643511,Tyler Rogers,71,P,1.0,0,0,1,0,1,0,5,12,8,0,0,0,
2026,,2026-04-03,824621,home,CHW,TOR,691799,Grant Taylor,31,P,1.0,0,0,0,0,0,1,3,9,9,0,0,0,
2026,,2026-04-03,824621,home,CHW,TOR,622554,Seranthony Domínguez,58,P,1.1,1,0,0,0,0,2,5,22,14,1,0,0,
2026,,2026-04-03,824621,home,CHW,TOR,673929,Jordan Leasure,49,P,1.0,2,2,2,1,1,1,5,17,9,0,0,0,
2026,,2026-04-03,824621,home,CHW,TOR,680732,Sean Burke,59,P,6.0,1,1,4,0,0,7,22,85,62,0,0,0,
2026,,2026-04-03,824621,home,CHW,TOR,656794,Sean Newcomb,15,P,0.2,0,0,1,0,0,0,3,8,6,0,0,0,
2026,,2026-04-03,822919,away,CIN,TEX,641941,Emilio Pagán,15,P,1.0,0,0,0,0,0,1,3,13,8,0,0,1,
2026,,2026-04-03,822919,away,CIN,TEX,663574,Tony Santillan,64,P,1.0,0,0,0,0,0,0,3,10,7,1,0,0,
2026,,2026-04-03,822919,away,CIN,TEX,663903,Brady Singer,51,P,5.0,2,2,6,0,1,5,22,87,58,0,0,0,
2026,,2026-04-03,822919,away,CIN,TEX,668933,Graham Ashcraft,23,P,1.0,1,1,2,0,0,2,5,17,12,0,0,0,
2026,,2026-04-03,822919,away,CIN,TEX,594580,Sam Moll,50,P,1.0,0,0,0,0,1,1,4,12,6,0,0,0,
2026,,2026-04-03,822919,home,TEX,CIN,669022,MacKenzie Gore,1,P,6.0,3,3,6,2,0,9,24,88,57,0,0,0,
2026,,2026-04-03,822919,home,TEX,CIN,596001,Jakob Junis,16,P,1.0,0,0,0,0,0,1,3,12,8,0,0,0,
2026,,2026-04-03,822919,home,TEX,CIN,668390,Cole Winn,60,P,1.0,0,0,2,0,0,1,5,17,11,0,0,0,
2026,,2026-04-03,822919,home,TEX,CIN,455119,Chris Martin,31,P,1.0,2,2,2,1,0,0,5,23,16,0,1,0,
2026,,2026-04-03,824458,away,CHC,CLE,690990,Cade Horton,22,P,1.0,0,0,0,0,1,0,4,17,8,0,0,0,
2026,,2026-04-03,824458,away,CHC,CLE,571948,Hoby Milner,41,P,1.2,0,0,2,0,0,0,6,10,7,0,0,0,
2026,,2026-04-03,824458,away,CHC,CLE,640451,Hunter Harvey,45,P,0.2,3,3,2,2,1,0,5,30,17,0,1,0,
2026,,2026-04-03,824458,away,CHC,CLE,657097,Jacob Webb,71,P,1.1,0,0,1,0,1,1,5,29,17,0,0,0,
2026,,2026-04-03,824458,away,CHC,CLE,607067,Colin Rea,53,P,3.1,1,1,4,0,1,4,14,57,37,0,0,0,
2026,,2026-04-03,824458,home,CLE,CHC,542888,Shawn Armstrong,43,P,1.0,0,0,0,0,0,1,3,13,8,0,0,0,
2026,,2026-04-03,824458,home,CLE,CHC,641401,Connor Brogdon,75,P,1.0,0,0,0,0,0,0,3,13,10,1,0,0,
2026,,2026-04-03,824458,home,CLE,CHC,670036,Matt Festa,52,P,0.2,0,0,0,0,0,0,2,4,2,0,0,0,
2026,,2026-04-03,824458,home,CLE,CHC,671922,Cade Smith,36,P,1.0,0,0,1,0,0,3,4,22,16,0,0,1,
2026,,2026-04-03,824458,home,CLE,CHC,676282,Joey Cantillo,54,P,5.1,1,1,4,0,2,6,21,82,51,0,0,0,
2026,,2026-04-03,823732,away,TBR,MIN,687330,Kevin Kelly,49,P,0.1,6,5,2,0,2,1,7,33,18,0,1,0,
2026,,2026-04-03,823732,away,TBR,MIN,685801,Hunter Bigge,43,P,0.2,0,0,0,0,1,1,3,16,8,0,0,0,
2026,,2026-04-03,823732,away,TBR,MIN,672782,Yoendrys Gómez,94,P,1.2,1,1,1,1,0,1,6,23,16,0,0,0,
2026,,2026-04-03,823732,away,TBR,MIN,671212,Joe Boyle,36,P,5.1,3,2,4,0,3,9,25,104,67,0,0,0,
2026,,2026-04-03,823732,home,MIN,TBR,689520,Cody Laweryson,65,P,1.0,0,0,0,0,0,1,3,10,8,0,0,0,
2026,,2026-04-03,823732,home,MIN,TBR,623437,Justin Topa,48,P,0.2,0,0,2,0,0,2,4,17,11,0,0,0,
2026,,2026-04-03,823732,home,MIN,TBR,607455,Anthony Banda,43,P,1.0,1,1,1,0,0,0,5,17,10,0,0,0,
2026,,2026-04-03,823732,home,MIN,TBR,641927,Bailey Ober,17,P,4.0,3,3,4,0,2,4,18,82,45,0,0,0,
2026,,2026-04-03,823732,home,MIN,TBR,681892,Kody Funderburk,57,P,0.1,0,0,0,0,0,0,1,2,1,1,0,0,
2026,,2026-04-03,823732,home,MIN,TBR,679358,Eric Orze,19,P,2.0,0,0,1,0,1,0,8,37,22,0,0,0,
2026,,2026-04-03,824377,away,PHI,COL,641835,Tim Mayza,37,P,1.0,0,0,0,0,0,2,3,13,8,0,0,0,
2026,,2026-04-03,824377,away,PHI,COL,647315,Zach Pop,56,P,1.0,0,0,0,0,1,3,4,17,10,0,0,0,
2026,,2026-04-03,824377,away,PHI,COL,605400,Aaron Nola,27,P,6.1,1,1,5,0,1,9,25,95,63,1,0,0,
2026,,2026-04-03,824377,away,PHI,COL,679775,Kyle Backhus,19,P,0.2,0,0,0,0,0,1,2,9,6,0,0,0,
2026,,2026-04-03,824377,home,COL,PHI,547179,Michael Lorenzen,24,P,3.0,9,9,12,2,2,2,23,77,50,0,1,0,
2026,,2026-04-03,824377,home,COL,PHI,678368,Valente Bellozo,56,P,6.0,1,1,1,1,1,7,20,77,48,0,0,0,
2026,,2026-04-03,823406,away,BAL,PIT,669330,Tyler Wells,68,P,2.0,0,0,0,0,0,2,6,23,15,0,0,0,
2026,,2026-04-03,823406,away,BAL,PIT,670329,Rico Garcia,50,P,1.0,0,0,0,0,0,0,3,8,6,0,0,0,
2026,,2026-04-03,823406,away,BAL,PIT,680694,Kyle Bradish,38,P,4.0,4,4,6,0,3,6,19,81,51,0,1,0,
2026,,2026-04-03,823406,away,BAL,PIT,608650,Dietrich Enns,71,P,1.0,1,1,0,0,3,2,6,39,20,0,0,0,
2026,,2026-04-03,823406,home,PIT,BAL,642397,Gregory Soto,31,P,1.0,1,1,1,1,0,3,4,20,15,0,0,1,
2026,,2026-04-03,823406,home,PIT,BAL,682254,Mason Montgomery,46,P,0.2,0,0,0,0,0,1,2,9,8,0,0,0,
2026,,2026-04-03,823406,home,PIT,BAL,656605,Mitch Keller,23,P,6.0,2,2,6,0,4,4,26,88,56,1,0,0,
2026,,2026-04-03,823406,home,PIT,BAL,670990,Yohan Ramírez,49,P,0.1,1,1,2,0,1,0,4,19,11,0,0,0,
2026,,2026-04-03,823406,home,PIT,BAL,642701,Dennis Santana,60,P,1.0,0,0,0,0,0,1,3,10,7,0,0,0,
2026,,2026-04-03,824056,away,SEA,LAA,666374,Matt Brash,47,P,1.0,0,0,0,0,0,2,3,12,10,0,0,0,
2026,,2026-04-03,824056,away,SEA,LAA,693433,Bryan Woo,22,P,7.0,0,0,1,0,1,6,23,87,57,0,0,0,
2026,,2026-04-03,824056,away,SEA,LAA,662253,Andrés Muñoz,75,P,1.0,0,0,0,0,0,3,3,16,11,1,0,0,
2026,,2026-04-03,824056,away,SEA,LAA,642100,Gabe Speier,55,P,1.0,1,0,0,0,0,1,3,12,8,0,0,1,
2026,,2026-04-03,824056,home,LAA,SEA,681217,Chase Silseth,63,P,0.1,0,0,0,0,0,1,1,5,4,0,0,0,
2026,,2026-04-03,824056,home,LAA,SEA,519141,Drew Pomeranz,13,P,1.0,0,0,1,0,1,0,5,17,10,0,0,0,
2026,,2026-04-03,824056,home,LAA,SEA,672282,Reid Detmers,48,P,6.2,0,0,3,0,4,4,26,104,64,0,0,0,
2026,,2026-04-03,824056,home,LAA,SEA,605447,Jordan Romano,68,P,1.0,0,0,0,0,0,2,3,16,11,0,0,0,
2026,,2026-04-03,824056,home,LAA,SEA,608718,Brent Suter,37,P,1.0,3,2,3,0,1,0,7,26,20,0,1,0,
2026,,2026-04-03,825026,away,HOU,ATH,680802,Ryan Weiss,51,P,3.0,0,0,3,0,0,2,11,38,24,0,0,0,
2026,,2026-04-03,825026,away,HOU,ATH,664299,Cristian Javier,53,P,3.2,6,6,6,0,5,2,21,82,44,0,1,0,
2026,,2026-04-03,825026,away,HOU,ATH,682610,Roddery Muñoz,46,P,1.1,5,5,4,2,2,2,10,39,21,0,0,0,
2026,,2026-04-03,825026,home,ATH,HOU,669372,J.T. Ginn,35,P,2.0,2,2,3,0,1,1,10,32,19,0,0,0,
2026,,2026-04-03,825026,home,ATH,HOU,547184,Michael Kelly,49,P,1.0,1,1,1,0,3,2,7,32,19,0,0,0,
2026,,2026-04-03,825026,home,ATH,HOU,605488,Jeffrey Springs,59,P,6.0,1,1,2,0,1,7,21,103,66,1,0,0,
2026,,2026-04-03,825103,away,ATL,ARI,669276,Dylan Lee,52,P,1.0,0,0,1,0,0,1,4,11,9,0,0,0,
2026,,2026-04-03,825103,away,ATL,ARI,663158,Robert Suarez,75,P,1.0,0,0,0,0,0,0,3,8,5,1,0,0,
2026,,2026-04-03,825103,away,ATL,ARI,628452,Raisel Iglesias,26,P,1.0,0,0,0,0,0,0,3,16,10,0,0,1,
2026,,2026-04-03,825103,away,ATL,ARI,656550,Grant Holmes,66,P,6.0,0,0,1,0,3,4,21,85,52,0,0,0,
2026,,2026-04-03,825103,home,ARI,ATL,593958,Eduardo Rodriguez,57,P,7.0,0,0,4,0,1,3,26,90,56,0,0,0,
2026,,2026-04-03,825103,home,ARI,ATL,666661,Juan Morillo,62,P,1.0,0,0,0,0,0,1,3,6,5,0,0,0,
2026,,2026-04-03,825103,home,ARI,ATL,623149,Paul Sewald,38,P,0.2,2,2,2,2,0,1,4,16,12,0,1,0,
2026,,2026-04-03,825103,home,ARI,ATL,657044,Ryan Thompson,81,P,0.1,0,0,0,0,0,0,1,2,2,0,0,0,
2026,,2026-04-03,823240,away,NYM,SFG,623211,Huascar Brazobán,43,P,1.0,0,0,1,0,0,1,4,24,16,0,0,0,
2026,,2026-04-03,823240,away,NYM,SFG,663992,Richard Lovelady,55,P,1.0,1,1,2,0,1,1,6,28,17,0,0,0,
2026,,2026-04-03,823240,away,NYM,SFG,548384,Brooks Raley,25,P,0.2,0,0,0,0,0,1,2,16,10,0,0,0,
2026,,2026-04-03,823240,away,NYM,SFG,690997,Nolan McLean,26,P,5.1,2,1,1,0,2,4,19,93,51,1,0,0,
2026,,2026-04-03,823240,away,NYM,SFG,472610,Luis García,40,P,1.0,0,0,1,0,0,1,4,14,10,0,0,0,
2026,,2026-04-03,823240,home,SFG,NYM,664141,JT Brubaker,34,P,1.1,3,3,3,1,2,2,8,38,24,0,0,0,
2026,,2026-04-03,823240,home,SFG,NYM,641816,Tyler Mahle,54,P,5.0,5,5,8,2,2,4,23,91,58,0,1,0,
2026,,2026-04-03,823240,home,SFG,NYM,668873,Caleb Kilian,45,P,0.1,0,0,0,0,0,1,1,5,3,0,0,0,
2026,,2026-04-03,823240,home,SFG,NYM,669062,Erik Miller,68,P,0.2,2,2,2,0,1,1,5,26,13,0,0,0,
2026,,2026-04-03,823240,home,SFG,NYM,657424,Matt Gage,93,P,1.2,0,0,2,0,1,2,8,37,23,0,0,0,
2026,,2026-04-04,824295,away,STL,DET,694335,Matt Svanson,49,P,2.1,1,1,3,1,1,1,10,30,21,0,0,0,
2026,,2026-04-04,824295,away,STL,DET,688297,Chris Roycroft,58,P,1.0,2,2,2,1,2,2,7,33,22,0,0,0,
2026,,2026-04-04,824295,away,STL,DET,677865,Justin Bruihl,47,P,1.1,1,1,0,0,1,1,5,27,13,0,0,0,
2026,,2026-04-04,824295,away,STL,DET,669160,Dustin May,3,P,3.1,7,7,7,2,2,4,18,79,48,0,1,0,
2026,,2026-04-04,824295,home,DET,STL,676428,Brant Hurter,48,P,1.0,0,0,0,0,1,0,3,13,6,1,0,0,
2026,,2026-04-04,824295,home,DET,STL,623454,Drew Anderson,38,P,1.0,1,1,1,1,0,1,5,17,11,0,0,0,
2026,,2026-04-04,824295,home,DET,STL,663947,Tyler Holton,87,P,1.0,0,0,1,0,0,0,4,19,13,0,0,0,
2026,,2026-04-04,824295,home,DET,STL,445276,Kenley Jansen,74,P,0.1,0,0,0,0,1,1,2,8,4,0,0,0,
2026,,2026-04-04,824295,home,DET,STL,656427,Jack Flaherty,9,P,4.0,5,5,3,0,4,6,22,86,47,0,0,0,
2026,,2026-04-04,824295,home,DET,STL,676684,Will Vest,19,P,1.0,0,0,1,0,0,1,4,19,10,0,0,0,
2026,,2026-04-04,824622,away,TOR,CHW,667297,Tommy Nance,45,P,1.2,0,0,0,0,0,1,5,20,14,0,0,0,
2026,,2026-04-04,824622,away,TOR,CHW,663893,Brendon Little,54,P,0.1,3,3,3,2,0,1,4,13,8,0,1,0,
2026,,2026-04-04,824622,away,TOR,CHW,689254,Mason Fluharty,68,P,1.0,1,1,2,0,1,0,6,20,12,0,0,0,
2026,,2026-04-04,824622,away,TOR,CHW,680755,Braydon Fisher,63,P,1.0,2,0,2,0,1,1,5,25,15,0,0,0,
2026,,2026-04-04,824622,away,TOR,CHW,681751,Lazaro Estrada,60,P,4.0,0,0,0,0,2,3,14,66,44,0,0,0,
2026,,2026-04-04,824622,home,CHW,TOR,641743,Anthony Kay,18,P,4.1,2,2,3,1,2,0,19,76,46,0,0,0,
2026,,2026-04-04,824622,home,CHW,TOR,691799,Grant Taylor,31,P,1.0,0,0,0,0,0,1,3,9,5,0,0,0,
2026,,2026-04-04,824622,home,CHW,TOR,622554,Seranthony Domínguez,58,P,1.0,0,0,1,0,1,1,5,24,14,0,0,1,
2026,,2026-04-04,824622,home,CHW,TOR,669684,Chris Murphy,38,P,1.0,1,1,2,0,0,0,5,10,7,1,0,0,
2026,,2026-04-04,824622,home,CHW,TOR,656794,Sean Newcomb,15,P,0.1,0,0,0,0,1,0,2,16,11,0,0,0,
2026,,2026-04-04,824622,home,CHW,TOR,663855,Jordan Hicks,44,P,1.1,0,0,0,0,1,0,4,19,12,0,0,0,
2026,,2026-04-04,824132,away,MIL,KCR,694477,Chad Patrick,39,P,5.0,0,0,4,0,3,3,20,86,47,1,0,0,
2026,,2026-04-04,824132,away,MIL,KCR,682842,Abner Uribe,45,P,1.1,0,0,0,0,0,1,4,14,8,0,0,0,
2026,,2026-04-04,824132,away,MIL,KCR,676879,Aaron Ashby,26,P,1.2,2,2,4,0,1,3,10,41,28,0,0,0,
2026,,2026-04-04,824132,away,MIL,KCR,656730,Trevor Megill,29,P,1.0,0,0,0,0,2,2,5,22,12,0,0,1,
2026,,2026-04-04,824132,home,KCR,MIL,679883,Luinder Avila,58,P,3.0,5,5,8,1,3,4,18,73,40,0,1,0,
2026,,2026-04-04,824132,home,KCR,MIL,663738,Daniel Lynch IV,41,P,2.0,0,0,1,0,0,3,7,27,17,0,0,0,
2026,,2026-04-04,824132,home,KCR,MIL,656638,Alex Lange,56,P,2.0,0,0,1,0,1,4,8,38,24,0,0,0,
2026,,2026-04-04,824132,home,KCR,MIL,674444,Steven Cruz,64,P,1.0,0,0,0,0,0,1,3,18,11,0,0,0,
2026,,2026-04-04,824132,home,KCR,MIL,670167,John Schreiber,46,P,1.0,0,0,0,0,2,0,4,19,10,0,0,0,
2026,,2026-04-04,824134,away,MIL,KCR,701656,Logan Henderson,,P,2.0,2,2,3,0,1,3,9,35,23,0,0,0,
2026,,2026-04-04,824134,away,MIL,KCR,687075,Brandon Sproat,23,P,3.2,4,4,4,1,3,4,17,70,39,0,1,0,
2026,,2026-04-04,824134,away,MIL,KCR,669084,DL Hall,37,P,2.0,0,0,1,0,1,2,7,38,22,0,0,0,
2026,,2026-04-04,824134,away,MIL,KCR,657649,Jared Koenig,47,P,0.1,2,0,2,0,2,0,6,17,9,0,0,0,
2026,,2026-04-04,824134,home,KCR,MIL,669212,Eli Morgan,,P,3.0,0,0,1,0,1,5,12,42,27,0,0,1,
2026,,2026-04-04,824134,home,KCR,MIL,683232,Nick Mears,31,P,1.0,0,0,0,0,0,0,3,14,8,1,0,0,
2026,,2026-04-04,824134,home,KCR,MIL,607625,Seth Lugo,67,P,5.0,2,2,4,0,2,7,21,103,69,0,0,0,
2026,,2026-04-04,822757,away,LAD,WSN,676508,Ben Casparius,78,P,1.0,2,2,2,1,0,1,5,20,15,0,0,0,
2026,,2026-04-04,822757,away,LAD,WSN,607192,Tyler Glasnow,31,P,6.0,2,2,4,0,2,9,24,101,64,1,0,0,
2026,,2026-04-04,822757,away,LAD,WSN,683618,Edgardo Henriquez,60,P,1.0,1,1,1,0,0,0,4,22,13,0,0,0,
2026,,2026-04-04,822757,away,LAD,WSN,656945,Tanner Scott,66,P,1.0,0,0,1,0,0,1,4,14,9,0,0,0,
2026,,2026-04-04,822757,home,WSN,LAD,669371,Cole Henry,99,P,2.0,0,0,1,0,0,2,7,23,16,0,0,0,
2026,,2026-04-04,822757,home,WSN,LAD,695418,Brad Lord,41,P,2.0,3,3,5,1,1,0,12,49,33,0,0,0,
2026,,2026-04-04,822757,home,WSN,LAD,663623,Jake Irvin,27,P,4.0,6,6,8,0,2,4,22,85,58,0,1,0,
2026,,2026-04-04,822757,home,WSN,LAD,681402,Gus Varland,47,P,1.0,1,1,2,0,0,2,5,19,17,0,0,0,
2026,,2026-04-04,825027,away,HOU,ATH,678906,Kai-Wei Teng,17,P,2.1,0,0,2,0,0,3,9,33,22,0,0,0,
2026,,2026-04-04,825027,away,HOU,ATH,595345,Steven Okert,48,P,1.0,0,0,0,0,0,1,3,16,11,0,0,0,
2026,,2026-04-04,825027,away,HOU,ATH,837227,Tatsuya Imai,45,P,5.2,0,0,3,0,3,9,22,94,58,1,0,0,
2026,,2026-04-04,825027,home,ATH,HOU,547184,Michael Kelly,49,P,1.0,0,0,1,0,1,0,5,17,11,0,0,0,
2026,,2026-04-04,825027,home,ATH,HOU,665660,Elvis Alvarado,37,P,2.0,2,2,3,0,2,0,9,29,17,0,0,0,
2026,,2026-04-04,825027,home,ATH,HOU,663687,Hogan Harris,36,P,1.0,3,3,4,0,2,1,9,34,18,0,0,0,
2026,,2026-04-04,825027,home,ATH,HOU,665622,Luis Medina,46,P,2.0,1,1,2,1,2,4,10,43,23,0,0,0,
2026,,2026-04-04,825027,home,ATH,HOU,806960,Luis Morales,19,P,3.0,5,5,8,1,6,0,22,77,38,0,1,0,
2026,,2026-04-04,823404,away,BAL,PIT,689296,Anthony Nunez,66,P,1.0,1,0,1,0,1,0,6,27,13,0,0,0,
2026,,2026-04-04,823404,away,BAL,PIT,670329,Rico Garcia,50,P,0.1,0,0,0,0,1,0,2,10,5,0,0,0,
2026,,2026-04-04,823404,away,BAL,PIT,664854,Ryan Helsley,21,P,0.1,1,1,2,0,1,0,4,13,9,0,1,0,
2026,,2026-04-04,823404,away,BAL,PIT,664991,Grant Wolfram,48,P,1.0,0,0,1,0,0,2,4,21,12,0,0,0,
2026,,2026-04-04,823404,away,BAL,PIT,669358,Shane Baz,34,P,5.2,1,1,4,0,3,5,25,98,63,0,0,0,
2026,,2026-04-04,823404,home,PIT,BAL,676755,Isaac Mattson,72,P,1.0,0,0,1,0,1,1,4,17,9,0,0,0,
2026,,2026-04-04,823404,home,PIT,BAL,669387,Carmen Mlodzinski,50,P,4.2,2,2,5,0,3,5,21,84,49,0,0,0,
2026,,2026-04-04,823404,home,PIT,BAL,642701,Dennis Santana,60,P,1.0,0,0,0,0,0,1,3,13,10,1,0,0,
2026,,2026-04-04,823404,home,PIT,BAL,682995,Hunter Barco,45,P,2.1,0,0,0,0,3,1,10,45,22,0,0,0,
2026,,2026-04-04,824782,away,SDP,BOS,695243,Mason Miller,22,P,1.0,0,0,0,0,0,3,3,11,9,0,0,1,
2026,,2026-04-04,824782,away,SDP,BOS,669093,Jeremiah Estrada,56,P,1.0,0,0,0,0,0,0,3,10,5,0,0,0,
2026,,2026-04-04,824782,away,SDP,BOS,670970,Adrian Morejon,50,P,1.0,1,1,2,0,0,2,5,29,20,1,0,0,
2026,,2026-04-04,824782,away,SDP,BOS,681190,Randy Vásquez,98,P,6.0,1,1,6,0,1,3,23,83,57,0,0,0,
2026,,2026-04-04,824782,home,BOS,SDP,813349,Connelly Early,71,P,4.0,2,2,3,0,4,4,19,88,53,0,0,0,
2026,,2026-04-04,824782,home,BOS,SDP,677161,Zack Kelly,76,P,1.0,0,0,0,0,0,1,3,9,8,0,0,0,
2026,,2026-04-04,824782,home,BOS,SDP,686580,Justin Slaten,,P,1.0,0,0,1,0,0,1,4,19,11,0,0,0,
2026,,2026-04-04,824782,home,BOS,SDP,543056,Danny Coulombe,67,P,0.2,0,0,0,0,0,1,2,8,6,0,0,0,
2026,,2026-04-04,824782,home,BOS,SDP,547973,Aroldis Chapman,44,P,1.0,1,1,2,0,0,1,5,17,13,0,1,0,
2026,,2026-04-04,824782,home,BOS,SDP,670245,Ryan Watson,56,P,1.1,0,0,1,0,1,1,6,26,13,0,0,0,
2026,,2026-04-04,822920,away,CIN,TEX,641941,Emilio Pagán,15,P,1.0,0,0,1,0,2,1,5,23,12,0,0,1,
2026,,2026-04-04,822920,away,CIN,TEX,663574,Tony Santillan,64,P,1.0,0,0,0,0,0,1,3,11,8,0,0,0,
2026,,2026-04-04,822920,away,CIN,TEX,695076,Rhett Lowder,25,P,6.0,0,0,3,0,2,4,23,82,54,1,0,0,
2026,,2026-04-04,822920,away,CIN,TEX,668933,Graham Ashcraft,23,P,1.0,0,0,0,0,1,1,4,18,11,0,0,0,
2026,,2026-04-04,822920,home,TEX,CIN,677958,Kumar Rocker,80,P,5.0,2,2,6,0,1,3,23,80,52,0,1,0,
2026,,2026-04-04,822920,home,TEX,CIN,641302,Tyler Alexander,13,P,1.0,0,0,1,0,0,1,4,13,9,0,0,0,
2026,,2026-04-04,822920,home,TEX,CIN,656641,Jacob Latz,67,P,1.0,0,0,0,0,0,2,3,15,9,0,0,0,
2026,,2026-04-04,822920,home,TEX,CIN,656222,Jalen Beeks,68,P,1.0,0,0,1,0,0,0,4,16,11,0,0,0,
2026,,2026-04-04,822920,home,TEX,CIN,691945,Carter Baumler,45,P,1.0,0,0,0,0,0,1,3,12,8,0,0,0,
2026,,2026-04-04,823569,away,MIA,NYY,676534,Calvin Faucher,53,P,1.0,1,0,0,0,1,2,4,16,9,0,0,0,
2026,,2026-04-04,823569,away,MIA,NYY,676974,Max Meyer,23,P,4.2,2,2,3,1,3,6,21,89,52,0,0,0,
2026,,2026-04-04,823569,away,MIA,NYY,667463,John King,47,P,0.2,0,0,0,0,0,1,2,10,7,0,0,0,
2026,,2026-04-04,823569,away,MIA,NYY,656848,Michael Petersen,49,P,1.0,3,2,1,0,3,0,7,30,13,0,1,0,
2026,,2026-04-04,823569,away,MIA,NYY,669622,Anthony Bender,37,P,0.1,2,2,2,0,0,1,4,15,8,0,0,0,
2026,,2026-04-04,823569,away,MIA,NYY,677053,Andrew Nardi,43,P,0.1,1,1,0,0,3,1,4,21,8,0,0,0,
2026,,2026-04-04,823569,home,NYY,MIA,621112,Paul Blackburn,58,P,1.2,1,0,3,0,0,2,8,28,18,0,0,0,
2026,,2026-04-04,823569,home,NYY,MIA,677960,Ryan Weathers,40,P,3.2,3,3,6,0,3,4,19,88,52,0,0,0,
2026,,2026-04-04,823569,home,NYY,MIA,657612,Tim Hill,41,P,1.0,0,0,0,0,0,0,3,14,9,0,0,0,
2026,,2026-04-04,823569,home,NYY,MIA,687396,Brent Headrick,47,P,0.2,0,0,0,0,1,0,3,7,4,1,0,0,
2026,,2026-04-04,823569,home,NYY,MIA,518585,Fernando Cruz,63,P,0.2,0,0,0,0,0,1,2,5,4,0,0,0,
2026,,2026-04-04,823569,home,NYY,MIA,666808,Camilo Doval,75,P,0.1,2,2,3,0,0,1,4,23,13,0,0,0,
2026,,2026-04-04,823569,home,NYY,MIA,670280,David Bednar,53,P,1.0,1,1,3,0,1,2,7,33,21,0,0,1,
2026,,2026-04-04,823730,away,TBR,MIN,571927,Steven Matz,32,P,6.0,1,1,2,0,2,8,22,97,58,1,0,0,
2026,,2026-04-04,823730,away,TBR,MIN,669438,Mason Englert,59,P,1.0,0,0,0,0,0,1,3,14,9,0,0,0,
2026,,2026-04-04,823730,away,TBR,MIN,642121,Cole Sulser,71,P,2.0,0,0,1,0,2,3,9,35,18,0,0,0,
2026,,2026-04-04,823730,home,MIN,TBR,689520,Cody Laweryson,65,P,1.0,0,0,0,0,0,1,3,9,7,0,0,0,
2026,,2026-04-04,823730,home,MIN,TBR,607455,Anthony Banda,43,P,1.0,0,0,0,0,0,1,4,15,10,0,0,0,
2026,,2026-04-04,823730,home,MIN,TBR,573124,Taylor Rogers,55,P,1.0,2,2,3,0,0,0,5,23,12,0,0,0,
2026,,2026-04-04,823730,home,MIN,TBR,687849,Zak Kent,54,P,2.0,1,1,1,0,2,0,9,34,17,0,0,0,
2026,,2026-04-04,823730,home,MIN,TBR,690953,Mick Abel,20,P,4.0,4,4,6,0,3,3,22,84,53,0,1,0,
2026,,2026-04-04,825104,away,ATL,ARI,641755,Tyler Kinley,45,P,1.0,0,0,0,0,0,1,3,7,6,0,0,0,
2026,,2026-04-04,825104,away,ATL,ARI,693821,Bryce Elder,55,P,7.0,2,0,4,0,1,8,24,89,61,0,1,0,
2026,,2026-04-04,825104,home,ARI,ATL,666661,Juan Morillo,62,P,1.0,0,0,0,0,0,1,3,14,10,0,0,0,
2026,,2026-04-04,825104,home,ARI,ATL,642528,Jonathan Loáisiga,43,P,1.0,0,0,0,0,0,0,3,10,7,0,0,0,
2026,,2026-04-04,825104,home,ARI,ATL,623149,Paul Sewald,38,P,1.0,0,0,0,0,0,2,3,21,14,0,0,1,
2026,,2026-04-04,825104,home,ARI,ATL,647336,Michael Soroka,34,P,5.0,1,1,4,0,3,3,22,91,57,1,0,0,
2026,,2026-04-04,825104,home,ARI,ATL,664199,Taylor Clarke,45,P,1.0,0,0,0,0,0,1,3,12,7,0,0,0,
2026,,2026-04-04,824378,away,PHI,COL,666200,Jesús Luzardo,44,P,6.2,1,1,5,0,0,11,24,99,72,1,0,0,
2026,,2026-04-04,824378,away,PHI,COL,621237,José Alvarado,46,P,0.1,0,0,0,0,1,1,2,12,5,0,0,0,
2026,,2026-04-04,824378,away,PHI,COL,661395,Jhoan Duran,59,P,1.0,0,0,0,0,0,1,3,8,7,0,0,1,
2026,,2026-04-04,824378,away,PHI,COL,641745,Brad Keller,40,P,1.0,0,0,1,0,0,0,4,13,11,0,0,0,
2026,,2026-04-04,824378,home,COL,PHI,680767,Victor Vodnik,38,P,1.0,0,0,1,0,0,0,4,12,8,0,0,0,
2026,,2026-04-04,824378,home,COL,PHI,623474,Jimmy Herget,44,P,1.1,0,0,0,0,0,2,4,15,11,0,0,0,
2026,,2026-04-04,824378,home,COL,PHI,801403,Chase Dollander,32,P,4.1,1,1,4,0,1,6,18,71,49,0,1,0,
2026,,2026-04-04,824378,home,COL,PHI,657514,Brennan Bernardino,83,P,0.2,1,1,1,0,2,0,5,21,10,0,0,0,
2026,,2026-04-04,824378,home,COL,PHI,675848,Juan Mejia,47,P,1.0,0,0,1,0,0,1,4,14,13,0,0,0,
2026,,2026-04-04,824378,home,COL,PHI,677955,Jaden Hill,0,P,0.2,0,0,0,0,1,1,3,14,6,0,0,0,
2026,,2026-04-04,823239,away,NYM,SFG,668964,Tobias Myers,32,P,2.0,0,0,0,0,0,1,6,30,21,0,0,0,
2026,,2026-04-04,823239,away,NYM,SFG,605280,Clay Holmes,35,P,7.0,0,0,3,0,2,4,26,90,61,1,0,0,
2026,,2026-04-04,823239,home,SFG,NYM,676775,Keaton Winn,67,P,1.0,1,1,2,0,1,1,6,23,13,0,0,0,
2026,,2026-04-04,823239,home,SFG,NYM,668873,Caleb Kilian,45,P,1.0,0,0,0,0,0,1,3,12,8,0,0,0,
2026,,2026-04-04,823239,home,SFG,NYM,621366,Ryan Borucki,47,P,1.1,1,1,3,1,0,1,7,22,18,0,0,0,
2026,,2026-04-04,823239,home,SFG,NYM,683766,Christian Koss,50,P,1.0,0,0,0,0,0,0,3,9,5,0,0,0,
2026,,2026-04-04,823239,home,SFG,NYM,694738,Landen Roupp,65,P,4.2,7,5,7,0,1,7,23,95,63,0,1,0,
2026,,2026-04-04,824054,away,SEA,LAA,660825,Eduard Bazardo,83,P,1.1,0,0,1,0,0,2,5,25,16,0,0,0,
2026,,2026-04-04,824054,away,SEA,LAA,676106,Emerson Hancock,26,P,6.2,1,1,6,1,0,5,24,82,58,0,1,0,
2026,,2026-04-04,824054,home,LAA,SEA,681217,Chase Silseth,63,P,1.0,0,0,0,0,0,2,3,16,10,0,0,0,
2026,,2026-04-04,824054,home,LAA,SEA,686799,Jack Kochanowicz,41,P,5.2,0,0,4,0,2,7,23,86,61,1,0,0,
2026,,2026-04-04,824054,home,LAA,SEA,519141,Drew Pomeranz,13,P,0.1,0,0,0,0,0,0,1,4,3,0,0,0,
2026,,2026-04-04,824054,home,LAA,SEA,696147,Sam Bachman,40,P,0.2,0,0,1,0,0,0,3,8,5,0,0,0,
2026,,2026-04-04,824054,home,LAA,SEA,664192,Joey Lucchesi,67,P,0.1,0,0,0,0,1,0,3,11,6,0,0,0,
2026,,2026-04-04,824054,home,LAA,SEA,605447,Jordan Romano,68,P,1.0,0,0,0,0,0,1,3,15,8,0,0,1,
2026,,2026-04-05,824459,away,CHC,CLE,694037,Daniel Palencia,48,P,1.0,0,0,0,0,0,1,3,13,10,0,0,1,
2026,,2026-04-05,824459,away,CHC,CLE,571948,Hoby Milner,41,P,1.0,0,0,0,0,0,0,3,14,7,0,0,0,
2026,,2026-04-05,824459,away,CHC,CLE,665795,Edward Cabrera,30,P,5.2,0,0,1,0,5,4,22,97,51,0,0,0,
2026,,2026-04-05,824459,away,CHC,CLE,573204,Caleb Thielbar,24,P,1.1,0,0,0,0,1,0,5,28,18,1,0,0,
2026,,2026-04-05,824459,home,CLE,CHC,641401,Connor Brogdon,75,P,1.0,1,1,1,0,1,0,5,19,11,0,1,0,
2026,,2026-04-05,824459,home,CLE,CHC,677944,Slade Cecconi,44,P,6.0,0,0,1,0,1,6,21,85,55,0,0,0,
2026,,2026-04-05,824459,home,CLE,CHC,688883,Peyton Pallette,41,P,1.0,0,0,0,0,0,2,4,15,10,0,0,0,
2026,,2026-04-05,824459,home,CLE,CHC,682120,Tim Herrin,29,P,1.0,0,0,0,0,0,2,3,17,12,0,0,0,
2026,,2026-04-05,824460,away,CHC,CLE,681799,Ethan Roberts,39,P,0.2,0,0,1,0,0,0,3,13,10,0,0,0,
2026,,2026-04-05,824460,away,CHC,CLE,684007,Shota Imanaga,18,P,5.0,1,1,3,0,1,4,19,92,62,0,0,0,
2026,,2026-04-05,824460,away,CHC,CLE,657097,Jacob Webb,71,P,0.1,3,3,3,1,1,0,5,20,10,0,1,0,
2026,,2026-04-05,824460,away,CHC,CLE,676962,Ben Brown,32,P,2.0,2,2,2,0,2,0,10,42,22,0,0,0,
2026,,2026-04-05,824460,home,CLE,CHC,542888,Shawn Armstrong,43,P,1.1,1,1,1,1,1,2,6,29,15,1,0,0,
2026,,2026-04-05,824460,home,CLE,CHC,670036,Matt Festa,52,P,1.0,2,2,2,1,0,1,5,13,11,0,0,0,
2026,,2026-04-05,824460,home,CLE,CHC,671922,Cade Smith,36,P,1.0,1,1,1,0,2,2,6,33,20,0,0,1,
2026,,2026-04-05,824460,home,CLE,CHC,800048,Parker Messick,77,P,5.0,1,1,2,1,3,6,20,91,51,0,0,0,
2026,,2026-04-05,824460,home,CLE,CHC,681870,Erik Sabrowski,62,P,0.2,0,0,1,0,0,1,3,14,8,0,0,0,
2026,,2026-04-05,822756,away,LAD,WSN,681911,Alex Vesia,51,P,1.0,0,0,1,0,1,0,5,17,10,0,0,0,
2026,,2026-04-05,822756,away,LAD,WSN,656945,Tanner Scott,66,P,1.0,0,0,1,0,0,1,4,15,11,0,0,0,
2026,,2026-04-05,822756,away,LAD,WSN,621242,Edwin Díaz,3,P,1.0,0,0,0,0,0,1,3,13,8,0,0,1,
2026,,2026-04-05,822756,away,LAD,WSN,676263,Jack Dreyer,86,P,1.0,0,0,0,0,1,1,4,16,10,1,0,0,
2026,,2026-04-05,822756,away,LAD,WSN,808963,Roki Sasaki,11,P,5.0,6,6,5,2,3,5,23,90,57,0,0,0,
2026,,2026-04-05,822756,home,WSN,LAD,701552,Andre Granillo,79,P,0.1,0,0,0,0,0,0,1,8,5,0,0,0,
2026,,2026-04-05,822756,home,WSN,LAD,676571,PJ Poulin,50,P,2.0,2,2,2,1,0,2,8,34,22,0,0,0,
2026,,2026-04-05,822756,home,WSN,LAD,690925,Clayton Beeter,39,P,1.2,1,1,1,1,0,2,6,25,16,0,0,0,
2026,,2026-04-05,822756,home,WSN,LAD,672335,Cionel Pérez,51,P,0.0,4,4,3,0,2,0,5,20,10,0,1,0,
2026,,2026-04-05,822756,home,WSN,LAD,656492,Foster Griffin,22,P,5.0,1,1,5,1,3,6,22,95,52,0,0,0,
2026,,2026-04-05,823405,away,BAL,PIT,700249,Cade Povich,37,P,5.2,2,2,4,1,3,2,24,87,53,0,0,0,
2026,,2026-04-05,823405,away,BAL,PIT,605135,Chris Bassitt,40,P,2.0,6,6,6,1,2,0,15,62,32,0,1,0,
2026,,2026-04-05,823405,away,BAL,PIT,666974,Yennier Cano,78,P,0.1,0,0,0,0,0,1,1,7,4,0,0,0,
2026,,2026-04-05,823405,home,PIT,BAL,682254,Mason Montgomery,46,P,1.0,1,1,3,0,0,3,6,25,18,0,0,0,
2026,,2026-04-05,823405,home,PIT,BAL,664353,José Urquidy,65,P,2.0,0,0,1,0,0,3,6,31,23,0,0,0,
2026,,2026-04-05,823405,home,PIT,BAL,677952,Braxton Ashcraft,35,P,6.0,1,1,4,0,0,8,21,87,54,1,0,0,
2026,,2026-04-05,824781,away,SDP,BOS,695243,Mason Miller,22,P,1.0,0,0,0,0,0,3,3,12,9,0,0,1,
2026,,2026-04-05,824781,away,SDP,BOS,593974,Wandy Peralta,58,P,0.1,1,1,2,0,0,0,3,10,5,0,0,0,
2026,,2026-04-05,824781,away,SDP,BOS,621111,Walker Buehler,10,P,2.2,4,4,3,0,3,4,14,61,33,0,0,0,
2026,,2026-04-05,824781,away,SDP,BOS,699134,Bradgley Rodriguez,72,P,1.2,1,1,3,0,0,2,8,25,19,0,0,0,
2026,,2026-04-05,824781,away,SDP,BOS,669093,Jeremiah Estrada,56,P,1.0,0,0,0,0,0,1,3,13,8,1,0,0,
2026,,2026-04-05,824781,away,SDP,BOS,606996,Kyle Hart,68,P,2.1,0,0,1,0,1,0,9,28,18,0,0,0,
2026,,2026-04-05,824781,home,BOS,SDP,669711,Greg Weissert,57,P,1.0,2,2,2,1,0,3,5,18,12,0,0,0,
2026,,2026-04-05,824781,home,BOS,SDP,677161,Zack Kelly,76,P,1.0,1,1,1,0,0,0,4,17,9,0,0,0,
2026,,2026-04-05,824781,home,BOS,SDP,624133,Ranger Suarez,55,P,4.0,4,4,6,0,2,2,18,75,48,0,0,0,
2026,,2026-04-05,824781,home,BOS,SDP,700413,Tyler Uberstine,79,P,2.2,1,1,3,1,1,2,11,45,34,0,1,0,
2026,,2026-04-05,824781,home,BOS,SDP,543056,Danny Coulombe,67,P,0.1,0,0,0,0,0,0,1,2,2,0,0,0,
2026,,2026-04-05,823566,away,MIA,NYY,664126,Pete Fairbanks,29,P,1.0,3,3,3,1,1,1,7,27,16,0,0,0,
2026,,2026-04-05,823566,away,MIA,NYY,676534,Calvin Faucher,53,P,1.0,0,0,0,0,1,1,4,23,12,0,0,0,
2026,,2026-04-05,823566,away,MIA,NYY,667463,John King,47,P,0.1,0,0,0,0,0,0,1,5,3,1,0,0,
2026,,2026-04-05,823566,away,MIA,NYY,669622,Anthony Bender,37,P,1.0,2,2,1,0,3,2,7,31,20,0,0,1,
2026,,2026-04-05,823566,away,MIA,NYY,663978,Chris Paddack,33,P,4.2,1,0,3,0,4,4,22,88,50,0,0,0,
2026,,2026-04-05,823566,away,MIA,NYY,677053,Andrew Nardi,43,P,1.0,0,0,0,0,0,1,3,12,10,0,0,0,
2026,,2026-04-05,823566,home,NYY,MIA,642232,Ryan Yarbrough,33,P,1.2,0,0,1,0,0,3,6,23,16,0,0,0,
2026,,2026-04-05,823566,home,NYY,MIA,518585,Fernando Cruz,63,P,0.2,1,1,0,0,1,2,3,16,9,0,0,0,
2026,,2026-04-05,823566,home,NYY,MIA,608331,Max Fried,54,P,6.2,3,3,5,0,3,4,27,103,64,0,0,0,
2026,,2026-04-05,823566,home,NYY,MIA,656234,Jake Bird,59,P,0.0,3,3,1,0,1,0,3,10,4,0,1,0,
2026,,2026-04-05,823729,away,TBR,MIN,607259,Nick Martinez,28,P,6.0,1,1,1,1,1,4,20,81,52,0,0,0,
2026,,2026-04-05,823729,away,TBR,MIN,687330,Kevin Kelly,49,P,1.0,0,0,0,0,0,1,3,19,11,0,0,1,
2026,,2026-04-05,823729,away,TBR,MIN,643377,Griffin Jax,22,P,2.0,0,0,2,0,1,0,8,30,16,0,0,0,
2026,,2026-04-05,823729,away,TBR,MIN,641329,Bryan Baker,47,P,1.0,0,0,0,0,0,2,3,14,8,1,0,0,
2026,,2026-04-05,823729,home,MIN,TBR,623437,Justin Topa,48,P,0.1,3,2,2,1,1,0,4,15,7,0,1,0,
2026,,2026-04-05,823729,home,MIN,TBR,680573,Simeon Woods Richardson,24,P,6.2,1,1,5,1,2,4,26,88,51,0,0,0,
2026,,2026-04-05,823729,home,MIN,TBR,663485,Cole Sands,44,P,2.0,0,0,1,0,0,1,6,21,13,0,0,0,
2026,,2026-04-05,823729,home,MIN,TBR,573124,Taylor Rogers,55,P,0.2,0,0,0,0,2,0,4,18,7,0,0,0,
2026,,2026-04-05,823729,home,MIN,TBR,681892,Kody Funderburk,57,P,0.1,0,0,0,0,0,0,1,3,3,0,0,0,
2026,,2026-04-05,824620,away,TOR,CHW,693686,Spencer Miles,62,P,2.0,0,0,2,0,0,2,8,27,18,0,0,0,
2026,,2026-04-05,824620,away,TOR,CHW,573009,Joe Mantiply,35,P,1.1,0,0,0,0,0,3,4,17,11,0,0,0,
2026,,2026-04-05,824620,away,TOR,CHW,608723,Austin Voth,50,P,2.2,1,1,3,0,1,1,12,49,26,0,0,0,
2026,,2026-04-05,824620,away,TOR,CHW,641778,Eric Lauer,56,P,2.0,2,2,3,0,3,0,12,49,26,0,1,0,
2026,,2026-04-05,824620,home,CHW,TOR,663436,Davis Martin,65,P,6.0,0,0,4,0,2,6,23,85,57,1,0,0,
2026,,2026-04-05,824620,home,CHW,TOR,669684,Chris Murphy,38,P,1.0,0,0,0,0,1,1,4,15,9,0,0,1,
2026,,2026-04-05,824620,home,CHW,TOR,673929,Jordan Leasure,49,P,1.1,0,0,0,0,0,1,4,19,15,0,0,0,
2026,,2026-04-05,824620,home,CHW,TOR,663542,Bryan Hudson,60,P,0.2,0,0,2,0,0,1,4,19,13,0,0,0,
2026,,2026-04-05,824131,away,MIL,KCR,682842,Abner Uribe,45,P,0.1,1,1,2,0,0,1,3,14,8,0,0,0,
2026,,2026-04-05,824131,away,MIL,KCR,681982,Grant Anderson,56,P,0.2,2,2,2,0,1,1,5,12,7,0,0,0,
2026,,2026-04-05,824131,away,MIL,KCR,690986,Kyle Harrison,52,P,5.1,2,2,3,1,2,6,21,90,55,1,0,0,
2026,,2026-04-05,824131,away,MIL,KCR,672582,Angel Zerpa,61,P,1.2,0,0,1,0,1,1,6,23,16,0,0,0,
2026,,2026-04-05,824131,away,MIL,KCR,656730,Trevor Megill,29,P,1.0,0,0,1,0,0,0,4,12,8,0,0,1,
2026,,2026-04-05,824131,home,KCR,MIL,668674,Lucas Erceg,60,P,1.0,2,2,3,0,1,1,6,30,17,0,0,0,
2026,,2026-04-05,824131,home,KCR,MIL,663460,Kris Bubic,50,P,5.0,4,4,4,1,3,8,22,96,58,0,1,0,
2026,,2026-04-05,824131,home,KCR,MIL,621381,Matt Strahm,25,P,1.0,2,2,2,0,1,1,6,29,17,0,0,0,
2026,,2026-04-05,824131,home,KCR,MIL,683232,Nick Mears,31,P,1.0,0,0,1,0,1,0,5,14,7,0,0,0,
2026,,2026-04-05,824131,home,KCR,MIL,674444,Steven Cruz,64,P,1.0,0,0,0,0,2,1,5,16,9,0,0,0,
2026,,2026-04-05,822917,away,CIN,TEX,572955,Pierce Johnson,52,P,0.2,0,0,0,0,1,1,3,20,11,0,0,0,
2026,,2026-04-05,822917,away,CIN,TEX,683175,Connor Phillips,34,P,1.0,0,0,1,0,1,1,5,28,19,0,0,0,
2026,,2026-04-05,822917,away,CIN,TEX,594580,Sam Moll,50,P,0.1,0,0,0,0,0,1,1,6,3,1,0,0,
2026,,2026-04-05,822917,away,CIN,TEX,656271,Brock Burke,49,P,1.0,0,0,0,0,0,3,3,14,9,0,0,1,
2026,,2026-04-05,822917,away,CIN,TEX,695505,Chase Burns,26,P,6.0,1,1,5,1,1,9,24,87,59,0,0,0,
2026,,2026-04-05,822917,home,TEX,CIN,683004,Jack Leiter,22,P,5.0,1,1,4,0,1,9,20,85,55,0,0,0,
2026,,2026-04-05,822917,home,TEX,CIN,656641,Jacob Latz,67,P,1.0,0,0,0,0,1,1,4,19,12,0,0,0,
2026,,2026-04-05,822917,home,TEX,CIN,656222,Jalen Beeks,68,P,0.1,0,0,0,0,0,0,1,2,2,0,0,0,
2026,,2026-04-05,822917,home,TEX,CIN,676395,Robert Garcia,62,P,0.1,1,1,1,0,2,0,4,20,8,0,1,0,
2026,,2026-04-05,822917,home,TEX,CIN,668390,Cole Winn,60,P,1.0,0,0,1,0,0,1,4,14,10,0,0,0,
2026,,2026-04-05,822917,home,TEX,CIN,455119,Chris Martin,31,P,1.1,0,0,3,0,0,1,6,13,12,0,0,0,
2026,,2026-04-05,824379,away,PHI,COL,641835,Tim Mayza,37,P,1.0,0,0,0,0,0,1,3,13,7,0,0,0,
2026,,2026-04-05,824379,away,PHI,COL,592836,Taijuan Walker,99,P,5.0,4,4,7,3,2,4,23,87,57,0,1,0,
2026,,2026-04-05,824379,away,PHI,COL,621383,Tanner Banks,58,P,1.0,0,0,0,0,0,1,3,8,5,0,0,0,
2026,,2026-04-05,824379,away,PHI,COL,679775,Kyle Backhus,19,P,1.0,0,0,0,0,0,2,3,12,8,0,0,0,
2026,,2026-04-05,824379,home,COL,PHI,680767,Victor Vodnik,38,P,1.0,0,0,2,0,0,3,5,22,16,0,0,1,
2026,,2026-04-05,824379,home,COL,PHI,657514,Brennan Bernardino,83,P,1.0,0,0,0,0,0,2,3,14,10,0,0,0,
2026,,2026-04-05,824379,home,COL,PHI,608372,Tomoyuki Sugano,11,P,6.0,1,1,4,1,1,5,23,78,51,1,0,0,
2026,,2026-04-05,824379,home,COL,PHI,677955,Jaden Hill,0,P,1.0,0,0,0,0,0,0,4,10,8,0,0,0,
2026,,2026-04-05,825025,away,HOU,ATH,650556,Bryan Abreu,52,P,0.1,3,2,2,1,1,0,3,16,7,0,1,0,
2026,,2026-04-05,825025,away,HOU,ATH,685005,Christian Roa,73,P,0.2,0,0,2,0,1,0,5,27,18,0,0,0,
2026,,2026-04-05,825025,away,HOU,ATH,595345,Steven Okert,48,P,0.1,2,2,1,0,1,0,3,9,5,0,0,0,
2026,,2026-04-05,825025,away,HOU,ATH,805123,AJ Blubaugh,69,P,2.0,4,4,5,1,2,1,13,44,26,0,0,0,
2026,,2026-04-05,825025,away,HOU,ATH,621121,Lance McCullers Jr.,43,P,4.0,3,3,5,0,3,4,18,79,45,0,0,0,
2026,,2026-04-05,825025,away,HOU,ATH,687911,Bryan King,74,P,1.2,0,0,1,0,1,1,7,23,11,0,0,0,
2026,,2026-04-05,825025,home,ATH,HOU,669372,J.T. Ginn,35,P,1.1,2,2,2,1,0,1,6,27,18,0,0,0,
2026,,2026-04-05,825025,home,ATH,HOU,686993,Justin Sterner,60,P,1.1,0,0,2,0,1,1,6,22,14,0,0,0,
2026,,2026-04-05,825025,home,ATH,HOU,605130,Scott Barlow,58,P,0.0,4,4,2,1,2,0,4,16,4,0,0,0,
2026,,2026-04-05,825025,home,ATH,HOU,682052,Jacob Lopez,57,P,4.1,3,3,3,1,5,6,21,92,51,0,0,0,
2026,,2026-04-05,825025,home,ATH,HOU,665660,Elvis Alvarado,37,P,0.2,0,0,0,0,0,1,2,8,5,1,0,0,
2026,,2026-04-05,825025,home,ATH,HOU,663687,Hogan Harris,36,P,1.1,1,0,1,0,2,2,7,21,13,0,0,0,
2026,,2026-04-05,825025,home,ATH,HOU,643410,Mark Leiter Jr.,38,P,1.0,0,0,1,0,1,0,5,26,13,0,0,0,
2026,,2026-04-05,823238,away,NYM,SFG,623211,Huascar Brazobán,43,P,1.1,0,0,0,0,0,0,4,10,7,1,0,0,
2026,,2026-04-05,823238,away,NYM,SFG,596133,Luke Weaver,30,P,1.0,0,0,0,0,0,0,3,12,10,0,0,0,
2026,,2026-04-05,823238,away,NYM,SFG,642207,Devin Williams,38,P,1.0,0,0,2,0,0,1,4,21,13,0,0,1,
2026,,2026-04-05,823238,away,NYM,SFG,673540,Kodai Senga,34,P,5.2,2,2,5,0,2,7,22,88,55,0,0,0,
2026,,2026-04-05,823238,home,SFG,NYM,664141,JT Brubaker,34,P,1.0,0,0,1,0,1,0,5,19,12,0,0,0,
2026,,2026-04-05,823238,home,SFG,NYM,657277,Logan Webb,62,P,7.0,1,1,7,0,1,3,28,92,61,0,0,0,
2026,,2026-04-05,823238,home,SFG,NYM,676775,Keaton Winn,67,P,0.1,2,2,2,0,0,0,3,8,5,0,1,0,
2026,,2026-04-05,823238,home,SFG,NYM,669062,Erik Miller,68,P,0.2,2,2,3,0,0,2,5,24,15,0,0,0,
2026,,2026-04-05,824053,away,SEA,LAA,678606,Jose A. Ferrer,45,P,1.0,2,2,4,0,0,1,7,19,14,0,0,0,
2026,,2026-04-05,824053,away,SEA,LAA,668984,Casey Legumina,64,P,2.0,0,0,1,0,0,0,7,26,15,0,0,0,
2026,,2026-04-05,824053,away,SEA,LAA,677961,Cole Wilcox,43,P,1.1,0,0,0,0,1,2,5,23,14,0,0,0,
2026,,2026-04-05,824053,away,SEA,LAA,666374,Matt Brash,47,P,1.0,1,0,0,0,0,1,3,10,8,0,0,0,
2026,,2026-04-05,824053,away,SEA,LAA,622491,Luis Castillo,58,P,3.2,4,3,6,0,1,4,20,84,53,0,0,0,
2026,,2026-04-05,824053,away,SEA,LAA,662253,Andrés Muñoz,75,P,1.0,0,0,0,0,0,1,3,16,10,0,0,0,
2026,,2026-04-05,824053,away,SEA,LAA,642100,Gabe Speier,55,P,0.2,1,0,0,0,1,0,3,3,3,0,1,0,
2026,,2026-04-05,824053,home,LAA,SEA,696147,Sam Bachman,40,P,2.0,1,1,2,0,0,2,7,28,17,0,0,0,
2026,,2026-04-05,824053,home,LAA,SEA,666171,Ryan Zeferjahn,56,P,2.0,2,2,0,0,1,5,8,27,17,0,0,0,
2026,,2026-04-05,824053,home,LAA,SEA,641312,Shaun Anderson,64,P,2.0,1,0,1,0,1,1,8,27,15,1,0,0,
2026,,2026-04-05,824053,home,LAA,SEA,691946,George Klassen,58,P,2.2,2,2,3,0,5,4,16,73,40,0,0,0,
2026,,2026-04-05,824053,home,LAA,SEA,608718,Brent Suter,37,P,2.1,1,1,1,1,1,3,8,39,22,0,0,0,
2026,,2026-04-05,825102,away,ATL,ARI,669276,Dylan Lee,52,P,1.0,1,1,2,0,0,0,5,18,12,0,0,0,
2026,,2026-04-05,825102,away,ATL,ARI,663158,Robert Suarez,75,P,1.0,0,0,0,0,0,3,3,14,10,0,0,0,
2026,,2026-04-05,825102,away,ATL,ARI,606303,Joel Payamps,34,P,0.0,1,0,1,0,0,0,1,1,1,0,1,0,
2026,,2026-04-05,825102,away,ATL,ARI,641755,Tyler Kinley,45,P,1.0,0,0,1,0,1,0,5,19,9,0,0,0,
2026,,2026-04-05,825102,away,ATL,ARI,628452,Raisel Iglesias,26,P,1.0,0,0,0,0,0,1,3,14,9,0,0,0,
2026,,2026-04-05,825102,away,ATL,ARI,527048,Martín Pérez,33,P,5.0,4,4,5,0,1,1,20,75,47,0,0,0,
2026,,2026-04-05,825102,home,ARI,ATL,694297,Brandon Pfaadt,32,P,4.2,3,3,6,1,2,2,21,79,48,0,0,0,
2026,,2026-04-05,825102,home,ARI,ATL,688497,Taylor Rashi,54,P,1.0,0,0,0,0,0,0,3,9,6,1,0,0,
2026,,2026-04-05,825102,home,ARI,ATL,656464,Kevin Ginkel,37,P,1.0,0,0,1,0,0,1,4,13,11,0,0,0,
2026,,2026-04-05,825102,home,ARI,ATL,642528,Jonathan Loáisiga,43,P,1.0,1,1,3,0,0,1,6,25,17,0,0,0,
2026,,2026-04-05,825102,home,ARI,ATL,664199,Taylor Clarke,45,P,1.1,0,0,0,0,0,1,4,17,9,0,0,0,
2026,,2026-04-05,825102,home,ARI,ATL,657044,Ryan Thompson,81,P,1.0,1,0,1,0,1,1,6,14,11,0,0,0,
2026,,2026-04-05,824296,away,STL,DET,681517,Kyle Leahy,62,P,5.0,2,2,5,1,3,4,23,97,54,1,0,0,
2026,,2026-04-05,824296,away,STL,DET,668941,JoJo Romero,59,P,1.2,0,0,0,0,1,1,6,19,10,0,0,0,
2026,,2026-04-05,824296,away,STL,DET,676617,Riley O'Brien,61,P,1.0,0,0,0,0,0,1,3,13,7,0,0,1,
2026,,2026-04-05,824296,away,STL,DET,666277,George Soriano,65,P,0.1,1,1,1,0,2,0,4,19,10,0,0,0,
2026,,2026-04-05,824296,away,STL,DET,592773,Ryne Stanek,55,P,1.0,0,0,0,0,1,2,4,23,14,0,0,0,
2026,,2026-04-05,824296,home,DET,STL,657756,Connor Seabold,43,P,2.0,0,0,1,0,2,1,8,31,16,0,0,0,
2026,,2026-04-05,824296,home,DET,STL,672456,Keider Montero,54,P,4.1,3,2,3,0,1,3,17,63,40,0,1,0,
2026,,2026-04-05,824296,home,DET,STL,646241,Enmanuel De Jesus,37,P,2.2,2,1,2,0,0,3,11,38,27,0,0,0,
2026,,2026-04-06,823002,away,CHC,TBR,702303,Riley Martin,51,P,1.0,0,0,1,0,0,0,3,10,8,0,0,0,
2026,,2026-04-06,823002,away,CHC,TBR,592791,Jameson Taillon,50,P,6.0,4,3,7,2,0,4,25,83,53,0,1,0,
2026,,2026-04-06,823002,away,CHC,TBR,664208,Phil Maton,88,P,1.0,2,2,1,1,1,1,5,19,10,0,0,0,
2026,,2026-04-06,823002,home,TBR,CHC,663556,Shane McClanahan,18,P,4.0,2,2,1,0,4,5,17,69,35,0,0,0,
2026,,2026-04-06,823002,home,TBR,CHC,693855,Ian Seymour,61,P,1.1,1,1,2,0,0,1,6,21,13,0,0,0,
2026,,2026-04-06,823002,home,TBR,CHC,687330,Kevin Kelly,49,P,1.0,0,0,0,0,0,1,3,14,10,1,0,0,
2026,,2026-04-06,823002,home,TBR,CHC,685801,Hunter Bigge,43,P,1.2,0,0,0,0,0,0,5,20,12,0,0,0,
2026,,2026-04-06,823002,home,TBR,CHC,641329,Bryan Baker,47,P,1.0,1,1,1,1,0,2,4,14,10,0,0,1,
2026,,2026-04-06,824456,away,KCR,CLE,668674,Lucas Erceg,60,P,1.0,0,0,0,0,0,1,3,14,8,0,0,1,
2026,,2026-04-06,824456,away,KCR,CLE,621381,Matt Strahm,25,P,1.0,1,1,1,1,1,1,5,24,12,0,0,0,
2026,,2026-04-06,824456,away,KCR,CLE,608379,Michael Wacha,52,P,7.0,1,1,3,1,3,3,26,102,62,1,0,0,
2026,,2026-04-06,824456,home,CLE,KCR,688883,Peyton Pallette,41,P,2.0,1,1,3,1,0,3,8,30,22,0,1,0,
2026,,2026-04-06,824456,home,CLE,KCR,663465,Kolby Allard,49,P,2.0,2,2,3,1,1,2,10,35,24,0,0,0,
2026,,2026-04-06,824456,home,CLE,KCR,676440,Tanner Bibee,28,P,4.2,1,1,5,0,1,3,20,87,58,0,0,0,
2026,,2026-04-06,824456,home,CLE,KCR,682120,Tim Herrin,29,P,0.1,0,0,0,0,0,0,1,5,4,0,0,0,
2026,,2026-04-06,823401,away,SDP,PIT,688158,David Morgan,66,P,2.0,0,0,0,0,3,1,8,39,21,0,0,0,
2026,,2026-04-06,823401,away,SDP,PIT,608566,Germán Márquez,33,P,5.0,0,0,6,0,1,4,21,92,56,1,0,0,
2026,,2026-04-06,823401,away,SDP,PIT,676760,Ron Marinaccio,97,P,2.0,0,0,1,0,1,1,7,30,15,0,0,0,
2026,,2026-04-06,823401,home,PIT,SDP,642397,Gregory Soto,31,P,1.0,0,0,0,0,1,1,4,18,8,0,0,0,
2026,,2026-04-06,823401,home,PIT,SDP,670990,Yohan Ramírez,49,P,1.2,1,1,2,0,0,0,7,27,19,0,0,0,
2026,,2026-04-06,823401,home,PIT,SDP,676755,Isaac Mattson,72,P,1.0,0,0,2,0,0,2,5,21,14,0,0,0,
2026,,2026-04-06,823401,home,PIT,SDP,696149,Bubba Chandler,36,P,4.1,3,3,5,0,4,4,21,83,48,0,1,0,
2026,,2026-04-06,823401,home,PIT,SDP,664875,Justin Lawrence,61,P,1.0,1,1,2,0,0,2,5,13,11,0,0,0,
2026,,2026-04-06,823886,away,CIN,MIA,641941,Emilio Pagán,15,P,1.0,0,0,0,0,0,0,3,13,8,0,0,1,
2026,,2026-04-06,823886,away,CIN,MIA,682227,Brandon Williamson,55,P,6.2,0,0,3,0,1,4,24,93,59,1,0,0,
2026,,2026-04-06,823886,away,CIN,MIA,663574,Tony Santillan,64,P,1.0,0,0,0,0,1,1,4,15,9,0,0,0,
2026,,2026-04-06,823886,away,CIN,MIA,656271,Brock Burke,49,P,0.1,0,0,0,0,0,1,1,6,4,0,0,0,
2026,,2026-04-06,823886,home,MIA,CIN,663969,Tyler Phillips,30,P,1.2,0,0,0,0,1,1,6,23,11,0,0,0,
2026,,2026-04-06,823886,home,MIA,CIN,676083,Janson Junk,26,P,7.1,2,2,7,1,1,3,28,87,57,0,1,0,
2026,,2026-04-06,822755,away,STL,WSN,694335,Matt Svanson,49,P,0.2,3,3,3,2,0,1,5,13,11,0,1,0,
2026,,2026-04-06,822755,away,STL,WSN,668941,JoJo Romero,59,P,1.0,0,0,2,0,1,0,5,21,13,0,0,0,
2026,,2026-04-06,822755,away,STL,WSN,677865,Justin Bruihl,47,P,0.2,1,1,1,0,2,0,5,23,11,0,0,0,
2026,,2026-04-06,822755,away,STL,WSN,669467,Andre Pallante,53,P,5.0,2,2,3,0,4,2,22,88,54,0,0,0,
2026,,2026-04-06,822755,away,STL,WSN,592773,Ryne Stanek,55,P,0.2,3,3,3,1,0,1,5,23,15,0,0,0,
2026,,2026-04-06,822755,home,WSN,STL,701552,Andre Granillo,79,P,0.2,2,2,2,0,2,0,6,29,14,0,0,0,
2026,,2026-04-06,822755,home,WSN,STL,686610,Ken Waldichuk,52,P,2.1,3,3,2,2,2,2,10,33,22,0,0,0,
2026,,2026-04-06,822755,home,WSN,STL,672335,Cionel Pérez,51,P,1.0,0,0,1,0,0,0,4,21,14,1,0,0,
2026,,2026-04-06,822755,home,WSN,STL,641793,Zack Littell,18,P,5.0,1,1,4,0,3,6,22,70,44,0,0,0,
2026,,2026-04-06,824783,away,MIL,BOS,681982,Grant Anderson,56,P,1.0,0,0,0,0,0,0,3,15,9,0,0,0,
2026,,2026-04-06,824783,away,MIL,BOS,676879,Aaron Ashby,26,P,1.1,0,0,1,0,1,0,6,23,12,1,0,0,
2026,,2026-04-06,824783,away,MIL,BOS,605540,Brandon Woodruff,53,P,5.2,5,5,8,0,2,4,27,94,58,0,0,0,
2026,,2026-04-06,824783,away,MIL,BOS,672582,Angel Zerpa,61,P,1.0,1,1,2,1,0,0,5,16,11,0,0,1,
2026,,2026-04-06,824783,home,BOS,MIL,678394,Brayan Bello,66,P,3.1,4,3,5,0,4,5,20,86,50,0,0,0,
2026,,2026-04-06,824783,home,BOS,MIL,676477,Garrett Whitlock,22,P,1.0,2,1,1,0,2,2,6,27,12,0,1,0,
2026,,2026-04-06,824783,home,BOS,MIL,663558,Jovani Morán,47,P,3.0,1,1,1,0,1,4,11,45,29,0,0,0,
2026,,2026-04-06,824783,home,BOS,MIL,543056,Danny Coulombe,67,P,0.2,0,0,2,0,1,0,4,23,13,0,0,0,
2026,,2026-04-06,824783,home,BOS,MIL,670245,Ryan Watson,56,P,1.0,1,1,2,0,0,0,5,10,7,0,0,0,
2026,,2026-04-06,822832,away,LAD,TOR,683618,Edgardo Henriquez,60,P,1.0,0,0,0,0,0,2,3,11,8,0,0,0,
2026,,2026-04-06,822832,away,LAD,TOR,694361,Will Klein,61,P,2.0,0,0,2,0,0,2,8,27,21,0,0,0,
2026,,2026-04-06,822832,away,LAD,TOR,680736,Justin Wrobleski,70,P,5.0,1,1,2,0,4,2,21,78,42,1,0,0,
2026,,2026-04-06,822832,away,LAD,TOR,500743,Miguel Rojas,72,P,1.0,1,1,1,0,1,0,6,18,8,0,0,0,
2026,,2026-04-06,822832,home,TOR,LAD,693686,Spencer Miles,62,P,1.0,1,1,2,1,0,1,5,16,13,0,0,0,
2026,,2026-04-06,822832,home,TOR,LAD,667297,Tommy Nance,45,P,1.1,4,4,6,1,0,3,10,36,24,0,0,0,
2026,,2026-04-06,822832,home,TOR,LAD,573009,Joe Mantiply,35,P,0.2,3,3,1,1,2,1,5,25,13,0,0,0,
2026,,2026-04-06,822832,home,TOR,LAD,676596,Josh Fleming,26,P,3.0,4,4,6,1,2,1,18,77,45,0,0,0,
2026,,2026-04-06,822832,home,TOR,LAD,453286,Max Scherzer,31,P,2.0,2,2,2,1,1,2,9,36,24,0,1,0,
2026,,2026-04-06,822832,home,TOR,LAD,623168,Tyler Heineman,55,P,1.0,0,0,0,0,0,0,3,11,8,0,0,0,
2026,,2026-04-06,823728,away,DET,MIN,676428,Brant Hurter,48,P,0.2,1,1,1,0,2,2,5,23,11,0,0,0,
2026,,2026-04-06,823728,away,DET,MIN,663554,Casey Mize,12,P,4.1,5,5,7,1,3,4,24,90,58,0,1,0,
2026,,2026-04-06,823728,away,DET,MIN,623454,Drew Anderson,38,P,3.0,1,1,2,0,2,4,13,49,26,0,0,0,
2026,,2026-04-06,823728,home,MIN,DET,689520,Cody Laweryson,65,P,1.2,0,0,0,0,0,2,5,14,12,0,0,1,
2026,,2026-04-06,823728,home,MIN,DET,607455,Anthony Banda,43,P,1.0,0,0,1,0,0,1,4,17,11,0,0,0,
2026,,2026-04-06,823728,home,MIN,DET,681892,Kody Funderburk,57,P,0.2,0,0,0,0,3,0,4,20,6,0,0,0,
2026,,2026-04-06,823728,home,MIN,DET,657746,Joe Ryan,41,P,5.0,3,2,3,0,3,7,22,101,61,1,0,0,
2026,,2026-04-06,823728,home,MIN,DET,679358,Eric Orze,19,P,0.2,0,0,0,0,1,1,3,12,7,0,0,0,
2026,,2026-04-06,824619,away,BAL,CHW,669330,Tyler Wells,68,P,2.0,0,0,1,0,1,2,7,32,20,0,0,0,
2026,,2026-04-06,824619,away,BAL,CHW,670329,Rico Garcia,50,P,1.0,0,0,0,0,0,1,3,10,7,0,0,0,
2026,,2026-04-06,824619,away,BAL,CHW,687064,Brandon Young,,P,5.0,0,0,2,0,2,2,18,66,39,1,0,0,
2026,,2026-04-06,824619,away,BAL,CHW,664854,Ryan Helsley,21,P,1.0,1,1,1,0,2,1,6,24,13,0,0,1,
2026,,2026-04-06,824619,home,CHW,BAL,691799,Grant Taylor,31,P,1.0,0,0,1,0,0,1,4,16,10,0,0,0,
2026,,2026-04-06,824619,home,CHW,BAL,608371,Lucas Sims,39,P,2.0,0,0,1,0,0,2,6,21,15,0,0,0,
2026,,2026-04-06,824619,home,CHW,BAL,607200,Erick Fedde,47,P,6.0,2,2,5,1,1,4,22,86,54,0,1,0,
2026,,2026-04-06,822918,away,SEA,TEX,678606,Jose A. Ferrer,45,P,1.0,0,0,0,0,0,2,3,12,8,0,0,0,
2026,,2026-04-06,822918,away,SEA,TEX,669302,Logan Gilbert,36,P,6.0,2,2,6,0,0,5,23,96,65,0,1,0,
2026,,2026-04-06,822918,away,SEA,TEX,681867,Cooper Criswell,88,P,1.0,0,0,1,0,2,0,5,23,14,0,0,0,
2026,,2026-04-06,822918,home,TEX,SEA,641302,Tyler Alexander,13,P,0.2,0,0,1,0,0,1,3,17,9,0,0,0,
2026,,2026-04-06,822918,home,TEX,SEA,656222,Jalen Beeks,68,P,1.0,0,0,0,0,1,0,4,16,10,1,0,0,
2026,,2026-04-06,822918,home,TEX,SEA,676395,Robert Garcia,62,P,1.0,0,0,0,0,0,0,3,14,8,0,0,0,
2026,,2026-04-06,822918,home,TEX,SEA,594798,Jacob deGrom,48,P,5.0,1,1,1,1,1,6,17,78,49,0,0,0,
2026,,2026-04-06,822918,home,TEX,SEA,596001,Jakob Junis,16,P,1.0,0,0,0,0,0,0,3,4,2,0,0,1,
2026,,2026-04-06,822918,home,TEX,SEA,668390,Cole Winn,60,P,0.1,0,0,0,0,0,0,1,3,2,0,0,0,
2026,,2026-04-06,824376,away,HOU,COL,680802,Ryan Weiss,51,P,2.2,7,6,8,1,2,4,19,62,39,0,1,0,
2026,,2026-04-06,824376,away,HOU,COL,660853,Enyel De Los Santos,65,P,1.0,0,0,1,0,0,0,4,8,7,0,0,0,
2026,,2026-04-06,824376,away,HOU,COL,675989,Cody Bolton,67,P,4.1,2,2,3,0,2,5,17,63,35,0,0,0,
2026,,2026-04-06,824376,home,COL,HOU,663372,Ryan Feltner,18,P,5.1,4,4,7,1,2,1,24,70,43,1,0,0,
2026,,2026-04-06,824376,home,COL,HOU,623474,Jimmy Herget,44,P,1.2,1,1,2,0,0,1,7,33,23,0,0,0,
2026,,2026-04-06,824376,home,COL,HOU,675848,Juan Mejia,47,P,1.2,0,0,0,0,1,1,6,21,14,0,0,1,
2026,,2026-04-06,824376,home,COL,HOU,688642,Zach Agnos,36,P,0.1,2,2,4,0,0,0,5,18,11,0,0,0,
2026,,2026-04-06,824052,away,ATL,LAA,606303,Joel Payamps,34,P,1.0,0,0,0,0,0,1,3,11,10,0,0,0,
2026,,2026-04-06,824052,away,ATL,LAA,519242,Chris Sale,51,P,4.0,6,6,5,2,2,7,21,77,51,0,1,0,
2026,,2026-04-06,824052,away,ATL,LAA,674370,Osvaldo Bido,70,P,2.0,0,0,0,0,0,1,6,18,12,0,0,0,
2026,,2026-04-06,824052,away,ATL,LAA,607481,Aaron Bummer,49,P,1.0,0,0,0,0,0,1,3,7,5,0,0,0,
2026,,2026-04-06,824052,home,LAA,ATL,681217,Chase Silseth,63,P,0.2,1,1,2,1,1,1,5,28,19,0,0,0,
2026,,2026-04-06,824052,home,LAA,ATL,667755,José Soriano,59,P,8.0,1,1,3,1,0,10,26,97,69,1,0,0,
2026,,2026-04-06,824052,home,LAA,ATL,605447,Jordan Romano,68,P,0.1,0,0,0,0,0,0,1,3,3,0,0,1,
2026,,2026-04-06,823237,away,PHI,SFG,621237,José Alvarado,46,P,1.0,0,0,0,0,0,1,3,22,14,0,0,0,
2026,,2026-04-06,823237,away,PHI,SFG,661395,Jhoan Duran,59,P,1.0,0,0,1,0,0,0,4,16,9,0,0,1,
2026,,2026-04-06,823237,away,PHI,SFG,680742,Jonathan Bowlan,52,P,1.0,0,0,0,0,0,2,3,15,8,1,0,0,
2026,,2026-04-06,823237,away,PHI,SFG,641835,Tim Mayza,37,P,1.0,0,0,0,0,0,1,3,9,6,0,0,0,
2026,,2026-04-06,823237,away,PHI,SFG,641745,Brad Keller,40,P,1.0,0,0,1,0,0,2,4,20,13,0,0,0,
2026,,2026-04-06,823237,away,PHI,SFG,691725,Andrew Painter,24,P,4.0,4,4,9,0,1,1,21,90,53,0,0,0,
2026,,2026-04-06,823237,home,SFG,PHI,668873,Caleb Kilian,45,P,0.2,0,0,0,0,1,1,4,17,8,0,0,0,
2026,,2026-04-06,823237,home,SFG,PHI,621366,Ryan Borucki,47,P,0.1,2,2,2,0,1,0,4,12,6,0,1,0,
2026,,2026-04-06,823237,home,SFG,PHI,605288,Adrian Houser,12,P,6.0,4,4,9,0,2,3,28,89,60,0,0,0,
2026,,2026-04-06,823237,home,SFG,PHI,694918,Blade Tidwell,46,P,1.0,0,0,0,0,1,2,4,19,9,0,0,0,
2026,,2026-04-06,823237,home,SFG,PHI,657424,Matt Gage,93,P,1.0,0,0,0,0,1,1,3,15,7,0,0,0,
2026,,2026-04-07,824457,away,KCR,CLE,683232,Nick Mears,31,P,1.0,0,0,0,0,1,2,4,24,16,0,0,0,
2026,,2026-04-07,824457,away,KCR,CLE,663738,Daniel Lynch IV,41,P,1.1,0,0,0,0,0,1,4,13,10,0,0,0,
2026,,2026-04-07,824457,away,KCR,CLE,702070,Noah Cameron,65,P,5.2,1,1,6,0,1,5,24,97,61,0,0,0,
2026,,2026-04-07,824457,away,KCR,CLE,670167,John Schreiber,46,P,0.1,1,1,2,0,1,0,4,19,10,0,1,0,
2026,,2026-04-07,824457,home,CLE,KCR,542888,Shawn Armstrong,43,P,1.0,0,0,0,0,2,2,5,25,13,0,0,0,
2026,,2026-04-07,824457,home,CLE,KCR,671922,Cade Smith,36,P,1.0,0,0,0,0,0,2,3,10,7,1,0,0,
2026,,2026-04-07,824457,home,CLE,KCR,681870,Erik Sabrowski,62,P,1.0,0,0,0,0,0,2,3,15,10,0,0,0,
2026,,2026-04-07,824457,home,CLE,KCR,668909,Gavin Williams,32,P,5.2,1,1,1,1,5,8,22,102,59,0,0,0,
2026,,2026-04-07,824457,home,CLE,KCR,682120,Tim Herrin,29,P,0.1,0,0,0,0,1,0,2,11,5,0,0,0,
2026,,2026-04-07,824618,away,BAL,CHW,669432,Trevor Rogers,28,P,6.0,2,2,6,0,0,6,25,101,70,0,0,0,
2026,,2026-04-07,824618,away,BAL,CHW,689296,Anthony Nunez,66,P,0.1,0,0,0,0,0,1,1,6,3,0,0,0,
2026,,2026-04-07,824618,away,BAL,CHW,664854,Ryan Helsley,21,P,1.0,0,0,0,0,1,2,4,18,9,0,0,1,
2026,,2026-04-07,824618,away,BAL,CHW,664991,Grant Wolfram,48,P,0.2,0,0,0,0,0,2,3,16,9,0,0,0,
2026,,2026-04-07,824618,away,BAL,CHW,666974,Yennier Cano,78,P,1.0,0,0,0,0,0,1,3,10,8,1,0,0,
2026,,2026-04-07,824618,home,CHW,BAL,681343,Shane Smith,64,P,3.2,0,0,1,0,5,8,19,99,57,0,0,0,
2026,,2026-04-07,824618,home,CHW,BAL,669684,Chris Murphy,38,P,0.2,1,1,1,1,1,0,4,13,5,0,0,0,
2026,,2026-04-07,824618,home,CHW,BAL,673929,Jordan Leasure,49,P,1.0,0,0,1,0,0,2,4,21,13,0,0,0,
2026,,2026-04-07,824618,home,CHW,BAL,663542,Bryan Hudson,60,P,1.0,0,0,0,0,1,0,4,15,7,0,0,0,
2026,,2026-04-07,824618,home,CHW,BAL,656794,Sean Newcomb,15,P,1.1,1,1,2,0,1,1,7,26,15,0,0,0,
2026,,2026-04-07,824618,home,CHW,BAL,663855,Jordan Hicks,44,P,1.1,2,2,3,0,0,2,7,23,16,0,1,0,
2026,,2026-04-07,823648,away,ARI,NYM,666661,Juan Morillo,62,P,1.0,0,0,0,0,0,0,3,10,6,0,0,0,
2026,,2026-04-07,823648,away,ARI,NYM,656464,Kevin Ginkel,37,P,1.0,0,0,0,0,0,1,3,12,7,0,0,0,
2026,,2026-04-07,823648,away,ARI,NYM,642528,Jonathan Loáisiga,43,P,1.0,1,1,2,0,0,1,5,21,13,0,0,0,
2026,,2026-04-07,823648,away,ARI,NYM,623149,Paul Sewald,38,P,0.1,1,0,1,0,0,0,2,6,6,0,1,0,
2026,,2026-04-07,823648,away,ARI,NYM,668678,Zac Gallen,23,P,5.0,2,1,5,0,4,5,23,95,54,0,0,0,
2026,,2026-04-07,823648,away,ARI,NYM,657044,Ryan Thompson,81,P,1.0,0,0,0,0,0,0,3,8,6,0,0,0,
2026,,2026-04-07,823648,home,NYM,ARI,623211,Huascar Brazobán,43,P,0.1,0,0,2,0,0,0,3,14,8,0,0,0,
2026,,2026-04-07,823648,home,NYM,ARI,596133,Luke Weaver,30,P,1.0,0,0,0,0,0,1,3,13,7,1,0,0,
2026,,2026-04-07,823648,home,NYM,ARI,642207,Devin Williams,38,P,1.0,0,0,2,0,0,2,5,16,14,0,0,0,
2026,,2026-04-07,823648,home,NYM,ARI,642547,Freddy Peralta,51,P,4.2,3,3,3,0,3,5,22,101,62,0,0,0,
2026,,2026-04-07,823648,home,NYM,ARI,548384,Brooks Raley,25,P,1.0,0,0,1,0,0,2,4,20,11,0,0,0,
2026,,2026-04-07,823648,home,NYM,ARI,472610,Luis García,40,P,2.0,0,0,1,0,0,0,7,23,16,0,0,0,
2026,,2026-04-07,823402,away,SDP,PIT,593974,Wandy Peralta,58,P,1.0,0,0,1,0,1,1,4,13,8,0,0,0,
2026,,2026-04-07,823402,away,SDP,PIT,699134,Bradgley Rodriguez,72,P,1.0,0,0,2,0,0,0,4,23,16,0,0,0,
2026,,2026-04-07,823402,away,SDP,PIT,670970,Adrian Morejon,50,P,0.1,5,4,5,0,0,1,7,20,16,0,0,0,
2026,,2026-04-07,823402,away,SDP,PIT,601713,Nick Pivetta,,P,5.0,2,2,4,0,1,8,20,86,60,0,1,0,
2026,,2026-04-07,823402,away,SDP,PIT,676760,Ron Marinaccio,97,P,0.2,0,0,0,0,0,0,2,6,4,0,0,0,
2026,,2026-04-07,823402,home,PIT,SDP,694973,Paul Skenes,30,P,6.1,1,1,2,1,2,6,23,87,53,1,0,0,
2026,,2026-04-07,823402,home,PIT,SDP,642397,Gregory Soto,31,P,1.0,0,0,0,0,0,1,3,10,6,0,0,0,
2026,,2026-04-07,823402,home,PIT,SDP,670990,Yohan Ramírez,49,P,1.0,0,0,0,0,0,2,3,12,9,0,0,0,
2026,,2026-04-07,823402,home,PIT,SDP,676755,Isaac Mattson,72,P,0.2,0,0,1,0,0,0,3,9,6,0,0,0,
2026,,2026-04-07,822999,away,CHC,TBR,571948,Hoby Milner,41,P,1.1,0,0,2,0,0,0,6,17,13,0,0,0,
2026,,2026-04-07,822999,away,CHC,TBR,665871,Javier Assad,72,P,5.2,0,0,1,0,2,3,19,80,49,1,0,0,
2026,,2026-04-07,822999,away,CHC,TBR,573204,Caleb Thielbar,24,P,0.1,0,0,0,0,0,0,1,2,2,0,0,0,
2026,,2026-04-07,822999,away,CHC,TBR,657097,Jacob Webb,71,P,1.0,0,0,0,0,1,1,4,14,7,0,0,0,
2026,,2026-04-07,822999,away,CHC,TBR,664208,Phil Maton,88,P,0.2,2,2,3,0,0,1,6,26,18,0,0,0,
2026,,2026-04-07,822999,home,TBR,CHC,669438,Mason Englert,59,P,3.2,4,3,7,0,1,2,19,65,48,0,1,0,
2026,,2026-04-07,822999,home,TBR,CHC,642121,Cole Sulser,71,P,2.1,1,1,3,0,1,2,10,37,22,0,0,0,
2026,,2026-04-07,822999,home,TBR,CHC,672782,Yoendrys Gómez,94,P,3.0,4,4,6,2,1,1,16,58,33,0,0,0,
2026,,2026-04-07,823887,away,CIN,MIA,572955,Pierce Johnson,52,P,0.2,0,0,0,0,0,1,2,7,6,0,0,0,
2026,,2026-04-07,823887,away,CIN,MIA,641941,Emilio Pagán,15,P,1.0,0,0,0,0,2,2,5,24,11,1,0,0,
2026,,2026-04-07,823887,away,CIN,MIA,683742,Jose Franco,74,P,2.0,0,0,0,0,2,2,8,31,21,0,0,0,
2026,,2026-04-07,823887,away,CIN,MIA,668933,Graham Ashcraft,23,P,1.0,1,0,1,0,0,0,3,10,6,0,0,0,
2026,,2026-04-07,823887,away,CIN,MIA,671096,Andrew Abbott,41,P,5.1,2,2,6,0,2,2,24,91,51,0,0,0,
2026,,2026-04-07,823887,home,MIA,CIN,645261,Sandy Alcantara,22,P,8.1,2,2,3,0,2,6,30,95,67,0,0,0,
2026,,2026-04-07,823887,home,MIA,CIN,676534,Calvin Faucher,53,P,0.1,4,3,2,0,2,1,5,28,16,0,1,0,
2026,,2026-04-07,823887,home,MIA,CIN,667463,John King,47,P,0.2,0,0,0,0,1,0,3,7,5,0,0,0,
2026,,2026-04-07,823887,home,MIA,CIN,669622,Anthony Bender,37,P,0.2,0,0,0,0,1,1,3,21,12,0,0,0,
2026,,2026-04-07,822754,away,STL,WSN,700669,Gordon Graceffo,44,P,2.0,1,1,1,0,2,2,9,35,18,0,0,0,
2026,,2026-04-07,822754,away,STL,WSN,676617,Riley O'Brien,61,P,1.0,1,0,0,0,0,2,4,16,10,0,0,1,
2026,,2026-04-07,822754,away,STL,WSN,666277,George Soriano,65,P,2.0,0,0,0,0,0,3,6,20,15,1,0,0,
2026,,2026-04-07,822754,away,STL,WSN,669461,Matthew Liberatore,32,P,5.0,4,4,9,2,2,6,25,92,60,0,0,0,
2026,,2026-04-07,822754,home,WSN,STL,676571,PJ Poulin,50,P,1.1,1,1,1,1,2,2,6,27,15,0,0,0,
2026,,2026-04-07,822754,home,WSN,STL,690925,Clayton Beeter,39,P,1.0,0,0,0,0,2,0,5,15,9,0,0,0,
2026,,2026-04-07,822754,home,WSN,STL,669371,Cole Henry,99,P,1.0,2,1,2,0,0,1,5,16,13,0,1,0,
2026,,2026-04-07,822754,home,WSN,STL,676917,Cade Cavalli,24,P,4.2,2,1,4,0,4,3,20,94,53,0,0,0,
2026,,2026-04-07,822754,home,WSN,STL,681402,Gus Varland,47,P,1.0,2,2,1,1,1,1,5,22,15,0,0,0,
2026,,2026-04-07,822754,home,WSN,STL,687606,Paxton Schultz,75,P,1.0,0,0,1,0,1,1,6,26,13,0,0,0,
2026,,2026-04-07,824780,away,MIL,BOS,663765,Jake Woodford,41,P,0.1,0,0,0,0,0,0,1,3,2,0,0,0,
2026,,2026-04-07,824780,away,MIL,BOS,694819,Jacob Misiorowski,32,P,5.1,3,3,2,0,4,10,22,101,56,0,1,0,
2026,,2026-04-07,824780,away,MIL,BOS,669084,DL Hall,37,P,2.1,0,0,1,0,1,1,9,39,25,0,0,0,
2026,,2026-04-07,824780,home,BOS,MIL,677161,Zack Kelly,76,P,0.2,0,0,0,0,0,0,2,11,7,0,0,0,
2026,,2026-04-07,824780,home,BOS,MIL,676477,Garrett Whitlock,22,P,1.0,0,0,0,0,0,1,3,15,10,0,0,0,
2026,,2026-04-07,824780,home,BOS,MIL,676979,Garrett Crochet,35,P,6.1,2,2,5,0,2,7,27,107,65,1,0,0,
2026,,2026-04-07,824780,home,BOS,MIL,547973,Aroldis Chapman,44,P,1.0,0,0,0,0,1,0,3,6,2,0,0,1,
2026,,2026-04-07,823567,away,ATH,NYY,686993,Justin Sterner,60,P,2.0,0,0,2,0,0,1,7,27,20,0,0,0,
2026,,2026-04-07,823567,away,ATH,NYY,669270,Joel Kuhnel,47,P,0.1,0,0,0,0,0,0,1,5,2,0,0,0,
2026,,2026-04-07,823567,away,ATH,NYY,650644,Aaron Civale,45,P,5.0,1,1,2,1,4,6,22,88,52,0,0,0,
2026,,2026-04-07,823567,away,ATH,NYY,643410,Mark Leiter Jr.,38,P,0.2,4,4,5,1,0,0,7,28,17,0,1,0,
2026,,2026-04-07,823567,home,NYY,ATH,687396,Brent Headrick,47,P,1.0,0,0,0,0,2,3,5,22,11,0,0,0,
2026,,2026-04-07,823567,home,NYY,ATH,518585,Fernando Cruz,63,P,1.1,0,0,0,0,2,1,6,20,10,1,0,0,
2026,,2026-04-07,823567,home,NYY,ATH,656234,Jake Bird,59,P,0.2,0,0,1,0,0,1,3,10,8,0,0,0,
2026,,2026-04-07,823567,home,NYY,ATH,670280,David Bednar,53,P,1.0,0,0,0,0,0,1,3,14,9,0,0,1,
2026,,2026-04-07,823567,home,NYY,ATH,693645,Cam Schlittler,31,P,5.0,3,3,5,0,0,7,20,84,58,0,0,0,
2026,,2026-04-07,822831,away,LAD,TOR,681911,Alex Vesia,51,P,1.0,0,0,0,0,1,1,4,15,10,0,0,0,
2026,,2026-04-07,822831,away,LAD,TOR,621242,Edwin Díaz,3,P,1.0,0,0,1,0,1,3,5,23,15,0,0,1,
2026,,2026-04-07,822831,away,LAD,TOR,595014,Blake Treinen,49,P,1.0,0,0,0,0,0,0,3,10,8,0,0,0,
2026,,2026-04-07,822831,away,LAD,TOR,808967,Yoshinobu Yamamoto,18,P,6.0,1,1,5,0,1,6,24,97,66,1,0,0,
2026,,2026-04-07,822831,home,TOR,LAD,686973,Louis Varland,77,P,1.1,0,0,0,0,0,2,4,23,14,0,0,0,
2026,,2026-04-07,822831,home,TOR,LAD,592332,Kevin Gausman,34,P,5.1,3,2,5,0,2,5,24,84,53,0,1,0,
2026,,2026-04-07,822831,home,TOR,LAD,656546,Jeff Hoffman,23,P,1.0,1,1,2,0,1,2,6,14,11,0,0,0,
2026,,2026-04-07,822831,home,TOR,LAD,689254,Mason Fluharty,68,P,1.1,0,0,1,0,0,2,5,20,13,0,0,0,
2026,,2026-04-07,823727,away,DET,MIN,669373,Tarik Skubal,29,P,4.2,4,4,8,0,2,7,24,95,65,0,1,0,
2026,,2026-04-07,823727,away,DET,MIN,663947,Tyler Holton,87,P,1.1,0,0,0,0,0,1,4,16,10,0,0,0,
2026,,2026-04-07,823727,away,DET,MIN,657756,Connor Seabold,43,P,2.0,0,0,2,0,1,2,9,35,24,0,0,0,
2026,,2026-04-07,823727,home,MIN,DET,671737,Taj Bradley,26,P,6.1,1,1,6,0,0,10,27,104,68,1,0,0,
2026,,2026-04-07,823727,home,MIN,DET,623437,Justin Topa,48,P,0.2,0,0,0,0,1,0,3,14,7,0,0,1,
2026,,2026-04-07,823727,home,MIN,DET,663485,Cole Sands,44,P,0.1,0,0,0,0,2,0,3,12,2,0,0,0,
2026,,2026-04-07,823727,home,MIN,DET,573124,Taylor Rogers,55,P,1.0,0,0,1,0,0,2,4,12,9,0,0,0,
2026,,2026-04-07,823727,home,MIN,DET,679358,Eric Orze,19,P,0.2,1,1,2,0,0,2,4,19,13,0,0,0,
2026,,2026-04-07,822916,away,SEA,TEX,669923,George Kirby,68,P,8.0,3,3,6,1,0,4,28,90,68,0,1,0,
2026,,2026-04-07,822916,home,TEX,SEA,656641,Jacob Latz,67,P,2.0,0,0,0,0,0,2,6,23,17,0,0,0,
2026,,2026-04-07,822916,home,TEX,SEA,596001,Jakob Junis,16,P,1.0,0,0,2,0,0,0,5,15,11,0,0,1,
2026,,2026-04-07,822916,home,TEX,SEA,543135,Nathan Eovaldi,17,P,6.0,2,2,6,1,2,7,26,93,60,1,0,0,
2026,,2026-04-07,824375,away,HOU,COL,678906,Kai-Wei Teng,17,P,0.2,1,1,1,1,0,0,3,7,7,0,0,0,
2026,,2026-04-07,824375,away,HOU,COL,685005,Christian Roa,73,P,1.0,0,0,0,0,0,1,3,15,10,0,0,0,
2026,,2026-04-07,824375,away,HOU,COL,595345,Steven Okert,48,P,1.0,1,1,1,0,1,0,4,13,8,0,0,0,
2026,,2026-04-07,824375,away,HOU,COL,681347,Mike Burrows,50,P,5.1,3,3,8,1,1,3,23,87,58,0,1,0,
2026,,2026-04-07,824375,home,COL,HOU,607536,Kyle Freeland,21,P,6.1,1,1,3,1,1,5,24,81,55,1,0,0,
2026,,2026-04-07,824375,home,COL,HOU,622608,Antonio Senzatela,49,P,2.2,0,0,0,0,0,3,8,26,18,0,0,1,
2026,,2026-04-07,824051,away,ATL,LAA,669276,Dylan Lee,52,P,0.2,0,0,0,0,0,0,2,9,8,0,0,0,
2026,,2026-04-07,824051,away,ATL,LAA,663158,Robert Suarez,75,P,1.0,0,0,0,0,1,2,4,26,14,0,0,0,
2026,,2026-04-07,824051,away,ATL,LAA,641755,Tyler Kinley,45,P,0.2,0,0,1,0,0,2,3,13,9,1,0,0,
2026,,2026-04-07,824051,away,ATL,LAA,607481,Aaron Bummer,49,P,0.1,0,0,0,0,1,0,3,17,10,0,0,0,
2026,,2026-04-07,824051,away,ATL,LAA,625643,Reynaldo López,40,P,4.2,2,0,3,1,2,7,21,80,49,0,0,0,
2026,,2026-04-07,824051,away,ATL,LAA,628452,Raisel Iglesias,26,P,1.2,0,0,2,0,0,3,6,22,18,0,0,1,
2026,,2026-04-07,824051,home,LAA,ATL,815083,Mitch Farris,70,P,1.0,0,0,1,0,1,0,4,14,8,0,0,0,
2026,,2026-04-07,824051,home,LAA,ATL,641312,Shaun Anderson,64,P,3.0,3,3,5,1,1,4,15,62,39,0,0,0,
2026,,2026-04-07,824051,home,LAA,ATL,579328,Yusei Kikuchi,16,P,5.0,4,4,6,0,1,8,22,97,60,0,1,0,
2026,,2026-04-07,823235,away,PHI,SFG,650911,Cristopher Sánchez,61,P,5.0,4,2,11,0,0,6,24,92,68,0,1,0,
2026,,2026-04-07,823235,away,PHI,SFG,689147,Orion Kerkering,50,P,1.0,2,2,2,0,1,0,6,26,17,0,0,0,
2026,,2026-04-07,823235,away,PHI,SFG,647315,Zach Pop,56,P,1.0,0,0,0,0,0,0,3,13,7,0,0,0,
2026,,2026-04-07,823235,away,PHI,SFG,621383,Tanner Banks,58,P,1.0,0,0,0,0,0,2,3,18,12,0,0,0,
2026,,2026-04-07,823235,home,SFG,PHI,676254,Ryan Walker,74,P,1.1,0,0,1,0,1,1,6,25,15,0,0,0,
2026,,2026-04-07,823235,home,SFG,PHI,676775,Keaton Winn,67,P,1.0,0,0,0,0,0,0,3,11,7,0,0,0,
2026,,2026-04-07,823235,home,SFG,PHI,592662,Robbie Ray,38,P,6.2,0,0,3,0,3,7,26,109,69,1,0,0,
2026,,2026-04-08,823403,away,SDP,PIT,650633,Michael King,34,P,6.0,2,2,4,0,3,4,24,95,57,1,0,0,
2026,,2026-04-08,823403,away,SDP,PIT,695243,Mason Miller,22,P,1.0,0,0,0,0,0,2,3,10,9,0,0,0,
2026,,2026-04-08,823403,away,SDP,PIT,669093,Jeremiah Estrada,56,P,1.0,0,0,1,0,0,0,4,12,9,0,0,0,
2026,,2026-04-08,823403,away,SDP,PIT,606996,Kyle Hart,68,P,1.0,0,0,1,0,1,0,5,21,12,0,0,0,
2026,,2026-04-08,823403,home,PIT,SDP,656605,Mitch Keller,23,P,6.0,0,0,3,0,1,4,22,75,49,0,0,0,
2026,,2026-04-08,823403,home,PIT,SDP,664875,Justin Lawrence,61,P,1.0,4,3,3,1,0,2,7,25,18,0,1,0,
2026,,2026-04-08,823403,home,PIT,SDP,664353,José Urquidy,65,P,2.0,4,1,4,0,0,3,12,36,31,0,0,0,
2026,,2026-04-08,824455,away,KCR,CLE,666142,Cole Ragans,55,P,0.2,3,3,2,0,1,2,5,18,10,0,1,0,
2026,,2026-04-08,824455,away,KCR,CLE,686475,Tyler Tolbert,2,P,0.2,0,0,1,0,0,0,2,5,4,0,0,0,
2026,,2026-04-08,824455,away,KCR,CLE,679883,Luinder Avila,58,P,3.0,1,1,6,0,1,2,15,62,39,0,0,0,
2026,,2026-04-08,824455,away,KCR,CLE,656638,Alex Lange,56,P,2.1,1,1,3,0,0,2,9,37,24,0,0,0,
2026,,2026-04-08,824455,away,KCR,CLE,674444,Steven Cruz,64,P,1.1,5,5,4,1,2,3,10,41,24,0,0,0,
2026,,2026-04-08,824455,home,CLE,KCR,641401,Connor Brogdon,75,P,1.1,0,0,0,0,0,3,5,24,15,0,0,0,
2026,,2026-04-08,824455,home,CLE,KCR,670036,Matt Festa,52,P,1.1,0,0,0,0,1,1,5,21,13,0,0,1,
2026,,2026-04-08,824455,home,CLE,KCR,676282,Joey Cantillo,54,P,5.2,2,1,3,0,2,9,21,88,54,1,0,0,
2026,,2026-04-08,824455,home,CLE,KCR,681870,Erik Sabrowski,62,P,0.2,0,0,2,0,0,1,4,13,9,0,0,0,
2026,,2026-04-08,824779,away,MIL,BOS,681982,Grant Anderson,56,P,1.1,0,0,0,0,2,1,6,31,16,0,0,0,
2026,,2026-04-08,824779,away,MIL,BOS,675660,Shane Drohan,55,P,2.2,3,3,3,0,4,2,15,63,28,0,1,0,
2026,,2026-04-08,824779,away,MIL,BOS,676879,Aaron Ashby,26,P,1.0,0,0,0,0,0,2,3,11,8,0,0,0,
2026,,2026-04-08,824779,away,MIL,BOS,663765,Jake Woodford,41,P,3.0,2,2,4,0,2,1,15,41,29,0,0,0,
2026,,2026-04-08,824779,home,BOS,MIL,669711,Greg Weissert,57,P,0.2,0,0,1,0,0,2,3,11,8,0,0,0,
2026,,2026-04-08,824779,home,BOS,MIL,543243,Sonny Gray,54,P,6.1,0,0,3,0,2,2,24,90,53,1,0,0,
2026,,2026-04-08,824779,home,BOS,MIL,701719,Tyler Samaniego,78,P,1.0,0,0,0,0,1,3,4,19,11,0,0,0,
2026,,2026-04-08,824779,home,BOS,MIL,670245,Ryan Watson,56,P,1.0,0,0,0,0,0,0,3,12,8,0,0,0,
2026,,2026-04-08,824617,away,BAL,CHW,669330,Tyler Wells,68,P,1.0,0,0,0,0,1,1,5,22,13,0,0,0,
2026,,2026-04-08,824617,away,BAL,CHW,670329,Rico Garcia,50,P,1.0,0,0,0,0,2,2,5,22,10,0,0,1,
2026,,2026-04-08,824617,away,BAL,CHW,680694,Kyle Bradish,38,P,5.0,3,2,6,0,3,7,23,96,54,1,0,0,
2026,,2026-04-08,824617,away,BAL,CHW,689296,Anthony Nunez,66,P,1.0,0,0,0,0,0,1,3,10,7,0,0,0,
2026,,2026-04-08,824617,away,BAL,CHW,664991,Grant Wolfram,48,P,1.0,0,0,1,0,0,1,4,10,7,0,0,0,
2026,,2026-04-08,824617,home,CHW,BAL,805326,Tyler Schweitzer,,P,1.1,1,1,2,0,1,1,7,26,15,0,0,0,
2026,,2026-04-08,824617,home,CHW,BAL,608371,Lucas Sims,39,P,0.1,2,1,2,0,1,1,4,16,8,0,1,0,
2026,,2026-04-08,824617,home,CHW,BAL,680732,Sean Burke,59,P,5.0,2,2,2,0,2,3,20,92,58,0,0,0,
2026,,2026-04-08,824617,home,CHW,BAL,663542,Bryan Hudson,60,P,0.2,0,0,0,0,0,0,2,10,6,0,0,0,
2026,,2026-04-08,824617,home,CHW,BAL,656794,Sean Newcomb,15,P,1.0,0,0,1,0,0,2,4,14,9,0,0,0,
2026,,2026-04-08,824617,home,CHW,BAL,663855,Jordan Hicks,44,P,0.2,0,0,0,0,1,0,3,13,7,0,0,0,
2026,,2026-04-08,822915,away,SEA,TEX,678606,Jose A. Ferrer,45,P,1.0,0,0,0,0,1,0,3,16,9,0,0,0,
2026,,2026-04-08,822915,away,SEA,TEX,693433,Bryan Woo,22,P,5.0,3,1,5,0,2,2,22,83,56,0,1,0,
2026,,2026-04-08,822915,away,SEA,TEX,642100,Gabe Speier,55,P,1.0,0,0,0,0,0,2,3,9,7,0,0,0,
2026,,2026-04-08,822915,away,SEA,TEX,660825,Eduard Bazardo,83,P,1.0,0,0,1,0,0,0,3,8,5,0,0,0,
2026,,2026-04-08,822915,home,TEX,SEA,681168,Luis Curvelo,57,P,2.0,0,0,0,0,0,2,6,25,19,0,0,0,
2026,,2026-04-08,822915,home,TEX,SEA,669022,MacKenzie Gore,1,P,5.0,0,0,1,0,2,9,17,82,49,1,0,0,
2026,,2026-04-08,822915,home,TEX,SEA,668390,Cole Winn,60,P,1.0,0,0,1,0,0,1,4,16,10,0,0,1,
2026,,2026-04-08,822915,home,TEX,SEA,455119,Chris Martin,31,P,1.0,0,0,0,0,0,1,3,8,6,0,0,0,
2026,,2026-04-08,822833,away,LAD,TOR,676508,Ben Casparius,78,P,1.0,1,1,1,0,1,0,5,16,10,0,1,0,
2026,,2026-04-08,822833,away,LAD,TOR,660271,Shohei Ohtani,17,DH,6.0,1,0,4,0,1,2,24,96,60,0,0,0,
2026,,2026-04-08,822833,away,LAD,TOR,676263,Jack Dreyer,86,P,0.1,2,2,3,0,1,0,5,19,9,0,0,0,
2026,,2026-04-08,822833,away,LAD,TOR,595014,Blake Treinen,49,P,0.2,0,0,0,0,1,1,3,9,4,0,0,0,
2026,,2026-04-08,822833,home,TOR,LAD,686973,Louis Varland,77,P,1.0,0,0,0,0,0,1,3,13,9,0,0,0,
2026,,2026-04-08,822833,home,TOR,LAD,656546,Jeff Hoffman,23,P,1.0,0,0,1,0,1,2,5,21,12,0,0,1,
2026,,2026-04-08,822833,home,TOR,LAD,656302,Dylan Cease,84,P,5.0,2,1,4,0,4,8,23,96,57,0,0,0,
2026,,2026-04-08,822833,home,TOR,LAD,689254,Mason Fluharty,68,P,0.1,1,1,0,0,2,0,3,14,6,0,0,0,
2026,,2026-04-08,822833,home,TOR,LAD,643511,Tyler Rogers,71,P,1.2,0,0,1,0,1,2,7,20,14,1,0,0,
2026,,2026-04-08,824374,away,HOU,COL,650556,Bryan Abreu,52,P,1.0,1,1,1,0,2,2,6,22,11,0,0,0,
2026,,2026-04-08,824374,away,HOU,COL,678906,Kai-Wei Teng,17,P,1.1,0,0,0,0,0,1,4,18,12,0,0,0,
2026,,2026-04-08,824374,away,HOU,COL,685005,Christian Roa,73,P,1.2,1,1,0,0,3,1,9,34,13,0,0,0,
2026,,2026-04-08,824374,away,HOU,COL,660853,Enyel De Los Santos,65,P,2.0,1,1,2,1,1,2,9,42,25,0,0,0,
2026,,2026-04-08,824374,away,HOU,COL,805123,AJ Blubaugh,69,P,1.0,5,5,4,0,3,0,10,39,23,0,1,0,
2026,,2026-04-08,824374,away,HOU,COL,664299,Cristian Javier,53,P,1.0,1,1,3,0,0,1,6,20,14,0,0,0,
2026,,2026-04-08,824374,home,COL,HOU,688642,Zach Agnos,36,P,3.1,0,0,1,0,0,2,11,44,29,0,0,1,
2026,,2026-04-08,824374,home,COL,HOU,547179,Michael Lorenzen,24,P,5.2,1,1,7,0,2,4,26,100,62,1,0,0,
2026,,2026-04-08,823234,away,PHI,SFG,621237,José Alvarado,46,P,0.2,2,1,2,0,0,2,5,17,11,0,0,0,
2026,,2026-04-08,823234,away,PHI,SFG,680742,Jonathan Bowlan,52,P,1.0,0,0,1,0,0,1,4,18,12,0,0,0,
2026,,2026-04-08,823234,away,PHI,SFG,647315,Zach Pop,56,P,0.1,0,0,1,0,0,0,2,5,5,0,0,0,
2026,,2026-04-08,823234,away,PHI,SFG,605400,Aaron Nola,27,P,6.0,3,3,5,1,1,3,23,84,49,0,1,0,
2026,,2026-04-08,823234,home,SFG,PHI,641816,Tyler Mahle,54,P,5.2,0,0,3,0,4,6,24,94,56,0,0,0,
2026,,2026-04-08,823234,home,SFG,PHI,668873,Caleb Kilian,45,P,0.2,0,0,0,0,1,1,3,13,6,0,0,0,
2026,,2026-04-08,823234,home,SFG,PHI,694918,Blade Tidwell,46,P,1.0,0,0,0,0,0,0,3,13,8,0,0,0,
2026,,2026-04-08,823234,home,SFG,PHI,669062,Erik Miller,68,P,1.0,0,0,0,0,0,2,3,17,12,0,0,0,
2026,,2026-04-08,823234,home,SFG,PHI,657424,Matt Gage,93,P,0.2,0,0,1,0,0,1,3,13,8,1,0,0,
2026,,2026-04-08,822753,away,STL,WSN,700241,Michael McGreevy,36,P,6.0,1,1,4,0,0,1,21,91,59,1,0,0,
2026,,2026-04-08,822753,away,STL,WSN,694335,Matt Svanson,49,P,1.2,0,0,0,0,1,1,6,18,9,0,0,0,
2026,,2026-04-08,822753,away,STL,WSN,677865,Justin Bruihl,47,P,0.1,0,0,0,0,0,0,1,2,2,0,0,0,
2026,,2026-04-08,822753,away,STL,WSN,676617,Riley O'Brien,61,P,1.0,0,0,0,0,0,0,3,15,8,0,0,0,
2026,,2026-04-08,822753,home,WSN,STL,571945,Miles Mikolas,36,P,3.0,2,2,5,0,3,3,17,55,34,0,1,0,
2026,,2026-04-08,822753,home,WSN,STL,676571,PJ Poulin,50,P,0.1,0,0,1,0,1,0,3,15,8,0,0,0,
2026,,2026-04-08,822753,home,WSN,STL,669371,Cole Henry,99,P,1.2,2,2,0,0,1,3,7,43,23,0,0,0,
2026,,2026-04-08,822753,home,WSN,STL,695418,Brad Lord,41,P,3.0,1,1,1,1,0,2,10,52,38,0,0,0,
2026,,2026-04-08,822753,home,WSN,STL,672335,Cionel Pérez,51,P,1.0,1,1,1,0,2,1,5,24,14,0,0,0,
2026,,2026-04-08,824050,away,ATL,LAA,660761,José Suarez,54,P,2.0,0,0,2,0,0,3,7,24,17,0,0,0,
2026,,2026-04-08,824050,away,ATL,LAA,606303,Joel Payamps,34,P,0.1,0,0,0,0,0,1,1,7,4,0,0,0,
2026,,2026-04-08,824050,away,ATL,LAA,656550,Grant Holmes,66,P,6.2,2,2,5,1,3,6,28,99,62,1,0,0,
2026,,2026-04-08,824050,home,LAA,ATL,696147,Sam Bachman,40,P,1.0,0,0,0,0,1,1,4,15,10,0,0,0,
2026,,2026-04-08,824050,home,LAA,ATL,666171,Ryan Zeferjahn,56,P,1.2,2,2,2,0,2,2,9,42,21,0,0,0,
2026,,2026-04-08,824050,home,LAA,ATL,672282,Reid Detmers,48,P,4.1,6,5,5,1,2,4,22,92,60,0,1,0,
2026,,2026-04-08,824050,home,LAA,ATL,608718,Brent Suter,37,P,2.0,0,0,1,0,1,2,7,32,19,0,0,0,
2026,,2026-04-08,823646,away,ARI,NYM,694851,Andrew Hoffmann,56,P,2.0,1,0,1,0,1,2,9,33,20,0,0,0,
2026,,2026-04-08,823646,away,ARI,NYM,669194,Ryne Nelson,19,P,5.2,1,1,5,0,0,5,24,86,64,1,0,0,
2026,,2026-04-08,823646,away,ARI,NYM,664199,Taylor Clarke,45,P,1.0,0,0,1,0,0,0,3,16,9,0,0,0,
2026,,2026-04-08,823646,away,ARI,NYM,657044,Ryan Thompson,81,P,0.1,0,0,0,0,0,0,1,3,2,0,0,0,
2026,,2026-04-08,823646,home,NYM,ARI,640455,Sean Manaea,59,P,4.0,2,2,5,0,2,2,18,70,43,0,0,0,
2026,,2026-04-08,823646,home,NYM,ARI,656849,David Peterson,23,P,5.0,5,5,6,0,2,6,23,85,53,0,1,0,
2026,,2026-04-08,823000,away,CHC,TBR,571948,Hoby Milner,41,P,1.0,0,0,0,0,0,1,3,10,6,0,0,0,
2026,,2026-04-08,823000,away,CHC,TBR,640451,Hunter Harvey,45,P,1.0,0,0,1,0,0,1,3,16,13,0,0,0,
2026,,2026-04-08,823000,away,CHC,TBR,607067,Colin Rea,53,P,5.0,1,1,2,0,2,2,20,79,51,1,0,0,
2026,,2026-04-08,823000,away,CHC,TBR,676962,Ben Brown,32,P,2.0,1,1,2,0,0,3,8,31,21,0,0,0,
2026,,2026-04-08,823000,home,TBR,CHC,669947,Jesse Scholtens,,P,4.2,0,0,4,0,1,4,17,61,40,0,0,0,
2026,,2026-04-08,823000,home,TBR,CHC,671212,Joe Boyle,36,P,4.1,6,5,4,1,3,3,20,84,46,0,1,0,
2026,,2026-04-08,823885,away,CIN,MIA,572955,Pierce Johnson,52,P,1.0,0,0,1,0,0,1,4,10,7,0,0,0,
2026,,2026-04-08,823885,away,CIN,MIA,663903,Brady Singer,51,P,2.2,6,5,10,1,0,3,17,73,48,0,1,0,
2026,,2026-04-08,823885,away,CIN,MIA,683175,Connor Phillips,34,P,2.0,1,1,1,1,2,0,9,39,22,0,0,0,
2026,,2026-04-08,823885,away,CIN,MIA,594580,Sam Moll,50,P,2.1,0,0,0,0,0,2,8,28,18,0,0,0,
2026,,2026-04-08,823885,home,MIA,CIN,669199,Lake Bachar,84,P,1.0,0,0,0,0,0,2,3,18,11,0,0,0,
2026,,2026-04-08,823885,home,MIA,CIN,687473,Ryan Gusto,65,P,1.0,0,0,0,0,0,1,3,12,8,0,0,0,
2026,,2026-04-08,823885,home,MIA,CIN,656848,Michael Petersen,49,P,1.0,0,0,2,0,0,2,5,22,17,0,0,1,
2026,,2026-04-08,823885,home,MIA,CIN,677053,Andrew Nardi,43,P,1.0,0,0,1,0,0,0,3,10,8,0,0,0,
2026,,2026-04-08,823885,home,MIA,CIN,691587,Eury Pérez,39,P,5.0,4,2,6,1,2,6,24,95,63,1,0,0,
2026,,2026-04-08,823564,away,ATH,NYY,622663,Luis Severino,40,P,5.0,2,2,4,0,5,7,22,100,54,0,0,0,
2026,,2026-04-08,823564,away,ATH,NYY,605130,Scott Barlow,58,P,1.2,0,0,0,0,0,4,5,17,13,0,0,0,
2026,,2026-04-08,823564,away,ATH,NYY,669270,Joel Kuhnel,47,P,1.0,0,0,0,0,0,1,3,12,8,0,0,1,
2026,,2026-04-08,823564,away,ATH,NYY,665660,Elvis Alvarado,37,P,0.2,0,0,0,0,0,1,2,11,8,1,0,0,
2026,,2026-04-08,823564,away,ATH,NYY,663687,Hogan Harris,36,P,0.2,0,0,0,0,2,2,4,20,7,0,0,0,
2026,,2026-04-08,823564,home,NYY,ATH,657612,Tim Hill,41,P,1.1,0,0,1,0,0,0,5,17,13,0,0,0,
2026,,2026-04-08,823564,home,NYY,ATH,687396,Brent Headrick,47,P,1.0,0,0,1,0,0,1,4,14,8,0,0,0,
2026,,2026-04-08,823564,home,NYY,ATH,701542,Will Warren,29,P,4.2,2,2,5,0,3,5,23,85,48,0,0,0,
2026,,2026-04-08,823564,home,NYY,ATH,666808,Camilo Doval,75,P,1.0,0,0,0,0,0,1,4,12,8,0,0,0,
2026,,2026-04-08,823564,home,NYY,ATH,670280,David Bednar,53,P,1.0,1,1,2,0,0,2,5,21,17,0,1,0,
2026,,2026-04-08,823726,away,DET,MIN,664285,Framber Valdez,59,P,5.0,8,8,10,0,2,2,29,87,56,0,1,0,
2026,,2026-04-08,823726,away,DET,MIN,640448,Kyle Finnegan,67,P,1.0,0,0,0,0,2,0,4,16,5,0,0,0,
2026,,2026-04-08,823726,away,DET,MIN,646241,Enmanuel De Jesus,37,P,1.0,0,0,1,0,2,1,5,21,10,0,0,0,
2026,,2026-04-08,823726,away,DET,MIN,676684,Will Vest,19,P,1.0,0,0,0,0,0,1,3,15,8,0,0,0,
2026,,2026-04-08,823726,home,MIN,DET,689520,Cody Laweryson,65,P,1.1,0,0,1,0,0,2,6,26,15,0,0,0,
2026,,2026-04-08,823726,home,MIN,DET,623437,Justin Topa,48,P,0.1,0,0,1,0,0,0,2,10,5,0,0,0,
2026,,2026-04-08,823726,home,MIN,DET,607455,Anthony Banda,43,P,0.2,4,4,4,0,0,1,6,21,13,0,0,0,
2026,,2026-04-08,823726,home,MIN,DET,663485,Cole Sands,44,P,0.1,0,0,1,0,0,1,2,9,7,0,0,0,
2026,,2026-04-08,823726,home,MIN,DET,641927,Bailey Ober,17,P,5.2,2,2,5,0,1,2,24,99,64,1,0,0,
2026,,2026-04-08,823726,home,MIN,DET,681892,Kody Funderburk,57,P,0.2,0,0,0,0,1,0,4,20,8,0,0,1,
2026,,2026-04-09,823884,away,CIN,MIA,683742,Jose Franco,74,P,2.0,3,2,4,0,3,2,12,43,25,0,0,0,
2026,,2026-04-09,823884,away,CIN,MIA,695076,Rhett Lowder,25,P,5.1,5,4,8,0,2,2,26,95,56,0,1,0,
2026,,2026-04-09,823884,away,CIN,MIA,656271,Brock Burke,49,P,0.2,0,0,0,0,0,1,2,8,6,0,0,0,
2026,,2026-04-09,823884,home,MIA,CIN,663969,Tyler Phillips,30,P,3.0,0,0,2,0,1,4,12,37,27,0,0,1,
2026,,2026-04-09,823884,home,MIA,CIN,676974,Max Meyer,23,P,5.0,1,1,4,1,3,4,23,87,59,1,0,0,
2026,,2026-04-09,823884,home,MIA,CIN,669622,Anthony Bender,37,P,1.0,0,0,1,0,0,1,4,12,8,0,0,0,
2026,,2026-04-09,823565,away,ATH,NYY,686993,Justin Sterner,60,P,1.0,0,0,0,0,1,1,4,21,14,0,0,0,
2026,,2026-04-09,823565,away,ATH,NYY,663687,Hogan Harris,36,P,1.0,0,0,0,0,0,1,3,14,10,0,0,1,
2026,,2026-04-09,823565,away,ATH,NYY,605488,Jeffrey Springs,59,P,7.0,0,0,1,0,2,6,25,93,60,1,0,0,
2026,,2026-04-09,823565,home,NYY,ATH,621112,Paul Blackburn,58,P,1.0,0,0,1,0,0,1,4,19,13,0,0,0,
2026,,2026-04-09,823565,home,NYY,ATH,677960,Ryan Weathers,40,P,8.0,1,1,7,0,0,7,30,101,73,0,1,0,
2026,,2026-04-09,823724,away,DET,MIN,676428,Brant Hurter,48,P,0.1,0,0,0,0,0,0,1,1,1,0,0,0,
2026,,2026-04-09,823724,away,DET,MIN,663947,Tyler Holton,87,P,1.1,0,0,1,0,1,2,6,24,12,0,0,0,
2026,,2026-04-09,823724,away,DET,MIN,656427,Jack Flaherty,9,P,5.2,1,1,5,1,3,6,23,89,50,0,0,0,
2026,,2026-04-09,823724,away,DET,MIN,676684,Will Vest,19,P,0.2,2,2,3,0,1,1,6,34,19,0,1,0,
2026,,2026-04-09,823724,home,MIN,DET,690953,Mick Abel,20,P,6.0,0,0,4,0,3,6,25,102,70,0,0,0,
2026,,2026-04-09,823724,home,MIN,DET,670183,Garrett Acton,50,P,2.0,1,1,1,0,0,2,8,35,22,1,0,0,
2026,,2026-04-09,823724,home,MIN,DET,679358,Eric Orze,19,P,1.0,0,0,0,0,0,1,3,14,12,0,0,1,
2026,,2026-04-09,823645,away,ARI,NYM,593958,Eduardo Rodriguez,57,P,6.0,1,1,5,1,2,3,25,102,65,1,0,0,
2026,,2026-04-09,823645,away,ARI,NYM,688497,Taylor Rashi,54,P,2.0,0,0,0,0,0,3,6,21,18,0,0,0,
2026,,2026-04-09,823645,away,ARI,NYM,664199,Taylor Clarke,45,P,1.0,0,0,1,0,0,0,4,10,8,0,0,0,
2026,,2026-04-09,823645,home,NYM,ARI,663992,Richard Lovelady,55,P,1.2,0,0,0,0,0,1,5,18,14,0,0,0,
2026,,2026-04-09,823645,home,NYM,ARI,596133,Luke Weaver,30,P,0.2,2,2,2,0,0,0,5,16,11,0,0,0,
2026,,2026-04-09,823645,home,NYM,ARI,690997,Nolan McLean,26,P,6.1,2,2,3,0,2,8,23,100,64,0,1,0,
2026,,2026-04-09,823645,home,NYM,ARI,472610,Luis García,40,P,0.1,3,3,3,0,1,0,5,21,13,0,0,0,
2026,,2026-04-09,824130,away,CHW,KCR,641743,Anthony Kay,18,P,5.2,0,0,3,0,2,6,24,100,63,1,0,0,
2026,,2026-04-09,824130,away,CHW,KCR,691799,Grant Taylor,31,P,1.1,0,0,2,0,0,1,6,22,17,0,0,0,
2026,,2026-04-09,824130,away,CHW,KCR,622554,Seranthony Domínguez,58,P,1.0,0,0,0,0,1,2,4,15,8,0,0,1,
2026,,2026-04-09,824130,away,CHW,KCR,673929,Jordan Leasure,49,P,1.0,0,0,0,0,1,2,4,18,9,0,0,0,
2026,,2026-04-09,824130,home,KCR,CHW,669212,Eli Morgan,34,P,2.0,0,0,1,0,1,1,8,27,18,0,0,0,
2026,,2026-04-09,824130,home,KCR,CHW,607625,Seth Lugo,67,P,6.1,2,1,4,0,4,4,24,92,55,0,1,0,
2026,,2026-04-09,824130,home,KCR,CHW,670167,John Schreiber,46,P,0.2,0,0,0,0,0,0,3,11,9,0,0,0,
2026,,2026-04-09,823319,away,COL,SDP,680767,Victor Vodnik,38,P,2.0,1,0,1,0,2,0,9,32,16,0,0,0,
2026,,2026-04-09,823319,away,COL,SDP,623474,Jimmy Herget,44,P,1.0,0,0,0,0,0,0,3,10,6,0,0,0,
2026,,2026-04-09,823319,away,COL,SDP,801403,Chase Dollander,32,P,4.1,1,1,4,0,1,3,20,81,55,0,0,0,
2026,,2026-04-09,823319,away,COL,SDP,657514,Brennan Bernardino,83,P,1.0,1,0,2,0,0,1,5,14,10,0,0,0,
2026,,2026-04-09,823319,away,COL,SDP,675848,Juan Mejia,47,P,1.0,0,0,1,0,1,1,4,21,11,0,0,0,
2026,,2026-04-09,823319,away,COL,SDP,677955,Jaden Hill,0,P,1.2,0,0,0,0,0,2,5,19,13,0,0,0,
2026,,2026-04-09,823319,away,COL,SDP,678368,Valente Bellozo,56,P,0.1,4,3,1,1,2,0,4,3,2,0,1,0,
2026,,2026-04-09,823319,home,SDP,COL,695243,Mason Miller,22,P,1.0,0,0,0,0,0,3,3,10,9,0,0,0,
2026,,2026-04-09,823319,home,SDP,COL,688158,David Morgan,66,P,1.2,0,0,0,0,0,1,6,17,10,1,0,0,
2026,,2026-04-09,823319,home,SDP,COL,699134,Bradgley Rodriguez,72,P,1.1,0,0,0,0,0,1,4,20,13,0,0,0,
2026,,2026-04-09,823319,home,SDP,COL,669093,Jeremiah Estrada,56,P,1.1,2,0,2,0,2,1,7,24,12,0,0,0,
2026,,2026-04-09,823319,home,SDP,COL,670970,Adrian Morejon,50,P,1.0,0,0,1,0,0,0,4,11,6,0,0,0,
2026,,2026-04-09,823319,home,SDP,COL,681190,Randy Vásquez,98,P,5.2,1,1,7,1,0,8,23,92,63,0,0,0,
2026,,2026-04-10,824695,away,PIT,CHC,642397,Gregory Soto,31,P,1.0,0,0,0,0,2,0,5,24,13,0,0,0,
2026,,2026-04-10,824695,away,PIT,CHC,682254,Mason Montgomery,46,P,0.2,0,0,0,0,1,2,3,17,9,1,0,0,
2026,,2026-04-10,824695,away,PIT,CHC,676755,Isaac Mattson,72,P,1.0,0,0,0,0,1,0,4,12,5,0,0,0,
2026,,2026-04-10,824695,away,PIT,CHC,669387,Carmen Mlodzinski,50,P,5.1,0,0,6,0,3,2,23,81,48,0,0,0,
2026,,2026-04-10,824695,away,PIT,CHC,642701,Dennis Santana,60,P,1.0,0,0,0,0,0,2,3,13,9,0,0,1,
2026,,2026-04-10,824695,home,CHC,PIT,702303,Riley Martin,51,P,1.0,0,0,0,0,0,1,3,13,8,0,0,0,
2026,,2026-04-10,824695,home,CHC,PIT,681799,Ethan Roberts,39,P,1.1,0,0,0,0,0,1,4,17,10,0,0,0,
2026,,2026-04-10,824695,home,CHC,PIT,573204,Caleb Thielbar,24,P,0.2,2,2,3,1,0,0,5,21,15,0,1,0,
2026,,2026-04-10,824695,home,CHC,PIT,684007,Shota Imanaga,18,P,6.0,0,0,0,0,1,9,19,100,68,0,0,0,
2026,,2026-04-10,823482,away,ARI,PHI,666661,Juan Morillo,62,P,1.1,0,0,1,0,0,3,5,26,16,0,0,0,
2026,,2026-04-10,823482,away,ARI,PHI,642528,Jonathan Loáisiga,43,P,1.0,0,0,0,0,0,3,3,15,9,0,0,0,
2026,,2026-04-10,823482,away,ARI,PHI,623149,Paul Sewald,38,P,1.0,0,0,1,0,0,0,4,9,8,0,0,1,
2026,,2026-04-10,823482,away,ARI,PHI,647336,Michael Soroka,34,P,5.2,4,4,5,1,2,10,25,93,61,1,0,0,
2026,,2026-04-10,823482,home,PHI,ARI,666200,Jesús Luzardo,44,P,4.2,5,5,5,0,3,8,22,86,51,0,1,0,
2026,,2026-04-10,823482,home,PHI,ARI,689147,Orion Kerkering,50,P,1.0,0,0,1,0,0,0,4,13,9,0,0,0,
2026,,2026-04-10,823482,home,PHI,ARI,680742,Jonathan Bowlan,52,P,1.1,0,0,0,0,0,1,4,19,12,0,0,0,
2026,,2026-04-10,823482,home,PHI,ARI,621383,Tanner Banks,58,P,1.0,0,0,1,0,0,1,4,14,11,0,0,0,
2026,,2026-04-10,823482,home,PHI,ARI,641745,Brad Keller,40,P,1.0,0,0,0,0,0,0,3,7,5,0,0,0,
2026,,2026-04-10,824297,away,MIA,DET,669199,Lake Bachar,84,P,2.0,0,0,1,0,0,3,8,34,21,0,0,0,
2026,,2026-04-10,824297,away,MIA,DET,663978,Chris Paddack,33,P,6.0,2,2,7,1,1,4,25,96,65,0,1,0,
2026,,2026-04-10,824297,home,DET,MIA,676428,Brant Hurter,48,P,1.0,0,0,0,0,0,1,3,10,9,0,0,0,
2026,,2026-04-10,824297,home,DET,MIA,640448,Kyle Finnegan,67,P,1.0,0,0,0,0,1,0,3,12,8,0,0,0,
2026,,2026-04-10,824297,home,DET,MIA,445276,Kenley Jansen,74,P,1.0,0,0,0,0,0,1,3,12,7,0,0,1,
2026,,2026-04-10,824297,home,DET,MIA,672456,Keider Montero,54,P,6.0,0,0,2,0,1,7,21,80,55,1,0,0,
2026,,2026-04-10,824534,away,LAA,CIN,686799,Jack Kochanowicz,41,P,7.0,1,1,2,0,4,2,27,95,53,1,0,0,
2026,,2026-04-10,824534,away,LAA,CIN,815083,Mitch Farris,70,P,2.0,1,1,2,1,1,2,9,37,24,0,0,0,
2026,,2026-04-10,824534,home,CIN,LAA,693312,Kyle Nicolas,62,P,0.2,3,3,2,1,2,1,6,29,13,0,0,0,
2026,,2026-04-10,824534,home,CIN,LAA,664731,P.J. Higgins,65,P,1.0,0,0,0,0,0,1,3,10,7,0,0,0,
2026,,2026-04-10,824534,home,CIN,LAA,683175,Connor Phillips,34,P,1.2,0,0,1,0,0,3,6,24,13,0,0,0,
2026,,2026-04-10,824534,home,CIN,LAA,594580,Sam Moll,50,P,0.1,2,2,0,0,2,0,3,16,5,0,0,0,
2026,,2026-04-10,824534,home,CIN,LAA,695505,Chase Burns,26,P,5.1,5,5,7,2,4,2,27,92,57,0,1,0,
2026,,2026-04-10,822829,away,MIN,TOR,623437,Justin Topa,48,P,1.0,1,1,2,0,0,0,5,12,9,0,0,0,
2026,,2026-04-10,822829,away,MIN,TOR,680573,Simeon Woods Richardson,24,P,4.0,5,5,6,1,1,2,19,68,47,0,1,0,
2026,,2026-04-10,822829,away,MIN,TOR,607455,Anthony Banda,43,P,1.2,3,3,3,1,1,1,9,36,18,0,0,0,
2026,,2026-04-10,822829,away,MIN,TOR,573124,Taylor Rogers,55,P,1.1,1,1,3,0,0,1,7,30,18,0,0,0,
2026,,2026-04-10,822829,home,TOR,MIN,667297,Tommy Nance,45,P,0.2,0,0,1,0,0,1,3,10,7,0,0,0,
2026,,2026-04-10,822829,home,TOR,MIN,686973,Louis Varland,77,P,1.1,0,0,0,0,1,1,4,23,13,0,0,0,
2026,,2026-04-10,822829,home,TOR,MIN,573009,Joe Mantiply,35,P,1.0,0,0,0,0,0,3,3,15,10,1,0,0,
2026,,2026-04-10,822829,home,TOR,MIN,680755,Braydon Fisher,63,P,2.0,0,0,0,0,0,4,7,32,22,0,0,0,
2026,,2026-04-10,822829,home,TOR,MIN,571578,Patrick Corbin,46,P,4.0,4,4,6,2,1,3,21,85,52,0,0,0,
2026,,2026-04-10,823643,away,ATH,NYM,669372,J.T. Ginn,35,P,4.0,0,0,1,0,1,4,14,68,44,0,0,0,
2026,,2026-04-10,823643,away,ATH,NYM,605130,Scott Barlow,58,P,0.2,0,0,0,0,0,1,2,8,5,0,0,0,
2026,,2026-04-10,823643,away,ATH,NYM,665660,Elvis Alvarado,37,P,1.0,0,0,1,0,0,1,4,20,16,0,0,0,
2026,,2026-04-10,823643,away,ATH,NYM,643410,Mark Leiter Jr.,38,P,1.0,0,0,1,0,0,1,4,12,9,0,0,0,
2026,,2026-04-10,823643,away,ATH,NYM,678022,Jack Perkins,50,P,2.1,0,0,3,0,0,3,9,30,22,1,0,0,
2026,,2026-04-10,823643,home,NYM,ATH,668964,Tobias Myers,32,P,3.0,3,3,4,0,0,1,13,36,27,0,0,0,
2026,,2026-04-10,823643,home,NYM,ATH,663992,Richard Lovelady,55,P,0.2,0,0,0,0,0,0,1,5,2,0,0,0,
2026,,2026-04-10,823643,home,NYM,ATH,605280,Clay Holmes,35,P,5.1,1,1,5,0,3,3,23,81,48,0,1,0,
2026,,2026-04-10,822997,away,NYY,TBR,642232,Ryan Yarbrough,33,P,2.0,0,0,1,0,2,0,8,28,16,0,0,0,
2026,,2026-04-10,822997,away,NYY,TBR,687396,Brent Headrick,47,P,0.1,2,1,2,0,0,1,4,16,14,0,0,0,
2026,,2026-04-10,822997,away,NYY,TBR,661563,Luis Gil,81,P,4.0,3,3,3,1,3,2,19,88,50,0,1,0,
2026,,2026-04-10,822997,away,NYY,TBR,656234,Jake Bird,59,P,1.0,0,0,2,0,0,2,5,20,14,0,0,0,
2026,,2026-04-10,822997,away,NYY,TBR,666808,Camilo Doval,75,P,0.2,0,0,1,0,0,0,3,8,5,0,0,0,
2026,,2026-04-10,822997,home,TBR,NYY,571927,Steven Matz,32,P,5.0,2,2,2,0,2,7,20,88,57,1,0,0,
2026,,2026-04-10,822997,home,TBR,NYY,693855,Ian Seymour,61,P,1.0,0,0,0,0,0,1,3,17,12,0,0,0,
2026,,2026-04-10,822997,home,TBR,NYY,643377,Griffin Jax,22,P,1.0,0,0,0,0,0,2,3,13,7,0,0,0,
2026,,2026-04-10,822997,home,TBR,NYY,685801,Hunter Bigge,43,P,1.0,1,1,1,1,0,1,4,14,8,0,0,0,
2026,,2026-04-10,822997,home,TBR,NYY,641329,Bryan Baker,47,P,1.0,0,0,2,0,0,1,5,16,12,0,0,1,
2026,,2026-04-10,824858,away,SFG,BAL,664141,JT Brubaker,34,P,0.2,0,0,0,0,2,1,4,15,5,0,0,0,
2026,,2026-04-10,824858,away,SFG,BAL,676775,Keaton Winn,67,P,1.0,0,0,0,0,0,0,3,11,8,0,0,0,
2026,,2026-04-10,824858,away,SFG,BAL,694918,Blade Tidwell,46,P,1.0,2,2,3,1,0,1,6,18,15,0,0,0,
2026,,2026-04-10,824858,away,SFG,BAL,694738,Landen Roupp,65,P,6.0,1,1,5,0,2,4,25,93,54,1,0,0,
2026,,2026-04-10,824858,away,SFG,BAL,657424,Matt Gage,93,P,0.1,0,0,0,0,0,0,1,2,2,0,0,0,
2026,,2026-04-10,824858,home,BAL,SFG,675919,Nick Raquet,72,P,1.0,3,3,2,1,1,0,6,25,16,0,0,0,
2026,,2026-04-10,824858,home,BAL,SFG,669358,Shane Baz,34,P,5.0,3,3,9,1,2,4,25,99,59,0,1,0,
2026,,2026-04-10,824858,home,BAL,SFG,544150,Albert Suárez,49,P,2.0,0,0,1,0,0,1,7,18,13,0,0,0,
2026,,2026-04-10,824858,home,BAL,SFG,666974,Yennier Cano,78,P,1.0,0,0,0,0,0,1,3,9,6,0,0,0,
2026,,2026-04-10,824941,away,CLE,ATL,677944,Slade Cecconi,44,P,5.1,5,4,7,2,1,3,23,85,50,0,1,0,
2026,,2026-04-10,824941,away,CLE,ATL,670036,Matt Festa,52,P,0.2,2,2,3,1,0,0,5,17,13,0,0,0,
2026,,2026-04-10,824941,away,CLE,ATL,688883,Peyton Pallette,41,P,1.0,2,2,2,0,2,1,7,37,20,0,0,0,
2026,,2026-04-10,824941,away,CLE,ATL,663465,Kolby Allard,49,P,1.0,2,2,3,0,0,1,6,18,15,0,0,0,
2026,,2026-04-10,824941,home,ATL,CLE,669276,Dylan Lee,52,P,1.0,0,0,0,0,0,1,3,7,7,0,0,0,
2026,,2026-04-10,824941,home,ATL,CLE,660761,José Suarez,54,P,0.2,3,3,4,0,1,1,7,31,18,0,0,0,
2026,,2026-04-10,824941,home,ATL,CLE,606303,Joel Payamps,34,P,0.1,0,0,0,0,0,0,1,3,2,0,0,0,
2026,,2026-04-10,824941,home,ATL,CLE,674370,Osvaldo Bido,70,P,1.0,0,0,0,0,1,0,3,14,7,0,0,0,
2026,,2026-04-10,824941,home,ATL,CLE,641755,Tyler Kinley,45,P,1.0,0,0,0,0,0,0,3,10,9,1,0,0,
2026,,2026-04-10,824941,home,ATL,CLE,607481,Aaron Bummer,49,P,0.1,0,0,0,0,0,0,1,6,4,0,0,0,
2026,,2026-04-10,824941,home,ATL,CLE,693821,Bryce Elder,55,P,4.2,2,2,4,1,3,3,21,76,43,0,0,0,
2026,,2026-04-10,824128,away,CHW,KCR,701474,Duncan Davitt,55,P,1.0,0,0,0,0,1,0,3,14,8,0,0,0,
2026,,2026-04-10,824128,away,CHW,KCR,663436,Davis Martin,65,P,7.0,2,2,7,1,0,3,26,82,59,0,1,0,
2026,,2026-04-10,824128,home,KCR,CHW,668674,Lucas Erceg,60,P,1.0,0,0,0,0,0,0,3,10,7,0,0,1,
2026,,2026-04-10,824128,home,KCR,CHW,663460,Kris Bubic,50,P,7.0,0,0,2,0,1,11,24,88,59,1,0,0,
2026,,2026-04-10,824128,home,KCR,CHW,621381,Matt Strahm,25,P,1.0,0,0,0,0,0,0,3,7,5,0,0,0,
2026,,2026-04-10,823808,away,WSN,MIL,676571,PJ Poulin,50,P,1.0,0,0,0,0,0,0,3,10,9,1,0,0,
2026,,2026-04-10,823808,away,WSN,MIL,690925,Clayton Beeter,39,P,1.0,0,0,0,0,0,1,3,12,9,0,0,0,
2026,,2026-04-10,823808,away,WSN,MIL,672335,Cionel Pérez,51,P,1.0,0,0,1,0,0,0,3,14,8,0,0,0,
2026,,2026-04-10,823808,away,WSN,MIL,663623,Jake Irvin,27,P,5.0,3,3,2,1,5,5,22,100,55,0,0,0,
2026,,2026-04-10,823808,away,WSN,MIL,687606,Paxton Schultz,75,P,1.0,0,0,1,0,0,1,5,20,14,0,0,0,
2026,,2026-04-10,823808,home,MIL,WSN,694477,Chad Patrick,39,P,3.0,0,0,3,0,1,0,12,50,35,0,0,0,
2026,,2026-04-10,823808,home,MIL,WSN,682842,Abner Uribe,45,P,1.0,0,0,1,0,0,2,4,14,9,0,0,0,
2026,,2026-04-10,823808,home,MIL,WSN,676879,Aaron Ashby,26,P,2.1,2,2,3,0,0,4,10,44,28,0,0,0,
2026,,2026-04-10,823808,home,MIL,WSN,668834,Easton McGee,50,P,1.0,0,0,1,0,0,0,3,7,5,0,0,0,
2026,,2026-04-10,823808,home,MIL,WSN,672582,Angel Zerpa,61,P,1.2,1,1,1,0,1,0,5,22,13,0,0,0,
2026,,2026-04-10,823808,home,MIL,WSN,656730,Trevor Megill,29,P,0.0,4,4,2,0,0,0,5,9,6,0,1,0,
2026,,2026-04-10,823076,away,BOS,STL,813349,Connelly Early,71,P,4.1,1,1,5,0,2,5,21,86,53,0,0,0,
2026,,2026-04-10,823076,away,BOS,STL,669711,Greg Weissert,57,P,1.1,0,0,0,0,0,1,4,18,12,0,0,0,
2026,,2026-04-10,823076,away,BOS,STL,677161,Zack Kelly,76,P,0.2,2,2,2,0,1,0,5,18,9,0,1,0,
2026,,2026-04-10,823076,away,BOS,STL,701719,Tyler Samaniego,78,P,0.2,0,0,0,0,2,1,4,22,11,0,0,0,
2026,,2026-04-10,823076,away,BOS,STL,663558,Jovani Morán,47,P,1.0,0,0,1,0,1,2,5,17,12,0,0,0,
2026,,2026-04-10,823076,home,STL,BOS,668941,JoJo Romero,59,P,1.0,0,0,1,0,0,1,5,21,12,0,0,0,
2026,,2026-04-10,823076,home,STL,BOS,676617,Riley O'Brien,61,P,1.0,0,0,0,0,0,1,3,8,6,0,0,1,
2026,,2026-04-10,823076,home,STL,BOS,592773,Ryne Stanek,55,P,1.0,0,0,0,0,0,1,3,10,7,0,0,0,
2026,,2026-04-10,823076,home,STL,BOS,669160,Dustin May,3,P,6.0,2,1,4,0,0,4,23,75,54,1,0,0,
2026,,2026-04-10,823318,away,COL,SDP,675848,Juan Mejia,47,P,0.1,3,3,2,1,1,0,4,18,9,0,1,0,
2026,,2026-04-10,823318,away,COL,SDP,608372,Tomoyuki Sugano,11,P,6.0,2,2,4,2,0,3,22,81,52,0,0,0,
2026,,2026-04-10,823318,away,COL,SDP,622608,Antonio Senzatela,49,P,1.2,0,0,0,0,2,3,6,31,16,0,0,0,
2026,,2026-04-10,823318,away,COL,SDP,677955,Jaden Hill,0,P,0.1,0,0,0,0,0,0,1,2,1,0,0,0,
2026,,2026-04-10,823318,home,SDP,COL,695243,Mason Miller,22,P,1.0,0,0,0,0,0,3,3,13,10,1,0,0,
2026,,2026-04-10,823318,home,SDP,COL,621111,Walker Buehler,10,P,6.0,0,0,3,0,0,4,20,68,50,0,0,0,
2026,,2026-04-10,823318,home,SDP,COL,592094,Jason Adam,40,P,0.1,0,0,0,0,0,0,1,5,4,0,0,0,
2026,,2026-04-10,823318,home,SDP,COL,670970,Adrian Morejon,50,P,0.2,2,2,4,0,0,0,6,21,15,0,0,0,
2026,,2026-04-10,823318,home,SDP,COL,606996,Kyle Hart,68,P,1.0,0,0,1,0,1,0,4,13,7,0,0,0,
2026,,2026-04-10,823156,away,HOU,SEA,680802,Ryan Weiss,51,P,2.1,2,2,4,1,2,4,13,64,35,0,1,0,
2026,,2026-04-10,823156,away,HOU,SEA,641585,J.P. France,68,P,2.2,4,4,3,0,4,3,15,59,34,0,0,0,
2026,,2026-04-10,823156,away,HOU,SEA,660853,Enyel De Los Santos,65,P,1.0,0,0,1,0,0,1,4,10,7,0,0,0,
2026,,2026-04-10,823156,away,HOU,SEA,595345,Steven Okert,48,P,1.2,0,0,0,0,0,2,5,21,15,0,0,0,
2026,,2026-04-10,823156,away,HOU,SEA,837227,Tatsuya Imai,45,P,0.1,3,3,1,0,4,0,7,37,17,0,0,0,
2026,,2026-04-10,823156,home,SEA,HOU,677961,Cole Wilcox,43,P,0.1,3,3,3,1,0,0,5,18,12,0,0,0,
2026,,2026-04-10,823156,home,SEA,HOU,666374,Matt Brash,47,P,0.2,0,0,0,0,0,0,1,4,2,0,0,0,
2026,,2026-04-10,823156,home,SEA,HOU,662253,Andrés Muñoz,75,P,1.0,0,0,0,0,2,1,5,25,12,0,0,1,
2026,,2026-04-10,823156,home,SEA,HOU,642100,Gabe Speier,55,P,1.0,0,0,1,0,0,0,4,12,7,0,0,0,
2026,,2026-04-10,823156,home,SEA,HOU,660825,Eduard Bazardo,83,P,1.0,0,0,0,0,0,0,3,17,11,0,0,0,
2026,,2026-04-10,823156,home,SEA,HOU,676106,Emerson Hancock,26,P,5.0,3,3,4,0,2,5,19,88,56,1,0,0,
2026,,2026-04-10,823968,away,TEX,LAD,677958,Kumar Rocker,80,P,5.0,3,3,5,2,2,5,21,83,49,0,0,0,
2026,,2026-04-10,823968,away,TEX,LAD,681168,Luis Curvelo,57,P,1.0,2,2,4,1,1,0,7,21,16,0,0,0,
2026,,2026-04-10,823968,away,TEX,LAD,656641,Jacob Latz,67,P,0.2,1,1,1,1,0,2,3,16,11,0,1,0,
2026,,2026-04-10,823968,away,TEX,LAD,656222,Jalen Beeks,68,P,1.0,0,0,2,0,0,0,4,18,11,0,0,0,
2026,,2026-04-10,823968,away,TEX,LAD,676395,Robert Garcia,62,P,1.0,2,2,3,0,1,0,6,25,14,0,0,0,
2026,,2026-04-10,823968,home,LAD,TEX,607192,Tyler Glasnow,31,P,6.0,4,4,5,2,1,7,24,100,64,0,0,0,
2026,,2026-04-10,823968,home,LAD,TEX,681911,Alex Vesia,51,P,1.0,0,0,0,0,1,3,4,19,10,0,0,0,
2026,,2026-04-10,823968,home,LAD,TEX,656945,Tanner Scott,66,P,1.0,0,0,0,0,0,2,3,10,7,0,0,0,
2026,,2026-04-10,823968,home,LAD,TEX,621242,Edwin Díaz,3,P,1.0,3,3,4,1,1,2,8,23,19,1,0,0,
2026,,2026-04-11,823480,away,ARI,PHI,694297,Brandon Pfaadt,32,P,6.0,4,3,5,2,3,6,28,101,65,0,1,0,
2026,,2026-04-11,823480,away,ARI,PHI,656464,Kevin Ginkel,37,P,1.0,0,0,0,0,1,2,4,17,12,0,0,0,
2026,,2026-04-11,823480,away,ARI,PHI,657044,Ryan Thompson,81,P,1.0,0,0,0,0,0,3,3,20,13,0,0,0,
2026,,2026-04-11,823480,home,PHI,ARI,621237,José Alvarado,46,P,0.1,0,0,0,0,0,0,2,6,3,0,0,0,
2026,,2026-04-11,823480,home,PHI,ARI,661395,Jhoan Duran,59,P,1.0,0,0,0,0,0,1,3,12,7,0,0,1,
2026,,2026-04-11,823480,home,PHI,ARI,689147,Orion Kerkering,50,P,1.0,0,0,0,0,0,1,3,14,9,0,0,0,
2026,,2026-04-11,823480,home,PHI,ARI,641835,Tim Mayza,37,P,0.2,0,0,1,0,0,1,3,9,8,0,0,0,
2026,,2026-04-11,823480,home,PHI,ARI,592836,Taijuan Walker,99,P,5.0,2,2,4,1,2,6,19,85,52,1,0,0,
2026,,2026-04-11,823480,home,PHI,ARI,641745,Brad Keller,40,P,1.0,1,1,2,0,1,2,6,28,17,0,0,0,
2026,,2026-04-11,824294,away,MIA,DET,667463,John King,47,P,1.0,0,0,0,0,1,2,5,20,10,0,0,0,
2026,,2026-04-11,824294,away,MIA,DET,656848,Michael Petersen,49,P,1.0,0,0,0,0,0,0,3,8,6,0,0,0,
2026,,2026-04-11,824294,away,MIA,DET,669622,Anthony Bender,37,P,1.0,1,1,1,0,1,0,5,18,12,0,0,0,
2026,,2026-04-11,824294,away,MIA,DET,676083,Janson Junk,26,P,5.0,5,4,5,1,2,4,22,99,64,0,1,0,
2026,,2026-04-11,824294,home,DET,MIA,663554,Casey Mize,12,P,5.2,1,1,6,0,1,5,25,74,48,1,0,0,
2026,,2026-04-11,824294,home,DET,MIA,623454,Drew Anderson,38,P,3.1,0,0,0,0,2,2,12,61,39,0,0,1,
2026,,2026-04-11,824697,away,PIT,CHC,642397,Gregory Soto,31,P,0.1,0,0,0,0,0,0,1,1,1,0,0,0,
2026,,2026-04-11,824697,away,PIT,CHC,682254,Mason Montgomery,46,P,1.0,0,0,1,0,0,2,4,13,10,0,0,0,
2026,,2026-04-11,824697,away,PIT,CHC,670990,Yohan Ramírez,49,P,2.0,0,0,0,0,3,2,10,32,18,1,0,0,
2026,,2026-04-11,824697,away,PIT,CHC,676755,Isaac Mattson,72,P,1.0,0,0,2,0,0,1,5,24,17,0,0,0,
2026,,2026-04-11,824697,away,PIT,CHC,642701,Dennis Santana,60,P,1.0,1,1,1,0,2,0,6,27,15,0,0,0,
2026,,2026-04-11,824697,away,PIT,CHC,664875,Justin Lawrence,61,P,0.2,1,1,1,0,1,0,4,13,7,0,0,0,
2026,,2026-04-11,824697,away,PIT,CHC,677952,Braxton Ashcraft,35,P,5.0,1,1,4,0,1,9,20,77,50,0,0,0,
2026,,2026-04-11,824697,home,CHC,PIT,694037,Daniel Palencia,48,P,1.0,0,0,0,0,1,0,4,17,9,0,0,0,
2026,,2026-04-11,824697,home,CHC,PIT,571948,Hoby Milner,41,P,1.0,0,0,0,0,0,0,3,12,8,0,0,0,
2026,,2026-04-11,824697,home,CHC,PIT,665795,Edward Cabrera,30,P,5.0,3,3,8,0,3,4,25,98,62,0,0,0,
2026,,2026-04-11,824697,home,CHC,PIT,573204,Caleb Thielbar,24,P,1.0,1,0,0,0,1,3,5,19,15,0,1,0,
2026,,2026-04-11,824697,home,CHC,PIT,657097,Jacob Webb,71,P,1.0,0,0,1,0,0,2,3,17,12,0,0,0,
2026,,2026-04-11,824697,home,CHC,PIT,676962,Ben Brown,32,P,2.0,0,0,2,0,1,3,8,34,21,0,0,0,
2026,,2026-04-11,822830,away,MIN,TOR,663485,Cole Sands,44,P,1.0,2,2,2,1,0,0,5,22,16,0,0,0,
2026,,2026-04-11,822830,away,MIN,TOR,681892,Kody Funderburk,57,P,1.0,0,0,1,0,1,0,5,17,11,0,0,0,
2026,,2026-04-11,822830,away,MIN,TOR,657746,Joe Ryan,41,P,7.0,2,2,2,1,1,5,24,91,65,1,0,0,
2026,,2026-04-11,822830,home,TOR,MIN,693686,Spencer Miles,62,P,3.2,0,0,1,0,1,2,12,43,29,0,0,0,
2026,,2026-04-11,822830,home,TOR,MIN,641778,Eric Lauer,56,P,5.1,7,7,5,2,5,3,25,95,53,0,1,0,
2026,,2026-04-11,824535,away,LAA,CIN,681217,Chase Silseth,63,P,0.1,1,1,0,0,4,1,5,25,10,0,0,0,
2026,,2026-04-11,824535,away,LAA,CIN,666171,Ryan Zeferjahn,56,P,2.0,1,1,2,0,0,1,8,43,28,0,0,0,
2026,,2026-04-11,824535,away,LAA,CIN,691946,George Klassen,58,P,2.0,5,4,4,1,5,2,16,72,34,0,1,0,
2026,,2026-04-11,824535,away,LAA,CIN,608718,Brent Suter,37,P,3.2,0,0,2,0,0,2,12,39,28,0,0,0,
2026,,2026-04-11,824535,home,CIN,LAA,572955,Pierce Johnson,52,P,1.1,0,0,1,0,0,3,5,19,12,1,0,0,
2026,,2026-04-11,824535,home,CIN,LAA,641941,Emilio Pagán,15,P,1.0,0,0,0,0,1,0,4,14,7,0,0,0,
2026,,2026-04-11,824535,home,CIN,LAA,682227,Brandon Williamson,55,P,4.0,3,3,3,0,6,3,21,93,49,0,0,0,
2026,,2026-04-11,824535,home,CIN,LAA,663574,Tony Santillan,64,P,1.0,0,0,0,0,0,1,3,11,8,0,0,0,
2026,,2026-04-11,824535,home,CIN,LAA,683175,Connor Phillips,34,P,0.2,0,0,0,0,2,0,4,20,10,0,0,0,
2026,,2026-04-11,824535,home,CIN,LAA,668933,Graham Ashcraft,23,P,1.0,0,0,1,0,0,0,3,11,6,0,0,0,
2026,,2026-04-11,823644,away,ATH,NYM,686993,Justin Sterner,60,P,1.0,1,1,2,1,1,1,6,24,15,0,0,0,
2026,,2026-04-11,823644,away,ATH,NYM,682052,Jacob Lopez,57,P,5.0,5,5,7,2,3,5,25,96,58,1,0,0,
2026,,2026-04-11,823644,away,ATH,NYM,669270,Joel Kuhnel,47,P,1.0,0,0,1,0,0,0,4,7,5,0,0,0,
2026,,2026-04-11,823644,away,ATH,NYM,665622,Luis Medina,46,P,1.0,0,0,0,0,0,1,3,10,6,0,0,0,
2026,,2026-04-11,823644,away,ATH,NYM,643410,Mark Leiter Jr.,38,P,1.0,0,0,0,0,0,3,3,14,10,0,0,0,
2026,,2026-04-11,823644,home,NYM,ATH,623211,Huascar Brazobán,43,P,2.2,0,0,2,0,0,3,9,38,26,0,0,0,
2026,,2026-04-11,823644,home,NYM,ATH,596133,Luke Weaver,30,P,1.0,4,4,3,1,1,1,7,27,15,0,0,0,
2026,,2026-04-11,823644,home,NYM,ATH,673540,Kodai Senga,34,P,2.1,7,7,8,2,2,3,17,72,40,0,1,0,
2026,,2026-04-11,823644,home,NYM,ATH,518886,Craig Kimbrel,46,P,1.0,0,0,1,0,0,2,4,10,9,0,0,0,
2026,,2026-04-11,823644,home,NYM,ATH,548384,Brooks Raley,25,P,1.0,0,0,0,0,1,1,4,13,6,0,0,0,
2026,,2026-04-11,823644,home,NYM,ATH,472610,Luis García,40,P,1.0,0,0,1,0,0,1,4,18,14,0,0,0,
2026,,2026-04-11,824129,away,CHW,KCR,607200,Erick Fedde,47,P,5.0,1,1,3,1,1,4,21,85,53,0,1,0,
2026,,2026-04-11,824129,away,CHW,KCR,656794,Sean Newcomb,15,P,2.0,0,0,0,0,0,1,6,23,15,0,0,0,
2026,,2026-04-11,824129,away,CHW,KCR,663855,Jordan Hicks,44,P,1.0,1,1,1,0,0,1,4,16,11,0,0,0,
2026,,2026-04-11,824129,home,KCR,CHW,668674,Lucas Erceg,60,P,1.0,0,0,0,0,0,1,3,12,7,0,0,1,
2026,,2026-04-11,824129,home,KCR,CHW,608379,Michael Wacha,52,P,8.0,0,0,4,0,1,7,28,88,63,1,0,0,
2026,,2026-04-11,822996,away,NYY,TBR,657612,Tim Hill,41,P,0.1,0,0,0,0,0,0,1,1,1,0,0,0,
2026,,2026-04-11,822996,away,NYY,TBR,518585,Fernando Cruz,63,P,0.2,0,0,1,0,0,1,3,12,9,0,0,0,
2026,,2026-04-11,822996,away,NYY,TBR,608331,Max Fried,54,P,8.0,3,3,6,0,0,6,30,94,66,0,0,0,
2026,,2026-04-11,822996,away,NYY,TBR,670280,David Bednar,53,P,0.1,2,1,2,0,1,1,5,13,10,0,1,0,
2026,,2026-04-11,822996,home,TBR,NYY,607259,Nick Martinez,28,P,4.2,1,1,5,1,3,4,22,87,56,0,0,0,
2026,,2026-04-11,822996,home,TBR,NYY,693855,Ian Seymour,61,P,1.2,0,0,0,0,0,3,5,21,16,0,0,0,
2026,,2026-04-11,822996,home,TBR,NYY,642121,Cole Sulser,71,P,1.0,1,0,1,0,0,0,4,11,6,1,0,0,
2026,,2026-04-11,822996,home,TBR,NYY,687330,Kevin Kelly,49,P,0.1,0,0,0,0,0,1,1,4,3,0,0,0,
2026,,2026-04-11,822996,home,TBR,NYY,643377,Griffin Jax,22,P,0.1,0,0,0,0,1,1,2,8,4,0,0,0,
2026,,2026-04-11,822996,home,TBR,NYY,685801,Hunter Bigge,43,P,1.0,0,0,0,0,2,0,5,13,7,0,0,0,
2026,,2026-04-11,822996,home,TBR,NYY,641329,Bryan Baker,47,P,1.0,2,2,2,0,1,0,6,20,12,0,0,0,
2026,,2026-04-11,823805,away,WSN,MIL,690925,Clayton Beeter,39,P,1.0,1,1,1,1,2,2,7,24,12,0,0,1,
2026,,2026-04-11,823805,away,WSN,MIL,695418,Brad Lord,41,P,1.2,0,0,0,0,1,3,6,16,11,0,0,0,
2026,,2026-04-11,823805,away,WSN,MIL,672335,Cionel Pérez,51,P,1.0,0,0,0,0,0,1,3,14,9,0,0,0,
2026,,2026-04-11,823805,away,WSN,MIL,656492,Foster Griffin,22,P,5.1,0,0,1,0,3,1,20,80,50,1,0,0,
2026,,2026-04-11,823805,home,MIL,WSN,681982,Grant Anderson,56,P,0.2,0,0,0,0,0,1,2,8,5,0,0,0,
2026,,2026-04-11,823805,home,MIL,WSN,690986,Kyle Harrison,52,P,4.1,2,2,5,0,1,1,19,76,51,0,1,0,
2026,,2026-04-11,823805,home,MIL,WSN,687075,Brandon Sproat,23,P,3.2,1,1,4,0,3,3,15,65,38,0,0,0,
2026,,2026-04-11,823805,home,MIL,WSN,669084,DL Hall,37,P,0.1,0,0,0,0,1,0,2,9,3,0,0,0,
2026,,2026-04-11,824857,away,SFG,BAL,657277,Logan Webb,62,P,6.0,4,4,5,1,3,6,26,98,63,0,1,0,
2026,,2026-04-11,824857,away,SFG,BAL,668873,Caleb Kilian,45,P,0.2,1,1,1,1,1,2,4,17,12,0,0,0,
2026,,2026-04-11,824857,away,SFG,BAL,621366,Ryan Borucki,47,P,1.1,1,1,3,0,0,3,7,29,19,0,0,0,
2026,,2026-04-11,824857,home,BAL,SFG,670329,Rico Garcia,50,P,1.0,0,0,0,0,0,1,3,8,6,0,0,0,
2026,,2026-04-11,824857,home,BAL,SFG,605135,Chris Bassitt,40,P,4.2,2,1,7,0,1,2,21,89,57,0,0,0,
2026,,2026-04-11,824857,home,BAL,SFG,689296,Anthony Nunez,66,P,1.0,0,0,1,0,0,2,4,16,11,0,0,0,
2026,,2026-04-11,824857,home,BAL,SFG,664854,Ryan Helsley,21,P,1.0,0,0,2,0,0,0,4,14,10,0,0,0,
2026,,2026-04-11,824857,home,BAL,SFG,664991,Grant Wolfram,48,P,1.0,0,0,0,0,0,1,3,14,9,1,0,0,
2026,,2026-04-11,824857,home,BAL,SFG,666974,Yennier Cano,78,P,0.1,0,0,0,0,0,0,1,2,1,0,0,0,
2026,,2026-04-11,823074,away,BOS,STL,669711,Greg Weissert,57,P,0.2,0,0,0,0,1,0,4,16,10,0,0,0,
2026,,2026-04-11,823074,away,BOS,STL,676477,Garrett Whitlock,22,P,1.0,1,1,1,1,0,2,4,12,9,0,0,0,
2026,,2026-04-11,823074,away,BOS,STL,624133,Ranger Suarez,55,P,6.0,0,0,3,0,2,6,22,84,55,1,0,0,
2026,,2026-04-11,823074,away,BOS,STL,543056,Danny Coulombe,67,P,0.1,0,0,0,0,0,0,1,5,3,0,0,0,
2026,,2026-04-11,823074,away,BOS,STL,670245,Ryan Watson,56,P,1.0,0,0,1,0,0,0,5,13,8,0,0,0,
2026,,2026-04-11,823074,home,STL,BOS,694335,Matt Svanson,49,P,1.0,5,5,6,0,1,1,10,43,26,0,0,0,
2026,,2026-04-11,823074,home,STL,BOS,681517,Kyle Leahy,62,P,4.0,2,2,3,0,3,2,17,71,41,0,1,0,
2026,,2026-04-11,823074,home,STL,BOS,700669,Gordon Graceffo,44,P,2.1,0,0,1,0,1,2,10,32,17,0,0,0,
2026,,2026-04-11,823074,home,STL,BOS,677865,Justin Bruihl,47,P,1.0,0,0,0,0,0,1,3,11,7,0,0,0,
2026,,2026-04-11,823074,home,STL,BOS,694363,Jared Shuster,68,P,0.2,0,0,0,0,0,0,2,8,5,0,0,0,
2026,,2026-04-11,824939,away,CLE,ATL,542888,Shawn Armstrong,43,P,1.0,0,0,1,0,1,2,5,28,17,0,0,0,
2026,,2026-04-11,824939,away,CLE,ATL,641401,Connor Brogdon,75,P,0.1,0,0,0,0,0,0,1,1,1,0,0,0,
2026,,2026-04-11,824939,away,CLE,ATL,800048,Parker Messick,77,P,6.2,0,0,4,0,2,5,26,84,61,1,0,0,
2026,,2026-04-11,824939,away,CLE,ATL,681870,Erik Sabrowski,62,P,1.0,0,0,0,0,0,2,3,14,9,0,0,0,
2026,,2026-04-11,824939,home,ATL,CLE,606303,Joel Payamps,34,P,0.1,1,1,2,0,0,1,3,11,8,0,0,0,
2026,,2026-04-11,824939,home,ATL,CLE,674370,Osvaldo Bido,70,P,2.2,3,3,2,0,2,1,12,50,27,0,0,0,
2026,,2026-04-11,824939,home,ATL,CLE,641755,Tyler Kinley,45,P,0.1,1,1,1,0,1,0,3,16,9,0,0,0,
2026,,2026-04-11,824939,home,ATL,CLE,607481,Aaron Bummer,49,P,0.2,0,0,0,0,2,0,4,22,9,0,0,0,
2026,,2026-04-11,824939,home,ATL,CLE,527048,Martín Pérez,33,P,5.0,1,1,2,1,3,2,19,86,53,0,1,0,
2026,,2026-04-11,823316,away,COL,SDP,663372,Ryan Feltner,18,P,4.0,6,6,7,2,3,4,21,82,51,0,1,0,
2026,,2026-04-11,823316,away,COL,SDP,623474,Jimmy Herget,44,P,1.0,0,0,1,0,0,0,3,8,7,0,0,0,
2026,,2026-04-11,823316,away,COL,SDP,657514,Brennan Bernardino,83,P,0.2,0,0,1,0,1,1,4,20,13,0,0,0,
2026,,2026-04-11,823316,away,COL,SDP,688642,Zach Agnos,36,P,1.1,3,2,1,0,3,0,8,39,20,0,0,0,
2026,,2026-04-11,823316,away,COL,SDP,547179,Michael Lorenzen,24,P,1.0,0,0,0,0,0,0,4,11,7,0,0,0,
2026,,2026-04-11,823316,home,SDP,COL,593974,Wandy Peralta,58,P,1.1,0,0,1,0,1,2,6,28,19,0,0,0,
2026,,2026-04-11,823316,home,SDP,COL,592094,Jason Adam,40,P,0.1,0,0,0,0,0,0,1,4,3,0,0,1,
2026,,2026-04-11,823316,home,SDP,COL,608566,Germán Márquez,33,P,5.0,4,4,4,3,2,5,20,86,55,1,0,0,
2026,,2026-04-11,823316,home,SDP,COL,699134,Bradgley Rodriguez,72,P,0.2,0,0,2,0,1,1,5,21,12,0,0,0,
2026,,2026-04-11,823316,home,SDP,COL,676760,Ron Marinaccio,97,P,1.2,1,1,2,0,0,2,6,26,16,0,0,0,
2026,,2026-04-11,823967,away,TEX,LAD,641302,Tyler Alexander,13,P,2.1,0,0,2,0,1,2,9,37,24,0,0,0,
2026,,2026-04-11,823967,away,TEX,LAD,683004,Jack Leiter,22,P,3.2,5,5,5,2,4,4,19,93,54,0,1,0,
2026,,2026-04-11,823967,away,TEX,LAD,676395,Robert Garcia,62,P,1.0,0,0,0,0,1,0,4,15,9,0,0,0,
2026,,2026-04-11,823967,away,TEX,LAD,455119,Chris Martin,31,P,1.0,1,1,2,0,0,2,4,21,14,0,0,0,
2026,,2026-04-11,823967,home,LAD,TEX,681911,Alex Vesia,51,P,0.1,0,0,0,0,0,1,1,6,3,0,0,1,
2026,,2026-04-11,823967,home,LAD,TEX,656945,Tanner Scott,66,P,1.0,0,0,0,0,0,0,3,9,6,0,0,0,
2026,,2026-04-11,823967,home,LAD,TEX,686218,Emmet Sheehan,80,P,6.0,3,3,4,2,1,6,22,77,50,1,0,0,
2026,,2026-04-11,823967,home,LAD,TEX,676263,Jack Dreyer,86,P,1.0,0,0,0,0,0,3,3,13,9,0,0,0,
2026,,2026-04-11,823967,home,LAD,TEX,595014,Blake Treinen,49,P,0.2,0,0,0,0,1,1,4,21,13,0,0,0,
2026,,2026-04-11,823155,away,HOU,SEA,650556,Bryan Abreu,52,P,0.1,1,1,1,0,3,1,5,23,10,0,1,0,
2026,,2026-04-11,823155,away,HOU,SEA,678906,Kai-Wei Teng,17,P,0.2,0,0,0,0,1,2,3,20,12,0,0,0,
2026,,2026-04-11,823155,away,HOU,SEA,595345,Steven Okert,48,P,0.2,1,1,1,1,0,0,3,11,8,0,0,0,
2026,,2026-04-11,823155,away,HOU,SEA,805123,AJ Blubaugh,69,P,1.0,0,0,0,0,0,0,3,17,12,0,0,0,
2026,,2026-04-11,823155,away,HOU,SEA,621121,Lance McCullers Jr.,43,P,4.1,6,6,5,1,2,4,19,79,46,0,0,0,
2026,,2026-04-11,823155,away,HOU,SEA,687911,Bryan King,74,P,1.1,0,0,0,0,1,1,4,25,18,0,0,0,
2026,,2026-04-11,823155,home,SEA,HOU,678606,Jose A. Ferrer,45,P,1.0,0,0,1,0,0,1,4,21,15,0,0,0,
2026,,2026-04-11,823155,home,SEA,HOU,668984,Casey Legumina,64,P,1.2,0,0,2,0,0,2,6,20,14,0,0,0,
2026,,2026-04-11,823155,home,SEA,HOU,666374,Matt Brash,47,P,1.0,0,0,1,0,1,0,5,12,6,0,0,0,
2026,,2026-04-11,823155,home,SEA,HOU,622491,Luis Castillo,58,P,3.1,7,7,10,1,1,3,21,91,68,0,0,0,
2026,,2026-04-11,823155,home,SEA,HOU,662253,Andrés Muñoz,75,P,1.0,0,0,1,0,2,1,6,24,10,1,0,0,
2026,,2026-04-11,823155,home,SEA,HOU,660825,Eduard Bazardo,83,P,1.0,0,0,2,0,0,2,5,16,13,0,0,0,
2026,,2026-04-12,824859,away,SFG,BAL,664141,JT Brubaker,34,P,1.0,0,0,1,0,1,0,4,20,10,0,0,0,
2026,,2026-04-12,824859,away,SFG,BAL,676254,Ryan Walker,74,P,0.2,1,1,3,0,0,2,5,20,13,0,0,0,
2026,,2026-04-12,824859,away,SFG,BAL,605288,Adrian Houser,12,P,4.2,4,4,5,1,2,3,21,88,51,0,1,0,
2026,,2026-04-12,824859,away,SFG,BAL,669062,Erik Miller,68,P,1.0,0,0,1,0,1,1,5,21,12,0,0,0,
2026,,2026-04-12,824859,away,SFG,BAL,657424,Matt Gage,93,P,0.2,1,1,1,0,1,1,4,21,12,0,0,0,
2026,,2026-04-12,824859,home,BAL,SFG,669330,Tyler Wells,68,P,2.0,1,1,2,1,0,1,8,28,18,0,0,0,
2026,,2026-04-12,824859,home,BAL,SFG,700249,Cade Povich,37,P,6.2,1,1,5,0,0,5,24,97,65,1,0,0,
2026,,2026-04-12,824859,home,BAL,SFG,689296,Anthony Nunez,66,P,0.1,0,0,0,0,0,1,1,3,3,0,0,0,
2026,,2026-04-12,823479,away,ARI,PHI,656464,Kevin Ginkel,37,P,0.1,0,0,1,0,1,1,3,12,5,0,0,0,
2026,,2026-04-12,823479,away,ARI,PHI,642528,Jonathan Loáisiga,43,P,1.0,0,0,0,0,0,0,3,9,7,0,0,0,
2026,,2026-04-12,823479,away,ARI,PHI,623149,Paul Sewald,38,P,1.0,0,0,0,0,0,2,3,11,9,0,0,1,
2026,,2026-04-12,823479,away,ARI,PHI,664199,Taylor Clarke,45,P,1.0,0,0,1,0,0,0,4,15,10,1,0,0,
2026,,2026-04-12,823479,away,ARI,PHI,668678,Zac Gallen,23,P,5.0,3,3,8,1,1,2,22,84,53,0,0,0,
2026,,2026-04-12,823479,away,ARI,PHI,657044,Ryan Thompson,81,P,0.2,0,0,0,0,0,0,1,5,2,0,0,0,
2026,,2026-04-12,823479,home,PHI,ARI,621237,José Alvarado,46,P,0.1,2,2,2,0,0,0,3,13,8,0,1,0,
2026,,2026-04-12,823479,home,PHI,ARI,680742,Jonathan Bowlan,52,P,0.2,0,0,1,0,1,2,4,18,12,0,0,0,
2026,,2026-04-12,823479,home,PHI,ARI,641835,Tim Mayza,37,P,1.0,0,0,0,0,0,1,3,9,7,0,0,0,
2026,,2026-04-12,823479,home,PHI,ARI,647315,Zach Pop,56,P,2.0,1,1,3,0,0,1,9,37,25,0,0,0,
2026,,2026-04-12,823479,home,PHI,ARI,691725,Andrew Painter,24,P,5.0,1,1,3,0,1,7,19,80,54,0,0,0,
2026,,2026-04-12,822828,away,MIN,TOR,671737,Taj Bradley,26,P,5.0,1,1,5,0,4,7,23,106,62,1,0,0,
2026,,2026-04-12,822828,away,MIN,TOR,623437,Justin Topa,48,P,1.0,0,0,1,0,0,0,3,12,8,0,0,0,
2026,,2026-04-12,822828,away,MIN,TOR,702193,Andrew Morris,78,P,3.0,1,1,6,0,0,2,15,67,50,0,0,0,
2026,,2026-04-12,822828,home,TOR,MIN,667297,Tommy Nance,45,P,1.0,0,0,0,0,0,1,3,8,7,0,0,0,
2026,,2026-04-12,822828,home,TOR,MIN,686973,Louis Varland,77,P,1.0,0,0,0,0,0,3,3,16,11,0,0,0,
2026,,2026-04-12,822828,home,TOR,MIN,573009,Joe Mantiply,35,P,1.2,0,0,2,0,0,1,8,21,15,0,0,0,
2026,,2026-04-12,822828,home,TOR,MIN,656546,Jeff Hoffman,23,P,1.0,0,0,0,0,0,2,3,12,10,0,0,0,
2026,,2026-04-12,822828,home,TOR,MIN,453286,Max Scherzer,31,P,2.1,8,8,5,2,2,3,15,68,41,0,1,0,
2026,,2026-04-12,822828,home,TOR,MIN,689254,Mason Fluharty,68,P,1.0,0,0,0,0,0,2,3,13,9,0,0,0,
2026,,2026-04-12,822828,home,TOR,MIN,643511,Tyler Rogers,71,P,1.0,0,0,1,0,0,0,3,7,6,0,0,0,
2026,,2026-04-12,824533,away,LAA,CIN,680704,Nick Sandlin,52,P,0.1,2,2,1,0,0,0,4,17,10,0,0,0,
2026,,2026-04-12,824533,away,LAA,CIN,667755,José Soriano,59,P,7.0,0,0,2,0,3,10,26,106,69,1,0,0,
2026,,2026-04-12,824533,away,LAA,CIN,519141,Drew Pomeranz,13,P,1.0,1,1,1,1,0,1,3,9,7,0,0,0,
2026,,2026-04-12,824533,away,LAA,CIN,696147,Sam Bachman,40,P,0.2,3,3,2,0,3,1,7,33,15,0,0,0,
2026,,2026-04-12,824533,home,CIN,LAA,693312,Kyle Nicolas,62,P,2.0,0,0,1,0,3,0,10,40,17,0,0,0,
2026,,2026-04-12,824533,home,CIN,LAA,683175,Connor Phillips,34,P,1.0,0,0,0,0,0,1,3,11,8,0,0,0,
2026,,2026-04-12,824533,home,CIN,LAA,594580,Sam Moll,50,P,1.2,1,0,0,0,3,1,9,31,16,0,0,0,
2026,,2026-04-12,824533,home,CIN,LAA,656271,Brock Burke,49,P,1.1,1,1,1,0,1,0,6,25,14,0,0,0,
2026,,2026-04-12,824533,home,CIN,LAA,671096,Andrew Abbott,41,P,3.0,7,7,8,1,2,1,18,71,43,0,1,0,
2026,,2026-04-12,823642,away,ATH,NYM,605130,Scott Barlow,58,P,1.0,0,0,0,0,1,0,4,17,10,0,0,0,
2026,,2026-04-12,823642,away,ATH,NYM,669270,Joel Kuhnel,47,P,1.0,0,0,0,0,0,0,3,4,3,0,0,1,
2026,,2026-04-12,823642,away,ATH,NYM,665660,Elvis Alvarado,37,P,0.1,0,0,0,0,0,0,1,6,4,0,0,0,
2026,,2026-04-12,823642,away,ATH,NYM,650644,Aaron Civale,45,P,5.2,0,0,4,0,0,3,20,75,46,1,0,0,
2026,,2026-04-12,823642,away,ATH,NYM,663687,Hogan Harris,36,P,1.0,0,0,0,0,0,2,3,13,8,0,0,0,
2026,,2026-04-12,823642,home,NYM,ATH,640455,Sean Manaea,59,P,3.0,0,0,0,0,0,4,9,41,33,0,0,0,
2026,,2026-04-12,823642,home,NYM,ATH,642547,Freddy Peralta,51,P,6.0,1,1,4,1,3,6,25,100,64,0,1,0,
2026,,2026-04-12,824293,away,MIA,DET,645261,Sandy Alcantara,22,P,6.0,7,7,10,3,2,4,30,100,59,0,1,0,
2026,,2026-04-12,824293,away,MIA,DET,663969,Tyler Phillips,30,P,2.0,1,1,2,0,1,2,9,37,22,0,0,0,
2026,,2026-04-12,824293,home,DET,MIA,669373,Tarik Skubal,29,P,6.2,1,1,2,0,2,7,24,96,62,1,0,0,
2026,,2026-04-12,824293,home,DET,MIA,640448,Kyle Finnegan,67,P,1.1,0,0,2,0,0,0,5,14,9,0,0,0,
2026,,2026-04-12,824293,home,DET,MIA,657756,Connor Seabold,43,P,1.0,1,1,2,1,0,1,5,15,12,0,0,0,
2026,,2026-04-12,822998,away,NYY,TBR,642232,Ryan Yarbrough,33,P,1.0,1,1,2,0,0,1,5,20,14,0,0,0,
2026,,2026-04-12,822998,away,NYY,TBR,687396,Brent Headrick,47,P,1.0,1,1,2,0,0,0,5,9,5,0,0,0,
2026,,2026-04-12,822998,away,NYY,TBR,666808,Camilo Doval,75,P,1.0,0,0,0,0,0,0,3,11,7,0,0,0,
2026,,2026-04-12,822998,away,NYY,TBR,693645,Cam Schlittler,31,P,5.0,3,3,7,0,1,8,23,85,61,0,1,0,
2026,,2026-04-12,822998,home,TBR,NYY,669438,Mason Englert,59,P,1.0,2,2,3,1,1,1,7,21,15,0,0,1,
2026,,2026-04-12,822998,home,TBR,NYY,642121,Cole Sulser,71,P,0.1,2,2,2,0,1,0,4,15,7,0,0,0,
2026,,2026-04-12,822998,home,TBR,NYY,687330,Kevin Kelly,49,P,1.2,0,0,1,0,0,0,5,18,12,0,0,0,
2026,,2026-04-12,822998,home,TBR,NYY,656876,Drew Rasmussen,57,P,6.0,0,0,1,0,0,7,19,76,51,1,0,0,
2026,,2026-04-12,824126,away,CHW,KCR,685126,Brandon Eisert,53,P,1.0,2,2,3,0,0,1,6,16,13,0,0,0,
2026,,2026-04-12,824126,away,CHW,KCR,691799,Grant Taylor,31,P,2.0,0,0,0,0,0,2,6,27,21,0,0,0,
2026,,2026-04-12,824126,away,CHW,KCR,622554,Seranthony Domínguez,58,P,1.0,0,0,0,0,1,2,4,15,9,0,0,1,
2026,,2026-04-12,824126,away,CHW,KCR,686563,Jonathan Cannon,48,P,0.0,1,1,0,0,3,0,3,14,2,0,0,0,
2026,,2026-04-12,824126,away,CHW,KCR,673929,Jordan Leasure,49,P,1.1,0,0,0,0,1,0,5,20,13,1,0,0,
2026,,2026-04-12,824126,away,CHW,KCR,608371,Lucas Sims,39,P,1.0,0,0,0,0,0,1,3,8,6,0,0,0,
2026,,2026-04-12,824126,away,CHW,KCR,663542,Bryan Hudson,60,P,1.0,0,0,0,0,0,3,4,21,14,0,0,0,
2026,,2026-04-12,824126,away,CHW,KCR,656794,Sean Newcomb,15,P,0.1,2,2,1,0,1,0,3,9,5,0,0,0,
2026,,2026-04-12,824126,away,CHW,KCR,663855,Jordan Hicks,44,P,1.1,0,0,2,0,0,0,5,18,12,0,0,0,
2026,,2026-04-12,824126,home,KCR,CHW,683232,Nick Mears,31,P,0.2,0,0,0,0,1,1,3,17,8,0,0,0,
2026,,2026-04-12,824126,home,KCR,CHW,663738,Daniel Lynch IV,41,P,1.0,0,0,0,0,0,1,4,12,7,0,0,0,
2026,,2026-04-12,824126,home,KCR,CHW,702070,Noah Cameron,65,P,5.1,5,5,6,2,2,4,23,67,47,0,0,0,
2026,,2026-04-12,824126,home,KCR,CHW,656638,Alex Lange,56,P,1.0,0,0,0,0,1,2,4,16,9,0,0,0,
2026,,2026-04-12,824126,home,KCR,CHW,670167,John Schreiber,46,P,1.0,1,1,1,0,1,1,6,22,15,0,1,0,
2026,,2026-04-12,823804,away,WSN,MIL,686610,Ken Waldichuk,52,P,1.2,1,1,1,0,1,1,7,25,14,0,0,0,
2026,,2026-04-12,823804,away,WSN,MIL,676571,PJ Poulin,50,P,1.1,0,0,1,0,0,0,5,16,11,1,0,0,
2026,,2026-04-12,823804,away,WSN,MIL,669371,Cole Henry,99,P,0.0,2,2,1,1,1,0,2,12,4,0,0,0,
2026,,2026-04-12,823804,away,WSN,MIL,681402,Gus Varland,47,P,1.0,0,0,0,0,0,1,3,8,7,0,0,1,
2026,,2026-04-12,823804,away,WSN,MIL,641793,Zack Littell,18,P,5.0,3,3,6,3,0,3,21,71,50,0,0,0,
2026,,2026-04-12,823804,home,MIL,WSN,682842,Abner Uribe,45,P,0.2,2,2,2,0,0,0,4,18,12,0,0,0,
2026,,2026-04-12,823804,home,MIL,WSN,676879,Aaron Ashby,26,P,0.2,0,0,1,0,0,1,3,11,8,0,0,0,
2026,,2026-04-12,823804,home,MIL,WSN,663765,Jake Woodford,41,P,1.0,0,0,2,0,0,0,5,16,10,0,0,0,
2026,,2026-04-12,823804,home,MIL,WSN,605540,Brandon Woodruff,53,P,6.0,2,1,3,1,1,6,23,70,50,0,0,0,
2026,,2026-04-12,823804,home,MIL,WSN,672582,Angel Zerpa,61,P,0.2,4,4,4,0,1,0,7,21,13,0,1,0,
2026,,2026-04-12,823075,away,BOS,STL,677161,Zack Kelly,76,P,2.0,1,1,1,1,0,2,7,23,16,0,0,0,
2026,,2026-04-12,823075,away,BOS,STL,678394,Brayan Bello,66,P,6.2,2,2,6,1,2,2,27,94,61,1,0,0,
2026,,2026-04-12,823075,away,BOS,STL,543056,Danny Coulombe,67,P,0.1,0,0,0,0,0,0,1,5,2,0,0,0,
2026,,2026-04-12,823075,home,STL,BOS,669467,Andre Pallante,53,P,5.0,7,6,9,1,1,2,27,95,61,0,1,0,
2026,,2026-04-12,823075,home,STL,BOS,666277,George Soriano,65,P,1.0,0,0,0,0,0,1,3,13,10,0,0,0,
2026,,2026-04-12,823075,home,STL,BOS,694363,Jared Shuster,68,P,3.0,2,2,2,0,2,1,13,50,26,0,0,0,
2026,,2026-04-12,824696,away,PIT,CHC,696149,Bubba Chandler,36,P,5.1,3,3,5,2,2,4,23,91,64,0,0,0,
2026,,2026-04-12,824696,away,PIT,CHC,664875,Justin Lawrence,61,P,1.0,2,1,1,0,2,2,6,29,16,0,0,0,
2026,,2026-04-12,824696,away,PIT,CHC,664353,José Urquidy,65,P,0.1,1,1,3,0,1,0,5,22,12,0,1,0,
2026,,2026-04-12,824696,away,PIT,CHC,682995,Hunter Barco,45,P,1.2,1,1,1,0,2,1,8,32,21,0,0,0,
2026,,2026-04-12,824696,home,CHC,PIT,694037,Daniel Palencia,48,P,1.0,0,0,0,0,1,2,4,16,9,1,0,0,
2026,,2026-04-12,824696,home,CHC,PIT,702303,Riley Martin,51,P,1.1,0,0,1,0,0,2,5,19,13,0,0,0,
2026,,2026-04-12,824696,home,CHC,PIT,681799,Ethan Roberts,39,P,0.2,0,0,0,0,0,1,3,13,8,0,0,0,
2026,,2026-04-12,824696,home,CHC,PIT,592791,Jameson Taillon,50,P,6.0,6,6,6,3,2,10,26,102,59,0,0,0,
2026,,2026-04-12,823317,away,COL,SDP,680767,Victor Vodnik,38,P,1.0,0,0,0,0,1,1,3,13,8,0,0,0,
2026,,2026-04-12,823317,away,COL,SDP,623474,Jimmy Herget,44,P,1.0,1,1,1,0,1,0,6,24,18,0,1,0,
2026,,2026-04-12,823317,away,COL,SDP,801403,Chase Dollander,32,P,1.0,1,1,1,0,0,0,4,10,7,0,0,0,
2026,,2026-04-12,823317,away,COL,SDP,607536,Kyle Freeland,21,P,0.0,0,0,0,0,0,0,0,,0,0,0,0,
2026,,2026-04-12,823317,away,COL,SDP,657514,Brennan Bernardino,83,P,0.2,0,0,0,0,0,0,1,5,4,0,0,0,
2026,,2026-04-12,823317,away,COL,SDP,678368,Valente Bellozo,56,P,4.1,5,5,8,3,4,1,24,90,51,0,0,0,
2026,,2026-04-12,823317,home,SDP,COL,688158,David Morgan,66,P,1.2,0,0,0,0,1,4,6,33,22,1,0,0,
2026,,2026-04-12,823317,home,SDP,COL,593974,Wandy Peralta,58,P,1.0,0,0,0,0,0,1,3,11,8,0,0,0,
2026,,2026-04-12,823317,home,SDP,COL,699134,Bradgley Rodriguez,72,P,1.0,0,0,1,0,0,2,4,19,15,0,0,0,
2026,,2026-04-12,823317,home,SDP,COL,601713,Nick Pivetta,,P,3.0,0,0,0,0,0,4,9,46,28,0,0,0,
2026,,2026-04-12,823317,home,SDP,COL,606996,Kyle Hart,68,P,2.1,2,2,1,0,1,1,10,34,22,0,0,0,
2026,,2026-04-12,823154,away,HOU,SEA,675989,Cody Bolton,67,P,1.0,2,2,1,0,4,1,9,42,21,0,1,0,
2026,,2026-04-12,823154,away,HOU,SEA,650556,Bryan Abreu,52,P,1.0,0,0,1,0,1,1,5,27,18,0,0,0,
2026,,2026-04-12,823154,away,HOU,SEA,685005,Christian Roa,73,P,2.2,2,2,4,0,1,2,13,40,22,0,0,0,
2026,,2026-04-12,823154,away,HOU,SEA,660853,Enyel De Los Santos,65,P,1.1,0,0,0,0,0,0,4,13,9,0,0,0,
2026,,2026-04-12,823154,away,HOU,SEA,681151,Jayden Murray,70,P,2.0,2,2,2,0,3,3,11,38,18,0,0,0,
2026,,2026-04-12,823154,home,SEA,HOU,678606,Jose A. Ferrer,45,P,1.0,0,0,0,0,0,0,3,6,4,0,0,0,
2026,,2026-04-12,823154,home,SEA,HOU,669302,Logan Gilbert,36,P,7.0,1,1,4,1,1,7,24,85,56,1,0,0,
2026,,2026-04-12,823154,home,SEA,HOU,681867,Cooper Criswell,88,P,1.0,0,0,1,0,0,1,3,9,6,0,0,0,
2026,,2026-04-12,823966,away,TEX,LAD,656641,Jacob Latz,67,P,0.2,1,1,2,0,1,0,5,15,7,0,0,0,
2026,,2026-04-12,823966,away,TEX,LAD,594798,Jacob deGrom,48,P,6.0,1,1,4,1,3,9,24,93,64,1,0,0,
2026,,2026-04-12,823966,away,TEX,LAD,596001,Jakob Junis,16,P,1.0,0,0,0,0,1,2,4,19,10,0,0,1,
2026,,2026-04-12,823966,away,TEX,LAD,668390,Cole Winn,60,P,1.1,0,0,0,0,1,1,5,21,9,0,0,0,
2026,,2026-04-12,823966,home,LAD,TEX,676508,Ben Casparius,78,P,1.0,2,2,2,0,2,1,6,26,13,0,0,0,
2026,,2026-04-12,823966,home,LAD,TEX,683618,Edgardo Henriquez,60,P,1.0,1,0,1,0,2,0,5,17,8,0,0,0,
2026,,2026-04-12,823966,home,LAD,TEX,694361,Will Klein,61,P,2.0,0,0,2,0,1,4,8,37,24,0,0,0,
2026,,2026-04-12,823966,home,LAD,TEX,676263,Jack Dreyer,86,P,1.0,0,0,0,0,0,0,3,5,5,0,0,0,
2026,,2026-04-12,823966,home,LAD,TEX,808963,Roki Sasaki,11,P,4.0,2,2,5,1,5,6,22,94,53,0,1,0,
2026,,2026-04-12,824938,away,CLE,ATL,595978,Austin Hedges,27,P,0.1,0,0,0,0,0,0,1,4,3,0,0,0,
2026,,2026-04-12,824938,away,CLE,ATL,663465,Kolby Allard,49,P,3.0,5,5,8,0,1,1,18,69,49,0,0,0,
2026,,2026-04-12,824938,away,CLE,ATL,676440,Tanner Bibee,28,P,4.2,8,8,11,1,1,4,24,93,57,0,1,0,
2026,,2026-04-12,824938,home,ATL,CLE,689266,Dylan Dodd,,P,3.0,0,0,1,0,0,2,10,33,22,0,0,1,
2026,,2026-04-12,824938,home,ATL,CLE,519242,Chris Sale,51,P,6.0,1,1,8,1,1,6,26,97,68,1,0,0,
2026,,2026-04-13,823153,away,HOU,SEA,641585,J.P. France,68,P,2.0,0,0,2,0,0,0,8,23,13,0,0,0,
2026,,2026-04-13,823153,away,HOU,SEA,681347,Mike Burrows,50,P,6.0,6,6,11,2,1,3,30,98,69,0,1,0,
2026,,2026-04-13,823153,home,SEA,HOU,677961,Cole Wilcox,43,P,1.0,0,0,0,0,1,0,4,16,9,0,0,0,
2026,,2026-04-13,823153,home,SEA,HOU,666374,Matt Brash,47,P,0.1,0,0,0,0,0,0,1,4,2,0,0,0,
2026,,2026-04-13,823153,home,SEA,HOU,669923,George Kirby,68,P,7.2,2,2,7,0,1,6,29,99,69,1,0,0,
2026,,2026-04-13,824856,away,ARI,BAL,694851,Andrew Hoffmann,56,P,1.1,1,1,1,1,0,1,5,14,8,0,0,0,
2026,,2026-04-13,824856,away,ARI,BAL,688497,Taylor Rashi,54,P,0.2,4,4,3,1,1,1,6,15,10,0,0,0,
2026,,2026-04-13,824856,away,ARI,BAL,642528,Jonathan Loáisiga,43,P,0.2,2,2,1,1,1,0,5,19,9,0,1,0,
2026,,2026-04-13,824856,away,ARI,BAL,669194,Ryne Nelson,19,P,5.1,2,1,3,0,2,7,22,92,57,0,0,0,
2026,,2026-04-13,824856,home,BAL,ARI,665152,Dean Kremer,64,P,5.0,4,2,6,3,0,9,21,80,55,0,0,0,
2026,,2026-04-13,824856,home,BAL,ARI,670329,Rico Garcia,50,P,1.0,0,0,0,0,0,0,3,11,6,0,0,0,
2026,,2026-04-13,824856,home,BAL,ARI,544150,Albert Suárez,49,P,2.0,3,3,4,1,1,0,10,40,25,1,0,0,
2026,,2026-04-13,824856,home,BAL,ARI,664854,Ryan Helsley,21,P,1.0,0,0,0,0,0,2,3,12,8,0,0,1,
2026,,2026-04-13,823400,away,WSN,PIT,686894,Joey Wiemer,21,P,1.0,1,1,2,0,1,0,7,21,10,0,0,0,
2026,,2026-04-13,823400,away,WSN,PIT,695418,Brad Lord,41,P,0.2,3,3,3,1,1,1,6,22,12,0,0,0,
2026,,2026-04-13,823400,away,WSN,PIT,676917,Cade Cavalli,24,P,1.1,4,4,3,0,3,2,12,48,24,0,1,0,
2026,,2026-04-13,823400,away,WSN,PIT,687377,Orlando Ribalta,64,P,1.0,0,0,0,0,0,0,3,14,9,0,0,0,
2026,,2026-04-13,823400,away,WSN,PIT,687606,Paxton Schultz,75,P,2.2,1,1,2,1,0,4,10,35,22,0,0,0,
2026,,2026-04-13,823400,away,WSN,PIT,671131,Jackson Rutledge,,P,1.1,7,7,6,0,2,2,12,44,30,0,0,0,
2026,,2026-04-13,823400,home,PIT,WSN,694973,Paul Skenes,30,P,6.0,1,1,1,1,1,6,20,88,60,1,0,0,
2026,,2026-04-13,823400,home,PIT,WSN,681895,Evan Sisk,48,P,2.0,0,0,1,0,1,3,9,31,20,0,0,0,
2026,,2026-04-13,823400,home,PIT,WSN,664353,José Urquidy,65,P,1.0,4,4,6,1,0,0,9,31,23,0,0,0,
2026,,2026-04-13,823481,away,CHC,PHI,665871,Javier Assad,72,P,4.1,9,9,11,2,2,3,26,82,52,0,1,0,
2026,,2026-04-13,823481,away,CHC,PHI,657097,Jacob Webb,71,P,0.2,0,0,0,0,0,1,2,8,5,0,0,0,
2026,,2026-04-13,823481,away,CHC,PHI,656212,Charlie Barnes,58,P,3.0,4,3,4,0,3,1,17,62,33,0,0,0,
2026,,2026-04-13,823481,home,PHI,CHC,650911,Cristopher Sánchez,61,P,6.0,2,2,6,1,3,8,26,96,60,1,0,0,
2026,,2026-04-13,823481,home,PHI,CHC,686751,Seth Johnson,,P,1.2,5,3,4,0,2,1,13,50,29,0,0,0,
2026,,2026-04-13,823481,home,PHI,CHC,689147,Orion Kerkering,50,P,1.1,0,0,1,0,0,3,5,18,15,0,0,0,
2026,,2026-04-13,823563,away,LAA,NYY,815083,Mitch Farris,70,P,1.1,0,0,2,0,0,1,6,33,22,0,0,0,
2026,,2026-04-13,823563,away,LAA,NYY,519141,Drew Pomeranz,13,P,1.0,0,0,1,0,0,2,4,12,9,0,0,0,
2026,,2026-04-13,823563,away,LAA,NYY,641312,Shaun Anderson,64,P,2.1,4,4,4,2,1,1,12,49,28,0,0,0,
2026,,2026-04-13,823563,away,LAA,NYY,579328,Yusei Kikuchi,16,P,3.1,4,4,4,2,4,3,19,82,50,0,0,0,
2026,,2026-04-13,823563,away,LAA,NYY,605447,Jordan Romano,68,P,0.0,3,3,3,1,2,0,5,25,12,0,1,0,
2026,,2026-04-13,823563,home,NYY,LAA,621112,Paul Blackburn,58,P,1.0,0,0,0,0,0,0,3,6,4,1,0,0,
2026,,2026-04-13,823563,home,NYY,LAA,657612,Tim Hill,41,P,1.2,1,1,3,0,0,0,7,21,18,0,0,0,
2026,,2026-04-13,823563,home,NYY,LAA,701542,Will Warren,29,P,3.2,4,0,3,0,1,6,17,89,60,0,0,0,
2026,,2026-04-13,823563,home,NYY,LAA,518585,Fernando Cruz,63,P,0.1,0,0,0,0,2,0,3,18,7,0,0,0,
2026,,2026-04-13,823563,home,NYY,LAA,656234,Jake Bird,59,P,1.0,3,3,4,1,0,1,7,29,20,0,0,0,
2026,,2026-04-13,823563,home,NYY,LAA,666808,Camilo Doval,75,P,1.1,2,2,2,1,0,1,6,26,16,0,0,0,
2026,,2026-04-13,824937,away,MIA,ATL,669199,Lake Bachar,84,P,2.0,0,0,1,0,1,4,8,35,23,0,0,0,
2026,,2026-04-13,824937,away,MIA,ATL,676534,Calvin Faucher,53,P,0.2,0,0,0,0,3,2,5,21,7,0,0,0,
2026,,2026-04-13,824937,away,MIA,ATL,667463,John King,47,P,0.1,0,0,0,0,0,0,1,6,4,0,0,0,
2026,,2026-04-13,824937,away,MIA,ATL,669622,Anthony Bender,37,P,1.0,0,0,1,0,0,1,3,10,6,0,0,0,
2026,,2026-04-13,824937,away,MIA,ATL,677053,Andrew Nardi,43,P,1.0,0,0,0,0,0,1,3,16,9,1,0,0,
2026,,2026-04-13,824937,away,MIA,ATL,691587,Eury Pérez,39,P,4.0,4,3,7,0,2,2,20,76,45,0,0,0,
2026,,2026-04-13,824937,home,ATL,MIA,660761,José Suarez,54,P,2.0,1,1,4,0,0,1,9,34,21,0,0,0,
2026,,2026-04-13,824937,home,ATL,MIA,607481,Aaron Bummer,49,P,1.0,3,3,4,1,0,2,7,22,14,0,1,0,
2026,,2026-04-13,824937,home,ATL,MIA,656550,Grant Holmes,66,P,4.0,3,3,3,0,2,3,17,59,34,0,0,0,
2026,,2026-04-13,824937,home,ATL,MIA,691548,Rolddy Muñoz,,P,2.0,3,3,5,1,1,3,12,49,30,0,0,0,
2026,,2026-04-13,823725,away,BOS,MIN,676979,Garrett Crochet,35,P,1.2,11,10,9,2,3,0,18,55,30,0,1,0,
2026,,2026-04-13,823725,away,BOS,MIN,701719,Tyler Samaniego,78,P,2.0,0,0,0,0,0,0,6,17,11,0,0,0,
2026,,2026-04-13,823725,away,BOS,MIN,663558,Jovani Morán,47,P,2.1,0,0,0,0,2,2,9,35,19,0,0,0,
2026,,2026-04-13,823725,away,BOS,MIN,670245,Ryan Watson,56,P,2.0,2,2,2,2,0,2,8,35,19,0,0,0,
2026,,2026-04-13,823725,home,MIN,BOS,641927,Bailey Ober,17,P,6.0,4,4,7,1,1,7,26,95,68,1,0,0,
2026,,2026-04-13,823725,home,MIN,BOS,670183,Garrett Acton,50,P,2.0,0,0,0,0,2,3,7,33,20,0,0,0,
2026,,2026-04-13,823725,home,MIN,BOS,679358,Eric Orze,19,P,1.0,2,2,3,0,1,0,7,23,14,0,0,0,
2026,,2026-04-13,823073,away,CLE,STL,671922,Cade Smith,36,P,1.0,0,0,1,0,0,0,4,18,12,0,0,0,
2026,,2026-04-13,823073,away,CLE,STL,681870,Erik Sabrowski,62,P,1.0,0,0,0,0,0,0,3,9,6,0,0,0,
2026,,2026-04-13,823073,away,CLE,STL,668909,Gavin Williams,32,P,5.0,2,2,5,1,2,4,22,93,62,1,0,0,
2026,,2026-04-13,823073,away,CLE,STL,683769,Hunter Gaddis,33,P,1.0,1,1,2,0,1,1,6,21,12,0,0,0,
2026,,2026-04-13,823073,away,CLE,STL,682120,Tim Herrin,29,P,1.0,0,0,1,0,1,1,5,24,14,0,0,0,
2026,,2026-04-13,823073,home,STL,CLE,681676,Ryan Fernandez,64,P,1.2,2,0,4,0,0,2,9,31,25,0,0,0,
2026,,2026-04-13,823073,home,STL,CLE,700669,Gordon Graceffo,44,P,1.1,1,0,0,0,1,1,5,20,10,0,0,0,
2026,,2026-04-13,823073,home,STL,CLE,677865,Justin Bruihl,47,P,1.0,2,2,1,1,1,1,5,20,11,0,0,0,
2026,,2026-04-13,823073,home,STL,CLE,669461,Matthew Liberatore,32,P,5.0,4,4,6,1,3,2,23,105,61,0,1,0,
2026,,2026-04-13,825024,away,TEX,ATH,681168,Luis Curvelo,57,P,2.0,1,1,2,1,0,1,8,19,12,0,0,0,
2026,,2026-04-13,825024,away,TEX,ATH,543135,Nathan Eovaldi,17,P,7.0,0,0,3,0,2,7,26,84,53,1,0,0,
2026,,2026-04-13,825024,home,ATH,TEX,622663,Luis Severino,40,P,6.0,4,4,6,2,3,7,26,94,61,0,1,0,
2026,,2026-04-13,825024,home,ATH,TEX,665622,Luis Medina,46,P,1.1,0,0,0,0,1,1,5,26,15,0,0,0,
2026,,2026-04-13,825024,home,ATH,TEX,678022,Jack Perkins,50,P,1.2,4,4,5,0,1,4,11,43,31,0,0,0,
2026,,2026-04-13,823964,away,NYM,LAD,680702,Joey Gerber,56,P,2.0,0,0,2,0,1,5,9,47,31,0,0,0,
2026,,2026-04-13,823964,away,NYM,LAD,656849,David Peterson,23,P,5.0,4,4,5,1,4,7,25,89,55,0,1,0,
2026,,2026-04-13,823964,away,NYM,LAD,518886,Craig Kimbrel,46,P,1.0,0,0,1,0,0,0,3,13,9,0,0,0,
2026,,2026-04-13,823964,home,LAD,NYM,656945,Tanner Scott,66,P,1.0,0,0,1,0,0,0,3,8,6,0,0,0,
2026,,2026-04-13,823964,home,LAD,NYM,680736,Justin Wrobleski,70,P,8.0,0,0,2,0,0,2,25,90,64,1,0,0,
2026,,2026-04-14,824853,away,ARI,BAL,666661,Juan Morillo,62,P,0.2,1,1,2,0,2,0,6,28,14,0,0,0,
2026,,2026-04-14,824853,away,ARI,BAL,518876,Merrill Kelly,29,P,5.1,2,2,5,1,4,3,24,86,46,1,0,0,
2026,,2026-04-14,824853,away,ARI,BAL,623149,Paul Sewald,38,P,1.0,0,0,0,0,0,1,3,11,7,0,0,1,
2026,,2026-04-14,824853,away,ARI,BAL,664199,Taylor Clarke,45,P,1.2,0,0,0,0,0,1,4,15,10,0,0,0,
2026,,2026-04-14,824853,away,ARI,BAL,657044,Ryan Thompson,81,P,0.1,0,0,0,0,0,0,1,1,1,0,0,0,
2026,,2026-04-14,824853,home,BAL,ARI,669432,Trevor Rogers,28,P,4.2,4,4,9,1,1,6,22,99,61,0,1,0,
2026,,2026-04-14,824853,home,BAL,ARI,670329,Rico Garcia,50,P,1.1,0,0,0,0,0,2,4,13,10,0,0,0,
2026,,2026-04-14,824853,home,BAL,ARI,675919,Nick Raquet,72,P,0.2,0,0,1,0,0,0,4,19,11,0,0,0,
2026,,2026-04-14,824853,home,BAL,ARI,664991,Grant Wolfram,48,P,1.1,0,0,0,0,0,3,4,16,10,0,0,0,
2026,,2026-04-14,824853,home,BAL,ARI,666974,Yennier Cano,78,P,1.0,0,0,0,0,0,2,3,14,9,0,0,0,
2026,,2026-04-14,824292,away,KCR,DET,666142,Cole Ragans,55,P,6.0,0,0,1,0,4,1,21,93,56,0,0,0,
2026,,2026-04-14,824292,away,KCR,DET,621381,Matt Strahm,25,P,1.0,0,0,1,0,1,1,5,24,15,0,0,0,
2026,,2026-04-14,824292,away,KCR,DET,683232,Nick Mears,31,P,1.0,2,2,2,0,1,0,6,18,9,0,1,0,
2026,,2026-04-14,824292,home,DET,KCR,664285,Framber Valdez,59,P,7.0,1,1,4,0,2,1,26,87,58,0,0,0,
2026,,2026-04-14,824292,home,DET,KCR,445276,Kenley Jansen,74,P,1.0,0,0,1,0,0,0,4,15,10,0,0,1,
2026,,2026-04-14,824292,home,DET,KCR,676684,Will Vest,19,P,1.0,0,0,0,0,0,3,3,13,9,1,0,0,
2026,,2026-04-14,823398,away,WSN,PIT,571945,Miles Mikolas,36,P,3.1,3,3,3,1,2,0,14,49,32,0,0,0,
2026,,2026-04-14,823398,away,WSN,PIT,676571,PJ Poulin,50,P,1.0,1,1,2,1,0,1,4,25,16,0,0,0,
2026,,2026-04-14,823398,away,WSN,PIT,690925,Clayton Beeter,39,P,0.2,0,0,0,0,0,0,2,8,5,0,0,0,
2026,,2026-04-14,823398,away,WSN,PIT,672335,Cionel Pérez,51,P,1.0,0,0,0,0,1,0,3,10,3,0,0,0,
2026,,2026-04-14,823398,away,WSN,PIT,681402,Gus Varland,47,P,1.0,0,0,1,0,1,1,5,19,12,0,0,1,
2026,,2026-04-14,823398,away,WSN,PIT,680730,Mitchell Parker,70,P,2.0,0,0,2,0,0,5,10,46,32,1,0,0,
2026,,2026-04-14,823398,home,PIT,WSN,682254,Mason Montgomery,46,P,1.0,0,0,1,0,0,2,4,18,12,0,0,0,
2026,,2026-04-14,823398,home,PIT,WSN,656605,Mitch Keller,23,P,4.0,5,5,6,1,4,3,21,90,53,0,1,0,
2026,,2026-04-14,823398,home,PIT,WSN,670990,Yohan Ramírez,49,P,2.0,0,0,0,0,0,2,6,26,19,0,0,0,
2026,,2026-04-14,823398,home,PIT,WSN,676755,Isaac Mattson,72,P,2.0,0,0,2,0,0,1,7,33,24,0,0,0,
2026,,2026-04-14,824531,away,SFG,CIN,676254,Ryan Walker,74,P,1.0,0,0,0,0,0,0,3,13,9,0,0,0,
2026,,2026-04-14,824531,away,SFG,CIN,676775,Keaton Winn,67,P,1.0,0,0,0,0,0,2,3,16,10,0,0,0,
2026,,2026-04-14,824531,away,SFG,CIN,668873,Caleb Kilian,45,P,1.0,0,0,1,0,1,1,4,22,11,0,0,0,
2026,,2026-04-14,824531,away,SFG,CIN,592662,Robbie Ray,38,P,5.0,2,2,2,2,4,6,19,94,52,0,1,0,
2026,,2026-04-14,824531,home,CIN,SFG,641941,Emilio Pagán,15,P,1.0,0,0,0,0,0,1,3,7,6,0,0,1,
2026,,2026-04-14,824531,home,CIN,SFG,663574,Tony Santillan,64,P,1.0,0,0,1,0,1,1,4,16,8,0,0,0,
2026,,2026-04-14,824531,home,CIN,SFG,663903,Brady Singer,51,P,6.0,1,1,6,1,0,1,25,75,50,1,0,0,
2026,,2026-04-14,824531,home,CIN,SFG,668933,Graham Ashcraft,23,P,1.0,0,0,0,0,0,2,3,13,11,0,0,0,
2026,,2026-04-14,823478,away,CHC,PHI,702303,Riley Martin,51,P,1.0,0,0,0,0,0,1,3,6,6,0,0,0,
2026,,2026-04-14,823478,away,CHC,PHI,573204,Caleb Thielbar,24,P,0.2,0,0,1,0,1,2,4,18,10,0,0,0,
2026,,2026-04-14,823478,away,CHC,PHI,657097,Jacob Webb,71,P,0.1,1,1,2,0,0,0,3,15,9,0,0,0,
2026,,2026-04-14,823478,away,CHC,PHI,669020,Ryan Rolison,33,P,1.0,0,0,1,0,0,0,3,11,7,0,0,0,
2026,,2026-04-14,823478,away,CHC,PHI,607067,Colin Rea,53,P,6.0,3,3,4,1,0,5,22,87,58,1,0,0,
2026,,2026-04-14,823478,home,PHI,CHC,663767,Chase Shugart,55,P,2.0,0,0,2,0,1,3,8,32,17,0,0,0,
2026,,2026-04-14,823478,home,PHI,CHC,641835,Tim Mayza,37,P,0.1,4,3,1,0,2,0,6,26,12,0,1,0,
2026,,2026-04-14,823478,home,PHI,CHC,621383,Tanner Banks,58,P,1.0,3,3,3,1,1,1,7,25,16,0,0,0,
2026,,2026-04-14,823478,home,PHI,CHC,605400,Aaron Nola,27,P,5.0,3,3,8,0,2,5,23,87,59,0,0,0,
2026,,2026-04-14,823478,home,PHI,CHC,641745,Brad Keller,40,P,0.2,0,0,1,0,0,2,3,15,10,0,0,0,
2026,,2026-04-14,823562,away,LAA,NYY,681217,Chase Silseth,63,P,1.0,0,0,0,0,0,1,3,18,11,0,0,0,
2026,,2026-04-14,823562,away,LAA,NYY,666171,Ryan Zeferjahn,56,P,1.0,0,0,1,0,0,2,4,27,18,0,0,0,
2026,,2026-04-14,823562,away,LAA,NYY,672282,Reid Detmers,48,P,7.0,1,1,4,0,0,9,25,99,69,1,0,0,
2026,,2026-04-14,823562,home,NYY,LAA,621112,Paul Blackburn,58,P,1.0,1,1,3,0,1,1,7,25,15,0,0,0,
2026,,2026-04-14,823562,home,NYY,LAA,677960,Ryan Weathers,40,P,5.0,5,5,5,4,2,10,22,94,61,0,1,0,
2026,,2026-04-14,823562,home,NYY,LAA,687396,Brent Headrick,47,P,1.0,0,0,1,0,1,0,5,17,11,0,0,0,
2026,,2026-04-14,823562,home,NYY,LAA,660787,Yerry De los Santos,73,P,2.0,1,1,3,1,2,1,9,44,29,0,0,0,
2026,,2026-04-14,824935,away,MIA,ATL,664126,Pete Fairbanks,29,P,1.0,3,3,3,0,0,1,7,26,19,0,1,0,
2026,,2026-04-14,824935,away,MIA,ATL,676974,Max Meyer,23,P,5.0,3,3,5,0,1,5,21,82,55,0,0,0,
2026,,2026-04-14,824935,away,MIA,ATL,656848,Michael Petersen,49,P,2.0,0,0,1,0,0,1,7,22,14,0,0,0,
2026,,2026-04-14,824935,home,ATL,MIA,669276,Dylan Lee,52,P,1.0,0,0,0,0,0,2,3,11,8,0,0,0,
2026,,2026-04-14,824935,home,ATL,MIA,663158,Robert Suarez,75,P,1.0,1,1,3,0,0,1,6,21,14,1,0,0,
2026,,2026-04-14,824935,home,ATL,MIA,641755,Tyler Kinley,45,P,1.0,0,0,1,0,0,0,3,12,7,0,0,0,
2026,,2026-04-14,824935,home,ATL,MIA,625643,Reynaldo López,40,P,5.0,4,3,5,0,3,6,21,96,53,0,0,0,
2026,,2026-04-14,824935,home,ATL,MIA,628452,Raisel Iglesias,26,P,1.0,0,0,0,0,0,2,3,10,7,0,0,1,
2026,,2026-04-14,823723,away,BOS,MIN,543243,Sonny Gray,54,P,4.0,5,5,9,2,1,1,22,93,51,0,1,0,
2026,,2026-04-14,823723,away,BOS,MIN,681252,Jack Anderson,77,P,3.0,1,1,1,1,1,4,11,52,34,0,0,0,
2026,,2026-04-14,823723,away,BOS,MIN,547973,Aroldis Chapman,44,P,1.0,0,0,0,0,0,3,4,22,14,0,0,0,
2026,,2026-04-14,823723,home,MIN,BOS,663485,Cole Sands,44,P,1.0,0,0,1,0,0,1,4,15,13,0,0,0,
2026,,2026-04-14,823723,home,MIN,BOS,573124,Taylor Rogers,55,P,1.0,0,0,1,0,1,1,5,22,14,0,0,0,
2026,,2026-04-14,823723,home,MIN,BOS,690953,Mick Abel,20,P,7.0,0,0,4,0,0,10,26,90,64,1,0,0,
2026,,2026-04-14,824616,away,TBR,CHW,663556,Shane McClanahan,18,P,5.0,3,2,2,1,4,4,23,83,49,1,0,0,
2026,,2026-04-14,824616,away,TBR,CHW,669438,Mason Englert,59,P,1.0,0,0,1,0,0,1,4,12,10,0,0,0,
2026,,2026-04-14,824616,away,TBR,CHW,685801,Hunter Bigge,43,P,1.0,0,0,0,0,2,0,5,22,11,0,0,0,
2026,,2026-04-14,824616,away,TBR,CHW,641329,Bryan Baker,47,P,0.1,0,0,0,0,0,0,1,6,3,0,0,1,
2026,,2026-04-14,824616,away,TBR,CHW,672782,Yoendrys Gómez,94,P,1.2,2,2,2,1,1,1,8,30,21,0,0,0,
2026,,2026-04-14,824616,home,CHW,TBR,685126,Brandon Eisert,53,P,1.1,2,2,3,0,1,1,8,33,17,0,0,0,
2026,,2026-04-14,824616,home,CHW,TBR,702273,Noah Schultz,22,P,4.1,4,3,3,0,4,4,20,82,51,0,1,0,
2026,,2026-04-14,824616,home,CHW,TBR,608371,Lucas Sims,39,P,1.1,2,2,3,0,1,1,8,25,16,0,0,0,
2026,,2026-04-14,824616,home,CHW,TBR,663542,Bryan Hudson,60,P,1.0,0,0,1,0,0,1,3,12,8,0,0,0,
2026,,2026-04-14,824616,home,CHW,TBR,663855,Jordan Hicks,44,P,1.0,0,0,2,0,0,0,4,7,5,0,0,0,
2026,,2026-04-14,823802,away,TOR,MIL,686973,Louis Varland,77,P,1.1,1,0,2,0,0,2,6,19,14,1,0,0,
2026,,2026-04-14,823802,away,TOR,MIL,592332,Kevin Gausman,34,P,5.0,3,3,6,1,3,5,24,97,62,0,0,0,
2026,,2026-04-14,823802,away,TOR,MIL,656546,Jeff Hoffman,23,P,0.2,2,2,2,0,3,1,7,32,14,0,0,0,
2026,,2026-04-14,823802,away,TOR,MIL,689254,Mason Fluharty,68,P,1.0,0,0,0,0,1,2,4,14,9,0,0,0,
2026,,2026-04-14,823802,away,TOR,MIL,680755,Braydon Fisher,63,P,1.0,1,1,1,1,0,2,4,17,13,0,0,0,
2026,,2026-04-14,823802,away,TOR,MIL,643511,Tyler Rogers,71,P,1.0,0,0,1,0,0,0,4,17,11,0,0,0,
2026,,2026-04-14,823802,home,MIL,TOR,682842,Abner Uribe,45,P,1.0,1,1,2,0,0,1,5,20,15,0,0,0,
2026,,2026-04-14,823802,home,MIL,TOR,681982,Grant Anderson,56,P,1.0,3,2,2,0,1,0,5,9,6,0,1,0,
2026,,2026-04-14,823802,home,MIL,TOR,694819,Jacob Misiorowski,32,P,5.1,2,2,5,2,0,5,21,76,56,0,0,0,
2026,,2026-04-14,823802,home,MIL,TOR,669084,DL Hall,37,P,0.2,0,0,0,0,0,0,2,5,3,0,0,0,
2026,,2026-04-14,823802,home,MIL,TOR,672582,Angel Zerpa,61,P,1.0,0,0,1,0,0,1,3,9,7,0,0,0,
2026,,2026-04-14,823802,home,MIL,TOR,656730,Trevor Megill,29,P,1.0,3,3,3,0,1,0,6,20,14,0,0,0,
2026,,2026-04-14,823072,away,CLE,STL,542888,Shawn Armstrong,43,P,1.0,0,0,1,0,0,1,4,10,7,0,0,0,
2026,,2026-04-14,823072,away,CLE,STL,671922,Cade Smith,36,P,1.0,1,0,1,0,0,1,5,18,12,0,0,0,
2026,,2026-04-14,823072,away,CLE,STL,676282,Joey Cantillo,54,P,6.0,2,2,5,2,2,4,21,82,52,0,0,0,
2026,,2026-04-14,823072,away,CLE,STL,681870,Erik Sabrowski,62,P,1.0,2,2,1,1,1,2,5,24,14,0,0,0,
2026,,2026-04-14,823072,away,CLE,STL,682120,Tim Herrin,29,P,0.1,1,0,0,0,0,0,1,2,1,0,1,0,
2026,,2026-04-14,823072,home,STL,CLE,700241,Michael McGreevy,36,P,5.0,2,2,4,2,1,2,20,87,53,0,0,0,
2026,,2026-04-14,823072,home,STL,CLE,694335,Matt Svanson,49,P,1.0,0,0,0,0,0,2,3,15,10,0,0,0,
2026,,2026-04-14,823072,home,STL,CLE,668941,JoJo Romero,59,P,1.1,0,0,1,0,1,0,5,20,10,0,0,0,
2026,,2026-04-14,823072,home,STL,CLE,676617,Riley O'Brien,61,P,1.0,0,0,0,0,0,1,3,15,9,1,0,0,
2026,,2026-04-14,823072,home,STL,CLE,666277,George Soriano,65,P,1.0,0,0,0,0,1,1,4,12,8,0,0,0,
2026,,2026-04-14,823072,home,STL,CLE,592773,Ryne Stanek,55,P,0.2,3,3,4,0,0,0,6,30,20,0,0,0,
2026,,2026-04-14,824210,away,COL,HOU,675848,Juan Mejia,47,P,1.0,0,0,2,0,0,1,4,13,8,0,0,0,
2026,,2026-04-14,824210,away,COL,HOU,688642,Zach Agnos,36,P,1.0,0,0,0,0,0,2,3,9,7,0,0,0,
2026,,2026-04-14,824210,away,COL,HOU,547179,Michael Lorenzen,24,P,2.2,7,2,7,1,1,3,18,71,50,0,1,0,
2026,,2026-04-14,824210,away,COL,HOU,622608,Antonio Senzatela,49,P,3.1,0,0,2,0,0,3,12,43,32,0,0,0,
2026,,2026-04-14,824210,home,HOU,COL,678906,Kai-Wei Teng,17,P,1.1,1,1,0,0,2,2,6,30,19,0,0,0,
2026,,2026-04-14,824210,home,HOU,COL,660853,Enyel De Los Santos,65,P,0.1,0,0,0,0,0,1,1,5,3,0,0,1,
2026,,2026-04-14,824210,home,HOU,COL,595345,Steven Okert,48,P,1.0,0,0,0,0,1,1,4,14,8,0,0,0,
2026,,2026-04-14,824210,home,HOU,COL,805123,AJ Blubaugh,69,P,1.1,1,1,1,1,1,1,6,27,16,1,0,0,
2026,,2026-04-14,824210,home,HOU,COL,687911,Bryan King,74,P,1.1,0,0,3,0,0,2,7,28,20,0,0,0,
2026,,2026-04-14,824210,home,HOU,COL,676467,Colton Gordon,61,P,3.2,4,4,8,2,0,5,19,68,50,0,0,0,
2026,,2026-04-14,823315,away,SEA,SDP,668984,Casey Legumina,64,P,1.0,1,1,3,0,0,1,6,21,13,0,0,0,
2026,,2026-04-14,823315,away,SEA,SDP,693433,Bryan Woo,22,P,7.0,3,3,8,0,1,3,29,92,61,0,1,0,
2026,,2026-04-14,823315,home,SDP,SEA,650633,Michael King,34,P,6.0,1,1,4,0,2,5,25,85,49,1,0,0,
2026,,2026-04-14,823315,home,SDP,SEA,695243,Mason Miller,22,P,1.0,0,0,0,0,0,1,3,15,9,0,0,1,
2026,,2026-04-14,823315,home,SDP,SEA,592094,Jason Adam,40,P,1.0,0,0,0,0,1,0,3,18,10,0,0,0,
2026,,2026-04-14,823315,home,SDP,SEA,670970,Adrian Morejon,50,P,1.0,0,0,0,0,0,1,3,9,7,0,0,0,
2026,,2026-04-14,825022,away,TEX,ATH,641302,Tyler Alexander,13,P,1.1,0,0,1,0,0,2,5,27,19,0,0,0,
2026,,2026-04-14,825022,away,TEX,ATH,681168,Luis Curvelo,57,P,0.0,0,0,0,0,1,0,1,2,0,0,0,0,
2026,,2026-04-14,825022,away,TEX,ATH,676395,Robert Garcia,62,P,1.2,0,0,0,0,1,3,6,22,13,0,0,0,
2026,,2026-04-14,825022,away,TEX,ATH,669022,MacKenzie Gore,1,P,4.2,2,2,3,0,6,5,22,94,53,0,1,0,
2026,,2026-04-14,825022,away,TEX,ATH,455119,Chris Martin,31,P,0.1,0,0,0,0,0,1,1,5,3,0,0,0,
2026,,2026-04-14,825022,home,ATH,TEX,686993,Justin Sterner,60,P,0.2,0,0,1,0,0,1,3,12,8,0,0,0,
2026,,2026-04-14,825022,home,ATH,TEX,665660,Elvis Alvarado,37,P,0.1,0,0,0,0,0,0,1,1,1,0,0,0,
2026,,2026-04-14,825022,home,ATH,TEX,663687,Hogan Harris,36,P,0.2,0,0,0,0,2,0,4,19,9,0,0,0,
2026,,2026-04-14,825022,home,ATH,TEX,643410,Mark Leiter Jr.,38,P,1.0,0,0,0,0,0,2,3,13,9,0,0,1,
2026,,2026-04-14,825022,home,ATH,TEX,605488,Jeffrey Springs,59,P,6.1,1,1,3,0,2,5,23,90,52,1,0,0,
2026,,2026-04-14,823965,away,NYM,LAD,548384,Brooks Raley,25,P,1.0,1,1,1,0,2,1,6,15,9,0,1,0,
2026,,2026-04-14,823965,away,NYM,LAD,690997,Nolan McLean,26,P,7.0,1,1,2,0,2,8,25,95,68,0,0,0,
2026,,2026-04-14,823965,home,LAD,NYM,681911,Alex Vesia,51,P,1.0,0,0,0,0,0,3,3,10,9,0,0,1,
2026,,2026-04-14,823965,home,LAD,NYM,595014,Blake Treinen,49,P,0.1,0,0,0,0,0,1,1,7,4,1,0,0,
2026,,2026-04-14,823965,home,LAD,NYM,808967,Yoshinobu Yamamoto,18,P,7.2,1,1,4,1,1,7,28,104,65,0,0,0,
2026,,2026-04-15,824855,away,ARI,BAL,593958,Eduardo Rodriguez,42,P,5.0,4,4,6,1,4,3,25,98,59,0,0,0,
2026,,2026-04-15,824855,away,ARI,BAL,666661,Juan Morillo,42,P,1.0,0,0,0,0,0,1,3,10,7,0,0,1,
2026,,2026-04-15,824855,away,ARI,BAL,656464,Kevin Ginkel,42,P,2.0,1,1,2,0,0,4,8,32,22,0,0,0,
2026,,2026-04-15,824855,away,ARI,BAL,664199,Taylor Clarke,42,P,1.0,0,0,0,0,0,0,3,6,5,0,0,0,
2026,,2026-04-15,824855,away,ARI,BAL,657044,Ryan Thompson,42,P,1.0,0,0,0,0,0,0,3,12,9,1,0,0,
2026,,2026-04-15,824855,home,BAL,ARI,669330,Tyler Wells,42,P,1.0,3,2,3,1,0,0,6,14,9,0,1,0,
2026,,2026-04-15,824855,home,BAL,ARI,680694,Kyle Bradish,42,P,6.0,4,2,7,0,1,4,27,97,64,0,0,0,
2026,,2026-04-15,824855,home,BAL,ARI,689296,Anthony Nunez,42,P,1.0,0,0,0,0,0,1,3,10,9,0,0,0,
2026,,2026-04-15,824855,home,BAL,ARI,664854,Ryan Helsley,42,P,1.0,0,0,0,0,0,2,3,11,8,0,0,0,
2026,,2026-04-15,824855,home,BAL,ARI,664991,Grant Wolfram,42,P,0.2,1,1,2,0,0,0,4,7,6,0,0,0,
2026,,2026-04-15,824855,home,BAL,ARI,666974,Yennier Cano,42,P,0.1,0,0,0,0,0,1,1,3,3,0,0,0,
2026,,2026-04-15,823071,away,CLE,STL,641401,Connor Brogdon,42,P,1.1,3,3,2,0,1,0,7,18,10,0,1,0,
2026,,2026-04-15,823071,away,CLE,STL,677944,Slade Cecconi,42,P,4.0,1,1,3,0,5,4,20,87,52,0,0,0,
2026,,2026-04-15,823071,away,CLE,STL,670036,Matt Festa,42,P,2.1,1,1,3,0,0,3,11,36,25,0,0,0,
2026,,2026-04-15,823071,away,CLE,STL,682120,Tim Herrin,42,P,0.1,0,0,1,0,1,0,3,8,6,0,0,0,
2026,,2026-04-15,823071,home,STL,CLE,668941,JoJo Romero,42,P,1.1,0,0,0,0,0,1,4,17,10,0,0,0,
2026,,2026-04-15,823071,home,STL,CLE,677865,Justin Bruihl,42,P,0.2,2,2,2,0,1,1,5,24,15,0,0,0,
2026,,2026-04-15,823071,home,STL,CLE,676617,Riley O'Brien,42,P,1.0,0,0,0,0,0,2,3,15,10,0,0,1,
2026,,2026-04-15,823071,home,STL,CLE,669160,Dustin May,42,P,6.0,1,1,6,0,1,4,21,91,59,1,0,0,
2026,,2026-04-15,823722,away,BOS,MIN,813349,Connelly Early,42,P,6.0,1,1,2,1,2,5,23,85,52,1,0,0,
2026,,2026-04-15,823722,away,BOS,MIN,676477,Garrett Whitlock,42,P,1.0,0,0,1,0,1,2,5,22,12,0,0,0,
2026,,2026-04-15,823722,away,BOS,MIN,543056,Danny Coulombe,42,P,1.0,0,0,0,0,0,0,3,20,18,0,0,0,
2026,,2026-04-15,823722,away,BOS,MIN,670245,Ryan Watson,42,P,1.0,4,4,3,1,1,0,7,29,18,0,0,0,
2026,,2026-04-15,823722,home,MIN,BOS,623437,Justin Topa,42,P,1.0,0,0,0,0,1,0,4,13,7,0,0,0,
2026,,2026-04-15,823722,home,MIN,BOS,680573,Simeon Woods Richardson,42,P,5.0,7,6,10,1,3,3,27,92,57,0,1,0,
2026,,2026-04-15,823722,home,MIN,BOS,607455,Anthony Banda,42,P,1.0,2,2,2,0,0,1,6,24,17,0,0,0,
2026,,2026-04-15,823722,home,MIN,BOS,681892,Kody Funderburk,42,P,1.0,0,0,0,0,0,2,3,14,10,0,0,0,
2026,,2026-04-15,823722,home,MIN,BOS,679358,Eric Orze,42,P,1.0,0,0,1,0,0,1,3,12,6,0,0,0,
2026,,2026-04-15,824291,away,KCR,DET,669212,Eli Morgan,42,P,1.0,1,1,2,1,1,1,6,20,12,0,1,0,
2026,,2026-04-15,824291,away,KCR,DET,663738,Daniel Lynch IV,42,P,0.1,0,0,0,0,0,1,1,4,3,0,0,0,
2026,,2026-04-15,824291,away,KCR,DET,607625,Seth Lugo,42,P,6.2,1,1,5,0,0,7,23,92,61,0,0,0,
2026,,2026-04-15,824291,home,DET,KCR,663947,Tyler Holton,42,P,0.2,0,0,2,0,0,0,4,14,9,0,0,0,
2026,,2026-04-15,824291,home,DET,KCR,640448,Kyle Finnegan,42,P,1.1,0,0,1,0,0,0,5,16,12,1,0,0,
2026,,2026-04-15,824291,home,DET,KCR,445276,Kenley Jansen,42,P,1.0,0,0,1,0,0,1,4,20,15,0,0,1,
2026,,2026-04-15,824291,home,DET,KCR,656427,Jack Flaherty,42,P,6.0,1,1,2,0,3,7,22,97,53,0,0,0,
2026,,2026-04-15,823399,away,WSN,PIT,695418,Brad Lord,42,P,3.0,0,0,1,0,0,2,10,39,28,0,0,0,
2026,,2026-04-15,823399,away,WSN,PIT,663623,Jake Irvin,42,P,5.0,2,2,4,0,3,5,23,85,54,0,1,0,
2026,,2026-04-15,823399,home,PIT,WSN,642397,Gregory Soto,42,P,1.0,0,0,0,0,0,2,3,15,9,0,0,0,
2026,,2026-04-15,823399,home,PIT,WSN,682254,Mason Montgomery,42,P,1.0,0,0,1,0,0,1,4,11,9,0,0,0,
2026,,2026-04-15,823399,home,PIT,WSN,669387,Carmen Mlodzinski,42,P,6.0,0,0,2,0,2,5,23,81,55,1,0,0,
2026,,2026-04-15,823399,home,PIT,WSN,642701,Dennis Santana,42,P,1.0,0,0,0,0,0,0,4,21,12,0,0,1,
2026,,2026-04-15,824532,away,SFG,CIN,664141,JT Brubaker,42,P,2.0,0,0,2,0,1,2,9,28,21,0,0,0,
2026,,2026-04-15,824532,away,SFG,CIN,641816,Tyler Mahle,42,P,4.0,8,8,8,4,5,6,24,89,49,0,1,0,
2026,,2026-04-15,824532,away,SFG,CIN,621366,Ryan Borucki,42,P,1.0,0,0,0,0,0,1,3,9,7,0,0,0,
2026,,2026-04-15,824532,away,SFG,CIN,694918,Blade Tidwell,42,P,1.0,0,0,0,0,0,1,3,13,9,0,0,0,
2026,,2026-04-15,824532,home,CIN,SFG,572955,Pierce Johnson,42,P,1.0,0,0,1,0,0,1,4,14,10,0,0,0,
2026,,2026-04-15,824532,home,CIN,SFG,695076,Rhett Lowder,42,P,6.2,3,3,5,0,1,4,25,90,57,1,0,0,
2026,,2026-04-15,824532,home,CIN,SFG,668933,Graham Ashcraft,42,P,1.0,0,0,1,0,1,0,4,23,14,0,0,0,
2026,,2026-04-15,824532,home,CIN,SFG,656271,Brock Burke,42,P,0.1,0,0,2,0,0,1,3,13,10,0,0,0,
2026,,2026-04-15,823477,away,CHC,PHI,684007,Shota Imanaga,42,P,6.0,1,1,3,1,1,11,22,97,67,1,0,0,
2026,,2026-04-15,823477,away,CHC,PHI,681432,Luke Little,42,P,1.0,1,1,2,1,0,1,5,19,14,0,0,0,
2026,,2026-04-15,823477,away,CHC,PHI,676962,Ben Brown,42,P,2.0,0,0,0,0,0,0,6,17,12,0,0,0,
2026,,2026-04-15,823477,home,PHI,CHC,666200,Jesús Luzardo,42,P,5.1,9,8,12,1,1,4,27,98,64,0,1,0,
2026,,2026-04-15,823477,home,PHI,CHC,621237,José Alvarado,42,P,1.0,0,0,0,0,0,1,3,11,6,0,0,0,
2026,,2026-04-15,823477,home,PHI,CHC,664238,Dylan Moore,42,P,1.0,1,1,0,0,1,0,5,13,6,0,0,0,
2026,,2026-04-15,823477,home,PHI,CHC,679775,Kyle Backhus,42,P,1.2,1,1,3,1,0,3,8,41,28,0,0,0,
2026,,2026-04-15,823561,away,LAA,NYY,686799,Jack Kochanowicz,42,P,6.2,3,3,4,1,4,6,27,97,61,0,0,0,
2026,,2026-04-15,823561,away,LAA,NYY,519141,Drew Pomeranz,42,P,1.1,0,0,0,0,0,0,4,11,7,0,0,0,
2026,,2026-04-15,823561,away,LAA,NYY,605447,Jordan Romano,42,P,0.1,2,2,2,0,1,0,4,21,12,0,1,0,
2026,,2026-04-15,823561,home,NYY,LAA,657612,Tim Hill,42,P,1.0,0,0,0,0,0,0,3,8,6,0,0,0,
2026,,2026-04-15,823561,home,NYY,LAA,687396,Brent Headrick,42,P,1.0,0,0,1,0,0,0,3,10,7,0,0,0,
2026,,2026-04-15,823561,home,NYY,LAA,518585,Fernando Cruz,42,P,1.0,0,0,1,0,0,0,4,13,8,0,0,0,
2026,,2026-04-15,823561,home,NYY,LAA,661563,Luis Gil,42,P,5.0,4,4,5,3,2,5,22,83,48,0,0,0,
2026,,2026-04-15,823561,home,NYY,LAA,670280,David Bednar,42,P,1.0,0,0,0,0,0,2,3,8,7,1,0,0,
2026,,2026-04-15,824936,away,MIA,ATL,676534,Calvin Faucher,42,P,1.0,0,0,0,0,0,1,3,9,7,0,0,0,
2026,,2026-04-15,824936,away,MIA,ATL,667463,John King,42,P,1.1,1,1,2,1,0,1,7,16,11,0,0,0,
2026,,2026-04-15,824936,away,MIA,ATL,663978,Chris Paddack,42,P,4.2,2,2,5,1,0,4,19,92,61,0,1,0,
2026,,2026-04-15,824936,away,MIA,ATL,677053,Andrew Nardi,42,P,1.0,3,3,4,1,0,1,7,22,16,0,0,0,
2026,,2026-04-15,824936,home,ATL,MIA,669276,Dylan Lee,42,P,0.1,0,0,0,0,1,1,2,12,5,0,0,0,
2026,,2026-04-15,824936,home,ATL,MIA,663158,Robert Suarez,42,P,0.2,0,0,0,0,0,0,2,4,3,0,0,0,
2026,,2026-04-15,824936,home,ATL,MIA,674370,Osvaldo Bido,42,P,0.1,3,3,3,1,1,0,5,15,10,0,0,0,
2026,,2026-04-15,824936,home,ATL,MIA,641755,Tyler Kinley,42,P,1.0,0,0,0,0,0,1,3,14,10,0,0,0,
2026,,2026-04-15,824936,home,ATL,MIA,628452,Raisel Iglesias,42,P,1.0,0,0,1,0,0,3,4,12,11,0,0,1,
2026,,2026-04-15,824936,home,ATL,MIA,693821,Bryce Elder,42,P,5.2,0,0,4,0,2,7,23,79,53,1,0,0,
2026,,2026-04-15,824615,away,TBR,CHW,669438,Mason Englert,42,P,1.0,0,0,1,0,0,1,3,12,9,0,0,0,
2026,,2026-04-15,824615,away,TBR,CHW,693855,Ian Seymour,42,P,1.0,3,3,2,0,2,1,6,25,14,0,0,0,
2026,,2026-04-15,824615,away,TBR,CHW,642121,Cole Sulser,42,P,2.0,0,0,3,0,1,1,9,36,22,0,0,0,
2026,,2026-04-15,824615,away,TBR,CHW,669947,Jesse Scholtens,42,P,5.0,0,0,1,0,2,3,19,77,46,1,0,0,
2026,,2026-04-15,824615,home,CHW,TBR,624512,Reese McGuire,42,P,1.0,0,0,0,0,0,0,3,9,8,0,0,0,
2026,,2026-04-15,824615,home,CHW,TBR,680732,Sean Burke,42,P,5.1,4,4,7,2,3,2,25,92,55,0,1,0,
2026,,2026-04-15,824615,home,CHW,TBR,663542,Bryan Hudson,42,P,1.0,0,0,0,0,0,1,3,14,8,0,0,0,
2026,,2026-04-15,824615,home,CHW,TBR,656457,Tyler Gilbert,42,P,1.2,4,4,2,1,2,2,9,39,24,0,0,0,
2026,,2026-04-15,823803,away,TOR,MIL,656302,Dylan Cease,42,P,6.0,0,0,2,0,3,6,22,106,63,0,0,0,
2026,,2026-04-15,823803,away,TOR,MIL,689254,Mason Fluharty,42,P,0.2,0,0,1,0,0,0,3,13,8,0,0,0,
2026,,2026-04-15,823803,away,TOR,MIL,680755,Braydon Fisher,42,P,0.1,0,0,0,0,0,0,1,5,3,0,0,0,
2026,,2026-04-15,823803,away,TOR,MIL,643511,Tyler Rogers,42,P,1.0,2,1,2,0,1,0,7,16,9,0,1,0,
2026,,2026-04-15,823803,home,MIL,TOR,694477,Chad Patrick,42,P,6.2,1,1,3,0,2,2,24,81,48,0,0,0,
2026,,2026-04-15,823803,home,MIL,TOR,682842,Abner Uribe,42,P,1.0,0,0,0,0,0,1,3,12,8,0,0,1,
2026,,2026-04-15,823803,home,MIL,TOR,676879,Aaron Ashby,42,P,1.0,0,0,1,0,1,3,5,21,13,1,0,0,
2026,,2026-04-15,823803,home,MIL,TOR,669084,DL Hall,42,P,0.1,0,0,1,0,0,0,2,8,5,0,0,0,
2026,,2026-04-15,824209,away,COL,HOU,500779,Jose Quintana,42,P,3.2,3,3,3,1,4,1,18,75,41,0,1,0,
2026,,2026-04-15,824209,away,COL,HOU,685299,Tanner Gordon,42,P,4.0,0,0,2,0,1,4,14,60,40,0,0,0,
2026,,2026-04-15,824209,away,COL,HOU,677955,Jaden Hill,42,P,0.1,0,0,0,0,1,0,2,11,5,0,0,0,
2026,,2026-04-15,824209,home,HOU,COL,650556,Bryan Abreu,42,P,1.1,0,0,0,0,1,2,5,23,11,0,0,0,
2026,,2026-04-15,824209,home,HOU,COL,660853,Enyel De Los Santos,42,P,1.0,0,0,0,0,0,2,3,14,11,0,0,1,
2026,,2026-04-15,824209,home,HOU,COL,595345,Steven Okert,42,P,0.2,0,0,1,0,0,1,3,7,6,0,0,0,
2026,,2026-04-15,824209,home,HOU,COL,681293,Spencer Arrighetti,42,P,6.0,1,1,3,0,4,10,27,100,61,1,0,0,
2026,,2026-04-15,823314,away,SEA,SDP,678606,Jose A. Ferrer,42,P,0.0,0,0,1,0,0,0,1,5,3,0,0,0,
2026,,2026-04-15,823314,away,SEA,SDP,662253,Andrés Muñoz,42,P,0.2,5,5,4,0,1,1,7,26,18,0,1,0,
2026,,2026-04-15,823314,away,SEA,SDP,642100,Gabe Speier,42,P,1.0,0,0,1,0,0,0,4,12,9,0,0,0,
2026,,2026-04-15,823314,away,SEA,SDP,660825,Eduard Bazardo,42,P,1.0,0,0,0,0,0,0,3,11,10,0,0,0,
2026,,2026-04-15,823314,away,SEA,SDP,676106,Emerson Hancock,42,P,6.0,2,2,4,1,1,6,23,98,68,0,0,0,
2026,,2026-04-15,823314,home,SDP,SEA,593974,Wandy Peralta,42,P,1.0,0,0,1,0,1,1,5,25,15,0,0,0,
2026,,2026-04-15,823314,home,SDP,SEA,689690,Alek Jacob,42,P,2.0,0,0,1,0,1,3,9,34,22,1,0,0,
2026,,2026-04-15,823314,home,SDP,SEA,676760,Ron Marinaccio,42,P,2.0,2,2,3,1,1,2,9,42,27,0,0,0,
2026,,2026-04-15,823314,home,SDP,SEA,681190,Randy Vásquez,42,P,4.0,4,4,5,0,4,6,21,85,45,0,0,0,
2026,,2026-04-15,825021,away,TEX,ATH,677958,Kumar Rocker,42,P,4.2,2,2,4,0,4,6,23,97,59,0,0,0,
2026,,2026-04-15,825021,away,TEX,ATH,656641,Jacob Latz,42,P,1.0,0,0,0,0,0,0,3,11,8,0,0,0,
2026,,2026-04-15,825021,away,TEX,ATH,656222,Jalen Beeks,42,P,1.0,1,1,1,0,1,2,5,26,15,0,1,0,
2026,,2026-04-15,825021,away,TEX,ATH,686560,Gavin Collyer,42,P,0.1,0,0,0,0,0,1,1,3,3,0,0,0,
2026,,2026-04-15,825021,away,TEX,ATH,668390,Cole Winn,42,P,1.0,3,3,2,2,1,2,6,32,20,0,0,0,
2026,,2026-04-15,825021,home,ATH,TEX,669372,J.T. Ginn,42,P,5.1,2,2,2,1,4,3,21,78,47,0,0,0,
2026,,2026-04-15,825021,home,ATH,TEX,605130,Scott Barlow,42,P,1.0,0,0,1,0,0,1,4,17,10,0,0,0,
2026,,2026-04-15,825021,home,ATH,TEX,669270,Joel Kuhnel,42,P,1.1,0,0,0,0,0,2,4,24,16,0,0,1,
2026,,2026-04-15,825021,home,ATH,TEX,663687,Hogan Harris,42,P,0.2,0,0,0,0,0,1,2,11,7,1,0,0,
2026,,2026-04-15,825021,home,ATH,TEX,643410,Mark Leiter Jr.,42,P,0.2,3,3,2,1,1,1,5,22,14,0,0,0,
2026,,2026-04-15,823963,away,NYM,LAD,668964,Tobias Myers,42,P,2.0,1,1,3,1,0,2,9,30,20,0,0,0,
2026,,2026-04-15,823963,away,NYM,LAD,681810,Austin Warren,42,P,0.2,1,1,2,1,0,1,4,15,10,0,0,0,
2026,,2026-04-15,823963,away,NYM,LAD,642207,Devin Williams,42,P,0.1,4,4,3,1,1,1,5,19,10,0,0,0,
2026,,2026-04-15,823963,away,NYM,LAD,605280,Clay Holmes,42,P,5.0,2,2,4,1,1,4,21,88,63,0,1,0,
2026,,2026-04-15,823963,home,LAD,NYM,656945,Tanner Scott,42,P,1.0,0,0,0,0,0,0,3,8,6,0,0,0,
2026,,2026-04-15,823963,home,LAD,NYM,669165,Kyle Hurt,42,P,1.0,1,1,2,0,0,3,6,24,14,0,0,0,
2026,,2026-04-15,823963,home,LAD,NYM,660271,Shohei Ohtani,42,P,6.0,1,1,2,0,2,10,22,95,63,1,0,0,
2026,,2026-04-15,823963,home,LAD,NYM,595014,Blake Treinen,42,P,1.0,0,0,1,0,0,1,4,13,9,0,0,0,
2026,,2026-04-16,823396,away,WSN,PIT,676571,PJ Poulin,50,P,0.2,0,0,2,0,0,0,3,7,7,0,0,0,
2026,,2026-04-16,823396,away,WSN,PIT,690925,Clayton Beeter,,P,1.0,1,1,1,0,2,1,7,32,19,1,0,0,
2026,,2026-04-16,823396,away,WSN,PIT,672335,Cionel Pérez,51,P,1.0,0,0,1,0,0,2,4,16,10,0,0,0,
2026,,2026-04-16,823396,away,WSN,PIT,687377,Orlando Ribalta,,P,1.0,0,0,1,0,0,1,3,14,12,0,0,1,
2026,,2026-04-16,823396,away,WSN,PIT,681402,Gus Varland,47,P,0.2,0,0,0,0,0,0,2,10,6,0,0,0,
2026,,2026-04-16,823396,away,WSN,PIT,687606,Paxton Schultz,75,P,0.1,2,2,2,0,0,0,3,5,5,0,0,0,
2026,,2026-04-16,823396,away,WSN,PIT,656492,Foster Griffin,22,P,5.1,4,4,8,1,1,7,24,89,60,0,0,0,
2026,,2026-04-16,823396,home,PIT,WSN,681895,Evan Sisk,48,P,0.1,1,1,2,0,0,1,3,14,9,0,0,0,
2026,,2026-04-16,823396,home,PIT,WSN,670990,Yohan Ramírez,49,P,1.0,1,1,1,0,1,2,6,17,12,0,0,0,
2026,,2026-04-16,823396,home,PIT,WSN,676755,Isaac Mattson,72,P,1.0,0,0,0,0,1,0,4,18,10,0,0,0,
2026,,2026-04-16,823396,home,PIT,WSN,642701,Dennis Santana,60,P,1.0,1,0,1,0,0,0,5,11,8,0,1,0,
2026,,2026-04-16,823396,home,PIT,WSN,664875,Justin Lawrence,61,P,1.0,0,0,1,0,0,0,5,12,8,0,0,0,
2026,,2026-04-16,823396,home,PIT,WSN,677952,Braxton Ashcraft,35,P,5.2,5,2,5,0,2,7,25,90,64,0,0,0,
2026,,2026-04-16,824530,away,SFG,CIN,676254,Ryan Walker,74,P,1.0,0,0,0,0,0,1,3,17,12,0,0,0,
2026,,2026-04-16,824530,away,SFG,CIN,676775,Keaton Winn,67,P,1.0,0,0,0,0,0,2,3,12,9,0,0,0,
2026,,2026-04-16,824530,away,SFG,CIN,669062,Erik Miller,68,P,1.0,0,0,0,0,1,3,4,24,14,0,0,1,
2026,,2026-04-16,824530,away,SFG,CIN,694738,Landen Roupp,65,P,6.0,0,0,1,0,2,6,21,87,49,1,0,0,
2026,,2026-04-16,824530,home,CIN,SFG,693312,Kyle Nicolas,62,P,0.2,0,0,0,0,0,0,2,10,6,0,0,0,
2026,,2026-04-16,824530,home,CIN,SFG,683175,Connor Phillips,34,P,1.0,0,0,1,0,1,2,6,23,12,0,0,0,
2026,,2026-04-16,824530,home,CIN,SFG,594580,Sam Moll,50,P,0.2,0,0,1,0,0,1,3,11,7,0,0,0,
2026,,2026-04-16,824530,home,CIN,SFG,656271,Brock Burke,49,P,0.2,3,0,2,0,0,2,5,15,12,0,1,0,
2026,,2026-04-16,824530,home,CIN,SFG,695505,Chase Burns,26,P,6.0,0,0,2,0,1,4,18,87,54,0,0,0,
2026,,2026-04-16,824289,away,KCR,DET,668674,Lucas Erceg,60,P,0.2,3,3,3,0,1,1,6,24,15,0,1,0,
2026,,2026-04-16,824289,away,KCR,DET,663460,Kris Bubic,50,P,4.2,5,5,6,0,3,3,21,82,46,0,0,0,
2026,,2026-04-16,824289,away,KCR,DET,683232,Nick Mears,31,P,1.0,1,1,2,0,0,0,5,20,13,0,0,0,
2026,,2026-04-16,824289,away,KCR,DET,663738,Daniel Lynch IV,41,P,1.0,0,0,0,0,0,1,3,7,6,0,0,0,
2026,,2026-04-16,824289,away,KCR,DET,656638,Alex Lange,56,P,1.0,0,0,2,0,0,2,5,20,14,0,0,0,
2026,,2026-04-16,824289,away,KCR,DET,670167,John Schreiber,46,P,0.1,1,1,1,1,0,1,2,8,5,0,0,0,
2026,,2026-04-16,824289,home,DET,KCR,623454,Drew Anderson,38,P,0.1,3,3,2,0,1,0,4,12,6,0,0,0,
2026,,2026-04-16,824289,home,DET,KCR,663947,Tyler Holton,87,P,0.1,1,1,1,1,0,0,2,13,10,0,0,0,
2026,,2026-04-16,824289,home,DET,KCR,657756,Connor Seabold,43,P,1.1,1,1,1,1,0,2,5,15,11,1,0,0,
2026,,2026-04-16,824289,home,DET,KCR,672456,Keider Montero,54,P,6.0,4,4,7,0,0,5,25,83,55,0,0,0,
2026,,2026-04-16,824289,home,DET,KCR,646241,Enmanuel De Jesus,37,P,1.0,0,0,2,0,0,1,5,19,12,0,0,0,
2026,,2026-04-16,823560,away,LAA,NYY,680704,Nick Sandlin,52,P,1.1,2,2,1,1,1,1,5,24,12,0,0,0,
2026,,2026-04-16,823560,away,LAA,NYY,681217,Chase Silseth,63,P,1.0,0,0,1,0,0,1,4,17,13,0,0,0,
2026,,2026-04-16,823560,away,LAA,NYY,691951,Sam Aldegheri,61,P,1.2,1,1,2,1,1,2,8,33,18,1,0,0,
2026,,2026-04-16,823560,away,LAA,NYY,696147,Sam Bachman,40,P,3.0,0,0,1,0,0,2,9,27,18,0,0,0,
2026,,2026-04-16,823560,away,LAA,NYY,608718,Brent Suter,37,P,2.0,1,1,3,1,2,2,10,49,29,0,0,0,
2026,,2026-04-16,823560,home,NYY,LAA,642232,Ryan Yarbrough,33,P,2.1,4,4,3,1,1,0,12,38,25,0,0,0,
2026,,2026-04-16,823560,home,NYY,LAA,518585,Fernando Cruz,63,P,0.2,1,1,2,0,1,2,5,25,17,0,0,0,
2026,,2026-04-16,823560,home,NYY,LAA,608331,Max Fried,54,P,5.1,5,5,3,1,3,3,22,93,52,0,1,0,
2026,,2026-04-16,823560,home,NYY,LAA,683409,Angel Chivilli,57,P,0.2,1,1,1,1,2,2,5,26,14,0,0,0,
2026,,2026-04-16,823801,away,TOR,MIL,667297,Tommy Nance,45,P,0.2,1,1,1,0,2,0,5,16,7,0,1,0,
2026,,2026-04-16,823801,away,TOR,MIL,686973,Louis Varland,77,P,0.2,0,0,1,0,0,1,3,13,8,0,0,0,
2026,,2026-04-16,823801,away,TOR,MIL,573009,Joe Mantiply,35,P,1.0,0,0,1,0,0,1,4,10,9,0,0,0,
2026,,2026-04-16,823801,away,TOR,MIL,571578,Patrick Corbin,46,P,5.2,1,1,4,0,1,6,20,79,50,0,0,0,
2026,,2026-04-16,823801,home,MIL,TOR,676879,Aaron Ashby,26,P,0.1,0,0,1,0,0,0,2,7,5,1,0,0,
2026,,2026-04-16,823801,home,MIL,TOR,687075,Brandon Sproat,23,P,6.2,1,1,4,0,1,6,24,75,53,0,0,0,
2026,,2026-04-16,823801,home,MIL,TOR,672582,Angel Zerpa,61,P,1.0,0,0,1,0,0,0,4,10,6,0,0,1,
2026,,2026-04-16,823801,home,MIL,TOR,656730,Trevor Megill,29,P,1.0,0,0,0,0,0,2,3,16,11,0,0,0,
2026,,2026-04-16,824614,away,TBR,CHW,571927,Steven Matz,32,P,5.1,2,2,6,1,1,4,22,74,51,0,0,0,
2026,,2026-04-16,824614,away,TBR,CHW,687330,Kevin Kelly,49,P,2.0,1,1,1,1,1,2,7,26,15,1,0,0,
2026,,2026-04-16,824614,away,TBR,CHW,643377,Griffin Jax,22,P,0.2,0,0,1,0,1,1,4,22,13,0,0,0,
2026,,2026-04-16,824614,away,TBR,CHW,641329,Bryan Baker,47,P,1.0,0,0,0,0,1,0,4,20,12,0,0,1,
2026,,2026-04-16,824614,home,CHW,TBR,641743,Anthony Kay,18,P,2.2,1,1,4,0,1,1,14,71,43,0,0,0,
2026,,2026-04-16,824614,home,CHW,TBR,691799,Grant Taylor,31,P,1.1,1,1,1,0,1,3,6,35,22,0,0,0,
2026,,2026-04-16,824614,home,CHW,TBR,622554,Seranthony Domínguez,58,P,0.1,3,3,2,1,1,1,5,32,19,0,1,0,
2026,,2026-04-16,824614,home,CHW,TBR,673929,Jordan Leasure,49,P,1.1,0,0,0,0,1,0,5,21,12,0,0,0,
2026,,2026-04-16,824614,home,CHW,TBR,608371,Lucas Sims,39,P,0.2,0,0,0,0,2,1,4,23,11,0,0,0,
2026,,2026-04-16,824614,home,CHW,TBR,656794,Sean Newcomb,15,P,1.2,0,0,1,0,0,3,6,21,17,0,0,0,
2026,,2026-04-16,824614,home,CHW,TBR,663855,Jordan Hicks,44,P,1.0,0,0,1,0,1,1,6,19,13,0,0,0,
2026,,2026-04-16,825023,away,TEX,ATH,641302,Tyler Alexander,13,P,0.1,0,0,2,0,0,0,3,11,7,0,0,0,
2026,,2026-04-16,825023,away,TEX,ATH,683004,Jack Leiter,22,P,5.2,3,3,7,0,3,3,27,105,67,0,0,0,
2026,,2026-04-16,825023,away,TEX,ATH,656641,Jacob Latz,67,P,0.1,0,0,1,0,0,0,2,7,4,0,0,0,
2026,,2026-04-16,825023,away,TEX,ATH,676395,Robert Garcia,62,P,0.1,0,0,0,0,0,0,1,10,7,0,0,0,
2026,,2026-04-16,825023,away,TEX,ATH,615698,Cal Quantrill,44,P,1.0,0,0,1,0,0,0,3,12,8,1,0,0,
2026,,2026-04-16,825023,away,TEX,ATH,596001,Jakob Junis,16,P,1.1,3,3,2,0,1,0,7,24,17,0,0,0,
2026,,2026-04-16,825023,home,ATH,TEX,686993,Justin Sterner,60,P,1.0,4,3,4,0,1,1,9,20,14,0,1,0,
2026,,2026-04-16,825023,home,ATH,TEX,605130,Scott Barlow,58,P,0.2,1,1,1,1,2,0,5,24,11,0,0,0,
2026,,2026-04-16,825023,home,ATH,TEX,682052,Jacob Lopez,57,P,5.0,2,2,3,0,4,5,22,85,50,0,0,0,
2026,,2026-04-16,825023,home,ATH,TEX,665622,Luis Medina,46,P,1.1,2,2,2,0,1,1,7,32,19,0,0,0,
2026,,2026-04-16,825023,home,ATH,TEX,678022,Jack Perkins,50,P,1.0,0,0,0,0,0,0,4,11,6,0,0,0,
2026,,2026-04-16,824453,away,BAL,CLE,669330,Tyler Wells,68,P,0.1,0,0,0,0,0,1,1,6,3,0,0,0,
2026,,2026-04-16,824453,away,BAL,CLE,669358,Shane Baz,34,P,6.0,4,4,6,1,3,6,26,99,62,0,1,0,
2026,,2026-04-16,824453,away,BAL,CLE,671382,Cameron Foster,65,P,1.2,0,0,2,0,1,3,8,42,27,0,0,0,
2026,,2026-04-16,824453,home,CLE,BAL,671922,Cade Smith,36,P,1.0,0,0,2,0,0,0,5,19,13,0,0,1,
2026,,2026-04-16,824453,home,CLE,BAL,800048,Parker Messick,77,P,8.0,2,2,2,0,2,9,27,112,78,1,0,0,
2026,,2026-04-16,824208,away,COL,HOU,680767,Victor Vodnik,38,P,1.0,0,0,0,0,1,0,4,14,8,0,0,1,
2026,,2026-04-16,824208,away,COL,HOU,623474,Jimmy Herget,44,P,1.0,0,0,0,0,1,1,4,23,13,0,0,0,
2026,,2026-04-16,824208,away,COL,HOU,801403,Chase Dollander,32,P,5.1,0,0,1,0,2,9,19,86,55,1,0,0,
2026,,2026-04-16,824208,away,COL,HOU,675848,Juan Mejia,47,P,0.2,2,2,3,0,0,2,6,30,18,0,0,0,
2026,,2026-04-16,824208,away,COL,HOU,677955,Jaden Hill,0,P,1.0,0,0,1,0,2,1,6,21,14,0,0,0,
2026,,2026-04-16,824208,home,HOU,COL,678906,Kai-Wei Teng,17,P,2.0,0,0,1,0,0,0,7,21,18,0,0,0,
2026,,2026-04-16,824208,home,HOU,COL,680802,Ryan Weiss,51,P,3.2,2,2,3,1,4,3,16,76,45,0,0,0,
2026,,2026-04-16,824208,home,HOU,COL,685005,Christian Roa,,P,1.1,1,1,3,0,0,0,6,26,17,0,1,0,
2026,,2026-04-16,824208,home,HOU,COL,805123,AJ Blubaugh,69,P,2.0,0,0,2,0,2,2,10,39,21,0,0,0,
2026,,2026-04-16,823313,away,SEA,SDP,677961,Cole Wilcox,43,P,1.2,1,1,2,0,0,3,7,21,15,0,0,0,
2026,,2026-04-16,823313,away,SEA,SDP,622491,Luis Castillo,58,P,5.1,4,1,7,0,3,3,26,98,59,0,1,0,
2026,,2026-04-16,823313,away,SEA,SDP,681867,Cooper Criswell,88,P,1.0,0,0,1,0,0,0,4,16,11,0,0,0,
2026,,2026-04-16,823313,home,SDP,SEA,695243,Mason Miller,22,P,1.0,0,0,0,0,0,3,3,14,9,0,0,1,
2026,,2026-04-16,823313,home,SDP,SEA,621111,Walker Buehler,10,P,5.0,2,2,5,0,1,7,20,88,58,1,0,0,
2026,,2026-04-16,823313,home,SDP,SEA,592094,Jason Adam,40,P,1.0,0,0,1,0,0,0,5,16,11,0,0,0,
2026,,2026-04-16,823313,home,SDP,SEA,699134,Bradgley Rodriguez,72,P,0.1,0,0,1,0,1,0,3,9,5,0,0,0,
2026,,2026-04-16,823313,home,SDP,SEA,670970,Adrian Morejon,50,P,1.2,0,0,0,0,0,2,5,17,12,0,0,0,
2026,,2026-04-17,824693,away,NYM,CHC,640455,Sean Manaea,59,P,4.0,5,5,6,1,1,2,19,72,45,0,0,0,
2026,,2026-04-17,824693,away,NYM,CHC,623211,Huascar Brazobán,43,P,0.2,0,0,2,0,0,1,5,15,10,0,0,0,
2026,,2026-04-17,824693,away,NYM,CHC,673540,Kodai Senga,34,P,3.1,7,6,6,2,3,3,18,65,38,0,1,0,
2026,,2026-04-17,824693,home,CHC,NYM,571948,Hoby Milner,41,P,1.0,0,0,1,0,0,0,3,10,9,0,0,0,
2026,,2026-04-17,824693,home,CHC,NYM,702303,Riley Martin,51,P,1.0,0,0,1,0,0,1,4,12,10,0,0,0,
2026,,2026-04-17,824693,home,CHC,NYM,665795,Edward Cabrera,30,P,6.0,3,3,8,0,2,4,25,91,57,1,0,0,
2026,,2026-04-17,824693,home,CHC,NYM,657097,Jacob Webb,71,P,1.0,1,1,4,0,0,1,6,25,19,0,0,0,
2026,,2026-04-17,824454,away,BAL,CLE,670329,Rico Garcia,50,P,1.0,0,0,0,0,0,0,3,12,10,1,0,0,
2026,,2026-04-17,824454,away,BAL,CLE,605135,Chris Bassitt,40,P,5.0,0,0,4,0,4,2,22,100,56,0,0,0,
2026,,2026-04-17,824454,away,BAL,CLE,689296,Anthony Nunez,66,P,0.2,1,1,1,1,0,1,3,8,6,0,0,0,
2026,,2026-04-17,824454,away,BAL,CLE,664854,Ryan Helsley,21,P,1.0,0,0,0,0,1,1,4,15,8,0,0,1,
2026,,2026-04-17,824454,away,BAL,CLE,664991,Grant Wolfram,48,P,0.2,3,0,1,0,1,2,5,13,12,0,0,0,
2026,,2026-04-17,824454,away,BAL,CLE,666974,Yennier Cano,78,P,0.2,0,0,1,0,1,1,4,15,7,0,0,0,
2026,,2026-04-17,824454,home,CLE,BAL,542888,Shawn Armstrong,43,P,0.0,3,3,0,0,2,0,3,13,3,0,0,0,
2026,,2026-04-17,824454,home,CLE,BAL,641401,Connor Brogdon,75,P,1.1,1,1,2,1,0,2,6,23,14,0,0,0,
2026,,2026-04-17,824454,home,CLE,BAL,681870,Erik Sabrowski,62,P,0.2,2,2,1,0,1,1,4,17,9,0,1,0,
2026,,2026-04-17,824454,home,CLE,BAL,683769,Hunter Gaddis,33,P,1.0,0,0,0,0,0,3,3,12,10,0,0,0,
2026,,2026-04-17,824454,home,CLE,BAL,676440,Tanner Bibee,28,P,6.0,0,0,4,0,3,5,25,96,60,0,0,0,
2026,,2026-04-17,823476,away,ATL,PHI,660761,José Suarez,54,P,3.0,0,0,2,0,1,1,12,52,36,0,0,1,
2026,,2026-04-17,823476,away,ATL,PHI,527048,Martín Pérez,33,P,6.0,0,0,4,0,2,4,26,94,59,1,0,0,
2026,,2026-04-17,823476,home,PHI,ATL,689147,Orion Kerkering,50,P,1.0,1,1,2,1,0,0,5,21,15,0,0,0,
2026,,2026-04-17,823476,home,PHI,ATL,663767,Chase Shugart,55,P,1.0,1,1,1,1,0,0,4,11,8,0,0,0,
2026,,2026-04-17,823476,home,PHI,ATL,641835,Tim Mayza,37,P,2.0,0,0,1,0,0,0,6,23,15,0,0,0,
2026,,2026-04-17,823476,home,PHI,ATL,592836,Taijuan Walker,99,P,4.0,7,7,7,2,3,4,23,89,50,0,1,0,
2026,,2026-04-17,823476,home,PHI,ATL,621383,Tanner Banks,58,P,1.0,0,0,1,0,1,1,5,20,12,0,0,0,
2026,,2026-04-17,822752,away,SFG,WSN,657277,Logan Webb,62,P,6.0,4,3,7,1,2,6,27,99,64,1,0,0,
2026,,2026-04-17,822752,away,SFG,WSN,668873,Caleb Kilian,45,P,1.0,0,0,0,0,1,2,4,18,12,0,0,0,
2026,,2026-04-17,822752,away,SFG,WSN,694918,Blade Tidwell,46,P,1.0,0,0,0,0,0,0,3,10,4,0,0,0,
2026,,2026-04-17,822752,away,SFG,WSN,657424,Matt Gage,93,P,1.0,1,1,1,1,0,1,4,15,9,0,0,0,
2026,,2026-04-17,822752,home,WSN,SFG,663992,Richard Lovelady,55,P,1.0,1,1,2,0,2,1,7,28,16,0,0,0,
2026,,2026-04-17,822752,home,WSN,SFG,676571,PJ Poulin,50,P,1.0,0,0,0,0,0,1,3,13,9,0,0,0,
2026,,2026-04-17,822752,home,WSN,SFG,641793,Zack Littell,18,P,4.0,8,8,11,2,1,4,23,77,50,0,1,0,
2026,,2026-04-17,822752,home,WSN,SFG,687606,Paxton Schultz,75,P,3.0,1,1,2,1,0,1,11,48,29,0,0,0,
2026,,2026-04-17,823397,away,TBR,PIT,607259,Nick Martinez,28,P,5.1,2,2,8,0,3,3,26,88,53,0,1,0,
2026,,2026-04-17,823397,away,TBR,PIT,643377,Griffin Jax,22,P,0.2,1,1,1,1,0,0,3,14,10,0,0,0,
2026,,2026-04-17,823397,away,TBR,PIT,672782,Yoendrys Gómez,94,P,2.0,2,2,2,0,2,3,10,44,26,0,0,0,
2026,,2026-04-17,823397,home,PIT,TBR,642397,Gregory Soto,31,P,1.0,0,0,0,0,0,0,3,10,8,0,0,0,
2026,,2026-04-17,823397,home,PIT,TBR,682254,Mason Montgomery,46,P,1.0,0,0,1,0,0,2,4,16,12,0,0,0,
2026,,2026-04-17,823397,home,PIT,TBR,696149,Bubba Chandler,36,P,6.0,1,1,3,0,1,3,22,90,62,1,0,0,
2026,,2026-04-17,823397,home,PIT,TBR,642701,Dennis Santana,60,P,1.0,0,0,1,0,1,1,5,17,9,0,0,0,
2026,,2026-04-17,823559,away,KCR,NYY,669212,Eli Morgan,34,P,1.0,0,0,0,0,2,0,5,27,13,0,0,0,
2026,,2026-04-17,823559,away,KCR,NYY,608379,Michael Wacha,52,P,6.0,2,2,3,1,3,6,24,97,57,0,0,0,
2026,,2026-04-17,823559,away,KCR,NYY,656638,Alex Lange,56,P,1.0,2,2,2,1,0,2,5,18,12,0,1,0,
2026,,2026-04-17,823559,home,NYY,KCR,687396,Brent Headrick,47,P,1.0,0,0,0,0,0,1,3,11,9,0,0,0,
2026,,2026-04-17,823559,home,NYY,KCR,666808,Camilo Doval,75,P,1.0,1,1,1,1,0,1,4,16,10,1,0,0,
2026,,2026-04-17,823559,home,NYY,KCR,670280,David Bednar,53,P,1.0,0,0,0,0,1,2,4,17,10,0,0,1,
2026,,2026-04-17,823559,home,NYY,KCR,693645,Cam Schlittler,31,P,6.0,1,0,3,0,2,6,24,93,63,0,0,0,
2026,,2026-04-17,823883,away,MIL,MIA,689441,Coleman Crow,,P,5.1,2,2,4,0,1,4,21,77,55,0,0,0,
2026,,2026-04-17,823883,away,MIL,MIA,682842,Abner Uribe,45,P,1.0,0,0,0,0,2,1,4,18,9,1,0,0,
2026,,2026-04-17,823883,away,MIL,MIA,681982,Grant Anderson,56,P,1.0,0,0,0,0,1,0,3,17,10,0,0,0,
2026,,2026-04-17,823883,away,MIL,MIA,669084,DL Hall,37,P,0.2,1,1,1,1,0,1,3,8,5,0,0,0,
2026,,2026-04-17,823883,away,MIL,MIA,672582,Angel Zerpa,61,P,1.0,1,1,2,0,1,1,6,33,21,0,0,0,
2026,,2026-04-17,823883,away,MIL,MIA,656730,Trevor Megill,29,P,1.0,1,0,1,0,0,2,4,18,11,0,0,1,
2026,,2026-04-17,823883,home,MIA,MIL,664126,Pete Fairbanks,29,P,1.0,0,0,0,0,0,1,3,12,8,0,0,0,
2026,,2026-04-17,823883,home,MIA,MIL,663969,Tyler Phillips,30,P,1.1,0,0,1,0,3,3,8,42,22,0,0,0,
2026,,2026-04-17,823883,home,MIA,MIL,676534,Calvin Faucher,53,P,1.0,3,1,2,0,1,1,7,22,13,0,1,0,
2026,,2026-04-17,823883,home,MIA,MIL,667463,John King,47,P,1.1,0,0,0,0,0,2,4,17,11,0,0,0,
2026,,2026-04-17,823883,home,MIA,MIL,676083,Janson Junk,26,P,5.1,4,3,6,0,2,3,24,93,57,0,0,0,
2026,,2026-04-17,824778,away,DET,BOS,676428,Brant Hurter,48,P,0.1,0,0,0,0,0,0,1,3,3,0,0,0,
2026,,2026-04-17,824778,away,DET,BOS,663554,Casey Mize,12,P,6.2,0,0,3,0,1,7,23,94,58,0,0,0,
2026,,2026-04-17,824778,away,DET,BOS,640448,Kyle Finnegan,67,P,1.0,0,0,0,0,1,0,4,21,11,0,0,0,
2026,,2026-04-17,824778,away,DET,BOS,676684,Will Vest,19,P,1.1,1,0,1,0,1,2,7,23,14,0,1,0,
2026,,2026-04-17,824778,home,BOS,DET,676477,Garrett Whitlock,22,P,1.0,0,0,0,0,0,1,3,10,6,1,0,0,
2026,,2026-04-17,824778,home,BOS,DET,624133,Ranger Suarez,55,P,8.0,0,0,2,0,1,4,26,93,55,0,0,0,
2026,,2026-04-17,824778,home,BOS,DET,547973,Aroldis Chapman,44,P,1.0,0,0,2,0,1,1,5,16,10,0,0,0,
2026,,2026-04-17,824207,away,STL,HOU,681517,Kyle Leahy,62,P,5.0,3,3,5,3,0,6,22,83,53,1,0,0,
2026,,2026-04-17,824207,away,STL,HOU,668941,JoJo Romero,59,P,1.0,0,0,1,0,0,0,4,12,9,0,0,0,
2026,,2026-04-17,824207,away,STL,HOU,677865,Justin Bruihl,47,P,1.0,0,0,0,0,0,0,3,9,6,0,0,0,
2026,,2026-04-17,824207,away,STL,HOU,666277,George Soriano,65,P,1.0,0,0,0,0,0,1,3,12,9,0,0,0,
2026,,2026-04-17,824207,away,STL,HOU,592773,Ryne Stanek,55,P,1.0,1,1,2,0,2,3,7,29,17,0,0,0,
2026,,2026-04-17,824207,home,HOU,STL,650556,Bryan Abreu,52,P,1.0,3,3,2,1,1,0,6,16,8,0,0,0,
2026,,2026-04-17,824207,home,HOU,STL,641585,J.P. France,68,P,2.0,2,2,1,1,1,1,8,35,23,0,0,0,
2026,,2026-04-17,824207,home,HOU,STL,595345,Steven Okert,48,P,1.0,0,0,0,0,1,0,4,19,12,0,0,0,
2026,,2026-04-17,824207,home,HOU,STL,663567,Peter Lambert,38,P,5.0,4,4,7,0,1,8,24,90,62,0,1,0,
2026,,2026-04-17,823720,away,CIN,MIN,641941,Emilio Pagán,15,P,1.0,0,0,0,0,0,1,3,13,8,0,0,1,
2026,,2026-04-17,823720,away,CIN,MIN,682227,Brandon Williamson,55,P,5.1,1,1,3,0,4,2,23,93,50,1,0,0,
2026,,2026-04-17,823720,away,CIN,MIN,663574,Tony Santillan,64,P,1.0,0,0,1,0,0,0,4,12,7,0,0,0,
2026,,2026-04-17,823720,away,CIN,MIN,683175,Connor Phillips,34,P,0.2,0,0,0,0,0,1,2,10,8,0,0,0,
2026,,2026-04-17,823720,away,CIN,MIN,668933,Graham Ashcraft,23,P,1.0,0,0,1,0,1,0,5,16,8,0,0,0,
2026,,2026-04-17,823720,home,MIN,CIN,623437,Justin Topa,48,P,1.0,0,0,1,0,0,0,3,11,9,0,0,0,
2026,,2026-04-17,823720,home,MIN,CIN,663485,Cole Sands,44,P,1.0,0,0,0,0,1,2,4,20,10,0,0,0,
2026,,2026-04-17,823720,home,MIN,CIN,681892,Kody Funderburk,57,P,1.0,0,0,0,0,0,0,3,8,6,0,0,0,
2026,,2026-04-17,823720,home,MIN,CIN,657746,Joe Ryan,41,P,6.0,2,1,3,0,0,6,22,94,57,0,1,0,
2026,,2026-04-17,824373,away,LAD,COL,607192,Tyler Glasnow,31,P,7.0,1,1,2,0,2,7,24,92,59,1,0,0,
2026,,2026-04-17,824373,away,LAD,COL,676263,Jack Dreyer,86,P,2.0,0,0,0,0,1,3,7,31,22,0,0,0,
2026,,2026-04-17,824373,home,COL,LAD,657514,Brennan Bernardino,83,P,1.0,0,0,1,0,0,1,4,20,14,0,0,0,
2026,,2026-04-17,824373,home,COL,LAD,608372,Tomoyuki Sugano,11,P,4.0,5,5,9,1,2,3,23,91,51,0,1,0,
2026,,2026-04-17,824373,home,COL,LAD,688642,Zach Agnos,36,P,4.0,2,2,3,1,1,4,15,46,30,0,0,0,
2026,,2026-04-17,824048,away,SDP,LAA,688158,David Morgan,66,P,0.2,2,2,3,1,2,1,8,38,22,0,0,0,
2026,,2026-04-17,824048,away,SDP,LAA,593974,Wandy Peralta,58,P,1.2,0,0,2,0,0,3,7,25,17,0,0,0,
2026,,2026-04-17,824048,away,SDP,LAA,699134,Bradgley Rodriguez,72,P,1.0,0,0,0,0,0,0,3,15,9,0,0,0,
2026,,2026-04-17,824048,away,SDP,LAA,663362,Matt Waldron,61,P,3.2,6,6,8,1,1,4,21,81,52,0,1,0,
2026,,2026-04-17,824048,away,SDP,LAA,606996,Kyle Hart,68,P,1.0,0,0,0,0,0,1,3,13,9,0,0,0,
2026,,2026-04-17,824048,home,LAA,SDP,681217,Chase Silseth,63,P,0.1,0,0,0,0,0,0,1,1,1,0,0,0,
2026,,2026-04-17,824048,home,LAA,SDP,667755,José Soriano,59,P,5.2,0,0,2,0,4,8,23,99,52,1,0,0,
2026,,2026-04-17,824048,home,LAA,SDP,641312,Shaun Anderson,64,P,2.0,0,0,0,0,0,2,6,30,18,0,0,0,
2026,,2026-04-17,824048,home,LAA,SDP,605447,Jordan Romano,68,P,1.0,0,0,1,0,0,3,4,19,12,0,0,0,
2026,,2026-04-17,823152,away,TEX,SEA,641302,Tyler Alexander,13,P,0.2,0,0,1,0,0,0,2,7,4,0,0,0,
2026,,2026-04-17,823152,away,TEX,SEA,656641,Jacob Latz,67,P,1.0,0,0,0,0,0,0,3,11,6,0,0,0,
2026,,2026-04-17,823152,away,TEX,SEA,656222,Jalen Beeks,68,P,1.0,0,0,0,0,1,1,4,13,7,0,0,0,
2026,,2026-04-17,823152,away,TEX,SEA,686560,Gavin Collyer,65,P,1.1,0,0,1,0,1,2,6,29,17,1,0,0,
2026,,2026-04-17,823152,away,TEX,SEA,594798,Jacob deGrom,48,P,4.0,0,0,4,0,2,3,17,88,57,0,0,0,
2026,,2026-04-17,823152,away,TEX,SEA,668390,Cole Winn,60,P,1.0,0,0,0,0,1,1,4,12,7,0,0,0,
2026,,2026-04-17,823152,home,SEA,TEX,678606,Jose A. Ferrer,45,P,0.2,1,1,3,0,0,1,5,20,13,0,0,0,
2026,,2026-04-17,823152,home,SEA,TEX,668984,Casey Legumina,64,P,2.1,2,2,4,0,1,2,13,47,28,0,0,0,
2026,,2026-04-17,823152,home,SEA,TEX,669302,Logan Gilbert,36,P,5.1,2,2,7,1,1,7,24,99,67,0,1,0,
2026,,2026-04-17,823152,home,SEA,TEX,660825,Eduard Bazardo,83,P,0.2,0,0,1,0,0,2,3,11,8,0,0,0,
2026,,2026-04-17,825101,away,TOR,ARI,693686,Spencer Miles,62,P,1.0,2,0,2,0,1,1,7,29,18,0,0,0,
2026,,2026-04-17,825101,away,TOR,ARI,573009,Joe Mantiply,35,P,1.0,1,1,2,0,0,1,5,15,11,0,0,0,
2026,,2026-04-17,825101,away,TOR,ARI,641778,Eric Lauer,56,P,5.0,3,3,5,1,1,4,22,83,60,0,1,0,
2026,,2026-04-17,825101,away,TOR,ARI,680755,Braydon Fisher,63,P,1.0,0,0,1,0,0,0,4,11,9,0,0,0,
2026,,2026-04-17,825101,home,ARI,TOR,642528,Jonathan Loáisiga,43,P,1.0,1,1,3,0,0,1,5,15,12,0,0,0,
2026,,2026-04-17,825101,home,ARI,TOR,623149,Paul Sewald,38,P,1.0,0,0,0,0,0,1,3,10,8,0,0,1,
2026,,2026-04-17,825101,home,ARI,TOR,647336,Michael Soroka,34,P,7.0,2,2,5,1,0,5,26,94,67,1,0,0,
2026,,2026-04-17,825019,away,CHW,ATH,663436,Davis Martin,65,P,7.0,1,1,3,0,2,4,24,89,57,1,0,0,
2026,,2026-04-17,825019,away,CHW,ATH,680951,Doug Nikhazy,51,P,2.0,1,1,1,0,2,1,9,39,17,0,0,0,
2026,,2026-04-17,825019,home,ATH,CHW,686993,Justin Sterner,60,P,2.1,0,0,1,0,0,4,8,46,27,0,0,0,
2026,,2026-04-17,825019,home,ATH,CHW,665660,Elvis Alvarado,37,P,2.0,4,4,3,1,3,3,11,45,24,0,0,0,
2026,,2026-04-17,825019,home,ATH,CHW,650644,Aaron Civale,45,P,4.2,5,5,11,0,1,4,27,103,64,0,1,0,
2026,,2026-04-18,823558,away,KCR,NYY,687765,Mitch Spence,54,P,4.0,6,6,4,1,5,3,21,84,46,0,0,0,
2026,,2026-04-18,823558,away,KCR,NYY,702070,Noah Cameron,65,P,4.0,7,5,7,3,2,3,22,74,39,0,1,0,
2026,,2026-04-18,823558,home,NYY,KCR,621112,Paul Blackburn,58,P,2.0,2,2,2,0,1,1,9,32,21,0,0,0,
2026,,2026-04-18,823558,home,NYY,KCR,701542,Will Warren,29,P,7.0,2,2,5,1,0,11,25,93,62,1,0,0,
2026,,2026-04-18,823721,away,CIN,MIN,572955,Pierce Johnson,52,P,1.0,0,0,1,0,0,2,4,11,9,0,0,0,
2026,,2026-04-18,823721,away,CIN,MIN,663574,Tony Santillan,64,P,1.0,0,0,0,0,0,2,3,12,9,0,0,1,
2026,,2026-04-18,823721,away,CIN,MIN,693312,Kyle Nicolas,62,P,1.0,0,0,0,0,0,3,3,15,9,1,0,0,
2026,,2026-04-18,823721,away,CIN,MIN,594580,Sam Moll,50,P,0.1,0,0,1,0,1,1,3,15,8,0,0,0,
2026,,2026-04-18,823721,away,CIN,MIN,656271,Brock Burke,49,P,1.0,0,0,1,0,1,1,5,28,16,0,0,0,
2026,,2026-04-18,823721,away,CIN,MIN,671096,Andrew Abbott,41,P,4.2,4,3,6,0,3,3,24,97,52,0,0,0,
2026,,2026-04-18,823721,home,MIN,CIN,671737,Taj Bradley,26,P,6.0,2,2,5,0,2,5,25,99,62,0,0,0,
2026,,2026-04-18,823721,home,MIN,CIN,623437,Justin Topa,48,P,0.2,1,1,1,0,0,1,3,10,7,0,0,0,
2026,,2026-04-18,823721,home,MIN,CIN,663485,Cole Sands,44,P,1.0,1,1,2,0,0,0,5,12,9,0,1,0,
2026,,2026-04-18,823721,home,MIN,CIN,681892,Kody Funderburk,57,P,0.1,0,0,1,0,0,0,3,10,5,0,0,0,
2026,,2026-04-18,823721,home,MIN,CIN,679358,Eric Orze,19,P,1.0,1,1,2,0,0,1,4,15,13,0,0,0,
2026,,2026-04-18,824694,away,NYM,CHC,596133,Luke Weaver,30,P,0.2,0,0,0,0,0,0,2,9,5,0,0,0,
2026,,2026-04-18,824694,away,NYM,CHC,642547,Freddy Peralta,51,P,5.2,3,3,3,1,2,3,23,93,54,0,1,0,
2026,,2026-04-18,824694,away,NYM,CHC,518886,Craig Kimbrel,46,P,1.0,0,0,1,0,1,0,4,14,6,0,0,0,
2026,,2026-04-18,824694,away,NYM,CHC,548384,Brooks Raley,25,P,0.2,1,1,1,1,0,0,3,8,6,0,0,0,
2026,,2026-04-18,824694,home,CHC,NYM,573204,Caleb Thielbar,24,P,1.0,0,0,0,0,0,2,3,14,11,0,0,1,
2026,,2026-04-18,824694,home,CHC,NYM,592791,Jameson Taillon,50,P,6.0,1,1,5,1,3,4,24,100,61,1,0,0,
2026,,2026-04-18,824694,home,CHC,NYM,676962,Ben Brown,32,P,2.0,1,0,2,0,1,1,10,38,22,0,0,0,
2026,,2026-04-18,823394,away,TBR,PIT,669438,Mason Englert,59,P,0.2,0,0,0,0,1,0,3,15,8,0,0,0,
2026,,2026-04-18,823394,away,TBR,PIT,693855,Ian Seymour,61,P,1.2,0,0,2,0,0,3,7,23,17,0,0,0,
2026,,2026-04-18,823394,away,TBR,PIT,642121,Cole Sulser,71,P,1.1,0,0,0,0,1,1,5,22,12,0,0,0,
2026,,2026-04-18,823394,away,TBR,PIT,687330,Kevin Kelly,49,P,1.2,1,0,0,0,1,2,6,20,15,0,0,0,
2026,,2026-04-18,823394,away,TBR,PIT,643377,Griffin Jax,22,P,1.0,0,0,0,0,1,2,4,13,8,1,0,0,
2026,,2026-04-18,823394,away,TBR,PIT,685801,Hunter Bigge,43,P,1.0,0,0,0,0,0,0,3,9,6,0,0,0,
2026,,2026-04-18,823394,away,TBR,PIT,641329,Bryan Baker,47,P,1.0,1,1,2,0,1,2,6,31,20,0,0,0,
2026,,2026-04-18,823394,away,TBR,PIT,672782,Yoendrys Gómez,94,P,1.0,1,0,1,0,1,1,5,16,9,0,0,1,
2026,,2026-04-18,823394,away,TBR,PIT,656876,Drew Rasmussen,57,P,3.2,4,4,2,2,2,3,15,64,38,0,0,0,
2026,,2026-04-18,823394,home,PIT,TBR,694973,Paul Skenes,30,P,4.0,0,0,3,0,0,5,16,64,43,0,0,0,
2026,,2026-04-18,823394,home,PIT,TBR,681895,Evan Sisk,48,P,1.2,1,1,4,0,0,2,8,38,24,0,0,0,
2026,,2026-04-18,823394,home,PIT,TBR,642397,Gregory Soto,31,P,1.0,0,0,0,0,1,1,4,17,9,0,0,0,
2026,,2026-04-18,823394,home,PIT,TBR,670990,Yohan Ramírez,49,P,3.0,3,1,4,1,2,1,13,44,27,0,1,0,
2026,,2026-04-18,823394,home,PIT,TBR,676755,Isaac Mattson,72,P,1.0,0,0,0,0,0,0,3,13,8,0,0,0,
2026,,2026-04-18,823394,home,PIT,TBR,664875,Justin Lawrence,61,P,1.2,0,0,1,0,0,1,6,23,11,0,0,0,
2026,,2026-04-18,823394,home,PIT,TBR,676742,Cam Sanders,64,P,0.2,4,4,3,0,1,2,6,20,12,0,0,0,
2026,,2026-04-18,822751,away,SFG,WSN,676254,Ryan Walker,74,P,2.0,1,1,3,0,2,2,10,26,20,0,0,0,
2026,,2026-04-18,822751,away,SFG,WSN,668873,Caleb Kilian,45,P,2.0,0,0,0,0,1,2,7,17,12,1,0,0,
2026,,2026-04-18,822751,away,SFG,WSN,621366,Ryan Borucki,47,P,0.1,0,0,0,0,0,1,1,6,3,0,0,0,
2026,,2026-04-18,822751,away,SFG,WSN,605288,Adrian Houser,12,P,5.2,5,4,7,1,2,1,27,88,57,0,0,0,
2026,,2026-04-18,822751,away,SFG,WSN,669062,Erik Miller,68,P,1.0,0,0,0,0,0,2,3,15,8,0,0,0,
2026,,2026-04-18,822751,away,SFG,WSN,657424,Matt Gage,93,P,1.0,0,0,0,0,0,0,3,6,6,0,0,0,
2026,,2026-04-18,822751,home,WSN,SFG,663992,Richard Lovelady,55,P,2.0,0,0,0,0,1,2,7,23,17,0,0,0,
2026,,2026-04-18,822751,home,WSN,SFG,672335,Cionel Pérez,51,P,2.0,1,0,2,0,0,0,8,22,16,0,1,0,
2026,,2026-04-18,822751,home,WSN,SFG,676917,Cade Cavalli,24,P,4.0,3,1,7,0,0,5,19,92,63,0,0,0,
2026,,2026-04-18,822751,home,WSN,SFG,681402,Gus Varland,47,P,1.0,0,0,2,0,0,2,5,23,16,0,0,0,
2026,,2026-04-18,822751,home,WSN,SFG,680730,Mitchell Parker,70,P,3.0,3,3,5,1,0,2,13,53,36,0,0,0,
2026,,2026-04-18,825020,away,CHW,ATH,622554,Seranthony Domínguez,58,P,1.0,0,0,0,0,2,1,5,16,8,0,0,0,
2026,,2026-04-18,825020,away,CHW,ATH,673929,Jordan Leasure,49,P,1.0,2,2,2,1,1,0,6,15,8,0,0,0,
2026,,2026-04-18,825020,away,CHW,ATH,608371,Lucas Sims,39,P,0.2,1,0,0,0,0,0,2,7,4,0,1,0,
2026,,2026-04-18,825020,away,CHW,ATH,663542,Bryan Hudson,60,P,1.0,0,0,2,0,2,2,6,28,18,0,0,0,
2026,,2026-04-18,825020,away,CHW,ATH,607200,Erick Fedde,47,P,4.2,3,3,2,1,4,3,20,75,39,0,0,0,
2026,,2026-04-18,825020,away,CHW,ATH,656794,Sean Newcomb,15,P,1.1,1,1,3,0,0,0,8,19,12,0,0,0,
2026,,2026-04-18,825020,away,CHW,ATH,663855,Jordan Hicks,44,P,1.0,0,0,1,0,1,0,5,17,9,0,0,0,
2026,,2026-04-18,825020,home,ATH,CHW,622663,Luis Severino,40,P,5.1,5,5,5,2,4,3,25,96,57,0,0,0,
2026,,2026-04-18,825020,home,ATH,CHW,669270,Joel Kuhnel,47,P,1.1,0,0,1,0,0,0,5,14,10,0,0,0,
2026,,2026-04-18,825020,home,ATH,CHW,663687,Hogan Harris,36,P,1.1,1,1,1,1,0,0,6,21,13,0,0,0,
2026,,2026-04-18,825020,home,ATH,CHW,643410,Mark Leiter Jr.,38,P,0.2,0,0,0,0,2,1,4,12,4,0,0,0,
2026,,2026-04-18,825020,home,ATH,CHW,678022,Jack Perkins,50,P,2.1,0,0,1,0,2,3,11,44,27,1,0,0,
2026,,2026-04-18,824775,away,DET,BOS,669373,Tarik Skubal,29,P,6.0,1,1,4,0,2,10,23,89,55,1,0,0,
2026,,2026-04-18,824775,away,DET,BOS,663947,Tyler Holton,87,P,2.0,0,0,0,0,0,2,6,28,17,0,0,0,
2026,,2026-04-18,824775,away,DET,BOS,445276,Kenley Jansen,74,P,1.0,0,0,1,0,0,0,4,14,8,0,0,1,
2026,,2026-04-18,824775,home,BOS,DET,669711,Greg Weissert,57,P,1.0,0,0,1,0,0,0,4,12,8,0,0,0,
2026,,2026-04-18,824775,home,BOS,DET,677161,Zack Kelly,76,P,1.0,0,0,1,0,0,0,4,19,9,0,0,0,
2026,,2026-04-18,824775,home,BOS,DET,678394,Brayan Bello,66,P,4.0,4,4,5,1,3,4,20,84,47,0,1,0,
2026,,2026-04-18,824775,home,BOS,DET,663558,Jovani Morán,47,P,3.0,0,0,1,0,1,3,11,41,23,0,0,0,
2026,,2026-04-18,823882,away,MIL,MIA,682842,Abner Uribe,45,P,0.2,0,0,0,0,0,0,2,4,3,0,0,1,
2026,,2026-04-18,823882,away,MIL,MIA,663765,Jake Woodford,41,P,1.1,1,1,5,0,0,0,9,33,22,0,0,0,
2026,,2026-04-18,823882,away,MIL,MIA,605540,Brandon Woodruff,53,P,7.0,1,1,3,0,1,4,25,92,70,1,0,0,
2026,,2026-04-18,823882,home,MIA,MIL,669199,Lake Bachar,84,P,2.1,0,0,0,0,2,1,9,40,22,0,0,0,
2026,,2026-04-18,823882,home,MIA,MIL,645261,Sandy Alcantara,22,P,5.0,3,2,4,1,6,1,24,97,54,0,1,0,
2026,,2026-04-18,823882,home,MIA,MIL,667463,John King,47,P,1.0,0,0,0,0,1,1,4,10,6,0,0,0,
2026,,2026-04-18,823882,home,MIA,MIL,669622,Anthony Bender,37,P,0.2,2,2,1,0,2,2,7,26,12,0,0,0,
2026,,2026-04-18,824451,away,BAL,CLE,665152,Dean Kremer,64,P,6.0,3,3,2,1,2,7,22,95,58,0,1,0,
2026,,2026-04-18,824451,away,BAL,CLE,544150,Albert Suárez,49,P,2.0,1,1,1,1,0,1,7,33,19,0,0,0,
2026,,2026-04-18,824451,home,CLE,BAL,671922,Cade Smith,36,P,1.0,0,0,0,0,0,3,3,15,11,0,0,1,
2026,,2026-04-18,824451,home,CLE,BAL,668909,Gavin Williams,32,P,7.0,1,1,3,1,1,11,26,100,73,1,0,0,
2026,,2026-04-18,824451,home,CLE,BAL,683769,Hunter Gaddis,33,P,1.0,1,1,1,1,0,2,4,24,16,0,0,0,
2026,,2026-04-18,824206,away,STL,HOU,694335,Matt Svanson,49,P,1.0,1,1,0,0,3,1,5,24,9,0,0,0,
2026,,2026-04-18,824206,away,STL,HOU,700669,Gordon Graceffo,44,P,2.0,0,0,0,0,0,1,6,26,15,0,0,0,
2026,,2026-04-18,824206,away,STL,HOU,676617,Riley O'Brien,61,P,0.2,0,0,0,0,0,1,2,7,6,0,0,1,
2026,,2026-04-18,824206,away,STL,HOU,669467,Andre Pallante,53,P,5.0,1,1,3,1,3,5,21,87,48,1,0,0,
2026,,2026-04-18,824206,away,STL,HOU,666277,George Soriano,65,P,0.1,3,3,1,1,2,1,4,17,7,0,0,0,
2026,,2026-04-18,824206,home,HOU,STL,621121,Lance McCullers Jr.,43,P,5.0,4,4,5,1,3,4,25,91,58,0,1,0,
2026,,2026-04-18,824206,home,HOU,STL,676467,Colton Gordon,61,P,2.2,3,3,4,2,1,5,12,64,38,0,0,0,
2026,,2026-04-18,824206,home,HOU,STL,805123,AJ Blubaugh,69,P,1.1,0,0,1,0,0,2,5,16,10,0,0,0,
2026,,2026-04-18,823151,away,TEX,SEA,615698,Cal Quantrill,44,P,3.0,3,3,3,0,2,5,13,65,40,0,0,0,
2026,,2026-04-18,823151,away,TEX,SEA,543135,Nathan Eovaldi,17,P,5.0,4,2,8,1,1,3,25,95,66,0,1,0,
2026,,2026-04-18,823151,home,SEA,TEX,678606,Jose A. Ferrer,45,P,0.1,0,0,1,0,0,0,2,4,4,0,0,0,
2026,,2026-04-18,823151,home,SEA,TEX,677961,Cole Wilcox,43,P,0.2,2,2,3,0,2,1,7,26,16,0,0,0,
2026,,2026-04-18,823151,home,SEA,TEX,666374,Matt Brash,47,P,0.1,0,0,0,0,0,0,1,6,3,0,0,0,
2026,,2026-04-18,823151,home,SEA,TEX,669923,George Kirby,68,P,5.2,1,1,7,1,2,5,26,96,63,1,0,0,
2026,,2026-04-18,823151,home,SEA,TEX,662253,Andrés Muñoz,75,P,0.1,0,0,0,0,0,1,1,4,4,0,0,1,
2026,,2026-04-18,823151,home,SEA,TEX,642100,Gabe Speier,55,P,0.2,0,0,0,0,2,1,4,24,14,0,0,0,
2026,,2026-04-18,823151,home,SEA,TEX,660825,Eduard Bazardo,83,P,1.0,0,0,0,0,2,0,5,21,9,0,0,0,
2026,,2026-04-18,823474,away,ATL,PHI,669276,Dylan Lee,52,P,1.0,0,0,0,0,0,1,3,15,12,0,0,0,
2026,,2026-04-18,823474,away,ATL,PHI,663158,Robert Suarez,75,P,1.0,0,0,0,0,0,2,3,14,9,0,0,1,
2026,,2026-04-18,823474,away,ATL,PHI,519242,Chris Sale,51,P,7.0,1,1,5,1,1,7,26,101,73,1,0,0,
2026,,2026-04-18,823474,home,PHI,ATL,621237,José Alvarado,46,P,1.0,0,0,1,0,0,1,4,14,11,0,0,0,
2026,,2026-04-18,823474,home,PHI,ATL,650911,Cristopher Sánchez,61,P,6.0,3,0,8,0,1,8,28,93,59,0,1,0,
2026,,2026-04-18,823474,home,PHI,ATL,621383,Tanner Banks,58,P,1.0,0,0,1,0,2,2,6,29,17,0,0,0,
2026,,2026-04-18,823474,home,PHI,ATL,641745,Brad Keller,40,P,1.0,0,0,0,0,1,1,3,21,11,0,0,0,
2026,,2026-04-18,824372,away,LAD,COL,681911,Alex Vesia,51,P,1.0,0,0,0,0,0,1,3,15,9,0,0,0,
2026,,2026-04-18,824372,away,LAD,COL,683618,Edgardo Henriquez,60,P,1.0,0,0,0,0,0,2,3,12,9,0,0,0,
2026,,2026-04-18,824372,away,LAD,COL,694361,Will Klein,61,P,1.0,2,2,3,0,0,0,6,23,14,0,1,0,
2026,,2026-04-18,824372,away,LAD,COL,686218,Emmet Sheehan,80,P,5.0,2,2,4,0,2,4,21,77,48,0,0,0,
2026,,2026-04-18,824372,home,COL,LAD,663372,Ryan Feltner,18,P,5.2,3,2,5,2,1,5,23,87,51,0,0,0,
2026,,2026-04-18,824372,home,COL,LAD,680767,Victor Vodnik,38,P,1.0,0,0,2,0,0,0,5,15,10,0,0,1,
2026,,2026-04-18,824372,home,COL,LAD,657514,Brennan Bernardino,83,P,1.1,0,0,0,0,0,2,4,14,10,1,0,0,
2026,,2026-04-18,824372,home,COL,LAD,677955,Jaden Hill,0,P,1.0,0,0,1,0,1,1,6,22,16,0,0,0,
2026,,2026-04-18,825098,away,TOR,ARI,656546,Jeff Hoffman,23,P,1.0,4,4,3,1,1,2,7,26,13,0,1,0,
2026,,2026-04-18,825098,away,TOR,ARI,453286,Max Scherzer,31,P,6.0,2,2,5,0,1,1,22,74,50,0,0,0,
2026,,2026-04-18,825098,away,TOR,ARI,643511,Tyler Rogers,71,P,1.0,0,0,0,0,0,0,3,9,6,0,0,0,
2026,,2026-04-18,825098,home,ARI,TOR,666661,Juan Morillo,62,P,1.1,0,0,1,0,0,2,5,20,14,1,0,0,
2026,,2026-04-18,825098,home,ARI,TOR,656464,Kevin Ginkel,37,P,1.0,0,0,1,0,0,2,4,10,9,0,0,0,
2026,,2026-04-18,825098,home,ARI,TOR,668678,Zac Gallen,23,P,5.2,2,2,9,0,0,3,25,88,63,0,0,0,
2026,,2026-04-18,825098,home,ARI,TOR,657044,Ryan Thompson,81,P,1.0,0,0,1,0,0,0,4,11,9,0,0,0,
2026,,2026-04-18,824049,away,SDP,LAA,695243,Mason Miller,22,P,1.0,0,0,1,0,1,2,5,20,14,0,0,1,
2026,,2026-04-18,824049,away,SDP,LAA,592094,Jason Adam,40,P,1.0,1,1,3,0,0,1,6,30,21,0,0,0,
2026,,2026-04-18,824049,away,SDP,LAA,608566,Germán Márquez,33,P,5.2,0,0,2,0,2,5,20,88,56,0,0,0,
2026,,2026-04-18,824049,away,SDP,LAA,670970,Adrian Morejon,50,P,1.1,0,0,0,0,1,2,5,22,13,1,0,0,
2026,,2026-04-18,824049,home,LAA,SDP,680704,Nick Sandlin,52,P,1.2,2,2,2,0,2,2,9,35,22,0,0,0,
2026,,2026-04-18,824049,home,LAA,SDP,666171,Ryan Zeferjahn,56,P,1.0,2,2,3,0,2,0,7,23,9,0,1,0,
2026,,2026-04-18,824049,home,LAA,SDP,641312,Shaun Anderson,64,P,0.1,0,0,0,0,0,0,1,2,1,0,0,0,
2026,,2026-04-18,824049,home,LAA,SDP,579328,Yusei Kikuchi,16,P,6.0,0,0,4,0,1,8,22,86,56,0,0,0,
2026,,2026-04-19,822750,away,SFG,WSN,664141,JT Brubaker,34,P,1.0,0,0,0,0,0,0,3,12,6,0,0,0,
2026,,2026-04-19,822750,away,SFG,WSN,676775,Keaton Winn,67,P,1.0,0,0,0,0,0,1,3,16,12,0,0,0,
2026,,2026-04-19,822750,away,SFG,WSN,592662,Robbie Ray,38,P,6.0,3,3,7,1,1,7,26,93,64,0,1,0,
2026,,2026-04-19,822750,home,WSN,SFG,571945,Miles Mikolas,36,P,4.0,0,0,4,0,1,4,17,61,40,0,0,0,
2026,,2026-04-19,822750,home,WSN,SFG,676571,PJ Poulin,50,P,0.2,0,0,1,0,0,0,4,16,12,0,0,0,
2026,,2026-04-19,822750,home,WSN,SFG,674841,Andrew Alvarez,,P,4.1,0,0,4,0,0,5,16,62,44,1,0,0,
2026,,2026-04-19,823393,away,TBR,PIT,663556,Shane McClanahan,18,P,4.1,4,4,8,0,0,5,21,90,65,0,1,0,
2026,,2026-04-19,823393,away,TBR,PIT,669438,Mason Englert,59,P,2.1,1,1,2,1,1,3,10,38,24,0,0,0,
2026,,2026-04-19,823393,away,TBR,PIT,693855,Ian Seymour,61,P,1.1,1,1,2,1,0,1,6,22,15,0,0,0,
2026,,2026-04-19,823393,home,PIT,TBR,656605,Mitch Keller,23,P,7.0,2,2,5,0,0,5,25,89,58,1,0,0,
2026,,2026-04-19,823393,home,PIT,TBR,676755,Isaac Mattson,72,P,1.0,0,0,0,0,0,1,3,8,6,0,0,0,
2026,,2026-04-19,823393,home,PIT,TBR,696062,Wilber Dotel,66,P,1.0,1,1,1,1,0,1,4,12,9,0,0,0,
2026,,2026-04-19,823556,away,KCR,NYY,666142,Cole Ragans,55,P,4.1,7,7,4,3,8,6,25,97,49,0,1,0,
2026,,2026-04-19,823556,away,KCR,NYY,669212,Eli Morgan,34,P,1.0,0,0,0,0,1,1,4,15,9,0,0,0,
2026,,2026-04-19,823556,away,KCR,NYY,696131,Mason Black,47,P,1.2,0,0,3,0,1,2,9,38,22,0,0,0,
2026,,2026-04-19,823556,away,KCR,NYY,670167,John Schreiber,46,P,1.0,0,0,0,0,0,0,3,5,5,0,0,0,
2026,,2026-04-19,823556,home,NYY,KCR,677960,Ryan Weathers,40,P,7.1,0,0,5,0,1,8,26,95,66,1,0,0,
2026,,2026-04-19,823556,home,NYY,KCR,683409,Angel Chivilli,57,P,1.2,0,0,1,0,1,1,8,34,17,0,0,0,
2026,,2026-04-19,824452,away,BAL,CLE,669432,Trevor Rogers,28,P,5.0,6,5,6,2,2,5,24,95,68,0,1,0,
2026,,2026-04-19,824452,away,BAL,CLE,669330,Tyler Wells,68,P,2.0,0,0,0,0,0,5,6,23,18,0,0,0,
2026,,2026-04-19,824452,away,BAL,CLE,671382,Cameron Foster,65,P,1.0,2,2,2,0,2,2,7,33,19,0,0,0,
2026,,2026-04-19,824452,home,CLE,BAL,542888,Shawn Armstrong,43,P,1.0,0,0,0,0,0,1,3,11,8,0,0,0,
2026,,2026-04-19,824452,home,CLE,BAL,670036,Matt Festa,52,P,0.1,0,0,0,0,0,0,3,9,6,1,0,0,
2026,,2026-04-19,824452,home,CLE,BAL,688883,Peyton Pallette,41,P,2.0,0,0,0,0,0,2,6,30,19,0,0,0,
2026,,2026-04-19,824452,home,CLE,BAL,676282,Joey Cantillo,54,P,4.2,4,3,5,1,3,6,22,89,44,0,0,0,
2026,,2026-04-19,824452,home,CLE,BAL,681870,Erik Sabrowski,62,P,1.0,0,0,0,0,1,3,4,17,11,0,0,0,
2026,,2026-04-19,823881,away,MIL,MIA,692230,Carlos Rodriguez,27,P,2.0,0,0,2,0,0,3,8,32,21,0,0,0,
2026,,2026-04-19,823881,away,MIL,MIA,681982,Grant Anderson,56,P,0.2,0,0,0,0,0,0,2,6,4,0,0,0,
2026,,2026-04-19,823881,away,MIL,MIA,694819,Jacob Misiorowski,32,P,5.0,3,1,4,0,3,9,23,97,61,0,1,0,
2026,,2026-04-19,823881,away,MIL,MIA,669084,DL Hall,37,P,0.1,2,2,2,0,2,1,5,19,9,0,0,0,
2026,,2026-04-19,823881,home,MIA,MIL,664126,Pete Fairbanks,29,P,1.0,0,0,0,0,0,2,3,13,10,0,0,1,
2026,,2026-04-19,823881,home,MIA,MIL,676534,Calvin Faucher,53,P,0.1,0,0,0,0,0,0,1,2,2,0,0,0,
2026,,2026-04-19,823881,home,MIA,MIL,656848,Michael Petersen,49,P,1.2,1,1,1,0,0,1,6,23,16,0,0,0,
2026,,2026-04-19,823881,home,MIA,MIL,677053,Andrew Nardi,43,P,0.0,1,1,1,0,2,0,3,15,5,0,0,0,
2026,,2026-04-19,823881,home,MIA,MIL,691587,Eury Pérez,39,P,6.0,1,0,3,0,1,7,21,84,58,1,0,0,
2026,,2026-04-19,824205,away,STL,HOU,700669,Gordon Graceffo,44,P,0.1,0,0,1,0,0,0,2,7,4,0,0,1,
2026,,2026-04-19,824205,away,STL,HOU,668941,JoJo Romero,59,P,0.2,3,3,2,1,1,0,5,25,16,0,0,0,
2026,,2026-04-19,824205,away,STL,HOU,677865,Justin Bruihl,47,P,0.2,1,0,1,0,0,0,3,16,11,0,0,0,
2026,,2026-04-19,824205,away,STL,HOU,676617,Riley O'Brien,61,P,1.1,0,0,1,0,0,2,4,19,12,1,0,0,
2026,,2026-04-19,824205,away,STL,HOU,669461,Matthew Liberatore,32,P,6.0,1,1,3,0,2,4,23,82,50,0,0,0,
2026,,2026-04-19,824205,away,STL,HOU,592773,Ryne Stanek,55,P,1.0,0,0,0,0,0,0,3,10,7,0,0,0,
2026,,2026-04-19,824205,home,HOU,STL,678906,Kai-Wei Teng,17,P,2.0,0,0,1,0,1,3,8,35,23,0,0,0,
2026,,2026-04-19,824205,home,HOU,STL,660853,Enyel De Los Santos,65,P,1.0,0,0,1,0,0,1,4,19,14,0,0,0,
2026,,2026-04-19,824205,home,HOU,STL,595345,Steven Okert,48,P,0.1,0,0,1,0,0,1,2,9,7,0,0,0,
2026,,2026-04-19,824205,home,HOU,STL,681347,Mike Burrows,50,P,4.2,4,4,3,0,2,7,19,87,56,0,0,0,
2026,,2026-04-19,824205,home,HOU,STL,687911,Bryan King,74,P,2.0,3,1,2,0,0,1,11,40,27,0,1,0,
2026,,2026-04-19,823718,away,CIN,MIN,641941,Emilio Pagán,15,P,1.0,1,1,2,0,0,0,5,16,11,1,0,0,
2026,,2026-04-19,823718,away,CIN,MIN,663903,Brady Singer,51,P,6.0,3,3,5,0,4,2,26,104,65,0,0,0,
2026,,2026-04-19,823718,away,CIN,MIN,693312,Kyle Nicolas,62,P,1.0,0,0,2,0,0,1,5,19,12,0,0,0,
2026,,2026-04-19,823718,away,CIN,MIN,683175,Connor Phillips,34,P,1.0,0,0,0,0,1,1,4,16,10,0,0,0,
2026,,2026-04-19,823718,away,CIN,MIN,668933,Graham Ashcraft,23,P,1.0,0,0,0,0,1,1,4,21,12,0,0,1,
2026,,2026-04-19,823718,home,MIN,CIN,573124,Taylor Rogers,55,P,0.2,0,0,0,0,0,0,2,8,4,0,0,0,
2026,,2026-04-19,823718,home,MIN,CIN,641927,Bailey Ober,17,P,6.1,1,0,3,0,4,10,26,102,61,0,0,0,
2026,,2026-04-19,823718,home,MIN,CIN,670183,Garrett Acton,50,P,1.2,3,0,1,0,1,2,8,29,18,0,1,0,
2026,,2026-04-19,823718,home,MIN,CIN,702193,Andrew Morris,78,P,1.1,3,3,3,0,2,2,9,47,27,0,0,0,
2026,,2026-04-19,824691,away,NYM,CHC,668964,Tobias Myers,32,P,2.0,0,0,1,0,1,2,7,28,16,0,0,0,
2026,,2026-04-19,824691,away,NYM,CHC,623211,Huascar Brazobán,43,P,0.1,0,0,0,0,2,1,3,13,5,0,0,0,
2026,,2026-04-19,824691,away,NYM,CHC,596133,Luke Weaver,30,P,1.1,0,0,0,0,0,0,4,13,9,0,0,0,
2026,,2026-04-19,824691,away,NYM,CHC,642207,Devin Williams,38,P,1.0,1,1,2,0,0,3,5,20,15,0,0,0,
2026,,2026-04-19,824691,away,NYM,CHC,656849,David Peterson,23,P,3.2,0,0,3,0,0,1,13,47,26,0,0,0,
2026,,2026-04-19,824691,away,NYM,CHC,518886,Craig Kimbrel,46,P,0.2,1,0,0,0,0,1,2,8,5,0,1,0,
2026,,2026-04-19,824691,away,NYM,CHC,548384,Brooks Raley,25,P,0.2,0,0,1,0,0,0,3,12,7,0,0,0,
2026,,2026-04-19,824691,home,CHC,NYM,702303,Riley Martin,51,P,1.0,0,0,1,0,0,2,4,14,10,0,0,0,
2026,,2026-04-19,824691,home,CHC,NYM,573204,Caleb Thielbar,24,P,1.0,0,0,1,0,0,1,4,16,10,1,0,0,
2026,,2026-04-19,824691,home,CHC,NYM,665871,Javier Assad,72,P,5.2,1,1,3,1,0,3,20,82,49,0,0,0,
2026,,2026-04-19,824691,home,CHC,NYM,657097,Jacob Webb,71,P,1.1,0,0,0,0,0,2,4,21,14,0,0,0,
2026,,2026-04-19,824691,home,CHC,NYM,656686,Corbin Martin,38,P,1.0,0,0,1,0,0,1,4,11,8,0,0,0,
2026,,2026-04-19,824371,away,LAD,COL,681911,Alex Vesia,51,P,0.1,0,0,0,0,0,0,1,5,3,0,0,0,
2026,,2026-04-19,824371,away,LAD,COL,669165,Kyle Hurt,63,P,1.0,0,0,0,0,0,1,3,8,7,0,0,0,
2026,,2026-04-19,824371,away,LAD,COL,694361,Will Klein,61,P,1.0,0,0,1,0,0,1,4,21,12,0,0,0,
2026,,2026-04-19,824371,away,LAD,COL,621242,Edwin Díaz,3,P,0.0,3,3,3,0,1,0,4,13,5,0,0,0,
2026,,2026-04-19,824371,away,LAD,COL,676263,Jack Dreyer,86,P,1.0,0,0,0,0,0,1,2,9,6,0,0,0,
2026,,2026-04-19,824371,away,LAD,COL,595014,Blake Treinen,49,P,0.0,3,3,4,1,0,0,4,14,11,0,1,0,
2026,,2026-04-19,824371,away,LAD,COL,808963,Roki Sasaki,11,P,4.2,3,3,7,1,2,2,22,78,43,0,0,0,
2026,,2026-04-19,824371,home,COL,LAD,680767,Victor Vodnik,38,P,1.0,2,2,3,0,1,1,7,34,16,0,0,0,
2026,,2026-04-19,824371,home,COL,LAD,623474,Jimmy Herget,44,P,1.0,0,0,2,0,0,1,5,20,14,0,0,0,
2026,,2026-04-19,824371,home,COL,LAD,547179,Michael Lorenzen,24,P,5.0,3,3,7,0,1,3,22,88,53,0,0,0,
2026,,2026-04-19,824371,home,COL,LAD,622608,Antonio Senzatela,49,P,2.0,1,1,3,0,0,2,9,31,24,1,0,0,
2026,,2026-04-19,825018,away,CHW,ATH,691799,Grant Taylor,31,P,1.2,3,3,3,0,1,3,9,39,26,0,0,0,
2026,,2026-04-19,825018,away,CHW,ATH,622554,Seranthony Domínguez,58,P,1.0,0,0,0,0,1,1,5,19,11,0,0,1,
2026,,2026-04-19,825018,away,CHW,ATH,702273,Noah Schultz,22,P,5.0,1,1,1,1,1,6,18,82,49,1,0,0,
2026,,2026-04-19,825018,away,CHW,ATH,673929,Jordan Leasure,49,P,0.1,0,0,0,0,0,0,1,11,8,0,0,0,
2026,,2026-04-19,825018,away,CHW,ATH,663542,Bryan Hudson,60,P,1.0,0,0,1,0,0,1,4,17,13,0,0,0,
2026,,2026-04-19,825018,home,ATH,CHW,686930,Mason Barnett,63,P,2.0,0,0,1,0,2,1,9,43,21,0,0,0,
2026,,2026-04-19,825018,home,ATH,CHW,605130,Scott Barlow,58,P,1.0,0,0,0,0,0,2,4,15,8,0,0,0,
2026,,2026-04-19,825018,home,ATH,CHW,665622,Luis Medina,46,P,1.0,0,0,0,0,0,1,3,8,6,0,0,0,
2026,,2026-04-19,825018,home,ATH,CHW,605488,Jeffrey Springs,59,P,5.0,7,7,9,4,1,7,25,85,58,0,1,0,
2026,,2026-04-19,824047,away,SDP,LAA,650633,Michael King,34,P,5.0,0,0,1,0,4,6,19,105,63,1,0,0,
2026,,2026-04-19,824047,away,SDP,LAA,695243,Mason Miller,22,P,1.0,0,0,0,0,0,2,3,13,8,0,0,1,
2026,,2026-04-19,824047,away,SDP,LAA,699134,Bradgley Rodriguez,72,P,1.2,0,0,0,0,1,2,6,24,15,0,0,0,
2026,,2026-04-19,824047,away,SDP,LAA,606996,Kyle Hart,68,P,0.1,1,1,1,0,0,0,3,10,7,0,0,0,
2026,,2026-04-19,824047,away,SDP,LAA,676760,Ron Marinaccio,97,P,1.0,0,0,0,0,2,1,5,26,12,0,0,0,
2026,,2026-04-19,824047,home,LAA,SDP,696147,Sam Bachman,40,P,2.0,0,0,1,0,0,3,7,27,18,0,0,0,
2026,,2026-04-19,824047,home,LAA,SDP,700712,Walbert Urena,57,P,6.0,2,2,4,0,2,8,24,92,56,0,1,0,
2026,,2026-04-19,824047,home,LAA,SDP,608718,Brent Suter,37,P,1.0,0,0,0,0,1,0,3,12,7,0,0,0,
2026,,2026-04-19,823150,away,TEX,SEA,641302,Tyler Alexander,13,P,1.0,0,0,0,0,0,1,3,12,9,0,0,0,
2026,,2026-04-19,823150,away,TEX,SEA,656222,Jalen Beeks,68,P,0.2,0,0,1,0,0,1,3,15,8,0,0,0,
2026,,2026-04-19,823150,away,TEX,SEA,669022,MacKenzie Gore,1,P,5.0,5,5,7,3,1,5,23,90,61,0,1,0,
2026,,2026-04-19,823150,away,TEX,SEA,686560,Gavin Collyer,65,P,0.1,0,0,0,0,1,0,2,7,3,0,0,0,
2026,,2026-04-19,823150,away,TEX,SEA,596001,Jakob Junis,16,P,1.0,0,0,0,0,2,0,6,21,9,0,0,0,
2026,,2026-04-19,823150,home,SEA,TEX,693433,Bryan Woo,22,P,7.0,2,2,4,0,1,6,26,85,54,1,0,0,
2026,,2026-04-19,823150,home,SEA,TEX,662253,Andrés Muñoz,75,P,1.0,0,0,0,0,0,3,4,17,12,0,0,1,
2026,,2026-04-19,823150,home,SEA,TEX,642100,Gabe Speier,55,P,1.0,0,0,1,0,0,2,4,18,13,0,0,0,
2026,,2026-04-19,825100,away,TOR,ARI,667297,Tommy Nance,45,P,1.0,0,0,0,0,0,0,3,8,7,0,0,0,
2026,,2026-04-19,825100,away,TOR,ARI,592332,Kevin Gausman,34,P,6.0,2,2,7,0,1,4,25,86,54,1,0,0,
2026,,2026-04-19,825100,away,TOR,ARI,689254,Mason Fluharty,68,P,1.0,2,2,2,1,0,1,5,18,12,0,0,0,
2026,,2026-04-19,825100,away,TOR,ARI,680755,Braydon Fisher,63,P,1.0,0,0,1,0,0,0,3,11,8,0,0,0,
2026,,2026-04-19,825100,home,ARI,TOR,694851,Andrew Hoffmann,56,P,2.1,1,1,2,1,1,3,9,33,20,0,0,0,
2026,,2026-04-19,825100,home,ARI,TOR,694297,Brandon Pfaadt,32,P,6.1,1,1,4,0,2,3,24,84,55,0,0,0,
2026,,2026-04-19,825100,home,ARI,TOR,669194,Ryne Nelson,19,P,0.1,8,8,8,0,1,1,10,30,19,0,1,0,
2026,,2026-04-19,824777,away,DET,BOS,664285,Framber Valdez,59,P,6.0,1,1,3,1,2,7,23,98,70,1,0,0,
2026,,2026-04-19,824777,away,DET,BOS,640448,Kyle Finnegan,67,P,1.0,0,0,1,0,0,1,4,19,12,0,0,0,
2026,,2026-04-19,824777,away,DET,BOS,657756,Connor Seabold,43,P,1.0,1,1,2,0,0,2,5,15,13,0,0,0,
2026,,2026-04-19,824777,away,DET,BOS,676684,Will Vest,19,P,1.0,0,0,0,0,1,0,3,19,12,0,0,0,
2026,,2026-04-19,824777,home,BOS,DET,676979,Garrett Crochet,35,P,5.0,5,5,7,2,2,8,24,93,62,0,1,0,
2026,,2026-04-19,824777,home,BOS,DET,681252,Jack Anderson,77,P,3.0,1,1,3,0,1,0,11,41,28,0,0,0,
2026,,2026-04-19,824777,home,BOS,DET,670245,Ryan Watson,56,P,1.0,0,0,2,0,0,0,5,16,11,0,0,0,
2026,,2026-04-19,823475,away,ATL,PHI,669276,Dylan Lee,52,P,1.0,0,0,0,0,1,0,4,16,12,0,0,0,
2026,,2026-04-19,823475,away,ATL,PHI,663158,Robert Suarez,75,P,1.0,0,0,0,0,0,1,3,14,11,0,0,0,
2026,,2026-04-19,823475,away,ATL,PHI,641755,Tyler Kinley,45,P,1.0,0,0,0,0,1,1,5,18,10,1,0,0,
2026,,2026-04-19,823475,away,ATL,PHI,607481,Aaron Bummer,49,P,0.1,0,0,1,0,0,0,2,5,5,0,0,0,
2026,,2026-04-19,823475,away,ATL,PHI,628452,Raisel Iglesias,26,P,1.0,0,0,1,0,1,1,5,21,13,0,0,1,
2026,,2026-04-19,823475,away,ATL,PHI,656550,Grant Holmes,66,P,4.2,2,2,4,1,1,4,19,81,50,0,0,0,
2026,,2026-04-19,823475,home,PHI,ATL,686751,Seth Johnson,51,P,1.0,0,0,0,0,0,1,3,8,7,0,0,0,
2026,,2026-04-19,823475,home,PHI,ATL,689147,Orion Kerkering,50,P,1.0,0,0,0,0,1,0,4,13,7,0,0,0,
2026,,2026-04-19,823475,home,PHI,ATL,663767,Chase Shugart,55,P,0.2,0,0,1,0,1,1,4,20,12,0,0,0,
2026,,2026-04-19,823475,home,PHI,ATL,641835,Tim Mayza,37,P,1.0,1,1,2,0,1,2,6,26,16,0,0,0,
2026,,2026-04-19,823475,home,PHI,ATL,691725,Andrew Painter,24,P,4.0,3,3,5,1,1,4,19,84,53,0,1,0,
2026,,2026-04-19,823475,home,PHI,ATL,679775,Kyle Backhus,19,P,1.1,0,0,0,0,0,1,4,14,8,0,0,0,
2026,,2026-04-20,824776,away,DET,BOS,676428,Brant Hurter,48,P,2.2,1,1,2,0,0,2,10,41,25,0,0,0,
2026,,2026-04-20,824776,away,DET,BOS,623454,Drew Anderson,38,P,1.1,2,2,3,0,0,1,7,21,15,0,0,0,
2026,,2026-04-20,824776,away,DET,BOS,663947,Tyler Holton,87,P,0.2,3,3,4,0,2,1,7,26,14,0,1,0,
2026,,2026-04-20,824776,away,DET,BOS,656427,Jack Flaherty,9,P,3.1,2,0,3,0,6,3,20,73,41,0,0,0,
2026,,2026-04-20,824776,home,BOS,DET,669711,Greg Weissert,57,P,1.0,0,0,0,0,0,3,3,10,9,0,0,0,
2026,,2026-04-20,824776,home,BOS,DET,677161,Zack Kelly,76,P,1.2,0,0,1,0,0,1,6,27,16,0,0,0,
2026,,2026-04-20,824776,home,BOS,DET,676477,Garrett Whitlock,22,P,1.0,0,0,0,0,0,0,3,12,9,1,0,0,
2026,,2026-04-20,824776,home,BOS,DET,543243,Sonny Gray,54,P,2.2,1,1,3,0,1,2,11,40,27,0,0,0,
2026,,2026-04-20,824776,home,BOS,DET,663558,Jovani Morán,47,P,0.0,1,1,1,0,2,0,3,14,6,0,0,0,
2026,,2026-04-20,824776,home,BOS,DET,543056,Danny Coulombe,67,P,0.2,1,1,0,0,1,0,4,15,6,0,0,0,
2026,,2026-04-20,824776,home,BOS,DET,547973,Aroldis Chapman,44,P,0.2,0,0,1,0,0,1,3,13,11,0,0,1,
2026,,2026-04-20,824776,home,BOS,DET,670245,Ryan Watson,56,P,1.1,3,3,4,0,0,0,8,29,19,0,0,0,
2026,,2026-04-20,824450,away,HOU,CLE,595345,Steven Okert,48,P,1.0,0,0,1,0,0,0,4,15,10,0,0,0,
2026,,2026-04-20,824450,away,HOU,CLE,805123,AJ Blubaugh,69,P,1.0,0,0,0,0,1,1,4,15,8,0,0,0,
2026,,2026-04-20,824450,away,HOU,CLE,681151,Jayden Murray,70,P,2.0,0,0,2,0,1,2,8,39,24,0,0,0,
2026,,2026-04-20,824450,away,HOU,CLE,681293,Spencer Arrighetti,41,P,5.0,2,2,5,0,4,3,25,96,56,1,0,0,
2026,,2026-04-20,824450,home,CLE,HOU,641401,Connor Brogdon,75,P,1.0,1,1,1,1,0,1,4,19,11,0,0,0,
2026,,2026-04-20,824450,home,CLE,HOU,677944,Slade Cecconi,44,P,5.0,7,6,10,2,2,2,27,94,58,0,1,0,
2026,,2026-04-20,824450,home,CLE,HOU,670036,Matt Festa,52,P,2.0,1,1,1,0,0,1,7,22,17,0,0,0,
2026,,2026-04-20,824450,home,CLE,HOU,682120,Tim Herrin,29,P,1.0,0,0,1,0,1,0,5,19,11,0,0,0,
2026,,2026-04-20,822994,away,CIN,TBR,572955,Pierce Johnson,52,P,1.0,0,0,0,0,1,0,4,16,8,0,0,0,
2026,,2026-04-20,822994,away,CIN,TBR,695076,Rhett Lowder,25,P,6.0,1,1,5,0,2,3,24,93,58,1,0,0,
2026,,2026-04-20,822994,away,CIN,TBR,683175,Connor Phillips,34,P,1.0,0,0,1,0,2,0,6,19,10,0,0,0,
2026,,2026-04-20,822994,away,CIN,TBR,656271,Brock Burke,49,P,1.0,0,0,0,0,0,2,3,14,10,0,0,0,
2026,,2026-04-20,822994,home,TBR,CIN,642121,Cole Sulser,71,P,1.0,0,0,0,0,0,0,3,7,5,0,0,0,
2026,,2026-04-20,822994,home,TBR,CIN,694680,Trevor Martin,70,P,2.1,1,1,2,0,0,2,9,33,19,0,0,0,
2026,,2026-04-20,822994,home,TBR,CIN,669947,Jesse Scholtens,65,P,5.2,5,5,8,1,0,6,26,95,61,0,1,0,
2026,,2026-04-20,823879,away,STL,MIA,700241,Michael McGreevy,36,P,5.2,4,4,5,1,2,3,23,80,45,0,1,0,
2026,,2026-04-20,823879,away,STL,MIA,694335,Matt Svanson,49,P,1.1,0,0,0,0,2,0,6,25,12,0,0,0,
2026,,2026-04-20,823879,away,STL,MIA,681676,Ryan Fernandez,64,P,1.0,1,1,1,0,2,1,5,20,8,0,0,0,
2026,,2026-04-20,823879,home,MIA,STL,664126,Pete Fairbanks,29,P,1.0,1,1,1,0,0,2,4,19,14,0,0,1,
2026,,2026-04-20,823879,home,MIA,STL,676534,Calvin Faucher,53,P,0.2,0,0,1,0,0,1,3,7,6,1,0,0,
2026,,2026-04-20,823879,home,MIA,STL,676974,Max Meyer,23,P,5.1,2,2,3,0,2,8,23,91,59,0,0,0,
2026,,2026-04-20,823879,home,MIA,STL,669622,Anthony Bender,37,P,0.2,0,0,0,0,0,2,2,9,7,0,0,0,
2026,,2026-04-20,823879,home,MIA,STL,677053,Andrew Nardi,43,P,1.1,0,0,0,0,0,0,4,21,11,0,0,0,
2026,,2026-04-20,822749,away,ATL,WSN,606303,Joel Payamps,34,P,1.0,0,0,0,0,0,1,3,10,8,0,0,0,
2026,,2026-04-20,822749,away,ATL,WSN,641755,Tyler Kinley,45,P,1.0,0,0,0,0,0,2,3,15,11,0,0,0,
2026,,2026-04-20,822749,away,ATL,WSN,607481,Aaron Bummer,49,P,0.1,0,0,0,0,0,0,1,3,2,0,0,0,
2026,,2026-04-20,822749,away,ATL,WSN,693821,Bryce Elder,55,P,6.2,4,3,3,1,2,6,27,98,57,1,0,0,
2026,,2026-04-20,822749,home,WSN,ATL,676571,PJ Poulin,50,P,0.1,2,2,1,0,1,0,3,11,6,0,0,0,
2026,,2026-04-20,822749,home,WSN,ATL,695418,Brad Lord,41,P,2.2,1,1,2,0,0,1,11,37,26,0,0,0,
2026,,2026-04-20,822749,home,WSN,ATL,663623,Jake Irvin,27,P,5.0,4,3,3,1,0,4,19,68,43,0,1,0,
2026,,2026-04-20,822749,home,WSN,ATL,642759,Julian Fernández,65,P,1.0,2,0,1,0,2,1,7,29,14,0,0,0,
2026,,2026-04-20,824125,away,BAL,KCR,689296,Anthony Nunez,66,P,2.0,1,0,1,0,1,1,7,25,15,1,0,0,
2026,,2026-04-20,824125,away,BAL,KCR,670329,Rico Garcia,50,P,1.0,0,0,0,0,1,1,4,16,10,0,0,0,
2026,,2026-04-20,824125,away,BAL,KCR,664854,Ryan Helsley,21,P,1.0,0,0,0,0,0,2,3,12,7,0,0,0,
2026,,2026-04-20,824125,away,BAL,KCR,664991,Grant Wolfram,48,P,0.2,0,0,1,0,0,1,4,17,8,0,0,0,
2026,,2026-04-20,824125,away,BAL,KCR,666974,Yennier Cano,78,P,1.0,0,0,0,0,0,0,3,17,11,0,0,0,
2026,,2026-04-20,824125,away,BAL,KCR,680694,Kyle Bradish,38,P,5.1,1,1,10,1,3,7,27,104,63,0,0,0,
2026,,2026-04-20,824125,away,BAL,KCR,671382,Cameron Foster,65,P,1.0,3,2,2,0,1,1,6,20,13,0,0,0,
2026,,2026-04-20,824125,home,KCR,BAL,668674,Lucas Erceg,60,P,1.0,1,1,1,0,3,0,6,32,17,0,0,0,
2026,,2026-04-20,824125,home,KCR,BAL,621381,Matt Strahm,25,P,1.0,0,0,0,0,0,3,3,20,14,0,0,0,
2026,,2026-04-20,824125,home,KCR,BAL,663738,Daniel Lynch IV,41,P,1.1,1,0,0,0,0,2,4,12,9,0,0,0,
2026,,2026-04-20,824125,home,KCR,BAL,607625,Seth Lugo,67,P,7.0,0,0,1,0,4,7,24,93,59,0,0,0,
2026,,2026-04-20,824125,home,KCR,BAL,656638,Alex Lange,56,P,1.0,5,4,3,1,1,2,7,31,19,0,1,0,
2026,,2026-04-20,824125,home,KCR,BAL,670167,John Schreiber,46,P,0.2,0,0,1,0,0,0,3,12,6,0,0,0,
2026,,2026-04-20,824692,away,PHI,CHC,686751,Seth Johnson,51,P,1.0,0,0,1,0,1,2,5,32,18,0,0,0,
2026,,2026-04-20,824692,away,PHI,CHC,663767,Chase Shugart,55,P,2.0,0,0,1,0,0,2,7,28,17,0,0,0,
2026,,2026-04-20,824692,away,PHI,CHC,605400,Aaron Nola,27,P,4.1,5,5,6,1,4,5,22,88,46,0,1,0,
2026,,2026-04-20,824692,away,PHI,CHC,679775,Kyle Backhus,19,P,0.2,0,0,0,0,0,1,2,5,5,0,0,0,
2026,,2026-04-20,824692,home,CHC,PHI,571948,Hoby Milner,41,P,1.1,0,0,0,0,2,0,6,26,13,0,0,0,
2026,,2026-04-20,824692,home,CHC,PHI,656686,Corbin Martin,38,P,1.0,0,0,0,0,1,0,4,18,12,0,0,0,
2026,,2026-04-20,824692,home,CHC,PHI,607067,Colin Rea,53,P,6.2,1,1,6,0,2,5,28,92,62,1,0,0,
2026,,2026-04-20,824370,away,LAD,COL,683618,Edgardo Henriquez,60,P,1.0,1,1,2,1,0,2,5,14,11,0,0,0,
2026,,2026-04-20,824370,away,LAD,COL,671109,Jake Eder,56,P,1.0,1,1,1,0,1,0,5,26,14,0,0,0,
2026,,2026-04-20,824370,away,LAD,COL,680736,Justin Wrobleski,70,P,7.0,1,1,8,0,0,3,29,97,72,1,0,0,
2026,,2026-04-20,824370,home,COL,LAD,500779,Jose Quintana,62,P,5.0,6,4,8,2,1,1,25,90,52,0,1,0,
2026,,2026-04-20,824370,home,COL,LAD,685299,Tanner Gordon,29,P,4.0,6,6,7,3,3,6,22,84,51,0,0,0,
2026,,2026-04-20,824046,away,TOR,LAA,686973,Louis Varland,77,P,1.1,0,0,0,0,0,3,4,20,14,0,0,0,
2026,,2026-04-20,824046,away,TOR,LAA,656546,Jeff Hoffman,23,P,1.0,0,0,1,0,0,3,4,17,12,0,0,1,
2026,,2026-04-20,824046,away,TOR,LAA,656302,Dylan Cease,84,P,5.0,2,2,5,0,2,12,22,110,69,1,0,0,
2026,,2026-04-20,824046,away,TOR,LAA,680755,Braydon Fisher,63,P,1.0,0,0,0,0,1,0,3,12,8,0,0,0,
2026,,2026-04-20,824046,away,TOR,LAA,643511,Tyler Rogers,71,P,0.2,0,0,0,0,0,0,3,9,7,0,0,0,
2026,,2026-04-20,824046,home,LAA,TOR,681217,Chase Silseth,63,P,1.0,0,0,1,0,0,1,4,12,8,0,0,0,
2026,,2026-04-20,824046,home,LAA,TOR,641312,Shaun Anderson,64,P,2.0,1,1,2,0,1,0,8,26,17,0,0,0,
2026,,2026-04-20,824046,home,LAA,TOR,672282,Reid Detmers,48,P,6.0,4,4,5,1,2,5,26,90,59,0,1,0,
2026,,2026-04-20,823149,away,ATH,SEA,669372,J.T. Ginn,35,P,5.1,3,3,6,2,1,6,23,92,56,0,0,0,
2026,,2026-04-20,823149,away,ATH,SEA,669270,Joel Kuhnel,47,P,1.0,1,1,2,0,0,0,5,10,8,0,0,1,
2026,,2026-04-20,823149,away,ATH,SEA,663687,Hogan Harris,36,P,1.2,0,0,0,0,0,2,5,25,18,1,0,0,
2026,,2026-04-20,823149,away,ATH,SEA,643410,Mark Leiter Jr.,38,P,1.0,0,0,2,0,0,1,5,19,13,0,0,0,
2026,,2026-04-20,823149,home,SEA,ATH,678606,Jose A. Ferrer,45,P,1.0,0,0,2,0,0,0,6,19,17,0,0,0,
2026,,2026-04-20,823149,home,SEA,ATH,668984,Casey Legumina,64,P,1.0,3,3,3,0,1,0,6,23,15,0,1,0,
2026,,2026-04-20,823149,home,SEA,ATH,666374,Matt Brash,47,P,1.0,0,0,0,0,1,1,4,15,8,0,0,0,
2026,,2026-04-20,823149,home,SEA,ATH,681867,Cooper Criswell,88,P,1.0,0,0,1,0,0,0,4,9,7,0,0,0,
2026,,2026-04-20,823149,home,SEA,ATH,676106,Emerson Hancock,26,P,5.0,3,3,7,3,0,3,20,85,58,0,0,0,
2026,,2026-04-21,824448,away,HOU,CLE,678906,Kai-Wei Teng,17,P,2.2,0,0,0,0,1,2,8,31,16,0,0,0,
2026,,2026-04-21,824448,away,HOU,CLE,680802,Ryan Weiss,51,P,3.1,2,2,5,1,4,4,19,86,48,0,0,0,
2026,,2026-04-21,824448,away,HOU,CLE,660853,Enyel De Los Santos,65,P,0.1,3,3,2,0,1,0,4,15,9,0,1,0,
2026,,2026-04-21,824448,away,HOU,CLE,687911,Bryan King,74,P,0.2,3,3,2,0,2,0,5,15,8,0,0,0,
2026,,2026-04-21,824448,away,HOU,CLE,676467,Colton Gordon,61,P,1.0,0,0,2,0,0,1,5,17,10,0,0,0,
2026,,2026-04-21,824448,home,CLE,HOU,542888,Shawn Armstrong,43,P,1.0,0,0,0,0,0,0,3,11,8,0,0,0,
2026,,2026-04-21,824448,home,CLE,HOU,641401,Connor Brogdon,75,P,0.1,1,0,1,0,0,0,3,11,6,0,0,0,
2026,,2026-04-21,824448,home,CLE,HOU,671922,Cade Smith,36,P,1.0,1,1,2,0,1,1,5,18,9,0,0,0,
2026,,2026-04-21,824448,home,CLE,HOU,688883,Peyton Pallette,41,P,1.0,0,0,0,0,1,0,4,21,10,1,0,0,
2026,,2026-04-21,824448,home,CLE,HOU,800048,Parker Messick,77,P,5.0,3,3,6,0,1,4,20,85,54,0,0,0,
2026,,2026-04-21,824448,home,CLE,HOU,682120,Tim Herrin,29,P,0.2,0,0,1,0,0,0,4,16,10,0,0,0,
2026,,2026-04-21,822995,away,CIN,TBR,572955,Pierce Johnson,52,P,1.0,0,0,1,0,0,2,4,17,11,0,0,0,
2026,,2026-04-21,822995,away,CIN,TBR,693312,Kyle Nicolas,62,P,1.0,4,4,1,0,5,2,9,42,17,0,0,0,
2026,,2026-04-21,822995,away,CIN,TBR,594580,Sam Moll,50,P,1.1,0,0,2,0,0,0,6,28,17,0,0,0,
2026,,2026-04-21,822995,away,CIN,TBR,695505,Chase Burns,26,P,5.2,2,2,4,1,2,8,23,97,63,1,0,0,
2026,,2026-04-21,822995,home,TBR,CIN,571927,Steven Matz,32,P,3.0,4,4,4,3,4,4,17,77,44,0,1,0,
2026,,2026-04-21,822995,home,TBR,CIN,693855,Ian Seymour,61,P,1.0,0,0,0,0,1,1,4,15,9,0,0,0,
2026,,2026-04-21,822995,home,TBR,CIN,643377,Griffin Jax,22,P,1.1,2,2,1,1,1,3,6,29,18,0,0,0,
2026,,2026-04-21,822995,home,TBR,CIN,685801,Hunter Bigge,43,P,0.2,3,3,2,0,2,1,7,33,16,0,0,0,
2026,,2026-04-21,822995,home,TBR,CIN,810938,Ben Williamson,15,P,1.0,1,1,1,1,0,0,4,7,5,0,0,0,
2026,,2026-04-21,822995,home,TBR,CIN,672782,Yoendrys Gómez,94,P,2.0,2,2,2,0,2,2,11,40,24,0,0,0,
2026,,2026-04-21,823880,away,STL,MIA,677865,Justin Bruihl,47,P,1.2,0,0,0,0,0,0,7,27,16,0,0,0,
2026,,2026-04-21,823880,away,STL,MIA,676617,Riley O'Brien,61,P,1.0,0,0,1,0,0,1,4,17,11,0,0,1,
2026,,2026-04-21,823880,away,STL,MIA,666277,George Soriano,65,P,0.1,0,0,0,0,0,1,1,6,5,0,0,0,
2026,,2026-04-21,823880,away,STL,MIA,592773,Ryne Stanek,55,P,0.2,2,2,1,0,3,2,6,32,15,0,0,0,
2026,,2026-04-21,823880,away,STL,MIA,669160,Dustin May,3,P,5.1,1,1,6,1,1,5,22,97,59,1,0,0,
2026,,2026-04-21,823880,home,MIA,STL,663969,Tyler Phillips,30,P,3.0,0,0,2,0,1,3,10,40,26,0,0,0,
2026,,2026-04-21,823880,home,MIA,STL,667463,John King,47,P,1.1,0,0,0,0,0,2,4,19,14,0,0,0,
2026,,2026-04-21,823880,home,MIA,STL,663978,Chris Paddack,33,P,4.2,5,5,8,1,1,7,24,90,60,0,1,0,
2026,,2026-04-21,824290,away,MIL,DET,681982,Grant Anderson,56,P,2.0,0,0,1,0,0,1,5,17,10,1,0,0,
2026,,2026-04-21,824290,away,MIL,DET,690986,Kyle Harrison,52,P,3.0,1,1,4,0,3,3,17,72,39,0,0,0,
2026,,2026-04-21,824290,away,MIL,DET,676879,Aaron Ashby,26,P,1.0,0,0,0,0,2,2,5,27,15,0,0,0,
2026,,2026-04-21,824290,away,MIL,DET,663765,Jake Woodford,41,P,2.0,3,3,4,0,0,2,11,42,26,0,0,0,
2026,,2026-04-21,824290,away,MIL,DET,656730,Trevor Megill,29,P,1.0,0,0,0,0,0,1,3,14,10,0,0,0,
2026,,2026-04-21,824290,home,DET,MIL,657756,Connor Seabold,43,P,1.0,2,2,2,0,0,0,6,22,14,0,0,0,
2026,,2026-04-21,824290,home,DET,MIL,672456,Keider Montero,54,P,5.2,3,3,5,0,1,3,22,88,55,0,1,0,
2026,,2026-04-21,824290,home,DET,MIL,668670,Jake Rogers,34,P,1.0,0,0,2,0,0,1,5,14,9,0,0,0,
2026,,2026-04-21,824290,home,DET,MIL,646241,Enmanuel De Jesus,37,P,1.1,7,5,7,0,2,1,13,49,29,0,0,0,
2026,,2026-04-21,822747,away,ATL,WSN,689266,Dylan Dodd,46,P,1.0,1,1,2,0,1,2,6,17,12,0,0,0,
2026,,2026-04-21,822747,away,ATL,WSN,660761,José Suarez,54,P,3.0,0,0,0,0,4,4,13,59,35,0,0,0,
2026,,2026-04-21,822747,away,ATL,WSN,606303,Joel Payamps,34,P,1.0,3,3,1,1,2,1,6,26,12,0,0,0,
2026,,2026-04-21,822747,away,ATL,WSN,641656,Ian Hamilton,71,P,1.0,3,3,2,0,2,1,7,31,18,0,0,0,
2026,,2026-04-21,822747,away,ATL,WSN,607481,Aaron Bummer,49,P,1.0,0,0,0,0,0,1,3,10,9,0,0,0,
2026,,2026-04-21,822747,away,ATL,WSN,625643,Reynaldo López,40,P,1.0,4,4,5,1,3,1,11,58,30,0,1,0,
2026,,2026-04-21,822747,home,WSN,ATL,690925,Clayton Beeter,,P,1.0,0,0,1,0,0,2,4,19,11,0,0,0,
2026,,2026-04-21,822747,home,WSN,ATL,672335,Cionel Pérez,51,P,1.0,1,1,1,0,2,0,6,25,12,0,0,0,
2026,,2026-04-21,822747,home,WSN,ATL,681402,Gus Varland,47,P,1.0,0,0,1,0,0,1,4,13,10,0,0,0,
2026,,2026-04-21,822747,home,WSN,ATL,656492,Foster Griffin,22,P,6.0,3,3,5,2,1,3,24,96,65,1,0,0,
2026,,2026-04-21,824773,away,NYY,BOS,657612,Tim Hill,41,P,1.0,0,0,0,0,0,0,3,10,7,0,0,0,
2026,,2026-04-21,824773,away,NYY,BOS,687396,Brent Headrick,47,P,0.2,0,0,1,0,0,1,3,13,11,0,0,0,
2026,,2026-04-21,824773,away,NYY,BOS,661563,Luis Gil,81,P,6.1,0,0,2,0,3,2,24,83,47,1,0,0,
2026,,2026-04-21,824773,away,NYY,BOS,670280,David Bednar,53,P,1.0,0,0,1,0,0,1,4,19,12,0,0,0,
2026,,2026-04-21,824773,home,BOS,NYY,813349,Connelly Early,71,P,5.1,3,3,5,1,3,4,23,92,53,0,1,0,
2026,,2026-04-21,824773,home,BOS,NYY,701719,Tyler Samaniego,78,P,1.2,0,0,1,0,1,3,6,20,12,0,0,0,
2026,,2026-04-21,824773,home,BOS,NYY,681252,Jack Anderson,77,P,2.0,1,1,4,0,0,2,10,31,23,0,0,0,
2026,,2026-04-21,823640,away,MIN,NYM,623437,Justin Topa,48,P,1.0,0,0,0,0,0,1,3,17,11,0,0,0,
2026,,2026-04-21,823640,away,MIN,NYM,680573,Simeon Woods Richardson,24,P,5.0,3,3,4,1,3,2,22,95,56,0,0,0,
2026,,2026-04-21,823640,away,MIN,NYM,607455,Anthony Banda,43,P,1.0,0,0,0,0,0,2,3,18,13,0,0,0,
2026,,2026-04-21,823640,away,MIN,NYM,663485,Cole Sands,44,P,2.0,0,0,0,0,0,3,6,23,17,1,0,0,
2026,,2026-04-21,823640,home,NYM,MIN,681810,Austin Warren,44,P,1.0,0,0,0,0,0,3,3,12,9,0,0,0,
2026,,2026-04-21,823640,home,NYM,MIN,623211,Huascar Brazobán,43,P,1.1,0,0,0,0,0,2,4,16,10,0,0,0,
2026,,2026-04-21,823640,home,NYM,MIN,642207,Devin Williams,38,P,0.0,2,2,1,0,3,0,5,21,9,0,1,0,
2026,,2026-04-21,823640,home,NYM,MIN,690997,Nolan McLean,26,P,6.2,3,3,5,1,0,10,25,99,63,0,0,0,
2026,,2026-04-21,824127,away,BAL,KCR,670329,Rico Garcia,50,P,1.0,1,1,1,1,0,2,4,18,13,0,0,0,
2026,,2026-04-21,824127,away,BAL,KCR,664854,Ryan Helsley,21,P,0.1,1,1,0,0,2,1,3,22,9,0,1,0,
2026,,2026-04-21,824127,away,BAL,KCR,664991,Grant Wolfram,48,P,0.2,0,0,1,0,0,0,3,12,8,0,0,0,
2026,,2026-04-21,824127,away,BAL,KCR,669358,Shane Baz,34,P,6.1,4,4,8,0,2,4,29,98,62,0,0,0,
2026,,2026-04-21,824127,home,KCR,BAL,668674,Lucas Erceg,60,P,1.0,0,0,0,0,1,0,3,14,6,1,0,0,
2026,,2026-04-21,824127,home,KCR,BAL,663460,Kris Bubic,50,P,6.0,3,3,5,1,3,3,24,100,66,0,0,0,
2026,,2026-04-21,824127,home,KCR,BAL,621381,Matt Strahm,25,P,1.0,2,2,3,1,1,1,7,31,22,0,0,0,
2026,,2026-04-21,824127,home,KCR,BAL,683232,Nick Mears,31,P,1.0,0,0,0,0,0,0,3,14,9,0,0,0,
2026,,2026-04-21,824690,away,PHI,CHC,666200,Jesús Luzardo,44,P,4.2,1,1,5,0,4,3,24,100,60,0,0,0,
2026,,2026-04-21,824690,away,PHI,CHC,621237,José Alvarado,46,P,0.1,1,1,2,0,1,1,5,23,13,0,0,0,
2026,,2026-04-21,824690,away,PHI,CHC,689147,Orion Kerkering,50,P,0.1,0,0,0,0,2,0,3,15,6,0,0,0,
2026,,2026-04-21,824690,away,PHI,CHC,641835,Tim Mayza,37,P,1.0,3,3,2,2,1,1,6,23,16,0,0,0,
2026,,2026-04-21,824690,away,PHI,CHC,621383,Tanner Banks,58,P,1.0,2,2,3,0,2,1,8,30,17,0,1,0,
2026,,2026-04-21,824690,away,PHI,CHC,641745,Brad Keller,40,P,0.2,0,0,0,0,0,0,2,3,3,0,0,0,
2026,,2026-04-21,824690,home,CHC,PHI,702303,Riley Martin,51,P,1.0,2,2,1,1,1,2,5,17,10,0,0,0,
2026,,2026-04-21,824690,home,CHC,PHI,573204,Caleb Thielbar,24,P,0.2,0,0,0,0,0,0,2,6,4,0,0,1,
2026,,2026-04-21,824690,home,CHC,PHI,684007,Shota Imanaga,18,P,7.0,1,1,3,1,1,1,26,87,52,1,0,0,
2026,,2026-04-21,824690,home,CHC,PHI,657097,Jacob Webb,71,P,0.1,1,0,2,0,0,0,4,7,7,0,0,0,
2026,,2026-04-21,822914,away,PIT,TEX,681895,Evan Sisk,48,P,1.0,0,0,1,0,0,2,4,20,13,0,0,0,
2026,,2026-04-21,822914,away,PIT,TEX,669387,Carmen Mlodzinski,50,P,4.1,5,5,6,0,2,6,21,93,58,0,1,0,
2026,,2026-04-21,822914,away,PIT,TEX,664875,Justin Lawrence,61,P,1.0,0,0,0,0,0,2,3,15,9,0,0,0,
2026,,2026-04-21,822914,away,PIT,TEX,696062,Wilber Dotel,66,P,1.2,0,0,1,0,3,0,9,33,13,0,0,0,
2026,,2026-04-21,822914,home,TEX,PIT,677958,Kumar Rocker,80,P,6.0,1,1,4,0,1,5,23,88,55,1,0,0,
2026,,2026-04-21,822914,home,TEX,PIT,656641,Jacob Latz,67,P,1.0,0,0,0,0,0,2,3,14,9,0,0,0,
2026,,2026-04-21,822914,home,TEX,PIT,596001,Jakob Junis,16,P,1.0,0,0,1,0,0,0,4,13,11,0,0,0,
2026,,2026-04-21,822914,home,TEX,PIT,668390,Cole Winn,60,P,1.0,0,0,1,0,0,2,4,12,9,0,0,0,
2026,,2026-04-21,824369,away,SDP,COL,592094,Jason Adam,40,P,1.0,0,0,0,0,0,1,3,12,10,0,0,0,
2026,,2026-04-21,824369,away,SDP,COL,670970,Adrian Morejon,50,P,1.0,0,0,0,0,0,2,3,8,7,0,0,1,
2026,,2026-04-21,824369,away,SDP,COL,681190,Randy Vásquez,98,P,7.0,0,0,3,0,0,5,24,84,56,1,0,0,
2026,,2026-04-21,824369,home,COL,SDP,623474,Jimmy Herget,44,P,1.0,0,0,0,0,0,3,3,14,10,0,0,0,
2026,,2026-04-21,824369,home,COL,SDP,801403,Chase Dollander,32,P,6.0,1,1,3,0,1,9,24,102,67,0,1,0,
2026,,2026-04-21,824369,home,COL,SDP,657514,Brennan Bernardino,83,P,1.0,0,0,2,0,0,2,5,21,13,0,0,0,
2026,,2026-04-21,824369,home,COL,SDP,675848,Juan Mejia,47,P,1.0,0,0,1,0,0,1,4,20,12,0,0,0,
2026,,2026-04-21,824045,away,TOR,LAA,693686,Spencer Miles,62,P,1.1,0,0,1,0,0,1,5,22,16,0,0,0,
2026,,2026-04-21,824045,away,TOR,LAA,686973,Louis Varland,77,P,0.2,0,0,0,0,0,0,1,1,1,0,0,1,
2026,,2026-04-21,824045,away,TOR,LAA,656546,Jeff Hoffman,23,P,0.1,1,1,2,0,0,1,5,18,12,0,0,0,
2026,,2026-04-21,824045,away,TOR,LAA,689254,Mason Fluharty,68,P,0.2,0,0,0,0,0,1,1,7,5,1,0,0,
2026,,2026-04-21,824045,away,TOR,LAA,643511,Tyler Rogers,71,P,1.0,0,0,0,0,0,0,3,12,10,0,0,0,
2026,,2026-04-21,824045,away,TOR,LAA,571578,Patrick Corbin,46,P,5.0,1,1,2,0,2,3,18,65,40,0,0,0,
2026,,2026-04-21,824045,home,LAA,TOR,680704,Nick Sandlin,52,P,1.0,0,0,0,0,0,1,3,9,7,0,0,0,
2026,,2026-04-21,824045,home,LAA,TOR,686799,Jack Kochanowicz,41,P,5.2,1,1,5,0,2,1,23,88,56,0,0,0,
2026,,2026-04-21,824045,home,LAA,TOR,519141,Drew Pomeranz,13,P,1.0,3,3,3,0,1,1,7,18,13,0,1,0,
2026,,2026-04-21,824045,home,LAA,TOR,696147,Sam Bachman,40,P,1.1,0,0,0,0,0,1,4,13,8,0,0,0,
2026,,2026-04-21,823148,away,ATH,SEA,605130,Scott Barlow,58,P,1.1,0,0,1,0,1,2,6,26,14,0,0,0,
2026,,2026-04-21,823148,away,ATH,SEA,682052,Jacob Lopez,57,P,5.1,2,2,7,1,2,1,24,86,52,1,0,0,
2026,,2026-04-21,823148,away,ATH,SEA,663687,Hogan Harris,36,P,0.1,0,0,0,0,0,0,1,8,5,0,0,0,
2026,,2026-04-21,823148,away,ATH,SEA,678022,Jack Perkins,50,P,2.0,0,0,0,0,0,2,6,26,18,0,0,1,
2026,,2026-04-21,823148,home,SEA,ATH,677961,Cole Wilcox,43,P,2.0,1,1,4,0,2,3,12,45,31,0,0,0,
2026,,2026-04-21,823148,home,SEA,ATH,622491,Luis Castillo,58,P,5.0,2,2,5,1,2,6,21,95,62,0,0,0,
2026,,2026-04-21,823148,home,SEA,ATH,642100,Gabe Speier,55,P,1.0,1,1,2,1,0,0,5,9,8,0,0,0,
2026,,2026-04-21,823148,home,SEA,ATH,660825,Eduard Bazardo,83,P,1.0,1,1,2,0,0,1,5,27,20,0,1,0,
2026,,2026-04-21,825099,away,CHW,ARI,674370,Osvaldo Bido,46,P,2.0,3,3,3,1,4,2,13,53,31,0,0,0,
2026,,2026-04-21,825099,away,CHW,ARI,608371,Lucas Sims,39,P,1.0,0,0,0,0,2,1,5,16,7,0,0,0,
2026,,2026-04-21,825099,away,CHW,ARI,680732,Sean Burke,59,P,6.0,2,2,5,1,1,3,22,101,68,1,0,0,
2026,,2026-04-21,825099,home,ARI,CHW,518876,Merrill Kelly,29,P,4.1,8,8,10,3,3,5,26,101,56,0,1,0,
2026,,2026-04-21,825099,home,ARI,CHW,656464,Kevin Ginkel,37,P,1.0,0,0,0,0,0,1,3,15,9,0,0,0,
2026,,2026-04-21,825099,home,ARI,CHW,642528,Jonathan Loáisiga,43,P,1.1,0,0,1,0,1,2,6,27,18,0,0,0,
2026,,2026-04-21,825099,home,ARI,CHW,664199,Taylor Clarke,45,P,1.1,0,0,1,0,0,0,5,16,10,0,0,0,
2026,,2026-04-21,825099,home,ARI,CHW,657044,Ryan Thompson,81,P,0.0,3,3,1,1,1,0,3,10,3,0,0,0,
2026,,2026-04-21,825099,home,ARI,CHW,543510,James McCann,8,P,1.0,0,0,1,0,1,0,4,13,7,0,0,0,
2026,,2026-04-21,823236,away,LAD,SFG,656945,Tanner Scott,66,P,1.0,0,0,0,0,1,1,4,16,11,0,0,0,
2026,,2026-04-21,823236,away,LAD,SFG,808967,Yoshinobu Yamamoto,18,P,7.0,3,3,6,0,2,7,28,101,62,0,1,0,
2026,,2026-04-21,823236,home,SFG,LAD,676254,Ryan Walker,74,P,1.0,0,0,0,0,0,2,3,15,10,0,0,1,
2026,,2026-04-21,823236,home,SFG,LAD,676775,Keaton Winn,67,P,0.1,0,0,0,0,0,1,1,5,3,0,0,0,
2026,,2026-04-21,823236,home,SFG,LAD,621366,Ryan Borucki,47,P,1.0,0,0,1,0,0,1,4,10,8,0,0,0,
2026,,2026-04-21,823236,home,SFG,LAD,669062,Erik Miller,68,P,1.0,0,0,1,0,1,1,5,26,12,0,0,0,
2026,,2026-04-21,823236,home,SFG,LAD,694738,Landen Roupp,65,P,5.0,1,1,1,0,5,7,20,106,58,1,0,0,
2026,,2026-04-21,823236,home,SFG,LAD,657424,Matt Gage,93,P,0.2,0,0,0,0,1,0,3,14,7,0,0,0,
2026,,2026-04-22,823878,away,STL,MIA,694335,Matt Svanson,49,P,1.0,0,0,0,0,0,1,3,8,5,0,0,0,
2026,,2026-04-22,823878,away,STL,MIA,681517,Kyle Leahy,62,P,5.0,4,4,8,0,3,2,25,89,50,0,1,0,
2026,,2026-04-22,823878,away,STL,MIA,681676,Ryan Fernandez,64,P,1.0,0,0,2,0,0,2,6,17,12,0,0,0,
2026,,2026-04-22,823878,away,STL,MIA,700669,Gordon Graceffo,44,P,1.0,0,0,2,0,0,0,4,18,9,0,0,0,
2026,,2026-04-22,823878,home,MIA,STL,669199,Lake Bachar,84,P,0.1,1,1,1,1,1,0,3,9,4,0,0,0,
2026,,2026-04-22,823878,home,MIA,STL,664126,Pete Fairbanks,29,P,0.2,0,0,0,0,0,1,2,12,7,0,0,1,
2026,,2026-04-22,823878,home,MIA,STL,656848,Michael Petersen,49,P,1.0,0,0,0,0,0,3,3,13,10,0,0,0,
2026,,2026-04-22,823878,home,MIA,STL,669622,Anthony Bender,37,P,1.0,0,0,1,0,0,1,4,9,8,0,0,0,
2026,,2026-04-22,823878,home,MIA,STL,676083,Janson Junk,26,P,5.0,0,0,1,0,1,2,17,56,38,1,0,0,
2026,,2026-04-22,823878,home,MIA,STL,677053,Andrew Nardi,43,P,1.0,0,0,1,0,0,2,4,13,10,0,0,0,
2026,,2026-04-22,824449,away,HOU,CLE,660853,Enyel De Los Santos,65,P,1.1,0,0,1,0,1,1,6,24,16,0,0,1,
2026,,2026-04-22,824449,away,HOU,CLE,595345,Steven Okert,48,P,0.2,0,0,1,0,0,0,3,16,11,0,0,0,
2026,,2026-04-22,824449,away,HOU,CLE,805123,AJ Blubaugh,69,P,1.0,0,0,0,0,0,1,3,17,10,0,0,0,
2026,,2026-04-22,824449,away,HOU,CLE,663567,Peter Lambert,38,P,6.0,0,0,3,0,3,8,24,96,61,1,0,0,
2026,,2026-04-22,824449,home,CLE,HOU,670036,Matt Festa,52,P,1.0,0,0,0,0,1,2,4,18,9,0,0,0,
2026,,2026-04-22,824449,home,CLE,HOU,681870,Erik Sabrowski,62,P,1.0,0,0,1,0,0,1,4,17,14,0,0,0,
2026,,2026-04-22,824449,home,CLE,HOU,683769,Hunter Gaddis,33,P,1.0,0,0,0,0,0,0,3,5,4,0,0,0,
2026,,2026-04-22,824449,home,CLE,HOU,676440,Tanner Bibee,28,P,6.0,2,2,5,1,2,3,24,95,59,0,1,0,
2026,,2026-04-22,822993,away,CIN,TBR,682227,Brandon Williamson,55,P,4.1,5,5,7,1,3,3,22,87,54,0,1,0,
2026,,2026-04-22,822993,away,CIN,TBR,663574,Tony Santillan,64,P,0.2,0,0,0,0,0,0,2,6,4,0,0,0,
2026,,2026-04-22,822993,away,CIN,TBR,683175,Connor Phillips,34,P,2.0,1,1,2,0,0,1,8,29,20,0,0,0,
2026,,2026-04-22,822993,away,CIN,TBR,656271,Brock Burke,49,P,1.0,0,0,0,0,0,0,3,9,6,0,0,0,
2026,,2026-04-22,822993,home,TBR,CIN,607259,Nick Martinez,28,P,8.0,1,1,5,0,1,6,30,95,71,1,0,0,
2026,,2026-04-22,822993,home,TBR,CIN,687330,Kevin Kelly,49,P,1.0,0,0,0,0,0,1,3,13,10,0,0,0,
2026,,2026-04-22,824123,away,BAL,KCR,669330,Tyler Wells,68,P,1.2,0,0,1,0,0,0,5,10,7,0,0,0,
2026,,2026-04-22,824123,away,BAL,KCR,605135,Chris Bassitt,40,P,5.1,5,5,8,2,2,3,25,88,55,1,0,0,
2026,,2026-04-22,824123,away,BAL,KCR,689296,Anthony Nunez,66,P,1.0,0,0,0,0,0,2,4,22,14,0,0,1,
2026,,2026-04-22,824123,away,BAL,KCR,666974,Yennier Cano,78,P,1.0,1,1,1,1,0,0,4,11,8,0,0,0,
2026,,2026-04-22,824123,home,KCR,BAL,669212,Eli Morgan,34,P,1.2,2,2,3,1,0,1,8,22,18,0,0,0,
2026,,2026-04-22,824123,home,KCR,BAL,696131,Mason Black,47,P,1.0,0,0,1,0,1,1,4,24,12,0,0,0,
2026,,2026-04-22,824123,home,KCR,BAL,608379,Michael Wacha,52,P,5.1,6,6,7,1,2,5,25,89,56,0,1,0,
2026,,2026-04-22,824123,home,KCR,BAL,656638,Alex Lange,56,P,1.0,0,0,0,0,0,1,3,18,10,0,0,0,
2026,,2026-04-22,824044,away,TOR,LAA,667297,Tommy Nance,45,P,1.1,2,2,1,0,1,2,6,24,17,0,1,0,
2026,,2026-04-22,824044,away,TOR,LAA,573009,Joe Mantiply,35,P,1.1,0,0,1,0,1,2,6,23,15,0,0,0,
2026,,2026-04-22,824044,away,TOR,LAA,641778,Eric Lauer,56,P,5.0,3,3,7,2,2,3,24,79,51,0,0,0,
2026,,2026-04-22,824044,away,TOR,LAA,680755,Braydon Fisher,63,P,0.1,2,2,2,0,1,1,4,20,13,0,0,0,
2026,,2026-04-22,824044,home,LAA,TOR,681217,Chase Silseth,63,P,0.2,1,1,2,0,0,0,4,17,10,0,0,0,
2026,,2026-04-22,824044,home,LAA,TOR,667755,José Soriano,59,P,5.0,0,0,7,0,0,4,20,84,57,0,0,0,
2026,,2026-04-22,824044,home,LAA,TOR,666171,Ryan Zeferjahn,56,P,1.1,2,2,1,0,1,1,6,21,12,0,0,0,
2026,,2026-04-22,824044,home,LAA,TOR,605447,Jordan Romano,68,P,1.0,0,0,2,0,0,2,5,20,16,0,0,0,
2026,,2026-04-22,824044,home,LAA,TOR,608718,Brent Suter,37,P,1.0,0,0,0,0,0,2,3,12,9,1,0,0,
2026,,2026-04-22,823147,away,ATH,SEA,686993,Justin Sterner,60,P,1.0,0,0,1,0,0,2,4,13,10,0,0,0,
2026,,2026-04-22,823147,away,ATH,SEA,669270,Joel Kuhnel,47,P,0.2,1,1,4,0,0,0,5,11,8,0,1,0,
2026,,2026-04-22,823147,away,ATH,SEA,669620,Brady Basso,66,P,0.2,0,0,1,0,0,0,3,6,5,0,0,0,
2026,,2026-04-22,823147,away,ATH,SEA,650644,Aaron Civale,45,P,5.1,3,3,6,1,1,5,23,85,55,0,0,0,
2026,,2026-04-22,823147,away,ATH,SEA,643410,Mark Leiter Jr.,38,P,1.0,1,1,2,0,0,1,5,18,12,0,0,0,
2026,,2026-04-22,823147,home,SEA,ATH,678606,Jose A. Ferrer,45,P,2.0,0,0,2,0,1,2,8,26,18,0,0,0,
2026,,2026-04-22,823147,home,SEA,ATH,666374,Matt Brash,47,P,1.0,0,0,0,0,0,0,3,10,6,0,0,0,
2026,,2026-04-22,823147,home,SEA,ATH,669302,Logan Gilbert,36,P,4.0,3,3,6,0,2,3,21,89,55,0,0,0,
2026,,2026-04-22,823147,home,SEA,ATH,681867,Cooper Criswell,88,P,1.0,0,0,0,0,0,1,3,9,7,0,0,0,
2026,,2026-04-22,823147,home,SEA,ATH,662253,Andrés Muñoz,75,P,1.0,1,1,1,1,0,1,4,17,11,1,0,0,
2026,,2026-04-22,824286,away,MIL,DET,694477,Chad Patrick,39,P,4.0,4,4,6,1,1,2,19,80,49,0,1,0,
2026,,2026-04-22,824286,away,MIL,DET,692230,Carlos Rodriguez,27,P,2.0,1,1,3,1,0,2,9,35,25,0,0,0,
2026,,2026-04-22,824286,away,MIL,DET,669084,DL Hall,37,P,2.0,0,0,0,0,2,2,7,32,16,0,0,0,
2026,,2026-04-22,824286,home,DET,MIL,663554,Casey Mize,12,P,6.0,1,1,3,0,3,7,23,88,54,1,0,0,
2026,,2026-04-22,824286,home,DET,MIL,640448,Kyle Finnegan,67,P,1.0,0,0,0,0,0,1,3,7,6,0,0,0,
2026,,2026-04-22,824286,home,DET,MIL,445276,Kenley Jansen,74,P,1.0,0,0,1,0,2,1,6,36,22,0,0,1,
2026,,2026-04-22,824286,home,DET,MIL,676684,Will Vest,19,P,1.0,1,1,2,0,0,0,5,22,15,0,0,0,
2026,,2026-04-22,822748,away,ATL,WSN,669276,Dylan Lee,52,P,1.0,0,0,0,0,0,0,3,13,9,1,0,0,
2026,,2026-04-22,822748,away,ATL,WSN,663158,Robert Suarez,75,P,1.0,0,0,1,0,0,0,4,8,7,0,0,1,
2026,,2026-04-22,822748,away,ATL,WSN,800311,Didier Fuentes,,P,3.0,4,4,7,1,1,7,18,74,53,0,0,0,
2026,,2026-04-22,822748,away,ATL,WSN,641755,Tyler Kinley,45,P,1.0,0,0,0,0,2,1,5,19,10,0,0,0,
2026,,2026-04-22,822748,away,ATL,WSN,527048,Martín Pérez,33,P,3.0,2,2,3,2,0,4,12,52,33,0,0,0,
2026,,2026-04-22,822748,home,WSN,ATL,641793,Zack Littell,18,P,6.0,8,6,7,4,2,1,28,96,62,0,1,0,
2026,,2026-04-22,822748,home,WSN,ATL,680730,Mitchell Parker,70,P,2.0,0,0,1,0,1,0,6,23,16,0,0,0,
2026,,2026-04-22,822748,home,WSN,ATL,642759,Julian Fernández,65,P,1.0,0,0,0,0,0,0,3,12,6,0,0,0,
2026,,2026-04-22,824774,away,NYY,BOS,687396,Brent Headrick,47,P,1.0,1,1,2,0,0,0,5,26,16,0,0,0,
2026,,2026-04-22,824774,away,NYY,BOS,608331,Max Fried,54,P,8.0,0,0,3,0,2,9,29,100,66,1,0,0,
2026,,2026-04-22,824774,home,BOS,NYY,700842,Eduardo Rivera,,P,3.1,0,0,1,0,0,3,10,41,26,0,0,0,
2026,,2026-04-22,824774,home,BOS,NYY,677161,Zack Kelly,76,P,1.0,0,0,0,0,0,2,3,11,9,0,0,0,
2026,,2026-04-22,824774,home,BOS,NYY,624133,Ranger Suarez,55,P,4.2,4,4,5,1,2,4,21,71,47,0,1,0,
2026,,2026-04-22,823641,away,MIN,NYM,623437,Justin Topa,48,P,0.1,0,0,1,0,1,0,3,17,10,0,0,0,
2026,,2026-04-22,823641,away,MIN,NYM,696070,Kendry Rojas,60,P,2.0,0,0,2,0,3,0,8,35,19,0,0,0,
2026,,2026-04-22,823641,away,MIN,NYM,687570,Connor Prielipp,61,P,4.0,2,2,4,0,0,6,17,82,52,0,0,0,
2026,,2026-04-22,823641,away,MIN,NYM,573124,Taylor Rogers,55,P,0.2,1,1,1,0,1,0,3,12,6,0,1,0,
2026,,2026-04-22,823641,away,MIN,NYM,679358,Eric Orze,19,P,1.0,0,0,0,0,0,2,3,11,7,0,0,0,
2026,,2026-04-22,823641,home,NYM,MIN,596133,Luke Weaver,30,P,1.1,0,0,1,0,1,3,6,30,21,1,0,0,
2026,,2026-04-22,823641,home,NYM,MIN,605280,Clay Holmes,35,P,7.0,2,2,5,1,1,3,27,88,56,0,0,0,
2026,,2026-04-22,823641,home,NYM,MIN,548384,Brooks Raley,25,P,0.2,0,0,1,0,1,1,4,16,9,0,0,0,
2026,,2026-04-22,824688,away,PHI,CHC,592836,Taijuan Walker,99,P,4.0,5,4,8,2,1,1,21,64,41,0,1,0,
2026,,2026-04-22,824688,away,PHI,CHC,660604,Alan Rangel,57,P,3.0,1,1,3,0,0,5,12,44,27,0,0,0,
2026,,2026-04-22,824688,away,PHI,CHC,679775,Kyle Backhus,19,P,1.0,1,1,2,0,0,1,5,15,12,0,0,0,
2026,,2026-04-22,824688,home,CHC,PHI,571948,Hoby Milner,41,P,1.0,0,0,1,0,0,2,4,20,15,0,0,0,
2026,,2026-04-22,824688,home,CHC,PHI,656686,Corbin Martin,38,P,1.0,0,0,0,0,0,0,3,12,9,0,0,0,
2026,,2026-04-22,824688,home,CHC,PHI,571510,Matthew Boyd,16,P,4.2,2,2,5,0,0,5,19,84,56,0,0,0,
2026,,2026-04-22,824688,home,CHC,PHI,676962,Ben Brown,32,P,2.1,0,0,3,0,0,5,10,37,28,1,0,0,
2026,,2026-04-22,822913,away,PIT,TEX,642397,Gregory Soto,31,P,1.0,2,2,3,0,0,3,6,27,15,1,0,0,
2026,,2026-04-22,822913,away,PIT,TEX,642701,Dennis Santana,60,P,1.0,0,0,0,0,0,2,3,9,7,0,0,0,
2026,,2026-04-22,822913,away,PIT,TEX,677952,Braxton Ashcraft,35,P,7.0,2,2,4,1,2,5,25,94,60,0,0,0,
2026,,2026-04-22,822913,home,TEX,PIT,641302,Tyler Alexander,13,P,2.0,0,0,1,0,0,2,7,29,20,0,0,0,
2026,,2026-04-22,822913,home,TEX,PIT,683004,Jack Leiter,22,P,5.0,4,3,5,0,2,5,22,84,57,0,0,0,
2026,,2026-04-22,822913,home,TEX,PIT,656222,Jalen Beeks,68,P,0.2,1,1,1,1,0,1,3,9,8,0,0,0,
2026,,2026-04-22,822913,home,TEX,PIT,686560,Gavin Collyer,65,P,1.0,0,0,0,0,0,0,3,7,3,0,0,0,
2026,,2026-04-22,822913,home,TEX,PIT,668390,Cole Winn,60,P,0.1,3,3,2,0,0,1,4,19,14,0,1,0,
2026,,2026-04-22,824367,away,SDP,COL,688158,David Morgan,66,P,1.1,2,2,4,0,1,3,9,38,25,0,0,0,
2026,,2026-04-22,824367,away,SDP,COL,593974,Wandy Peralta,58,P,1.2,1,1,1,1,0,1,5,17,12,0,0,0,
2026,,2026-04-22,824367,away,SDP,COL,621111,Walker Buehler,10,P,2.2,4,4,8,0,3,2,19,82,47,0,1,0,
2026,,2026-04-22,824367,away,SDP,COL,606996,Kyle Hart,68,P,2.1,1,1,2,0,0,0,9,42,31,0,0,0,
2026,,2026-04-22,824367,home,COL,SDP,608372,Tomoyuki Sugano,11,P,5.2,1,1,5,0,1,4,23,101,64,1,0,0,
2026,,2026-04-22,824367,home,COL,SDP,622608,Antonio Senzatela,49,P,2.0,1,0,1,0,1,0,8,32,24,0,0,0,
2026,,2026-04-22,824367,home,COL,SDP,677955,Jaden Hill,0,P,1.1,1,1,1,1,1,3,6,29,17,0,0,0,
2026,,2026-04-22,825097,away,CHW,ARI,641743,Anthony Kay,18,P,3.2,8,8,8,2,3,1,22,92,51,0,1,0,
2026,,2026-04-22,825097,away,CHW,ARI,608371,Lucas Sims,39,P,1.0,2,2,2,1,0,2,5,24,18,0,0,0,
2026,,2026-04-22,825097,away,CHW,ARI,663542,Bryan Hudson,60,P,1.0,0,0,1,0,1,2,5,32,21,0,0,0,
2026,,2026-04-22,825097,away,CHW,ARI,656794,Sean Newcomb,15,P,2.0,1,1,4,0,1,0,9,44,26,0,0,0,
2026,,2026-04-22,825097,away,CHW,ARI,663855,Jordan Hicks,44,P,0.1,0,0,1,0,1,0,3,12,5,0,0,0,
2026,,2026-04-22,825097,home,ARI,CHW,593958,Eduardo Rodriguez,57,P,5.0,4,4,6,2,3,4,24,96,61,1,0,0,
2026,,2026-04-22,825097,home,ARI,CHW,666661,Juan Morillo,62,P,1.0,0,0,1,0,0,2,4,14,12,0,0,0,
2026,,2026-04-22,825097,home,ARI,CHW,623149,Paul Sewald,38,P,1.0,0,0,1,0,1,1,5,16,10,0,0,0,
2026,,2026-04-22,825097,home,ARI,CHW,664199,Taylor Clarke,45,P,1.0,1,1,1,0,0,0,4,13,9,0,0,0,
2026,,2026-04-22,825097,home,ARI,CHW,657044,Ryan Thompson,81,P,1.0,2,2,2,1,1,1,5,19,9,0,0,0,
2026,,2026-04-22,823231,away,LAD,SFG,669165,Kyle Hurt,63,P,1.0,0,0,0,0,0,1,3,11,7,0,0,0,
2026,,2026-04-22,823231,away,LAD,SFG,660271,Shohei Ohtani,17,DH,6.0,0,0,5,0,0,7,23,91,64,0,0,0,
2026,,2026-04-22,823231,away,LAD,SFG,676263,Jack Dreyer,86,P,1.0,3,3,3,1,0,0,6,18,13,0,1,0,
2026,,2026-04-22,823231,home,SFG,LAD,641816,Tyler Mahle,54,P,7.0,0,0,3,0,2,5,26,91,63,1,0,0,
2026,,2026-04-22,823231,home,SFG,LAD,676254,Ryan Walker,74,P,1.0,0,0,0,0,1,0,4,16,7,0,0,1,
2026,,2026-04-22,823231,home,SFG,LAD,668873,Caleb Kilian,45,P,1.0,0,0,1,0,0,0,4,13,8,0,0,0,
2026,,2026-04-23,822745,away,ATL,WSN,669276,Dylan Lee,52,P,1.0,0,0,0,0,0,2,3,13,8,0,0,0,
2026,,2026-04-23,822745,away,ATL,WSN,471911,Carlos Carrasco,59,P,1.0,0,0,0,0,0,1,3,10,8,0,0,0,
2026,,2026-04-23,822745,away,ATL,WSN,702275,JR Ritchie,60,P,7.0,2,2,5,2,2,7,26,89,54,1,0,0,
2026,,2026-04-23,822745,home,WSN,ATL,663992,Richard Lovelady,55,P,1.0,0,0,1,0,0,1,4,11,9,0,0,0,
2026,,2026-04-23,822745,home,WSN,ATL,672335,Cionel Pérez,51,P,0.1,3,3,1,0,2,1,4,20,8,0,1,0,
2026,,2026-04-23,822745,home,WSN,ATL,676917,Cade Cavalli,24,P,5.0,2,2,7,0,0,10,23,85,62,0,0,0,
2026,,2026-04-23,822745,home,WSN,ATL,681402,Gus Varland,47,P,0.2,1,1,3,0,0,1,5,13,10,0,0,0,
2026,,2026-04-23,822745,home,WSN,ATL,642759,Julian Fernández,65,P,2.0,1,1,2,1,0,2,8,30,20,0,0,0,
2026,,2026-04-23,824288,away,MIL,DET,682842,Abner Uribe,45,P,0.1,1,1,1,1,0,1,2,8,5,0,1,0,
2026,,2026-04-23,824288,away,MIL,DET,681982,Grant Anderson,56,P,0.1,0,0,0,0,0,1,1,4,3,0,0,0,
2026,,2026-04-23,824288,away,MIL,DET,676879,Aaron Ashby,26,P,0.1,0,0,1,0,1,0,3,15,7,0,0,0,
2026,,2026-04-23,824288,away,MIL,DET,687075,Brandon Sproat,23,P,5.1,3,3,4,1,2,4,21,76,46,0,0,0,
2026,,2026-04-23,824288,away,MIL,DET,672582,Angel Zerpa,61,P,1.0,1,1,1,1,0,2,4,25,15,0,0,0,
2026,,2026-04-23,824288,away,MIL,DET,656730,Trevor Megill,29,P,1.0,0,0,0,0,0,0,3,8,5,0,0,0,
2026,,2026-04-23,824288,home,DET,MIL,676428,Brant Hurter,48,P,0.2,0,0,0,0,0,0,1,4,2,1,0,0,
2026,,2026-04-23,824288,home,DET,MIL,669373,Tarik Skubal,29,P,6.0,4,4,7,0,0,5,24,94,71,0,0,0,
2026,,2026-04-23,824288,home,DET,MIL,663947,Tyler Holton,87,P,1.0,0,0,2,0,1,0,5,18,9,0,0,0,
2026,,2026-04-23,824288,home,DET,MIL,572143,Burch Smith,65,P,1.1,0,0,1,0,1,1,6,24,13,0,0,0,
2026,,2026-04-23,824689,away,PHI,CHC,621237,José Alvarado,46,P,1.0,0,0,1,0,1,1,5,10,7,0,0,0,
2026,,2026-04-23,824689,away,PHI,CHC,650911,Cristopher Sánchez,61,P,5.1,6,6,12,2,2,4,30,99,70,0,0,0,
2026,,2026-04-23,824689,away,PHI,CHC,689147,Orion Kerkering,50,P,1.0,0,0,1,0,1,1,5,19,11,0,0,0,
2026,,2026-04-23,824689,away,PHI,CHC,663767,Chase Shugart,55,P,0.2,0,0,1,0,0,0,4,7,3,0,0,0,
2026,,2026-04-23,824689,away,PHI,CHC,621383,Tanner Banks,58,P,0.1,1,0,2,0,1,1,4,11,8,0,1,0,
2026,,2026-04-23,824689,away,PHI,CHC,641745,Brad Keller,40,P,1.0,1,1,1,1,0,0,4,9,5,0,0,0,
2026,,2026-04-23,824689,home,CHC,PHI,571948,Hoby Milner,41,P,0.2,1,1,0,0,2,0,4,25,14,0,0,0,
2026,,2026-04-23,824689,home,CHC,PHI,702303,Riley Martin,51,P,1.0,0,0,0,0,1,1,4,27,17,0,0,0,
2026,,2026-04-23,824689,home,CHC,PHI,665795,Edward Cabrera,30,P,7.0,5,3,6,2,0,5,28,83,59,0,0,0,
2026,,2026-04-23,824689,home,CHC,PHI,665871,Javier Assad,72,P,1.0,0,0,0,0,0,0,3,7,5,1,0,0,
2026,,2026-04-23,824689,home,CHC,PHI,573204,Caleb Thielbar,24,P,0.0,1,1,1,1,1,0,2,9,5,0,0,0,
2026,,2026-04-23,824689,home,CHC,PHI,657097,Jacob Webb,71,P,0.1,0,0,1,0,1,1,3,11,5,0,0,0,
2026,,2026-04-23,824368,away,SDP,COL,695243,Mason Miller,22,P,1.0,0,0,1,0,0,0,3,7,6,0,0,1,
2026,,2026-04-23,824368,away,SDP,COL,670970,Adrian Morejon,50,P,1.0,1,1,1,1,0,1,4,14,10,0,0,0,
2026,,2026-04-23,824368,away,SDP,COL,663362,Matt Waldron,61,P,5.0,6,6,8,1,3,3,26,82,53,0,0,0,
2026,,2026-04-23,824368,away,SDP,COL,676760,Ron Marinaccio,97,P,2.0,1,1,4,0,0,0,9,30,20,1,0,0,
2026,,2026-04-23,824368,home,COL,SDP,663372,Ryan Feltner,18,P,2.0,2,2,2,0,1,3,9,40,25,0,0,0,
2026,,2026-04-23,824368,home,COL,SDP,680767,Victor Vodnik,38,P,0.2,5,5,4,1,1,2,7,22,13,0,1,0,
2026,,2026-04-23,824368,home,COL,SDP,657514,Brennan Bernardino,83,P,0.2,0,0,0,0,0,0,2,6,5,0,0,0,
2026,,2026-04-23,824368,home,COL,SDP,675848,Juan Mejia,47,P,1.2,1,1,3,0,1,3,9,45,27,0,0,0,
2026,,2026-04-23,824368,home,COL,SDP,688642,Zach Agnos,36,P,3.0,2,2,4,1,1,3,15,67,42,0,0,0,
2026,,2026-04-23,824368,home,COL,SDP,678020,Seth Halvorsen,54,P,1.0,0,0,0,0,1,2,4,19,12,0,0,0,
2026,,2026-04-23,825096,away,CHW,ARI,663436,Davis Martin,65,P,6.1,1,1,6,0,1,7,24,97,64,0,0,0,
2026,,2026-04-23,825096,away,CHW,ARI,691799,Grant Taylor,31,P,1.2,0,0,2,0,0,3,7,26,19,1,0,0,
2026,,2026-04-23,825096,away,CHW,ARI,622554,Seranthony Domínguez,58,P,1.0,0,0,0,0,0,2,3,12,8,0,0,1,
2026,,2026-04-23,825096,home,ARI,CHW,666661,Juan Morillo,62,P,1.1,0,0,1,0,0,2,5,14,10,0,0,0,
2026,,2026-04-23,825096,home,ARI,CHW,656464,Kevin Ginkel,37,P,1.2,0,0,1,0,0,2,6,18,13,0,0,0,
2026,,2026-04-23,825096,home,ARI,CHW,642528,Jonathan Loáisiga,43,P,0.1,0,0,0,0,0,0,1,4,2,0,0,0,
2026,,2026-04-23,825096,home,ARI,CHW,623149,Paul Sewald,38,P,0.2,3,3,1,1,2,0,5,19,9,0,1,0,
2026,,2026-04-23,825096,home,ARI,CHW,647336,Michael Soroka,34,P,5.0,1,1,7,0,1,6,22,101,66,0,0,0,
2026,,2026-04-23,823233,away,LAD,SFG,607192,Tyler Glasnow,31,P,8.0,0,0,1,0,1,9,25,105,69,1,0,0,
2026,,2026-04-23,823233,away,LAD,SFG,656945,Tanner Scott,66,P,1.0,0,0,0,0,0,0,3,13,11,0,0,1,
2026,,2026-04-23,823233,home,SFG,LAD,657277,Logan Webb,62,P,7.0,3,3,7,0,2,5,29,98,65,0,1,0,
2026,,2026-04-23,823233,home,SFG,LAD,694918,Blade Tidwell,46,P,2.0,0,0,1,0,1,2,8,25,16,0,0,0,
2026,,2026-04-23,824770,away,NYY,BOS,670280,David Bednar,53,P,1.0,0,0,0,0,0,0,3,11,8,0,0,1,
2026,,2026-04-23,824770,away,NYY,BOS,693645,Cam Schlittler,31,P,8.0,2,1,4,1,1,5,28,96,69,1,0,0,
2026,,2026-04-23,824770,home,BOS,NYY,669711,Greg Weissert,57,P,0.1,0,0,2,0,1,1,4,12,9,0,0,0,
2026,,2026-04-23,824770,home,BOS,NYY,701719,Tyler Samaniego,78,P,1.1,0,0,2,0,0,1,6,23,14,0,0,0,
2026,,2026-04-23,824770,home,BOS,NYY,801139,Payton Tolle,70,P,6.0,1,1,3,1,1,11,22,93,63,0,0,0,
2026,,2026-04-23,824770,home,BOS,NYY,543056,Danny Coulombe,67,P,0.2,3,3,3,0,0,2,5,18,12,0,1,0,
2026,,2026-04-23,824770,home,BOS,NYY,670245,Ryan Watson,56,P,0.2,0,0,0,0,0,2,2,12,7,0,0,0,
2026,,2026-04-23,823639,away,MIN,NYM,607455,Anthony Banda,43,P,0.1,1,1,1,0,1,0,3,9,5,0,0,0,
2026,,2026-04-23,823639,away,MIN,NYM,657746,Joe Ryan,41,P,5.0,7,4,7,2,2,5,25,92,66,0,0,0,
2026,,2026-04-23,823639,away,MIN,NYM,702193,Andrew Morris,78,P,2.2,2,2,2,0,0,4,10,37,27,0,1,0,
2026,,2026-04-23,823639,home,NYM,MIN,668964,Tobias Myers,32,P,2.1,1,0,2,0,0,3,9,40,26,0,0,0,
2026,,2026-04-23,823639,home,NYM,MIN,623211,Huascar Brazobán,43,P,0.2,1,1,1,1,0,0,3,10,6,0,0,0,
2026,,2026-04-23,823639,home,NYM,MIN,642207,Devin Williams,38,P,0.2,1,1,3,0,0,2,5,22,14,1,0,0,
2026,,2026-04-23,823639,home,NYM,MIN,656849,David Peterson,23,P,3.1,1,1,4,1,1,2,15,45,29,0,0,0,
2026,,2026-04-23,823639,home,NYM,MIN,518886,Craig Kimbrel,46,P,0.2,3,3,2,0,1,1,5,19,10,0,0,0,
2026,,2026-04-23,823639,home,NYM,MIN,681035,Christian Scott,,P,1.1,1,1,0,0,5,1,10,43,18,0,0,0,
2026,,2026-04-23,822912,away,PIT,TEX,681895,Evan Sisk,48,P,2.0,0,0,0,0,2,2,7,32,19,0,0,0,
2026,,2026-04-23,822912,away,PIT,TEX,670990,Yohan Ramírez,49,P,1.0,0,0,1,0,0,1,4,10,7,0,0,0,
2026,,2026-04-23,822912,away,PIT,TEX,696149,Bubba Chandler,36,P,4.0,6,6,7,2,3,4,23,78,46,0,1,0,
2026,,2026-04-23,822912,away,PIT,TEX,664875,Justin Lawrence,61,P,1.0,0,0,1,0,0,0,4,17,11,0,0,0,
2026,,2026-04-23,822912,home,TEX,PIT,682608,Peyton Gray,75,P,1.0,0,0,0,0,0,1,3,10,6,0,0,0,
2026,,2026-04-23,822912,home,TEX,PIT,656222,Jalen Beeks,68,P,1.0,0,0,0,0,0,2,3,13,9,0,0,0,
2026,,2026-04-23,822912,home,TEX,PIT,686560,Gavin Collyer,65,P,0.1,0,0,0,0,1,0,3,15,6,0,0,0,
2026,,2026-04-23,822912,home,TEX,PIT,594798,Jacob deGrom,48,P,5.2,1,1,5,1,1,10,23,89,63,1,0,0,
2026,,2026-04-23,822912,home,TEX,PIT,596001,Jakob Junis,16,P,1.0,0,0,0,0,0,0,3,9,7,0,0,0,
2026,,2026-04-24,824529,away,DET,CIN,664285,Framber Valdez,59,P,4.1,2,2,4,1,5,4,21,89,47,0,0,0,
2026,,2026-04-24,824529,away,DET,CIN,676428,Brant Hurter,48,P,0.1,1,0,1,0,0,1,3,11,6,0,0,0,
2026,,2026-04-24,824529,away,DET,CIN,623454,Drew Anderson,38,P,1.0,0,0,0,0,0,2,3,14,10,0,0,0,
2026,,2026-04-24,824529,away,DET,CIN,640448,Kyle Finnegan,67,P,1.2,1,1,2,1,0,4,6,28,18,0,0,0,
2026,,2026-04-24,824529,away,DET,CIN,445276,Kenley Jansen,74,P,0.2,2,2,2,1,0,1,4,14,10,0,1,0,
2026,,2026-04-24,824529,away,DET,CIN,676684,Will Vest,19,P,0.2,3,2,2,1,1,1,5,22,12,0,0,0,
2026,,2026-04-24,824529,home,CIN,DET,572955,Pierce Johnson,52,P,1.0,0,0,0,0,0,0,2,6,5,0,0,0,
2026,,2026-04-24,824529,home,CIN,DET,663574,Tony Santillan,64,P,1.0,3,3,3,2,0,1,6,18,11,0,0,0,
2026,,2026-04-24,824529,home,CIN,DET,693312,Kyle Nicolas,62,P,1.0,0,0,2,0,3,0,7,43,21,0,0,0,
2026,,2026-04-24,824529,home,CIN,DET,668933,Graham Ashcraft,23,P,1.0,0,0,0,0,1,0,4,17,10,1,0,0,
2026,,2026-04-24,824529,home,CIN,DET,656271,Brock Burke,49,P,1.0,0,0,0,0,0,1,4,20,13,0,0,0,
2026,,2026-04-24,824529,home,CIN,DET,671096,Andrew Abbott,41,P,4.0,5,5,6,2,2,4,19,89,55,0,0,0,
2026,,2026-04-24,824854,away,BOS,BAL,678394,Brayan Bello,66,P,3.1,8,8,13,5,1,2,23,85,54,0,1,0,
2026,,2026-04-24,824854,away,BOS,BAL,663558,Jovani Morán,47,P,2.2,1,1,3,1,1,1,11,36,26,0,0,0,
2026,,2026-04-24,824854,away,BOS,BAL,670245,Ryan Watson,56,P,2.0,1,1,4,0,0,2,10,43,29,0,0,0,
2026,,2026-04-24,824854,home,BAL,BOS,687064,Brandon Young,63,P,5.2,3,3,7,1,1,5,25,93,65,1,0,0,
2026,,2026-04-24,824854,home,BAL,BOS,671382,Cameron Foster,65,P,2.0,0,0,3,0,1,1,8,27,17,0,0,0,
2026,,2026-04-24,824854,home,BAL,BOS,552640,Andrew Kittredge,39,P,1.0,0,0,0,0,0,0,3,16,12,0,0,0,
2026,,2026-04-24,824854,home,BAL,BOS,666974,Yennier Cano,78,P,0.1,0,0,0,0,0,0,1,3,2,0,0,0,
2026,,2026-04-24,822827,away,CLE,TOR,671922,Cade Smith,36,P,1.0,0,0,2,0,0,0,4,16,11,0,0,1,
2026,,2026-04-24,822827,away,CLE,TOR,681870,Erik Sabrowski,62,P,1.0,0,0,0,0,0,1,3,13,8,0,0,0,
2026,,2026-04-24,822827,away,CLE,TOR,668909,Gavin Williams,32,P,6.0,6,6,7,2,2,4,27,96,63,1,0,0,
2026,,2026-04-24,822827,away,CLE,TOR,683769,Hunter Gaddis,33,P,1.0,0,0,0,0,0,0,3,8,6,0,0,0,
2026,,2026-04-24,822827,home,TOR,CLE,693686,Spencer Miles,62,P,2.0,1,1,2,0,0,2,9,28,18,0,0,0,
2026,,2026-04-24,822827,home,TOR,CLE,667297,Tommy Nance,45,P,1.0,0,0,0,0,0,3,3,13,10,0,0,0,
2026,,2026-04-24,822827,home,TOR,CLE,573009,Joe Mantiply,35,P,1.2,0,0,2,0,0,1,6,19,15,0,0,0,
2026,,2026-04-24,822827,home,TOR,CLE,453286,Max Scherzer,31,P,2.1,7,7,6,3,3,0,16,82,51,0,1,0,
2026,,2026-04-24,822827,home,TOR,CLE,689254,Mason Fluharty,68,P,1.0,0,0,0,0,0,2,3,13,8,0,0,0,
2026,,2026-04-24,822827,home,TOR,CLE,680755,Braydon Fisher,63,P,1.0,0,0,0,0,1,0,4,14,7,0,0,0,
2026,,2026-04-24,823638,away,COL,NYM,547179,Michael Lorenzen,24,P,7.0,1,1,7,0,0,3,26,90,55,1,0,0,
2026,,2026-04-24,823638,away,COL,NYM,622608,Antonio Senzatela,49,P,1.2,0,0,0,0,0,1,4,10,7,0,0,1,
2026,,2026-04-24,823638,away,COL,NYM,677955,Jaden Hill,0,P,0.1,2,2,4,0,0,0,5,12,9,0,0,0,
2026,,2026-04-24,823638,home,NYM,COL,640455,Sean Manaea,59,P,3.1,2,2,3,0,1,7,15,61,44,0,0,0,
2026,,2026-04-24,823638,home,NYM,COL,642547,Freddy Peralta,51,P,5.2,2,2,7,0,3,8,27,95,67,0,1,0,
2026,,2026-04-24,822992,away,MIN,TBR,671737,Taj Bradley,26,P,6.1,6,6,7,4,3,3,29,93,51,0,1,0,
2026,,2026-04-24,822992,away,MIN,TBR,607455,Anthony Banda,43,P,0.2,0,0,0,0,0,0,2,7,4,0,0,0,
2026,,2026-04-24,822992,away,MIN,TBR,679358,Eric Orze,19,P,1.0,0,0,0,0,0,2,3,10,8,0,0,0,
2026,,2026-04-24,822992,home,TBR,MIN,642121,Cole Sulser,71,P,1.0,0,0,1,0,0,0,4,16,10,0,0,0,
2026,,2026-04-24,822992,home,TBR,MIN,694680,Trevor Martin,70,P,1.0,1,1,3,1,1,1,7,21,13,0,0,0,
2026,,2026-04-24,822992,home,TBR,MIN,641329,Bryan Baker,47,P,1.0,0,0,0,0,0,1,3,18,14,0,0,1,
2026,,2026-04-24,822992,home,TBR,MIN,656876,Drew Rasmussen,57,P,6.0,1,1,5,1,1,6,24,98,62,1,0,0,
2026,,2026-04-24,824932,away,PHI,ATL,663767,Chase Shugart,55,P,0.1,0,0,0,0,0,0,2,6,2,0,0,0,
2026,,2026-04-24,824932,away,PHI,ATL,641835,Tim Mayza,37,P,1.0,0,0,1,0,1,1,6,21,15,0,0,0,
2026,,2026-04-24,824932,away,PHI,ATL,691725,Andrew Painter,24,P,5.2,5,5,9,1,2,1,28,96,62,0,1,0,
2026,,2026-04-24,824932,away,PHI,ATL,679775,Kyle Backhus,19,P,1.0,0,0,0,0,0,0,3,7,6,0,0,0,
2026,,2026-04-24,824932,home,ATL,PHI,663158,Robert Suarez,75,P,1.0,0,0,1,0,1,1,5,17,9,0,0,1,
2026,,2026-04-24,824932,home,ATL,PHI,606303,Joel Payamps,34,P,1.0,0,0,1,0,0,0,4,22,14,0,0,0,
2026,,2026-04-24,824932,home,ATL,PHI,607481,Aaron Bummer,49,P,1.0,0,0,1,0,0,0,4,22,16,0,0,0,
2026,,2026-04-24,824932,home,ATL,PHI,656550,Grant Holmes,66,P,6.0,3,3,7,2,3,4,28,89,59,1,0,0,
2026,,2026-04-24,824124,away,LAA,KCR,519141,Drew Pomeranz,13,P,1.0,1,1,2,0,1,1,6,30,17,0,0,0,
2026,,2026-04-24,824124,away,LAA,KCR,666171,Ryan Zeferjahn,56,P,1.0,0,0,0,0,0,2,3,13,10,0,0,0,
2026,,2026-04-24,824124,away,LAA,KCR,641312,Shaun Anderson,64,P,1.0,0,0,1,0,1,2,5,20,12,0,0,0,
2026,,2026-04-24,824124,away,LAA,KCR,579328,Yusei Kikuchi,16,P,5.0,5,5,5,0,2,5,22,90,60,0,1,0,
2026,,2026-04-24,824124,home,KCR,LAA,668674,Lucas Erceg,60,P,1.0,0,0,0,0,1,2,4,18,10,0,0,1,
2026,,2026-04-24,824124,home,KCR,LAA,621381,Matt Strahm,25,P,1.0,0,0,0,0,0,0,3,8,6,0,0,0,
2026,,2026-04-24,824124,home,KCR,LAA,683232,Nick Mears,31,P,0.1,0,0,0,0,2,0,3,14,6,0,0,0,
2026,,2026-04-24,824124,home,KCR,LAA,663738,Daniel Lynch IV,41,P,0.1,0,0,0,0,0,1,1,5,3,0,0,0,
2026,,2026-04-24,824124,home,KCR,LAA,702070,Noah Cameron,65,P,6.1,3,3,8,0,3,6,28,88,60,1,0,0,
2026,,2026-04-24,824611,away,WSN,CHW,683000,Riley Cornelio,74,P,2.0,3,2,2,0,4,1,12,42,21,0,1,0,
2026,,2026-04-24,824611,away,WSN,CHW,571945,Miles Mikolas,36,P,3.2,2,2,4,1,0,1,13,51,34,0,0,0,
2026,,2026-04-24,824611,away,WSN,CHW,663992,Richard Lovelady,55,P,0.2,0,0,1,0,1,0,4,10,5,0,0,0,
2026,,2026-04-24,824611,away,WSN,CHW,676571,PJ Poulin,50,P,1.2,0,0,1,0,0,1,7,28,17,0,0,0,
2026,,2026-04-24,824611,home,CHW,WSN,622554,Seranthony Domínguez,58,P,1.0,0,0,1,0,0,2,4,18,11,0,0,1,
2026,,2026-04-24,824611,home,CHW,WSN,673929,Jordan Leasure,49,P,1.0,1,1,1,1,0,1,4,14,8,1,0,0,
2026,,2026-04-24,824611,home,CHW,WSN,663542,Bryan Hudson,60,P,1.0,0,0,1,0,1,1,4,17,12,0,0,0,
2026,,2026-04-24,824611,home,CHW,WSN,607200,Erick Fedde,47,P,5.2,3,1,3,0,4,1,24,91,53,0,0,0,
2026,,2026-04-24,824611,home,CHW,WSN,656794,Sean Newcomb,15,P,0.1,0,0,0,0,0,1,1,4,4,0,0,0,
2026,,2026-04-24,823800,away,PIT,MIL,694973,Paul Skenes,30,P,7.0,0,0,1,0,0,7,22,93,62,1,0,0,
2026,,2026-04-24,823800,away,PIT,MIL,682254,Mason Montgomery,46,P,1.0,0,0,0,0,0,1,3,9,7,0,0,0,
2026,,2026-04-24,823800,away,PIT,MIL,676755,Isaac Mattson,72,P,1.0,0,0,0,0,1,1,4,14,8,0,0,0,
2026,,2026-04-24,823800,home,MIL,PIT,675660,Shane Drohan,55,P,4.0,3,1,4,0,1,2,19,71,49,0,0,0,
2026,,2026-04-24,823800,home,MIL,PIT,605540,Brandon Woodruff,53,P,5.0,3,3,5,1,2,3,21,71,50,0,1,0,
2026,,2026-04-24,822909,away,ATH,TEX,622663,Luis Severino,40,P,6.2,1,1,6,0,1,5,26,98,67,1,0,0,
2026,,2026-04-24,822909,away,ATH,TEX,686993,Justin Sterner,60,P,0.2,0,0,0,0,0,0,2,9,6,0,0,0,
2026,,2026-04-24,822909,away,ATH,TEX,663687,Hogan Harris,36,P,0.2,0,0,2,0,0,2,4,16,11,0,0,0,
2026,,2026-04-24,822909,away,ATH,TEX,665622,Luis Medina,46,P,1.0,0,0,0,0,0,0,3,12,7,0,0,0,
2026,,2026-04-24,822909,home,TEX,ATH,615698,Cal Quantrill,44,P,3.0,2,2,3,1,0,2,12,45,28,0,0,0,
2026,,2026-04-24,822909,home,TEX,ATH,543135,Nathan Eovaldi,17,P,6.0,6,6,6,4,1,3,25,86,59,0,1,0,
2026,,2026-04-24,824204,away,NYY,HOU,642232,Ryan Yarbrough,33,P,2.0,0,0,1,0,1,2,8,37,22,0,0,0,
2026,,2026-04-24,824204,away,NYY,HOU,701542,Will Warren,29,P,6.0,2,2,7,0,1,6,24,95,64,1,0,0,
2026,,2026-04-24,824204,away,NYY,HOU,518585,Fernando Cruz,63,P,1.0,2,2,3,2,0,3,6,20,15,0,0,0,
2026,,2026-04-24,824204,home,HOU,NYY,650556,Bryan Abreu,52,P,1.0,0,0,0,0,0,1,3,14,6,0,0,0,
2026,,2026-04-24,824204,home,HOU,NYY,621121,Lance McCullers Jr.,43,P,5.0,7,5,6,2,4,3,23,92,51,0,1,0,
2026,,2026-04-24,824204,home,HOU,NYY,681151,Jayden Murray,70,P,1.0,0,0,0,0,0,0,3,13,7,0,0,0,
2026,,2026-04-24,824204,home,HOU,NYY,676467,Colton Gordon,61,P,2.0,5,5,7,2,2,0,14,53,32,0,0,0,
2026,,2026-04-24,823069,away,SEA,STL,666374,Matt Brash,47,P,1.0,0,0,0,0,0,0,3,13,10,0,0,0,
2026,,2026-04-24,823069,away,SEA,STL,669923,George Kirby,68,P,6.0,2,2,5,0,1,2,24,81,54,1,0,0,
2026,,2026-04-24,823069,away,SEA,STL,662253,Andrés Muñoz,75,P,1.0,0,0,1,0,0,2,4,14,10,0,0,1,
2026,,2026-04-24,823069,away,SEA,STL,642100,Gabe Speier,55,P,0.1,0,0,2,0,0,1,3,11,9,0,0,0,
2026,,2026-04-24,823069,away,SEA,STL,660825,Eduard Bazardo,83,P,0.2,0,0,0,0,0,0,1,4,4,0,0,0,
2026,,2026-04-24,823069,home,STL,SEA,700669,Gordon Graceffo,44,P,2.0,0,0,0,0,0,2,6,23,15,0,0,0,
2026,,2026-04-24,823069,home,STL,SEA,677865,Justin Bruihl,47,P,1.0,0,0,0,0,2,0,5,20,9,0,0,0,
2026,,2026-04-24,823069,home,STL,SEA,669467,Andre Pallante,53,P,5.1,3,3,4,1,3,8,23,90,54,0,1,0,
2026,,2026-04-24,823069,home,STL,SEA,666277,George Soriano,65,P,0.2,0,0,0,0,0,0,2,11,8,0,0,0,
2026,,2026-04-24,823962,away,CHC,LAD,592791,Jameson Taillon,50,P,5.0,4,4,4,1,3,4,21,85,53,0,0,0,
2026,,2026-04-24,823962,away,CHC,LAD,656686,Corbin Martin,38,P,1.0,0,0,0,0,0,1,3,14,10,0,0,1,
2026,,2026-04-24,823962,away,CHC,LAD,669020,Ryan Rolison,33,P,3.0,0,0,2,0,0,1,10,35,24,1,0,0,
2026,,2026-04-24,823962,home,LAD,CHC,681911,Alex Vesia,51,P,0.2,2,2,2,0,1,1,5,20,8,0,0,0,
2026,,2026-04-24,823962,home,LAD,CHC,683618,Edgardo Henriquez,60,P,0.1,0,0,0,0,0,0,1,1,1,0,0,0,
2026,,2026-04-24,823962,home,LAD,CHC,656945,Tanner Scott,66,P,0.2,2,2,2,1,0,0,4,17,12,0,1,0,
2026,,2026-04-24,823962,home,LAD,CHC,686218,Emmet Sheehan,80,P,6.1,1,1,4,0,1,10,24,101,64,0,0,0,
2026,,2026-04-24,823962,home,LAD,CHC,595014,Blake Treinen,49,P,1.0,1,1,3,1,0,2,5,17,12,0,0,0,
2026,,2026-04-24,823232,away,MIA,SFG,669199,Lake Bachar,84,P,2.0,1,1,2,1,0,1,8,31,23,0,0,0,
2026,,2026-04-24,823232,away,MIA,SFG,645261,Sandy Alcantara,22,P,6.0,3,3,9,0,1,4,26,108,75,1,0,0,
2026,,2026-04-24,823232,away,MIA,SFG,667463,John King,47,P,1.0,0,0,0,0,1,1,4,14,9,0,0,0,
2026,,2026-04-24,823232,home,SFG,MIA,664141,JT Brubaker,34,P,3.0,1,1,3,0,1,3,13,54,34,0,0,0,
2026,,2026-04-24,823232,home,SFG,MIA,668873,Caleb Kilian,45,P,1.0,0,0,1,0,1,0,5,18,12,0,0,0,
2026,,2026-04-24,823232,home,SFG,MIA,621366,Ryan Borucki,47,P,1.0,0,0,1,0,1,0,5,24,14,0,0,0,
2026,,2026-04-24,823232,home,SFG,MIA,605288,Adrian Houser,12,P,4.0,8,8,11,2,1,3,23,77,47,0,1,0,
2026,,2026-04-25,824851,away,BOS,BAL,669711,Greg Weissert,57,P,1.0,1,0,2,0,0,1,5,21,14,0,0,0,
2026,,2026-04-25,824851,away,BOS,BAL,676979,Garrett Crochet,35,P,6.0,0,0,3,0,2,7,22,90,57,1,0,0,
2026,,2026-04-25,824851,away,BOS,BAL,701719,Tyler Samaniego,78,P,1.0,0,0,0,0,0,0,3,12,8,0,0,0,
2026,,2026-04-25,824851,away,BOS,BAL,543056,Danny Coulombe,67,P,1.0,0,0,1,0,0,1,4,15,11,0,0,0,
2026,,2026-04-25,824851,home,BAL,BOS,669211,Keegan Akin,45,P,1.0,6,6,6,1,0,2,9,32,23,0,0,0,
2026,,2026-04-25,824851,home,BAL,BOS,669432,Trevor Rogers,,P,1.2,3,3,4,0,2,2,11,62,38,0,1,0,
2026,,2026-04-25,824851,home,BAL,BOS,669330,Tyler Wells,68,P,1.1,0,0,1,0,0,1,5,23,15,0,0,0,
2026,,2026-04-25,824851,home,BAL,BOS,642215,Weston Wilson,32,P,1.0,4,4,4,2,0,0,8,25,16,0,0,0,
2026,,2026-04-25,824851,home,BAL,BOS,544150,Albert Suárez,49,P,4.0,4,0,2,0,3,2,17,59,34,0,0,0,
2026,,2026-04-25,823070,away,SEA,STL,678606,Jose A. Ferrer,45,P,2.0,0,0,2,0,1,1,10,29,18,0,0,0,
2026,,2026-04-25,823070,away,SEA,STL,666374,Matt Brash,47,P,1.0,0,0,0,0,0,1,3,13,7,1,0,0,
2026,,2026-04-25,823070,away,SEA,STL,693433,Bryan Woo,22,P,3.0,7,7,9,4,0,1,18,53,39,0,0,0,
2026,,2026-04-25,823070,away,SEA,STL,681867,Cooper Criswell,88,P,2.0,2,2,3,1,0,3,9,36,22,0,0,0,
2026,,2026-04-25,823070,away,SEA,STL,662253,Andrés Muñoz,75,P,1.0,0,0,0,0,1,1,3,14,7,0,0,1,
2026,,2026-04-25,823070,home,STL,SEA,694335,Matt Svanson,49,P,0.2,0,0,0,0,1,1,3,18,9,0,0,0,
2026,,2026-04-25,823070,home,STL,SEA,700669,Gordon Graceffo,44,P,0.2,1,1,2,0,0,0,3,6,4,0,0,0,
2026,,2026-04-25,823070,home,STL,SEA,668941,JoJo Romero,59,P,0.2,2,2,2,0,0,0,4,12,7,0,0,0,
2026,,2026-04-25,823070,home,STL,SEA,677865,Justin Bruihl,47,P,1.0,0,0,0,0,0,0,3,13,9,0,0,0,
2026,,2026-04-25,823070,home,STL,SEA,676617,Riley O'Brien,61,P,1.0,2,2,4,0,1,1,9,39,27,0,1,0,
2026,,2026-04-25,823070,home,STL,SEA,666277,George Soriano,65,P,1.0,1,1,2,0,0,1,5,15,12,0,0,0,
2026,,2026-04-25,823070,home,STL,SEA,669461,Matthew Liberatore,32,P,3.1,5,5,8,3,1,3,18,64,47,0,0,0,
2026,,2026-04-25,823070,home,STL,SEA,592773,Ryne Stanek,55,P,0.2,0,0,1,0,0,0,3,10,7,0,0,0,
2026,,2026-04-25,822826,away,CLE,TOR,641401,Connor Brogdon,75,P,1.0,0,0,0,0,0,2,3,12,8,0,0,0,
2026,,2026-04-25,822826,away,CLE,TOR,670036,Matt Festa,52,P,1.0,1,0,1,0,0,3,5,17,13,0,0,0,
2026,,2026-04-25,822826,away,CLE,TOR,688883,Peyton Pallette,41,P,1.0,1,1,2,0,2,1,7,35,21,0,0,0,
2026,,2026-04-25,822826,away,CLE,TOR,676282,Joey Cantillo,54,P,5.0,3,1,6,1,1,4,22,89,60,0,1,0,
2026,,2026-04-25,822826,home,TOR,CLE,686973,Louis Varland,77,P,1.0,1,1,3,0,1,2,7,30,19,0,0,1,
2026,,2026-04-25,822826,home,TOR,CLE,592332,Kevin Gausman,34,P,6.2,2,2,6,1,0,3,25,91,63,1,0,0,
2026,,2026-04-25,822826,home,TOR,CLE,689254,Mason Fluharty,68,P,0.1,0,0,0,0,0,1,1,8,7,0,0,0,
2026,,2026-04-25,822826,home,TOR,CLE,643511,Tyler Rogers,71,P,1.0,0,0,0,0,0,1,3,14,10,0,0,0,
2026,,2026-04-25,823229,away,MIA,SFG,663969,Tyler Phillips,30,P,2.0,2,2,2,1,3,0,11,46,26,0,0,0,
2026,,2026-04-25,823229,away,MIA,SFG,669622,Anthony Bender,37,P,0.2,0,0,2,0,0,1,4,7,6,0,0,0,
2026,,2026-04-25,823229,away,MIA,SFG,691587,Eury Pérez,39,P,5.1,4,4,7,2,2,6,24,94,60,0,1,0,
2026,,2026-04-25,823229,home,SFG,MIA,676254,Ryan Walker,74,P,1.0,1,0,1,0,0,0,4,12,8,0,0,0,
2026,,2026-04-25,823229,home,SFG,MIA,676775,Keaton Winn,67,P,1.0,0,0,0,0,0,0,3,11,8,0,0,0,
2026,,2026-04-25,823229,home,SFG,MIA,592662,Robbie Ray,38,P,5.0,1,1,4,0,3,4,21,97,55,0,0,0,
2026,,2026-04-25,823229,home,SFG,MIA,669062,Erik Miller,68,P,1.0,0,0,0,0,1,2,4,21,9,0,0,0,
2026,,2026-04-25,823229,home,SFG,MIA,657424,Matt Gage,93,P,1.0,0,0,1,0,1,0,5,23,13,1,0,0,
2026,,2026-04-25,822989,away,MIN,TBR,573124,Taylor Rogers,55,P,0.0,3,3,2,0,1,0,3,15,10,0,0,0,
2026,,2026-04-25,822989,away,MIN,TBR,641927,Bailey Ober,17,P,6.0,2,2,3,1,2,3,22,83,50,0,1,0,
2026,,2026-04-25,822989,away,MIN,TBR,670183,Garrett Acton,50,P,1.0,1,1,2,0,0,2,5,18,13,0,0,0,
2026,,2026-04-25,822989,away,MIN,TBR,679358,Eric Orze,19,P,1.0,0,0,1,0,0,1,4,9,8,0,0,0,
2026,,2026-04-25,822989,home,TBR,MIN,663556,Shane McClanahan,18,P,5.0,0,0,3,0,2,7,21,86,60,1,0,0,
2026,,2026-04-25,822989,home,TBR,MIN,687330,Kevin Kelly,49,P,2.0,0,0,1,0,0,1,7,32,23,0,0,0,
2026,,2026-04-25,822989,home,TBR,MIN,694680,Trevor Martin,70,P,1.0,1,1,1,0,0,1,5,17,13,0,0,0,
2026,,2026-04-25,822989,home,TBR,MIN,685801,Hunter Bigge,43,P,1.0,0,0,0,0,0,2,3,11,8,0,0,0,
2026,,2026-04-25,824613,away,WSN,CHW,695418,Brad Lord,41,P,1.0,1,0,1,0,0,0,4,18,13,0,0,0,
2026,,2026-04-25,824613,away,WSN,CHW,672335,Cionel Pérez,51,P,1.0,0,0,0,0,2,1,5,22,11,1,0,0,
2026,,2026-04-25,824613,away,WSN,CHW,663623,Jake Irvin,27,P,5.2,0,0,4,0,0,9,23,88,62,0,0,0,
2026,,2026-04-25,824613,away,WSN,CHW,681402,Gus Varland,47,P,1.0,0,0,1,0,0,1,4,8,8,0,0,0,
2026,,2026-04-25,824613,away,WSN,CHW,680730,Mitchell Parker,70,P,1.1,2,2,1,0,2,3,8,23,12,0,0,0,
2026,,2026-04-25,824613,home,CHW,WSN,674370,Osvaldo Bido,46,P,0.1,0,0,0,0,0,0,1,8,5,0,0,0,
2026,,2026-04-25,824613,home,CHW,WSN,691799,Grant Taylor,31,P,1.0,0,0,0,0,0,2,3,9,8,0,0,0,
2026,,2026-04-25,824613,home,CHW,WSN,702273,Noah Schultz,22,P,6.0,2,2,4,0,4,8,25,85,49,0,0,0,
2026,,2026-04-25,824613,home,CHW,WSN,673929,Jordan Leasure,49,P,0.2,4,3,2,0,3,2,7,30,17,0,1,0,
2026,,2026-04-25,824613,home,CHW,WSN,663855,Jordan Hicks,44,P,1.0,0,0,0,0,2,1,5,19,8,0,0,0,
2026,,2026-04-25,824613,home,CHW,WSN,699823,Tyler Davis,63,P,1.0,0,0,0,0,1,2,4,14,8,0,0,0,
2026,,2026-04-25,825093,away,SDP,ARI,695243,Mason Miller,22,P,1.0,0,0,0,0,0,0,3,13,9,0,0,1,
2026,,2026-04-25,825093,away,SDP,ARI,592094,Jason Adam,40,P,1.0,0,0,0,0,0,0,4,15,11,0,0,0,
2026,,2026-04-25,825093,away,SDP,ARI,608566,Germán Márquez,33,P,6.0,4,4,6,1,1,2,26,75,52,1,0,0,
2026,,2026-04-25,825093,away,SDP,ARI,670970,Adrian Morejon,50,P,1.0,0,0,1,0,1,2,5,29,20,0,0,0,
2026,,2026-04-25,825093,home,ARI,SDP,694851,Andrew Hoffmann,56,P,1.0,1,1,2,1,1,1,5,24,13,0,0,0,
2026,,2026-04-25,825093,home,ARI,SDP,694297,Brandon Pfaadt,32,P,3.0,4,4,2,1,3,5,13,56,36,0,0,0,
2026,,2026-04-25,825093,home,ARI,SDP,642528,Jonathan Loáisiga,43,P,1.0,0,0,0,0,0,1,3,18,12,0,0,0,
2026,,2026-04-25,825093,home,ARI,SDP,664199,Taylor Clarke,45,P,1.0,1,0,1,0,1,0,7,14,8,0,1,0,
2026,,2026-04-25,825093,home,ARI,SDP,668678,Zac Gallen,23,P,3.0,0,0,1,0,0,3,10,49,27,0,0,0,
2026,,2026-04-25,822910,away,ATH,TEX,605130,Scott Barlow,58,P,1.0,0,0,0,0,0,0,3,11,7,0,0,0,
2026,,2026-04-25,822910,away,ATH,TEX,643410,Mark Leiter Jr.,38,P,1.0,0,0,0,0,0,1,3,13,10,0,0,0,
2026,,2026-04-25,822910,away,ATH,TEX,605488,Jeffrey Springs,59,P,6.0,4,4,5,1,2,4,26,91,58,0,1,0,
2026,,2026-04-25,822910,home,TEX,ATH,656641,Jacob Latz,67,P,1.0,0,0,0,0,0,1,3,14,10,0,0,1,
2026,,2026-04-25,822910,home,TEX,ATH,656222,Jalen Beeks,68,P,1.0,0,0,0,0,0,1,3,10,7,0,0,0,
2026,,2026-04-25,822910,home,TEX,ATH,669022,MacKenzie Gore,1,P,5.0,3,3,6,0,3,7,25,106,72,0,0,0,
2026,,2026-04-25,822910,home,TEX,ATH,596001,Jakob Junis,16,P,1.0,0,0,1,0,0,0,4,12,10,0,0,0,
2026,,2026-04-25,822910,home,TEX,ATH,668390,Cole Winn,60,P,1.0,0,0,0,0,0,1,3,10,8,1,0,0,
2026,,2026-04-25,824121,away,LAA,KCR,624428,Adam Frazier,20,P,0.1,0,0,1,0,1,0,3,11,6,0,0,0,
2026,,2026-04-25,824121,away,LAA,KCR,680704,Nick Sandlin,52,P,1.1,0,0,0,0,0,2,4,19,10,0,0,0,
2026,,2026-04-25,824121,away,LAA,KCR,681217,Chase Silseth,63,P,1.0,1,1,2,0,2,0,6,23,13,0,0,0,
2026,,2026-04-25,824121,away,LAA,KCR,641312,Shaun Anderson,64,P,1.0,3,2,3,0,1,1,7,28,16,0,0,0,
2026,,2026-04-25,824121,away,LAA,KCR,700712,Walbert Urena,57,P,3.2,4,4,6,1,5,3,21,81,44,0,1,0,
2026,,2026-04-25,824121,away,LAA,KCR,605447,Jordan Romano,68,P,0.2,4,4,3,0,1,0,7,36,22,0,0,0,
2026,,2026-04-25,824121,home,KCR,LAA,666142,Cole Ragans,55,P,6.0,1,1,5,1,0,11,23,99,70,1,0,0,
2026,,2026-04-25,824121,home,KCR,LAA,696131,Mason Black,47,P,1.0,0,0,2,0,0,2,5,18,14,0,0,0,
2026,,2026-04-25,824121,home,KCR,LAA,663738,Daniel Lynch IV,41,P,1.0,0,0,0,0,0,0,3,9,5,0,0,0,
2026,,2026-04-25,824121,home,KCR,LAA,670167,John Schreiber,46,P,1.0,0,0,1,0,0,1,4,18,11,0,0,0,
2026,,2026-04-25,824203,away,NYY,HOU,677960,Ryan Weathers,40,P,5.1,2,2,6,1,0,4,21,86,56,0,0,0,
2026,,2026-04-25,824203,away,NYY,HOU,657612,Tim Hill,41,P,1.0,1,1,1,1,0,1,4,11,9,0,0,0,
2026,,2026-04-25,824203,away,NYY,HOU,518585,Fernando Cruz,63,P,0.2,0,0,0,0,1,2,3,12,6,1,0,0,
2026,,2026-04-25,824203,away,NYY,HOU,656234,Jake Bird,59,P,1.0,0,0,0,0,0,1,3,9,7,0,0,0,
2026,,2026-04-25,824203,away,NYY,HOU,666808,Camilo Doval,75,P,1.0,0,0,0,0,1,1,4,13,7,0,0,0,
2026,,2026-04-25,824203,home,HOU,NYY,678906,Kai-Wei Teng,17,P,0.1,1,1,2,1,0,0,3,9,5,0,1,0,
2026,,2026-04-25,824203,home,HOU,NYY,595345,Steven Okert,48,P,1.0,0,0,0,0,0,0,3,13,8,0,0,0,
2026,,2026-04-25,824203,home,HOU,NYY,805123,AJ Blubaugh,69,P,1.1,1,1,1,0,2,0,7,29,15,0,0,0,
2026,,2026-04-25,824203,home,HOU,NYY,656986,Bennett Sousa,62,P,0.1,2,2,1,0,4,0,5,27,10,0,0,0,
2026,,2026-04-25,824203,home,HOU,NYY,681347,Mike Burrows,50,P,5.0,2,2,5,2,3,8,21,92,55,0,0,0,
2026,,2026-04-25,824203,home,HOU,NYY,681151,Jayden Murray,70,P,1.0,2,2,3,0,1,0,6,19,11,0,0,0,
2026,,2026-04-25,823799,away,PIT,MIL,642397,Gregory Soto,31,P,1.0,0,0,0,0,0,1,3,14,9,1,0,0,
2026,,2026-04-25,823799,away,PIT,MIL,682254,Mason Montgomery,46,P,1.0,0,0,0,0,1,1,4,20,10,0,0,0,
2026,,2026-04-25,823799,away,PIT,MIL,656605,Mitch Keller,23,P,5.0,3,3,5,0,2,6,22,93,60,0,0,0,
2026,,2026-04-25,823799,away,PIT,MIL,670990,Yohan Ramírez,49,P,1.0,0,0,0,0,0,2,3,15,10,0,0,1,
2026,,2026-04-25,823799,away,PIT,MIL,676755,Isaac Mattson,72,P,1.0,0,0,0,0,0,0,3,4,3,0,0,0,
2026,,2026-04-25,823799,away,PIT,MIL,642701,Dennis Santana,60,P,1.0,0,0,1,0,1,1,5,17,10,0,0,0,
2026,,2026-04-25,823799,home,MIL,PIT,682842,Abner Uribe,45,P,1.0,0,0,0,0,0,1,3,8,7,0,0,0,
2026,,2026-04-25,823799,home,MIL,PIT,681982,Grant Anderson,56,P,0.1,0,0,1,0,0,0,2,4,3,0,0,0,
2026,,2026-04-25,823799,home,MIL,PIT,676879,Aaron Ashby,26,P,2.0,0,0,1,0,0,4,7,21,18,0,0,0,
2026,,2026-04-25,823799,home,MIL,PIT,694819,Jacob Misiorowski,32,P,6.0,3,3,6,0,1,9,26,91,63,0,0,0,
2026,,2026-04-25,823799,home,MIL,PIT,672582,Angel Zerpa,61,P,0.2,3,1,1,0,1,1,4,16,10,0,1,0,
2026,,2026-04-25,824527,away,DET,CIN,623454,Drew Anderson,38,P,2.2,1,1,1,1,1,5,9,42,27,0,0,0,
2026,,2026-04-25,824527,away,DET,CIN,663947,Tyler Holton,87,P,1.0,2,2,2,0,1,0,6,28,18,0,0,0,
2026,,2026-04-25,824527,away,DET,CIN,572143,Burch Smith,65,P,2.0,0,0,1,0,1,3,8,26,17,0,0,0,
2026,,2026-04-25,824527,away,DET,CIN,656427,Jack Flaherty,9,P,2.0,6,6,5,3,2,4,14,68,41,0,1,0,
2026,,2026-04-25,824527,away,DET,CIN,657756,Connor Seabold,43,P,0.1,0,0,1,0,2,0,4,17,7,0,0,0,
2026,,2026-04-25,824527,home,CIN,DET,641941,Emilio Pagán,15,P,1.0,0,0,1,0,0,0,4,11,6,0,0,0,
2026,,2026-04-25,824527,home,CIN,DET,663903,Brady Singer,51,P,5.1,2,2,8,2,0,3,24,94,61,1,0,0,
2026,,2026-04-25,824527,home,CIN,DET,683175,Connor Phillips,34,P,0.2,0,0,0,0,0,1,2,7,6,0,0,0,
2026,,2026-04-25,824527,home,CIN,DET,668933,Graham Ashcraft,23,P,1.0,0,0,1,0,1,1,4,13,8,0,0,0,
2026,,2026-04-25,824527,home,CIN,DET,594580,Sam Moll,50,P,1.0,0,0,0,0,1,1,3,12,6,0,0,0,
2026,,2026-04-25,823960,away,CHC,LAD,592826,Vince Velasquez,56,P,2.1,0,0,1,0,0,1,8,31,22,0,0,0,
2026,,2026-04-25,823960,away,CHC,LAD,665871,Javier Assad,72,P,2.1,6,6,7,0,2,2,16,70,39,0,0,0,
2026,,2026-04-25,823960,away,CHC,LAD,607067,Colin Rea,53,P,3.1,6,6,6,1,4,4,20,92,55,0,1,0,
2026,,2026-04-25,823960,home,LAD,CHC,671109,Jake Eder,56,P,1.0,0,0,0,0,0,1,3,13,8,0,0,0,
2026,,2026-04-25,823960,home,LAD,CHC,669165,Kyle Hurt,63,P,1.0,0,0,1,0,0,1,4,10,8,0,0,0,
2026,,2026-04-25,823960,home,LAD,CHC,694361,Will Klein,61,P,1.1,0,0,1,0,0,2,5,21,15,0,0,0,
2026,,2026-04-25,823960,home,LAD,CHC,676263,Jack Dreyer,86,P,0.2,0,0,0,0,1,2,3,19,11,0,0,0,
2026,,2026-04-25,823960,home,LAD,CHC,808963,Roki Sasaki,11,P,5.0,4,4,7,3,1,5,23,99,66,1,0,0,
2026,,2026-04-25,824933,away,PHI,ATL,621237,José Alvarado,46,P,1.1,0,0,1,0,0,0,4,17,9,0,0,0,
2026,,2026-04-25,824933,away,PHI,ATL,554430,Zack Wheeler,45,P,5.0,2,2,3,0,3,6,20,84,56,0,0,0,
2026,,2026-04-25,824933,away,PHI,ATL,689147,Orion Kerkering,50,P,1.1,0,0,0,0,1,1,5,18,11,0,0,0,
2026,,2026-04-25,824933,away,PHI,ATL,621383,Tanner Banks,58,P,0.0,2,2,3,0,0,0,3,11,9,0,0,0,
2026,,2026-04-25,824933,away,PHI,ATL,641745,Brad Keller,40,P,1.1,0,0,0,0,0,1,4,16,11,1,0,0,
2026,,2026-04-25,824933,away,PHI,ATL,679775,Kyle Backhus,19,P,1.0,1,0,2,0,0,0,5,17,12,0,0,0,
2026,,2026-04-25,824933,home,ATL,PHI,669276,Dylan Lee,52,P,1.0,1,1,1,0,0,2,4,16,11,0,0,0,
2026,,2026-04-25,824933,home,ATL,PHI,660761,José Suarez,54,P,1.0,2,2,3,0,1,3,7,31,18,0,0,0,
2026,,2026-04-25,824933,home,ATL,PHI,641755,Tyler Kinley,45,P,1.0,2,1,1,0,1,1,5,24,15,0,1,0,
2026,,2026-04-25,824933,home,ATL,PHI,693821,Bryce Elder,55,P,7.0,3,3,6,0,1,2,28,92,57,0,0,0,
2026,,2026-04-26,824852,away,BOS,BAL,813349,Connelly Early,71,P,6.2,2,2,4,2,1,4,24,92,59,1,0,0,
2026,,2026-04-26,824852,away,BOS,BAL,677161,Zack Kelly,76,P,0.1,0,0,0,0,0,0,1,4,3,0,0,0,
2026,,2026-04-26,824852,away,BOS,BAL,676477,Garrett Whitlock,22,P,1.0,1,1,2,0,0,1,5,19,16,0,0,0,
2026,,2026-04-26,824852,away,BOS,BAL,547973,Aroldis Chapman,44,P,1.0,0,0,0,0,0,2,3,7,7,0,0,1,
2026,,2026-04-26,824852,home,BAL,BOS,670329,Rico Garcia,50,P,1.0,0,0,0,0,0,1,3,10,7,0,0,0,
2026,,2026-04-26,824852,home,BAL,BOS,680694,Kyle Bradish,38,P,5.0,3,3,4,1,4,3,21,88,52,0,1,0,
2026,,2026-04-26,824852,home,BAL,BOS,689296,Anthony Nunez,66,P,1.0,0,0,0,0,1,1,4,16,10,0,0,0,
2026,,2026-04-26,824852,home,BAL,BOS,552640,Andrew Kittredge,39,P,1.0,0,0,0,0,0,1,3,16,10,0,0,0,
2026,,2026-04-26,824852,home,BAL,BOS,664991,Grant Wolfram,48,P,0.0,2,2,3,0,0,0,3,10,8,0,0,0,
2026,,2026-04-26,824852,home,BAL,BOS,666974,Yennier Cano,78,P,1.0,0,0,0,0,0,0,3,17,12,0,0,0,
2026,,2026-04-26,824934,away,PHI,ATL,663767,Chase Shugart,55,P,1.0,0,0,1,0,0,1,3,7,5,0,0,0,
2026,,2026-04-26,824934,away,PHI,ATL,641835,Tim Mayza,37,P,1.0,0,0,1,0,0,0,4,17,12,0,0,0,
2026,,2026-04-26,824934,away,PHI,ATL,676510,Nolan Hoffman,47,P,1.1,0,0,1,0,0,1,4,15,8,0,0,0,
2026,,2026-04-26,824934,away,PHI,ATL,605400,Aaron Nola,27,P,4.2,6,6,7,2,3,6,25,101,60,0,1,0,
2026,,2026-04-26,824934,home,ATL,PHI,663158,Robert Suarez,75,P,1.0,0,0,0,0,0,1,3,10,6,0,0,0,
2026,,2026-04-26,824934,home,ATL,PHI,606303,Joel Payamps,34,P,1.0,0,0,0,0,0,1,3,14,7,0,0,0,
2026,,2026-04-26,824934,home,ATL,PHI,519242,Chris Sale,51,P,6.0,0,0,1,0,2,9,22,100,61,1,0,0,
2026,,2026-04-26,824934,home,ATL,PHI,607481,Aaron Bummer,49,P,1.0,2,0,1,1,0,1,5,25,17,0,0,0,
2026,,2026-04-26,822824,away,CLE,TOR,677944,Slade Cecconi,44,P,5.2,4,4,6,1,1,5,24,90,60,0,1,0,
2026,,2026-04-26,822824,away,CLE,TOR,670059,Colin Holderman,35,P,1.1,0,0,0,0,0,2,4,12,10,0,0,0,
2026,,2026-04-26,822824,away,CLE,TOR,682120,Tim Herrin,29,P,1.0,0,0,0,0,0,1,3,15,12,0,0,0,
2026,,2026-04-26,822824,home,TOR,CLE,686973,Louis Varland,77,P,1.0,0,0,1,0,0,2,4,20,15,0,0,1,
2026,,2026-04-26,822824,home,TOR,CLE,656546,Jeff Hoffman,23,P,1.0,0,0,0,0,1,1,4,24,15,0,0,0,
2026,,2026-04-26,822824,home,TOR,CLE,680755,Braydon Fisher,63,P,1.1,0,0,1,0,2,2,7,19,10,1,0,0,
2026,,2026-04-26,822824,home,TOR,CLE,643511,Tyler Rogers,71,P,1.0,0,0,0,0,0,1,3,11,8,0,0,0,
2026,,2026-04-26,822824,home,TOR,CLE,571578,Patrick Corbin,46,P,4.2,2,2,6,0,2,4,20,84,52,0,0,0,
2026,,2026-04-26,824528,away,DET,CIN,676428,Brant Hurter,48,P,1.0,0,0,0,0,0,0,3,13,8,1,0,0,
2026,,2026-04-26,824528,away,DET,CIN,640448,Kyle Finnegan,67,P,1.0,0,0,1,0,0,1,4,16,10,0,0,0,
2026,,2026-04-26,824528,away,DET,CIN,672456,Keider Montero,54,P,5.0,3,3,5,2,2,5,22,86,56,0,0,0,
2026,,2026-04-26,824528,away,DET,CIN,669724,Brenan Hanifee,75,P,1.0,0,0,1,0,0,0,4,18,12,0,0,0,
2026,,2026-04-26,824528,away,DET,CIN,676684,Will Vest,,P,1.0,0,0,0,0,0,1,3,8,7,0,0,0,
2026,,2026-04-26,824528,home,CIN,DET,572955,Pierce Johnson,52,P,0.2,2,2,2,1,0,1,4,14,7,0,0,0,
2026,,2026-04-26,824528,home,CIN,DET,683742,Jose Franco,74,P,2.0,2,2,2,1,2,2,9,34,19,0,0,0,
2026,,2026-04-26,824528,home,CIN,DET,695076,Rhett Lowder,25,P,5.0,2,2,6,0,1,7,22,94,56,0,0,0,
2026,,2026-04-26,824528,home,CIN,DET,594580,Sam Moll,50,P,0.1,2,1,1,1,0,1,3,10,6,0,1,0,
2026,,2026-04-26,824528,home,CIN,DET,656271,Brock Burke,49,P,1.0,0,0,1,0,2,1,6,23,10,0,0,0,
2026,,2026-04-26,823635,away,COL,NYM,680767,Victor Vodnik,38,P,1.0,0,0,0,0,0,2,3,15,9,0,0,1,
2026,,2026-04-26,823635,away,COL,NYM,500779,Jose Quintana,62,P,5.1,1,1,2,1,2,5,20,85,50,1,0,0,
2026,,2026-04-26,823635,away,COL,NYM,675848,Juan Mejia,47,P,1.2,0,0,0,0,0,2,5,30,22,0,0,0,
2026,,2026-04-26,823635,away,COL,NYM,677955,Jaden Hill,0,P,1.0,0,0,2,0,1,1,6,25,15,0,0,0,
2026,,2026-04-26,823635,home,NYM,COL,681810,Austin Warren,44,P,2.0,0,0,0,0,0,1,6,20,14,0,0,0,
2026,,2026-04-26,823635,home,NYM,COL,623211,Huascar Brazobán,43,P,2.0,1,1,2,0,1,1,7,31,22,0,0,0,
2026,,2026-04-26,823635,home,NYM,COL,690997,Nolan McLean,26,P,5.0,2,1,5,0,2,7,21,91,56,0,1,0,
2026,,2026-04-26,823637,away,COL,NYM,801403,Chase Dollander,32,P,7.0,0,0,5,0,2,7,26,105,63,1,0,0,
2026,,2026-04-26,823637,away,COL,NYM,688642,Zach Agnos,36,P,1.0,0,0,1,0,0,0,4,11,8,0,0,1,
2026,,2026-04-26,823637,away,COL,NYM,678020,Seth Halvorsen,54,P,1.0,0,0,0,0,1,0,4,15,9,0,0,0,
2026,,2026-04-26,823637,home,NYM,COL,596133,Luke Weaver,30,P,1.0,0,0,1,0,0,0,3,9,7,0,0,0,
2026,,2026-04-26,823637,home,NYM,COL,642207,Devin Williams,38,P,1.0,0,0,0,0,0,2,3,14,10,0,0,0,
2026,,2026-04-26,823637,home,NYM,COL,673540,Kodai Senga,34,P,2.2,3,3,3,1,3,1,15,50,30,0,1,0,
2026,,2026-04-26,823637,home,NYM,COL,605218,Carl Edwards Jr.,52,P,3.1,0,0,0,0,3,5,13,49,29,0,0,0,
2026,,2026-04-26,823637,home,NYM,COL,548384,Brooks Raley,25,P,1.0,0,0,0,0,0,1,3,11,9,0,0,0,
2026,,2026-04-26,822991,away,MIN,TBR,623437,Justin Topa,48,P,1.0,0,0,1,0,0,1,4,10,8,0,0,0,
2026,,2026-04-26,822991,away,MIN,TBR,680573,Simeon Woods Richardson,24,P,4.1,4,4,8,1,3,2,22,78,47,0,1,0,
2026,,2026-04-26,822991,away,MIN,TBR,607455,Anthony Banda,43,P,0.2,0,0,0,0,0,1,2,9,5,0,0,0,
2026,,2026-04-26,822991,away,MIN,TBR,663485,Cole Sands,44,P,0.2,0,0,0,0,0,0,2,7,4,0,0,0,
2026,,2026-04-26,822991,away,MIN,TBR,681892,Kody Funderburk,57,P,1.1,0,0,0,0,1,0,4,20,11,0,0,0,
2026,,2026-04-26,822991,home,TBR,MIN,642121,Cole Sulser,71,P,1.1,0,0,1,0,0,2,5,26,17,0,0,0,
2026,,2026-04-26,822991,home,TBR,MIN,669947,Jesse Scholtens,65,P,4.1,2,2,3,1,3,1,20,72,47,1,0,0,
2026,,2026-04-26,822991,home,TBR,MIN,643377,Griffin Jax,22,P,2.1,0,0,1,0,1,2,8,31,20,0,0,0,
2026,,2026-04-26,822991,home,TBR,MIN,641329,Bryan Baker,47,P,1.0,0,0,0,0,0,1,3,16,12,0,0,1,
2026,,2026-04-26,824612,away,WSN,CHW,663992,Richard Lovelady,55,P,1.0,0,0,1,0,1,2,5,14,9,1,0,0,
2026,,2026-04-26,824612,away,WSN,CHW,681402,Gus Varland,47,P,1.0,0,0,0,0,0,1,3,10,6,0,0,0,
2026,,2026-04-26,824612,away,WSN,CHW,687606,Paxton Schultz,75,P,1.0,1,0,1,0,0,2,4,17,14,0,0,1,
2026,,2026-04-26,824612,away,WSN,CHW,656492,Foster Griffin,22,P,7.0,0,0,2,0,2,8,26,95,61,0,0,0,
2026,,2026-04-26,824612,home,CHW,WSN,622554,Seranthony Domínguez,58,P,1.0,2,1,1,1,0,0,4,18,11,0,1,0,
2026,,2026-04-26,824612,home,CHW,WSN,680732,Sean Burke,59,P,7.1,0,0,3,0,0,4,24,76,54,0,0,0,
2026,,2026-04-26,824612,home,CHW,WSN,663542,Bryan Hudson,60,P,1.0,0,0,0,0,0,1,3,8,7,0,0,0,
2026,,2026-04-26,824612,home,CHW,WSN,656794,Sean Newcomb,15,P,0.2,0,0,0,0,1,0,3,10,5,0,0,0,
2026,,2026-04-26,824202,away,NYY,HOU,621112,Paul Blackburn,58,P,3.0,1,1,2,0,0,2,10,43,28,0,0,0,
2026,,2026-04-26,824202,away,NYY,HOU,642232,Ryan Yarbrough,33,P,1.0,0,0,0,0,0,2,4,11,9,0,0,0,
2026,,2026-04-26,824202,away,NYY,HOU,661563,Luis Gil,81,P,4.0,6,6,5,2,3,0,20,83,48,0,1,0,
2026,,2026-04-26,824202,home,HOU,NYY,660853,Enyel De Los Santos,65,P,1.0,3,3,4,0,0,0,7,24,16,0,0,0,
2026,,2026-04-26,824202,home,HOU,NYY,687911,Bryan King,74,P,1.0,0,0,0,0,0,1,3,11,7,0,0,0,
2026,,2026-04-26,824202,home,HOU,NYY,681293,Spencer Arrighetti,41,P,7.0,1,1,3,1,1,8,26,96,64,1,0,0,
2026,,2026-04-26,823797,away,PIT,MIL,681895,Evan Sisk,48,P,1.1,0,0,1,0,0,2,6,23,13,0,0,0,
2026,,2026-04-26,823797,away,PIT,MIL,669387,Carmen Mlodzinski,50,P,3.2,5,4,5,0,1,4,18,81,52,0,1,0,
2026,,2026-04-26,823797,away,PIT,MIL,664875,Justin Lawrence,61,P,1.0,0,0,0,0,0,0,3,9,6,0,0,0,
2026,,2026-04-26,823797,away,PIT,MIL,676742,Cam Sanders,64,P,2.0,0,0,1,0,1,1,8,32,20,0,0,0,
2026,,2026-04-26,823797,home,MIL,PIT,682842,Abner Uribe,45,P,1.0,0,0,0,0,0,2,3,13,9,0,0,0,
2026,,2026-04-26,823797,home,MIL,PIT,690986,Kyle Harrison,52,P,6.0,0,0,1,0,1,12,19,101,72,1,0,0,
2026,,2026-04-26,823797,home,MIL,PIT,676879,Aaron Ashby,26,P,1.0,0,0,0,0,2,2,6,28,14,0,0,0,
2026,,2026-04-26,823797,home,MIL,PIT,656730,Trevor Megill,29,P,1.0,0,0,1,0,1,2,5,26,15,0,0,0,
2026,,2026-04-26,823068,away,SEA,STL,678606,Jose A. Ferrer,45,P,1.0,0,0,0,0,0,0,3,11,8,0,0,1,
2026,,2026-04-26,823068,away,SEA,STL,642100,Gabe Speier,55,P,0.2,0,0,0,0,1,0,3,15,8,0,0,0,
2026,,2026-04-26,823068,away,SEA,STL,660825,Eduard Bazardo,83,P,1.1,0,0,0,0,0,1,4,12,11,1,0,0,
2026,,2026-04-26,823068,away,SEA,STL,676106,Emerson Hancock,26,P,6.0,2,2,7,2,2,4,27,94,53,0,0,0,
2026,,2026-04-26,823068,home,STL,SEA,700241,Michael McGreevy,36,P,6.0,1,1,5,1,0,6,22,98,65,0,0,0,
2026,,2026-04-26,823068,home,STL,SEA,694335,Matt Svanson,49,P,1.0,1,1,2,0,0,1,5,16,12,0,0,0,
2026,,2026-04-26,823068,home,STL,SEA,668941,JoJo Romero,59,P,1.0,1,1,1,1,0,2,4,21,12,0,1,0,
2026,,2026-04-26,823068,home,STL,SEA,592773,Ryne Stanek,55,P,1.0,0,0,0,0,0,3,3,22,15,0,0,0,
2026,,2026-04-26,822911,away,ATH,TEX,669372,J.T. Ginn,35,P,3.1,0,0,3,0,1,2,14,46,29,0,0,0,
2026,,2026-04-26,822911,away,ATH,TEX,686993,Justin Sterner,60,P,1.0,0,0,1,0,0,2,4,13,10,1,0,0,
2026,,2026-04-26,822911,away,ATH,TEX,682052,Jacob Lopez,57,P,1.0,1,1,1,0,2,1,7,25,12,0,0,0,
2026,,2026-04-26,822911,away,ATH,TEX,669270,Joel Kuhnel,47,P,0.2,0,0,0,0,1,1,3,9,5,0,0,0,
2026,,2026-04-26,822911,away,ATH,TEX,663687,Hogan Harris,36,P,1.0,0,0,0,0,1,1,4,19,10,0,0,0,
2026,,2026-04-26,822911,away,ATH,TEX,678022,Jack Perkins,50,P,2.0,0,0,1,0,0,3,7,26,20,0,0,1,
2026,,2026-04-26,822911,home,TEX,ATH,677958,Kumar Rocker,80,P,6.0,2,2,6,0,2,3,25,84,53,0,1,0,
2026,,2026-04-26,822911,home,TEX,ATH,682608,Peyton Gray,75,P,1.0,0,0,1,0,2,1,6,21,14,0,0,0,
2026,,2026-04-26,822911,home,TEX,ATH,641302,Tyler Alexander,13,P,1.0,0,0,2,0,0,0,5,11,9,0,0,0,
2026,,2026-04-26,822911,home,TEX,ATH,686560,Gavin Collyer,65,P,1.0,0,0,1,0,0,1,4,16,9,0,0,0,
2026,,2026-04-26,825094,away,SDP,ARI,650633,Michael King,34,P,6.0,2,2,3,2,1,8,22,106,65,0,0,0,
2026,,2026-04-26,825094,away,SDP,ARI,688158,David Morgan,66,P,0.1,4,4,4,1,0,0,5,10,8,0,0,0,
2026,,2026-04-26,825094,away,SDP,ARI,593974,Wandy Peralta,58,P,0.2,0,0,1,0,1,0,3,16,9,0,0,0,
2026,,2026-04-26,825094,away,SDP,ARI,699134,Bradgley Rodriguez,72,P,0.2,2,2,2,0,1,0,5,20,15,0,1,0,
2026,,2026-04-26,825094,away,SDP,ARI,676760,Ron Marinaccio,97,P,0.1,4,4,5,0,0,0,6,24,16,0,0,0,
2026,,2026-04-26,825094,home,ARI,SDP,666661,Juan Morillo,62,P,1.0,0,0,0,0,0,2,4,21,15,0,0,0,
2026,,2026-04-26,825094,home,ARI,SDP,656464,Kevin Ginkel,37,P,1.0,1,1,1,1,0,0,4,10,8,0,0,0,
2026,,2026-04-26,825094,home,ARI,SDP,642528,Jonathan Loáisiga,43,P,1.0,0,0,1,0,0,0,4,16,10,0,0,0,
2026,,2026-04-26,825094,home,ARI,SDP,669194,Ryne Nelson,19,P,5.0,6,6,7,2,2,4,24,93,63,0,0,0,
2026,,2026-04-26,825094,home,ARI,SDP,657044,Ryan Thompson,81,P,1.0,0,0,2,0,0,0,4,6,5,1,0,0,
2026,,2026-04-26,823230,away,MIA,SFG,676534,Calvin Faucher,53,P,1.0,2,2,2,0,1,0,6,18,12,0,0,0,
2026,,2026-04-26,823230,away,MIA,SFG,676974,Max Meyer,23,P,5.0,1,0,4,0,1,5,21,77,51,0,0,0,
2026,,2026-04-26,823230,away,MIA,SFG,669622,Anthony Bender,37,P,1.0,0,0,0,0,0,0,3,12,8,0,0,0,
2026,,2026-04-26,823230,away,MIA,SFG,677053,Andrew Nardi,43,P,1.0,3,3,2,1,2,1,7,20,12,0,1,0,
2026,,2026-04-26,823230,home,SFG,MIA,669062,Erik Miller,68,P,1.1,0,0,0,0,0,1,4,12,7,0,0,1,
2026,,2026-04-26,823230,home,SFG,MIA,694738,Landen Roupp,65,P,7.2,3,3,2,1,2,6,27,103,66,1,0,0,
2026,,2026-04-26,824122,away,LAA,KCR,519141,Drew Pomeranz,13,P,0.1,1,1,1,1,0,0,2,6,3,0,0,0,
2026,,2026-04-26,824122,away,LAA,KCR,696147,Sam Bachman,40,P,1.0,2,2,3,1,2,0,7,23,10,0,0,0,
2026,,2026-04-26,824122,away,LAA,KCR,664192,Joey Lucchesi,67,P,0.2,3,2,1,1,1,1,4,22,12,0,1,0,
2026,,2026-04-26,824122,away,LAA,KCR,666171,Ryan Zeferjahn,56,P,1.2,0,0,0,0,1,1,6,20,12,0,0,0,
2026,,2026-04-26,824122,away,LAA,KCR,672282,Reid Detmers,48,P,5.0,3,3,5,1,1,5,21,93,58,0,0,0,
2026,,2026-04-26,824122,away,LAA,KCR,608718,Brent Suter,37,P,1.0,2,2,2,0,1,0,6,29,18,0,0,0,
2026,,2026-04-26,824122,home,KCR,LAA,669212,Eli Morgan,34,P,0.2,0,0,1,0,0,0,2,14,10,0,0,0,
2026,,2026-04-26,824122,home,KCR,LAA,668674,Lucas Erceg,60,P,1.0,1,0,0,0,1,2,4,21,14,1,0,0,
2026,,2026-04-26,824122,home,KCR,LAA,683232,Nick Mears,31,P,1.0,0,0,0,0,0,1,3,12,8,0,0,0,
2026,,2026-04-26,824122,home,KCR,LAA,607625,Seth Lugo,67,P,6.1,7,7,14,1,1,3,33,97,72,0,0,0,
2026,,2026-04-26,824122,home,KCR,LAA,656638,Alex Lange,56,P,1.0,1,1,1,0,3,2,7,34,18,0,0,0,
2026,,2026-04-26,823959,away,CHC,LAD,571948,Hoby Milner,41,P,1.0,1,1,1,1,0,0,4,14,10,0,0,0,
2026,,2026-04-26,823959,away,CHC,LAD,684007,Shota Imanaga,18,P,5.1,5,4,6,0,3,6,25,100,57,0,1,0,
2026,,2026-04-26,823959,away,CHC,LAD,605441,Yacksel Ríos,57,P,1.2,0,0,0,0,0,2,5,13,10,0,0,0,
2026,,2026-04-26,823959,home,LAD,CHC,683618,Edgardo Henriquez,60,P,1.0,0,0,0,0,2,1,5,24,11,0,0,0,
2026,,2026-04-26,823959,home,LAD,CHC,669165,Kyle Hurt,63,P,1.0,0,0,0,0,0,0,3,5,4,0,0,0,
2026,,2026-04-26,823959,home,LAD,CHC,680736,Justin Wrobleski,70,P,6.0,0,0,4,0,4,6,27,109,62,1,0,0,
2026,,2026-04-26,823959,home,LAD,CHC,676263,Jack Dreyer,86,P,1.0,0,0,0,0,0,1,4,15,8,0,0,0,
2026,,2026-04-27,824446,away,TBR,CLE,571927,Steven Matz,32,P,7.0,2,2,4,1,1,2,25,95,67,1,0,0,
2026,,2026-04-27,824446,away,TBR,CLE,693855,Ian Seymour,61,P,1.0,0,0,0,0,1,2,4,18,10,0,0,0,
2026,,2026-04-27,824446,away,TBR,CLE,641329,Bryan Baker,47,P,1.0,0,0,2,0,0,2,5,23,15,0,0,1,
2026,,2026-04-27,824446,home,CLE,TBR,670036,Matt Festa,52,P,0.1,0,0,0,0,0,0,1,3,2,0,0,0,
2026,,2026-04-27,824446,home,CLE,TBR,670059,Colin Holderman,35,P,2.0,0,0,0,0,0,1,6,23,14,0,0,0,
2026,,2026-04-27,824446,home,CLE,TBR,800048,Parker Messick,77,P,5.2,1,1,3,0,2,9,22,95,58,0,0,0,
2026,,2026-04-27,824446,home,CLE,TBR,681870,Erik Sabrowski,62,P,0.2,0,0,1,0,1,1,4,20,13,0,0,0,
2026,,2026-04-27,824446,home,CLE,TBR,683769,Hunter Gaddis,33,P,0.1,2,2,3,1,0,0,4,13,10,0,1,0,
2026,,2026-04-27,823395,away,STL,PIT,681676,Ryan Fernandez,64,P,2.0,0,0,0,0,0,4,6,23,16,1,0,0,
2026,,2026-04-27,823395,away,STL,PIT,666277,George Soriano,65,P,1.0,0,0,1,0,0,1,4,21,16,0,0,1,
2026,,2026-04-27,823395,away,STL,PIT,669160,Dustin May,3,P,6.0,2,2,7,0,2,2,24,95,60,0,0,0,
2026,,2026-04-27,823395,home,PIT,STL,681895,Evan Sisk,48,P,0.2,0,0,1,0,0,0,3,16,10,0,0,0,
2026,,2026-04-27,823395,home,PIT,STL,642397,Gregory Soto,31,P,1.0,0,0,1,0,0,0,3,18,11,0,0,0,
2026,,2026-04-27,823395,home,PIT,STL,682254,Mason Montgomery,46,P,1.0,0,0,0,0,0,1,3,7,6,0,0,0,
2026,,2026-04-27,823395,home,PIT,STL,676755,Isaac Mattson,72,P,0.1,0,0,0,0,0,1,1,3,3,0,0,0,
2026,,2026-04-27,823395,home,PIT,STL,642701,Dennis Santana,60,P,0.2,4,4,4,2,2,0,8,27,15,0,1,0,
2026,,2026-04-27,823395,home,PIT,STL,664875,Justin Lawrence,61,P,1.0,0,0,0,0,0,1,3,9,6,0,0,0,
2026,,2026-04-27,823395,home,PIT,STL,696062,Wilber Dotel,66,P,4.0,0,0,0,0,0,3,12,44,32,0,0,0,
2026,,2026-04-27,823395,home,PIT,STL,676742,Cam Sanders,64,P,0.1,0,0,0,0,0,1,1,5,4,0,0,0,
2026,,2026-04-27,822825,away,BOS,TOR,669711,Greg Weissert,57,P,1.0,0,0,1,0,0,0,4,10,7,0,0,0,
2026,,2026-04-27,822825,away,BOS,TOR,624133,Ranger Suarez,55,P,8.0,0,0,1,0,1,10,25,105,66,1,0,0,
2026,,2026-04-27,822825,home,TOR,BOS,695445,Chase Lee,,P,1.1,1,1,1,1,0,1,5,21,13,0,0,0,
2026,,2026-04-27,822825,home,TOR,BOS,667297,Tommy Nance,45,P,1.0,0,0,0,0,1,0,4,16,9,0,0,0,
2026,,2026-04-27,822825,home,TOR,BOS,573009,Joe Mantiply,35,P,1.0,0,0,1,0,0,2,4,12,9,0,0,0,
2026,,2026-04-27,822825,home,TOR,BOS,656302,Dylan Cease,84,P,5.2,4,4,7,0,3,5,27,107,65,0,1,0,
2026,,2026-04-27,823719,away,SEA,MIN,695380,Alex Hoppe,48,P,1.2,3,3,2,0,3,3,10,42,22,0,0,0,
2026,,2026-04-27,823719,away,SEA,MIN,677961,Cole Wilcox,43,P,1.1,1,1,3,0,2,1,9,40,26,0,0,0,
2026,,2026-04-27,823719,away,SEA,MIN,622491,Luis Castillo,58,P,5.0,7,7,7,2,2,3,25,97,62,0,1,0,
2026,,2026-04-27,823719,home,MIN,SEA,687570,Connor Prielipp,61,P,5.0,2,2,1,0,3,5,19,84,49,1,0,0,
2026,,2026-04-27,823719,home,MIN,SEA,573124,Taylor Rogers,55,P,1.0,0,0,0,0,1,0,3,14,5,0,0,0,
2026,,2026-04-27,823719,home,MIN,SEA,702193,Andrew Morris,78,P,3.0,2,2,4,1,1,2,13,40,26,0,0,0,
2026,,2026-04-27,824609,away,LAA,CHW,680704,Nick Sandlin,52,P,0.0,3,3,2,0,0,0,3,7,3,0,1,0,
2026,,2026-04-27,824609,away,LAA,CHW,686799,Jack Kochanowicz,41,P,6.0,3,2,5,0,1,5,25,90,56,0,0,0,
2026,,2026-04-27,824609,away,LAA,CHW,519141,Drew Pomeranz,13,P,1.0,2,2,2,2,0,2,5,21,15,0,0,0,
2026,,2026-04-27,824609,away,LAA,CHW,820862,José Fermin,65,P,1.0,0,0,0,0,0,2,3,14,10,0,0,0,
2026,,2026-04-27,824609,home,CHW,LAA,641743,Anthony Kay,18,P,4.0,4,4,7,0,2,2,22,90,51,0,0,0,
2026,,2026-04-27,824609,home,CHW,LAA,674370,Osvaldo Bido,46,P,3.0,1,1,2,1,0,2,10,43,31,1,0,0,
2026,,2026-04-27,824609,home,CHW,LAA,691799,Grant Taylor,31,P,1.1,2,0,3,0,0,2,8,35,25,0,0,0,
2026,,2026-04-27,824609,home,CHW,LAA,663542,Bryan Hudson,60,P,0.1,0,0,0,0,0,0,1,4,2,0,0,1,
2026,,2026-04-27,824609,home,CHW,LAA,663855,Jordan Hicks,44,P,0.1,0,0,2,0,0,0,3,8,7,0,0,0,
2026,,2026-04-27,822906,away,NYY,TEX,657612,Tim Hill,41,P,1.0,0,0,0,0,2,0,5,24,12,0,0,0,
2026,,2026-04-27,822906,away,NYY,TEX,608331,Max Fried,54,P,6.0,0,0,4,0,2,5,21,89,54,1,0,0,
2026,,2026-04-27,822906,away,NYY,TEX,666808,Camilo Doval,75,P,1.0,1,1,1,1,0,2,4,16,11,0,0,0,
2026,,2026-04-27,822906,away,NYY,TEX,670280,David Bednar,53,P,1.0,1,0,2,0,0,1,6,18,13,0,0,1,
2026,,2026-04-27,822906,home,TEX,NYY,682608,Peyton Gray,75,P,2.0,0,0,1,0,2,1,9,41,24,0,0,0,
2026,,2026-04-27,822906,home,TEX,NYY,683004,Jack Leiter,22,P,6.0,4,4,8,3,1,4,26,93,58,0,1,0,
2026,,2026-04-27,822906,home,TEX,NYY,686560,Gavin Collyer,65,P,1.0,0,0,0,0,0,0,3,15,7,0,0,0,
2026,,2026-04-27,823311,away,CHC,SDP,657097,Jacob Webb,71,P,1.0,1,1,1,1,0,1,4,15,11,0,0,0,
2026,,2026-04-27,823311,away,CHC,SDP,571510,Matthew Boyd,16,P,4.0,5,5,8,0,2,4,22,91,56,0,0,0,
2026,,2026-04-27,823311,away,CHC,SDP,664208,Phil Maton,88,P,1.0,2,2,3,0,0,2,6,28,20,0,0,0,
2026,,2026-04-27,823311,away,CHC,SDP,676962,Ben Brown,32,P,2.0,1,0,2,0,1,1,9,43,25,0,1,0,
2026,,2026-04-27,823311,home,SDP,CHC,695243,Mason Miller,22,P,1.0,2,2,3,0,0,1,6,21,15,0,0,0,
2026,,2026-04-27,823311,home,SDP,CHC,592094,Jason Adam,40,P,1.1,0,0,0,0,0,1,4,17,13,0,0,0,
2026,,2026-04-27,823311,home,SDP,CHC,670970,Adrian Morejon,50,P,1.2,0,0,0,0,1,2,6,27,19,0,0,0,
2026,,2026-04-27,823311,home,SDP,CHC,681190,Randy Vásquez,98,P,5.0,5,5,5,2,3,4,23,106,71,1,0,0,
2026,,2026-04-27,823961,away,MIA,LAD,664126,Pete Fairbanks,29,P,0.1,3,3,1,0,3,0,5,23,9,0,1,0,
2026,,2026-04-27,823961,away,MIA,LAD,663969,Tyler Phillips,30,P,0.1,0,0,1,0,0,1,2,6,5,0,0,0,
2026,,2026-04-27,823961,away,MIA,LAD,676534,Calvin Faucher,53,P,1.0,0,0,0,0,0,1,3,10,6,0,0,0,
2026,,2026-04-27,823961,away,MIA,LAD,667463,John King,47,P,1.0,0,0,0,0,0,0,3,7,5,0,0,0,
2026,,2026-04-27,823961,away,MIA,LAD,656848,Michael Petersen,49,P,1.1,0,0,0,0,1,2,5,26,16,0,0,0,
2026,,2026-04-27,823961,away,MIA,LAD,663978,Chris Paddack,33,P,4.0,2,2,4,0,1,1,17,67,43,0,0,0,
2026,,2026-04-27,823961,away,MIA,LAD,677053,Andrew Nardi,43,P,0.2,0,0,2,0,1,1,5,24,16,0,0,0,
2026,,2026-04-27,823961,home,LAD,MIA,681911,Alex Vesia,51,P,1.0,0,0,0,0,1,3,4,23,12,0,0,0,
2026,,2026-04-27,823961,home,LAD,MIA,683618,Edgardo Henriquez,60,P,1.0,0,0,0,0,0,1,3,9,5,0,0,0,
2026,,2026-04-27,823961,home,LAD,MIA,656945,Tanner Scott,66,P,1.0,0,0,0,0,1,3,4,17,12,0,0,0,
2026,,2026-04-27,823961,home,LAD,MIA,671109,Jake Eder,56,P,1.0,0,0,1,0,0,0,3,4,3,1,0,0,
2026,,2026-04-27,823961,home,LAD,MIA,808967,Yoshinobu Yamamoto,18,P,5.0,4,3,5,1,4,4,24,87,56,0,0,0,
2026,,2026-04-28,824447,away,TBR,CLE,607259,Nick Martinez,28,P,7.0,0,0,3,0,1,4,25,78,54,1,0,0,
2026,,2026-04-28,824447,away,TBR,CLE,693855,Ian Seymour,61,P,0.2,0,0,0,0,2,1,4,10,5,0,0,0,
2026,,2026-04-28,824447,away,TBR,CLE,642121,Cole Sulser,71,P,1.0,0,0,1,0,1,2,5,16,10,0,0,1,
2026,,2026-04-28,824447,away,TBR,CLE,687330,Kevin Kelly,49,P,0.1,0,0,0,0,0,0,1,2,1,0,0,0,
2026,,2026-04-28,824447,home,CLE,TBR,641401,Connor Brogdon,75,P,1.1,0,0,1,0,0,0,5,19,12,0,0,0,
2026,,2026-04-28,824447,home,CLE,TBR,688883,Peyton Pallette,41,P,1.0,0,0,0,0,1,1,4,17,10,0,0,0,
2026,,2026-04-28,824447,home,CLE,TBR,676440,Tanner Bibee,28,P,5.0,1,1,4,0,3,6,22,93,59,0,1,0,
2026,,2026-04-28,824447,home,CLE,TBR,682120,Tim Herrin,29,P,1.2,0,0,0,0,1,0,6,22,11,0,0,0,
2026,,2026-04-28,824849,away,HOU,BAL,678906,Kai-Wei Teng,17,P,3.0,2,2,5,0,0,2,13,42,30,0,1,0,
2026,,2026-04-28,824849,away,HOU,BAL,680802,Ryan Weiss,51,P,3.2,3,3,2,1,2,3,15,54,36,0,0,0,
2026,,2026-04-28,824849,away,HOU,BAL,595345,Steven Okert,48,P,0.1,0,0,2,0,0,0,3,10,6,0,0,0,
2026,,2026-04-28,824849,away,HOU,BAL,656986,Bennett Sousa,62,P,1.0,0,0,0,0,0,3,3,13,9,0,0,0,
2026,,2026-04-28,824849,home,BAL,HOU,670329,Rico Garcia,50,P,0.1,0,0,0,0,0,1,1,5,3,0,0,0,
2026,,2026-04-28,824849,home,BAL,HOU,669358,Shane Baz,34,P,5.2,1,1,6,1,1,6,24,98,65,1,0,0,
2026,,2026-04-28,824849,home,BAL,HOU,689296,Anthony Nunez,66,P,1.0,2,2,3,0,0,2,6,19,14,0,0,0,
2026,,2026-04-28,824849,home,BAL,HOU,664854,Ryan Helsley,21,P,1.0,0,0,0,0,0,0,3,12,8,0,0,1,
2026,,2026-04-28,824849,home,BAL,HOU,552640,Andrew Kittredge,39,P,1.0,0,0,2,0,1,3,6,22,14,0,0,0,
2026,,2026-04-28,824526,away,COL,CIN,607536,Kyle Freeland,21,P,5.0,4,4,5,1,1,4,20,79,52,0,1,0,
2026,,2026-04-28,824526,away,COL,CIN,685299,Tanner Gordon,29,P,3.0,3,3,6,1,0,3,15,50,33,0,0,0,
2026,,2026-04-28,824526,home,CIN,COL,663574,Tony Santillan,64,P,1.0,0,0,1,0,1,1,5,19,13,0,0,0,
2026,,2026-04-28,824526,home,CIN,COL,668933,Graham Ashcraft,23,P,1.0,0,0,2,0,0,0,4,16,10,0,0,0,
2026,,2026-04-28,824526,home,CIN,COL,656271,Brock Burke,49,P,1.0,0,0,1,0,0,2,4,11,9,0,0,0,
2026,,2026-04-28,824526,home,CIN,COL,695505,Chase Burns,26,P,6.0,2,2,7,1,1,9,26,97,64,1,0,0,
2026,,2026-04-28,823390,away,STL,PIT,694335,Matt Svanson,49,P,1.0,1,1,1,1,0,3,4,18,11,0,0,0,
2026,,2026-04-28,823390,away,STL,PIT,681517,Kyle Leahy,62,P,5.1,3,3,9,2,0,7,23,82,54,1,0,0,
2026,,2026-04-28,823390,away,STL,PIT,700669,Gordon Graceffo,44,P,1.2,0,0,0,0,0,0,4,11,11,0,0,0,
2026,,2026-04-28,823390,away,STL,PIT,677865,Justin Bruihl,47,P,1.0,3,2,3,0,1,1,6,25,15,0,0,0,
2026,,2026-04-28,823390,home,PIT,STL,682995,Hunter Barco,,P,4.2,5,5,6,0,2,3,23,84,52,0,0,0,
2026,,2026-04-28,823390,home,PIT,STL,677952,Braxton Ashcraft,35,P,4.1,6,6,6,2,3,7,22,87,58,0,1,0,
2026,,2026-04-28,823473,away,SFG,PHI,641816,Tyler Mahle,54,P,5.0,5,5,6,0,3,3,22,82,46,0,1,0,
2026,,2026-04-28,823473,away,SFG,PHI,694918,Blade Tidwell,46,P,2.0,2,2,4,0,1,2,11,47,30,0,0,0,
2026,,2026-04-28,823473,away,SFG,PHI,657424,Matt Gage,93,P,1.0,0,0,1,0,1,1,5,20,10,0,0,0,
2026,,2026-04-28,823473,home,PHI,SFG,666200,Jesús Luzardo,44,P,7.0,0,0,2,0,0,8,23,88,62,1,0,0,
2026,,2026-04-28,823473,home,PHI,SFG,689147,Orion Kerkering,50,P,1.0,0,0,0,0,0,2,3,20,13,0,0,0,
2026,,2026-04-28,823473,home,PHI,SFG,641835,Tim Mayza,37,P,1.0,0,0,0,0,0,2,3,17,11,0,0,0,
2026,,2026-04-28,822823,away,BOS,TOR,677161,Zack Kelly,76,P,1.0,0,0,1,0,1,2,5,20,12,0,0,0,
2026,,2026-04-28,822823,away,BOS,TOR,701719,Tyler Samaniego,78,P,0.2,0,0,1,0,0,0,3,8,6,0,0,0,
2026,,2026-04-28,822823,away,BOS,TOR,801139,Payton Tolle,70,P,4.2,3,3,3,0,4,4,20,68,42,0,1,0,
2026,,2026-04-28,822823,away,BOS,TOR,670245,Ryan Watson,56,P,1.2,0,0,1,0,0,1,6,18,12,0,0,0,
2026,,2026-04-28,822823,home,TOR,BOS,686973,Louis Varland,77,P,1.0,0,0,0,0,0,3,3,15,13,0,0,1,
2026,,2026-04-28,822823,home,TOR,BOS,656546,Jeff Hoffman,23,P,1.0,0,0,0,0,0,2,3,10,8,0,0,0,
2026,,2026-04-28,822823,home,TOR,BOS,702056,Trey Yesavage,39,P,5.1,0,0,4,0,0,3,20,74,50,1,0,0,
2026,,2026-04-28,822823,home,TOR,BOS,689254,Mason Fluharty,68,P,0.2,0,0,0,0,1,0,3,13,7,0,0,0,
2026,,2026-04-28,822823,home,TOR,BOS,643511,Tyler Rogers,71,P,1.0,0,0,0,0,0,1,3,14,11,0,0,0,
2026,,2026-04-28,823636,away,WSN,NYM,701552,Andre Granillo,79,P,2.0,0,0,0,0,2,1,8,32,18,0,0,0,
2026,,2026-04-28,823636,away,WSN,NYM,695418,Brad Lord,41,P,2.1,0,0,1,0,0,1,8,27,19,0,0,0,
2026,,2026-04-28,823636,away,WSN,NYM,641793,Zack Littell,18,P,3.2,8,4,5,2,3,1,20,84,46,0,1,0,
2026,,2026-04-28,823636,home,NYM,WSN,668964,Tobias Myers,32,P,2.0,0,0,0,0,1,2,7,25,18,0,0,0,
2026,,2026-04-28,823636,home,NYM,WSN,605280,Clay Holmes,35,P,6.0,0,0,3,0,1,6,22,94,64,1,0,0,
2026,,2026-04-28,823636,home,NYM,WSN,518886,Craig Kimbrel,46,P,1.0,0,0,0,0,0,3,3,14,10,0,0,0,
2026,,2026-04-28,824931,away,DET,ATL,676428,Brant Hurter,48,P,2.2,0,0,0,0,0,1,9,30,20,0,0,0,
2026,,2026-04-28,824931,away,DET,ATL,663554,Casey Mize,12,P,2.1,2,2,3,0,1,3,11,34,25,0,1,0,
2026,,2026-04-28,824931,away,DET,ATL,663947,Tyler Holton,87,P,1.0,2,2,4,1,0,1,7,20,14,0,0,0,
2026,,2026-04-28,824931,away,DET,ATL,572143,Burch Smith,65,P,2.0,1,1,2,0,1,4,8,33,22,0,0,0,
2026,,2026-04-28,824931,home,ATL,DET,800311,Didier Fuentes,72,P,2.0,0,0,0,0,1,1,7,22,12,0,0,0,
2026,,2026-04-28,824931,home,ATL,DET,641755,Tyler Kinley,45,P,1.0,0,0,2,0,0,2,5,23,13,0,0,0,
2026,,2026-04-28,824931,home,ATL,DET,607481,Aaron Bummer,49,P,1.0,2,2,2,1,0,0,5,12,9,0,0,0,
2026,,2026-04-28,824931,home,ATL,DET,527048,Martín Pérez,33,P,5.0,0,0,2,0,4,5,21,91,53,1,0,0,
2026,,2026-04-28,823716,away,SEA,MIN,666374,Matt Brash,47,P,1.0,0,0,0,0,0,2,3,13,8,0,0,0,
2026,,2026-04-28,823716,away,SEA,MIN,669302,Logan Gilbert,36,P,5.0,1,1,6,1,1,4,24,93,64,0,0,0,
2026,,2026-04-28,823716,away,SEA,MIN,681867,Cooper Criswell,88,P,1.0,0,0,0,0,0,1,3,13,8,0,0,0,
2026,,2026-04-28,823716,away,SEA,MIN,642100,Gabe Speier,55,P,1.0,0,0,0,0,0,0,3,17,12,0,0,0,
2026,,2026-04-28,823716,away,SEA,MIN,660825,Eduard Bazardo,83,P,1.0,0,0,1,0,0,0,4,12,8,1,0,0,
2026,,2026-04-28,823716,home,MIN,SEA,663485,Cole Sands,44,P,0.2,2,2,3,1,0,1,5,13,10,0,0,0,
2026,,2026-04-28,823716,home,MIN,SEA,681892,Kody Funderburk,57,P,1.1,1,1,1,0,1,0,6,15,8,0,0,0,
2026,,2026-04-28,823716,home,MIN,SEA,472610,Luis García,40,P,1.0,2,2,2,0,0,0,6,23,14,0,0,0,
2026,,2026-04-28,823716,home,MIN,SEA,657746,Joe Ryan,41,P,6.0,2,2,6,0,1,6,23,88,62,0,1,0,
2026,,2026-04-28,824610,away,LAA,CHW,667755,José Soriano,59,P,5.0,3,3,6,2,3,6,23,97,57,0,1,0,
2026,,2026-04-28,824610,away,LAA,CHW,820862,José Fermin,65,P,1.2,0,0,0,0,0,1,7,20,10,0,0,0,
2026,,2026-04-28,824610,away,LAA,CHW,664192,Joey Lucchesi,67,P,0.1,1,1,2,0,1,1,4,24,12,0,0,0,
2026,,2026-04-28,824610,away,LAA,CHW,608718,Brent Suter,37,P,1.0,1,1,1,1,0,1,4,17,14,0,0,0,
2026,,2026-04-28,824610,home,CHW,LAA,663436,Davis Martin,65,P,5.2,1,1,7,0,1,7,26,98,69,1,0,0,
2026,,2026-04-28,824610,home,CHW,LAA,622554,Seranthony Domínguez,58,P,1.0,0,0,0,0,1,1,3,12,7,0,0,1,
2026,,2026-04-28,824610,home,CHW,LAA,673929,Jordan Leasure,49,P,1.0,1,1,1,1,0,2,4,12,9,0,0,0,
2026,,2026-04-28,824610,home,CHW,LAA,656794,Sean Newcomb,15,P,1.1,0,0,1,0,1,3,6,29,21,0,0,0,
2026,,2026-04-28,823798,away,ARI,MIL,694851,Andrew Hoffmann,56,P,0.1,8,7,8,0,1,0,11,38,23,0,0,0,
2026,,2026-04-28,823798,away,ARI,MIL,518876,Merrill Kelly,29,P,5.0,5,5,6,1,5,1,24,104,58,0,1,0,
2026,,2026-04-28,823798,away,ARI,MIL,664199,Taylor Clarke,45,P,1.0,0,0,1,0,0,0,4,12,7,0,0,0,
2026,,2026-04-28,823798,away,ARI,MIL,657044,Ryan Thompson,81,P,0.2,0,0,0,0,0,1,2,8,7,0,0,0,
2026,,2026-04-28,823798,away,ARI,MIL,543510,James McCann,8,P,1.0,0,0,0,0,0,0,3,6,4,0,0,0,
2026,,2026-04-28,823798,home,MIL,ARI,694477,Chad Patrick,39,P,5.0,2,2,1,0,5,5,20,98,60,1,0,0,
2026,,2026-04-28,823798,home,MIL,ARI,675660,Shane Drohan,55,P,1.0,0,0,0,0,0,1,3,10,9,0,0,0,
2026,,2026-04-28,823798,home,MIL,ARI,663765,Jake Woodford,41,P,3.0,0,0,2,0,0,2,11,35,26,0,0,1,
2026,,2026-04-28,822908,away,NYY,TEX,687396,Brent Headrick,47,P,1.0,0,0,1,0,1,1,5,19,11,0,0,0,
2026,,2026-04-28,822908,away,NYY,TEX,518585,Fernando Cruz,63,P,1.0,0,0,1,0,1,2,5,17,12,0,0,0,
2026,,2026-04-28,822908,away,NYY,TEX,670280,David Bednar,53,P,1.0,2,1,2,0,0,0,6,22,13,0,0,1,
2026,,2026-04-28,822908,away,NYY,TEX,693645,Cam Schlittler,31,P,6.0,0,0,3,0,2,8,23,92,64,1,0,0,
2026,,2026-04-28,822908,home,TEX,NYY,656222,Jalen Beeks,68,P,1.0,1,1,1,1,0,1,4,15,9,0,0,0,
2026,,2026-04-28,822908,home,TEX,NYY,594798,Jacob deGrom,48,P,6.0,1,1,3,0,0,5,22,93,56,0,1,0,
2026,,2026-04-28,822908,home,TEX,NYY,596001,Jakob Junis,16,P,1.0,0,0,0,0,0,0,3,11,8,0,0,0,
2026,,2026-04-28,822908,home,TEX,NYY,668390,Cole Winn,60,P,1.0,1,1,1,1,0,1,4,20,12,0,0,0,
2026,,2026-04-28,825017,away,KCR,ATH,668674,Lucas Erceg,60,P,1.0,0,0,1,0,1,1,5,23,14,0,0,1,
2026,,2026-04-28,825017,away,KCR,ATH,663460,Kris Bubic,50,P,5.0,1,1,4,0,4,6,24,96,58,0,0,0,
2026,,2026-04-28,825017,away,KCR,ATH,621381,Matt Strahm,25,P,1.0,0,0,2,0,1,2,6,26,17,0,0,0,
2026,,2026-04-28,825017,away,KCR,ATH,683232,Nick Mears,31,P,1.0,0,0,0,0,0,2,3,14,11,1,0,0,
2026,,2026-04-28,825017,away,KCR,ATH,663738,Daniel Lynch IV,41,P,1.0,0,0,1,0,0,0,4,20,11,0,0,0,
2026,,2026-04-28,825017,away,KCR,ATH,670167,John Schreiber,46,P,1.0,0,0,0,0,0,0,2,13,8,0,0,0,
2026,,2026-04-28,825017,home,ATH,KCR,686993,Justin Sterner,60,P,1.0,3,2,2,1,0,0,5,12,7,0,1,0,
2026,,2026-04-28,825017,home,ATH,KCR,605130,Scott Barlow,58,P,1.1,0,0,0,0,0,1,4,11,7,0,0,0,
2026,,2026-04-28,825017,home,ATH,KCR,650644,Aaron Civale,45,P,5.0,0,0,5,0,1,3,20,87,60,0,0,0,
2026,,2026-04-28,825017,home,ATH,KCR,663687,Hogan Harris,36,P,0.2,1,1,1,1,2,1,5,22,9,0,0,0,
2026,,2026-04-28,825017,home,ATH,KCR,643410,Mark Leiter Jr.,38,P,1.0,0,0,0,0,0,1,3,9,7,0,0,0,
2026,,2026-04-28,825017,home,ATH,KCR,678022,Jack Perkins,50,P,1.0,0,0,0,0,0,1,3,12,8,0,0,0,
2026,,2026-04-28,823310,away,CHC,SDP,571948,Hoby Milner,41,P,1.1,0,0,0,0,0,1,4,22,16,0,0,0,
2026,,2026-04-28,823310,away,CHC,SDP,665795,Edward Cabrera,30,P,5.2,3,3,6,1,1,7,25,99,66,1,0,0,
2026,,2026-04-28,823310,away,CHC,SDP,669020,Ryan Rolison,33,P,2.0,0,0,0,0,0,2,6,22,15,0,0,0,
2026,,2026-04-28,823310,home,SDP,CHC,688158,David Morgan,66,P,0.2,1,1,1,0,1,1,4,20,12,0,0,0,
2026,,2026-04-28,823310,home,SDP,CHC,593974,Wandy Peralta,58,P,1.0,3,3,2,1,0,0,6,26,15,0,0,0,
2026,,2026-04-28,823310,home,SDP,CHC,621111,Walker Buehler,10,P,4.2,2,2,3,0,3,4,22,92,48,0,0,0,
2026,,2026-04-28,823310,home,SDP,CHC,606996,Kyle Hart,68,P,0.2,2,2,1,0,1,1,4,14,8,0,1,0,
2026,,2026-04-28,823310,home,SDP,CHC,676760,Ron Marinaccio,97,P,2.0,0,0,1,0,1,1,8,30,18,0,0,0,
2026,,2026-04-28,823956,away,MIA,LAD,663969,Tyler Phillips,30,P,1.0,0,0,1,0,0,0,4,16,12,0,0,1,
2026,,2026-04-28,823956,away,MIA,LAD,667463,John King,47,P,0.2,0,0,0,0,0,0,2,3,3,0,0,0,
2026,,2026-04-28,823956,away,MIA,LAD,656848,Michael Petersen,49,P,0.1,1,1,3,0,0,0,4,9,7,0,0,0,
2026,,2026-04-28,823956,away,MIA,LAD,669622,Anthony Bender,37,P,1.0,0,0,0,0,0,0,3,8,7,0,0,0,
2026,,2026-04-28,823956,away,MIA,LAD,676083,Janson Junk,26,P,6.0,0,0,3,0,1,4,23,76,55,1,0,0,
2026,,2026-04-28,823956,home,LAD,MIA,656945,Tanner Scott,66,P,1.0,0,0,1,0,0,1,4,16,13,0,0,0,
2026,,2026-04-28,823956,home,LAD,MIA,660271,Shohei Ohtani,17,P,6.0,2,1,5,0,3,9,27,104,67,0,1,0,
2026,,2026-04-28,823956,home,LAD,MIA,676263,Jack Dreyer,86,P,1.0,0,0,1,0,0,2,4,23,15,0,0,0,
2026,,2026-04-28,823956,home,LAD,MIA,595014,Blake Treinen,49,P,1.0,0,0,1,0,0,1,4,21,12,0,0,0,
2026,,2026-04-29,824445,away,TBR,CLE,668984,Casey Legumina,67,P,1.0,0,0,1,0,1,0,5,18,9,0,0,0,
2026,,2026-04-29,824445,away,TBR,CLE,672782,Yoendrys Gómez,94,P,2.0,0,0,2,0,0,1,8,29,19,0,0,0,
2026,,2026-04-29,824445,away,TBR,CLE,656876,Drew Rasmussen,57,P,5.0,3,2,6,0,1,6,24,91,65,0,1,0,
2026,,2026-04-29,824445,home,CLE,TBR,671922,Cade Smith,36,P,1.0,0,0,1,0,0,2,4,12,10,0,0,1,
2026,,2026-04-29,824445,home,CLE,TBR,681870,Erik Sabrowski,62,P,0.1,0,0,0,0,0,1,1,5,3,0,0,0,
2026,,2026-04-29,824445,home,CLE,TBR,668909,Gavin Williams,32,P,7.2,1,0,5,0,0,9,29,95,71,1,0,0,
2026,,2026-04-29,824608,away,LAA,CHW,681217,Chase Silseth,63,P,0.2,0,0,0,0,2,0,4,13,5,0,0,0,
2026,,2026-04-29,824608,away,LAA,CHW,815083,Mitch Farris,70,P,3.2,1,1,3,0,2,3,14,62,42,0,0,0,
2026,,2026-04-29,824608,away,LAA,CHW,519141,Drew Pomeranz,13,P,0.1,1,1,1,0,2,0,4,6,2,0,1,0,
2026,,2026-04-29,824608,away,LAA,CHW,696147,Sam Bachman,40,P,0.2,0,0,0,0,0,0,2,14,8,0,0,0,
2026,,2026-04-29,824608,away,LAA,CHW,666171,Ryan Zeferjahn,56,P,2.0,1,1,1,0,0,4,8,36,23,0,0,0,
2026,,2026-04-29,824608,away,LAA,CHW,579328,Yusei Kikuchi,16,P,2.0,0,0,2,0,1,1,9,35,19,0,0,0,
2026,,2026-04-29,824608,home,CHW,LAA,622554,Seranthony Domínguez,58,P,1.0,0,0,0,0,0,1,3,16,10,1,0,0,
2026,,2026-04-29,824608,home,CHW,LAA,663542,Bryan Hudson,60,P,1.0,0,0,1,0,0,2,4,20,12,0,0,0,
2026,,2026-04-29,824608,home,CHW,LAA,607200,Erick Fedde,47,P,7.0,2,2,5,2,0,6,26,103,65,0,0,0,
2026,,2026-04-29,824608,home,CHW,LAA,699823,Tyler Davis,63,P,1.0,0,0,0,0,0,0,2,3,3,0,0,0,
2026,,2026-04-29,823717,away,SEA,MIN,678606,Jose A. Ferrer,45,P,0.2,0,0,0,0,0,1,2,11,7,0,0,0,
2026,,2026-04-29,823717,away,SEA,MIN,666374,Matt Brash,47,P,0.0,0,0,0,0,0,0,0,2,1,0,0,0,
2026,,2026-04-29,823717,away,SEA,MIN,681867,Cooper Criswell,88,P,0.1,0,0,0,0,0,0,1,3,2,1,0,0,
2026,,2026-04-29,823717,away,SEA,MIN,669923,George Kirby,68,P,5.2,2,2,8,0,2,5,25,97,64,0,0,0,
2026,,2026-04-29,823717,away,SEA,MIN,662253,Andrés Muñoz,75,P,1.0,0,0,0,0,0,2,3,15,9,0,0,1,
2026,,2026-04-29,823717,away,SEA,MIN,642100,Gabe Speier,55,P,0.2,1,1,3,0,1,2,6,30,20,0,0,0,
2026,,2026-04-29,823717,away,SEA,MIN,660825,Eduard Bazardo,83,P,0.2,0,0,1,0,0,0,3,10,6,0,0,0,
2026,,2026-04-29,823717,home,MIN,SEA,671737,Taj Bradley,26,P,7.0,2,2,4,1,2,7,27,114,73,0,0,0,
2026,,2026-04-29,823717,home,MIN,SEA,607455,Anthony Banda,43,P,1.0,0,0,0,0,1,2,4,22,14,0,0,0,
2026,,2026-04-29,823717,home,MIN,SEA,573124,Taylor Rogers,55,P,0.2,0,0,1,0,0,0,3,13,9,0,0,0,
2026,,2026-04-29,823717,home,MIN,SEA,679358,Eric Orze,19,P,0.1,3,3,2,0,2,1,5,28,13,0,1,0,
2026,,2026-04-29,822907,away,NYY,TEX,695684,Elmer Rodríguez,71,P,4.0,2,2,4,0,4,3,20,80,42,0,1,0,
2026,,2026-04-29,822907,away,NYY,TEX,657612,Tim Hill,41,P,0.2,0,0,0,0,0,0,1,3,3,0,0,0,
2026,,2026-04-29,822907,away,NYY,TEX,687396,Brent Headrick,47,P,1.1,0,0,0,0,0,1,4,22,14,0,0,0,
2026,,2026-04-29,822907,away,NYY,TEX,518585,Fernando Cruz,63,P,1.0,0,0,1,0,0,2,4,21,13,0,0,0,
2026,,2026-04-29,822907,away,NYY,TEX,656234,Jake Bird,59,P,1.0,1,1,2,0,0,0,5,15,12,0,0,0,
2026,,2026-04-29,822907,home,TEX,NYY,656641,Jacob Latz,67,P,2.0,0,0,1,0,0,1,7,27,18,0,0,1,
2026,,2026-04-29,822907,home,TEX,NYY,543135,Nathan Eovaldi,17,P,7.0,0,0,4,0,1,7,26,102,70,1,0,0,
2026,,2026-04-29,822821,away,BOS,TOR,669711,Greg Weissert,57,P,0.2,2,2,2,1,0,1,4,13,10,0,0,0,
2026,,2026-04-29,822821,away,BOS,TOR,678394,Brayan Bello,66,P,3.2,4,4,6,0,2,2,18,63,40,0,1,0,
2026,,2026-04-29,822821,away,BOS,TOR,676477,Garrett Whitlock,22,P,1.0,1,1,1,1,0,0,4,15,10,0,0,0,
2026,,2026-04-29,822821,away,BOS,TOR,663558,Jovani Morán,47,P,2.2,1,1,1,0,1,0,11,39,24,0,0,0,
2026,,2026-04-29,822821,home,TOR,BOS,693686,Spencer Miles,62,P,2.0,0,0,0,0,1,3,7,26,16,0,0,0,
2026,,2026-04-29,822821,home,TOR,BOS,667297,Tommy Nance,45,P,0.2,0,0,1,0,0,0,3,7,5,0,0,0,
2026,,2026-04-29,822821,home,TOR,BOS,573009,Joe Mantiply,35,P,0.1,0,0,2,0,0,1,3,10,8,0,0,0,
2026,,2026-04-29,822821,home,TOR,BOS,641778,Eric Lauer,56,P,4.1,1,1,5,1,1,1,19,68,45,0,0,0,
2026,,2026-04-29,822821,home,TOR,BOS,680755,Braydon Fisher,63,P,1.2,0,0,1,0,0,1,5,17,14,1,0,0,
2026,,2026-04-29,823958,away,MIA,LAD,645261,Sandy Alcantara,22,P,6.0,2,2,7,0,2,4,27,104,73,0,0,0,
2026,,2026-04-29,823958,away,MIA,LAD,676534,Calvin Faucher,53,P,1.0,0,0,0,0,3,0,5,16,6,0,0,1,
2026,,2026-04-29,823958,away,MIA,LAD,667463,John King,47,P,1.0,0,0,0,0,0,1,3,15,10,0,0,0,
2026,,2026-04-29,823958,away,MIA,LAD,677053,Andrew Nardi,43,P,1.0,0,0,0,0,1,1,3,12,8,1,0,0,
2026,,2026-04-29,823958,home,LAD,MIA,607192,Tyler Glasnow,31,P,5.2,2,2,3,2,6,9,24,92,56,0,0,0,
2026,,2026-04-29,823958,home,LAD,MIA,681911,Alex Vesia,51,P,0.1,0,0,0,0,0,0,1,5,4,0,0,0,
2026,,2026-04-29,823958,home,LAD,MIA,669165,Kyle Hurt,63,P,1.0,0,0,0,0,0,1,3,5,5,0,0,0,
2026,,2026-04-29,823958,home,LAD,MIA,694361,Will Klein,61,P,2.0,1,1,3,0,1,3,10,26,20,0,1,0,
2026,,2026-04-29,823312,away,CHC,SDP,571948,Hoby Milner,41,P,0.1,0,0,0,0,0,1,1,3,3,0,0,1,
2026,,2026-04-29,823312,away,CHC,SDP,592791,Jameson Taillon,50,P,7.0,3,3,3,2,1,6,25,95,66,1,0,0,
2026,,2026-04-29,823312,away,CHC,SDP,656686,Corbin Martin,38,P,0.0,1,1,0,0,3,0,3,19,7,0,0,0,
2026,,2026-04-29,823312,away,CHC,SDP,676962,Ben Brown,32,P,1.2,0,0,0,0,0,1,4,11,7,0,0,0,
2026,,2026-04-29,823312,home,SDP,CHC,695243,Mason Miller,22,P,1.0,0,0,0,0,1,1,4,19,9,0,0,0,
2026,,2026-04-29,823312,home,SDP,CHC,592094,Jason Adam,40,P,1.0,1,1,1,1,1,1,5,25,14,0,0,0,
2026,,2026-04-29,823312,home,SDP,CHC,699134,Bradgley Rodriguez,72,P,1.1,0,0,1,0,1,0,6,22,13,0,0,0,
2026,,2026-04-29,823312,home,SDP,CHC,670970,Adrian Morejon,50,P,0.2,1,1,1,0,1,0,4,16,10,0,1,0,
2026,,2026-04-29,823312,home,SDP,CHC,663362,Matt Waldron,61,P,5.0,3,3,6,1,1,1,22,83,56,0,0,0,
2026,,2026-04-29,824525,away,COL,CIN,623474,Jimmy Herget,44,P,1.0,2,2,4,1,0,3,7,26,17,0,0,0,
2026,,2026-04-29,824525,away,COL,CIN,657514,Brennan Bernardino,83,P,1.2,0,0,1,0,0,1,5,21,12,0,0,0,
2026,,2026-04-29,824525,away,COL,CIN,675848,Juan Mejia,47,P,1.0,0,0,1,0,0,3,4,15,11,0,0,0,
2026,,2026-04-29,824525,away,COL,CIN,608372,Tomoyuki Sugano,11,P,5.1,0,0,4,0,3,2,22,91,60,1,0,0,
2026,,2026-04-29,824525,home,CIN,COL,682825,Luis Mey,47,P,2.0,1,1,1,1,1,4,9,32,18,0,0,0,
2026,,2026-04-29,824525,home,CIN,COL,682227,Brandon Williamson,55,P,3.0,4,4,4,0,4,4,16,58,33,0,1,0,
2026,,2026-04-29,824525,home,CIN,COL,683742,Jose Franco,74,P,3.0,3,3,4,1,1,3,14,41,28,0,0,0,
2026,,2026-04-29,824525,home,CIN,COL,624431,Jose Trevino,35,P,1.0,5,5,6,0,0,0,9,20,15,0,0,0,
2026,,2026-04-29,823392,away,STL,PIT,668941,JoJo Romero,59,P,0.2,0,0,1,0,1,1,4,17,8,0,0,0,
2026,,2026-04-29,823392,away,STL,PIT,676617,Riley O'Brien,61,P,1.0,0,0,1,0,0,1,4,11,8,0,0,1,
2026,,2026-04-29,823392,away,STL,PIT,669467,Andre Pallante,53,P,6.0,1,1,5,1,0,6,24,91,58,1,0,0,
2026,,2026-04-29,823392,away,STL,PIT,666277,George Soriano,65,P,1.0,1,0,1,0,1,1,6,29,18,0,0,0,
2026,,2026-04-29,823392,away,STL,PIT,592773,Ryne Stanek,55,P,0.1,2,2,1,0,2,0,4,22,11,0,0,0,
2026,,2026-04-29,823392,home,PIT,STL,681895,Evan Sisk,48,P,1.1,1,1,0,0,1,2,6,27,13,0,0,0,
2026,,2026-04-29,823392,home,PIT,STL,606965,Chris Devenski,57,P,0.2,1,1,2,0,0,1,4,14,10,0,0,0,
2026,,2026-04-29,823392,home,PIT,STL,670990,Yohan Ramírez,49,P,1.0,0,0,1,0,1,2,5,16,13,0,0,0,
2026,,2026-04-29,823392,home,PIT,STL,696149,Bubba Chandler,36,P,5.0,3,3,3,1,4,6,22,85,53,0,1,0,
2026,,2026-04-29,823392,home,PIT,STL,642701,Dennis Santana,60,P,1.0,0,0,0,0,0,0,3,9,7,0,0,0,
2026,,2026-04-29,823633,away,WSN,NYM,676571,PJ Poulin,50,P,1.0,0,0,0,0,0,1,3,10,6,0,0,0,
2026,,2026-04-29,823633,away,WSN,NYM,672335,Cionel Pérez,51,P,1.0,0,0,0,0,0,0,3,16,11,0,0,0,
2026,,2026-04-29,823633,away,WSN,NYM,676917,Cade Cavalli,24,P,6.0,2,2,8,1,2,10,27,97,69,1,0,0,
2026,,2026-04-29,823633,away,WSN,NYM,687606,Paxton Schultz,75,P,1.0,0,0,2,0,0,1,5,14,9,0,0,0,
2026,,2026-04-29,823633,home,NYM,WSN,640455,Sean Manaea,59,P,2.2,6,6,7,1,2,4,18,73,45,0,0,0,
2026,,2026-04-29,823633,home,NYM,WSN,605218,Carl Edwards Jr.,52,P,2.2,1,1,3,1,1,6,12,50,33,0,0,0,
2026,,2026-04-29,823633,home,NYM,WSN,656849,David Peterson,23,P,3.2,7,7,5,0,3,5,19,80,48,0,1,0,
2026,,2026-04-29,824930,away,DET,ATL,669373,Tarik Skubal,29,P,7.0,2,2,5,1,0,7,24,91,60,0,0,0,
2026,,2026-04-29,824930,away,DET,ATL,640448,Kyle Finnegan,67,P,1.0,0,0,0,0,2,1,5,29,17,0,0,0,
2026,,2026-04-29,824930,away,DET,ATL,445276,Kenley Jansen,74,P,0.0,2,2,1,1,1,0,2,11,6,0,1,0,
2026,,2026-04-29,824930,home,ATL,DET,669276,Dylan Lee,52,P,1.2,0,0,0,0,0,4,5,28,16,0,0,0,
2026,,2026-04-29,824930,home,ATL,DET,702275,JR Ritchie,60,P,5.1,3,2,5,1,4,4,25,97,56,0,0,0,
2026,,2026-04-29,824930,home,ATL,DET,625643,Reynaldo López,40,P,2.0,0,0,0,0,0,2,6,17,12,1,0,0,
2026,,2026-04-29,823796,away,ARI,MIL,593958,Eduardo Rodriguez,57,P,4.2,2,2,5,0,4,4,23,87,48,0,0,0,
2026,,2026-04-29,823796,away,ARI,MIL,666661,Juan Morillo,62,P,1.0,0,0,0,0,0,1,3,14,10,0,0,0,
2026,,2026-04-29,823796,away,ARI,MIL,656464,Kevin Ginkel,37,P,1.1,0,0,1,0,0,3,5,26,16,1,0,0,
2026,,2026-04-29,823796,away,ARI,MIL,623149,Paul Sewald,38,P,1.0,0,0,0,0,0,1,3,13,9,0,0,0,
2026,,2026-04-29,823796,away,ARI,MIL,664199,Taylor Clarke,45,P,1.0,0,0,0,0,0,1,3,14,9,0,0,0,
2026,,2026-04-29,823796,home,MIL,ARI,681982,Grant Anderson,56,P,1.0,2,2,2,2,0,2,5,25,18,0,0,0,
2026,,2026-04-29,823796,home,MIL,ARI,702153,Brian Fitzpatrick,35,P,1.1,0,0,2,0,1,0,7,24,13,0,0,0,
2026,,2026-04-29,823796,home,MIL,ARI,687075,Brandon Sproat,23,P,4.1,4,4,6,2,2,5,20,82,52,0,1,0,
2026,,2026-04-29,823796,home,MIL,ARI,669084,DL Hall,37,P,2.1,0,0,1,0,1,3,9,42,24,0,0,0,
2026,,2026-04-29,825015,away,KCR,ATH,696131,Mason Black,47,P,1.0,0,0,1,0,0,0,4,20,13,0,0,0,
2026,,2026-04-29,825015,away,KCR,ATH,679883,Luinder Avila,58,P,1.0,1,1,2,0,0,2,5,20,12,0,0,0,
2026,,2026-04-29,825015,away,KCR,ATH,608379,Michael Wacha,52,P,5.0,4,4,8,1,4,5,25,105,64,0,1,0,
2026,,2026-04-29,825015,away,KCR,ATH,656638,Alex Lange,56,P,1.0,0,0,0,0,1,0,4,15,8,0,0,0,
2026,,2026-04-29,825015,home,ATH,KCR,622663,Luis Severino,40,P,7.0,1,1,4,0,2,8,25,103,71,1,0,0,
2026,,2026-04-29,825015,home,ATH,KCR,669270,Joel Kuhnel,47,P,1.2,1,1,2,0,1,0,7,31,17,0,0,0,
2026,,2026-04-29,825015,home,ATH,KCR,643410,Mark Leiter Jr.,38,P,0.1,0,0,0,0,1,1,2,11,5,0,0,1,
2026,,2026-04-30,824929,away,DET,ATL,664285,Framber Valdez,59,P,6.0,2,2,6,0,0,8,25,99,67,0,0,0,
2026,,2026-04-30,824929,away,DET,ATL,623454,Drew Anderson,38,P,2.0,0,0,1,0,1,2,8,31,18,1,0,0,
2026,,2026-04-30,824929,away,DET,ATL,640448,Kyle Finnegan,67,P,1.0,0,0,1,0,0,1,4,17,10,0,0,1,
2026,,2026-04-30,824929,home,ATL,DET,660761,José Suarez,54,P,1.0,2,2,2,0,2,2,6,31,17,0,0,0,
2026,,2026-04-30,824929,home,ATL,DET,606303,Joel Payamps,34,P,0.1,2,2,2,0,1,1,4,17,9,0,1,0,
2026,,2026-04-30,824929,home,ATL,DET,641755,Tyler Kinley,45,P,1.0,0,0,2,0,1,1,6,27,18,0,0,0,
2026,,2026-04-30,824929,home,ATL,DET,607481,Aaron Bummer,49,P,0.2,0,0,0,0,1,1,3,12,6,0,0,0,
2026,,2026-04-30,824929,home,ATL,DET,693821,Bryce Elder,55,P,6.0,1,1,6,0,3,5,26,90,56,0,0,0,
2026,,2026-04-30,824848,away,HOU,BAL,595345,Steven Okert,48,P,0.2,3,3,2,1,1,0,5,16,9,0,0,0,
2026,,2026-04-30,824848,away,HOU,BAL,805123,AJ Blubaugh,69,P,1.0,0,0,0,0,0,1,3,13,8,0,0,0,
2026,,2026-04-30,824848,away,HOU,BAL,663567,Peter Lambert,38,P,4.1,2,2,2,0,3,3,18,91,52,0,1,0,
2026,,2026-04-30,824848,away,HOU,BAL,669920,Jason Alexander,54,P,2.0,5,5,2,1,3,1,11,31,13,0,0,0,
2026,,2026-04-30,824848,home,BAL,HOU,670329,Rico Garcia,50,P,0.1,0,0,0,0,0,0,1,2,2,0,0,0,
2026,,2026-04-30,824848,home,BAL,HOU,664744,Jose Espada,70,P,1.0,0,0,2,0,0,0,4,15,10,0,0,0,
2026,,2026-04-30,824848,home,BAL,HOU,605135,Chris Bassitt,40,P,6.2,1,1,7,0,1,7,27,94,62,1,0,0,
2026,,2026-04-30,824848,home,BAL,HOU,689296,Anthony Nunez,66,P,1.0,2,0,3,0,0,0,7,13,11,0,0,0,
2026,,2026-04-30,824850,away,HOU,BAL,650556,Bryan Abreu,52,P,1.0,1,1,2,0,2,3,7,27,17,0,0,0,
2026,,2026-04-30,824850,away,HOU,BAL,660853,Enyel De Los Santos,65,P,1.0,0,0,1,0,1,2,5,25,14,0,0,0,
2026,,2026-04-30,824850,away,HOU,BAL,675989,Cody Bolton,67,P,1.0,1,1,1,0,1,0,5,18,8,0,0,0,
2026,,2026-04-30,824850,away,HOU,BAL,621121,Lance McCullers Jr.,43,P,6.0,3,3,2,0,4,9,24,99,57,1,0,0,
2026,,2026-04-30,824850,home,BAL,HOU,669211,Keegan Akin,45,P,1.0,0,0,1,0,0,1,4,14,9,0,0,0,
2026,,2026-04-30,824850,home,BAL,HOU,669330,Tyler Wells,68,P,1.0,0,0,1,0,0,0,4,16,12,0,0,0,
2026,,2026-04-30,824850,home,BAL,HOU,687064,Brandon Young,63,P,4.0,10,7,10,2,2,2,25,82,51,0,1,0,
2026,,2026-04-30,824850,home,BAL,HOU,671382,Cameron Foster,65,P,2.0,1,1,3,0,1,2,10,32,20,0,0,0,
2026,,2026-04-30,824850,home,BAL,HOU,666974,Yennier Cano,78,P,1.0,0,0,0,0,0,2,3,10,9,0,0,0,
2026,,2026-04-30,823391,away,STL,PIT,694335,Matt Svanson,49,P,1.0,1,1,2,0,0,0,5,17,10,0,0,0,
2026,,2026-04-30,823391,away,STL,PIT,700669,Gordon Graceffo,44,P,1.1,0,0,0,0,0,1,5,24,16,1,0,0,
2026,,2026-04-30,823391,away,STL,PIT,668941,JoJo Romero,59,P,0.2,1,1,1,1,1,2,4,21,13,0,0,0,
2026,,2026-04-30,823391,away,STL,PIT,690928,Hunter Dobbins,,P,4.1,3,3,2,0,5,4,19,79,41,0,0,0,
2026,,2026-04-30,823391,away,STL,PIT,677865,Justin Bruihl,47,P,0.2,0,0,1,0,0,0,3,18,13,0,0,0,
2026,,2026-04-30,823391,away,STL,PIT,592773,Ryne Stanek,55,P,1.0,0,0,1,0,0,1,4,15,10,0,0,0,
2026,,2026-04-30,823391,home,PIT,STL,694973,Paul Skenes,30,P,5.0,5,4,8,2,0,9,23,102,68,0,1,0,
2026,,2026-04-30,823391,home,PIT,STL,682254,Mason Montgomery,46,P,1.0,0,0,0,0,1,0,4,12,5,0,0,0,
2026,,2026-04-30,823391,home,PIT,STL,606965,Chris Devenski,57,P,1.1,0,0,2,0,0,2,6,19,15,0,0,0,
2026,,2026-04-30,823391,home,PIT,STL,670990,Yohan Ramírez,49,P,1.0,0,0,1,0,0,1,4,16,13,0,0,0,
2026,,2026-04-30,823391,home,PIT,STL,676755,Isaac Mattson,72,P,0.2,5,5,3,0,2,0,7,31,17,0,0,0,
2026,,2026-04-30,823472,away,SFG,PHI,657277,Logan Webb,62,P,7.0,1,1,7,1,2,6,27,92,65,0,0,0,
2026,,2026-04-30,823472,away,SFG,PHI,676254,Ryan Walker,74,P,0.2,2,2,3,0,0,1,5,21,16,0,1,0,
2026,,2026-04-30,823472,away,SFG,PHI,669062,Erik Miller,68,P,1.0,0,0,0,0,0,1,3,19,11,0,0,0,
2026,,2026-04-30,823472,home,PHI,SFG,650911,Cristopher Sánchez,61,P,6.2,2,2,4,0,3,7,27,85,57,0,0,0,
2026,,2026-04-30,823472,home,PHI,SFG,689147,Orion Kerkering,50,P,0.2,0,0,2,0,0,0,4,17,11,0,0,0,
2026,,2026-04-30,823472,home,PHI,SFG,663767,Chase Shugart,55,P,0.1,0,0,0,0,0,1,1,4,3,1,0,0,
2026,,2026-04-30,823472,home,PHI,SFG,621383,Tanner Banks,58,P,1.1,0,0,2,0,0,2,6,27,18,0,0,0,
2026,,2026-04-30,823471,away,SFG,PHI,676775,Keaton Winn,67,P,2.0,1,1,2,0,3,0,10,39,22,0,0,0,
2026,,2026-04-30,823471,away,SFG,PHI,668873,Caleb Kilian,45,P,2.0,0,0,1,0,0,2,7,22,15,0,0,0,
2026,,2026-04-30,823471,away,SFG,PHI,621366,Ryan Borucki,47,P,0.1,1,1,2,0,1,0,4,16,7,0,0,0,
2026,,2026-04-30,823471,away,SFG,PHI,605288,Adrian Houser,12,P,4.2,3,3,4,2,2,2,19,68,42,0,0,0,
2026,,2026-04-30,823471,away,SFG,PHI,657424,Matt Gage,93,P,0.2,1,0,0,0,0,0,2,3,2,0,1,0,
2026,,2026-04-30,823471,home,PHI,SFG,621237,José Alvarado,46,P,0.2,0,0,2,0,1,1,5,17,12,0,0,0,
2026,,2026-04-30,823471,home,PHI,SFG,680742,Jonathan Bowlan,52,P,1.0,2,2,1,0,1,1,5,22,12,0,0,0,
2026,,2026-04-30,823471,home,PHI,SFG,663767,Chase Shugart,55,P,1.0,0,0,1,0,0,1,4,16,10,1,0,0,
2026,,2026-04-30,823471,home,PHI,SFG,641835,Tim Mayza,37,P,2.0,0,0,2,0,1,2,9,33,19,0,0,0,
2026,,2026-04-30,823471,home,PHI,SFG,676510,Nolan Hoffman,47,P,2.0,1,1,4,0,1,1,11,40,24,0,0,0,
2026,,2026-04-30,823471,home,PHI,SFG,670950,Trevor Richards,43,P,2.1,1,1,3,0,1,3,11,45,33,0,0,0,
2026,,2026-04-30,823471,home,PHI,SFG,641745,Brad Keller,40,P,1.0,1,1,0,0,0,3,4,20,14,0,0,0,
2026,,2026-04-30,824524,away,COL,CIN,680767,Victor Vodnik,38,P,1.0,2,2,2,0,1,1,6,25,13,0,0,0,
2026,,2026-04-30,824524,away,COL,CIN,547179,Michael Lorenzen,24,P,5.1,4,4,4,2,3,5,23,85,49,0,1,0,
2026,,2026-04-30,824524,away,COL,CIN,622608,Antonio Senzatela,49,P,1.2,0,0,1,0,1,1,7,16,12,0,0,0,
2026,,2026-04-30,824524,home,CIN,COL,641941,Emilio Pagán,15,P,1.0,2,2,3,0,0,0,6,11,10,0,0,0,
2026,,2026-04-30,824524,home,CIN,COL,663574,Tony Santillan,64,P,1.0,0,0,1,0,0,1,3,5,5,0,0,0,
2026,,2026-04-30,824524,home,CIN,COL,683175,Connor Phillips,34,P,1.0,0,0,0,0,1,3,5,23,13,0,0,0,
2026,,2026-04-30,824524,home,CIN,COL,671096,Andrew Abbott,41,P,6.0,2,2,5,1,2,5,25,86,57,1,0,0,
2026,,2026-04-30,823634,away,WSN,NYM,571945,Miles Mikolas,36,P,4.0,3,3,3,1,1,3,16,79,49,0,0,0,
2026,,2026-04-30,823634,away,WSN,NYM,663992,Richard Lovelady,55,P,0.2,0,0,1,0,0,0,3,12,7,0,0,0,
2026,,2026-04-30,823634,away,WSN,NYM,681402,Gus Varland,47,P,1.1,0,0,1,0,0,1,5,22,13,0,0,1,
2026,,2026-04-30,823634,away,WSN,NYM,680730,Mitchell Parker,70,P,3.0,1,1,2,0,1,0,12,34,22,1,0,0,
2026,,2026-04-30,823634,home,NYM,WSN,596133,Luke Weaver,30,P,1.0,2,2,2,1,0,1,5,13,10,0,1,0,
2026,,2026-04-30,823634,home,NYM,WSN,642207,Devin Williams,38,P,1.0,0,0,1,0,0,0,3,14,10,0,0,0,
2026,,2026-04-30,823634,home,NYM,WSN,642547,Freddy Peralta,51,P,6.0,3,1,4,0,3,6,25,90,56,0,0,0,
2026,,2026-04-30,823634,home,NYM,WSN,548384,Brooks Raley,25,P,1.0,0,0,0,0,0,2,3,12,8,0,0,0,
2026,,2026-04-30,823795,away,ARI,MIL,694297,Brandon Pfaadt,32,P,1.0,1,1,1,1,0,2,4,15,13,0,0,0,
2026,,2026-04-30,823795,away,ARI,MIL,642528,Jonathan Loáisiga,43,P,0.2,1,1,1,0,1,1,4,17,9,0,0,0,
2026,,2026-04-30,823795,away,ARI,MIL,647336,Michael Soroka,34,P,3.0,8,8,10,1,2,2,21,79,51,0,1,0,
2026,,2026-04-30,823795,away,ARI,MIL,543510,James McCann,8,P,1.0,1,0,1,0,2,0,6,24,11,0,0,0,
2026,,2026-04-30,823795,away,ARI,MIL,691769,Philip Abner,50,P,2.1,2,2,1,0,1,1,8,34,18,0,0,0,
2026,,2026-04-30,823795,home,MIL,ARI,681982,Grant Anderson,56,P,0.2,0,0,0,0,0,2,2,8,7,0,0,0,
2026,,2026-04-30,823795,home,MIL,ARI,675660,Shane Drohan,55,P,4.0,1,1,5,0,0,4,16,60,43,1,0,0,
2026,,2026-04-30,823795,home,MIL,ARI,702153,Brian Fitzpatrick,35,P,1.0,0,0,0,0,1,2,4,20,12,0,0,0,
2026,,2026-04-30,823795,home,MIL,ARI,663765,Jake Woodford,41,P,1.0,0,0,0,0,0,2,3,10,9,0,0,0,
2026,,2026-04-30,823795,home,MIL,ARI,605540,Brandon Woodruff,53,P,1.1,0,0,1,0,1,2,6,21,12,0,0,0,
2026,,2026-04-30,823795,home,MIL,ARI,656730,Trevor Megill,29,P,1.0,0,0,0,0,0,1,3,12,9,0,0,0,
2026,,2026-04-30,825016,away,KCR,ATH,702070,Noah Cameron,65,P,5.1,5,4,9,0,2,5,27,93,61,0,1,0,
2026,,2026-04-30,825016,away,KCR,ATH,656638,Alex Lange,56,P,1.0,0,0,0,0,0,0,3,5,3,0,0,0,
2026,,2026-04-30,825016,away,KCR,ATH,670167,John Schreiber,46,P,1.2,1,1,2,0,1,0,7,20,12,0,0,0,
2026,,2026-04-30,825016,home,ATH,KCR,605130,Scott Barlow,58,P,1.0,0,0,0,0,1,0,4,21,11,0,0,0,
2026,,2026-04-30,825016,home,ATH,KCR,669620,Brady Basso,66,P,1.1,1,1,1,1,0,0,5,12,8,0,0,0,
2026,,2026-04-30,825016,home,ATH,KCR,665622,Luis Medina,46,P,2.2,0,0,3,0,2,1,13,52,28,1,0,0,
2026,,2026-04-30,825016,home,ATH,KCR,678022,Jack Perkins,50,P,1.0,0,0,1,0,0,1,4,16,13,0,0,1,
2026,,2026-04-30,825016,home,ATH,KCR,605488,Jeffrey Springs,59,P,3.0,2,2,5,1,1,4,16,67,42,0,0,0,
2026,,2026-04-30,823714,away,TOR,MIN,667297,Tommy Nance,45,P,1.1,0,0,0,0,0,3,4,18,14,0,0,0,
2026,,2026-04-30,823714,away,TOR,MIN,573009,Joe Mantiply,35,P,0.2,0,0,0,0,0,0,2,5,2,0,0,0,
2026,,2026-04-30,823714,away,TOR,MIN,592332,Kevin Gausman,34,P,5.2,4,4,4,2,2,2,23,94,58,0,1,0,
2026,,2026-04-30,823714,away,TOR,MIN,689254,Mason Fluharty,68,P,0.1,3,3,3,0,2,1,6,27,14,0,0,0,
2026,,2026-04-30,823714,home,MIN,TOR,623437,Justin Topa,48,P,1.0,0,0,0,0,1,0,3,12,8,0,0,0,
2026,,2026-04-30,823714,home,MIN,TOR,607455,Anthony Banda,43,P,0.2,0,0,1,0,0,0,3,14,8,0,0,0,
2026,,2026-04-30,823714,home,MIN,TOR,641927,Bailey Ober,17,P,6.0,1,1,4,1,2,2,24,88,57,1,0,0,
2026,,2026-04-30,823714,home,MIN,TOR,702193,Andrew Morris,78,P,1.1,0,0,1,0,0,0,5,19,13,0,0,0,
2026,,2026-05-01,824686,away,ARI,CHC,656464,Kevin Ginkel,37,P,1.0,0,0,0,0,0,0,3,14,8,0,0,0,
2026,,2026-05-01,824686,away,ARI,CHC,668678,Zac Gallen,23,P,3.2,6,6,7,0,3,3,21,95,57,0,1,0,
2026,,2026-05-01,824686,away,ARI,CHC,657044,Ryan Thompson,81,P,1.1,0,0,1,0,1,0,6,19,11,0,0,0,
2026,,2026-05-01,824686,away,ARI,CHC,805299,Brandyn Garcia,55,P,2.0,0,0,0,0,0,2,6,20,13,0,0,0,
2026,,2026-05-01,824686,home,CHC,ARI,657097,Jacob Webb,71,P,2.0,0,0,0,0,1,3,7,36,23,0,0,1,
2026,,2026-05-01,824686,home,CHC,ARI,669020,Ryan Rolison,33,P,0.2,3,3,3,1,1,2,6,25,15,0,0,0,
2026,,2026-05-01,824686,home,CHC,ARI,607067,Colin Rea,53,P,5.1,2,2,8,0,0,6,25,102,71,1,0,0,
2026,,2026-05-01,824686,home,CHC,ARI,664208,Phil Maton,88,P,1.0,0,0,0,0,0,2,3,11,9,0,0,0,
2026,,2026-05-01,824287,away,TEX,DET,641302,Tyler Alexander,13,P,1.0,0,0,1,0,0,0,4,14,9,1,0,0,
2026,,2026-05-01,824287,away,TEX,DET,656641,Jacob Latz,67,P,1.0,0,0,0,0,0,1,3,15,9,0,0,1,
2026,,2026-05-01,824287,away,TEX,DET,656222,Jalen Beeks,68,P,1.2,0,0,1,0,0,1,6,22,11,0,0,0,
2026,,2026-05-01,824287,away,TEX,DET,669022,MacKenzie Gore,1,P,3.2,3,3,4,0,3,3,18,94,55,0,0,0,
2026,,2026-05-01,824287,away,TEX,DET,596001,Jakob Junis,16,P,1.0,0,0,0,0,0,0,3,9,7,0,0,0,
2026,,2026-05-01,824287,away,TEX,DET,668390,Cole Winn,60,P,0.2,1,1,1,0,1,1,4,25,17,0,0,0,
2026,,2026-05-01,824287,home,DET,TEX,676428,Brant Hurter,48,P,1.0,0,0,0,0,0,2,4,13,8,0,0,0,
2026,,2026-05-01,824287,home,DET,TEX,572143,Burch Smith,65,P,2.0,1,1,3,0,0,3,9,32,21,0,1,0,
2026,,2026-05-01,824287,home,DET,TEX,656427,Jack Flaherty,9,P,3.2,4,4,5,1,3,4,19,91,55,0,0,0,
2026,,2026-05-01,824287,home,DET,TEX,646241,Enmanuel De Jesus,37,P,1.1,0,0,0,0,1,1,4,17,9,0,0,0,
2026,,2026-05-01,824287,home,DET,TEX,669724,Brenan Hanifee,75,P,1.0,0,0,1,0,0,1,4,13,8,0,0,0,
2026,,2026-05-01,823389,away,CIN,PIT,572955,Pierce Johnson,52,P,1.0,1,1,2,0,2,0,7,29,13,0,0,0,
2026,,2026-05-01,823389,away,CIN,PIT,682825,Luis Mey,47,P,1.0,0,0,0,0,1,1,4,27,14,0,0,0,
2026,,2026-05-01,823389,away,CIN,PIT,663903,Brady Singer,51,P,3.1,4,4,7,2,2,1,19,56,35,0,1,0,
2026,,2026-05-01,823389,away,CIN,PIT,624431,Jose Trevino,35,P,1.0,0,0,0,0,1,1,4,11,5,0,0,0,
2026,,2026-05-01,823389,away,CIN,PIT,594580,Sam Moll,50,P,0.2,0,0,0,0,0,1,2,10,7,0,0,0,
2026,,2026-05-01,823389,away,CIN,PIT,687209,Zach Maxwell,78,P,1.0,4,4,3,2,2,1,8,42,25,0,0,0,
2026,,2026-05-01,823389,home,PIT,CIN,681895,Evan Sisk,48,P,1.0,0,0,0,0,0,2,3,15,9,0,0,0,
2026,,2026-05-01,823389,home,PIT,CIN,656605,Mitch Keller,23,P,7.0,1,1,3,0,1,6,26,104,71,1,0,0,
2026,,2026-05-01,823389,home,PIT,CIN,664875,Justin Lawrence,61,P,1.0,0,0,0,0,0,0,3,13,9,0,0,0,
2026,,2026-05-01,822744,away,MIL,WSN,676879,Aaron Ashby,26,P,2.2,1,1,2,0,2,4,12,45,26,0,0,0,
2026,,2026-05-01,822744,away,MIL,WSN,668834,Easton McGee,50,P,1.0,0,0,0,0,1,1,3,15,8,0,0,0,
2026,,2026-05-01,822744,away,MIL,WSN,694819,Jacob Misiorowski,32,P,5.1,0,0,0,0,2,8,18,85,58,1,0,0,
2026,,2026-05-01,822744,home,WSN,MIL,701552,Andre Granillo,79,P,1.0,2,0,3,0,1,1,8,40,27,0,0,0,
2026,,2026-05-01,822744,home,WSN,MIL,672335,Cionel Pérez,51,P,2.0,0,0,2,0,0,0,8,27,17,0,0,0,
2026,,2026-05-01,822744,home,WSN,MIL,663623,Jake Irvin,27,P,5.0,4,3,6,0,4,5,25,98,60,0,1,0,
2026,,2026-05-01,822744,home,WSN,MIL,687606,Paxton Schultz,75,P,1.0,0,0,1,0,0,1,5,17,11,0,0,0,
2026,,2026-05-01,823557,away,BAL,NYY,669330,Tyler Wells,68,P,1.1,1,1,3,0,0,1,7,25,19,0,0,0,
2026,,2026-05-01,823557,away,BAL,NYY,700249,Cade Povich,37,P,4.0,5,5,7,2,2,4,20,77,46,0,1,0,
2026,,2026-05-01,823557,away,BAL,NYY,544150,Albert Suárez,49,P,2.2,1,1,1,0,4,3,13,65,32,0,0,0,
2026,,2026-05-01,823557,home,NYY,BAL,701542,Will Warren,29,P,6.1,2,1,3,1,1,9,23,94,60,1,0,0,
2026,,2026-05-01,823557,home,NYY,BAL,518585,Fernando Cruz,63,P,0.2,0,0,0,0,0,0,2,6,4,0,0,0,
2026,,2026-05-01,823557,home,NYY,BAL,656234,Jake Bird,59,P,1.0,0,0,0,0,1,1,4,19,13,0,0,0,
2026,,2026-05-01,823557,home,NYY,BAL,666808,Camilo Doval,75,P,1.0,0,0,0,0,0,2,3,11,8,0,0,0,
2026,,2026-05-01,824772,away,HOU,BOS,656986,Bennett Sousa,62,P,1.0,0,0,0,0,0,1,3,12,7,0,0,0,
2026,,2026-05-01,824772,away,HOU,BOS,681347,Mike Burrows,50,P,6.0,3,3,8,1,1,3,26,94,62,0,1,0,
2026,,2026-05-01,824772,away,HOU,BOS,687911,Bryan King,74,P,1.0,0,0,2,0,0,0,4,14,9,0,0,0,
2026,,2026-05-01,824772,home,BOS,HOU,687562,Jake Bennett,64,P,5.0,1,1,5,1,2,3,20,85,58,1,0,0,
2026,,2026-05-01,824772,home,BOS,HOU,677161,Zack Kelly,76,P,1.1,0,0,2,0,0,2,6,19,12,0,0,0,
2026,,2026-05-01,824772,home,BOS,HOU,676477,Garrett Whitlock,22,P,1.0,0,0,2,0,0,0,5,16,12,0,0,0,
2026,,2026-05-01,824772,home,BOS,HOU,543056,Danny Coulombe,67,P,0.2,0,0,1,0,0,0,3,8,5,0,0,0,
2026,,2026-05-01,824772,home,BOS,HOU,547973,Aroldis Chapman,44,P,1.0,0,0,1,0,0,1,4,16,11,0,0,1,
2026,,2026-05-01,822990,away,SFG,TBR,664141,JT Brubaker,34,P,1.2,0,0,1,0,0,1,6,21,15,0,0,0,
2026,,2026-05-01,822990,away,SFG,TBR,592662,Robbie Ray,38,P,6.1,3,3,4,2,0,5,22,102,67,0,1,0,
2026,,2026-05-01,822990,home,TBR,SFG,663556,Shane McClanahan,18,P,6.0,0,0,5,0,0,5,20,73,48,1,0,0,
2026,,2026-05-01,822990,home,TBR,SFG,693855,Ian Seymour,61,P,1.0,0,0,1,0,0,0,4,14,11,0,0,0,
2026,,2026-05-01,822990,home,TBR,SFG,642121,Cole Sulser,71,P,1.0,0,0,0,0,0,1,3,10,8,0,0,0,
2026,,2026-05-01,822990,home,TBR,SFG,641329,Bryan Baker,47,P,1.0,0,0,0,0,0,1,3,12,9,0,0,1,
2026,,2026-05-01,823877,away,PHI,MIA,621237,José Alvarado,46,P,0.1,0,0,2,0,0,1,3,10,7,0,0,0,
2026,,2026-05-01,823877,away,PHI,MIA,554430,Zack Wheeler,45,P,6.0,1,1,3,0,2,8,23,94,60,1,0,0,
2026,,2026-05-01,823877,away,PHI,MIA,689147,Orion Kerkering,50,P,1.0,0,0,0,0,0,1,4,13,8,0,0,0,
2026,,2026-05-01,823877,away,PHI,MIA,680742,Jonathan Bowlan,52,P,0.2,3,3,2,0,1,0,5,31,18,0,0,0,
2026,,2026-05-01,823877,away,PHI,MIA,641745,Brad Keller,40,P,1.0,1,1,1,0,1,2,5,26,12,0,0,1,
2026,,2026-05-01,823877,home,MIA,PHI,669199,Lake Bachar,84,P,2.1,0,0,0,0,0,3,7,28,20,0,0,0,
2026,,2026-05-01,823877,home,MIA,PHI,806188,Cade Gibson,58,P,1.2,4,4,5,1,1,1,11,50,31,0,0,0,
2026,,2026-05-01,823877,home,MIA,PHI,691587,Eury Pérez,39,P,5.0,2,2,4,0,2,6,22,96,68,0,1,0,
2026,,2026-05-01,823713,away,TOR,MIN,686973,Louis Varland,77,P,1.0,0,0,1,0,1,2,5,27,16,0,0,0,
2026,,2026-05-01,823713,away,TOR,MIN,656546,Jeff Hoffman,23,P,1.0,1,1,3,0,0,1,6,16,14,0,0,0,
2026,,2026-05-01,823713,away,TOR,MIN,680755,Braydon Fisher,63,P,0.2,0,0,0,0,0,1,2,9,6,0,0,0,
2026,,2026-05-01,823713,away,TOR,MIN,643511,Tyler Rogers,71,P,1.0,0,0,0,0,0,2,3,9,7,0,0,0,
2026,,2026-05-01,823713,away,TOR,MIN,571578,Patrick Corbin,46,P,5.1,2,2,6,1,1,4,23,79,53,1,0,0,
2026,,2026-05-01,823713,home,MIN,TOR,680573,Simeon Woods Richardson,24,P,4.2,6,4,9,2,1,2,25,88,60,0,1,0,
2026,,2026-05-01,823713,home,MIN,TOR,573124,Taylor Rogers,55,P,1.0,0,0,1,0,0,0,4,8,8,0,0,0,
2026,,2026-05-01,823713,home,MIN,TOR,472610,Luis García,40,P,1.0,0,0,0,0,0,0,3,9,6,0,0,0,
2026,,2026-05-01,823713,home,MIN,TOR,679358,Eric Orze,19,P,2.1,1,1,1,0,1,1,9,33,22,0,0,0,
2026,,2026-05-01,823066,away,LAD,STL,683618,Edgardo Henriquez,60,P,1.0,3,2,2,0,1,0,7,24,14,0,0,0,
2026,,2026-05-01,823066,away,LAD,STL,669165,Kyle Hurt,63,P,1.0,0,0,0,0,0,2,3,12,9,0,0,0,
2026,,2026-05-01,823066,away,LAD,STL,686218,Emmet Sheehan,80,P,4.2,4,4,8,2,0,8,22,97,68,0,1,0,
2026,,2026-05-01,823066,away,LAD,STL,676263,Jack Dreyer,86,P,1.1,0,0,2,0,0,1,6,21,12,0,0,0,
2026,,2026-05-01,823066,home,STL,LAD,694335,Matt Svanson,49,P,1.0,0,0,1,0,0,0,4,16,11,0,0,0,
2026,,2026-05-01,823066,home,STL,LAD,700669,Gordon Graceffo,44,P,1.0,0,0,1,0,1,1,5,17,8,0,0,0,
2026,,2026-05-01,823066,home,STL,LAD,666277,George Soriano,65,P,1.1,0,0,0,0,1,1,5,25,13,0,0,0,
2026,,2026-05-01,823066,home,STL,LAD,669461,Matthew Liberatore,32,P,5.2,2,2,5,0,2,4,23,96,59,1,0,0,
2026,,2026-05-01,824366,away,ATL,COL,663158,Robert Suarez,75,P,1.0,0,0,1,0,0,1,4,17,12,0,0,1,
2026,,2026-05-01,824366,away,ATL,COL,800311,Didier Fuentes,72,P,1.0,0,0,0,0,0,0,3,15,8,1,0,0,
2026,,2026-05-01,824366,away,ATL,COL,656550,Grant Holmes,66,P,5.0,6,5,7,1,3,4,25,87,56,0,0,0,
2026,,2026-05-01,824366,away,ATL,COL,683627,Anthony Molina,,P,2.0,0,0,0,0,1,0,6,26,15,0,0,0,
2026,,2026-05-01,824366,home,COL,ATL,500779,Jose Quintana,62,P,6.0,1,1,5,1,0,3,23,85,55,0,0,0,
2026,,2026-05-01,824366,home,COL,ATL,675848,Juan Mejia,47,P,1.0,2,2,2,1,2,1,7,20,13,0,1,0,
2026,,2026-05-01,824366,home,COL,ATL,688642,Zach Agnos,36,P,1.1,3,2,1,0,2,1,7,25,15,0,0,0,
2026,,2026-05-01,824366,home,COL,ATL,677955,Jaden Hill,0,P,0.2,2,2,1,0,1,1,4,19,11,0,0,0,
2026,,2026-05-01,824041,away,NYM,LAA,623211,Huascar Brazobán,43,P,1.0,0,0,0,0,0,1,3,11,8,1,0,0,
2026,,2026-05-01,824041,away,NYM,LAA,596133,Luke Weaver,30,P,1.0,0,0,0,0,0,2,3,17,12,0,0,0,
2026,,2026-05-01,824041,away,NYM,LAA,642207,Devin Williams,38,P,1.0,0,0,0,0,0,2,3,14,9,0,0,1,
2026,,2026-05-01,824041,away,NYM,LAA,681035,Christian Scott,45,P,5.0,3,2,3,1,0,8,19,74,54,0,0,0,
2026,,2026-05-01,824041,away,NYM,LAA,548384,Brooks Raley,25,P,1.0,0,0,0,0,0,1,3,8,6,0,0,0,
2026,,2026-05-01,824041,home,LAA,NYM,680704,Nick Sandlin,52,P,2.0,0,0,1,0,1,0,6,23,10,0,0,0,
2026,,2026-05-01,824041,home,LAA,NYM,681217,Chase Silseth,63,P,0.1,0,0,1,0,0,0,2,6,4,0,0,0,
2026,,2026-05-01,824041,home,LAA,NYM,820862,José Fermin,65,P,1.0,1,1,1,1,0,1,4,21,14,0,1,0,
2026,,2026-05-01,824041,home,LAA,NYM,700712,Walbert Ureña,57,P,5.0,1,1,2,0,3,4,19,68,41,0,0,0,
2026,,2026-05-01,824041,home,LAA,NYM,608718,Brent Suter,37,P,0.2,2,2,2,0,0,1,4,17,11,0,0,0,
2026,,2026-05-01,825012,away,CLE,ATH,641401,Connor Brogdon,75,P,0.2,0,0,1,0,0,1,4,15,8,0,0,0,
2026,,2026-05-01,825012,away,CLE,ATH,670036,Matt Festa,52,P,1.0,0,0,0,0,0,0,2,10,5,0,0,0,
2026,,2026-05-01,825012,away,CLE,ATH,671922,Cade Smith,36,P,1.1,0,0,0,0,0,1,4,22,13,0,0,1,
2026,,2026-05-01,825012,away,CLE,ATH,676282,Joey Cantillo,54,P,4.0,4,4,5,1,3,2,20,69,40,0,0,0,
2026,,2026-05-01,825012,away,CLE,ATH,681870,Erik Sabrowski,62,P,1.0,0,0,0,0,0,2,3,8,7,1,0,0,
2026,,2026-05-01,825012,away,CLE,ATH,683769,Hunter Gaddis,33,P,0.0,1,1,2,0,2,0,4,16,7,0,0,0,
2026,,2026-05-01,825012,away,CLE,ATH,682120,Tim Herrin,29,P,1.0,0,0,1,0,1,0,5,20,10,0,0,0,
2026,,2026-05-01,825012,home,ATH,CLE,669372,J.T. Ginn,35,P,4.1,5,5,5,0,5,4,23,88,50,0,1,0,
2026,,2026-05-01,825012,home,ATH,CLE,686993,Justin Sterner,60,P,1.0,2,2,1,1,1,1,5,21,11,0,0,0,
2026,,2026-05-01,825012,home,ATH,CLE,669270,Joel Kuhnel,47,P,1.2,0,0,0,0,1,1,5,20,11,0,0,0,
2026,,2026-05-01,825012,home,ATH,CLE,669620,Brady Basso,66,P,0.2,1,1,3,0,1,1,6,27,17,0,0,0,
2026,,2026-05-01,825012,home,ATH,CLE,663687,Hogan Harris,36,P,1.1,0,0,2,0,0,2,6,23,14,0,0,0,
2026,,2026-05-01,823309,away,CHW,SDP,674370,Osvaldo Bido,46,P,1.0,2,2,3,0,1,1,7,31,18,0,0,0,
2026,,2026-05-01,823309,away,CHW,SDP,702273,Noah Schultz,22,P,6.0,0,0,2,0,3,2,22,87,53,1,0,0,
2026,,2026-05-01,823309,away,CHW,SDP,663855,Jordan Hicks,44,P,1.0,0,0,1,0,0,1,4,12,10,0,0,0,
2026,,2026-05-01,823309,away,CHW,SDP,699823,Tyler Davis,63,P,1.0,0,0,0,0,0,1,3,9,8,0,0,0,
2026,,2026-05-01,823309,home,SDP,CHW,593974,Wandy Peralta,58,P,2.0,0,0,0,0,1,2,7,34,21,0,0,0,
2026,,2026-05-01,823309,home,SDP,CHW,608566,Germán Márquez,33,P,5.0,7,7,5,2,5,2,23,95,52,0,1,0,
2026,,2026-05-01,823309,home,SDP,CHW,676760,Ron Marinaccio,97,P,2.0,1,1,3,0,1,1,10,41,27,0,0,0,
2026,,2026-05-01,823146,away,KCR,SEA,666142,Cole Ragans,55,P,5.1,4,4,4,3,3,8,23,95,56,0,0,0,
2026,,2026-05-01,823146,away,KCR,SEA,668674,Lucas Erceg,60,P,1.0,0,0,0,0,0,1,3,12,8,0,0,1,
2026,,2026-05-01,823146,away,KCR,SEA,621381,Matt Strahm,25,P,1.0,0,0,0,0,1,2,4,14,7,0,0,0,
2026,,2026-05-01,823146,away,KCR,SEA,683232,Nick Mears,31,P,0.2,0,0,0,0,1,0,3,15,9,0,0,0,
2026,,2026-05-01,823146,away,KCR,SEA,663738,Daniel Lynch IV,41,P,1.0,2,2,2,1,0,2,5,25,17,1,0,0,
2026,,2026-05-01,823146,home,SEA,KCR,678606,Jose A. Ferrer,45,P,1.0,1,1,3,0,0,1,6,15,12,0,1,0,
2026,,2026-05-01,823146,home,SEA,KCR,695380,Alex Hoppe,48,P,1.0,0,0,0,0,0,3,3,15,10,0,0,0,
2026,,2026-05-01,823146,home,SEA,KCR,677961,Cole Wilcox,43,P,1.0,0,0,0,0,2,1,5,20,9,0,0,0,
2026,,2026-05-01,823146,home,SEA,KCR,693433,Bryan Woo,22,P,6.0,6,6,7,2,0,2,25,84,60,0,0,0,
2026,,2026-05-02,823554,away,BAL,NYY,669211,Keegan Akin,45,P,1.0,1,1,2,1,0,0,4,17,13,0,0,0,
2026,,2026-05-02,823554,away,BAL,NYY,675919,Nick Raquet,72,P,1.0,0,0,0,0,1,1,4,20,10,0,0,0,
2026,,2026-05-02,823554,away,BAL,NYY,680694,Kyle Bradish,38,P,4.0,5,5,6,2,4,4,21,89,51,0,1,0,
2026,,2026-05-02,823554,away,BAL,NYY,689296,Anthony Nunez,66,P,0.0,3,3,2,0,2,0,4,17,6,0,0,0,
2026,,2026-05-02,823554,away,BAL,NYY,664991,Grant Wolfram,48,P,1.0,0,0,0,0,0,2,3,14,9,0,0,0,
2026,,2026-05-02,823554,away,BAL,NYY,608650,Dietrich Enns,71,P,1.0,0,0,1,0,0,1,3,14,10,0,0,0,
2026,,2026-05-02,823554,home,NYY,BAL,621112,Paul Blackburn,58,P,2.0,0,0,0,0,1,2,7,29,18,0,0,0,
2026,,2026-05-02,823554,home,NYY,BAL,677960,Ryan Weathers,40,P,5.0,3,1,3,1,2,5,21,90,55,1,0,0,
2026,,2026-05-02,823554,home,NYY,BAL,657612,Tim Hill,41,P,0.1,0,0,0,0,0,0,1,1,1,0,0,0,
2026,,2026-05-02,823554,home,NYY,BAL,656234,Jake Bird,59,P,1.0,0,0,1,0,1,0,4,20,11,0,0,0,
2026,,2026-05-02,823554,home,NYY,BAL,666808,Camilo Doval,75,P,0.2,1,1,0,0,1,1,3,15,7,0,0,0,
2026,,2026-05-02,823715,away,TOR,MIN,693686,Spencer Miles,62,P,1.0,0,0,0,0,0,0,3,15,9,0,0,0,
2026,,2026-05-02,823715,away,TOR,MIN,656302,Dylan Cease,84,P,7.0,4,3,7,1,1,7,28,106,66,1,0,0,
2026,,2026-05-02,823715,away,TOR,MIN,689254,Mason Fluharty,68,P,1.0,0,0,0,0,0,0,3,12,10,0,0,0,
2026,,2026-05-02,823715,home,MIN,TOR,623437,Justin Topa,48,P,0.2,1,1,1,1,0,1,3,10,7,0,0,0,
2026,,2026-05-02,823715,home,MIN,TOR,607455,Anthony Banda,43,P,1.0,4,3,2,1,1,0,7,18,10,0,0,0,
2026,,2026-05-02,823715,home,MIN,TOR,804619,John Klein,71,P,1.0,0,0,0,0,0,0,3,12,8,0,0,0,
2026,,2026-05-02,823715,home,MIN,TOR,687570,Connor Prielipp,61,P,5.0,2,2,3,2,2,4,20,91,59,0,0,0,
2026,,2026-05-02,823715,home,MIN,TOR,681892,Kody Funderburk,57,P,1.1,0,0,0,0,1,0,5,14,6,0,0,0,
2026,,2026-05-02,823715,home,MIN,TOR,472610,Luis García,40,P,0.0,4,4,3,0,1,0,4,18,8,0,1,0,
2026,,2026-05-02,824685,away,ARI,CHC,666661,Juan Morillo,62,P,1.0,1,1,1,0,0,2,4,19,12,0,0,0,
2026,,2026-05-02,824685,away,ARI,CHC,656464,Kevin Ginkel,37,P,0.1,0,0,0,0,1,0,2,12,5,0,0,0,
2026,,2026-05-02,824685,away,ARI,CHC,642528,Jonathan Loáisiga,43,P,0.1,0,0,0,0,0,0,1,3,1,0,0,0,
2026,,2026-05-02,824685,away,ARI,CHC,669194,Ryne Nelson,19,P,5.2,1,1,4,1,2,4,23,84,57,0,1,0,
2026,,2026-05-02,824685,away,ARI,CHC,664199,Taylor Clarke,45,P,0.2,0,0,0,0,1,1,3,18,11,0,0,0,
2026,,2026-05-02,824685,home,CHC,ARI,684007,Shota Imanaga,18,P,7.0,0,0,4,0,1,5,26,87,56,1,0,0,
2026,,2026-05-02,824685,home,CHC,ARI,676962,Ben Brown,32,P,2.0,0,0,0,0,0,1,6,24,15,0,0,1,
2026,,2026-05-02,825014,away,CLE,ATH,677944,Slade Cecconi,44,P,5.1,5,5,10,2,0,3,25,69,53,1,0,0,
2026,,2026-05-02,825014,away,CLE,ATH,670036,Matt Festa,52,P,0.2,0,0,0,0,1,0,2,10,5,0,0,0,
2026,,2026-05-02,825014,away,CLE,ATH,670059,Colin Holderman,35,P,1.2,0,0,1,0,0,0,6,14,8,0,0,0,
2026,,2026-05-02,825014,away,CLE,ATH,683769,Hunter Gaddis,33,P,0.1,1,1,2,0,1,1,4,22,11,0,0,0,
2026,,2026-05-02,825014,away,CLE,ATH,682120,Tim Herrin,29,P,1.0,0,0,1,0,0,1,4,15,11,0,0,0,
2026,,2026-05-02,825014,home,ATH,CLE,605130,Scott Barlow,58,P,1.1,2,2,0,0,0,1,6,19,9,0,0,0,
2026,,2026-05-02,825014,home,ATH,CLE,682052,Jacob Lopez,57,P,5.1,6,6,8,2,1,5,25,96,63,0,1,0,
2026,,2026-05-02,825014,home,ATH,CLE,663687,Hogan Harris,36,P,0.1,1,1,2,0,1,0,4,20,11,0,0,0,
2026,,2026-05-02,825014,home,ATH,CLE,806960,Luis Morales,19,P,2.0,5,5,4,1,4,2,13,64,37,0,0,0,
2026,,2026-05-02,823388,away,CIN,PIT,683742,Jose Franco,74,P,1.0,0,0,1,0,0,2,4,17,11,0,0,0,
2026,,2026-05-02,823388,away,CIN,PIT,695076,Rhett Lowder,25,P,1.1,8,8,5,0,4,1,13,52,25,0,1,0,
2026,,2026-05-02,823388,away,CIN,PIT,683175,Connor Phillips,34,P,0.0,2,2,0,0,4,0,4,21,5,0,0,0,
2026,,2026-05-02,823388,away,CIN,PIT,624431,Jose Trevino,35,P,2.0,2,2,5,0,0,0,11,28,15,0,0,0,
2026,,2026-05-02,823388,away,CIN,PIT,668933,Graham Ashcraft,23,P,1.0,0,0,0,0,1,2,4,14,8,0,0,0,
2026,,2026-05-02,823388,away,CIN,PIT,594580,Sam Moll,50,P,1.2,0,0,2,0,1,2,8,40,23,0,0,0,
2026,,2026-05-02,823388,away,CIN,PIT,656271,Brock Burke,49,P,1.0,5,5,6,0,1,2,10,39,24,0,0,0,
2026,,2026-05-02,823388,home,PIT,CIN,642397,Gregory Soto,31,P,1.0,0,0,0,0,0,1,3,7,6,0,0,0,
2026,,2026-05-02,823388,home,PIT,CIN,606965,Chris Devenski,57,P,0.1,1,1,1,1,0,0,2,6,3,0,0,0,
2026,,2026-05-02,823388,home,PIT,CIN,670990,Yohan Ramírez,49,P,2.0,1,1,2,0,0,2,7,15,13,0,0,0,
2026,,2026-05-02,823388,home,PIT,CIN,669387,Carmen Mlodzinski,50,P,5.2,5,5,8,1,2,10,28,101,67,1,0,0,
2026,,2026-05-02,822746,away,MIL,WSN,682842,Abner Uribe,45,P,1.0,0,0,1,0,0,1,5,24,17,0,0,1,
2026,,2026-05-02,822746,away,MIL,WSN,681982,Grant Anderson,56,P,0.2,0,0,1,0,0,0,3,9,6,0,0,0,
2026,,2026-05-02,822746,away,MIL,WSN,690986,Kyle Harrison,52,P,6.0,1,1,7,0,1,5,24,93,66,1,0,0,
2026,,2026-05-02,822746,away,MIL,WSN,669084,DL Hall,37,P,0.1,0,0,0,0,0,0,1,6,4,0,0,0,
2026,,2026-05-02,822746,away,MIL,WSN,656730,Trevor Megill,29,P,1.0,0,0,0,0,0,0,3,13,7,0,0,0,
2026,,2026-05-02,822746,home,WSN,MIL,695418,Brad Lord,41,P,2.0,1,1,4,0,2,2,12,50,30,0,0,0,
2026,,2026-05-02,822746,home,WSN,MIL,687377,Orlando Ribalta,64,P,1.0,0,0,0,0,0,1,3,14,10,0,0,0,
2026,,2026-05-02,822746,home,WSN,MIL,656492,Foster Griffin,22,P,6.0,3,0,3,0,4,3,26,97,57,0,1,0,
2026,,2026-05-02,824771,away,HOU,BOS,678906,Kai-Wei Teng,17,P,1.1,0,0,0,0,1,2,5,23,13,0,0,0,
2026,,2026-05-02,824771,away,HOU,BOS,660853,Enyel De Los Santos,65,P,1.2,1,1,1,0,0,1,6,18,14,0,0,0,
2026,,2026-05-02,824771,away,HOU,BOS,656986,Bennett Sousa,62,P,0.0,1,1,2,0,1,0,3,13,8,0,0,0,
2026,,2026-05-02,824771,away,HOU,BOS,687911,Bryan King,74,P,1.0,0,0,0,0,0,0,3,6,4,0,0,1,
2026,,2026-05-02,824771,away,HOU,BOS,681293,Spencer Arrighetti,41,P,5.0,1,1,5,0,5,4,23,87,50,1,0,0,
2026,,2026-05-02,824771,home,BOS,HOU,813349,Connelly Early,71,P,4.0,5,5,6,1,3,3,20,77,50,0,1,0,
2026,,2026-05-02,824771,home,BOS,HOU,701719,Tyler Samaniego,78,P,2.0,0,0,3,0,0,0,9,26,18,0,0,0,
2026,,2026-05-02,824771,home,BOS,HOU,670245,Ryan Watson,56,P,3.0,1,1,3,1,1,4,13,39,28,0,0,0,
2026,,2026-05-02,823876,away,PHI,MIA,670950,Trevor Richards,43,P,2.0,0,0,1,0,2,2,8,24,14,0,0,0,
2026,,2026-05-02,823876,away,PHI,MIA,621383,Tanner Banks,58,P,1.0,1,1,2,0,1,1,6,20,13,0,0,0,
2026,,2026-05-02,823876,away,PHI,MIA,691725,Andrew Painter,24,P,5.0,3,3,7,1,3,7,25,99,61,0,1,0,
2026,,2026-05-02,823876,home,MIA,PHI,676974,Max Meyer,23,P,7.0,0,0,1,0,1,7,22,83,55,1,0,0,
2026,,2026-05-02,823876,home,MIA,PHI,669622,Anthony Bender,37,P,1.0,0,0,0,0,0,2,3,18,14,0,0,0,
2026,,2026-05-02,823876,home,MIA,PHI,677053,Andrew Nardi,43,P,1.0,0,0,0,0,0,1,3,10,8,0,0,0,
2026,,2026-05-02,822988,away,SFG,TBR,666619,Gregory Santos,57,P,1.2,1,0,1,0,2,1,6,26,13,0,0,0,
2026,,2026-05-02,822988,away,SFG,TBR,621366,Ryan Borucki,47,P,1.1,0,0,0,0,0,1,4,16,10,0,0,0,
2026,,2026-05-02,822988,away,SFG,TBR,694738,Landen Roupp,65,P,4.1,4,4,8,0,2,6,22,88,56,0,1,0,
2026,,2026-05-02,822988,away,SFG,TBR,657424,Matt Gage,93,P,0.2,0,0,0,0,1,0,3,8,3,0,0,0,
2026,,2026-05-02,822988,home,TBR,SFG,668984,Casey Legumina,67,P,1.0,0,0,0,0,0,1,3,12,8,0,0,0,
2026,,2026-05-02,822988,home,TBR,SFG,664076,Garrett Cleavinger,60,P,1.0,0,0,1,0,0,1,4,12,10,0,0,0,
2026,,2026-05-02,822988,home,TBR,SFG,687330,Kevin Kelly,49,P,1.1,0,0,1,0,0,1,5,15,11,0,0,0,
2026,,2026-05-02,822988,home,TBR,SFG,669947,Jesse Scholtens,65,P,3.0,1,1,4,0,0,3,12,47,37,1,0,0,
2026,,2026-05-02,822988,home,TBR,SFG,643377,Griffin Jax,22,P,2.2,0,0,1,0,1,2,10,45,29,0,0,0,
2026,,2026-05-02,823067,away,LAD,STL,681911,Alex Vesia,51,P,1.0,0,0,0,0,1,1,4,18,8,0,0,0,
2026,,2026-05-02,823067,away,LAD,STL,671109,Jake Eder,56,P,1.0,0,0,1,0,0,0,4,13,11,0,0,0,
2026,,2026-05-02,823067,away,LAD,STL,808963,Roki Sasaki,11,P,6.0,3,3,5,1,2,4,26,104,65,0,1,0,
2026,,2026-05-02,823067,home,STL,LAD,700241,Michael McGreevy,36,P,6.0,0,0,3,0,3,3,20,88,52,1,0,0,
2026,,2026-05-02,823067,home,STL,LAD,668941,JoJo Romero,59,P,1.0,0,0,0,0,0,2,3,17,10,0,0,0,
2026,,2026-05-02,823067,home,STL,LAD,676617,Riley O'Brien,61,P,1.0,2,2,4,0,0,2,7,26,16,0,0,1,
2026,,2026-05-02,823067,home,STL,LAD,592773,Ryne Stanek,55,P,1.0,0,0,1,0,1,1,5,22,13,0,0,0,
2026,,2026-05-02,824284,away,TEX,DET,677958,Kumar Rocker,80,P,2.0,5,5,6,1,0,2,12,43,24,0,1,0,
2026,,2026-05-02,824284,away,TEX,DET,682608,Peyton Gray,75,P,2.0,0,0,2,0,1,2,9,35,26,0,0,0,
2026,,2026-05-02,824284,away,TEX,DET,615698,Cal Quantrill,44,P,3.0,0,0,2,0,2,2,12,56,30,0,0,0,
2026,,2026-05-02,824284,away,TEX,DET,686560,Gavin Collyer,65,P,1.0,0,0,1,0,0,1,4,16,10,0,0,0,
2026,,2026-05-02,824284,home,DET,TEX,623454,Drew Anderson,38,P,2.1,0,0,2,0,0,3,9,28,20,0,0,0,
2026,,2026-05-02,824284,home,DET,TEX,672456,Keider Montero,54,P,6.2,1,1,5,1,2,2,26,85,55,1,0,0,
2026,,2026-05-02,824365,away,ATL,COL,669276,Dylan Lee,52,P,1.0,0,0,0,0,0,1,3,14,9,0,0,0,
2026,,2026-05-02,824365,away,ATL,COL,519242,Chris Sale,51,P,7.0,1,1,3,0,3,11,27,102,70,1,0,0,
2026,,2026-05-02,824365,away,ATL,COL,676702,Hunter Stratton,65,P,1.0,0,0,1,0,0,1,3,12,9,0,0,0,
2026,,2026-05-02,824365,home,COL,ATL,801403,Chase Dollander,32,P,5.1,6,6,8,1,3,3,26,97,61,0,0,0,
2026,,2026-05-02,824365,home,COL,ATL,657514,Brennan Bernardino,83,P,0.2,2,2,3,1,0,1,5,23,14,0,1,0,
2026,,2026-05-02,824365,home,COL,ATL,685299,Tanner Gordon,29,P,3.0,1,1,1,1,0,4,10,41,29,0,0,0,
2026,,2026-05-02,823308,away,CHW,SDP,691799,Grant Taylor,31,P,1.1,0,0,2,0,2,2,7,30,16,0,0,0,
2026,,2026-05-02,823308,away,CHW,SDP,622554,Seranthony Domínguez,58,P,0.2,0,0,0,0,0,1,2,6,5,0,0,1,
2026,,2026-05-02,823308,away,CHW,SDP,680732,Sean Burke,59,P,6.0,0,0,4,0,1,8,23,88,66,1,0,0,
2026,,2026-05-02,823308,away,CHW,SDP,663542,Bryan Hudson,60,P,1.0,0,0,0,0,0,0,3,6,5,0,0,0,
2026,,2026-05-02,823308,home,SDP,CHW,650633,Michael King,34,P,6.0,4,4,7,0,3,5,25,92,52,0,1,0,
2026,,2026-05-02,823308,home,SDP,CHW,699134,Bradgley Rodriguez,72,P,1.0,0,0,0,0,0,0,3,9,6,0,0,0,
2026,,2026-05-02,823308,home,SDP,CHW,669093,Jeremiah Estrada,56,P,1.0,0,0,0,0,0,3,3,13,9,0,0,0,
2026,,2026-05-02,823308,home,SDP,CHW,606996,Kyle Hart,68,P,1.0,0,0,0,0,0,1,3,14,9,0,0,0,
2026,,2026-05-02,824042,away,NYM,LAA,668964,Tobias Myers,32,P,2.2,0,0,3,0,1,0,12,36,23,0,0,0,
2026,,2026-05-02,824042,away,NYM,LAA,681810,Austin Warren,44,P,0.2,1,0,2,0,1,0,5,20,13,0,1,0,
2026,,2026-05-02,824042,away,NYM,LAA,623211,Huascar Brazobán,43,P,1.1,0,0,0,0,0,1,4,18,13,0,0,0,
2026,,2026-05-02,824042,away,NYM,LAA,518886,Craig Kimbrel,46,P,1.0,0,0,1,0,1,1,5,12,9,0,0,0,
2026,,2026-05-02,824042,away,NYM,LAA,690997,Nolan McLean,26,P,4.0,3,3,6,0,1,6,18,78,51,0,0,0,
2026,,2026-05-02,824042,home,LAA,NYM,696147,Sam Bachman,40,P,1.2,0,0,0,0,0,3,5,18,13,0,0,0,
2026,,2026-05-02,824042,home,LAA,NYM,666171,Ryan Zeferjahn,56,P,2.0,0,0,0,0,1,1,7,23,15,1,0,0,
2026,,2026-05-02,824042,home,LAA,NYM,672282,Reid Detmers,48,P,6.1,3,3,9,0,0,8,27,95,68,0,0,0,
2026,,2026-05-02,823144,away,KCR,SEA,679883,Luinder Avila,58,P,2.0,0,0,0,0,0,1,6,23,17,0,0,0,
2026,,2026-05-02,823144,away,KCR,SEA,668674,Lucas Erceg,60,P,1.0,0,0,0,0,0,2,3,17,10,0,0,1,
2026,,2026-05-02,823144,away,KCR,SEA,621381,Matt Strahm,25,P,1.0,0,0,0,0,0,0,3,8,8,1,0,0,
2026,,2026-05-02,823144,away,KCR,SEA,607625,Seth Lugo,67,P,6.0,2,2,7,0,2,6,25,103,66,0,0,0,
2026,,2026-05-02,823144,home,SEA,KCR,681867,Cooper Criswell,88,P,1.0,1,0,0,0,0,1,3,14,9,0,1,0,
2026,,2026-05-02,823144,home,SEA,KCR,662253,Andrés Muñoz,75,P,1.0,1,1,2,0,0,1,5,10,8,0,0,0,
2026,,2026-05-02,823144,home,SEA,KCR,660825,Eduard Bazardo,83,P,1.0,0,0,0,0,0,1,3,12,9,0,0,0,
2026,,2026-05-02,823144,home,SEA,KCR,676106,Emerson Hancock,26,P,7.0,1,1,6,0,0,14,27,103,74,0,0,0,
2026,,2026-05-03,823711,away,TOR,MIN,667297,Tommy Nance,45,P,1.1,0,0,0,0,0,2,4,14,11,0,0,0,
2026,,2026-05-03,823711,away,TOR,MIN,573009,Joe Mantiply,35,P,1.0,0,0,1,0,0,0,4,14,10,0,0,0,
2026,,2026-05-03,823711,away,TOR,MIN,656546,Jeff Hoffman,23,P,1.0,0,0,1,0,0,0,3,12,8,0,0,0,
2026,,2026-05-03,823711,away,TOR,MIN,702056,Trey Yesavage,39,P,4.0,1,1,5,0,3,6,20,82,52,0,1,0,
2026,,2026-05-03,823711,away,TOR,MIN,680755,Braydon Fisher,63,P,0.2,3,3,2,0,1,1,5,18,10,0,0,0,
2026,,2026-05-03,823711,home,MIN,TOR,623437,Justin Topa,48,P,1.0,2,2,4,1,0,0,6,17,11,0,0,1,
2026,,2026-05-03,823711,home,MIN,TOR,573124,Taylor Rogers,55,P,2.1,1,1,4,0,0,3,12,32,23,0,0,0,
2026,,2026-05-03,823711,home,MIN,TOR,681892,Kody Funderburk,57,P,0.1,0,0,0,0,0,0,1,3,2,0,0,0,
2026,,2026-05-03,823711,home,MIN,TOR,657746,Joe Ryan,41,P,0.1,0,0,0,0,1,1,2,9,5,0,0,0,
2026,,2026-05-03,823711,home,MIN,TOR,679358,Eric Orze,19,P,1.1,0,0,1,0,1,2,6,24,15,0,0,0,
2026,,2026-05-03,823711,home,MIN,TOR,702193,Andrew Morris,78,P,3.2,0,0,2,0,1,3,14,57,36,1,0,0,
2026,,2026-05-03,824769,away,HOU,BOS,650556,Bryan Abreu,52,P,2.0,0,0,1,0,1,1,8,22,15,1,0,0,
2026,,2026-05-03,824769,away,HOU,BOS,660853,Enyel De Los Santos,65,P,1.0,0,0,1,0,0,1,4,20,15,0,0,0,
2026,,2026-05-03,824769,away,HOU,BOS,595345,Steven Okert,48,P,1.0,0,0,1,0,0,1,4,12,8,0,0,0,
2026,,2026-05-03,824769,away,HOU,BOS,805123,AJ Blubaugh,69,P,3.2,1,1,2,1,2,5,15,59,34,0,0,0,
2026,,2026-05-03,824769,away,HOU,BOS,675989,Cody Bolton,67,P,2.1,0,0,4,0,1,3,12,61,36,0,0,0,
2026,,2026-05-03,824769,home,BOS,HOU,669711,Greg Weissert,57,P,1.1,1,1,3,0,0,1,6,22,14,0,0,0,
2026,,2026-05-03,824769,home,BOS,HOU,677161,Zack Kelly,76,P,1.0,2,1,1,0,2,0,5,19,10,0,1,0,
2026,,2026-05-03,824769,home,BOS,HOU,676477,Garrett Whitlock,22,P,1.1,0,0,1,0,0,2,5,19,12,0,0,0,
2026,,2026-05-03,824769,home,BOS,HOU,624133,Ranger Suarez,55,P,4.0,0,0,3,0,1,3,16,70,46,0,0,0,
2026,,2026-05-03,824769,home,BOS,HOU,701719,Tyler Samaniego,78,P,0.2,0,0,1,0,1,0,4,13,8,0,0,0,
2026,,2026-05-03,824769,home,BOS,HOU,663558,Jovani Morán,47,P,0.2,0,0,0,0,1,1,3,11,5,0,0,0,
2026,,2026-05-03,824769,home,BOS,HOU,547973,Aroldis Chapman,44,P,1.0,0,0,1,0,0,2,4,17,11,0,0,0,
2026,,2026-05-03,823387,away,CIN,PIT,663574,Tony Santillan,64,P,1.0,1,1,2,0,2,0,6,21,9,0,1,0,
2026,,2026-05-03,823387,away,CIN,PIT,695505,Chase Burns,26,P,7.0,0,0,3,0,1,7,24,94,59,0,0,0,
2026,,2026-05-03,823387,home,PIT,CIN,642397,Gregory Soto,31,P,1.1,0,0,0,0,0,2,4,17,11,1,0,0,
2026,,2026-05-03,823387,home,PIT,CIN,677952,Braxton Ashcraft,35,P,7.2,0,0,4,0,2,6,27,82,56,0,0,0,
2026,,2026-05-03,823555,away,BAL,NYY,670329,Rico Garcia,50,P,1.0,0,0,0,0,0,1,3,17,11,0,0,0,
2026,,2026-05-03,823555,away,BAL,NYY,694346,Trey Gibson,43,P,4.2,3,3,4,2,2,2,21,87,56,0,0,0,
2026,,2026-05-03,823555,away,BAL,NYY,552640,Andrew Kittredge,39,P,0.1,7,7,7,1,0,0,8,22,15,0,0,0,
2026,,2026-05-03,823555,away,BAL,NYY,664991,Grant Wolfram,48,P,0.2,1,1,3,0,0,0,5,15,11,0,1,0,
2026,,2026-05-03,823555,away,BAL,NYY,666974,Yennier Cano,78,P,0.2,0,0,0,0,0,0,2,8,5,0,0,0,
2026,,2026-05-03,823555,away,BAL,NYY,608650,Dietrich Enns,71,P,0.2,0,0,1,0,1,0,4,13,8,0,0,0,
2026,,2026-05-03,823555,home,NYY,BAL,687396,Brent Headrick,47,P,1.2,0,0,1,0,0,1,5,16,11,0,0,0,
2026,,2026-05-03,823555,home,NYY,BAL,518585,Fernando Cruz,63,P,1.0,0,0,1,0,0,0,3,17,8,1,0,0,
2026,,2026-05-03,823555,home,NYY,BAL,608331,Max Fried,54,P,5.1,3,3,6,0,3,6,24,107,63,0,0,0,
2026,,2026-05-03,823555,home,NYY,BAL,670280,David Bednar,53,P,1.0,0,0,1,0,0,2,4,18,13,0,0,0,
2026,,2026-05-03,822742,away,MIL,WSN,701656,Logan Henderson,43,P,6.0,2,2,3,0,0,8,21,76,56,0,1,0,
2026,,2026-05-03,822742,away,MIL,WSN,702153,Brian Fitzpatrick,35,P,1.1,1,1,4,0,0,0,7,16,12,0,0,0,
2026,,2026-05-03,822742,away,MIL,WSN,663765,Jake Woodford,41,P,0.2,0,0,0,0,1,1,3,12,6,0,0,0,
2026,,2026-05-03,822742,home,WSN,MIL,663992,Richard Lovelady,55,P,0.2,0,0,1,0,0,1,3,12,9,0,0,1,
2026,,2026-05-03,822742,home,WSN,MIL,676571,PJ Poulin,50,P,2.0,0,0,1,0,1,2,8,36,23,0,0,0,
2026,,2026-05-03,822742,home,WSN,MIL,681402,Gus Varland,47,P,0.2,1,1,1,0,0,0,3,9,5,0,0,0,
2026,,2026-05-03,822742,home,WSN,MIL,641793,Zack Littell,18,P,3.2,1,1,1,0,1,1,13,41,23,1,0,0,
2026,,2026-05-03,822742,home,WSN,MIL,680730,Mitchell Parker,70,P,2.0,0,0,0,0,0,2,6,23,14,0,0,0,
2026,,2026-05-03,822987,away,SFG,TBR,641816,Tyler Mahle,54,P,5.1,0,0,4,0,1,5,22,92,62,0,0,0,
2026,,2026-05-03,822987,away,SFG,TBR,676254,Ryan Walker,74,P,1.0,1,1,1,0,1,0,5,14,8,0,0,0,
2026,,2026-05-03,822987,away,SFG,TBR,676775,Keaton Winn,67,P,1.0,0,0,1,0,0,0,3,9,6,0,0,0,
2026,,2026-05-03,822987,away,SFG,TBR,668873,Caleb Kilian,45,P,1.0,1,0,2,0,1,0,6,15,12,0,1,0,
2026,,2026-05-03,822987,away,SFG,TBR,657424,Matt Gage,93,P,0.2,0,0,0,0,1,1,3,15,9,0,0,0,
2026,,2026-05-03,822987,home,TBR,SFG,571927,Steven Matz,32,P,6.0,1,1,4,0,2,1,22,89,60,0,0,0,
2026,,2026-05-03,822987,home,TBR,SFG,693855,Ian Seymour,61,P,1.0,0,0,0,0,0,0,3,8,7,1,0,0,
2026,,2026-05-03,822987,home,TBR,SFG,685801,Hunter Bigge,43,P,2.0,0,0,2,0,0,3,8,26,17,0,0,0,
2026,,2026-05-03,822987,home,TBR,SFG,641329,Bryan Baker,47,P,1.0,0,0,0,0,0,1,3,11,8,0,0,0,
2026,,2026-05-03,823875,away,PHI,MIA,666200,Jesús Luzardo,44,P,6.1,2,2,8,1,0,10,27,102,66,1,0,0,
2026,,2026-05-03,823875,away,PHI,MIA,689147,Orion Kerkering,50,P,1.0,0,0,0,0,0,0,3,9,6,0,0,0,
2026,,2026-05-03,823875,away,PHI,MIA,663767,Chase Shugart,55,P,1.2,0,0,1,0,0,0,5,15,11,0,0,0,
2026,,2026-05-03,823875,home,MIA,PHI,694795,Josh Ekness,95,P,1.0,0,0,0,0,0,0,3,7,6,0,0,0,
2026,,2026-05-03,823875,home,MIA,PHI,663969,Tyler Phillips,30,P,3.0,0,0,4,0,0,3,13,47,35,0,0,0,
2026,,2026-05-03,823875,home,MIA,PHI,676534,Calvin Faucher,53,P,1.0,0,0,0,0,0,1,3,14,10,0,0,0,
2026,,2026-05-03,823875,home,MIA,PHI,667463,John King,47,P,1.1,0,0,1,0,0,1,4,15,12,0,0,0,
2026,,2026-05-03,823875,home,MIA,PHI,663978,Chris Paddack,33,P,2.2,7,7,6,1,3,1,18,73,41,0,1,0,
2026,,2026-05-03,823065,away,LAD,STL,656945,Tanner Scott,66,P,1.0,0,0,0,0,0,2,3,13,8,0,0,1,
2026,,2026-05-03,823065,away,LAD,STL,694361,Will Klein,61,P,1.2,1,1,1,0,1,0,7,25,15,0,0,0,
2026,,2026-05-03,823065,away,LAD,STL,680736,Justin Wrobleski,70,P,6.0,0,0,6,0,1,0,24,83,58,1,0,0,
2026,,2026-05-03,823065,away,LAD,STL,595014,Blake Treinen,49,P,0.1,0,0,0,0,0,0,1,1,1,0,0,0,
2026,,2026-05-03,823065,home,STL,LAD,677865,Justin Bruihl,47,P,1.0,0,0,0,0,1,2,5,16,8,0,0,0,
2026,,2026-05-03,823065,home,STL,LAD,694363,Jared Shuster,68,P,2.0,1,0,3,0,1,0,10,23,16,0,0,0,
2026,,2026-05-03,823065,home,STL,LAD,669160,Dustin May,3,P,6.0,3,3,7,0,2,3,25,95,59,0,1,0,
2026,,2026-05-03,824687,away,ARI,CHC,694297,Brandon Pfaadt,32,P,2.1,2,2,4,0,3,1,14,52,28,0,0,0,
2026,,2026-05-03,824687,away,ARI,CHC,518876,Merrill Kelly,29,P,4.1,6,6,8,1,3,5,24,92,58,0,1,0,
2026,,2026-05-03,824687,away,ARI,CHC,623149,Paul Sewald,38,P,0.2,0,0,0,0,0,2,2,8,6,0,0,0,
2026,,2026-05-03,824687,away,ARI,CHC,657044,Ryan Thompson,81,P,0.2,0,0,0,0,0,0,2,4,4,0,0,0,
2026,,2026-05-03,824687,home,CHC,ARI,571948,Hoby Milner,41,P,1.0,0,0,1,0,0,0,4,15,9,0,0,0,
2026,,2026-05-03,824687,home,CHC,ARI,656686,Corbin Martin,38,P,1.0,2,2,1,1,1,2,5,26,14,0,0,0,
2026,,2026-05-03,824687,home,CHC,ARI,571510,Matthew Boyd,16,P,6.0,2,2,4,1,1,5,22,94,65,1,0,0,
2026,,2026-05-03,824687,home,CHC,ARI,664208,Phil Maton,88,P,1.0,0,0,1,0,1,1,6,25,15,0,0,0,
2026,,2026-05-03,824364,away,ATL,COL,675911,Spencer Strider,99,P,3.1,3,3,4,1,5,6,19,87,48,0,0,0,
2026,,2026-05-03,824364,away,ATL,COL,669276,Dylan Lee,52,P,1.0,0,0,0,0,0,2,3,9,7,0,0,0,
2026,,2026-05-03,824364,away,ATL,COL,663158,Robert Suarez,75,P,1.0,0,0,2,0,0,0,4,16,11,0,0,0,
2026,,2026-05-03,824364,away,ATL,COL,800311,Didier Fuentes,72,P,0.2,0,0,0,0,0,0,2,8,6,0,0,0,
2026,,2026-05-03,824364,away,ATL,COL,641755,Tyler Kinley,45,P,1.0,1,1,1,1,0,2,4,11,8,0,0,0,
2026,,2026-05-03,824364,away,ATL,COL,607481,Aaron Bummer,49,P,1.0,2,2,3,1,0,2,6,16,13,1,0,0,
2026,,2026-05-03,824364,away,ATL,COL,625643,Reynaldo López,40,P,1.0,0,0,1,0,1,1,5,12,7,0,0,0,
2026,,2026-05-03,824364,home,COL,ATL,680767,Victor Vodnik,38,P,1.0,0,0,0,0,1,1,3,17,10,0,0,0,
2026,,2026-05-03,824364,home,COL,ATL,623474,Jimmy Herget,44,P,1.0,3,3,3,0,1,0,7,28,19,0,0,0,
2026,,2026-05-03,824364,home,COL,ATL,607536,Kyle Freeland,21,P,4.1,6,6,8,2,3,7,24,98,66,0,1,0,
2026,,2026-05-03,824364,home,COL,ATL,622608,Antonio Senzatela,49,P,2.2,2,2,3,0,1,1,11,42,24,0,0,0,
2026,,2026-05-03,825013,away,CLE,ATH,670059,Colin Holderman,35,P,2.0,0,0,3,0,0,2,9,27,18,0,0,0,
2026,,2026-05-03,825013,away,CLE,ATH,688883,Peyton Pallette,41,P,1.0,3,3,2,0,3,1,8,36,16,0,0,0,
2026,,2026-05-03,825013,away,CLE,ATH,800048,Parker Messick,77,P,5.0,4,4,6,3,0,6,21,78,55,0,1,0,
2026,,2026-05-03,825013,home,ATH,CLE,686993,Justin Sterner,60,P,1.0,0,0,0,0,0,1,3,12,7,0,0,0,
2026,,2026-05-03,825013,home,ATH,CLE,669270,Joel Kuhnel,47,P,1.0,0,0,0,0,1,0,4,12,7,0,0,0,
2026,,2026-05-03,825013,home,ATH,CLE,650644,Aaron Civale,45,P,6.0,1,1,7,1,2,3,26,93,61,1,0,0,
2026,,2026-05-03,825013,home,ATH,CLE,643410,Mark Leiter Jr.,38,P,1.0,0,0,0,0,0,1,3,10,7,0,0,0,
2026,,2026-05-03,824043,away,NYM,LAA,596133,Luke Weaver,30,P,1.1,0,0,1,0,0,3,5,17,13,0,0,0,
2026,,2026-05-03,824043,away,NYM,LAA,605280,Clay Holmes,35,P,6.2,1,1,4,0,3,6,26,99,71,1,0,0,
2026,,2026-05-03,824043,away,NYM,LAA,548384,Brooks Raley,25,P,1.0,0,0,1,0,0,2,4,15,12,0,0,0,
2026,,2026-05-03,824043,home,LAA,NYM,680704,Nick Sandlin,52,P,1.0,2,2,2,1,1,0,6,23,11,0,0,0,
2026,,2026-05-03,824043,home,LAA,NYM,686799,Jack Kochanowicz,41,P,6.1,2,2,5,1,3,6,28,110,62,0,1,0,
2026,,2026-05-03,824043,home,LAA,NYM,519141,Drew Pomeranz,13,P,1.0,0,0,0,0,0,1,3,9,7,0,0,0,
2026,,2026-05-03,824043,home,LAA,NYM,642048,Tayler Saucedo,55,P,0.2,1,1,0,0,0,2,3,11,6,0,0,0,
2026,,2026-05-03,823145,away,KCR,SEA,663460,Kris Bubic,50,P,7.0,1,1,4,0,2,7,26,94,63,1,0,0,
2026,,2026-05-03,823145,away,KCR,SEA,663738,Daniel Lynch IV,41,P,1.1,0,0,0,0,0,3,4,17,13,0,0,1,
2026,,2026-05-03,823145,away,KCR,SEA,670167,John Schreiber,46,P,0.2,0,0,0,0,1,0,3,12,6,0,0,0,
2026,,2026-05-03,823145,home,SEA,KCR,689546,Nick Davila,82,P,1.0,0,0,1,0,1,1,4,16,9,0,0,0,
2026,,2026-05-03,823145,home,SEA,KCR,695380,Alex Hoppe,48,P,1.0,0,0,1,0,0,1,4,18,12,0,0,0,
2026,,2026-05-03,823145,home,SEA,KCR,677961,Cole Wilcox,43,P,1.0,0,0,0,0,2,0,5,20,11,0,0,0,
2026,,2026-05-03,823145,home,SEA,KCR,622491,Luis Castillo,58,P,6.0,4,4,6,0,2,5,26,101,62,0,1,0,
2026,,2026-05-03,823307,away,CHW,SDP,641743,Anthony Kay,18,P,5.0,3,2,7,2,1,5,21,86,53,0,0,0,
2026,,2026-05-03,823307,away,CHW,SDP,673929,Jordan Leasure,49,P,1.0,0,0,0,0,0,1,3,10,6,0,0,0,
2026,,2026-05-03,823307,away,CHW,SDP,663542,Bryan Hudson,60,P,1.0,0,0,2,0,0,2,5,26,18,0,0,0,
2026,,2026-05-03,823307,away,CHW,SDP,699823,Tyler Davis,63,P,1.0,1,1,0,0,1,0,4,18,11,0,1,0,
2026,,2026-05-03,823307,home,SDP,CHW,695243,Mason Miller,22,P,1.0,0,0,1,0,0,3,4,15,11,0,0,1,
2026,,2026-05-03,823307,home,SDP,CHW,592094,Jason Adam,40,P,1.0,0,0,1,0,0,1,4,17,9,1,0,0,
2026,,2026-05-03,823307,home,SDP,CHW,656288,Griffin Canning,17,P,5.0,1,1,3,1,3,7,19,73,42,0,0,0,
2026,,2026-05-03,823307,home,SDP,CHW,670970,Adrian Morejon,50,P,2.0,2,2,2,1,0,4,8,31,23,0,0,0,
2026,,2026-05-03,824285,away,TEX,DET,641302,Tyler Alexander,13,P,0.1,2,2,3,0,0,0,4,6,5,0,0,0,
2026,,2026-05-03,824285,away,TEX,DET,683004,Jack Leiter,22,P,6.2,5,5,5,1,1,10,26,100,73,0,1,0,
2026,,2026-05-03,824285,away,TEX,DET,686560,Gavin Collyer,65,P,1.0,0,0,0,0,0,2,3,21,15,0,0,0,
2026,,2026-05-03,824285,home,DET,TEX,676428,Brant Hurter,48,P,3.1,0,0,2,0,1,2,12,38,26,1,0,0,
2026,,2026-05-03,824285,home,DET,TEX,663947,Tyler Holton,87,P,0.2,0,0,1,0,0,1,3,17,11,0,0,0,
2026,,2026-05-03,824285,home,DET,TEX,640448,Kyle Finnegan,67,P,1.0,0,0,1,0,0,1,4,10,7,0,0,0,
2026,,2026-05-03,824285,home,DET,TEX,572143,Burch Smith,65,P,1.0,0,0,1,0,0,0,4,18,11,0,0,0,
2026,,2026-05-03,824285,home,DET,TEX,669724,Brenan Hanifee,75,P,1.2,0,0,1,0,0,1,6,24,18,0,0,0,
2026,,2026-05-03,824285,home,DET,TEX,676568,Ricky Vanasco,70,P,1.1,1,1,1,0,1,2,7,28,18,0,0,0,
2026,,2026-05-04,824363,away,NYM,COL,681810,Austin Warren,44,P,2.0,0,0,1,0,0,3,7,24,17,0,0,0,
2026,,2026-05-04,824363,away,NYM,COL,623211,Huascar Brazobán,43,P,1.0,0,0,0,0,0,0,4,11,6,0,0,0,
2026,,2026-05-04,824363,away,NYM,COL,642207,Devin Williams,38,P,1.0,0,0,0,0,0,1,3,8,7,0,0,1,
2026,,2026-05-04,824363,away,NYM,COL,656849,David Peterson,23,P,4.0,2,2,3,0,0,6,15,69,52,1,0,0,
2026,,2026-05-04,824363,away,NYM,COL,518886,Craig Kimbrel,46,P,1.0,0,0,1,0,0,1,4,15,10,0,0,0,
2026,,2026-05-04,824363,home,COL,NYM,657514,Brennan Bernardino,83,P,1.0,0,0,0,0,0,0,3,10,5,0,0,0,
2026,,2026-05-04,824363,home,COL,NYM,675848,Juan Mejia,47,P,2.0,0,0,0,0,0,5,6,23,18,0,0,0,
2026,,2026-05-04,824363,home,COL,NYM,608372,Tomoyuki Sugano,11,P,5.1,4,4,3,1,2,1,20,61,37,0,1,0,
2026,,2026-05-04,824363,home,COL,NYM,677955,Jaden Hill,0,P,0.2,0,0,1,0,0,2,3,11,8,0,0,0,
2026,,2026-05-04,824283,away,BOS,DET,676477,Garrett Whitlock,22,P,1.0,2,2,2,0,1,2,6,26,15,0,0,0,
2026,,2026-05-04,824283,away,BOS,DET,801139,Payton Tolle,70,P,7.0,2,0,1,0,1,8,25,83,59,1,0,0,
2026,,2026-05-04,824283,away,BOS,DET,547973,Aroldis Chapman,44,P,1.0,0,0,0,0,0,1,3,13,9,0,0,1,
2026,,2026-05-04,824283,home,DET,BOS,680744,Ty Madden,36,P,5.0,0,0,4,0,0,7,20,81,50,0,0,0,
2026,,2026-05-04,824283,home,DET,BOS,663947,Tyler Holton,87,P,1.0,0,0,2,0,0,1,5,22,16,0,0,0,
2026,,2026-05-04,824283,home,DET,BOS,445276,Kenley Jansen,74,P,1.0,0,0,0,0,1,1,3,10,5,0,0,0,
2026,,2026-05-04,824283,home,DET,BOS,646241,Enmanuel De Jesus,37,P,1.1,1,1,3,0,1,2,8,32,23,0,0,0,
2026,,2026-05-04,824283,home,DET,BOS,676568,Ricky Vanasco,70,P,0.2,4,4,3,1,1,0,6,25,12,0,1,0,
2026,,2026-05-04,822984,away,TOR,TBR,693686,Spencer Miles,62,P,1.1,2,2,3,0,0,1,7,27,18,0,0,0,
2026,,2026-05-04,822984,away,TOR,TBR,667297,Tommy Nance,45,P,1.0,0,0,1,0,0,1,3,13,9,0,0,0,
2026,,2026-05-04,822984,away,TOR,TBR,573009,Joe Mantiply,35,P,1.0,0,0,1,0,0,0,3,17,12,0,0,0,
2026,,2026-05-04,822984,away,TOR,TBR,641778,Eric Lauer,56,P,4.1,3,3,5,1,1,2,19,61,44,0,1,0,
2026,,2026-05-04,822984,away,TOR,TBR,689254,Mason Fluharty,68,P,0.1,0,0,1,0,0,1,2,6,6,0,0,0,
2026,,2026-05-04,822984,home,TBR,TOR,668984,Casey Legumina,67,P,0.2,0,0,3,0,0,0,4,17,13,0,0,0,
2026,,2026-05-04,822984,home,TBR,TOR,607259,Nick Martinez,28,P,5.0,1,1,5,0,1,4,21,71,51,1,0,0,
2026,,2026-05-04,822984,home,TBR,TOR,693855,Ian Seymour,61,P,1.1,0,0,2,0,1,2,7,28,19,0,0,0,
2026,,2026-05-04,822984,home,TBR,TOR,642121,Cole Sulser,71,P,1.0,0,0,0,0,0,1,3,10,6,0,0,0,
2026,,2026-05-04,822984,home,TBR,TOR,687330,Kevin Kelly,49,P,0.2,0,0,0,0,0,1,2,7,4,0,0,0,
2026,,2026-05-04,822984,home,TBR,TOR,641329,Bryan Baker,47,P,0.1,0,0,0,0,0,0,1,3,2,0,0,1,
2026,,2026-05-04,823874,away,PHI,MIA,621237,José Alvarado,46,P,1.0,0,0,0,0,0,1,3,8,6,0,0,0,
2026,,2026-05-04,823874,away,PHI,MIA,621383,Tanner Banks,58,P,1.0,0,0,0,0,0,1,4,18,11,0,0,0,
2026,,2026-05-04,823874,away,PHI,MIA,605400,Aaron Nola,27,P,6.0,0,0,5,0,0,5,21,94,61,1,0,0,
2026,,2026-05-04,823874,away,PHI,MIA,641745,Brad Keller,40,P,1.0,0,0,2,0,0,0,4,10,7,0,0,1,
2026,,2026-05-04,823874,home,MIA,PHI,669199,Lake Bachar,84,P,2.0,0,0,1,0,0,1,7,29,18,0,0,0,
2026,,2026-05-04,823874,home,MIA,PHI,676534,Calvin Faucher,53,P,1.0,0,0,1,0,0,1,4,15,12,0,0,0,
2026,,2026-05-04,823874,home,MIA,PHI,667463,John King,47,P,0.2,0,0,0,0,0,0,2,10,7,0,0,0,
2026,,2026-05-04,823874,home,MIA,PHI,676083,Janson Junk,26,P,5.1,1,1,5,1,0,6,22,92,64,0,1,0,
2026,,2026-05-04,823552,away,BAL,NYY,669211,Keegan Akin,45,P,0.2,0,0,0,0,0,0,2,7,6,0,0,0,
2026,,2026-05-04,823552,away,BAL,NYY,642152,Lou Trivino,58,P,0.2,6,6,4,0,3,0,9,31,15,0,0,0,
2026,,2026-05-04,823552,away,BAL,NYY,642215,Weston Wilson,32,P,0.1,0,0,0,0,0,0,1,2,1,0,0,0,
2026,,2026-05-04,823552,away,BAL,NYY,669358,Shane Baz,34,P,5.2,6,5,5,1,5,4,26,96,54,0,1,0,
2026,,2026-05-04,823552,away,BAL,NYY,666974,Yennier Cano,78,P,0.2,0,0,1,0,0,0,3,9,7,0,0,0,
2026,,2026-05-04,823552,home,NYY,BAL,621112,Paul Blackburn,58,P,1.0,0,0,1,0,0,0,4,17,11,0,0,0,
2026,,2026-05-04,823552,home,NYY,BAL,657612,Tim Hill,41,P,1.0,0,0,1,0,0,2,4,12,11,0,0,0,
2026,,2026-05-04,823552,home,NYY,BAL,656234,Jake Bird,59,P,0.1,0,0,0,0,0,1,1,4,3,0,0,0,
2026,,2026-05-04,823552,home,NYY,BAL,666808,Camilo Doval,75,P,1.0,0,0,1,0,0,1,4,8,8,0,0,0,
2026,,2026-05-04,823552,home,NYY,BAL,693645,Cam Schlittler,31,P,5.2,1,1,7,0,3,4,25,95,59,1,0,0,
2026,,2026-05-04,824684,away,CIN,CHC,641941,Emilio Pagán,15,P,0.2,2,2,2,1,0,1,4,16,11,0,1,0,
2026,,2026-05-04,824684,away,CIN,CHC,695534,Chase Petty,61,P,5.2,3,3,4,1,2,1,23,75,51,0,0,0,
2026,,2026-05-04,824684,away,CIN,CHC,668933,Graham Ashcraft,23,P,1.2,0,0,0,0,3,2,8,28,16,0,0,0,
2026,,2026-05-04,824684,away,CIN,CHC,656271,Brock Burke,49,P,0.2,0,0,0,0,1,1,3,9,4,0,0,0,
2026,,2026-05-04,824684,home,CHC,CIN,571948,Hoby Milner,41,P,0.2,0,0,0,0,1,0,3,12,6,0,0,0,
2026,,2026-05-04,824684,home,CHC,CIN,665795,Edward Cabrera,30,P,6.0,3,3,9,2,2,8,27,89,60,0,0,0,
2026,,2026-05-04,824684,home,CHC,CIN,669020,Ryan Rolison,33,P,1.0,0,0,0,0,0,3,3,14,9,1,0,0,
2026,,2026-05-04,824684,home,CHC,CIN,664208,Phil Maton,88,P,0.1,0,0,0,0,0,0,1,4,2,0,0,0,
2026,,2026-05-04,824684,home,CHC,CIN,676962,Ben Brown,32,P,1.0,1,1,1,0,1,1,5,25,13,0,0,0,
2026,,2026-05-04,824120,away,CLE,KCR,641401,Connor Brogdon,75,P,1.1,1,0,1,0,0,1,6,24,15,0,0,0,
2026,,2026-05-04,824120,away,CLE,KCR,670036,Matt Festa,52,P,1.2,1,1,1,1,1,1,7,28,14,0,0,0,
2026,,2026-05-04,824120,away,CLE,KCR,688883,Peyton Pallette,41,P,1.0,0,0,0,0,1,1,4,21,11,0,0,0,
2026,,2026-05-04,824120,away,CLE,KCR,676440,Tanner Bibee,28,P,4.0,4,4,5,1,2,4,19,77,48,0,1,0,
2026,,2026-05-04,824120,home,KCR,CLE,621381,Matt Strahm,25,P,1.0,0,0,0,0,0,0,3,7,6,0,0,0,
2026,,2026-05-04,824120,home,KCR,CLE,608379,Michael Wacha,52,P,7.0,2,2,4,1,1,3,26,79,54,1,0,0,
2026,,2026-05-04,824120,home,KCR,CLE,656638,Alex Lange,56,P,1.0,0,0,1,0,0,0,3,9,6,0,0,0,
2026,,2026-05-04,823064,away,MIL,STL,694477,Chad Patrick,39,P,3.1,4,4,7,0,3,4,20,64,38,0,1,0,
2026,,2026-05-04,823064,away,MIL,STL,681982,Grant Anderson,56,P,0.2,0,0,1,0,0,0,2,9,6,0,0,0,
2026,,2026-05-04,823064,away,MIL,STL,675660,Shane Drohan,55,P,1.1,1,1,1,0,1,1,6,23,14,0,0,0,
2026,,2026-05-04,823064,away,MIL,STL,663765,Jake Woodford,41,P,1.0,1,1,2,0,0,2,5,25,16,0,0,0,
2026,,2026-05-04,823064,away,MIL,STL,669084,DL Hall,37,P,1.2,0,0,0,0,0,2,6,24,19,0,0,0,
2026,,2026-05-04,823064,home,STL,MIL,681517,Kyle Leahy,62,P,5.1,1,1,6,0,2,5,25,94,56,1,0,0,
2026,,2026-05-04,823064,home,STL,MIL,700669,Gordon Graceffo,44,P,0.1,2,2,3,1,0,0,4,11,7,0,0,0,
2026,,2026-05-04,823064,home,STL,MIL,668941,JoJo Romero,59,P,1.0,0,0,1,0,1,0,4,16,8,0,0,0,
2026,,2026-05-04,823064,home,STL,MIL,676617,Riley O'Brien,61,P,0.2,0,0,0,0,0,0,2,3,3,0,0,1,
2026,,2026-05-04,823064,home,STL,MIL,666277,George Soriano,65,P,0.2,0,0,1,0,1,1,4,18,9,0,0,0,
2026,,2026-05-04,823064,home,STL,MIL,592773,Ryne Stanek,55,P,1.0,0,0,0,0,0,1,3,7,6,0,0,0,
2026,,2026-05-04,824201,away,LAD,HOU,669165,Kyle Hurt,63,P,1.0,0,0,0,0,1,2,4,17,11,0,0,0,
2026,,2026-05-04,824201,away,LAD,HOU,676263,Jack Dreyer,86,P,1.0,0,0,1,0,0,2,4,15,13,0,0,0,
2026,,2026-05-04,824201,away,LAD,HOU,595014,Blake Treinen,49,P,1.0,0,0,0,0,0,3,4,17,10,0,0,0,
2026,,2026-05-04,824201,away,LAD,HOU,808967,Yoshinobu Yamamoto,18,P,6.0,3,3,5,1,1,8,23,95,65,1,0,0,
2026,,2026-05-04,824201,home,HOU,LAD,650556,Bryan Abreu,52,P,1.0,0,0,1,0,0,3,4,18,12,0,0,0,
2026,,2026-05-04,824201,home,HOU,LAD,678906,Kai-Wei Teng,17,P,2.0,0,0,1,0,0,2,7,31,18,0,0,0,
2026,,2026-05-04,824201,home,HOU,LAD,680802,Ryan Weiss,51,P,4.1,7,6,8,2,4,5,25,95,60,0,1,0,
2026,,2026-05-04,824201,home,HOU,LAD,595345,Steven Okert,48,P,0.2,1,1,3,0,1,1,6,20,12,0,0,0,
2026,,2026-05-04,824201,home,HOU,LAD,656986,Bennett Sousa,62,P,1.0,0,0,0,0,0,0,3,8,8,0,0,0,
2026,,2026-05-04,824039,away,CHW,LAA,663436,Davis Martin,65,P,7.0,0,0,5,0,0,10,25,85,63,1,0,0,
2026,,2026-05-04,824039,away,CHW,LAA,656794,Sean Newcomb,15,P,2.0,0,0,0,0,0,4,6,28,18,0,0,0,
2026,,2026-05-04,824039,home,LAA,CHW,667755,José Soriano,59,P,4.0,5,5,8,2,3,5,23,88,52,0,1,0,
2026,,2026-05-04,824039,home,LAA,CHW,815083,Mitch Farris,70,P,4.0,1,1,7,0,0,3,18,58,38,0,0,0,
2026,,2026-05-04,824039,home,LAA,CHW,608718,Brent Suter,37,P,1.0,0,0,1,0,0,1,4,15,10,0,0,0,
2026,,2026-05-04,823143,away,ATL,SEA,471911,Carlos Carrasco,59,P,1.1,0,0,1,0,0,1,5,19,12,0,0,0,
2026,,2026-05-04,823143,away,ATL,SEA,702275,JR Ritchie,60,P,5.0,3,3,4,1,6,2,24,93,47,0,0,0,
2026,,2026-05-04,823143,away,ATL,SEA,641755,Tyler Kinley,45,P,1.0,2,2,1,1,1,2,5,23,13,0,1,0,
2026,,2026-05-04,823143,away,ATL,SEA,607481,Aaron Bummer,49,P,0.2,0,0,2,0,1,1,5,14,9,0,0,0,
2026,,2026-05-04,823143,home,SEA,ATL,678606,Jose A. Ferrer,45,P,1.1,0,0,1,0,0,1,5,16,11,0,0,0,
2026,,2026-05-04,823143,home,SEA,ATL,669302,Logan Gilbert,36,P,6.0,4,4,6,4,2,4,25,89,59,1,0,0,
2026,,2026-05-04,823143,home,SEA,ATL,662253,Andrés Muñoz,75,P,1.0,0,0,1,0,0,2,4,14,10,0,0,1,
2026,,2026-05-04,823143,home,SEA,ATL,660825,Eduard Bazardo,83,P,0.2,0,0,1,0,0,1,3,11,6,0,0,0,
2026,,2026-05-04,823228,away,SDP,SFG,593974,Wandy Peralta,58,P,0.2,0,0,1,0,1,1,4,13,8,0,0,0,
2026,,2026-05-04,823228,away,SDP,SFG,699134,Bradgley Rodriguez,72,P,1.1,0,0,0,0,0,0,4,16,9,0,0,0,
2026,,2026-05-04,823228,away,SDP,SFG,606996,Kyle Hart,68,P,0.1,0,0,0,0,0,1,1,5,3,0,0,0,
2026,,2026-05-04,823228,away,SDP,SFG,681190,Randy Vásquez,98,P,5.2,3,3,5,1,2,2,24,88,58,0,1,0,
2026,,2026-05-04,823228,home,SFG,SDP,686790,Trevor McDonald,72,P,7.0,1,1,2,1,0,8,24,81,60,1,0,0,
2026,,2026-05-04,823228,home,SFG,SDP,676775,Keaton Winn,67,P,1.0,0,0,0,0,0,0,3,8,5,0,0,0,
2026,,2026-05-04,823228,home,SFG,SDP,668873,Caleb Kilian,45,P,1.0,1,1,1,1,0,2,4,18,13,0,0,1,
2026,,2026-05-05,824281,away,BOS,DET,687941,Alec Gamboa,68,P,1.0,0,0,0,0,0,2,3,14,9,0,0,0,
2026,,2026-05-05,824281,away,BOS,DET,678394,Brayan Bello,66,P,7.0,1,1,4,0,1,7,25,94,66,1,0,0,
2026,,2026-05-05,824281,away,BOS,DET,663558,Jovani Morán,47,P,1.0,2,2,3,1,2,3,8,38,21,0,0,0,
2026,,2026-05-05,824281,home,DET,BOS,664285,Framber Valdez,59,P,3.0,10,7,9,3,1,3,22,60,45,0,1,0,
2026,,2026-05-05,824281,home,DET,BOS,572143,Burch Smith,65,P,2.0,0,0,1,0,0,4,7,20,18,0,0,0,
2026,,2026-05-05,824281,home,DET,BOS,646241,Enmanuel De Jesus,37,P,1.0,0,0,0,0,0,2,3,14,9,0,0,0,
2026,,2026-05-05,824281,home,DET,BOS,669724,Brenan Hanifee,75,P,3.0,0,0,2,0,1,2,11,33,20,0,0,0,
2026,,2026-05-05,822986,away,TOR,TBR,686973,Louis Varland,77,P,0.2,0,0,0,0,0,1,2,7,6,0,0,0,
2026,,2026-05-05,822986,away,TOR,TBR,592332,Kevin Gausman,34,P,6.0,2,2,6,0,1,3,24,96,63,0,0,0,
2026,,2026-05-05,822986,away,TOR,TBR,656546,Jeff Hoffman,23,P,1.0,0,0,1,0,0,1,4,17,13,0,0,0,
2026,,2026-05-05,822986,away,TOR,TBR,643511,Tyler Rogers,71,P,0.1,2,2,4,0,0,0,5,22,12,0,1,0,
2026,,2026-05-05,822986,home,TBR,TOR,668984,Casey Legumina,67,P,1.0,0,0,1,0,1,0,5,9,7,1,0,0,
2026,,2026-05-05,822986,home,TBR,TOR,642121,Cole Sulser,71,P,1.0,0,0,0,0,0,0,3,12,7,0,0,1,
2026,,2026-05-05,822986,home,TBR,TOR,685801,Hunter Bigge,43,P,1.0,0,0,0,0,1,2,4,18,10,0,0,0,
2026,,2026-05-05,822986,home,TBR,TOR,656876,Drew Rasmussen,57,P,6.0,3,3,7,1,1,5,25,85,59,0,0,0,
2026,,2026-05-05,823469,away,ATH,PHI,622663,Luis Severino,40,P,5.0,1,1,7,1,2,3,24,102,61,0,1,0,
2026,,2026-05-05,823469,away,ATH,PHI,605130,Scott Barlow,58,P,1.0,0,0,0,0,0,1,3,8,6,0,0,0,
2026,,2026-05-05,823469,away,ATH,PHI,621053,Tyler Ferguson,44,P,1.1,4,4,4,2,0,1,8,26,20,0,0,0,
2026,,2026-05-05,823469,away,ATH,PHI,643410,Mark Leiter Jr.,38,P,0.2,4,4,3,0,1,1,6,22,15,0,0,0,
2026,,2026-05-05,823469,home,PHI,ATH,650911,Cristopher Sánchez,61,P,8.0,0,0,3,0,1,10,29,97,69,1,0,0,
2026,,2026-05-05,823469,home,PHI,ATH,661395,Jhoan Duran,59,P,1.0,1,1,1,0,3,2,7,27,12,0,0,0,
2026,,2026-05-05,823873,away,BAL,MIA,669211,Keegan Akin,45,P,1.0,0,0,0,0,0,1,3,8,6,0,0,0,
2026,,2026-05-05,823873,away,BAL,MIA,670329,Rico Garcia,50,P,1.1,0,0,0,0,1,2,5,19,12,1,0,0,
2026,,2026-05-05,823873,away,BAL,MIA,605135,Chris Bassitt,40,P,4.0,4,4,6,0,3,3,21,76,42,0,0,0,
2026,,2026-05-05,823873,away,BAL,MIA,689296,Anthony Nunez,66,P,1.1,2,2,2,2,0,1,6,20,13,0,0,0,
2026,,2026-05-05,823873,away,BAL,MIA,552640,Andrew Kittredge,39,P,0.2,1,0,1,0,1,1,4,20,10,0,0,0,
2026,,2026-05-05,823873,away,BAL,MIA,664991,Grant Wolfram,48,P,0.2,0,0,0,0,0,2,2,8,6,0,0,0,
2026,,2026-05-05,823873,home,MIA,BAL,694795,Josh Ekness,95,P,1.0,0,0,0,0,0,2,3,15,10,0,0,0,
2026,,2026-05-05,823873,home,MIA,BAL,645261,Sandy Alcantara,22,P,4.1,7,7,8,0,3,5,25,106,72,0,0,0,
2026,,2026-05-05,823873,home,MIA,BAL,656848,Michael Petersen,49,P,1.0,0,0,0,0,0,2,3,17,12,0,0,0,
2026,,2026-05-05,823873,home,MIA,BAL,687531,William Kempner,71,P,1.0,0,0,0,0,0,1,3,8,6,0,0,0,
2026,,2026-05-05,823873,home,MIA,BAL,669622,Anthony Bender,37,P,0.2,0,0,0,0,0,0,2,6,4,0,0,0,
2026,,2026-05-05,823873,home,MIA,BAL,677053,Andrew Nardi,43,P,1.0,2,2,2,0,2,0,7,22,9,0,1,0,
2026,,2026-05-05,822743,away,MIN,WSN,671737,Taj Bradley,26,P,6.0,2,2,4,0,2,8,25,96,63,1,0,0,
2026,,2026-05-05,822743,away,MIN,WSN,607455,Anthony Banda,43,P,1.0,0,0,0,0,0,1,3,19,12,0,0,0,
2026,,2026-05-05,822743,away,MIN,WSN,472610,Luis García,40,P,1.0,0,0,0,0,1,0,3,13,8,0,0,0,
2026,,2026-05-05,822743,away,MIN,WSN,679358,Eric Orze,19,P,1.0,1,1,2,0,0,1,5,16,11,0,0,0,
2026,,2026-05-05,822743,home,WSN,MIN,701552,Andre Granillo,79,P,2.0,4,4,4,1,0,0,11,33,20,0,0,0,
2026,,2026-05-05,822743,home,WSN,MIN,676917,Cade Cavalli,24,P,4.0,6,3,5,0,3,2,22,76,48,0,1,0,
2026,,2026-05-05,822743,home,WSN,MIN,687377,Orlando Ribalta,64,P,1.0,1,1,1,0,2,1,6,34,20,0,0,0,
2026,,2026-05-05,822743,home,WSN,MIN,687606,Paxton Schultz,75,P,2.0,0,0,0,0,1,1,7,25,14,0,0,0,
2026,,2026-05-05,823553,away,TEX,NYY,641302,Tyler Alexander,13,P,1.0,1,1,1,1,1,0,5,27,19,0,0,0,
2026,,2026-05-05,823553,away,TEX,NYY,656222,Jalen Beeks,68,P,0.2,0,0,1,0,1,0,4,5,3,0,0,0,
2026,,2026-05-05,823553,away,TEX,NYY,594798,Jacob deGrom,48,P,6.1,6,6,7,2,1,7,27,94,66,0,1,0,
2026,,2026-05-05,823553,home,NYY,TEX,695684,Elmer Rodríguez,71,P,4.2,3,3,6,0,4,2,24,94,55,0,0,0,
2026,,2026-05-05,823553,home,NYY,TEX,657612,Tim Hill,41,P,0.1,0,0,2,0,0,0,3,6,5,0,0,0,
2026,,2026-05-05,823553,home,NYY,TEX,687396,Brent Headrick,47,P,1.1,0,0,0,0,0,3,4,14,11,1,0,0,
2026,,2026-05-05,823553,home,NYY,TEX,518585,Fernando Cruz,63,P,1.0,0,0,1,0,1,1,6,26,13,0,0,0,
2026,,2026-05-05,823553,home,NYY,TEX,670280,David Bednar,53,P,1.2,1,1,1,0,0,2,6,26,18,0,0,1,
2026,,2026-05-05,824682,away,CIN,CHC,641941,Emilio Pagán,15,P,0.0,0,0,0,0,0,0,0,1,0,0,0,0,
2026,,2026-05-05,824682,away,CIN,CHC,663574,Tony Santillan,64,P,1.0,1,1,1,1,0,1,5,17,11,0,0,0,
2026,,2026-05-05,824682,away,CIN,CHC,683742,Jose Franco,74,P,1.0,0,0,0,0,2,0,5,22,8,0,0,0,
2026,,2026-05-05,824682,away,CIN,CHC,683175,Connor Phillips,34,P,1.1,1,1,2,0,1,2,7,28,18,0,0,0,
2026,,2026-05-05,824682,away,CIN,CHC,594580,Sam Moll,50,P,0.0,1,0,1,0,0,0,1,2,1,0,1,0,
2026,,2026-05-05,824682,away,CIN,CHC,671096,Andrew Abbott,41,P,5.2,0,0,4,0,4,4,24,98,57,0,0,0,
2026,,2026-05-05,824682,home,CHC,CIN,694037,Daniel Palencia,48,P,1.0,0,0,1,0,0,0,4,15,8,0,0,0,
2026,,2026-05-05,824682,home,CHC,CIN,665871,Javier Assad,72,P,1.1,0,0,0,0,0,1,4,17,12,0,0,0,
2026,,2026-05-05,824682,home,CHC,CIN,592791,Jameson Taillon,50,P,5.2,2,2,5,2,1,5,23,100,59,0,0,0,
2026,,2026-05-05,824682,home,CHC,CIN,657097,Jacob Webb,71,P,1.0,0,0,0,0,0,1,4,17,12,0,0,0,
2026,,2026-05-05,824682,home,CHC,CIN,669020,Ryan Rolison,33,P,1.0,0,0,0,0,1,2,4,18,10,1,0,0,
2026,,2026-05-05,824119,away,CLE,KCR,670059,Colin Holderman,35,P,2.0,0,0,0,0,0,3,6,26,17,0,0,0,
2026,,2026-05-05,824119,away,CLE,KCR,668909,Gavin Williams,32,P,6.0,5,5,8,2,2,7,27,97,68,0,1,0,
2026,,2026-05-05,824119,home,KCR,CLE,668674,Lucas Erceg,60,P,1.0,0,0,0,0,1,1,4,15,8,0,0,1,
2026,,2026-05-05,824119,home,KCR,CLE,663568,Stephen Kolek,32,P,6.0,3,3,4,1,0,3,22,83,56,1,0,0,
2026,,2026-05-05,824119,home,KCR,CLE,683232,Nick Mears,31,P,1.0,0,0,0,0,0,1,3,8,5,0,0,0,
2026,,2026-05-05,824119,home,KCR,CLE,663738,Daniel Lynch IV,41,P,1.0,0,0,0,0,1,0,4,14,7,0,0,0,
2026,,2026-05-05,824200,away,LAD,HOU,681911,Alex Vesia,51,P,1.0,0,0,0,0,0,1,3,11,7,0,0,0,
2026,,2026-05-05,824200,away,LAD,HOU,660271,Shohei Ohtani,17,P,7.0,2,2,4,2,0,8,26,89,62,0,1,0,
2026,,2026-05-05,824200,home,HOU,LAD,663567,Peter Lambert,38,P,7.0,0,0,3,0,4,4,27,104,63,1,0,0,
2026,,2026-05-05,824200,home,HOU,LAD,687911,Bryan King,74,P,2.0,1,1,3,0,0,2,9,37,26,0,0,1,
2026,,2026-05-05,824040,away,CHW,LAA,673929,Jordan Leasure,49,P,1.0,0,0,0,0,0,2,3,20,14,0,0,0,
2026,,2026-05-05,824040,away,CHW,LAA,663542,Bryan Hudson,60,P,1.0,0,0,1,0,0,0,3,7,7,0,0,0,
2026,,2026-05-05,824040,away,CHW,LAA,607200,Erick Fedde,47,P,4.2,4,4,6,3,2,2,21,75,44,0,1,0,
2026,,2026-05-05,824040,away,CHW,LAA,699823,Tyler Davis,63,P,1.1,0,0,0,0,0,1,4,14,11,0,0,0,
2026,,2026-05-05,824040,home,LAA,CHW,519141,Drew Pomeranz,13,P,1.0,0,0,2,0,0,1,5,19,14,0,0,0,
2026,,2026-05-05,824040,home,LAA,CHW,820862,José Fermin,65,P,1.0,0,0,1,0,0,2,4,11,9,1,0,0,
2026,,2026-05-05,824040,home,LAA,CHW,691951,Sam Aldegheri,61,P,4.0,2,2,4,0,2,0,18,69,43,0,0,0,
2026,,2026-05-05,824040,home,LAA,CHW,696147,Sam Bachman,40,P,1.2,1,1,1,1,0,3,7,20,15,0,0,0,
2026,,2026-05-05,824040,home,LAA,CHW,666171,Ryan Zeferjahn,56,P,1.1,0,0,0,0,2,3,7,33,16,0,0,1,
2026,,2026-05-05,825092,away,PIT,ARI,681895,Evan Sisk,48,P,1.2,0,0,2,0,0,0,6,25,18,0,0,0,
2026,,2026-05-05,825092,away,PIT,ARI,670990,Yohan Ramírez,49,P,0.1,5,5,2,0,1,0,7,29,15,0,0,0,
2026,,2026-05-05,825092,away,PIT,ARI,696149,Bubba Chandler,36,P,5.0,2,2,2,0,6,4,22,92,58,0,1,0,
2026,,2026-05-05,825092,away,PIT,ARI,642701,Dennis Santana,60,P,1.0,2,2,3,0,0,0,6,15,12,0,0,0,
2026,,2026-05-05,825092,home,ARI,PIT,593958,Eduardo Rodriguez,57,P,7.0,0,0,2,0,3,7,26,103,65,1,0,0,
2026,,2026-05-05,825092,home,ARI,PIT,642528,Jonathan Loáisiga,43,P,1.0,0,0,0,0,0,0,3,15,11,0,0,0,
2026,,2026-05-05,825092,home,ARI,PIT,805299,Brandyn Garcia,55,P,1.0,0,0,0,0,0,2,3,11,9,0,0,0,
2026,,2026-05-05,823142,away,ATL,SEA,669276,Dylan Lee,52,P,1.0,0,0,0,0,0,3,3,16,10,0,0,0,
2026,,2026-05-05,823142,away,ATL,SEA,663158,Robert Suarez,75,P,1.0,0,0,0,0,0,2,3,16,9,1,0,0,
2026,,2026-05-05,823142,away,ATL,SEA,628452,Raisel Iglesias,26,P,1.0,0,0,1,0,0,2,4,19,13,0,0,1,
2026,,2026-05-05,823142,away,ATL,SEA,693821,Bryce Elder,55,P,6.0,2,2,2,1,3,9,23,93,62,0,0,0,
2026,,2026-05-05,823142,home,SEA,ATL,678606,Jose A. Ferrer,45,P,1.0,0,0,0,0,0,2,3,10,8,0,0,0,
2026,,2026-05-05,823142,home,SEA,ATL,669923,George Kirby,68,P,7.0,2,2,5,0,1,5,26,88,59,0,0,0,
2026,,2026-05-05,823142,home,SEA,ATL,662253,Andrés Muñoz,75,P,1.0,1,1,1,1,1,2,5,23,12,0,1,0,
2026,,2026-05-05,823227,away,SDP,SFG,621111,Walker Buehler,10,P,5.1,4,4,7,1,0,5,23,82,56,1,0,0,
2026,,2026-05-05,823227,away,SDP,SFG,592094,Jason Adam,40,P,1.0,0,0,0,0,0,0,3,9,8,0,0,0,
2026,,2026-05-05,823227,away,SDP,SFG,669093,Jeremiah Estrada,56,P,1.2,1,1,1,1,0,2,6,21,16,0,0,0,
2026,,2026-05-05,823227,away,SDP,SFG,676760,Ron Marinaccio,97,P,1.0,0,0,0,0,0,1,3,9,7,0,0,0,
2026,,2026-05-05,823227,home,SFG,SDP,664141,JT Brubaker,34,P,1.0,1,1,2,0,2,1,7,38,20,0,0,0,
2026,,2026-05-05,823227,home,SFG,SDP,657277,Logan Webb,62,P,4.0,6,6,7,1,0,4,20,62,40,0,1,0,
2026,,2026-05-05,823227,home,SFG,SDP,666619,Gregory Santos,57,P,2.0,2,2,2,0,0,0,8,28,20,0,0,0,
2026,,2026-05-05,823227,home,SFG,SDP,621366,Ryan Borucki,47,P,1.0,1,1,2,0,0,0,4,20,12,0,0,0,
2026,,2026-05-05,823227,home,SFG,SDP,666711,Joel Peguero,63,P,1.0,0,0,1,0,0,0,4,8,6,0,0,0,
2026,,2026-05-06,822985,away,TOR,TBR,686973,Louis Varland,77,P,1.0,1,0,1,0,2,0,6,22,12,0,0,0,
2026,,2026-05-06,822985,away,TOR,TBR,689254,Mason Fluharty,68,P,0.1,0,0,0,0,0,0,1,11,8,0,0,0,
2026,,2026-05-06,822985,away,TOR,TBR,680755,Braydon Fisher,63,P,1.1,0,0,0,0,1,2,5,23,14,0,0,0,
2026,,2026-05-06,822985,away,TOR,TBR,571578,Patrick Corbin,46,P,5.1,2,2,5,0,2,1,22,61,37,0,1,0,
2026,,2026-05-06,822985,home,TBR,TOR,663556,Shane McClanahan,18,P,5.2,0,0,2,0,1,4,20,69,47,1,0,0,
2026,,2026-05-06,822985,home,TBR,TOR,693855,Ian Seymour,61,P,1.0,0,0,0,0,0,1,3,11,9,0,0,1,
2026,,2026-05-06,822985,home,TBR,TOR,664076,Garrett Cleavinger,60,P,0.1,0,0,0,0,0,1,1,5,3,0,0,0,
2026,,2026-05-06,822985,home,TBR,TOR,687330,Kevin Kelly,49,P,1.0,0,0,2,0,0,0,5,14,11,0,0,0,
2026,,2026-05-06,822985,home,TBR,TOR,641329,Bryan Baker,47,P,1.0,0,0,0,0,0,1,3,17,11,0,0,0,
2026,,2026-05-06,823063,away,MIL,STL,682842,Abner Uribe,45,P,1.0,1,1,1,0,0,0,4,16,11,0,0,0,
2026,,2026-05-06,823063,away,MIL,STL,676879,Aaron Ashby,26,P,2.0,0,0,0,0,1,1,7,28,18,1,0,0,
2026,,2026-05-06,823063,away,MIL,STL,687075,Brandon Sproat,23,P,4.0,0,0,1,0,3,5,16,76,42,0,0,0,
2026,,2026-05-06,823063,away,MIL,STL,669084,DL Hall,37,P,1.0,0,0,0,0,0,1,3,11,8,0,0,0,
2026,,2026-05-06,823063,away,MIL,STL,656730,Trevor Megill,29,P,1.0,1,1,2,0,0,2,5,21,14,0,0,0,
2026,,2026-05-06,823063,home,STL,MIL,694335,Matt Svanson,49,P,1.0,1,1,2,0,1,2,6,27,18,0,0,0,
2026,,2026-05-06,823063,home,STL,MIL,669467,Andre Pallante,53,P,6.0,5,5,8,1,2,3,27,104,74,0,1,0,
2026,,2026-05-06,823063,home,STL,MIL,694363,Jared Shuster,68,P,2.0,0,0,1,0,0,1,7,33,20,0,0,0,
2026,,2026-05-06,824198,away,LAD,HOU,607192,Tyler Glasnow,31,P,1.0,1,1,1,1,0,2,4,19,10,0,0,0,
2026,,2026-05-06,824198,away,LAD,HOU,683618,Edgardo Henriquez,60,P,2.0,0,0,1,0,0,1,6,23,15,0,0,0,
2026,,2026-05-06,824198,away,LAD,HOU,656945,Tanner Scott,66,P,1.0,0,0,0,0,0,0,3,9,7,0,0,0,
2026,,2026-05-06,824198,away,LAD,HOU,669165,Kyle Hurt,63,P,1.0,0,0,0,0,0,2,3,11,8,0,0,0,
2026,,2026-05-06,824198,away,LAD,HOU,592779,Brock Stewart,41,P,1.0,0,0,0,0,0,2,3,10,7,0,0,0,
2026,,2026-05-06,824198,away,LAD,HOU,676263,Jack Dreyer,86,P,2.0,0,0,1,0,0,1,7,27,21,1,0,0,
2026,,2026-05-06,824198,away,LAD,HOU,595014,Blake Treinen,49,P,1.0,1,1,2,0,0,0,5,15,10,0,0,0,
2026,,2026-05-06,824198,home,HOU,LAD,660853,Enyel De Los Santos,65,P,1.0,0,0,0,0,0,0,3,13,10,0,0,0,
2026,,2026-05-06,824198,home,HOU,LAD,663967,César Salazar,18,P,1.0,1,1,1,1,0,0,4,10,6,0,0,0,
2026,,2026-05-06,824198,home,HOU,LAD,621121,Lance McCullers Jr.,43,P,2.2,6,6,4,1,3,4,15,70,39,0,1,0,
2026,,2026-05-06,824198,home,HOU,LAD,669920,Jason Alexander,54,P,4.1,5,5,9,1,2,5,23,88,57,0,0,0,
2026,,2026-05-06,823226,away,SDP,SFG,695243,Mason Miller,22,P,1.0,0,0,0,0,0,2,3,13,9,0,0,0,
2026,,2026-05-06,823226,away,SDP,SFG,699134,Bradgley Rodriguez,72,P,1.0,0,0,0,0,0,0,3,7,4,0,0,0,
2026,,2026-05-06,823226,away,SDP,SFG,670970,Adrian Morejon,50,P,2.0,0,0,1,0,0,4,7,26,20,0,0,0,
2026,,2026-05-06,823226,away,SDP,SFG,663362,Matt Waldron,61,P,5.0,1,1,2,1,0,7,17,67,48,1,0,0,
2026,,2026-05-06,823226,home,SFG,SDP,676254,Ryan Walker,74,P,1.0,2,2,2,1,2,0,7,29,15,0,0,0,
2026,,2026-05-06,823226,home,SFG,SDP,676775,Keaton Winn,67,P,0.2,1,1,0,0,1,0,3,16,7,0,0,0,
2026,,2026-05-06,823226,home,SFG,SDP,666711,Joel Peguero,63,P,1.0,0,0,0,0,0,1,3,8,6,0,0,0,
2026,,2026-05-06,823226,home,SFG,SDP,605288,Adrian Houser,12,P,6.0,2,1,3,1,1,3,23,74,50,0,1,0,
2026,,2026-05-06,823226,home,SFG,SDP,657424,Matt Gage,93,P,0.1,0,0,1,0,0,0,2,10,7,0,0,0,
2026,,2026-05-06,824036,away,CHW,LAA,674370,Osvaldo Bido,46,P,2.1,0,0,0,0,0,0,9,27,19,0,0,0,
2026,,2026-05-06,824036,away,CHW,LAA,691799,Grant Taylor,31,P,1.0,1,0,1,0,1,1,5,20,11,0,0,0,
2026,,2026-05-06,824036,away,CHW,LAA,702273,Noah Schultz,22,P,3.2,7,7,7,1,4,3,21,79,48,0,1,0,
2026,,2026-05-06,824036,away,CHW,LAA,663855,Jordan Hicks,44,P,1.0,0,0,0,0,1,1,3,11,5,0,0,0,
2026,,2026-05-06,824036,home,LAA,CHW,681217,Chase Silseth,63,P,2.0,0,0,1,0,0,4,7,28,17,0,0,0,
2026,,2026-05-06,824036,home,LAA,CHW,519141,Drew Pomeranz,13,P,0.1,0,0,0,0,0,1,2,11,7,0,0,0,
2026,,2026-05-06,824036,home,LAA,CHW,700712,Walbert Ureña,57,P,6.0,1,1,2,0,3,5,22,90,55,1,0,0,
2026,,2026-05-06,824036,home,LAA,CHW,608718,Brent Suter,37,P,0.2,1,1,1,0,2,0,5,20,10,0,0,0,
2026,,2026-05-06,823141,away,ATL,SEA,800311,Didier Fuentes,72,P,2.0,1,1,2,0,1,4,9,47,29,0,0,0,
2026,,2026-05-06,823141,away,ATL,SEA,641755,Tyler Kinley,45,P,0.1,0,0,2,0,0,0,3,9,5,0,0,0,
2026,,2026-05-06,823141,away,ATL,SEA,527048,Martín Pérez,33,P,5.2,2,2,5,1,1,5,22,84,54,0,1,0,
2026,,2026-05-06,823141,home,SEA,ATL,678606,Jose A. Ferrer,45,P,1.0,0,0,0,0,0,1,3,11,7,0,0,1,
2026,,2026-05-06,823141,home,SEA,ATL,693433,Bryan Woo,22,P,6.0,0,0,1,0,2,9,21,98,66,1,0,0,
2026,,2026-05-06,823141,home,SEA,ATL,681867,Cooper Criswell,88,P,1.0,0,0,0,0,0,1,3,13,8,0,0,0,
2026,,2026-05-06,823141,home,SEA,ATL,660825,Eduard Bazardo,83,P,1.0,1,1,3,0,0,1,5,21,17,0,0,0,
2026,,2026-05-06,824282,away,BOS,DET,669711,Greg Weissert,57,P,1.0,0,0,0,0,0,0,3,11,8,0,0,0,
2026,,2026-05-06,824282,away,BOS,DET,677161,Zack Kelly,76,P,1.0,0,0,0,0,2,2,5,25,11,0,0,0,
2026,,2026-05-06,824282,away,BOS,DET,543243,Sonny Gray,54,P,5.0,0,0,4,0,2,2,20,70,44,1,0,0,
2026,,2026-05-06,824282,away,BOS,DET,701719,Tyler Samaniego,78,P,2.0,0,0,0,0,1,3,7,31,19,0,0,0,
2026,,2026-05-06,824282,home,DET,BOS,676428,Brant Hurter,48,P,0.2,0,0,0,0,0,1,2,12,7,0,0,0,
2026,,2026-05-06,824282,home,DET,BOS,623454,Drew Anderson,38,P,1.1,0,0,1,0,3,3,8,39,25,0,0,0,
2026,,2026-05-06,824282,home,DET,BOS,640448,Kyle Finnegan,67,P,1.0,0,0,0,0,2,0,4,14,5,0,0,0,
2026,,2026-05-06,824282,home,DET,BOS,572143,Burch Smith,65,P,1.0,0,0,0,0,1,1,4,17,12,0,0,0,
2026,,2026-05-06,824282,home,DET,BOS,656427,Jack Flaherty,9,P,5.0,4,2,3,0,1,10,21,96,67,0,1,0,
2026,,2026-05-06,823470,away,ATH,PHI,686993,Justin Sterner,60,P,0.2,0,0,0,0,0,0,2,7,4,0,0,0,
2026,,2026-05-06,823470,away,ATH,PHI,663687,Hogan Harris,36,P,0.2,0,0,2,0,0,0,4,9,6,0,0,0,
2026,,2026-05-06,823470,away,ATH,PHI,678022,Jack Perkins,50,P,1.1,4,2,2,0,1,2,8,33,22,0,1,0,
2026,,2026-05-06,823470,away,ATH,PHI,605488,Jeffrey Springs,59,P,5.1,2,2,8,1,0,4,23,75,55,0,0,0,
2026,,2026-05-06,823470,home,PHI,ATH,621237,José Alvarado,46,P,0.2,0,0,1,0,1,2,4,16,11,0,0,0,
2026,,2026-05-06,823470,home,PHI,ATH,554430,Zack Wheeler,45,P,6.1,3,3,5,1,1,4,25,98,62,0,0,0,
2026,,2026-05-06,823470,home,PHI,ATH,689147,Orion Kerkering,50,P,0.1,0,0,0,0,0,0,1,5,4,1,0,0,
2026,,2026-05-06,823470,home,PHI,ATH,641835,Tim Mayza,37,P,0.2,0,0,0,0,0,1,2,7,4,0,0,0,
2026,,2026-05-06,823470,home,PHI,ATH,641745,Brad Keller,40,P,1.0,0,0,1,0,2,1,6,22,11,0,0,1,
2026,,2026-05-06,823872,away,BAL,MIA,670329,Rico Garcia,50,P,1.0,0,0,0,0,1,1,3,15,9,0,0,1,
2026,,2026-05-06,823872,away,BAL,MIA,687064,Brandon Young,63,P,6.0,3,3,4,0,3,5,25,93,62,1,0,0,
2026,,2026-05-06,823872,away,BAL,MIA,689296,Anthony Nunez,66,P,1.1,0,0,0,0,0,1,4,16,10,0,0,0,
2026,,2026-05-06,823872,away,BAL,MIA,664991,Grant Wolfram,48,P,0.2,1,1,2,0,0,0,4,15,12,0,0,0,
2026,,2026-05-06,823872,home,MIA,BAL,690978,Dax Fulton,90,P,4.0,2,2,3,0,2,3,16,64,35,0,0,0,
2026,,2026-05-06,823872,home,MIA,BAL,691587,Eury Pérez,39,P,5.0,5,5,4,1,5,6,24,93,55,0,1,0,
2026,,2026-05-06,822740,away,MIN,WSN,623437,Justin Topa,48,P,0.2,6,6,4,1,2,1,8,32,18,0,0,0,
2026,,2026-05-06,822740,away,MIN,WSN,641927,Bailey Ober,17,P,5.0,5,5,6,1,2,3,23,82,52,0,1,0,
2026,,2026-05-06,822740,away,MIN,WSN,681892,Kody Funderburk,57,P,1.0,1,1,0,0,1,2,4,17,9,0,0,0,
2026,,2026-05-06,822740,away,MIN,WSN,472610,Luis García,40,P,0.2,2,2,2,2,0,0,4,14,9,0,0,0,
2026,,2026-05-06,822740,away,MIN,WSN,702193,Andrew Morris,78,P,0.2,1,1,2,0,0,1,4,14,9,0,0,0,
2026,,2026-05-06,822740,home,WSN,MIN,571945,Miles Mikolas,36,P,5.1,2,2,3,1,0,3,19,74,52,1,0,0,
2026,,2026-05-06,822740,home,WSN,MIN,680730,Mitchell Parker,70,P,2.2,0,0,0,0,0,2,8,27,20,0,0,0,
2026,,2026-05-06,822740,home,WSN,MIN,687849,Zak Kent,57,P,1.0,0,0,0,0,0,0,4,10,8,0,0,0,
2026,,2026-05-06,823550,away,TEX,NYY,656641,Jacob Latz,67,P,1.0,0,0,0,0,1,1,4,21,13,0,0,0,
2026,,2026-05-06,823550,away,TEX,NYY,543135,Nathan Eovaldi,17,P,8.0,1,1,3,1,0,8,27,101,72,1,0,0,
2026,,2026-05-06,823550,home,NYY,TEX,642232,Ryan Yarbrough,33,P,1.2,0,0,0,0,1,2,6,29,20,0,0,0,
2026,,2026-05-06,823550,home,NYY,TEX,701542,Will Warren,29,P,4.0,6,6,7,2,3,7,22,90,52,0,1,0,
2026,,2026-05-06,823550,home,NYY,TEX,660787,Yerry De los Santos,73,P,3.1,0,0,1,0,1,5,12,54,38,0,0,0,
2026,,2026-05-06,824683,away,CIN,CHC,572955,Pierce Johnson,52,P,0.1,0,0,0,0,0,0,1,5,4,0,0,0,
2026,,2026-05-06,824683,away,CIN,CHC,622088,Tejay Antone,70,P,1.0,0,0,0,0,0,2,3,12,9,0,0,0,
2026,,2026-05-06,824683,away,CIN,CHC,663903,Brady Singer,51,P,6.0,4,4,6,1,1,6,25,96,60,0,0,0,
2026,,2026-05-06,824683,away,CIN,CHC,668933,Graham Ashcraft,23,P,1.0,2,2,2,1,0,1,5,27,17,0,0,0,
2026,,2026-05-06,824683,away,CIN,CHC,594580,Sam Moll,50,P,0.2,0,0,2,0,0,0,3,11,6,0,0,0,
2026,,2026-05-06,824683,away,CIN,CHC,656271,Brock Burke,49,P,0.2,1,0,0,0,3,1,5,11,5,0,1,0,
2026,,2026-05-06,824683,home,CHC,CIN,571948,Hoby Milner,41,P,1.0,1,1,1,0,1,1,6,25,12,0,0,0,
2026,,2026-05-06,824683,home,CHC,CIN,657097,Jacob Webb,71,P,1.2,0,0,0,0,0,1,5,14,11,0,0,0,
2026,,2026-05-06,824683,home,CHC,CIN,656686,Corbin Martin,38,P,0.0,3,3,3,1,0,0,3,11,6,0,0,0,
2026,,2026-05-06,824683,home,CHC,CIN,663423,Trent Thornton,49,P,1.0,0,0,0,0,0,0,2,6,4,1,0,0,
2026,,2026-05-06,824683,home,CHC,CIN,607067,Colin Rea,53,P,5.1,2,1,6,1,3,5,24,98,59,0,0,0,
2026,,2026-05-06,824683,home,CHC,CIN,664208,Phil Maton,88,P,1.0,0,0,0,0,0,1,3,12,9,0,0,0,
2026,,2026-05-06,824118,away,CLE,KCR,670036,Matt Festa,52,P,1.0,0,0,0,0,0,2,3,13,11,0,0,0,
2026,,2026-05-06,824118,away,CLE,KCR,671922,Cade Smith,36,P,1.0,0,0,1,0,0,3,4,16,12,0,0,1,
2026,,2026-05-06,824118,away,CLE,KCR,676282,Joey Cantillo,54,P,5.0,1,1,3,0,3,1,19,70,43,1,0,0,
2026,,2026-05-06,824118,away,CLE,KCR,681870,Erik Sabrowski,62,P,1.1,0,0,0,0,1,2,5,20,13,0,0,0,
2026,,2026-05-06,824118,away,CLE,KCR,683769,Hunter Gaddis,33,P,0.2,0,0,0,0,1,0,3,9,4,0,0,0,
2026,,2026-05-06,824118,home,KCR,CLE,666142,Cole Ragans,55,P,3.0,0,0,1,0,2,4,13,58,34,0,0,0,
2026,,2026-05-06,824118,home,KCR,CLE,679883,Luinder Avila,58,P,2.0,2,2,2,0,2,2,9,49,29,0,1,0,
2026,,2026-05-06,824118,home,KCR,CLE,672021,Eric Cerantola,61,P,1.0,0,0,1,0,1,2,4,19,10,0,0,0,
2026,,2026-05-06,824118,home,KCR,CLE,656638,Alex Lange,56,P,1.1,1,1,0,0,1,0,5,23,13,0,0,0,
2026,,2026-05-06,824118,home,KCR,CLE,670167,John Schreiber,46,P,1.2,0,0,2,0,0,0,6,30,17,0,0,0,
2026,,2026-05-06,824361,away,NYM,COL,640455,Sean Manaea,59,P,0.1,1,1,3,0,0,1,5,17,9,0,0,0,
2026,,2026-05-06,824361,away,NYM,COL,668964,Tobias Myers,32,P,0.2,4,4,5,2,0,0,7,21,13,0,0,0,
2026,,2026-05-06,824361,away,NYM,COL,596133,Luke Weaver,30,P,1.0,0,0,1,0,0,2,4,20,16,0,0,0,
2026,,2026-05-06,824361,away,NYM,COL,642207,Devin Williams,38,P,0.2,0,0,0,0,0,2,2,9,6,0,0,1,
2026,,2026-05-06,824361,away,NYM,COL,642547,Freddy Peralta,51,P,5.0,0,0,4,0,2,1,21,91,56,1,0,0,
2026,,2026-05-06,824361,away,NYM,COL,548384,Brooks Raley,25,P,1.1,0,0,0,0,1,2,4,14,10,0,0,0,
2026,,2026-05-06,824361,home,COL,NYM,688642,Zach Agnos,36,P,4.0,3,3,4,1,1,1,18,59,33,0,0,0,
2026,,2026-05-06,824361,home,COL,NYM,547179,Michael Lorenzen,24,P,5.0,7,7,11,1,3,2,26,87,53,0,1,0,
2026,,2026-05-06,825091,away,PIT,ARI,694973,Paul Skenes,30,P,8.0,0,0,2,0,0,7,26,97,65,1,0,0,
2026,,2026-05-06,825091,away,PIT,ARI,642397,Gregory Soto,31,P,1.0,0,0,0,0,1,1,4,15,8,0,0,1,
2026,,2026-05-06,825091,home,ARI,PIT,666661,Juan Morillo,62,P,1.0,0,0,0,0,0,0,4,12,6,0,0,0,
2026,,2026-05-06,825091,home,ARI,PIT,656464,Kevin Ginkel,37,P,0.2,0,0,0,0,0,0,2,9,6,0,0,0,
2026,,2026-05-06,825091,home,ARI,PIT,647336,Michael Soroka,34,P,6.1,1,1,7,1,2,6,27,93,65,0,1,0,
2026,,2026-05-06,825091,home,ARI,PIT,664199,Taylor Clarke,45,P,1.0,0,0,0,0,0,1,3,15,9,0,0,0,
