snapshotAt,season,date,market,marketDisplay,baseMarket,isAltMarket,player,team,opponent,pitcher,line,americanOdds,finalProbabilityPercent,sportsbookImpliedPercent,finalEdgePercent,confidence,recommendation,weatherAdjustmentPercent,savantAdjustmentPercent,oddsMovementAdjustmentPercent,missingData,originalMarket,rawLabel,marketFamily
2026-05-04T21:59:25.624015+00:00,2026,2026-05-04,batter_hits,Batter Hits,batter_hits,,Otto Lopez,MIA,PHI,Aaron Nola,1.5,197.0,54.24,33.67,20.57,Medium,Positive edge,-0.13,0.8,1.5,PropLine game moneyline/total context | Batter-vs-pitcher sample | Self-stored odds movement snapshots,batter_hits,Over,batter
2026-05-04T21:59:25.624015+00:00,2026,2026-05-04,batter_hits,Batter Hits,batter_hits,,Otto Lopez,MIA,PHI,Aaron Nola,1.5,196.0,54.28,33.78,20.5,Medium,Positive edge,-0.13,0.8,1.5,PropLine game moneyline/total context | Batter-vs-pitcher sample | Self-stored odds movement snapshots,batter_hits,Over,batter
2026-05-04T21:59:25.624015+00:00,2026,2026-05-04,batter_hits,Batter Hits,batter_hits,,Otto Lopez,MIA,PHI,Aaron Nola,1.5,184.0,54.85,35.21,19.64,Medium,Positive edge,-0.13,0.8,1.5,PropLine game moneyline/total context | Batter-vs-pitcher sample | Self-stored odds movement snapshots,batter_hits,,batter
2026-05-04T21:59:25.624015+00:00,2026,2026-05-04,batter_hits,Batter Hits,batter_hits,,Moisés Ballesteros,CHC,CIN,Chase Petty,1.5,192.0,51.61,34.25,17.36,Medium,Positive edge,-0.49,0.8,1.5,PropLine game moneyline/total context | Batter-vs-pitcher sample | Self-stored odds movement snapshots,batter_hits,Over,batter
2026-05-04T21:59:25.624015+00:00,2026,2026-05-04,batter_hits,Batter Hits,batter_hits,,Xavier Edwards,MIA,PHI,Aaron Nola,0.5,194.0,51.38,34.01,17.36,Medium,Positive edge,-0.13,0.8,-1.5,PropLine game moneyline/total context | Batter-vs-pitcher sample | Self-stored odds movement snapshots,batter_hits,Under,batter
2026-05-04T21:59:25.624015+00:00,2026,2026-05-04,batter_hits,Batter Hits,batter_hits,,Brice Turang,MIL,STL,Kyle Leahy,1.5,173.0,53.98,36.63,17.35,Medium,Positive edge,0.43,0.8,1.5,PropLine game moneyline/total context | Batter-vs-pitcher sample | Self-stored odds movement snapshots,batter_hits,Over,batter
2026-05-04T21:59:25.624015+00:00,2026,2026-05-04,batter_hits,Batter Hits,batter_hits,,Xavier Edwards,MIA,PHI,Aaron Nola,0.5,191.0,51.52,34.36,17.15,Medium,Positive edge,-0.13,0.8,-1.5,PropLine game moneyline/total context | Batter-vs-pitcher sample | Self-stored odds movement snapshots,batter_hits,Under,batter
2026-05-04T21:59:25.624015+00:00,2026,2026-05-04,batter_hits,Batter Hits,batter_hits,,Yandy Díaz,TBR,TOR,Eric Lauer,1.5,163.0,55.11,38.02,17.09,Medium-High,Positive edge,,0.8,1.5,PropLine game moneyline/total context | Self-stored odds movement snapshots,batter_hits,Over,batter
2026-05-04T21:59:25.624015+00:00,2026,2026-05-04,batter_hits,Batter Hits,batter_hits,,Chandler Simpson,TBR,TOR,Eric Lauer,1.5,162.0,55.17,38.17,17.0,Medium-High,Positive edge,,0.8,1.5,PropLine game moneyline/total context | Self-stored odds movement snapshots,batter_hits,Over,batter
2026-05-04T21:59:25.624015+00:00,2026,2026-05-04,batter_hits,Batter Hits,batter_hits,,Seiya Suzuki,CHC,CIN,Chase Petty,0.5,188.0,51.3,34.72,16.58,Medium,Positive edge,-0.49,0.8,-1.5,PropLine game moneyline/total context | Batter-vs-pitcher sample | Self-stored odds movement snapshots,batter_hits,Under,batter
2026-05-04T21:59:25.624015+00:00,2026,2026-05-04,batter_hits,Batter Hits,batter_hits,,Chandler Simpson,TBR,TOR,Eric Lauer,1.5,156.0,55.53,39.06,16.46,Medium-High,Positive edge,,0.8,1.5,PropLine game moneyline/total context | Self-stored odds movement snapshots,batter_hits,,batter
2026-05-04T21:59:25.624015+00:00,2026,2026-05-04,batter_hits,Batter Hits,batter_hits,,Junior Caminero,TBR,TOR,Eric Lauer,1.5,199.0,49.62,33.44,16.18,Medium-High,Positive edge,,0.8,0.34,PropLine game moneyline/total context | Self-stored odds movement snapshots,batter_hits,,batter
2026-05-04T21:59:25.624015+00:00,2026,2026-05-04,batter_hits,Batter Hits,batter_hits,,Alec Burleson,STL,MIL,Chad Patrick,0.5,183.0,51.46,35.34,16.13,Medium,Positive edge,0.43,0.8,-1.5,PropLine game moneyline/total context | Batter-vs-pitcher sample | Self-stored odds movement snapshots,batter_hits,Under,batter
2026-05-04T21:59:25.624015+00:00,2026,2026-05-04,batter_hits,Batter Hits,batter_hits,,Aaron Judge,NYY,BAL,Shane Baz,0.5,196.0,49.79,33.78,16.01,Medium,Positive edge,-0.12,0.8,-1.5,PropLine game moneyline/total context | Batter-vs-pitcher sample | Self-stored odds movement snapshots,batter_hits,Under,batter
2026-05-04T21:59:25.624015+00:00,2026,2026-05-04,batter_hits,Batter Hits,batter_hits,,Maikel Garcia,KCR,CLE,Tanner Bibee,0.5,178.0,51.83,35.97,15.86,Medium,Positive edge,0.54,0.8,-1.5,PropLine game moneyline/total context | Batter-vs-pitcher sample | Self-stored odds movement snapshots,batter_hits,Under,batter
2026-05-04T21:59:25.624015+00:00,2026,2026-05-04,batter_hits,Batter Hits,batter_hits,,Junior Caminero,TBR,TOR,Eric Lauer,1.5,193.0,49.89,34.13,15.76,Medium-High,Positive edge,,0.8,0.34,PropLine game moneyline/total context | Self-stored odds movement snapshots,batter_hits,Over,batter
2026-05-04T21:59:25.624015+00:00,2026,2026-05-04,batter_hits,Batter Hits,batter_hits,,Nico Hoerner,CHC,CIN,Chase Petty,1.5,143.0,56.87,41.15,15.72,Medium,Positive edge,-0.49,0.8,1.5,PropLine game moneyline/total context | Batter-vs-pitcher sample | Self-stored odds movement snapshots,batter_hits,Over,batter
2026-05-04T21:59:25.624015+00:00,2026,2026-05-04,batter_hits,Batter Hits,batter_hits,,Bobby Witt Jr.,KCR,CLE,Tanner Bibee,1.5,176.0,51.93,36.23,15.7,Medium,Positive edge,0.54,0.8,-1.5,PropLine game moneyline/total context | Batter-vs-pitcher sample | Self-stored odds movement snapshots,batter_hits,Over,batter
2026-05-04T21:59:25.624015+00:00,2026,2026-05-04,batter_hits,Batter Hits,batter_hits,,Jordan Walker,STL,MIL,Chad Patrick,0.5,176.0,51.82,36.23,15.59,Medium,Positive edge,0.43,0.8,-1.5,PropLine game moneyline/total context | Batter-vs-pitcher sample | Self-stored odds movement snapshots,batter_hits,Under,batter
2026-05-04T21:59:25.624015+00:00,2026,2026-05-04,batter_hits,Batter Hits,batter_hits,,Dansby Swanson,CHC,CIN,Chase Petty,0.5,165.0,53.0,37.74,15.27,Medium,Positive edge,-0.49,0.8,1.5,PropLine game moneyline/total context | Batter-vs-pitcher sample | Self-stored odds movement snapshots,batter_hits,Under,batter
2026-05-04T21:59:25.624015+00:00,2026,2026-05-04,batter_hits,Batter Hits,batter_hits,,William Contreras,MIL,STL,Kyle Leahy,1.5,149.0,55.39,40.16,15.23,Medium,Positive edge,0.43,0.8,1.5,PropLine game moneyline/total context | Batter-vs-pitcher sample | Self-stored odds movement snapshots,batter_hits,Over,batter
2026-05-04T21:59:25.624015+00:00,2026,2026-05-04,batter_hits,Batter Hits,batter_hits,,Bryce Harper,PHI,MIA,Janson Junk,1.5,199.0,48.65,33.44,15.2,Medium,Positive edge,-0.13,0.8,1.5,PropLine game moneyline/total context | Batter-vs-pitcher sample | Self-stored odds movement snapshots,batter_hits,Over,batter
2026-05-04T21:59:25.624015+00:00,2026,2026-05-04,batter_hits,Batter Hits,batter_hits,,Chase DeLauter,CLE,KCR,Michael Wacha,0.5,193.0,49.09,34.13,14.96,Medium,Positive edge,0.54,0.8,-1.5,PropLine game moneyline/total context | Batter-vs-pitcher sample | Self-stored odds movement snapshots,batter_hits,Under,batter
2026-05-04T21:59:25.624015+00:00,2026,2026-05-04,batter_hits,Batter Hits,batter_hits,,Steven Kwan,CLE,KCR,Michael Wacha,1.5,183.0,50.07,35.34,14.74,Medium,Positive edge,0.54,0.8,1.5,PropLine game moneyline/total context | Batter-vs-pitcher sample | Self-stored odds movement snapshots,batter_hits,Over,batter
2026-05-04T21:59:25.624015+00:00,2026,2026-05-04,batter_hits,Batter Hits,batter_hits,,Bryce Harper,PHI,MIA,Janson Junk,1.5,191.0,49.02,34.36,14.65,Medium,Positive edge,-0.13,0.8,1.5,PropLine game moneyline/total context | Batter-vs-pitcher sample | Self-stored odds movement snapshots,batter_hits,,batter
2026-05-04T21:59:25.624015+00:00,2026,2026-05-04,batter_hits,Batter Hits,batter_hits,,Vladimir Guerrero Jr.,TOR,TBR,Nick Martinez,1.5,158.0,53.4,38.76,14.64,Medium,Positive edge,,0.8,1.5,PropLine game moneyline/total context | Batter-vs-pitcher sample | Self-stored odds movement snapshots,batter_hits,Over,batter
2026-05-04T21:59:25.624015+00:00,2026,2026-05-04,batter_hits,Batter Hits,batter_hits,,Cody Bellinger,NYY,BAL,Shane Baz,0.5,177.0,50.72,36.1,14.62,Medium,Positive edge,-0.12,0.8,-1.5,PropLine game moneyline/total context | Batter-vs-pitcher sample | Self-stored odds movement snapshots,batter_hits,Under,batter
2026-05-04T21:59:25.624015+00:00,2026,2026-05-04,batter_hits,Batter Hits,batter_hits,,Willi Castro,COL,NYM,Huascar Brazobán,0.5,188.0,49.26,34.72,14.54,Medium-High,Positive edge,-0.53,0.8,,PropLine game moneyline/total context | Self-stored odds movement snapshots,batter_hits,Under,batter
2026-05-04T21:59:25.624015+00:00,2026,2026-05-04,batter_hits,Batter Hits,batter_hits,,Troy Johnston,COL,NYM,Huascar Brazobán,0.5,156.0,53.5,39.06,14.43,Medium-High,Positive edge,-0.53,0.8,,PropLine game moneyline/total context | Self-stored odds movement snapshots,batter_hits,Under,batter
2026-05-04T21:59:25.624015+00:00,2026,2026-05-04,batter_hits,Batter Hits,batter_hits,,Alex Bregman,CHC,CIN,Chase Petty,0.5,193.0,48.56,34.13,14.43,Medium,Positive edge,-0.49,0.8,-1.5,PropLine game moneyline/total context | Batter-vs-pitcher sample | Self-stored odds movement snapshots,batter_hits,Under,batter
2026-05-04T21:59:25.624015+00:00,2026,2026-05-04,batter_hits,Batter Hits,batter_hits,,Hunter Goodman,COL,NYM,Huascar Brazobán,1.5,186.0,49.36,34.97,14.39,Medium-High,Positive edge,-0.53,0.8,,PropLine game moneyline/total context | Self-stored odds movement snapshots,batter_hits,Over,batter
2026-05-04T21:59:25.624015+00:00,2026,2026-05-04,batter_hits,Batter Hits,batter_hits,,Kyle Stowers,MIA,PHI,Aaron Nola,0.5,187.0,49.21,34.84,14.36,Medium,Positive edge,-0.13,0.8,-1.5,PropLine game moneyline/total context | Batter-vs-pitcher sample | Self-stored odds movement snapshots,batter_hits,,batter
2026-05-04T21:59:25.624015+00:00,2026,2026-05-04,batter_hits,Batter Hits,batter_hits,,Sal Stewart,CIN,CHC,Edward Cabrera,1.5,190.0,48.7,34.48,14.22,Medium,Positive edge,-0.49,0.8,1.5,PropLine game moneyline/total context | Batter-vs-pitcher sample | Self-stored odds movement snapshots,batter_hits,Over,batter
2026-05-04T21:59:25.624015+00:00,2026,2026-05-04,batter_hits,Batter Hits,batter_hits,,George Springer,TOR,TBR,Nick Martinez,1.5,193.0,48.25,34.13,14.12,Medium,Positive edge,,,1.5,PropLine game moneyline/total context | Batter-vs-pitcher sample | Self-stored odds movement snapshots,batter_hits,Over,batter
2026-05-04T21:59:25.624015+00:00,2026,2026-05-04,batter_hits,Batter Hits,batter_hits,,Tyler Freeman,COL,NYM,Huascar Brazobán,1.5,180.0,49.66,35.71,13.94,Medium-High,Positive edge,-0.53,0.8,,PropLine game moneyline/total context | Self-stored odds movement snapshots,batter_hits,Over,batter
2026-05-04T21:59:25.624015+00:00,2026,2026-05-04,batter_hits,Batter Hits,batter_hits,,Michael Busch,CHC,CIN,Chase Petty,0.5,186.0,48.9,34.97,13.93,Medium,Positive edge,-0.49,0.8,-1.5,PropLine game moneyline/total context | Batter-vs-pitcher sample | Self-stored odds movement snapshots,batter_hits,Under,batter
2026-05-04T21:59:25.624015+00:00,2026,2026-05-04,batter_hits,Batter Hits,batter_hits,,Bryce Harper,PHI,MIA,Janson Junk,1.5,181.0,49.5,35.59,13.92,Medium,Positive edge,-0.13,0.8,1.5,PropLine game moneyline/total context | Batter-vs-pitcher sample | Self-stored odds movement snapshots,batter_hits,Over,batter
2026-05-04T21:59:25.624015+00:00,2026,2026-05-04,batter_hits,Batter Hits,batter_hits,,Kyle Stowers,MIA,PHI,Aaron Nola,0.5,181.0,49.5,35.59,13.92,Medium,Positive edge,-0.13,0.8,-1.5,PropLine game moneyline/total context | Batter-vs-pitcher sample | Self-stored odds movement snapshots,batter_hits,Under,batter
2026-05-04T21:59:25.624015+00:00,2026,2026-05-04,batter_hits,Batter Hits,batter_hits,,Juan Soto,NYM,COL,Tomoyuki Sugano,1.5,167.0,51.35,37.45,13.9,Medium,Positive edge,-0.53,0.8,1.5,PropLine game moneyline/total context | Batter-vs-pitcher sample | Self-stored odds movement snapshots,batter_hits,,batter
2026-05-04T21:59:25.624015+00:00,2026,2026-05-04,batter_hits,Batter Hits,batter_hits,,Elly De La Cruz,CIN,CHC,Edward Cabrera,0.5,187.0,48.35,34.84,13.5,Medium,Positive edge,-0.49,0.8,-1.5,PropLine game moneyline/total context | Batter-vs-pitcher sample | Self-stored odds movement snapshots,batter_hits,Under,batter
2026-05-04T21:59:25.624015+00:00,2026,2026-05-04,batter_hits,Batter Hits,batter_hits,,Kevin McGonigle,DET,BOS,Payton Tolle,0.5,152.0,53.17,39.68,13.49,Medium,Positive edge,0.4,0.8,-1.5,PropLine game moneyline/total context | Batter-vs-pitcher sample | Self-stored odds movement snapshots,batter_hits,Under,batter
2026-05-04T21:59:25.624015+00:00,2026,2026-05-04,batter_hits,Batter Hits,batter_hits,,Brandon Marsh,PHI,MIA,Janson Junk,0.5,182.0,48.95,35.46,13.49,Medium,Positive edge,-0.13,0.8,-1.5,PropLine game moneyline/total context | Batter-vs-pitcher sample | Self-stored odds movement snapshots,batter_hits,Under,batter
2026-05-04T21:59:25.624015+00:00,2026,2026-05-04,batter_hits,Batter Hits,batter_hits,,Mark Vientos,NYM,COL,Tomoyuki Sugano,0.5,194.0,47.48,34.01,13.46,Medium,Positive edge,-0.53,0.8,1.5,PropLine game moneyline/total context | Batter-vs-pitcher sample | Self-stored odds movement snapshots,batter_hits,Under,batter
2026-05-04T21:59:25.624015+00:00,2026,2026-05-04,batter_hits,Batter Hits,batter_hits,,Brenton Doyle,COL,NYM,Huascar Brazobán,0.5,200.0,46.7,33.33,13.37,Medium-High,Positive edge,-0.53,0.8,,PropLine game moneyline/total context | Self-stored odds movement snapshots,batter_hits,Under,batter
2026-05-04T21:59:25.624015+00:00,2026,2026-05-04,batter_hits,Batter Hits,batter_hits,,Ernie Clement,TOR,TBR,Nick Martinez,0.5,176.0,49.39,36.23,13.16,Medium,Positive edge,,0.8,-1.5,PropLine game moneyline/total context | Batter-vs-pitcher sample | Self-stored odds movement snapshots,batter_hits,Under,batter
2026-05-04T21:59:25.624015+00:00,2026,2026-05-04,batter_hits,Batter Hits,batter_hits,,Jasson Domínguez,NYY,BAL,Shane Baz,0.5,159.0,51.72,38.61,13.11,Medium,Positive edge,-0.12,0.8,-1.5,PropLine game moneyline/total context | Batter-vs-pitcher sample | Self-stored odds movement snapshots,batter_hits,Under,batter
2026-05-04T21:59:25.624015+00:00,2026,2026-05-04,batter_hits,Batter Hits,batter_hits,,Liam Hicks,MIA,PHI,Aaron Nola,0.5,170.0,50.08,37.04,13.05,Medium,Positive edge,-0.13,0.8,-1.5,PropLine game moneyline/total context | Batter-vs-pitcher sample | Self-stored odds movement snapshots,batter_hits,Under,batter
2026-05-04T21:59:25.624015+00:00,2026,2026-05-04,batter_hits,Batter Hits,batter_hits,,Marcus Semien,NYM,COL,Tomoyuki Sugano,1.5,188.0,47.76,34.72,13.04,Medium,Positive edge,-0.53,0.8,1.5,PropLine game moneyline/total context | Batter-vs-pitcher sample | Self-stored odds movement snapshots,batter_hits,Over,batter
2026-05-04T21:59:25.624015+00:00,2026,2026-05-04,batter_hits,Batter Hits,batter_hits,,Juan Soto,NYM,COL,Tomoyuki Sugano,1.5,156.0,51.99,39.06,12.93,Medium,Positive edge,-0.53,0.8,1.5,PropLine game moneyline/total context | Batter-vs-pitcher sample | Self-stored odds movement snapshots,batter_hits,Over,batter
2026-05-04T21:59:25.624015+00:00,2026,2026-05-04,batter_hits,Batter Hits,batter_hits,,Mark Vientos,NYM,COL,Tomoyuki Sugano,1.5,186.0,47.86,34.97,12.89,Medium,Positive edge,-0.53,0.8,1.5,PropLine game moneyline/total context | Batter-vs-pitcher sample | Self-stored odds movement snapshots,batter_hits,,batter
2026-05-04T21:59:25.624015+00:00,2026,2026-05-04,batter_hits,Batter Hits,batter_hits,,Trea Turner,PHI,MIA,Janson Junk,1.5,168.0,50.2,37.31,12.88,Medium,Positive edge,-0.13,0.8,1.5,PropLine game moneyline/total context | Batter-vs-pitcher sample | Self-stored odds movement snapshots,batter_hits,Over,batter
2026-05-04T21:59:25.624015+00:00,2026,2026-05-04,batter_hits,Batter Hits,batter_hits,,Kyle Stowers,MIA,PHI,Aaron Nola,0.5,167.0,50.25,37.45,12.8,Medium,Positive edge,-0.13,0.8,-1.5,PropLine game moneyline/total context | Batter-vs-pitcher sample | Self-stored odds movement snapshots,batter_hits,Under,batter
2026-05-04T21:59:25.624015+00:00,2026,2026-05-04,batter_hits,Batter Hits,batter_hits,,Jordan Beck,COL,NYM,Huascar Brazobán,0.5,191.0,47.12,34.36,12.75,Medium-High,Positive edge,-0.53,0.8,,PropLine game moneyline/total context | Self-stored odds movement snapshots,batter_hits,Under,batter
2026-05-04T21:59:25.624015+00:00,2026,2026-05-04,batter_hits,Batter Hits,batter_hits,,José Ramírez,CLE,KCR,Michael Wacha,0.5,195.0,46.5,33.9,12.6,Medium,Positive edge,0.54,0.8,-1.5,PropLine game moneyline/total context | Batter-vs-pitcher sample | Self-stored odds movement snapshots,batter_hits,Under,batter
2026-05-04T21:59:25.624015+00:00,2026,2026-05-04,batter_hits,Batter Hits,batter_hits,,Liam Hicks,MIA,PHI,Aaron Nola,0.5,163.0,50.48,38.02,12.46,Medium,Positive edge,-0.13,0.8,-1.5,PropLine game moneyline/total context | Batter-vs-pitcher sample | Self-stored odds movement snapshots,batter_hits,,batter
2026-05-04T21:59:25.624015+00:00,2026,2026-05-04,batter_hits,Batter Hits,batter_hits,,Pete Crow-Armstrong,CHC,CIN,Chase Petty,0.5,167.0,49.89,37.45,12.44,Medium,Positive edge,-0.49,0.8,-1.5,PropLine game moneyline/total context | Batter-vs-pitcher sample | Self-stored odds movement snapshots,batter_hits,Under,batter
2026-05-04T21:59:25.624015+00:00,2026,2026-05-04,batter_hits,Batter Hits,batter_hits,,Ben Williamson,TBR,TOR,Eric Lauer,0.5,172.0,49.11,36.76,12.34,Medium-High,Positive edge,,0.8,-1.5,PropLine game moneyline/total context | Self-stored odds movement snapshots,batter_hits,Under,batter
2026-05-04T21:59:25.624015+00:00,2026,2026-05-04,batter_hits,Batter Hits,batter_hits,,T.J. Rumfield,COL,NYM,Huascar Brazobán,0.5,159.0,50.81,38.61,12.2,Medium-High,Positive edge,-0.53,0.8,,PropLine game moneyline/total context | Self-stored odds movement snapshots,batter_hits,Under,batter
2026-05-04T21:59:25.624015+00:00,2026,2026-05-04,batter_hits,Batter Hits,batter_hits,,Kazuma Okamoto,TOR,TBR,Nick Martinez,0.5,195.0,45.96,33.9,12.06,Medium,Positive edge,,0.8,-1.5,PropLine game moneyline/total context | Batter-vs-pitcher sample | Self-stored odds movement snapshots,batter_hits,Under,batter
2026-05-04T21:59:25.624015+00:00,2026,2026-05-04,batter_hits,Batter Hits,batter_hits,,Liam Hicks,MIA,PHI,Aaron Nola,0.5,158.0,50.77,38.76,12.01,Medium,Positive edge,-0.13,0.8,-1.5,PropLine game moneyline/total context | Batter-vs-pitcher sample | Self-stored odds movement snapshots,batter_hits,Under,batter
2026-05-04T21:59:25.624015+00:00,2026,2026-05-04,batter_hits,Batter Hits,batter_hits,,Ben Williamson,TBR,TOR,Eric Lauer,0.5,167.0,49.38,37.45,11.93,Medium-High,Positive edge,,0.8,-1.5,PropLine game moneyline/total context | Self-stored odds movement snapshots,batter_hits,,batter
2026-05-04T21:59:25.624015+00:00,2026,2026-05-04,batter_hits,Batter Hits,batter_hits,,Dillon Dingler,DET,BOS,Payton Tolle,0.5,162.0,50.07,38.17,11.9,Medium,Positive edge,0.4,0.8,-1.5,PropLine game moneyline/total context | Batter-vs-pitcher sample | Self-stored odds movement snapshots,batter_hits,Under,batter
2026-05-04T21:59:25.624015+00:00,2026,2026-05-04,batter_hits,Batter Hits,batter_hits,,Salvador Perez,KCR,CLE,Tanner Bibee,0.5,158.0,50.44,38.76,11.68,Medium,Positive edge,0.54,0.8,-1.5,PropLine game moneyline/total context | Batter-vs-pitcher sample | Self-stored odds movement snapshots,batter_hits,Under,batter
2026-05-04T21:59:25.624015+00:00,2026,2026-05-04,batter_total_bases,Batter Total Bases,batter_total_bases,,Liam Hicks,MIA,PHI,Aaron Nola,1.5,149.0,51.78,40.16,11.62,Medium,Positive edge,-0.18,1.2,1.5,PropLine game moneyline/total context | Batter-vs-pitcher sample | Self-stored odds movement snapshots,batter_total_bases,Over,batter
2026-05-04T21:59:25.624015+00:00,2026,2026-05-04,batter_hits,Batter Hits,batter_hits,,Brandon Marsh,PHI,MIA,Janson Junk,0.5,159.0,50.21,38.61,11.6,Medium,Positive edge,-0.13,0.8,-1.5,PropLine game moneyline/total context | Batter-vs-pitcher sample | Self-stored odds movement snapshots,batter_hits,Under,batter
2026-05-04T21:59:25.624015+00:00,2026,2026-05-04,batter_hits,Batter Hits,batter_hits,,Francisco Alvarez,NYM,COL,Tomoyuki Sugano,1.5,168.0,48.8,37.31,11.48,Medium,Positive edge,-0.53,0.8,1.5,PropLine game moneyline/total context | Batter-vs-pitcher sample | Self-stored odds movement snapshots,batter_hits,Over,batter
2026-05-04T21:59:25.624015+00:00,2026,2026-05-04,batter_total_bases,Batter Total Bases,batter_total_bases,,Kevin McGonigle,DET,BOS,Payton Tolle,1.5,146.0,52.12,40.65,11.47,Medium,Positive edge,0.96,1.2,1.5,PropLine game moneyline/total context | Batter-vs-pitcher sample | Self-stored odds movement snapshots,batter_total_bases,Over,batter
2026-05-04T21:59:25.624015+00:00,2026,2026-05-04,batter_hits,Batter Hits,batter_hits,,Dillon Dingler,DET,BOS,Payton Tolle,0.5,157.0,50.36,38.91,11.45,Medium,Positive edge,0.4,0.8,-1.5,PropLine game moneyline/total context | Batter-vs-pitcher sample | Self-stored odds movement snapshots,batter_hits,Under,batter
2026-05-04T21:59:25.624015+00:00,2026,2026-05-04,batter_hits,Batter Hits,batter_hits,,JJ Wetherholt,STL,MIL,Chad Patrick,0.5,156.0,50.45,39.06,11.39,Medium,Positive edge,0.43,0.8,-1.5,PropLine game moneyline/total context | Batter-vs-pitcher sample | Self-stored odds movement snapshots,batter_hits,Under,batter
2026-05-04T21:59:25.624015+00:00,2026,2026-05-04,batter_hits,Batter Hits,batter_hits,,Ian Happ,CHC,CIN,Chase Petty,0.5,152.0,50.78,39.68,11.1,Medium,Positive edge,-0.49,0.8,-1.5,PropLine game moneyline/total context | Batter-vs-pitcher sample | Self-stored odds movement snapshots,batter_hits,Under,batter
2026-05-04T21:59:25.624015+00:00,2026,2026-05-04,batter_total_bases,Batter Total Bases,batter_total_bases,,Dillon Dingler,DET,BOS,Payton Tolle,1.5,136.0,53.41,42.37,11.04,Medium,Positive edge,0.96,1.8,1.5,PropLine game moneyline/total context | Batter-vs-pitcher sample | Self-stored odds movement snapshots,batter_total_bases,Over,batter
2026-05-04T21:59:25.624015+00:00,2026,2026-05-04,batter_total_bases,Batter Total Bases,batter_total_bases,,JJ Wetherholt,STL,MIL,Chad Patrick,1.5,136.0,53.34,42.37,10.97,Medium,Positive edge,0.89,1.8,1.5,PropLine game moneyline/total context | Batter-vs-pitcher sample | Self-stored odds movement snapshots,batter_total_bases,Over,batter
2026-05-04T21:59:25.624015+00:00,2026,2026-05-04,batter_hits,Batter Hits,batter_hits,,Jakob Marsee,MIA,PHI,Aaron Nola,0.5,155.0,50.16,39.22,10.94,Medium,Positive edge,-0.13,,-1.5,PropLine game moneyline/total context | Batter-vs-pitcher sample | Self-stored odds movement snapshots,batter_hits,Under,batter
2026-05-04T21:59:25.624015+00:00,2026,2026-05-04,batter_hits,Batter Hits,batter_hits,,Garrett Mitchell,MIL,STL,Kyle Leahy,0.5,162.0,49.1,38.17,10.93,Medium,Positive edge,0.43,0.8,-1.5,PropLine game moneyline/total context | Batter-vs-pitcher sample | Self-stored odds movement snapshots,batter_hits,Under,batter
2026-05-04T21:59:25.624015+00:00,2026,2026-05-04,batter_hits,Batter Hits,batter_hits,,Jonny DeLuca,TBR,TOR,Eric Lauer,0.5,155.0,50.09,39.22,10.87,Medium-High,Positive edge,,0.8,-1.5,PropLine game moneyline/total context | Self-stored odds movement snapshots,batter_hits,Under,batter
2026-05-04T21:59:25.624015+00:00,2026,2026-05-04,batter_hits,Batter Hits,batter_hits,,Otto Lopez,MIA,PHI,Aaron Nola,0.5,100.0,60.77,50.0,10.77,Medium,Positive edge,-0.13,0.8,1.5,PropLine game moneyline/total context | Batter-vs-pitcher sample | Self-stored odds movement snapshots,batter_hits,Over,batter
2026-05-04T21:59:25.624015+00:00,2026,2026-05-04,batter_total_bases,Batter Total Bases,batter_total_bases,,Jasson Domínguez,NYY,BAL,Shane Baz,1.5,142.0,52.09,41.32,10.77,Medium,Positive edge,-0.14,,1.5,PropLine game moneyline/total context | Batter-vs-pitcher sample | Self-stored odds movement snapshots,batter_total_bases,Over,batter
2026-05-04T21:59:25.624015+00:00,2026,2026-05-04,batter_hits,Batter Hits,batter_hits,,Jakob Marsee,MIA,PHI,Aaron Nola,0.5,152.0,50.34,39.68,10.66,Medium,Positive edge,-0.13,,-1.5,PropLine game moneyline/total context | Batter-vs-pitcher sample | Self-stored odds movement snapshots,batter_hits,Under,batter
2026-05-04T21:59:25.624015+00:00,2026,2026-05-04,batter_hits,Batter Hits,batter_hits,,Sal Frelick,MIL,STL,Kyle Leahy,0.5,168.0,47.96,37.31,10.64,Medium,Positive edge,0.43,,-1.5,PropLine game moneyline/total context | Batter-vs-pitcher sample | Self-stored odds movement snapshots,batter_hits,Under,batter
2026-05-04T21:59:25.624015+00:00,2026,2026-05-04,batter_hits,Batter Hits,batter_hits,,Trea Turner,PHI,MIA,Janson Junk,1.5,142.0,51.8,41.32,10.48,Medium,Positive edge,-0.13,0.8,1.5,PropLine game moneyline/total context | Batter-vs-pitcher sample | Self-stored odds movement snapshots,batter_hits,,batter
2026-05-04T21:59:25.624015+00:00,2026,2026-05-04,batter_hits,Batter Hits,batter_hits,,Ezequiel Tovar,COL,NYM,Huascar Brazobán,0.5,141.0,51.97,41.49,10.47,Medium-High,Positive edge,-0.53,0.8,,PropLine game moneyline/total context | Self-stored odds movement snapshots,batter_hits,Under,batter
2026-05-04T21:59:25.624015+00:00,2026,2026-05-04,batter_hits,Batter Hits,batter_hits,,Jazz Chisholm Jr.,NYY,BAL,Shane Baz,0.5,132.0,53.52,43.1,10.42,Medium,Positive edge,-0.12,0.8,-1.5,PropLine game moneyline/total context | Batter-vs-pitcher sample | Self-stored odds movement snapshots,batter_hits,Under,batter
2026-05-04T21:59:25.624015+00:00,2026,2026-05-04,batter_hits,Batter Hits,batter_hits,,Jake Bauers,MIL,STL,Kyle Leahy,0.5,155.0,49.52,39.22,10.3,Medium,Positive edge,0.43,0.8,-1.5,PropLine game moneyline/total context | Batter-vs-pitcher sample | Self-stored odds movement snapshots,batter_hits,Under,batter
2026-05-04T21:59:25.624015+00:00,2026,2026-05-04,batter_hits,Batter Hits,batter_hits,,Wilyer Abreu,BOS,DET,Tarik Skubal,0.5,139.0,52.04,41.84,10.2,Medium,Positive edge,0.4,0.8,-1.5,PropLine game moneyline/total context | Batter-vs-pitcher sample | Self-stored odds movement snapshots,batter_hits,Under,batter
2026-05-04T21:59:25.624015+00:00,2026,2026-05-04,batter_hits,Batter Hits,batter_hits,,Starling Marte,KCR,CLE,Tanner Bibee,0.5,142.0,51.47,41.32,10.15,Medium,Positive edge,0.54,0.8,-1.5,PropLine game moneyline/total context | Batter-vs-pitcher sample | Self-stored odds movement snapshots,batter_hits,Under,batter
2026-05-04T21:59:25.624015+00:00,2026,2026-05-04,batter_hits,Batter Hits,batter_hits,,J.T. Realmuto,PHI,MIA,Janson Junk,0.5,169.0,47.14,37.17,9.97,Medium,Positive edge,-0.13,0.8,-1.5,PropLine game moneyline/total context | Batter-vs-pitcher sample | Self-stored odds movement snapshots,batter_hits,Under,batter
2026-05-04T21:59:25.624015+00:00,2026,2026-05-04,batter_hits,Batter Hits,batter_hits,,Paul Goldschmidt,NYY,BAL,Shane Baz,0.5,146.0,50.54,40.65,9.89,Medium,Positive edge,-0.12,0.8,-1.5,PropLine game moneyline/total context | Batter-vs-pitcher sample | Self-stored odds movement snapshots,batter_hits,Under,batter
2026-05-04T21:59:25.624015+00:00,2026,2026-05-04,batter_hits,Batter Hits,batter_hits,,Trea Turner,PHI,MIA,Janson Junk,1.5,136.0,52.22,42.37,9.85,Medium,Positive edge,-0.13,0.8,1.5,PropLine game moneyline/total context | Batter-vs-pitcher sample | Self-stored odds movement snapshots,batter_hits,Over,batter
2026-05-04T21:59:25.624015+00:00,2026,2026-05-04,batter_hits,Batter Hits,batter_hits,,Bryson Stott,PHI,MIA,Janson Junk,0.5,166.0,47.31,37.59,9.71,Medium,Positive edge,-0.13,0.8,-1.5,PropLine game moneyline/total context | Batter-vs-pitcher sample | Self-stored odds movement snapshots,batter_hits,Under,batter
2026-05-04T21:59:25.624015+00:00,2026,2026-05-04,batter_hits,Batter Hits,batter_hits,,Ryan Vilade,TBR,TOR,Eric Lauer,0.5,164.0,47.55,37.88,9.67,Medium-High,Positive edge,,0.8,-1.5,PropLine game moneyline/total context | Self-stored odds movement snapshots,batter_hits,Under,batter
2026-05-04T21:59:25.624015+00:00,2026,2026-05-04,batter_hits,Batter Hits,batter_hits,,Vinnie Pasquantino,KCR,CLE,Tanner Bibee,0.5,136.0,51.89,42.37,9.52,Medium,Positive edge,0.54,0.8,-1.5,PropLine game moneyline/total context | Batter-vs-pitcher sample | Self-stored odds movement snapshots,batter_hits,Under,batter
2026-05-04T21:59:25.624015+00:00,2026,2026-05-04,batter_hits,Batter Hits,batter_hits,,Nathaniel Lowe,CIN,CHC,Edward Cabrera,0.5,167.0,46.89,37.45,9.44,Medium,Positive edge,-0.49,0.8,-1.5,PropLine game moneyline/total context | Batter-vs-pitcher sample | Self-stored odds movement snapshots,batter_hits,Under,batter
2026-05-04T21:59:25.624015+00:00,2026,2026-05-04,batter_hits,Batter Hits,batter_hits,,Angel Martínez,CLE,KCR,Michael Wacha,0.5,155.0,48.63,39.22,9.41,Medium,Positive edge,0.54,0.8,-1.5,PropLine game moneyline/total context | Batter-vs-pitcher sample | Self-stored odds movement snapshots,batter_hits,Under,batter
2026-05-04T21:59:25.624015+00:00,2026,2026-05-04,batter_hits,Batter Hits,batter_hits,,Adolis García,PHI,MIA,Janson Junk,0.5,162.0,47.54,38.17,9.37,Medium,Positive edge,-0.13,0.8,-1.5,PropLine game moneyline/total context | Batter-vs-pitcher sample | Self-stored odds movement snapshots,batter_hits,Under,batter
2026-05-04T21:59:25.624015+00:00,2026,2026-05-04,batter_total_bases,Batter Total Bases,batter_total_bases,,Liam Hicks,MIA,PHI,Aaron Nola,1.5,127.0,53.34,44.05,9.29,Medium,Positive edge,-0.18,1.2,1.5,PropLine game moneyline/total context | Batter-vs-pitcher sample | Self-stored odds movement snapshots,batter_total_bases,Over,batter
2026-05-04T21:59:25.624015+00:00,2026,2026-05-04,batter_hits,Batter Hits,batter_hits,,Luis Rengifo,MIL,STL,Kyle Leahy,0.5,176.0,45.52,36.23,9.29,Medium,Positive edge,0.43,,-1.5,PropLine game moneyline/total context | Batter-vs-pitcher sample | Self-stored odds movement snapshots,batter_hits,Under,batter
2026-05-04T21:59:25.624015+00:00,2026,2026-05-04,batter_total_bases,Batter Total Bases,batter_total_bases,,Alec Burleson,STL,MIL,Chad Patrick,1.5,121.0,54.49,45.25,9.24,Medium,Positive edge,0.89,1.8,1.5,PropLine game moneyline/total context | Batter-vs-pitcher sample | Self-stored odds movement snapshots,batter_total_bases,Over,batter
2026-05-04T21:59:25.624015+00:00,2026,2026-05-04,batter_total_bases,Batter Total Bases,batter_total_bases,,Brandon Marsh,PHI,MIA,Janson Junk,1.5,148.0,49.45,40.32,9.13,Medium,Positive edge,-0.18,1.8,1.5,PropLine game moneyline/total context | Batter-vs-pitcher sample | Self-stored odds movement snapshots,batter_total_bases,Over,batter
2026-05-04T21:59:25.624015+00:00,2026,2026-05-04,batter_hits,Batter Hits,batter_hits,,Brett Baty,NYM,COL,Tomoyuki Sugano,1.5,163.0,47.08,38.02,9.06,Medium,Positive edge,-0.53,0.8,1.5,PropLine game moneyline/total context | Batter-vs-pitcher sample | Self-stored odds movement snapshots,batter_hits,Over,batter
2026-05-04T21:59:25.624015+00:00,2026,2026-05-04,batter_hits,Batter Hits,batter_hits,,J.T. Realmuto,PHI,MIA,Janson Junk,0.5,158.0,47.77,38.76,9.01,Medium,Positive edge,-0.13,0.8,-1.5,PropLine game moneyline/total context | Batter-vs-pitcher sample | Self-stored odds movement snapshots,batter_hits,Under,batter
2026-05-04T21:59:25.624015+00:00,2026,2026-05-04,batter_hits,Batter Hits,batter_hits,,Jac Caglianone,KCR,CLE,Tanner Bibee,0.5,131.0,52.26,43.29,8.97,Medium,Positive edge,0.54,0.8,-1.5,PropLine game moneyline/total context | Batter-vs-pitcher sample | Self-stored odds movement snapshots,batter_hits,Under,batter
2026-05-04T21:59:25.624015+00:00,2026,2026-05-04,batter_hits,Batter Hits,batter_hits,,MJ Melendez,NYM,COL,Tomoyuki Sugano,0.5,174.0,45.47,36.5,8.97,Medium,Positive edge,-0.53,0.8,-1.5,PropLine game moneyline/total context | Batter-vs-pitcher sample | Self-stored odds movement snapshots,batter_hits,Under,batter
2026-05-04T21:59:25.624015+00:00,2026,2026-05-04,batter_hits,Batter Hits,batter_hits,,Gleyber Torres,DET,BOS,Payton Tolle,0.5,132.0,52.04,43.1,8.94,Medium,Positive edge,0.4,0.8,-1.5,PropLine game moneyline/total context | Batter-vs-pitcher sample | Self-stored odds movement snapshots,batter_hits,Under,batter
2026-05-04T21:59:25.624015+00:00,2026,2026-05-04,batter_total_bases,Batter Total Bases,batter_total_bases,,Otto Lopez,MIA,PHI,Aaron Nola,1.5,119.0,54.58,45.66,8.92,Medium,Positive edge,-0.18,1.8,1.5,PropLine game moneyline/total context | Batter-vs-pitcher sample | Self-stored odds movement snapshots,batter_total_bases,Over,batter
2026-05-04T21:59:25.624015+00:00,2026,2026-05-04,batter_hits,Batter Hits,batter_hits,,Kyle Karros,COL,NYM,Huascar Brazobán,0.5,145.0,49.7,40.82,8.88,Medium-High,Positive edge,-0.53,0.8,,PropLine game moneyline/total context | Self-stored odds movement snapshots,batter_hits,Under,batter
2026-05-04T21:59:25.624015+00:00,2026,2026-05-04,batter_total_bases,Batter Total Bases,batter_total_bases,,Cody Bellinger,NYY,BAL,Shane Baz,1.5,115.0,55.36,46.51,8.85,Medium,Positive edge,-0.14,1.2,1.5,PropLine game moneyline/total context | Batter-vs-pitcher sample | Self-stored odds movement snapshots,batter_total_bases,Over,batter
2026-05-04T21:59:25.624015+00:00,2026,2026-05-04,batter_hits,Batter Hits,batter_hits,,Alec Bohm,PHI,MIA,Janson Junk,0.5,191.0,43.22,34.36,8.85,Medium,Positive edge,-0.13,,-1.5,PropLine game moneyline/total context | Batter-vs-pitcher sample | Self-stored odds movement snapshots,batter_hits,Under,batter
2026-05-04T21:59:25.624015+00:00,2026,2026-05-04,batter_hits,Batter Hits,batter_hits,,Riley Greene,DET,BOS,Payton Tolle,0.5,131.0,52.12,43.29,8.83,Medium,Positive edge,0.4,0.8,-1.5,PropLine game moneyline/total context | Batter-vs-pitcher sample | Self-stored odds movement snapshots,batter_hits,Under,batter
2026-05-04T21:59:25.624015+00:00,2026,2026-05-04,batter_hits,Batter Hits,batter_hits,,TJ Friedl,CIN,CHC,Edward Cabrera,0.5,169.0,45.98,37.17,8.81,Medium,Positive edge,-0.49,,-1.5,PropLine game moneyline/total context | Batter-vs-pitcher sample | Self-stored odds movement snapshots,batter_hits,Under,batter
2026-05-04T21:59:25.624015+00:00,2026,2026-05-04,batter_hits,Batter Hits,batter_hits,,Masyn Winn,STL,MIL,Chad Patrick,0.5,130.0,52.22,43.48,8.74,Medium,Positive edge,0.43,0.8,-1.5,PropLine game moneyline/total context | Batter-vs-pitcher sample | Self-stored odds movement snapshots,batter_hits,Under,batter
2026-05-04T21:59:25.624015+00:00,2026,2026-05-04,batter_hits,Batter Hits,batter_hits,,Riley Greene,DET,BOS,Payton Tolle,0.5,130.0,52.19,43.48,8.71,Medium,Positive edge,0.4,0.8,-1.5,PropLine game moneyline/total context | Batter-vs-pitcher sample | Self-stored odds movement snapshots,batter_hits,Under,batter
2026-05-04T21:59:25.624015+00:00,2026,2026-05-04,batter_hits,Batter Hits,batter_hits,,Jesús Sánchez,TOR,TBR,Nick Martinez,0.5,153.0,48.21,39.53,8.68,Medium,Positive edge,,0.8,-1.5,PropLine game moneyline/total context | Batter-vs-pitcher sample | Self-stored odds movement snapshots,batter_hits,Under,batter
2026-05-04T21:59:25.624015+00:00,2026,2026-05-04,batter_hits,Batter Hits,batter_hits,,J.T. Realmuto,PHI,MIA,Janson Junk,0.5,154.0,48.02,39.37,8.65,Medium,Positive edge,-0.13,0.8,-1.5,PropLine game moneyline/total context | Batter-vs-pitcher sample | Self-stored odds movement snapshots,batter_hits,,batter
2026-05-04T21:59:25.624015+00:00,2026,2026-05-04,batter_hits,Batter Hits,batter_hits,,Connor Norby,MIA,PHI,Aaron Nola,0.5,125.0,53.05,44.44,8.6,Medium,Positive edge,-0.13,0.8,-1.5,PropLine game moneyline/total context | Batter-vs-pitcher sample | Self-stored odds movement snapshots,batter_hits,Under,batter
2026-05-04T21:59:25.624015+00:00,2026,2026-05-04,batter_total_bases,Batter Total Bases,batter_total_bases,,Jake Bauers,MIL,STL,Kyle Leahy,1.5,147.0,49.08,40.49,8.6,Medium,Positive edge,0.89,1.8,1.5,PropLine game moneyline/total context | Batter-vs-pitcher sample | Self-stored odds movement snapshots,batter_total_bases,Over,batter
2026-05-04T21:59:25.624015+00:00,2026,2026-05-04,batter_total_bases,Batter Total Bases,batter_total_bases,,Xavier Edwards,MIA,PHI,Aaron Nola,1.5,131.0,51.84,43.29,8.55,Medium,Positive edge,-0.18,,1.5,PropLine game moneyline/total context | Batter-vs-pitcher sample | Self-stored odds movement snapshots,batter_total_bases,Over,batter
2026-05-04T21:59:25.624015+00:00,2026,2026-05-04,batter_total_bases,Batter Total Bases,batter_total_bases,,Maikel Garcia,KCR,CLE,Tanner Bibee,1.5,128.0,52.37,43.86,8.51,Medium,Positive edge,1.13,,1.5,PropLine game moneyline/total context | Batter-vs-pitcher sample | Self-stored odds movement snapshots,batter_total_bases,Over,batter
2026-05-04T21:59:25.624015+00:00,2026,2026-05-04,batter_hits,Batter Hits,batter_hits,,Nathan Church,STL,MIL,Chad Patrick,0.5,128.0,52.37,43.86,8.51,Medium,Positive edge,0.43,0.8,-1.5,PropLine game moneyline/total context | Batter-vs-pitcher sample | Self-stored odds movement snapshots,batter_hits,Under,batter
2026-05-04T21:59:25.624015+00:00,2026,2026-05-04,batter_hits,Batter Hits,batter_hits,,Joe Mack,MIA,PHI,Aaron Nola,0.5,131.0,51.79,43.29,8.5,Medium,Positive edge,-0.13,,-1.5,PropLine game moneyline/total context | Batter-vs-pitcher sample | Self-stored odds movement snapshots,batter_hits,,batter
2026-05-04T21:59:25.624015+00:00,2026,2026-05-04,batter_hits,Batter Hits,batter_hits,,Kyle Schwarber,PHI,MIA,Janson Junk,0.5,151.0,48.21,39.84,8.37,Medium,Positive edge,-0.13,0.8,-1.5,PropLine game moneyline/total context | Batter-vs-pitcher sample | Self-stored odds movement snapshots,batter_hits,Under,batter
2026-05-04T21:59:25.624015+00:00,2026,2026-05-04,batter_hits,Batter Hits,batter_hits,,Adley Rutschman,BAL,NYY,Cam Schlittler,0.5,135.0,50.8,42.55,8.25,Medium,Positive edge,-0.12,0.8,-1.5,PropLine game moneyline/total context | Batter-vs-pitcher sample | Self-stored odds movement snapshots,batter_hits,Under,batter
2026-05-04T21:59:25.624015+00:00,2026,2026-05-04,batter_hits,Batter Hits,batter_hits,,Carson Benge,NYM,COL,Tomoyuki Sugano,0.5,191.0,42.62,34.36,8.25,Medium,Positive edge,-0.53,0.8,-1.5,PropLine game moneyline/total context | Batter-vs-pitcher sample | Self-stored odds movement snapshots,batter_hits,Under,batter
2026-05-04T21:59:25.624015+00:00,2026,2026-05-04,batter_hits,Batter Hits,batter_hits,,Connor Norby,MIA,PHI,Aaron Nola,0.5,122.0,53.29,45.05,8.24,Medium,Positive edge,-0.13,0.8,-1.5,PropLine game moneyline/total context | Batter-vs-pitcher sample | Self-stored odds movement snapshots,batter_hits,Under,batter
2026-05-04T21:59:25.624015+00:00,2026,2026-05-04,batter_total_bases,Batter Total Bases,batter_total_bases,,Garrett Mitchell,MIL,STL,Kyle Leahy,1.5,143.0,49.35,41.15,8.2,Medium,Positive edge,0.89,1.8,1.5,PropLine game moneyline/total context | Batter-vs-pitcher sample | Self-stored odds movement snapshots,batter_total_bases,Over,batter
2026-05-04T21:59:25.624015+00:00,2026,2026-05-04,batter_hits,Batter Hits,batter_hits,,Trent Grisham,NYY,BAL,Shane Baz,0.5,130.0,51.67,43.48,8.19,Medium,Positive edge,-0.12,0.8,-1.5,PropLine game moneyline/total context | Batter-vs-pitcher sample | Self-stored odds movement snapshots,batter_hits,Under,batter
2026-05-04T21:59:25.624015+00:00,2026,2026-05-04,batter_total_bases,Batter Total Bases,batter_total_bases,,Sal Frelick,MIL,STL,Kyle Leahy,1.5,162.0,46.36,38.17,8.19,Medium,Positive edge,0.89,,1.5,PropLine game moneyline/total context | Batter-vs-pitcher sample | Self-stored odds movement snapshots,batter_total_bases,Over,batter
2026-05-04T21:59:25.624015+00:00,2026,2026-05-04,batter_total_bases,Batter Total Bases,batter_total_bases,,Jordan Walker,STL,MIL,Chad Patrick,1.5,112.0,55.26,47.17,8.09,Medium,Positive edge,0.89,1.8,1.5,PropLine game moneyline/total context | Batter-vs-pitcher sample | Self-stored odds movement snapshots,batter_total_bases,Over,batter
2026-05-04T21:59:25.624015+00:00,2026,2026-05-04,batter_total_bases,Batter Total Bases,batter_total_bases,,Xavier Edwards,MIA,PHI,Aaron Nola,1.5,127.0,52.14,44.05,8.09,Medium,Positive edge,-0.18,,1.5,PropLine game moneyline/total context | Batter-vs-pitcher sample | Self-stored odds movement snapshots,batter_total_bases,Over,batter
2026-05-04T21:59:25.624015+00:00,2026,2026-05-04,pitcher_strikeouts,Pitcher Strikeouts,pitcher_strikeouts,,Michael Wacha,KCR,CLE,Michael Wacha,4.5,118.0,53.95,45.87,8.08,Medium,Positive edge,-0.4,,1.5,PropLine game moneyline/total context | Self-stored odds movement snapshots,pitcher_strikeouts,Over,pitcher
2026-05-04T21:59:25.624015+00:00,2026,2026-05-04,batter_hits,Batter Hits,batter_hits,,Kyle Schwarber,PHI,MIA,Janson Junk,0.5,148.0,48.4,40.32,8.08,Medium,Positive edge,-0.13,0.8,-1.5,PropLine game moneyline/total context | Batter-vs-pitcher sample | Self-stored odds movement snapshots,batter_hits,Under,batter
2026-05-04T21:59:25.624015+00:00,2026,2026-05-04,batter_hits,Batter Hits,batter_hits,,Joe Mack,MIA,PHI,Aaron Nola,0.5,127.0,52.09,44.05,8.04,Medium,Positive edge,-0.13,,-1.5,PropLine game moneyline/total context | Batter-vs-pitcher sample | Self-stored odds movement snapshots,batter_hits,Under,batter
2026-05-04T21:59:25.624015+00:00,2026,2026-05-04,batter_total_bases,Batter Total Bases,batter_total_bases,,Otto Lopez,MIA,PHI,Aaron Nola,1.5,112.0,55.19,47.17,8.02,Medium,Positive edge,-0.18,1.8,1.5,PropLine game moneyline/total context | Batter-vs-pitcher sample | Self-stored odds movement snapshots,batter_total_bases,Over,batter
2026-05-04T21:59:25.624015+00:00,2026,2026-05-04,batter_hits,Batter Hits,batter_hits,,Colt Keith,DET,BOS,Payton Tolle,0.5,124.0,52.66,44.64,8.01,Medium,Positive edge,0.4,0.8,-1.5,PropLine game moneyline/total context | Batter-vs-pitcher sample | Self-stored odds movement snapshots,batter_hits,Under,batter
2026-05-04T21:59:25.624015+00:00,2026,2026-05-04,batter_hits,Batter Hits,batter_hits,,Roman Anthony,BOS,DET,Tarik Skubal,0.5,141.0,49.4,41.49,7.9,Medium,Positive edge,0.4,0.8,-1.5,PropLine game moneyline/total context | Batter-vs-pitcher sample | Self-stored odds movement snapshots,batter_hits,Under,batter
2026-05-04T21:59:25.624015+00:00,2026,2026-05-04,batter_hits,Batter Hits,batter_hits,,Troy Johnston,COL,NYM,Huascar Brazobán,0.5,100.0,57.87,50.0,7.87,Medium-High,Positive edge,-0.53,0.8,,PropLine game moneyline/total context | Self-stored odds movement snapshots,batter_hits,Over,batter
2026-05-04T21:59:25.624015+00:00,2026,2026-05-04,batter_hits,Batter Hits,batter_hits,,Xavier Edwards,MIA,PHI,Aaron Nola,0.5,100.0,57.77,50.0,7.77,Medium,Positive edge,-0.13,0.8,-1.5,PropLine game moneyline/total context | Batter-vs-pitcher sample | Self-stored odds movement snapshots,batter_hits,Over,batter
2026-05-04T21:59:25.624015+00:00,2026,2026-05-04,batter_total_bases,Batter Total Bases,batter_total_bases,,Brice Turang,MIL,STL,Kyle Leahy,1.5,117.0,53.82,46.08,7.74,Medium,Positive edge,0.89,1.8,1.5,PropLine game moneyline/total context | Batter-vs-pitcher sample | Self-stored odds movement snapshots,batter_total_bases,Over,batter
2026-05-04T21:59:25.624015+00:00,2026,2026-05-04,batter_total_bases,Batter Total Bases,batter_total_bases,,Luis Rengifo,MIL,STL,Kyle Leahy,1.5,157.0,46.65,38.91,7.74,Medium,Positive edge,0.89,,1.5,PropLine game moneyline/total context | Batter-vs-pitcher sample | Self-stored odds movement snapshots,batter_total_bases,Over,batter
2026-05-04T21:59:25.624015+00:00,2026,2026-05-04,batter_hits,Batter Hits,batter_hits,,MJ Melendez,NYM,COL,Tomoyuki Sugano,0.5,158.0,46.37,38.76,7.61,Medium,Positive edge,-0.53,0.8,-1.5,PropLine game moneyline/total context | Batter-vs-pitcher sample | Self-stored odds movement snapshots,batter_hits,,batter
2026-05-04T21:59:25.624015+00:00,2026,2026-05-04,batter_hits,Batter Hits,batter_hits,,Zack Short,DET,BOS,Payton Tolle,0.5,119.0,53.26,45.66,7.6,Medium,Positive edge,0.4,,1.5,PropLine game moneyline/total context | Batter-vs-pitcher sample | Self-stored odds movement snapshots,batter_hits,Over,batter
2026-05-04T21:59:25.624015+00:00,2026,2026-05-04,batter_total_bases,Batter Total Bases,batter_total_bases,,Kazuma Okamoto,TOR,TBR,Nick Martinez,1.5,131.0,50.82,43.29,7.53,Medium,Positive edge,,1.8,1.5,PropLine game moneyline/total context | Batter-vs-pitcher sample | Self-stored odds movement snapshots,batter_total_bases,Over,batter
2026-05-04T21:59:25.624015+00:00,2026,2026-05-04,batter_hits,Batter Hits,batter_hits,,Wilyer Abreu,BOS,DET,Tarik Skubal,0.5,116.0,53.82,46.3,7.52,Medium,Positive edge,0.4,0.8,-1.5,PropLine game moneyline/total context | Batter-vs-pitcher sample | Self-stored odds movement snapshots,batter_hits,Under,batter
2026-05-04T21:59:25.624015+00:00,2026,2026-05-04,batter_total_bases,Batter Total Bases,batter_total_bases,,Ernie Clement,TOR,TBR,Nick Martinez,1.5,148.0,47.83,40.32,7.51,Medium,Positive edge,,,1.5,PropLine game moneyline/total context | Batter-vs-pitcher sample | Self-stored odds movement snapshots,batter_total_bases,Over,batter
2026-05-04T21:59:25.624015+00:00,2026,2026-05-04,batter_hits,Batter Hits,batter_hits,,Justin Crawford,PHI,MIA,Janson Junk,0.5,142.0,48.8,41.32,7.48,Medium,Positive edge,-0.13,0.8,-1.5,PropLine game moneyline/total context | Batter-vs-pitcher sample | Self-stored odds movement snapshots,batter_hits,Under,batter
2026-05-04T21:59:25.624015+00:00,2026,2026-05-04,batter_hits,Batter Hits,batter_hits,,JJ Bleday,CIN,CHC,Edward Cabrera,0.5,144.0,48.3,40.98,7.32,Medium,Positive edge,-0.49,0.8,-1.5,PropLine game moneyline/total context | Batter-vs-pitcher sample | Self-stored odds movement snapshots,batter_hits,Under,batter
2026-05-04T21:59:25.624015+00:00,2026,2026-05-04,batter_hits,Batter Hits,batter_hits,,Daulton Varsho,TOR,TBR,Nick Martinez,0.5,139.0,49.14,41.84,7.3,Medium,Positive edge,,0.8,-1.5,PropLine game moneyline/total context | Batter-vs-pitcher sample | Self-stored odds movement snapshots,batter_hits,Under,batter
2026-05-04T21:59:25.624015+00:00,2026,2026-05-04,batter_hits,Batter Hits,batter_hits,,José Caballero,NYY,BAL,Shane Baz,0.5,107.0,55.6,48.31,7.29,Medium,Positive edge,-0.12,0.8,-1.5,PropLine game moneyline/total context | Batter-vs-pitcher sample | Self-stored odds movement snapshots,batter_hits,Under,batter
2026-05-04T21:59:25.624015+00:00,2026,2026-05-04,batter_hits,Batter Hits,batter_hits,,Nick Fortes,TBR,TOR,Eric Lauer,0.5,121.0,52.5,45.25,7.25,Medium-High,Positive edge,,0.8,-1.5,PropLine game moneyline/total context | Self-stored odds movement snapshots,batter_hits,Under,batter
2026-05-04T21:59:25.624015+00:00,2026,2026-05-04,batter_total_bases,Batter Total Bases,batter_total_bases,,Troy Johnston,COL,NYM,Huascar Brazobán,1.5,146.0,47.86,40.65,7.21,Medium-High,Positive edge,-0.8,1.2,1.5,PropLine game moneyline/total context | Self-stored odds movement snapshots,batter_total_bases,Over,batter
2026-05-04T21:59:25.624015+00:00,2026,2026-05-04,batter_hits,Batter Hits,batter_hits,,Daulton Varsho,TOR,TBR,Nick Martinez,0.5,138.0,49.21,42.02,7.19,Medium,Positive edge,,0.8,-1.5,PropLine game moneyline/total context | Batter-vs-pitcher sample | Self-stored odds movement snapshots,batter_hits,,batter
2026-05-04T21:59:25.624015+00:00,2026,2026-05-04,batter_hits,Batter Hits,batter_hits,,Bryson Stott,PHI,MIA,Janson Junk,0.5,139.0,49.01,41.84,7.17,Medium,Positive edge,-0.13,0.8,-1.5,PropLine game moneyline/total context | Batter-vs-pitcher sample | Self-stored odds movement snapshots,batter_hits,Under,batter
2026-05-04T21:59:25.624015+00:00,2026,2026-05-04,batter_hits,Batter Hits,batter_hits,,Trevor Story,BOS,DET,Tarik Skubal,0.5,134.0,49.89,42.74,7.16,Medium,Positive edge,0.4,0.8,-1.5,PropLine game moneyline/total context | Batter-vs-pitcher sample | Self-stored odds movement snapshots,batter_hits,Under,batter
2026-05-04T21:59:25.624015+00:00,2026,2026-05-04,batter_hits,Batter Hits,batter_hits,,Willson Contreras,BOS,DET,Tarik Skubal,0.5,134.0,49.89,42.74,7.16,Medium,Positive edge,0.4,0.8,-1.5,PropLine game moneyline/total context | Batter-vs-pitcher sample | Self-stored odds movement snapshots,batter_hits,Under,batter
2026-05-04T21:59:25.624015+00:00,2026,2026-05-04,batter_hits,Batter Hits,batter_hits,,Matt Vierling,DET,BOS,Payton Tolle,0.5,133.0,49.97,42.92,7.05,Medium,Positive edge,0.4,0.8,-1.5,PropLine game moneyline/total context | Batter-vs-pitcher sample | Self-stored odds movement snapshots,batter_hits,Under,batter
2026-05-04T21:59:25.624015+00:00,2026,2026-05-04,batter_hits,Batter Hits,batter_hits,,Kyle Isbel,KCR,CLE,Tanner Bibee,0.5,115.0,53.54,46.51,7.03,Medium,Positive edge,0.54,0.8,-1.5,PropLine game moneyline/total context | Batter-vs-pitcher sample | Self-stored odds movement snapshots,batter_hits,Under,batter
2026-05-04T21:59:25.624015+00:00,2026,2026-05-04,batter_total_bases,Batter Total Bases,batter_total_bases,,Vinnie Pasquantino,KCR,CLE,Tanner Bibee,1.5,137.0,49.21,42.19,7.01,Medium,Positive edge,1.13,,1.5,PropLine game moneyline/total context | Batter-vs-pitcher sample | Self-stored odds movement snapshots,batter_total_bases,Over,batter
2026-05-04T21:59:25.624015+00:00,2026,2026-05-04,batter_hits,Batter Hits,batter_hits,,Daniel Schneemann,CLE,KCR,Michael Wacha,0.5,131.0,50.26,43.29,6.97,Medium,Positive edge,0.54,0.8,-1.5,PropLine game moneyline/total context | Batter-vs-pitcher sample | Self-stored odds movement snapshots,batter_hits,Under,batter
2026-05-04T21:59:25.624015+00:00,2026,2026-05-04,batter_hits,Batter Hits,batter_hits,,David Hamilton,MIL,STL,Kyle Leahy,0.5,122.0,51.85,45.05,6.8,Medium,Positive edge,0.43,0.8,-1.5,PropLine game moneyline/total context | Batter-vs-pitcher sample | Self-stored odds movement snapshots,batter_hits,Under,batter
2026-05-04T21:59:25.624015+00:00,2026,2026-05-04,batter_hits,Batter Hits,batter_hits,,Agustín Ramírez,MIA,PHI,Aaron Nola,1.5,100.0,56.77,50.0,6.77,Medium,Positive edge,-0.13,0.8,,PropLine game moneyline/total context | Batter-vs-pitcher sample | Self-stored odds movement snapshots,batter_hits,Over,batter
2026-05-04T21:59:25.624015+00:00,2026,2026-05-04,batter_hits,Batter Hits,batter_hits,,Pedro Pagés,STL,MIL,Chad Patrick,0.5,113.0,53.61,46.95,6.66,Medium,Positive edge,0.43,0.8,-1.5,PropLine game moneyline/total context | Batter-vs-pitcher sample | Self-stored odds movement snapshots,batter_hits,Under,batter
2026-05-04T21:59:25.624015+00:00,2026,2026-05-04,batter_total_bases,Batter Total Bases,batter_total_bases,,Ian Happ,CHC,CIN,Chase Petty,1.5,111.0,54.05,47.39,6.65,Medium,Positive edge,-0.81,1.2,1.5,PropLine game moneyline/total context | Batter-vs-pitcher sample | Self-stored odds movement snapshots,batter_total_bases,Over,batter
2026-05-04T21:59:25.624015+00:00,2026,2026-05-04,batter_hits,Batter Hits,batter_hits,,Brayan Rocchio,CLE,KCR,Michael Wacha,0.5,128.0,50.48,43.86,6.62,Medium,Positive edge,0.54,0.8,-1.5,PropLine game moneyline/total context | Batter-vs-pitcher sample | Self-stored odds movement snapshots,batter_hits,Under,batter
2026-05-04T21:59:25.624015+00:00,2026,2026-05-04,batter_total_bases,Batter Total Bases,batter_total_bases,,Junior Caminero,TBR,TOR,Eric Lauer,1.5,112.0,53.77,47.17,6.6,Medium-High,Positive edge,,1.2,1.5,PropLine game moneyline/total context | Self-stored odds movement snapshots,batter_total_bases,Over,batter
2026-05-04T21:59:25.624015+00:00,2026,2026-05-04,batter_total_bases,Batter Total Bases,batter_total_bases,,Yandy Díaz,TBR,TOR,Eric Lauer,1.5,112.0,53.77,47.17,6.6,Medium-High,Positive edge,,1.2,1.5,PropLine game moneyline/total context | Self-stored odds movement snapshots,batter_total_bases,Over,batter
2026-05-04T21:59:25.624015+00:00,2026,2026-05-04,batter_total_bases,Batter Total Bases,batter_total_bases,,Jakob Marsee,MIA,PHI,Aaron Nola,1.5,136.0,48.97,42.37,6.6,Medium,Positive edge,-0.18,,1.5,PropLine game moneyline/total context | Batter-vs-pitcher sample | Self-stored odds movement snapshots,batter_total_bases,Over,batter
2026-05-04T21:59:25.624015+00:00,2026,2026-05-04,batter_total_bases,Batter Total Bases,batter_total_bases,,Salvador Perez,KCR,CLE,Tanner Bibee,1.5,122.0,51.55,45.05,6.5,Medium,Positive edge,1.13,1.2,1.5,PropLine game moneyline/total context | Batter-vs-pitcher sample | Self-stored odds movement snapshots,batter_total_bases,Over,batter
2026-05-04T21:59:25.624015+00:00,2026,2026-05-04,batter_total_bases,Batter Total Bases,batter_total_bases,,Aaron Judge,NYY,BAL,Shane Baz,1.5,-106.0,57.94,51.46,6.49,Medium,Positive edge,-0.14,1.8,1.5,PropLine game moneyline/total context | Batter-vs-pitcher sample | Self-stored odds movement snapshots,batter_total_bases,Over,batter
2026-05-04T21:59:25.624015+00:00,2026,2026-05-04,batter_total_bases,Batter Total Bases,batter_total_bases,,Jakob Marsee,MIA,PHI,Aaron Nola,1.5,135.0,49.04,42.55,6.49,Medium,Positive edge,-0.18,,1.5,PropLine game moneyline/total context | Batter-vs-pitcher sample | Self-stored odds movement snapshots,batter_total_bases,Over,batter
2026-05-04T21:59:25.624015+00:00,2026,2026-05-04,batter_hits,Batter Hits,batter_hits,,Juan Soto,NYM,COL,Tomoyuki Sugano,0.5,100.0,56.37,50.0,6.37,Medium,Positive edge,-0.53,0.8,1.5,PropLine game moneyline/total context | Batter-vs-pitcher sample | Self-stored odds movement snapshots,batter_hits,Over,batter
2026-05-04T21:59:25.624015+00:00,2026,2026-05-04,batter_hits,Batter Hits,batter_hits,,Miguel Amaya,CHC,CIN,Chase Petty,0.5,133.0,49.28,42.92,6.36,Medium,Positive edge,-0.49,,-1.5,PropLine game moneyline/total context | Batter-vs-pitcher sample | Self-stored odds movement snapshots,batter_hits,Under,batter
2026-05-04T21:59:25.624015+00:00,2026,2026-05-04,batter_total_bases,Batter Total Bases,batter_total_bases,,Otto Lopez,MIA,PHI,Aaron Nola,0.5,100.0,56.32,50.0,6.32,Medium,Positive edge,-0.18,1.8,1.5,PropLine game moneyline/total context | Batter-vs-pitcher sample | Self-stored odds movement snapshots,batter_total_bases,Over,batter
2026-05-04T21:59:25.624015+00:00,2026,2026-05-04,batter_hits,Batter Hits,batter_hits,,Tyrone Taylor,NYM,COL,Tomoyuki Sugano,0.5,166.0,43.91,37.59,6.31,Medium,Positive edge,-0.53,0.8,-1.5,PropLine game moneyline/total context | Batter-vs-pitcher sample | Self-stored odds movement snapshots,batter_hits,Under,batter
2026-05-04T21:59:25.624015+00:00,2026,2026-05-04,batter_hits,Batter Hits,batter_hits,,Spencer Torkelson,DET,BOS,Payton Tolle,0.5,110.0,53.85,47.62,6.23,Medium,Positive edge,0.4,0.8,-1.5,PropLine game moneyline/total context | Batter-vs-pitcher sample | Self-stored odds movement snapshots,batter_hits,Under,batter
2026-05-04T21:59:25.624015+00:00,2026,2026-05-04,batter_total_bases,Batter Total Bases,batter_total_bases,,Ben Williamson,TBR,TOR,Eric Lauer,1.5,140.0,47.87,41.67,6.2,Medium-High,Positive edge,,,1.5,PropLine game moneyline/total context | Self-stored odds movement snapshots,batter_total_bases,Over,batter
2026-05-04T21:59:25.624015+00:00,2026,2026-05-04,batter_hits,Batter Hits,batter_hits,,Joe Mack,MIA,PHI,Aaron Nola,0.5,112.0,53.34,47.17,6.17,Medium,Positive edge,-0.13,,-1.5,PropLine game moneyline/total context | Batter-vs-pitcher sample | Self-stored odds movement snapshots,batter_hits,Under,batter
2026-05-04T21:59:25.624015+00:00,2026,2026-05-04,batter_total_bases,Batter Total Bases,batter_total_bases,,Brandon Marsh,PHI,MIA,Janson Junk,1.5,121.0,51.42,45.25,6.17,Medium,Positive edge,-0.18,1.8,1.5,PropLine game moneyline/total context | Batter-vs-pitcher sample | Self-stored odds movement snapshots,batter_total_bases,Over,batter
2026-05-04T21:59:25.624015+00:00,2026,2026-05-04,batter_hits,Batter Hits,batter_hits,,Spencer Steer,CIN,CHC,Edward Cabrera,0.5,133.0,49.08,42.92,6.16,Medium,Positive edge,-0.49,0.8,-1.5,PropLine game moneyline/total context | Batter-vs-pitcher sample | Self-stored odds movement snapshots,batter_hits,Under,batter
2026-05-04T21:59:25.624015+00:00,2026,2026-05-04,batter_hits,Batter Hits,batter_hits,,Roman Anthony,BOS,DET,Tarik Skubal,0.5,125.0,50.58,44.44,6.13,Medium,Positive edge,0.4,0.8,-1.5,PropLine game moneyline/total context | Batter-vs-pitcher sample | Self-stored odds movement snapshots,batter_hits,Under,batter
2026-05-04T21:59:25.624015+00:00,2026,2026-05-04,batter_hits,Batter Hits,batter_hits,,Austin Wells,NYY,BAL,Shane Baz,0.5,113.0,53.06,46.95,6.11,Medium,Positive edge,-0.12,0.8,-1.5,PropLine game moneyline/total context | Batter-vs-pitcher sample | Self-stored odds movement snapshots,batter_hits,Under,batter
2026-05-04T21:59:25.624015+00:00,2026,2026-05-04,batter_total_bases,Batter Total Bases,batter_total_bases,,William Contreras,MIL,STL,Kyle Leahy,1.5,109.0,53.93,47.85,6.08,Medium,Positive edge,0.89,1.2,1.5,PropLine game moneyline/total context | Batter-vs-pitcher sample | Self-stored odds movement snapshots,batter_total_bases,Over,batter
2026-05-04T21:59:25.624015+00:00,2026,2026-05-04,batter_hits,Batter Hits,batter_hits,,Alec Bohm,PHI,MIA,Janson Junk,0.5,156.0,45.09,39.06,6.03,Medium,Positive edge,-0.13,,-1.5,PropLine game moneyline/total context | Batter-vs-pitcher sample | Self-stored odds movement snapshots,batter_hits,Under,batter
2026-05-04T21:59:25.624015+00:00,2026,2026-05-04,batter_total_bases,Batter Total Bases,batter_total_bases,,Jesús Sánchez,TOR,TBR,Nick Martinez,1.5,140.0,47.67,41.67,6.0,Medium,Positive edge,,1.8,1.5,PropLine game moneyline/total context | Batter-vs-pitcher sample | Self-stored odds movement snapshots,batter_total_bases,Over,batter
2026-05-04T21:59:25.624015+00:00,2026,2026-05-04,pitcher_strikeouts,Pitcher Strikeouts,pitcher_strikeouts,,Payton Tolle,BOS,DET,Payton Tolle,4.5,118.0,51.86,45.87,5.99,Medium,Positive edge,-0.4,2.0,-0.59,PropLine game moneyline/total context | Self-stored odds movement snapshots,pitcher_strikeouts,Under,pitcher
2026-05-04T21:59:25.624015+00:00,2026,2026-05-04,batter_home_runs,Batter Home Runs,batter_home_runs,,Kevin McGonigle,DET,BOS,Payton Tolle,0.5,920.0,15.77,9.8,5.97,Medium,Positive edge,1.65,1.5,,PropLine game moneyline/total context | Batter-vs-pitcher sample | Self-stored odds movement snapshots,batter_home_runs,Kevin McGonigle,batter
2026-05-04T21:59:25.624015+00:00,2026,2026-05-04,batter_hits,Batter Hits,batter_hits,,Bo Bichette,NYM,COL,Tomoyuki Sugano,1.5,115.0,52.47,46.51,5.96,Medium,Positive edge,-0.53,0.8,1.5,PropLine game moneyline/total context | Batter-vs-pitcher sample | Self-stored odds movement snapshots,batter_hits,Over,batter
2026-05-04T21:59:25.624015+00:00,2026,2026-05-04,batter_hits,Batter Hits,batter_hits,,Andrés Giménez,TOR,TBR,Nick Martinez,0.5,134.0,48.69,42.74,5.96,Medium,Positive edge,,,-1.5,PropLine game moneyline/total context | Batter-vs-pitcher sample | Self-stored odds movement snapshots,batter_hits,,batter
2026-05-04T21:59:25.624015+00:00,2026,2026-05-04,batter_hits,Batter Hits,batter_hits,,Pete Alonso,BAL,NYY,Cam Schlittler,0.5,137.0,48.16,42.19,5.96,Medium,Positive edge,-0.12,0.8,-1.5,PropLine game moneyline/total context | Batter-vs-pitcher sample | Self-stored odds movement snapshots,batter_hits,Under,batter
2026-05-04T21:59:25.624015+00:00,2026,2026-05-04,batter_hits,Batter Hits,batter_hits,,Justin Crawford,PHI,MIA,Janson Junk,0.5,128.0,49.81,43.86,5.95,Medium,Positive edge,-0.13,0.8,-1.5,PropLine game moneyline/total context | Batter-vs-pitcher sample | Self-stored odds movement snapshots,batter_hits,Under,batter
2026-05-04T21:59:25.624015+00:00,2026,2026-05-04,batter_hits_alt,Batter Hits Ladder - 4+ Hits,batter_hits,True,Otto Lopez,MIA,PHI,Aaron Nola,3.5,4300.0,8.18,2.27,5.91,Low,Alt ladder market,-0.13,0.8,1.5,PropLine game moneyline/total context | Batter-vs-pitcher sample | Self-stored odds movement snapshots,batter_hits,4+ Hits,batter
2026-05-04T21:59:25.624015+00:00,2026,2026-05-04,batter_hits,Batter Hits,batter_hits,,Bo Bichette,NYM,COL,Tomoyuki Sugano,1.5,114.0,52.56,46.73,5.83,Medium,Positive edge,-0.53,0.8,1.5,PropLine game moneyline/total context | Batter-vs-pitcher sample | Self-stored odds movement snapshots,batter_hits,,batter
2026-05-04T21:59:25.624015+00:00,2026,2026-05-04,pitcher_strikeouts,Pitcher Strikeouts,pitcher_strikeouts,,Payton Tolle,BOS,DET,Payton Tolle,4.5,116.0,52.03,46.3,5.74,Medium,Positive edge,-0.4,2.0,-0.59,PropLine game moneyline/total context | Self-stored odds movement snapshots,pitcher_strikeouts,Under,pitcher
2026-05-04T21:59:25.624015+00:00,2026,2026-05-04,pitcher_strikeouts,Pitcher Strikeouts,pitcher_strikeouts,,Tarik Skubal,DET,BOS,Tarik Skubal,6.5,124.0,50.37,44.64,5.73,Medium,Positive edge,-0.4,,1.41,PropLine game moneyline/total context | Self-stored odds movement snapshots,pitcher_strikeouts,Under,pitcher
2026-05-04T21:59:25.624015+00:00,2026,2026-05-04,batter_total_bases,Batter Total Bases,batter_total_bases,,Liam Hicks,MIA,PHI,Aaron Nola,0.5,100.0,55.72,50.0,5.72,Medium,Positive edge,-0.18,1.2,1.5,PropLine game moneyline/total context | Batter-vs-pitcher sample | Self-stored odds movement snapshots,batter_total_bases,Over,batter
2026-05-04T21:59:25.624015+00:00,2026,2026-05-04,batter_total_bases,Batter Total Bases,batter_total_bases,,Kyle Stowers,MIA,PHI,Aaron Nola,1.5,122.0,50.64,45.05,5.59,Medium,Positive edge,-0.18,0.6,1.5,PropLine game moneyline/total context | Batter-vs-pitcher sample | Self-stored odds movement snapshots,batter_total_bases,Over,batter
2026-05-04T21:59:25.624015+00:00,2026,2026-05-04,batter_home_runs,Batter Home Runs,batter_home_runs,,Dillon Dingler,DET,BOS,Payton Tolle,0.5,600.0,19.86,14.29,5.58,Medium,Positive edge,1.65,2.3,,PropLine game moneyline/total context | Batter-vs-pitcher sample | Self-stored odds movement snapshots,batter_home_runs,1+ Home Runs,batter
2026-05-04T21:59:25.624015+00:00,2026,2026-05-04,batter_total_bases,Batter Total Bases,batter_total_bases,,Jonny DeLuca,TBR,TOR,Eric Lauer,1.5,134.0,48.29,42.74,5.56,Medium,Positive edge,,,1.5,PropLine game moneyline/total context | Self-stored odds movement snapshots,batter_total_bases,Over,batter
2026-05-04T21:59:25.624015+00:00,2026,2026-05-04,batter_hits,Batter Hits,batter_hits,,Andrés Giménez,TOR,TBR,Nick Martinez,0.5,130.0,48.99,43.48,5.51,Medium,Positive edge,,,-1.5,PropLine game moneyline/total context | Batter-vs-pitcher sample | Self-stored odds movement snapshots,batter_hits,Under,batter
2026-05-04T21:59:25.624015+00:00,2026,2026-05-04,batter_hits_alt,Batter Hits Ladder - 4+ Hits,batter_hits,True,Xavier Edwards,MIA,PHI,Aaron Nola,3.5,5100.0,7.42,1.92,5.49,Low,Alt ladder market,-0.13,0.8,-1.5,PropLine game moneyline/total context | Batter-vs-pitcher sample | Self-stored odds movement snapshots,batter_hits,4+ Hits,batter
2026-05-04T21:59:25.624015+00:00,2026,2026-05-04,batter_home_runs,Batter Home Runs,batter_home_runs,,Dillon Dingler,DET,BOS,Payton Tolle,0.5,590.0,19.95,14.49,5.45,Medium,Positive edge,1.65,2.3,,PropLine game moneyline/total context | Batter-vs-pitcher sample | Self-stored odds movement snapshots,batter_home_runs,Dillon Dingler,batter
2026-05-04T21:59:25.624015+00:00,2026,2026-05-04,batter_total_bases,Batter Total Bases,batter_total_bases,,JJ Bleday,CIN,CHC,Edward Cabrera,1.5,120.0,50.87,45.45,5.42,Medium,Positive edge,-0.81,1.8,1.5,PropLine game moneyline/total context | Batter-vs-pitcher sample | Self-stored odds movement snapshots,batter_total_bases,Over,batter
2026-05-04T21:59:25.624015+00:00,2026,2026-05-04,batter_hits,Batter Hits,batter_hits,,Willi Castro,COL,NYM,Huascar Brazobán,0.5,100.0,55.37,50.0,5.37,Medium,Positive edge,-0.53,0.8,,PropLine game moneyline/total context | Self-stored odds movement snapshots,batter_hits,Under,batter
2026-05-04T21:59:25.624015+00:00,2026,2026-05-04,batter_hits,Batter Hits,batter_hits,,Tyler Freeman,COL,NYM,Huascar Brazobán,0.5,100.0,55.37,50.0,5.37,Medium,Positive edge,-0.53,0.8,,PropLine game moneyline/total context | Self-stored odds movement snapshots,batter_hits,Over,batter
2026-05-04T21:59:25.624015+00:00,2026,2026-05-04,batter_hits,Batter Hits,batter_hits,,Ezequiel Tovar,COL,NYM,Huascar Brazobán,0.5,100.0,55.37,50.0,5.37,Medium,Positive edge,-0.53,0.8,,PropLine game moneyline/total context | Self-stored odds movement snapshots,batter_hits,Over,batter
2026-05-04T21:59:25.624015+00:00,2026,2026-05-04,batter_hits,Batter Hits,batter_hits,,TJ Rumfield,COL,NYM,Huascar Brazobán,0.5,100.0,55.37,50.0,5.37,Medium,Positive edge,-0.53,0.8,,PropLine game moneyline/total context | Self-stored odds movement snapshots,batter_hits,Over,batter
2026-05-04T21:59:25.624015+00:00,2026,2026-05-04,batter_hits,Batter Hits,batter_hits,,Hunter Goodman,COL,NYM,Huascar Brazobán,0.5,100.0,55.37,50.0,5.37,Medium,Positive edge,-0.53,0.8,,PropLine game moneyline/total context | Self-stored odds movement snapshots,batter_hits,Over,batter
2026-05-04T21:59:25.624015+00:00,2026,2026-05-04,batter_total_bases,Batter Total Bases,batter_total_bases,,Angel Martínez,CLE,KCR,Michael Wacha,1.5,129.0,49.0,43.67,5.33,Medium,Positive edge,1.13,1.2,1.5,PropLine game moneyline/total context | Batter-vs-pitcher sample | Self-stored odds movement snapshots,batter_total_bases,Over,batter
2026-05-04T21:59:25.624015+00:00,2026,2026-05-04,batter_total_bases,Batter Total Bases,batter_total_bases,,Dansby Swanson,CHC,CIN,Chase Petty,1.5,115.0,51.79,46.51,5.28,Medium,Positive edge,-0.81,1.8,1.5,PropLine game moneyline/total context | Batter-vs-pitcher sample | Self-stored odds movement snapshots,batter_total_bases,Over,batter
2026-05-04T21:59:25.624015+00:00,2026,2026-05-04,batter_hits,Batter Hits,batter_hits,,Matt Vierling,DET,BOS,Payton Tolle,0.5,118.0,51.15,45.87,5.28,Medium,Positive edge,0.4,0.8,-1.5,PropLine game moneyline/total context | Batter-vs-pitcher sample | Self-stored odds movement snapshots,batter_hits,Under,batter
2026-05-04T21:59:25.624015+00:00,2026,2026-05-04,batter_hits,Batter Hits,batter_hits,,Ceddanne Rafaela,BOS,DET,Tarik Skubal,0.5,118.0,51.15,45.87,5.28,Medium,Positive edge,0.4,0.8,-1.5,PropLine game moneyline/total context | Batter-vs-pitcher sample | Self-stored odds movement snapshots,batter_hits,Under,batter
2026-05-04T21:59:25.624015+00:00,2026,2026-05-04,batter_hits,Batter Hits,batter_hits,,Connor Norby,MIA,PHI,Aaron Nola,0.5,100.0,55.27,50.0,5.27,Medium,Positive edge,-0.13,0.8,-1.5,PropLine game moneyline/total context | Batter-vs-pitcher sample | Self-stored odds movement snapshots,batter_hits,Over,batter
2026-05-04T21:59:25.624015+00:00,2026,2026-05-04,batter_hits,Batter Hits,batter_hits,,Kyle Stowers,MIA,PHI,Aaron Nola,0.5,100.0,55.27,50.0,5.27,Medium,Positive edge,-0.13,0.8,-1.5,PropLine game moneyline/total context | Batter-vs-pitcher sample | Self-stored odds movement snapshots,batter_hits,Over,batter
2026-05-04T21:59:25.624015+00:00,2026,2026-05-04,batter_hits,Batter Hits,batter_hits,,Liam Hicks,MIA,PHI,Aaron Nola,0.5,100.0,55.27,50.0,5.27,Medium,Positive edge,-0.13,0.8,-1.5,PropLine game moneyline/total context | Batter-vs-pitcher sample | Self-stored odds movement snapshots,batter_hits,Over,batter
2026-05-04T21:59:25.624015+00:00,2026,2026-05-04,batter_hits,Batter Hits,batter_hits,,Bryce Harper,PHI,MIA,Janson Junk,0.5,100.0,55.27,50.0,5.27,Medium,Positive edge,-0.13,0.8,1.5,PropLine game moneyline/total context | Batter-vs-pitcher sample | Self-stored odds movement snapshots,batter_hits,Over,batter
2026-05-04T21:59:25.624015+00:00,2026,2026-05-04,batter_hits,Batter Hits,batter_hits,,Trea Turner,PHI,MIA,Janson Junk,0.5,100.0,55.27,50.0,5.27,Medium,Positive edge,-0.13,0.8,1.5,PropLine game moneyline/total context | Batter-vs-pitcher sample | Self-stored odds movement snapshots,batter_hits,Over,batter
2026-05-04T21:59:25.624015+00:00,2026,2026-05-04,batter_hits_alt,Batter Hits Ladder - 3+ Hits,batter_hits,True,Otto Lopez,MIA,PHI,Aaron Nola,2.5,920.0,15.04,9.8,5.23,Low,Alt ladder market,-0.13,0.8,1.5,PropLine game moneyline/total context | Batter-vs-pitcher sample | Self-stored odds movement snapshots,batter_hits,3+ Hits,batter
2026-05-04T21:59:25.624015+00:00,2026,2026-05-04,batter_total_bases,Batter Total Bases,batter_total_bases,,T.J. Rumfield,COL,NYM,Huascar Brazobán,1.5,141.0,46.7,41.49,5.2,Medium,Positive edge,-0.8,1.2,,PropLine game moneyline/total context | Self-stored odds movement snapshots,batter_total_bases,Over,batter
2026-05-04T21:59:25.624015+00:00,2026,2026-05-04,batter_hits_alt,Batter Hits Ladder - 4+ Hits,batter_hits,True,Willi Castro,COL,NYM,Huascar Brazobán,3.5,4700.0,7.2,2.08,5.12,Low,Alt ladder market,-0.53,0.8,,PropLine game moneyline/total context | Self-stored odds movement snapshots,batter_hits,4+ Hits,batter
2026-05-04T21:59:25.624015+00:00,2026,2026-05-04,batter_hits_alt,Batter Hits Ladder - 4+ Hits,batter_hits,True,Juan Soto,NYM,COL,Tomoyuki Sugano,3.5,2500.0,8.96,3.85,5.11,Low,Alt ladder market,-0.53,0.8,1.5,PropLine game moneyline/total context | Batter-vs-pitcher sample | Self-stored odds movement snapshots,batter_hits,4+ Hits,batter
2026-05-04T21:59:25.624015+00:00,2026,2026-05-04,batter_hits_alt,Batter Hits Ladder - 4+ Hits,batter_hits,True,Tyler Freeman,COL,NYM,Huascar Brazobán,3.5,4600.0,7.24,2.13,5.11,Low,Alt ladder market,-0.53,0.8,,PropLine game moneyline/total context | Self-stored odds movement snapshots,batter_hits,4+ Hits,batter
2026-05-04T21:59:25.624015+00:00,2026,2026-05-04,batter_hits,Batter Hits,batter_hits,,Wenceel Pérez,DET,BOS,Payton Tolle,0.5,123.0,49.94,44.84,5.09,Medium,Positive edge,0.4,,-1.5,PropLine game moneyline/total context | Batter-vs-pitcher sample | Self-stored odds movement snapshots,batter_hits,Under,batter
2026-05-04T21:59:25.624015+00:00,2026,2026-05-04,batter_hits_alt,Batter Hits Ladder - 4+ Hits,batter_hits,True,Hunter Goodman,COL,NYM,Huascar Brazobán,3.5,3900.0,7.58,2.5,5.08,Low,Alt ladder market,-0.53,0.8,,PropLine game moneyline/total context | Self-stored odds movement snapshots,batter_hits,4+ Hits,batter
2026-05-04T21:59:25.624015+00:00,2026,2026-05-04,batter_hits_alt,Batter Hits Ladder - 3+ Hits,batter_hits,True,Troy Johnston,COL,NYM,Huascar Brazobán,2.5,1320.0,12.09,7.04,5.05,Low,Alt ladder market,-0.53,0.8,,PropLine game moneyline/total context | Self-stored odds movement snapshots,batter_hits,3+ Hits,batter
2026-05-04T21:59:25.624015+00:00,2026,2026-05-04,batter_hits_alt,Batter Hits Ladder - 4+ Hits,batter_hits,True,Bryce Harper,PHI,MIA,Janson Junk,3.5,3600.0,7.75,2.7,5.05,Low,Alt ladder market,-0.13,0.8,1.5,PropLine game moneyline/total context | Batter-vs-pitcher sample | Self-stored odds movement snapshots,batter_hits,4+ Hits,batter
2026-05-04T21:59:25.624015+00:00,2026,2026-05-04,batter_hits,Batter Hits,batter_hits,,Jahmai Jones,DET,BOS,Payton Tolle,0.5,116.0,51.32,46.3,5.02,Medium,Positive edge,0.4,0.8,-1.5,PropLine game moneyline/total context | Batter-vs-pitcher sample | Self-stored odds movement snapshots,batter_hits,Under,batter
2026-05-04T21:59:25.624015+00:00,2026,2026-05-04,batter_hits_alt,Batter Hits Ladder - 4+ Hits,batter_hits,True,Trea Turner,PHI,MIA,Janson Junk,3.5,3100.0,8.13,3.12,5.01,Low,Alt ladder market,-0.13,0.8,1.5,PropLine game moneyline/total context | Batter-vs-pitcher sample | Self-stored odds movement snapshots,batter_hits,4+ Hits,batter
2026-05-04T21:59:25.624015+00:00,2026,2026-05-04,batter_home_runs,Batter Home Runs,batter_home_runs,,Isaac Collins,KCR,CLE,Tanner Bibee,0.5,980.0,14.26,9.26,5.0,Medium,Positive edge,1.86,,,PropLine game moneyline/total context | Batter-vs-pitcher sample | Self-stored odds movement snapshots,batter_home_runs,Isaac Collins,batter
2026-05-04T21:59:25.624015+00:00,2026,2026-05-04,batter_hits_alt,Batter Hits Ladder - 3+ Hits,batter_hits,True,Kevin McGonigle,DET,BOS,Payton Tolle,2.5,1320.0,12.0,7.04,4.96,Low,Alt ladder market,0.4,0.8,-1.5,PropLine game moneyline/total context | Batter-vs-pitcher sample | Self-stored odds movement snapshots,batter_hits,3+ Hits,batter
2026-05-04T21:59:25.624015+00:00,2026,2026-05-04,batter_hits,Batter Hits,batter_hits,,Spencer Torkelson,DET,BOS,Payton Tolle,0.5,101.0,54.7,49.75,4.95,Medium,Positive edge,0.4,0.8,-1.5,PropLine game moneyline/total context | Batter-vs-pitcher sample | Self-stored odds movement snapshots,batter_hits,Under,batter
2026-05-04T21:59:25.624015+00:00,2026,2026-05-04,batter_home_runs,Batter Home Runs,batter_home_runs,,Kevin McGonigle,DET,BOS,Payton Tolle,0.5,770.0,16.45,11.49,4.95,Medium,Positive edge,1.65,1.5,,PropLine game moneyline/total context | Batter-vs-pitcher sample | Self-stored odds movement snapshots,batter_home_runs,1+ Home Runs,batter
2026-05-04T21:59:25.624015+00:00,2026,2026-05-04,batter_total_bases,Batter Total Bases,batter_total_bases,,Bryson Stott,PHI,MIA,Janson Junk,1.5,143.0,46.08,41.15,4.93,Medium,Positive edge,-0.18,0.6,1.5,PropLine game moneyline/total context | Batter-vs-pitcher sample | Self-stored odds movement snapshots,batter_total_bases,Over,batter
2026-05-04T21:59:25.624015+00:00,2026,2026-05-04,batter_total_bases,Batter Total Bases,batter_total_bases,,Kyle Schwarber,PHI,MIA,Janson Junk,1.5,111.0,52.28,47.39,4.88,Medium,Positive edge,-0.18,1.8,1.5,PropLine game moneyline/total context | Batter-vs-pitcher sample | Self-stored odds movement snapshots,batter_total_bases,Over,batter
2026-05-04T21:59:25.624015+00:00,2026,2026-05-04,batter_hits_alt,Batter Hits Ladder - 3+ Hits,batter_hits,True,Xavier Edwards,MIA,PHI,Aaron Nola,2.5,1040.0,13.65,8.77,4.88,Low,Alt ladder market,-0.13,0.8,-1.5,PropLine game moneyline/total context | Batter-vs-pitcher sample | Self-stored odds movement snapshots,batter_hits,3+ Hits,batter
2026-05-04T21:59:25.624015+00:00,2026,2026-05-04,batter_hits_alt,Batter Hits Ladder - 3+ Hits,batter_hits,True,Wilyer Abreu,BOS,DET,Tarik Skubal,2.5,1960.0,9.71,4.85,4.86,Low,Alt ladder market,0.4,0.8,-1.5,PropLine game moneyline/total context | Batter-vs-pitcher sample | Self-stored odds movement snapshots,batter_hits,3+ Hits,batter
2026-05-04T21:59:25.624015+00:00,2026,2026-05-04,batter_hits_alt,Batter Hits Ladder - 3+ Hits,batter_hits,True,Connor Wong,BOS,DET,Tarik Skubal,2.5,3100.0,7.99,3.12,4.86,Low,Alt ladder market,0.4,,0.78,PropLine game moneyline/total context | Batter-vs-pitcher sample | Self-stored odds movement snapshots,batter_hits,3+ Hits,batter
2026-05-04T21:59:25.624015+00:00,2026,2026-05-04,batter_hits_alt,Batter Hits Ladder - 4+ Hits,batter_hits,True,Mark Vientos,NYM,COL,Tomoyuki Sugano,3.5,3800.0,7.41,2.56,4.85,Low,Alt ladder market,-0.53,0.8,1.5,PropLine game moneyline/total context | Batter-vs-pitcher sample | Self-stored odds movement snapshots,batter_hits,4+ Hits,batter
2026-05-04T21:59:25.624015+00:00,2026,2026-05-04,batter_hits,Batter Hits,batter_hits,,Jake Fraley,TBR,TOR,Eric Lauer,0.5,103.0,54.1,49.26,4.84,Medium,Positive edge,,0.8,-1.5,PropLine game moneyline/total context | Self-stored odds movement snapshots,batter_hits,Under,batter
2026-05-04T21:59:25.624015+00:00,2026,2026-05-04,batter_hits_alt,Batter Hits Ladder - 4+ Hits,batter_hits,True,Marcus Semien,NYM,COL,Tomoyuki Sugano,3.5,3600.0,7.54,2.7,4.84,Low,Alt ladder market,-0.53,0.8,1.5,PropLine game moneyline/total context | Batter-vs-pitcher sample | Self-stored odds movement snapshots,batter_hits,4+ Hits,batter
2026-05-04T21:59:25.624015+00:00,2026,2026-05-04,batter_hits,Batter Hits,batter_hits,,Nolan Gorman,STL,MIL,Chad Patrick,0.5,100.0,54.83,50.0,4.83,Medium,Positive edge,0.43,0.8,-1.5,PropLine game moneyline/total context | Batter-vs-pitcher sample | Self-stored odds movement snapshots,batter_hits,Under,batter
2026-05-04T21:59:25.624015+00:00,2026,2026-05-04,batter_hits_alt,Batter Hits Ladder - 3+ Hits,batter_hits,True,Spencer Torkelson,DET,BOS,Payton Tolle,2.5,2200.0,9.18,4.35,4.83,Low,Alt ladder market,0.4,0.8,-1.5,PropLine game moneyline/total context | Batter-vs-pitcher sample | Self-stored odds movement snapshots,batter_hits,3+ Hits,batter
2026-05-04T21:59:25.624015+00:00,2026,2026-05-04,batter_hits_alt,Batter Hits Ladder - 3+ Hits,batter_hits,True,Connor Norby,MIA,PHI,Aaron Nola,2.5,1820.0,10.03,5.21,4.82,Low,Alt ladder market,-0.13,0.8,-1.5,PropLine game moneyline/total context | Batter-vs-pitcher sample | Self-stored odds movement snapshots,batter_hits,3+ Hits,batter
2026-05-04T21:59:25.624015+00:00,2026,2026-05-04,batter_hits,Batter Hits,batter_hits,,Tyler Stephenson,CIN,CHC,Edward Cabrera,0.5,139.0,46.65,41.84,4.81,Medium,Positive edge,-0.49,0.8,-1.5,PropLine game moneyline/total context | Batter-vs-pitcher sample | Self-stored odds movement snapshots,batter_hits,Under,batter
2026-05-04T21:59:25.624015+00:00,2026,2026-05-04,batter_hits_alt,Batter Hits Ladder - 4+ Hits,batter_hits,True,Jordan Beck,COL,NYM,Huascar Brazobán,3.5,4200.0,7.12,2.33,4.8,Low,Alt ladder market,-0.53,0.8,,PropLine game moneyline/total context | Self-stored odds movement snapshots,batter_hits,4+ Hits,batter
2026-05-04T21:59:25.624015+00:00,2026,2026-05-04,batter_hits_alt,Batter Hits Ladder - 4+ Hits,batter_hits,True,Brenton Doyle,COL,NYM,Huascar Brazobán,3.5,4100.0,7.17,2.38,4.79,Low,Alt ladder market,-0.53,0.8,,PropLine game moneyline/total context | Self-stored odds movement snapshots,batter_hits,4+ Hits,batter
2026-05-04T21:59:25.624015+00:00,2026,2026-05-04,pitcher_strikeouts,Pitcher Strikeouts,pitcher_strikeouts,,Tomoyuki Sugano,COL,NYM,Tomoyuki Sugano,2.5,100.0,54.78,50.0,4.78,Medium,Positive edge,,-0.8,1.08,PropLine game moneyline/total context | Self-stored odds movement snapshots,pitcher_strikeouts,Over,pitcher
2026-05-04T21:59:25.624015+00:00,2026,2026-05-04,batter_hits_alt,Batter Hits Ladder - 3+ Hits,batter_hits,True,Ezequiel Tovar,COL,NYM,Huascar Brazobán,2.5,1600.0,10.66,5.88,4.78,Low,Alt ladder market,-0.53,0.8,,PropLine game moneyline/total context | Self-stored odds movement snapshots,batter_hits,3+ Hits,batter
2026-05-04T21:59:25.624015+00:00,2026,2026-05-04,batter_hits_alt,Batter Hits Ladder - 3+ Hits,batter_hits,True,Joe Mack,MIA,PHI,Aaron Nola,2.5,2200.0,9.13,4.35,4.78,Low,Alt ladder market,-0.13,,-1.5,PropLine game moneyline/total context | Batter-vs-pitcher sample | Self-stored odds movement snapshots,batter_hits,3+ Hits,batter
2026-05-04T21:59:25.624015+00:00,2026,2026-05-04,batter_hits_alt,Batter Hits Ladder - 3+ Hits,batter_hits,True,Graham Pauley,MIA,PHI,Aaron Nola,2.5,3100.0,7.91,3.12,4.78,Low,Alt ladder market,-0.13,-0.6,0.4,PropLine game moneyline/total context | Batter-vs-pitcher sample | Self-stored odds movement snapshots,batter_hits,3+ Hits,batter
2026-05-04T21:59:25.624015+00:00,2026,2026-05-04,batter_hits,Batter Hits,batter_hits,,Brandon Marsh,PHI,MIA,Janson Junk,0.5,100.0,54.77,50.0,4.77,Medium,Positive edge,-0.13,0.8,-1.5,PropLine game moneyline/total context | Batter-vs-pitcher sample | Self-stored odds movement snapshots,batter_hits,Over,batter
2026-05-04T21:59:25.624015+00:00,2026,2026-05-04,batter_hits,Batter Hits,batter_hits,,Ceddanne Rafaela,BOS,DET,Tarik Skubal,0.5,114.0,51.49,46.73,4.76,Medium,Positive edge,0.4,0.8,-1.5,PropLine game moneyline/total context | Batter-vs-pitcher sample | Self-stored odds movement snapshots,batter_hits,Under,batter
2026-05-04T21:59:25.624015+00:00,2026,2026-05-04,batter_hits_alt,Batter Hits Ladder - 4+ Hits,batter_hits,True,Francisco Alvarez,NYM,COL,Tomoyuki Sugano,3.5,2700.0,8.33,3.57,4.76,Low,Alt ladder market,-0.53,0.8,1.5,PropLine game moneyline/total context | Batter-vs-pitcher sample | Self-stored odds movement snapshots,batter_hits,4+ Hits,batter
2026-05-04T21:59:25.624015+00:00,2026,2026-05-04,batter_home_runs,Batter Home Runs,batter_home_runs,,Liam Hicks,MIA,PHI,Aaron Nola,0.5,880.0,14.95,10.2,4.75,Medium,Positive edge,-0.33,,,PropLine game moneyline/total context | Batter-vs-pitcher sample | Self-stored odds movement snapshots,batter_home_runs,Liam Hicks,batter
2026-05-04T21:59:25.624015+00:00,2026,2026-05-04,batter_home_runs,Batter Home Runs,batter_home_runs,,Xavier Edwards,MIA,PHI,Aaron Nola,0.5,1200.0,12.45,7.69,4.75,Medium,Positive edge,-0.33,,,PropLine game moneyline/total context | Batter-vs-pitcher sample | Self-stored odds movement snapshots,batter_home_runs,Xavier Edwards,batter
2026-05-04T21:59:25.624015+00:00,2026,2026-05-04,batter_hits_alt,Batter Hits Ladder - 3+ Hits,batter_hits,True,Riley Greene,DET,BOS,Payton Tolle,2.5,1720.0,10.22,5.49,4.73,Low,Alt ladder market,0.4,0.8,-1.5,PropLine game moneyline/total context | Batter-vs-pitcher sample | Self-stored odds movement snapshots,batter_hits,3+ Hits,batter
2026-05-04T21:59:25.624015+00:00,2026,2026-05-04,batter_hits_alt,Batter Hits Ladder - 3+ Hits,batter_hits,True,Hao-Yu Lee,DET,BOS,Payton Tolle,2.5,2700.0,8.29,3.57,4.72,Low,Alt ladder market,0.4,0.8,-0.68,PropLine game moneyline/total context | Batter-vs-pitcher sample | Self-stored odds movement snapshots,batter_hits,3+ Hits,batter
2026-05-04T21:59:25.624015+00:00,2026,2026-05-04,pitcher_hits_allowed,Pitcher Hits Allowed,pitcher_hits_allowed,,Shane Baz,BAL,NYY,Shane Baz,5.5,102.0,54.2,49.5,4.7,Medium,Positive edge,-0.1,1.0,1.5,PropLine game moneyline/total context | Self-stored odds movement snapshots,pitcher_hits_allowed,Over,pitcher
2026-05-04T21:59:25.624015+00:00,2026,2026-05-04,batter_hits,Batter Hits,batter_hits,,Jake Fraley,TBR,TOR,Eric Lauer,0.5,102.0,54.2,49.5,4.7,Medium,Positive edge,,0.8,-1.5,PropLine game moneyline/total context | Self-stored odds movement snapshots,batter_hits,,batter
2026-05-04T21:59:25.624015+00:00,2026,2026-05-04,batter_home_runs,Batter Home Runs,batter_home_runs,,Kyle Isbel,KCR,CLE,Tanner Bibee,0.5,1040.0,13.47,8.77,4.7,Medium,Positive edge,1.86,-0.6,,PropLine game moneyline/total context | Batter-vs-pitcher sample | Self-stored odds movement snapshots,batter_home_runs,Kyle Isbel,batter
2026-05-04T21:59:25.624015+00:00,2026,2026-05-04,batter_hits_alt,Batter Hits Ladder - 3+ Hits,batter_hits,True,Gleyber Torres,DET,BOS,Payton Tolle,2.5,1560.0,10.7,6.02,4.68,Low,Alt ladder market,0.4,0.8,-1.5,PropLine game moneyline/total context | Batter-vs-pitcher sample | Self-stored odds movement snapshots,batter_hits,3+ Hits,batter
2026-05-04T21:59:25.624015+00:00,2026,2026-05-04,batter_hits_alt,Batter Hits Ladder - 4+ Hits,batter_hits,True,Bryson Stott,PHI,MIA,Janson Junk,3.5,4700.0,6.74,2.08,4.65,Low,Alt ladder market,-0.13,0.8,-1.5,PropLine game moneyline/total context | Batter-vs-pitcher sample | Self-stored odds movement snapshots,batter_hits,4+ Hits,batter
2026-05-04T21:59:25.624015+00:00,2026,2026-05-04,batter_total_bases,Batter Total Bases,batter_total_bases,,Adolis García,PHI,MIA,Janson Junk,1.5,129.0,48.29,43.67,4.62,Medium,Positive edge,-0.18,1.8,1.5,PropLine game moneyline/total context | Batter-vs-pitcher sample | Self-stored odds movement snapshots,batter_total_bases,Over,batter
2026-05-04T21:59:25.624015+00:00,2026,2026-05-04,batter_hits_alt,Batter Hits Ladder - 3+ Hits,batter_hits,True,Owen Caissie,MIA,PHI,Aaron Nola,2.5,2300.0,8.78,4.17,4.62,Low,Alt ladder market,-0.13,0.8,-1.5,PropLine game moneyline/total context | Batter-vs-pitcher sample | Self-stored odds movement snapshots,batter_hits,3+ Hits,batter
2026-05-04T21:59:25.624015+00:00,2026,2026-05-04,batter_total_bases,Batter Total Bases,batter_total_bases,,Kyle Schwarber,PHI,MIA,Janson Junk,1.5,109.0,52.46,47.85,4.61,Medium,Positive edge,-0.18,1.8,1.5,PropLine game moneyline/total context | Batter-vs-pitcher sample | Self-stored odds movement snapshots,batter_total_bases,Over,batter
2026-05-04T21:59:25.624015+00:00,2026,2026-05-04,batter_hits_alt,Batter Hits Ladder - 3+ Hits,batter_hits,True,Kyle Stowers,MIA,PHI,Aaron Nola,2.5,1220.0,12.18,7.58,4.61,Low,Alt ladder market,-0.13,0.8,-1.5,PropLine game moneyline/total context | Batter-vs-pitcher sample | Self-stored odds movement snapshots,batter_hits,3+ Hits,batter
2026-05-04T21:59:25.624015+00:00,2026,2026-05-04,batter_hits_alt,Batter Hits Ladder - 3+ Hits,batter_hits,True,Liam Hicks,MIA,PHI,Aaron Nola,2.5,1220.0,12.18,7.58,4.61,Low,Alt ladder market,-0.13,0.8,-1.5,PropLine game moneyline/total context | Batter-vs-pitcher sample | Self-stored odds movement snapshots,batter_hits,3+ Hits,batter
2026-05-04T21:59:25.624015+00:00,2026,2026-05-04,batter_hits_alt,Batter Hits Ladder - 3+ Hits,batter_hits,True,T.J. Rumfield,COL,NYM,Huascar Brazobán,2.5,1180.0,12.41,7.81,4.6,Low,Alt ladder market,-0.53,0.8,,PropLine game moneyline/total context | Self-stored odds movement snapshots,batter_hits,3+ Hits,batter
2026-05-04T21:59:25.624015+00:00,2026,2026-05-04,batter_total_bases_alt,Batter Total Bases Ladder - 5+ Total Bases,batter_total_bases,True,Kevin McGonigle,DET,BOS,Payton Tolle,4.5,1020.0,13.5,8.93,4.58,Low,Alt ladder market,0.96,1.2,1.5,PropLine game moneyline/total context | Batter-vs-pitcher sample | Self-stored odds movement snapshots,batter_total_bases,5+ Total Bases,batter
2026-05-04T21:59:25.624015+00:00,2026,2026-05-04,batter_hits_alt,Batter Hits Ladder - 4+ Hits,batter_hits,True,Bo Bichette,NYM,COL,Tomoyuki Sugano,3.5,1700.0,10.14,5.56,4.58,Low,Alt ladder market,-0.53,0.8,1.5,PropLine game moneyline/total context | Batter-vs-pitcher sample | Self-stored odds movement snapshots,batter_hits,4+ Hits,batter
2026-05-04T21:59:25.624015+00:00,2026,2026-05-04,batter_hits_alt,Batter Hits Ladder - 3+ Hits,batter_hits,True,Dillon Dingler,DET,BOS,Payton Tolle,2.5,1260.0,11.91,7.35,4.56,Low,Alt ladder market,0.4,0.8,-1.5,PropLine game moneyline/total context | Batter-vs-pitcher sample | Self-stored odds movement snapshots,batter_hits,3+ Hits,batter
2026-05-04T21:59:25.624015+00:00,2026,2026-05-04,batter_hits_alt,Batter Hits Ladder - 3+ Hits,batter_hits,True,Jakob Marsee,MIA,PHI,Aaron Nola,2.5,1380.0,11.32,6.76,4.56,Low,Alt ladder market,-0.13,,-1.5,PropLine game moneyline/total context | Batter-vs-pitcher sample | Self-stored odds movement snapshots,batter_hits,3+ Hits,batter
2026-05-04T21:59:25.624015+00:00,2026,2026-05-04,batter_total_bases_alt,Batter Total Bases Ladder - 5+ Total Bases,batter_total_bases,True,Dillon Dingler,DET,BOS,Payton Tolle,4.5,870.0,14.85,10.31,4.54,Low,Alt ladder market,0.96,1.8,1.5,PropLine game moneyline/total context | Batter-vs-pitcher sample | Self-stored odds movement snapshots,batter_total_bases,5+ Total Bases,batter
2026-05-04T21:59:25.624015+00:00,2026,2026-05-04,batter_total_bases_alt,Batter Total Bases Ladder - 5+ Total Bases,batter_total_bases,True,Otto Lopez,MIA,PHI,Aaron Nola,4.5,890.0,14.64,10.1,4.54,Low,Alt ladder market,-0.18,1.8,1.5,PropLine game moneyline/total context | Batter-vs-pitcher sample | Self-stored odds movement snapshots,batter_total_bases,5+ Total Bases,batter
2026-05-04T21:59:25.624015+00:00,2026,2026-05-04,batter_hits_alt,Batter Hits Ladder - 3+ Hits,batter_hits,True,Jahmai Jones,DET,BOS,Payton Tolle,2.5,2200.0,8.88,4.35,4.53,Low,Alt ladder market,0.4,0.8,-1.5,PropLine game moneyline/total context | Batter-vs-pitcher sample | Self-stored odds movement snapshots,batter_hits,3+ Hits,batter
2026-05-04T21:59:25.624015+00:00,2026,2026-05-04,batter_total_bases,Batter Total Bases,batter_total_bases,,Xavier Edwards,MIA,PHI,Aaron Nola,0.5,100.0,54.52,50.0,4.52,Medium,Positive edge,-0.18,,1.5,PropLine game moneyline/total context | Batter-vs-pitcher sample | Self-stored odds movement snapshots,batter_total_bases,Over,batter
2026-05-04T21:59:25.624015+00:00,2026,2026-05-04,batter_hits,Batter Hits,batter_hits,,Taylor Ward,BAL,NYY,Cam Schlittler,0.5,105.0,53.29,48.78,4.51,Medium,Positive edge,-0.12,0.8,-1.5,PropLine game moneyline/total context | Batter-vs-pitcher sample | Self-stored odds movement snapshots,batter_hits,Under,batter
2026-05-04T21:59:25.624015+00:00,2026,2026-05-04,batter_hits_alt,Batter Hits Ladder - 3+ Hits,batter_hits,True,Brandon Marsh,PHI,MIA,Janson Junk,2.5,1180.0,12.32,7.81,4.51,Low,Alt ladder market,-0.13,0.8,-1.5,PropLine game moneyline/total context | Batter-vs-pitcher sample | Self-stored odds movement snapshots,batter_hits,3+ Hits,batter
2026-05-04T21:59:25.624015+00:00,2026,2026-05-04,batter_hits_alt,Batter Hits Ladder - 3+ Hits,batter_hits,True,Matt Vierling,DET,BOS,Payton Tolle,2.5,2100.0,9.06,4.55,4.51,Low,Alt ladder market,0.4,0.8,-1.5,PropLine game moneyline/total context | Batter-vs-pitcher sample | Self-stored odds movement snapshots,batter_hits,3+ Hits,batter
2026-05-04T21:59:25.624015+00:00,2026,2026-05-04,batter_hits_alt,Batter Hits Ladder - 3+ Hits,batter_hits,True,Trevor Story,BOS,DET,Tarik Skubal,2.5,2100.0,9.06,4.55,4.51,Low,Alt ladder market,0.4,0.8,-1.5,PropLine game moneyline/total context | Batter-vs-pitcher sample | Self-stored odds movement snapshots,batter_hits,3+ Hits,batter
2026-05-04T21:59:25.624015+00:00,2026,2026-05-04,batter_hits,Batter Hits,batter_hits,,Isaac Collins,KCR,CLE,Tanner Bibee,0.5,-103.0,55.24,50.74,4.5,Medium,Positive edge,0.54,0.8,-1.5,PropLine game moneyline/total context | Batter-vs-pitcher sample | Self-stored odds movement snapshots,batter_hits,Under,batter
2026-05-04T21:59:25.624015+00:00,2026,2026-05-04,batter_total_bases,Batter Total Bases,batter_total_bases,,J.T. Realmuto,PHI,MIA,Janson Junk,1.5,150.0,44.49,40.0,4.49,Medium,Positive edge,-0.18,,0.97,PropLine game moneyline/total context | Batter-vs-pitcher sample | Self-stored odds movement snapshots,batter_total_bases,Over,batter
2026-05-04T21:59:25.624015+00:00,2026,2026-05-04,batter_hits_alt,Batter Hits Ladder - 3+ Hits,batter_hits,True,Willi Castro,COL,NYM,Huascar Brazobán,2.5,1000.0,13.58,9.09,4.49,Low,Alt ladder market,-0.53,0.8,,PropLine game moneyline/total context | Self-stored odds movement snapshots,batter_hits,3+ Hits,batter
2026-05-04T21:59:25.624015+00:00,2026,2026-05-04,batter_hits_alt,Batter Hits Ladder - 3+ Hits,batter_hits,True,Ceddanne Rafaela,BOS,DET,Tarik Skubal,2.5,2000.0,9.25,4.76,4.49,Low,Alt ladder market,0.4,0.8,-1.5,PropLine game moneyline/total context | Batter-vs-pitcher sample | Self-stored odds movement snapshots,batter_hits,3+ Hits,batter
2026-05-04T21:59:25.624015+00:00,2026,2026-05-04,batter_hits_alt,Batter Hits Ladder - 4+ Hits,batter_hits,True,Brett Baty,NYM,COL,Tomoyuki Sugano,3.5,3000.0,7.72,3.23,4.49,Low,Alt ladder market,-0.53,0.8,1.5,PropLine game moneyline/total context | Batter-vs-pitcher sample | Self-stored odds movement snapshots,batter_hits,4+ Hits,batter
2026-05-04T21:59:25.624015+00:00,2026,2026-05-04,batter_hits_alt,Batter Hits Ladder - 3+ Hits,batter_hits,True,Willson Contreras,BOS,DET,Tarik Skubal,2.5,1940.0,9.38,4.9,4.48,Low,Alt ladder market,0.4,0.8,-1.5,PropLine game moneyline/total context | Batter-vs-pitcher sample | Self-stored odds movement snapshots,batter_hits,3+ Hits,batter
2026-05-04T21:59:25.624015+00:00,2026,2026-05-04,batter_hits,Batter Hits,batter_hits,,Jakob Marsee,MIA,PHI,Aaron Nola,0.5,100.0,54.47,50.0,4.47,Medium,Positive edge,-0.13,,-1.5,PropLine game moneyline/total context | Batter-vs-pitcher sample | Self-stored odds movement snapshots,batter_hits,Over,batter
2026-05-04T21:59:25.624015+00:00,2026,2026-05-04,batter_hits,Batter Hits,batter_hits,,Joe Mack,MIA,PHI,Aaron Nola,0.5,100.0,54.47,50.0,4.47,Medium,Positive edge,-0.13,,-1.5,PropLine game moneyline/total context | Batter-vs-pitcher sample | Self-stored odds movement snapshots,batter_hits,Over,batter
2026-05-04T21:59:25.624015+00:00,2026,2026-05-04,batter_hits_alt,Batter Hits Ladder - 3+ Hits,batter_hits,True,Kyle Karros,COL,NYM,Huascar Brazobán,2.5,1560.0,10.49,6.02,4.46,Low,Alt ladder market,-0.53,0.8,,PropLine game moneyline/total context | Self-stored odds movement snapshots,batter_hits,3+ Hits,batter
2026-05-04T21:59:25.624015+00:00,2026,2026-05-04,batter_total_bases,Batter Total Bases,batter_total_bases,,Pete Alonso,BAL,NYY,Cam Schlittler,1.5,136.0,46.81,42.37,4.44,Medium,Positive edge,-0.14,1.8,1.5,PropLine game moneyline/total context | Batter-vs-pitcher sample | Self-stored odds movement snapshots,batter_total_bases,Over,batter
2026-05-04T21:59:25.624015+00:00,2026,2026-05-04,batter_home_runs,Batter Home Runs,batter_home_runs,,Hao-Yu Lee,DET,BOS,Payton Tolle,0.5,710.0,16.79,12.35,4.44,Medium,Positive edge,1.65,1.5,,PropLine game moneyline/total context | Batter-vs-pitcher sample | Self-stored odds movement snapshots,batter_home_runs,1+ Home Runs,batter
2026-05-04T21:59:25.624015+00:00,2026,2026-05-04,batter_home_runs,Batter Home Runs,batter_home_runs,,Riley Greene,DET,BOS,Payton Tolle,0.5,630.0,18.13,13.7,4.43,Medium,Positive edge,1.65,2.3,,PropLine game moneyline/total context | Batter-vs-pitcher sample | Self-stored odds movement snapshots,batter_home_runs,Riley Greene,batter
2026-05-04T21:59:25.624015+00:00,2026,2026-05-04,batter_total_bases_alt,Batter Total Bases Ladder - 5+ Total Bases,batter_total_bases,True,Liam Hicks,MIA,PHI,Aaron Nola,4.5,870.0,14.74,10.31,4.43,Low,Alt ladder market,-0.18,1.2,1.5,PropLine game moneyline/total context | Batter-vs-pitcher sample | Self-stored odds movement snapshots,batter_total_bases,5+ Total Bases,batter
2026-05-04T21:59:25.624015+00:00,2026,2026-05-04,batter_hits,Batter Hits,batter_hits,,Owen Caissie,MIA,PHI,Aaron Nola,0.5,108.0,52.5,48.08,4.42,Medium,Positive edge,-0.13,0.8,-1.5,PropLine game moneyline/total context | Batter-vs-pitcher sample | Self-stored odds movement snapshots,batter_hits,Under,batter
2026-05-04T21:59:25.624015+00:00,2026,2026-05-04,batter_hits_alt,Batter Hits Ladder - 3+ Hits,batter_hits,True,Roman Anthony,BOS,DET,Tarik Skubal,2.5,1660.0,10.09,5.68,4.41,Low,Alt ladder market,0.4,0.8,-1.5,PropLine game moneyline/total context | Batter-vs-pitcher sample | Self-stored odds movement snapshots,batter_hits,3+ Hits,batter
2026-05-04T21:59:25.624015+00:00,2026,2026-05-04,batter_hits_alt,Batter Hits Ladder - 4+ Hits,batter_hits,True,MJ Melendez,NYM,COL,Tomoyuki Sugano,3.5,3900.0,6.91,2.5,4.41,Low,Alt ladder market,-0.53,0.8,-1.5,PropLine game moneyline/total context | Batter-vs-pitcher sample | Self-stored odds movement snapshots,batter_hits,4+ Hits,batter
2026-05-04T21:59:25.624015+00:00,2026,2026-05-04,batter_hits,Batter Hits,batter_hits,,Gunnar Henderson,BAL,NYY,Cam Schlittler,0.5,123.0,49.22,44.84,4.37,Medium,Positive edge,-0.12,0.8,-1.5,PropLine game moneyline/total context | Batter-vs-pitcher sample | Self-stored odds movement snapshots,batter_hits,Under,batter
2026-05-04T21:59:25.624015+00:00,2026,2026-05-04,batter_hits_alt,Batter Hits Ladder - 3+ Hits,batter_hits,True,Tyler Freeman,COL,NYM,Huascar Brazobán,2.5,840.0,14.99,10.64,4.35,Low,Alt ladder market,-0.53,0.8,,PropLine game moneyline/total context | Self-stored odds movement snapshots,batter_hits,3+ Hits,batter
2026-05-04T21:59:25.624015+00:00,2026,2026-05-04,batter_hits_alt,Batter Hits Ladder - 3+ Hits,batter_hits,True,Justin Crawford,PHI,MIA,Janson Junk,2.5,1740.0,9.79,5.43,4.35,Low,Alt ladder market,-0.13,0.8,-1.5,PropLine game moneyline/total context | Batter-vs-pitcher sample | Self-stored odds movement snapshots,batter_hits,3+ Hits,batter
2026-05-04T21:59:25.624015+00:00,2026,2026-05-04,batter_hits_alt,Batter Hits Ladder - 3+ Hits,batter_hits,True,Hunter Goodman,COL,NYM,Huascar Brazobán,2.5,830.0,15.09,10.75,4.34,Low,Alt ladder market,-0.53,0.8,,PropLine game moneyline/total context | Self-stored odds movement snapshots,batter_hits,3+ Hits,batter
2026-05-04T21:59:25.624015+00:00,2026,2026-05-04,batter_total_bases_alt,Batter Total Bases Ladder - 5+ Total Bases,batter_total_bases,True,Xavier Edwards,MIA,PHI,Aaron Nola,4.5,980.0,13.6,9.26,4.34,Low,Alt ladder market,-0.18,,1.5,PropLine game moneyline/total context | Batter-vs-pitcher sample | Self-stored odds movement snapshots,batter_total_bases,5+ Total Bases,batter
2026-05-04T21:59:25.624015+00:00,2026,2026-05-04,batter_total_bases,Batter Total Bases,batter_total_bases,,Chase DeLauter,CLE,KCR,Michael Wacha,1.5,102.0,53.83,49.5,4.33,Medium,Positive edge,1.13,1.2,1.5,PropLine game moneyline/total context | Batter-vs-pitcher sample | Self-stored odds movement snapshots,batter_total_bases,Over,batter
2026-05-04T21:59:25.624015+00:00,2026,2026-05-04,batter_hits_alt,Batter Hits Ladder - 3+ Hits,batter_hits,True,Bryce Harper,PHI,MIA,Janson Junk,2.5,800.0,15.4,11.11,4.29,Low,Alt ladder market,-0.13,0.8,1.5,PropLine game moneyline/total context | Batter-vs-pitcher sample | Self-stored odds movement snapshots,batter_hits,3+ Hits,batter
2026-05-04T21:59:25.624015+00:00,2026,2026-05-04,batter_home_runs,Batter Home Runs,batter_home_runs,,Nathan Church,STL,MIL,Chad Patrick,0.5,710.0,16.63,12.35,4.28,Medium,Positive edge,1.49,1.5,,PropLine game moneyline/total context | Batter-vs-pitcher sample | Self-stored odds movement snapshots,batter_home_runs,Nathan Church,batter
2026-05-04T21:59:25.624015+00:00,2026,2026-05-04,batter_hits_alt,Batter Hits Ladder - 3+ Hits,batter_hits,True,Isiah Kiner-Falefa,BOS,DET,Tarik Skubal,2.5,2400.0,8.26,4.0,4.26,Low,Alt ladder market,0.4,0.8,-1.5,PropLine game moneyline/total context | Batter-vs-pitcher sample | Self-stored odds movement snapshots,batter_hits,3+ Hits,batter
2026-05-04T21:59:25.624015+00:00,2026,2026-05-04,pitcher_strikeouts,Pitcher Strikeouts,pitcher_strikeouts,,Payton Tolle,BOS,DET,Payton Tolle,5.5,105.0,53.03,48.78,4.25,Medium,Positive edge,-0.4,2.0,-0.59,PropLine game moneyline/total context | Self-stored odds movement snapshots,pitcher_strikeouts,Over,pitcher
2026-05-04T21:59:25.624015+00:00,2026,2026-05-04,batter_hits_alt,Batter Hits Ladder - 3+ Hits,batter_hits,True,Juan Soto,NYM,COL,Tomoyuki Sugano,2.5,640.0,17.75,13.51,4.24,Low,Alt ladder market,-0.53,0.8,1.5,PropLine game moneyline/total context | Batter-vs-pitcher sample | Self-stored odds movement snapshots,batter_hits,3+ Hits,batter
2026-05-04T21:59:25.624015+00:00,2026,2026-05-04,batter_total_bases_alt,Batter Total Bases Ladder - 7+ Total Bases,batter_total_bases,True,Hunter Goodman,COL,NYM,Huascar Brazobán,6.5,1120.0,12.44,8.2,4.24,Low,Alt ladder market,-0.8,1.8,,PropLine game moneyline/total context | Self-stored odds movement snapshots,batter_total_bases,7+ Total Bases,batter
2026-05-04T21:59:25.624015+00:00,2026,2026-05-04,batter_total_bases_alt,Batter Total Bases Ladder - 6+ Total Bases,batter_total_bases,True,Kyle Stowers,MIA,PHI,Aaron Nola,5.5,1280.0,11.49,7.25,4.24,Low,Alt ladder market,-0.18,0.6,1.5,PropLine game moneyline/total context | Batter-vs-pitcher sample | Self-stored odds movement snapshots,batter_total_bases,6+ Total Bases,batter
2026-05-04T21:59:25.624015+00:00,2026,2026-05-04,batter_total_bases_alt,Batter Total Bases Ladder - 5+ Total Bases,batter_total_bases,True,Brandon Marsh,PHI,MIA,Janson Junk,4.5,1040.0,12.98,8.77,4.21,Low,Alt ladder market,-0.18,1.8,1.5,PropLine game moneyline/total context | Batter-vs-pitcher sample | Self-stored odds movement snapshots,batter_total_bases,5+ Total Bases,batter
2026-05-04T21:59:25.624015+00:00,2026,2026-05-04,batter_hits_alt,Batter Hits Ladder - 3+ Hits,batter_hits,True,Andruw Monasterio,BOS,DET,Tarik Skubal,2.5,2100.0,8.76,4.55,4.21,Low,Alt ladder market,0.4,0.8,-1.5,PropLine game moneyline/total context | Batter-vs-pitcher sample | Self-stored odds movement snapshots,batter_hits,3+ Hits,batter
2026-05-04T21:59:25.624015+00:00,2026,2026-05-04,batter_hits_alt,Batter Hits Ladder - 3+ Hits,batter_hits,True,Mark Vientos,NYM,COL,Tomoyuki Sugano,2.5,920.0,14.0,9.8,4.2,Low,Alt ladder market,-0.53,0.8,1.5,PropLine game moneyline/total context | Batter-vs-pitcher sample | Self-stored odds movement snapshots,batter_hits,3+ Hits,batter
2026-05-04T21:59:25.624015+00:00,2026,2026-05-04,batter_hits_alt,Batter Hits Ladder - 3+ Hits,batter_hits,True,Trea Turner,PHI,MIA,Janson Junk,2.5,710.0,16.53,12.35,4.18,Low,Alt ladder market,-0.13,0.8,1.5,PropLine game moneyline/total context | Batter-vs-pitcher sample | Self-stored odds movement snapshots,batter_hits,3+ Hits,batter
2026-05-04T21:59:25.624015+00:00,2026,2026-05-04,batter_total_bases_alt,Batter Total Bases Ladder - 6+ Total Bases,batter_total_bases,True,Bryce Harper,PHI,MIA,Janson Junk,5.5,1140.0,12.25,8.06,4.18,Low,Alt ladder market,-0.18,1.2,1.5,PropLine game moneyline/total context | Batter-vs-pitcher sample | Self-stored odds movement snapshots,batter_total_bases,6+ Total Bases,batter
2026-05-04T21:59:25.624015+00:00,2026,2026-05-04,batter_hits_alt,Batter Hits Ladder - 3+ Hits,batter_hits,True,Caleb Durbin,BOS,DET,Tarik Skubal,2.5,2700.0,7.75,3.57,4.18,Low,Alt ladder market,0.4,,-1.5,PropLine game moneyline/total context | Batter-vs-pitcher sample | Self-stored odds movement snapshots,batter_hits,3+ Hits,batter
2026-05-04T21:59:25.624015+00:00,2026,2026-05-04,batter_total_bases_alt,Batter Total Bases Ladder - 6+ Total Bases,batter_total_bases,True,Kyle Schwarber,PHI,MIA,Janson Junk,5.5,990.0,13.35,9.17,4.17,Low,Alt ladder market,-0.18,1.8,1.5,PropLine game moneyline/total context | Batter-vs-pitcher sample | Self-stored odds movement snapshots,batter_total_bases,6+ Total Bases,batter
2026-05-04T21:59:25.624015+00:00,2026,2026-05-04,batter_home_runs,Batter Home Runs,batter_home_runs,,Hao-Yu Lee,DET,BOS,Payton Tolle,0.5,680.0,16.98,12.82,4.16,Medium,Positive edge,1.65,1.5,,PropLine game moneyline/total context | Batter-vs-pitcher sample | Self-stored odds movement snapshots,batter_home_runs,Hao-Yu Lee,batter
2026-05-04T21:59:25.624015+00:00,2026,2026-05-04,batter_hits_alt,Batter Hits Ladder - 3+ Hits,batter_hits,True,Jordan Beck,COL,NYM,Huascar Brazobán,2.5,970.0,13.51,9.35,4.16,Low,Alt ladder market,-0.53,0.8,,PropLine game moneyline/total context | Self-stored odds movement snapshots,batter_hits,3+ Hits,batter
2026-05-04T21:59:25.624015+00:00,2026,2026-05-04,batter_hits,Batter Hits,batter_hits,,Kyle Manzardo,CLE,KCR,Michael Wacha,0.5,124.0,48.8,44.64,4.15,Medium,Positive edge,0.54,0.8,-1.5,PropLine game moneyline/total context | Batter-vs-pitcher sample | Self-stored odds movement snapshots,batter_hits,Under,batter
2026-05-04T21:59:25.624015+00:00,2026,2026-05-04,batter_hits_alt,Batter Hits Ladder - 3+ Hits,batter_hits,True,Kyle Schwarber,PHI,MIA,Janson Junk,2.5,1200.0,11.84,7.69,4.15,Low,Alt ladder market,-0.13,0.8,-1.5,PropLine game moneyline/total context | Batter-vs-pitcher sample | Self-stored odds movement snapshots,batter_hits,3+ Hits,batter
2026-05-04T21:59:25.624015+00:00,2026,2026-05-04,batter_total_bases_alt,Batter Total Bases Ladder - 5+ Total Bases,batter_total_bases,True,Hao-Yu Lee,DET,BOS,Payton Tolle,4.5,1320.0,11.19,7.04,4.15,Low,Alt ladder market,0.96,1.2,,PropLine game moneyline/total context | Batter-vs-pitcher sample | Self-stored odds movement snapshots,batter_total_bases,5+ Total Bases,batter
2026-05-04T21:59:25.624015+00:00,2026,2026-05-04,batter_hits_alt,Batter Hits Ladder - 3+ Hits,batter_hits,True,Marcus Semien,NYM,COL,Tomoyuki Sugano,2.5,860.0,14.56,10.42,4.14,Low,Alt ladder market,-0.53,0.8,1.5,PropLine game moneyline/total context | Batter-vs-pitcher sample | Self-stored odds movement snapshots,batter_hits,3+ Hits,batter
2026-05-04T21:59:25.624015+00:00,2026,2026-05-04,batter_hits_alt,Batter Hits Ladder - 4+ Hits,batter_hits,True,Tyrone Taylor,NYM,COL,Tomoyuki Sugano,3.5,4700.0,6.23,2.08,4.14,Low,Alt ladder market,-0.53,0.8,-1.5,PropLine game moneyline/total context | Batter-vs-pitcher sample | Self-stored odds movement snapshots,batter_hits,4+ Hits,batter
2026-05-04T21:59:25.624015+00:00,2026,2026-05-04,batter_hits_alt,Batter Hits Ladder - 3+ Hits,batter_hits,True,J.T. Realmuto,PHI,MIA,Janson Junk,2.5,1160.0,12.06,7.94,4.13,Low,Alt ladder market,-0.13,0.8,-1.5,PropLine game moneyline/total context | Batter-vs-pitcher sample | Self-stored odds movement snapshots,batter_hits,3+ Hits,batter
2026-05-04T21:59:25.624015+00:00,2026,2026-05-04,pitcher_earned_runs,Pitcher Earned Runs,pitcher_earned_runs,,Tarik Skubal,DET,BOS,Tarik Skubal,1.5,-103.0,54.86,50.74,4.12,Medium,Positive edge,0.56,1.0,1.5,PropLine game moneyline/total context | Self-stored odds movement snapshots,pitcher_earned_runs,Over,pitcher
2026-05-04T21:59:25.624015+00:00,2026,2026-05-04,batter_hits_alt,Batter Hits Ladder - 4+ Hits,batter_hits,True,Carson Benge,NYM,COL,Tomoyuki Sugano,3.5,4000.0,6.55,2.44,4.11,Low,Alt ladder market,-0.53,0.8,-1.5,PropLine game moneyline/total context | Batter-vs-pitcher sample | Self-stored odds movement snapshots,batter_hits,4+ Hits,batter
2026-05-04T21:59:25.624015+00:00,2026,2026-05-04,batter_total_bases_alt,Batter Total Bases Ladder - 5+ Total Bases,batter_total_bases,True,Willson Contreras,BOS,DET,Tarik Skubal,4.5,970.0,13.45,9.35,4.1,Low,Alt ladder market,0.96,1.8,,PropLine game moneyline/total context | Batter-vs-pitcher sample | Self-stored odds movement snapshots,batter_total_bases,5+ Total Bases,batter
2026-05-04T21:59:25.624015+00:00,2026,2026-05-04,batter_hits_alt,Batter Hits Ladder - 3+ Hits,batter_hits,True,Bryson Stott,PHI,MIA,Janson Junk,2.5,1120.0,12.3,8.2,4.1,Low,Alt ladder market,-0.13,0.8,-1.5,PropLine game moneyline/total context | Batter-vs-pitcher sample | Self-stored odds movement snapshots,batter_hits,3+ Hits,batter
2026-05-04T21:59:25.624015+00:00,2026,2026-05-04,batter_hits,Batter Hits,batter_hits,,Willson Contreras,BOS,DET,Tarik Skubal,0.5,109.0,51.94,47.85,4.09,Medium,Positive edge,0.4,0.8,-1.5,PropLine game moneyline/total context | Batter-vs-pitcher sample | Self-stored odds movement snapshots,batter_hits,Under,batter
2026-05-04T21:59:25.624015+00:00,2026,2026-05-04,batter_hits_alt,Batter Hits Ladder - 3+ Hits,batter_hits,True,Brenton Doyle,COL,NYM,Huascar Brazobán,2.5,880.0,14.29,10.2,4.09,Low,Alt ladder market,-0.53,0.8,,PropLine game moneyline/total context | Self-stored odds movement snapshots,batter_hits,3+ Hits,batter
2026-05-04T21:59:25.624015+00:00,2026,2026-05-04,batter_total_bases_alt,Batter Total Bases Ladder - 5+ Total Bases,batter_total_bases,True,Owen Caissie,MIA,PHI,Aaron Nola,4.5,1060.0,12.69,8.62,4.07,Low,Alt ladder market,-0.18,1.8,,PropLine game moneyline/total context | Batter-vs-pitcher sample | Self-stored odds movement snapshots,batter_total_bases,5+ Total Bases,batter
2026-05-04T21:59:25.624015+00:00,2026,2026-05-04,batter_total_bases_alt,Batter Total Bases Ladder - 5+ Total Bases,batter_total_bases,True,Riley Greene,DET,BOS,Payton Tolle,4.5,1000.0,13.14,9.09,4.05,Low,Alt ladder market,0.96,1.8,,PropLine game moneyline/total context | Batter-vs-pitcher sample | Self-stored odds movement snapshots,batter_total_bases,5+ Total Bases,batter
2026-05-04T21:59:25.624015+00:00,2026,2026-05-04,batter_total_bases_alt,Batter Total Bases Ladder - 5+ Total Bases,batter_total_bases,True,Troy Johnston,COL,NYM,Huascar Brazobán,4.5,1180.0,11.85,7.81,4.04,Low,Alt ladder market,-0.8,1.2,1.5,PropLine game moneyline/total context | Self-stored odds movement snapshots,batter_total_bases,5+ Total Bases,batter
2026-05-04T21:59:25.624015+00:00,2026,2026-05-04,batter_hits,Batter Hits,batter_hits,,Victor Scott,STL,MIL,Chad Patrick,0.5,-115.0,57.51,53.49,4.02,Medium,Positive edge,0.43,0.8,-0.21,PropLine game moneyline/total context | Batter-vs-pitcher sample | Self-stored odds movement snapshots,batter_hits,Under,batter
2026-05-04T21:59:25.624015+00:00,2026,2026-05-04,batter_hits,Batter Hits,batter_hits,,Ryan McMahon,NYY,BAL,Shane Baz,0.5,-102.0,54.48,50.5,3.98,Low-Medium,No clear edge,-0.12,0.8,-1.5,PropLine game moneyline/total context | Batter-vs-pitcher sample | Self-stored odds movement snapshots,batter_hits,Under,batter
2026-05-04T21:59:25.624015+00:00,2026,2026-05-04,pitcher_strikeouts,Pitcher Strikeouts,pitcher_strikeouts,,Aaron Nola,PHI,MIA,Aaron Nola,3.5,100.0,53.97,50.0,3.97,Low-Medium,No clear edge,-0.03,,1.5,PropLine game moneyline/total context | Self-stored odds movement snapshots,pitcher_strikeouts,Over,pitcher
2026-05-04T21:59:25.624015+00:00,2026,2026-05-04,batter_hits_alt,Batter Hits Ladder - 3+ Hits,batter_hits,True,Francisco Alvarez,NYM,COL,Tomoyuki Sugano,2.5,700.0,16.46,12.5,3.96,Low,Alt ladder market,-0.53,0.8,1.5,PropLine game moneyline/total context | Batter-vs-pitcher sample | Self-stored odds movement snapshots,batter_hits,3+ Hits,batter
2026-05-04T21:59:25.624015+00:00,2026,2026-05-04,batter_total_bases_alt,Batter Total Bases Ladder - 5+ Total Bases,batter_total_bases,True,Spencer Torkelson,DET,BOS,Payton Tolle,4.5,880.0,14.15,10.2,3.95,Low,Alt ladder market,0.96,1.8,,PropLine game moneyline/total context | Batter-vs-pitcher sample | Self-stored odds movement snapshots,batter_total_bases,5+ Total Bases,batter
2026-05-04T21:59:25.624015+00:00,2026,2026-05-04,batter_total_bases_alt,Batter Total Bases Ladder - 5+ Total Bases,batter_total_bases,True,Jakob Marsee,MIA,PHI,Aaron Nola,4.5,950.0,13.47,9.52,3.95,Low,Alt ladder market,-0.18,,1.5,PropLine game moneyline/total context | Batter-vs-pitcher sample | Self-stored odds movement snapshots,batter_total_bases,5+ Total Bases,batter
2026-05-04T21:59:25.624015+00:00,2026,2026-05-04,batter_home_runs,Batter Home Runs,batter_home_runs,,Andruw Monasterio,BOS,DET,Tarik Skubal,0.5,1260.0,11.29,7.35,3.94,Low-Medium,No clear edge,1.65,,,PropLine game moneyline/total context | Batter-vs-pitcher sample | Self-stored odds movement snapshots,batter_home_runs,Andruw Monasterio,batter
2026-05-04T21:59:25.624015+00:00,2026,2026-05-04,batter_total_bases_alt,Batter Total Bases Ladder - 5+ Total Bases,batter_total_bases,True,Connor Norby,MIA,PHI,Aaron Nola,4.5,970.0,13.26,9.35,3.92,Low,Alt ladder market,-0.18,1.2,,PropLine game moneyline/total context | Batter-vs-pitcher sample | Self-stored odds movement snapshots,batter_total_bases,5+ Total Bases,batter
2026-05-04T21:59:25.624015+00:00,2026,2026-05-04,batter_home_runs,Batter Home Runs,batter_home_runs,,Paul Goldschmidt,NYY,BAL,Shane Baz,0.5,570.0,18.83,14.93,3.9,Low-Medium,No clear edge,-0.14,2.3,,PropLine game moneyline/total context | Batter-vs-pitcher sample | Self-stored odds movement snapshots,batter_home_runs,Paul Goldschmidt,batter
2026-05-04T21:59:25.624015+00:00,2026,2026-05-04,batter_total_bases_alt,Batter Total Bases Ladder - 5+ Total Bases,batter_total_bases,True,Gleyber Torres,DET,BOS,Payton Tolle,4.5,1180.0,11.71,7.81,3.9,Low,Alt ladder market,0.96,,,PropLine game moneyline/total context | Batter-vs-pitcher sample | Self-stored odds movement snapshots,batter_total_bases,5+ Total Bases,batter
2026-05-04T21:59:25.624015+00:00,2026,2026-05-04,batter_home_runs,Batter Home Runs,batter_home_runs,,Riley Greene,DET,BOS,Payton Tolle,0.5,584.0,18.5,14.62,3.88,Low-Medium,No clear edge,1.65,2.3,,PropLine game moneyline/total context | Batter-vs-pitcher sample | Self-stored odds movement snapshots,batter_home_runs,1+ Home Runs,batter
2026-05-04T21:59:25.624015+00:00,2026,2026-05-04,batter_hits,Batter Hits,batter_hits,,Mark Vientos,NYM,COL,Tomoyuki Sugano,0.5,100.0,53.87,50.0,3.87,Low-Medium,No clear edge,-0.53,0.8,1.5,PropLine game moneyline/total context | Batter-vs-pitcher sample | Self-stored odds movement snapshots,batter_hits,Over,batter
2026-05-04T21:59:25.624015+00:00,2026,2026-05-04,batter_hits,Batter Hits,batter_hits,,Marcus Semien,NYM,COL,Tomoyuki Sugano,0.5,100.0,53.87,50.0,3.87,Low-Medium,No clear edge,-0.53,0.8,1.5,PropLine game moneyline/total context | Batter-vs-pitcher sample | Self-stored odds movement snapshots,batter_hits,Over,batter
2026-05-04T21:59:25.624015+00:00,2026,2026-05-04,batter_hits,Batter Hits,batter_hits,,Bo Bichette,NYM,COL,Tomoyuki Sugano,2.5,100.0,53.87,50.0,3.87,Low-Medium,No clear edge,-0.53,0.8,1.5,PropLine game moneyline/total context | Batter-vs-pitcher sample | Self-stored odds movement snapshots,batter_hits,Over,batter
2026-05-04T21:59:25.624015+00:00,2026,2026-05-04,batter_hits,Batter Hits,batter_hits,,Francisco Alvarez,NYM,COL,Tomoyuki Sugano,0.5,100.0,53.87,50.0,3.87,Low-Medium,No clear edge,-0.53,0.8,1.5,PropLine game moneyline/total context | Batter-vs-pitcher sample | Self-stored odds movement snapshots,batter_hits,Over,batter
2026-05-04T21:59:25.624015+00:00,2026,2026-05-04,batter_total_bases_alt,Batter Total Bases Ladder - 4+ Total Bases,batter_total_bases,True,Kevin McGonigle,DET,BOS,Payton Tolle,3.5,497.0,20.62,16.75,3.87,Low,Alt ladder market,0.96,1.2,1.5,PropLine game moneyline/total context | Batter-vs-pitcher sample | Self-stored odds movement snapshots,batter_total_bases,4+ Total Bases,batter
2026-05-04T21:59:25.624015+00:00,2026,2026-05-04,batter_hits,Batter Hits,batter_hits,,Owen Caissie,MIA,PHI,Aaron Nola,0.5,104.0,52.88,49.02,3.86,Low-Medium,No clear edge,-0.13,0.8,-1.5,PropLine game moneyline/total context | Batter-vs-pitcher sample | Self-stored odds movement snapshots,batter_hits,Under,batter
2026-05-04T21:59:25.624015+00:00,2026,2026-05-04,batter_total_bases_alt,Batter Total Bases Ladder - 4+ Total Bases,batter_total_bases,True,Otto Lopez,MIA,PHI,Aaron Nola,3.5,453.0,21.9,18.08,3.82,Low,Alt ladder market,-0.18,1.8,1.5,PropLine game moneyline/total context | Batter-vs-pitcher sample | Self-stored odds movement snapshots,batter_total_bases,4+ Total Bases,batter
2026-05-04T21:59:25.624015+00:00,2026,2026-05-04,batter_hits,Batter Hits,batter_hits,,Jahmai Jones,DET,BOS,Payton Tolle,0.5,107.0,52.12,48.31,3.81,Low-Medium,No clear edge,0.4,0.8,-1.5,PropLine game moneyline/total context | Batter-vs-pitcher sample | Self-stored odds movement snapshots,batter_hits,Under,batter
2026-05-04T21:59:25.624015+00:00,2026,2026-05-04,batter_hits_alt,Batter Hits Ladder - 2+ Hits,batter_hits,True,Connor Wong,BOS,DET,Tarik Skubal,1.5,576.0,18.6,14.79,3.81,Low,Alt ladder market,0.4,,0.78,PropLine game moneyline/total context | Batter-vs-pitcher sample | Self-stored odds movement snapshots,batter_hits,2+ Hits,batter
2026-05-04T21:59:25.624015+00:00,2026,2026-05-04,batter_total_bases_alt,Batter Total Bases Ladder - 6+ Total Bases,batter_total_bases,True,Hunter Goodman,COL,NYM,Huascar Brazobán,5.5,670.0,16.8,12.99,3.81,Low,Alt ladder market,-0.8,1.8,,PropLine game moneyline/total context | Self-stored odds movement snapshots,batter_total_bases,6+ Total Bases,batter
2026-05-04T21:59:25.624015+00:00,2026,2026-05-04,batter_total_bases_alt,Batter Total Bases Ladder - 5+ Total Bases,batter_total_bases,True,Kyle Stowers,MIA,PHI,Aaron Nola,4.5,710.0,16.13,12.35,3.78,Low,Alt ladder market,-0.18,0.6,1.5,PropLine game moneyline/total context | Batter-vs-pitcher sample | Self-stored odds movement snapshots,batter_total_bases,5+ Total Bases,batter
2026-05-04T21:59:25.624015+00:00,2026,2026-05-04,batter_hits,Batter Hits,batter_hits,,Victor Scott,STL,MIL,Chad Patrick,0.5,-117.0,57.68,53.92,3.77,Low-Medium,No clear edge,0.43,0.8,-0.21,PropLine game moneyline/total context | Batter-vs-pitcher sample | Self-stored odds movement snapshots,batter_hits,Over,batter
2026-05-04T21:59:25.624015+00:00,2026,2026-05-04,batter_hits,Batter Hits,batter_hits,,Graham Pauley,MIA,PHI,Aaron Nola,0.5,100.0,53.77,50.0,3.77,Low-Medium,No clear edge,-0.13,-0.6,0.4,PropLine game moneyline/total context | Batter-vs-pitcher sample | Self-stored odds movement snapshots,batter_hits,Over,batter
2026-05-04T21:59:25.624015+00:00,2026,2026-05-04,batter_hits_alt,Batter Hits Ladder - 3+ Hits,batter_hits,True,MJ Melendez,NYM,COL,Tomoyuki Sugano,2.5,950.0,13.3,9.52,3.77,Low,Alt ladder market,-0.53,0.8,-1.5,PropLine game moneyline/total context | Batter-vs-pitcher sample | Self-stored odds movement snapshots,batter_hits,3+ Hits,batter
2026-05-04T21:59:25.624015+00:00,2026,2026-05-04,batter_hits_alt,Batter Hits Ladder - 3+ Hits,batter_hits,True,Alec Bohm,PHI,MIA,Janson Junk,2.5,1280.0,11.01,7.25,3.77,Low,Alt ladder market,-0.13,,-1.5,PropLine game moneyline/total context | Batter-vs-pitcher sample | Self-stored odds movement snapshots,batter_hits,3+ Hits,batter
2026-05-04T21:59:25.624015+00:00,2026,2026-05-04,batter_total_bases_alt,Batter Total Bases Ladder - 4+ Total Bases,batter_total_bases,True,Dillon Dingler,DET,BOS,Payton Tolle,3.5,428.0,22.7,18.94,3.76,Low,Alt ladder market,0.96,1.8,1.5,PropLine game moneyline/total context | Batter-vs-pitcher sample | Self-stored odds movement snapshots,batter_total_bases,4+ Total Bases,batter
2026-05-04T21:59:25.624015+00:00,2026,2026-05-04,batter_total_bases_alt,Batter Total Bases Ladder - 5+ Total Bases,batter_total_bases,True,Ezequiel Tovar,COL,NYM,Huascar Brazobán,4.5,1060.0,12.36,8.62,3.74,Low,Alt ladder market,-0.8,1.2,,PropLine game moneyline/total context | Self-stored odds movement snapshots,batter_total_bases,5+ Total Bases,batter
2026-05-04T21:59:25.624015+00:00,2026,2026-05-04,batter_total_bases,Batter Total Bases,batter_total_bases,,Chandler Simpson,TBR,TOR,Eric Lauer,1.5,125.0,48.18,44.44,3.73,Low-Medium,No clear edge,,-0.8,1.5,PropLine game moneyline/total context | Self-stored odds movement snapshots,batter_total_bases,Over,batter
2026-05-04T21:59:25.624015+00:00,2026,2026-05-04,batter_total_bases_alt,Batter Total Bases Ladder - 5+ Total Bases,batter_total_bases,True,Jahmai Jones,DET,BOS,Payton Tolle,4.5,960.0,13.15,9.43,3.72,Low,Alt ladder market,0.96,1.8,,PropLine game moneyline/total context | Batter-vs-pitcher sample | Self-stored odds movement snapshots,batter_total_bases,5+ Total Bases,batter
2026-05-04T21:59:25.624015+00:00,2026,2026-05-04,batter_total_bases_alt,Batter Total Bases Ladder - 4+ Total Bases,batter_total_bases,True,Wilyer Abreu,BOS,DET,Tarik Skubal,3.5,630.0,17.41,13.7,3.71,Low,Alt ladder market,0.96,1.8,,PropLine game moneyline/total context | Batter-vs-pitcher sample | Self-stored odds movement snapshots,batter_total_bases,4+ Total Bases,batter
2026-05-04T21:59:25.624015+00:00,2026,2026-05-04,batter_hits,Batter Hits,batter_hits,,Yohendrick Piñango,TOR,TBR,Nick Martinez,0.5,109.0,51.54,47.85,3.69,Low-Medium,No clear edge,,0.8,-1.5,PropLine game moneyline/total context | Batter-vs-pitcher sample | Self-stored odds movement snapshots,batter_hits,Under,batter
2026-05-04T21:59:25.624015+00:00,2026,2026-05-04,batter_total_bases_alt,Batter Total Bases Ladder - 4+ Total Bases,batter_total_bases,True,Liam Hicks,MIA,PHI,Aaron Nola,3.5,437.0,22.3,18.62,3.68,Low,Alt ladder market,-0.18,1.2,1.5,PropLine game moneyline/total context | Batter-vs-pitcher sample | Self-stored odds movement snapshots,batter_total_bases,4+ Total Bases,batter
2026-05-04T21:59:25.624015+00:00,2026,2026-05-04,batter_home_runs,Batter Home Runs,batter_home_runs,,Jonathan Aranda,TBR,TOR,Eric Lauer,0.5,820.0,14.55,10.87,3.68,Low-Medium,No clear edge,,,,PropLine game moneyline/total context | Self-stored odds movement snapshots,batter_home_runs,Jonathan Aranda,batter
2026-05-04T21:59:25.624015+00:00,2026,2026-05-04,batter_hits,Batter Hits,batter_hits,,Trevor Story,BOS,DET,Tarik Skubal,0.5,106.0,52.22,48.54,3.67,Low-Medium,No clear edge,0.4,0.8,-1.5,PropLine game moneyline/total context | Batter-vs-pitcher sample | Self-stored odds movement snapshots,batter_hits,Under,batter
2026-05-04T21:59:25.624015+00:00,2026,2026-05-04,batter_total_bases_alt,Batter Total Bases Ladder - 5+ Total Bases,batter_total_bases,True,T.J. Rumfield,COL,NYM,Huascar Brazobán,4.5,970.0,13.02,9.35,3.67,Low,Alt ladder market,-0.8,1.2,,PropLine game moneyline/total context | Self-stored odds movement snapshots,batter_total_bases,5+ Total Bases,batter
2026-05-04T21:59:25.624015+00:00,2026,2026-05-04,batter_total_bases_alt,Batter Total Bases Ladder - 7+ Total Bases,batter_total_bases,True,MJ Melendez,NYM,COL,Tomoyuki Sugano,6.5,1220.0,11.24,7.58,3.67,Low,Alt ladder market,-0.8,1.8,1.3,PropLine game moneyline/total context | Batter-vs-pitcher sample | Self-stored odds movement snapshots,batter_total_bases,7+ Total Bases,batter
2026-05-04T21:59:25.624015+00:00,2026,2026-05-04,batter_total_bases_alt,Batter Total Bases Ladder - 4+ Total Bases,batter_total_bases,True,Xavier Edwards,MIA,PHI,Aaron Nola,3.5,493.0,20.52,16.86,3.66,Low,Alt ladder market,-0.18,,1.5,PropLine game moneyline/total context | Batter-vs-pitcher sample | Self-stored odds movement snapshots,batter_total_bases,4+ Total Bases,batter
2026-05-04T21:59:25.624015+00:00,2026,2026-05-04,batter_total_bases_alt,Batter Total Bases Ladder - 5+ Total Bases,batter_total_bases,True,Kyle Schwarber,PHI,MIA,Janson Junk,4.5,575.0,18.48,14.81,3.66,Low,Alt ladder market,-0.18,1.8,1.5,PropLine game moneyline/total context | Batter-vs-pitcher sample | Self-stored odds movement snapshots,batter_total_bases,5+ Total Bases,batter
2026-05-04T21:59:25.624015+00:00,2026,2026-05-04,batter_total_bases_alt,Batter Total Bases Ladder - 5+ Total Bases,batter_total_bases,True,Willi Castro,COL,NYM,Huascar Brazobán,4.5,950.0,13.18,9.52,3.66,Low,Alt ladder market,-0.8,1.2,,PropLine game moneyline/total context | Self-stored odds movement snapshots,batter_total_bases,5+ Total Bases,batter
2026-05-04T21:59:25.624015+00:00,2026,2026-05-04,batter_home_runs,Batter Home Runs,batter_home_runs,,Andruw Monasterio,BOS,DET,Tarik Skubal,0.5,1180.0,11.47,7.81,3.66,Low-Medium,No clear edge,1.65,,,PropLine game moneyline/total context | Batter-vs-pitcher sample | Self-stored odds movement snapshots,batter_home_runs,1+ Home Runs,batter
2026-05-04T21:59:25.624015+00:00,2026,2026-05-04,batter_total_bases_alt,Batter Total Bases Ladder - 8+ Total Bases,batter_total_bases,True,Juan Soto,NYM,COL,Tomoyuki Sugano,7.5,1300.0,10.8,7.14,3.66,Low,Alt ladder market,-0.8,1.8,-1.5,PropLine game moneyline/total context | Batter-vs-pitcher sample | Self-stored odds movement snapshots,batter_total_bases,8+ Total Bases,batter
2026-05-04T21:59:25.624015+00:00,2026,2026-05-04,batter_total_bases_alt,Batter Total Bases Ladder - 5+ Total Bases,batter_total_bases,True,Bryce Harper,PHI,MIA,Janson Junk,4.5,610.0,17.72,14.08,3.64,Low,Alt ladder market,-0.18,1.2,1.5,PropLine game moneyline/total context | Batter-vs-pitcher sample | Self-stored odds movement snapshots,batter_total_bases,5+ Total Bases,batter
2026-05-04T21:59:25.624015+00:00,2026,2026-05-04,batter_hits_alt,Batter Hits Ladder - 3+ Hits,batter_hits,True,Brett Baty,NYM,COL,Tomoyuki Sugano,2.5,690.0,16.3,12.66,3.64,Low,Alt ladder market,-0.53,0.8,1.5,PropLine game moneyline/total context | Batter-vs-pitcher sample | Self-stored odds movement snapshots,batter_hits,3+ Hits,batter
2026-05-04T21:59:25.624015+00:00,2026,2026-05-04,batter_total_bases_alt,Batter Total Bases Ladder - 5+ Total Bases,batter_total_bases,True,Bryson Stott,PHI,MIA,Janson Junk,4.5,1020.0,12.57,8.93,3.64,Low,Alt ladder market,-0.18,0.6,1.5,PropLine game moneyline/total context | Batter-vs-pitcher sample | Self-stored odds movement snapshots,batter_total_bases,5+ Total Bases,batter
2026-05-04T21:59:25.624015+00:00,2026,2026-05-04,batter_home_runs,Batter Home Runs,batter_home_runs,,Gleyber Torres,DET,BOS,Payton Tolle,0.5,880.0,13.83,10.2,3.63,Low-Medium,No clear edge,1.65,-0.6,,PropLine game moneyline/total context | Batter-vs-pitcher sample | Self-stored odds movement snapshots,batter_home_runs,Gleyber Torres,batter
2026-05-04T21:59:25.624015+00:00,2026,2026-05-04,batter_hits_alt,Batter Hits Ladder - 2+ Hits,batter_hits,True,Graham Pauley,MIA,PHI,Aaron Nola,1.5,520.0,19.74,16.13,3.61,Low,Alt ladder market,-0.13,-0.6,0.4,PropLine game moneyline/total context | Batter-vs-pitcher sample | Self-stored odds movement snapshots,batter_hits,2+ Hits,batter
2026-05-04T21:59:25.624015+00:00,2026,2026-05-04,batter_hits_alt,Batter Hits Ladder - 3+ Hits,batter_hits,True,Tyrone Taylor,NYM,COL,Tomoyuki Sugano,2.5,1120.0,11.79,8.2,3.59,Low,Alt ladder market,-0.53,0.8,-1.5,PropLine game moneyline/total context | Batter-vs-pitcher sample | Self-stored odds movement snapshots,batter_hits,3+ Hits,batter
2026-05-04T21:59:25.624015+00:00,2026,2026-05-04,batter_home_runs,Batter Home Runs,batter_home_runs,,Sal Frelick,MIL,STL,Kyle Leahy,0.5,1400.0,10.26,6.67,3.59,Low-Medium,No clear edge,1.49,-1.6,,PropLine game moneyline/total context | Batter-vs-pitcher sample | Self-stored odds movement snapshots,batter_home_runs,Sal Frelick,batter
2026-05-04T21:59:25.624015+00:00,2026,2026-05-04,batter_total_bases_alt,Batter Total Bases Ladder - 4+ Total Bases,batter_total_bases,True,Brandon Marsh,PHI,MIA,Janson Junk,3.5,529.0,19.47,15.9,3.57,Low,Alt ladder market,-0.18,1.8,1.5,PropLine game moneyline/total context | Batter-vs-pitcher sample | Self-stored odds movement snapshots,batter_total_bases,4+ Total Bases,batter
2026-05-04T21:59:25.624015+00:00,2026,2026-05-04,batter_total_bases_alt,Batter Total Bases Ladder - 5+ Total Bases,batter_total_bases,True,Tyler Freeman,COL,NYM,Huascar Brazobán,4.5,1080.0,12.05,8.47,3.57,Low,Alt ladder market,-0.8,,,PropLine game moneyline/total context | Self-stored odds movement snapshots,batter_total_bases,5+ Total Bases,batter
2026-05-04T21:59:25.624015+00:00,2026,2026-05-04,batter_total_bases,Batter Total Bases,batter_total_bases,,Aaron Judge,NYY,BAL,Shane Baz,1.5,-129.0,59.89,56.33,3.56,Low-Medium,No clear edge,-0.14,1.8,1.5,PropLine game moneyline/total context | Batter-vs-pitcher sample | Self-stored odds movement snapshots,batter_total_bases,Under,batter
2026-05-04T21:59:25.624015+00:00,2026,2026-05-04,batter_total_bases_alt,Batter Total Bases Ladder - 4+ Total Bases,batter_total_bases,True,Andruw Monasterio,BOS,DET,Tarik Skubal,3.5,780.0,14.91,11.36,3.55,Low,Alt ladder market,0.96,1.8,,PropLine game moneyline/total context | Batter-vs-pitcher sample | Self-stored odds movement snapshots,batter_total_bases,4+ Total Bases,batter
2026-05-04T21:59:25.624015+00:00,2026,2026-05-04,batter_total_bases_alt,Batter Total Bases Ladder - 5+ Total Bases,batter_total_bases,True,Kyle Karros,COL,NYM,Huascar Brazobán,4.5,1220.0,11.11,7.58,3.53,Low,Alt ladder market,-0.8,1.2,,PropLine game moneyline/total context | Self-stored odds movement snapshots,batter_total_bases,5+ Total Bases,batter
2026-05-04T21:59:25.624015+00:00,2026,2026-05-04,pitcher_earned_runs,Pitcher Earned Runs,pitcher_earned_runs,,Kyle Leahy,STL,MIL,Kyle Leahy,2.5,-113.0,56.56,53.05,3.51,Low-Medium,No clear edge,0.59,1.6,-0.85,PropLine game moneyline/total context | Self-stored odds movement snapshots,pitcher_earned_runs,Under,pitcher
2026-05-04T21:59:25.624015+00:00,2026,2026-05-04,batter_hits_alt,Batter Hits Ladder - 2+ Hits,batter_hits,True,Hao-Yu Lee,DET,BOS,Payton Tolle,1.5,482.0,20.68,17.18,3.5,Low,Alt ladder market,0.4,0.8,-0.68,PropLine game moneyline/total context | Batter-vs-pitcher sample | Self-stored odds movement snapshots,batter_hits,2+ Hits,batter
2026-05-04T21:59:25.624015+00:00,2026,2026-05-04,batter_home_runs,Batter Home Runs,batter_home_runs,,Gleyber Torres,DET,BOS,Payton Tolle,0.5,860.0,13.92,10.42,3.5,Low-Medium,No clear edge,1.65,-0.6,,PropLine game moneyline/total context | Batter-vs-pitcher sample | Self-stored odds movement snapshots,batter_home_runs,1+ Home Runs,batter
2026-05-04T21:59:25.624015+00:00,2026,2026-05-04,batter_total_bases,Batter Total Bases,batter_total_bases,,J.T. Realmuto,PHI,MIA,Janson Junk,1.5,140.0,45.15,41.67,3.49,Low-Medium,No clear edge,-0.18,,0.97,PropLine game moneyline/total context | Batter-vs-pitcher sample | Self-stored odds movement snapshots,batter_total_bases,Over,batter
2026-05-04T21:59:25.624015+00:00,2026,2026-05-04,batter_hits,Batter Hits,batter_hits,,Hao-Yu Lee,DET,BOS,Payton Tolle,0.5,-101.0,53.72,50.25,3.47,Low-Medium,No clear edge,0.4,0.8,-0.68,PropLine game moneyline/total context | Batter-vs-pitcher sample | Self-stored odds movement snapshots,batter_hits,Under,batter
2026-05-04T21:59:25.624015+00:00,2026,2026-05-04,batter_home_runs,Batter Home Runs,batter_home_runs,,Brice Turang,MIL,STL,Kyle Leahy,0.5,820.0,14.34,10.87,3.47,Low-Medium,No clear edge,1.49,0.8,,PropLine game moneyline/total context | Batter-vs-pitcher sample | Self-stored odds movement snapshots,batter_home_runs,Brice Turang,batter
2026-05-04T21:59:25.624015+00:00,2026,2026-05-04,batter_hits_alt,Batter Hits Ladder - 3+ Hits,batter_hits,True,Carson Benge,NYM,COL,Tomoyuki Sugano,2.5,940.0,13.08,9.62,3.47,Low,Alt ladder market,-0.53,0.8,-1.5,PropLine game moneyline/total context | Batter-vs-pitcher sample | Self-stored odds movement snapshots,batter_hits,3+ Hits,batter
2026-05-04T21:59:25.624015+00:00,2026,2026-05-04,batter_total_bases,Batter Total Bases,batter_total_bases,,Bryce Harper,PHI,MIA,Janson Junk,1.5,105.0,52.23,48.78,3.45,Low-Medium,No clear edge,-0.18,1.2,1.5,PropLine game moneyline/total context | Batter-vs-pitcher sample | Self-stored odds movement snapshots,batter_total_bases,Over,batter
2026-05-04T21:59:25.624015+00:00,2026,2026-05-04,batter_total_bases,Batter Total Bases,batter_total_bases,,Ryan Vilade,TBR,TOR,Eric Lauer,1.5,133.0,46.37,42.92,3.45,Low-Medium,No clear edge,,,1.5,PropLine game moneyline/total context | Self-stored odds movement snapshots,batter_total_bases,Over,batter
2026-05-04T21:59:25.624015+00:00,2026,2026-05-04,batter_total_bases_alt,Batter Total Bases Ladder - 7+ Total Bases,batter_total_bases,True,Juan Soto,NYM,COL,Tomoyuki Sugano,6.5,950.0,12.97,9.52,3.45,Low,Alt ladder market,-0.8,1.8,-1.5,PropLine game moneyline/total context | Batter-vs-pitcher sample | Self-stored odds movement snapshots,batter_total_bases,7+ Total Bases,batter
2026-05-04T21:59:25.624015+00:00,2026,2026-05-04,batter_total_bases_alt,Batter Total Bases Ladder - 5+ Total Bases,batter_total_bases,True,J.T. Realmuto,PHI,MIA,Janson Junk,4.5,1000.0,12.55,9.09,3.45,Low,Alt ladder market,-0.18,,0.97,PropLine game moneyline/total context | Batter-vs-pitcher sample | Self-stored odds movement snapshots,batter_total_bases,5+ Total Bases,batter
2026-05-04T21:59:25.624015+00:00,2026,2026-05-04,batter_hits_alt,Batter Hits Ladder - 2+ Hits,batter_hits,True,Spencer Torkelson,DET,BOS,Payton Tolle,1.5,407.0,23.17,19.72,3.44,Low,Alt ladder market,0.4,0.8,-1.5,PropLine game moneyline/total context | Batter-vs-pitcher sample | Self-stored odds movement snapshots,batter_hits,2+ Hits,batter
2026-05-04T21:59:25.624015+00:00,2026,2026-05-04,batter_hits_alt,Batter Hits Ladder - 3+ Hits,batter_hits,True,Bo Bichette,NYM,COL,Tomoyuki Sugano,2.5,447.0,21.72,18.28,3.44,Low,Alt ladder market,-0.53,0.8,1.5,PropLine game moneyline/total context | Batter-vs-pitcher sample | Self-stored odds movement snapshots,batter_hits,3+ Hits,batter
2026-05-04T21:59:25.624015+00:00,2026,2026-05-04,batter_total_bases_alt,Batter Total Bases Ladder - 4+ Total Bases,batter_total_bases,True,Connor Wong,BOS,DET,Tarik Skubal,3.5,950.0,12.97,9.52,3.44,Low,Alt ladder market,0.96,,,PropLine game moneyline/total context | Batter-vs-pitcher sample | Self-stored odds movement snapshots,batter_total_bases,4+ Total Bases,batter
2026-05-04T21:59:25.624015+00:00,2026,2026-05-04,batter_hits_alt,Batter Hits Ladder - 2+ Hits,batter_hits,True,Wilyer Abreu,BOS,DET,Tarik Skubal,1.5,382.0,24.17,20.75,3.43,Low,Alt ladder market,0.4,0.8,-1.5,PropLine game moneyline/total context | Batter-vs-pitcher sample | Self-stored odds movement snapshots,batter_hits,2+ Hits,batter
2026-05-04T21:59:25.624015+00:00,2026,2026-05-04,batter_total_bases_alt,Batter Total Bases Ladder - 4+ Total Bases,batter_total_bases,True,Hao-Yu Lee,DET,BOS,Payton Tolle,3.5,563.0,18.5,15.08,3.42,Low,Alt ladder market,0.96,1.2,,PropLine game moneyline/total context | Batter-vs-pitcher sample | Self-stored odds movement snapshots,batter_total_bases,4+ Total Bases,batter
2026-05-04T21:59:25.624015+00:00,2026,2026-05-04,batter_hits_alt,Batter Hits Ladder - 2+ Hits,batter_hits,True,Joe Mack,MIA,PHI,Aaron Nola,1.5,409.0,23.05,19.65,3.4,Low,Alt ladder market,-0.13,,-1.5,PropLine game moneyline/total context | Batter-vs-pitcher sample | Self-stored odds movement snapshots,batter_hits,2+ Hits,batter
2026-05-04T21:59:25.624015+00:00,2026,2026-05-04,batter_total_bases_alt,Batter Total Bases Ladder - 4+ Total Bases,batter_total_bases,True,Matt Vierling,DET,BOS,Payton Tolle,3.5,650.0,16.73,13.33,3.4,Low,Alt ladder market,0.96,,,PropLine game moneyline/total context | Batter-vs-pitcher sample | Self-stored odds movement snapshots,batter_total_bases,4+ Total Bases,batter
2026-05-04T21:59:25.624015+00:00,2026,2026-05-04,batter_total_bases_alt,Batter Total Bases Ladder - 4+ Total Bases,batter_total_bases,True,Roman Anthony,BOS,DET,Tarik Skubal,3.5,670.0,16.39,12.99,3.4,Low,Alt ladder market,0.96,1.8,,PropLine game moneyline/total context | Batter-vs-pitcher sample | Self-stored odds movement snapshots,batter_total_bases,4+ Total Bases,batter
2026-05-04T21:59:25.624015+00:00,2026,2026-05-04,batter_total_bases_alt,Batter Total Bases Ladder - 5+ Total Bases,batter_total_bases,True,Alec Bohm,PHI,MIA,Janson Junk,4.5,1260.0,10.74,7.35,3.39,Low,Alt ladder market,-0.18,,1.5,PropLine game moneyline/total context | Batter-vs-pitcher sample | Self-stored odds movement snapshots,batter_total_bases,5+ Total Bases,batter
2026-05-04T21:59:25.624015+00:00,2026,2026-05-04,batter_total_bases_alt,Batter Total Bases Ladder - 4+ Total Bases,batter_total_bases,True,Troy Johnston,COL,NYM,Huascar Brazobán,3.5,560.0,18.53,15.15,3.38,Low,Alt ladder market,-0.8,1.2,1.5,PropLine game moneyline/total context | Self-stored odds movement snapshots,batter_total_bases,4+ Total Bases,batter
2026-05-04T21:59:25.624015+00:00,2026,2026-05-04,batter_total_bases_alt,Batter Total Bases Ladder - 4+ Total Bases,batter_total_bases,True,Joe Mack,MIA,PHI,Aaron Nola,3.5,650.0,16.71,13.33,3.38,Low,Alt ladder market,-0.18,,,PropLine game moneyline/total context | Batter-vs-pitcher sample | Self-stored odds movement snapshots,batter_total_bases,4+ Total Bases,batter
2026-05-04T21:59:25.624015+00:00,2026,2026-05-04,batter_hits,Batter Hits,batter_hits,,Kyle Karros,COL,NYM,Huascar Brazobán,0.5,100.0,53.37,50.0,3.37,Low-Medium,No clear edge,-0.53,0.8,,PropLine game moneyline/total context | Self-stored odds movement snapshots,batter_hits,Over,batter
2026-05-04T21:59:25.624015+00:00,2026,2026-05-04,batter_hits,Batter Hits,batter_hits,,Brenton Doyle,COL,NYM,Huascar Brazobán,0.5,100.0,53.37,50.0,3.37,Low-Medium,No clear edge,-0.53,0.8,,PropLine game moneyline/total context | Self-stored odds movement snapshots,batter_hits,Over,batter
2026-05-04T21:59:25.624015+00:00,2026,2026-05-04,batter_hits,Batter Hits,batter_hits,,Jordan Beck,COL,NYM,Huascar Brazobán,0.5,100.0,53.37,50.0,3.37,Low-Medium,No clear edge,-0.53,0.8,,PropLine game moneyline/total context | Self-stored odds movement snapshots,batter_hits,Over,batter
2026-05-04T21:59:25.624015+00:00,2026,2026-05-04,batter_hits,Batter Hits,batter_hits,,Matt McLain,CIN,CHC,Edward Cabrera,0.5,110.0,50.96,47.62,3.34,Low-Medium,No clear edge,-0.49,0.8,-1.5,PropLine game moneyline/total context | Batter-vs-pitcher sample | Self-stored odds movement snapshots,batter_hits,Under,batter
2026-05-04T21:59:25.624015+00:00,2026,2026-05-04,batter_home_runs,Batter Home Runs,batter_home_runs,,Maikel Garcia,KCR,CLE,Tanner Bibee,0.5,730.0,15.38,12.05,3.33,Low-Medium,No clear edge,1.86,,,PropLine game moneyline/total context | Batter-vs-pitcher sample | Self-stored odds movement snapshots,batter_home_runs,Maikel Garcia,batter
2026-05-04T21:59:25.624015+00:00,2026,2026-05-04,batter_total_bases,Batter Total Bases,batter_total_bases,,Brandon Marsh,PHI,MIA,Janson Junk,0.5,100.0,53.32,50.0,3.32,Low-Medium,No clear edge,-0.18,1.8,1.5,PropLine game moneyline/total context | Batter-vs-pitcher sample | Self-stored odds movement snapshots,batter_total_bases,Over,batter
2026-05-04T21:59:25.624015+00:00,2026,2026-05-04,batter_total_bases,Batter Total Bases,batter_total_bases,,Kyle Schwarber,PHI,MIA,Janson Junk,0.5,100.0,53.32,50.0,3.32,Low-Medium,No clear edge,-0.18,1.8,1.5,PropLine game moneyline/total context | Batter-vs-pitcher sample | Self-stored odds movement snapshots,batter_total_bases,Over,batter
2026-05-04T21:59:25.624015+00:00,2026,2026-05-04,batter_total_bases_alt,Batter Total Bases Ladder - 6+ Total Bases,batter_total_bases,True,MJ Melendez,NYM,COL,Tomoyuki Sugano,5.5,760.0,14.93,11.63,3.3,Low,Alt ladder market,-0.8,1.8,1.3,PropLine game moneyline/total context | Batter-vs-pitcher sample | Self-stored odds movement snapshots,batter_total_bases,6+ Total Bases,batter
2026-05-04T21:59:25.624015+00:00,2026,2026-05-04,batter_hits_alt,Batter Hits Ladder - 2+ Hits,batter_hits,True,Connor Norby,MIA,PHI,Aaron Nola,1.5,349.0,25.56,22.27,3.29,Low,Alt ladder market,-0.13,0.8,-1.5,PropLine game moneyline/total context | Batter-vs-pitcher sample | Self-stored odds movement snapshots,batter_hits,2+ Hits,batter
2026-05-04T21:59:25.624015+00:00,2026,2026-05-04,batter_total_bases_alt,Batter Total Bases Ladder - 6+ Total Bases,batter_total_bases,True,Brett Baty,NYM,COL,Tomoyuki Sugano,5.5,1220.0,10.87,7.58,3.29,Low,Alt ladder market,-0.8,1.2,-0.61,PropLine game moneyline/total context | Batter-vs-pitcher sample | Self-stored odds movement snapshots,batter_total_bases,6+ Total Bases,batter
2026-05-04T21:59:25.624015+00:00,2026,2026-05-04,batter_total_bases_alt,Batter Total Bases Ladder - 6+ Total Bases,batter_total_bases,True,Mark Vientos,NYM,COL,Tomoyuki Sugano,5.5,1260.0,10.65,7.35,3.29,Low,Alt ladder market,-0.8,1.2,-0.73,PropLine game moneyline/total context | Batter-vs-pitcher sample | Self-stored odds movement snapshots,batter_total_bases,6+ Total Bases,batter
2026-05-04T21:59:25.624015+00:00,2026,2026-05-04,batter_total_bases,Batter Total Bases,batter_total_bases,,Elly De La Cruz,CIN,CHC,Edward Cabrera,1.5,104.0,52.3,49.02,3.28,Low-Medium,No clear edge,-0.81,1.8,1.5,PropLine game moneyline/total context | Batter-vs-pitcher sample | Self-stored odds movement snapshots,batter_total_bases,Over,batter
2026-05-04T21:59:25.624015+00:00,2026,2026-05-04,batter_hits,Batter Hits,batter_hits,,Owen Caissie,MIA,PHI,Aaron Nola,1.5,100.0,53.27,50.0,3.27,Low-Medium,No clear edge,-0.13,0.8,-1.5,PropLine game moneyline/total context | Batter-vs-pitcher sample | Self-stored odds movement snapshots,batter_hits,Over,batter
2026-05-04T21:59:25.624015+00:00,2026,2026-05-04,batter_hits,Batter Hits,batter_hits,,Owen Caissie,MIA,PHI,Aaron Nola,0.5,100.0,53.27,50.0,3.27,Low-Medium,No clear edge,-0.13,0.8,-1.5,PropLine game moneyline/total context | Batter-vs-pitcher sample | Self-stored odds movement snapshots,batter_hits,,batter
2026-05-04T21:59:25.624015+00:00,2026,2026-05-04,batter_total_bases_alt,Batter Total Bases Ladder - 4+ Total Bases,batter_total_bases,True,Gleyber Torres,DET,BOS,Payton Tolle,3.5,576.0,18.06,14.79,3.27,Low,Alt ladder market,0.96,,,PropLine game moneyline/total context | Batter-vs-pitcher sample | Self-stored odds movement snapshots,batter_total_bases,4+ Total Bases,batter
2026-05-04T21:59:25.624015+00:00,2026,2026-05-04,batter_total_bases_alt,Batter Total Bases Ladder - 4+ Total Bases,batter_total_bases,True,Riley Greene,DET,BOS,Payton Tolle,3.5,459.0,21.15,17.89,3.26,Low,Alt ladder market,0.96,1.8,,PropLine game moneyline/total context | Batter-vs-pitcher sample | Self-stored odds movement snapshots,batter_total_bases,4+ Total Bases,batter
2026-05-04T21:59:25.624015+00:00,2026,2026-05-04,batter_total_bases_alt,Batter Total Bases Ladder - 4+ Total Bases,batter_total_bases,True,Isiah Kiner-Falefa,BOS,DET,Tarik Skubal,3.5,1120.0,11.46,8.2,3.26,Low,Alt ladder market,0.96,,,PropLine game moneyline/total context | Batter-vs-pitcher sample | Self-stored odds movement snapshots,batter_total_bases,4+ Total Bases,batter
2026-05-04T21:59:25.624015+00:00,2026,2026-05-04,batter_hits_alt,Batter Hits Ladder - 2+ Hits,batter_hits,True,Owen Caissie,MIA,PHI,Aaron Nola,1.5,417.0,22.59,19.34,3.25,Low,Alt ladder market,-0.13,0.8,-1.5,PropLine game moneyline/total context | Batter-vs-pitcher sample | Self-stored odds movement snapshots,batter_hits,2+ Hits,batter
2026-05-04T21:59:25.624015+00:00,2026,2026-05-04,batter_home_runs,Batter Home Runs,batter_home_runs,,Connor Norby,MIA,PHI,Aaron Nola,0.5,880.0,13.45,10.2,3.25,Low-Medium,No clear edge,-0.33,,,PropLine game moneyline/total context | Batter-vs-pitcher sample | Self-stored odds movement snapshots,batter_home_runs,Connor Norby,batter
2026-05-04T21:59:25.624015+00:00,2026,2026-05-04,batter_hits_alt,Batter Hits Ladder - 2+ Hits,batter_hits,True,Kevin McGonigle,DET,BOS,Payton Tolle,1.5,282.0,29.42,26.18,3.24,Low,Alt ladder market,0.4,0.8,-1.5,PropLine game moneyline/total context | Batter-vs-pitcher sample | Self-stored odds movement snapshots,batter_hits,2+ Hits,batter
2026-05-04T21:59:25.624015+00:00,2026,2026-05-04,batter_total_bases_alt,Batter Total Bases Ladder - 5+ Total Bases,batter_total_bases,True,Trea Turner,PHI,MIA,Janson Junk,4.5,710.0,15.59,12.35,3.24,Low,Alt ladder market,-0.18,,1.5,PropLine game moneyline/total context | Batter-vs-pitcher sample | Self-stored odds movement snapshots,batter_total_bases,5+ Total Bases,batter
2026-05-04T21:59:25.624015+00:00,2026,2026-05-04,batter_hits_alt,Batter Hits Ladder - 2+ Hits,batter_hits,True,Troy Johnston,COL,NYM,Huascar Brazobán,1.5,267.0,30.48,27.25,3.23,Low,Alt ladder market,-0.53,0.8,,PropLine game moneyline/total context | Self-stored odds movement snapshots,batter_hits,2+ Hits,batter
2026-05-04T21:59:25.624015+00:00,2026,2026-05-04,batter_hits,Batter Hits,batter_hits,,Travis Bazzana,CLE,KCR,Michael Wacha,0.5,128.0,47.08,43.86,3.22,Low-Medium,No clear edge,0.54,-0.6,-1.5,PropLine game moneyline/total context | Batter-vs-pitcher sample | Self-stored odds movement snapshots,batter_hits,Under,batter
2026-05-04T21:59:25.624015+00:00,2026,2026-05-04,batter_total_bases_alt,Batter Total Bases Ladder - 4+ Total Bases,batter_total_bases,True,Willson Contreras,BOS,DET,Tarik Skubal,3.5,423.0,22.34,19.12,3.22,Low,Alt ladder market,0.96,1.8,,PropLine game moneyline/total context | Batter-vs-pitcher sample | Self-stored odds movement snapshots,batter_total_bases,4+ Total Bases,batter
2026-05-04T21:59:25.624015+00:00,2026,2026-05-04,batter_total_bases_alt,Batter Total Bases Ladder - 4+ Total Bases,batter_total_bases,True,Jakob Marsee,MIA,PHI,Aaron Nola,3.5,466.0,20.88,17.67,3.21,Low,Alt ladder market,-0.18,,1.5,PropLine game moneyline/total context | Batter-vs-pitcher sample | Self-stored odds movement snapshots,batter_total_bases,4+ Total Bases,batter
2026-05-04T21:59:25.624015+00:00,2026,2026-05-04,batter_total_bases_alt,Batter Total Bases Ladder - 6+ Total Bases,batter_total_bases,True,Marcus Semien,NYM,COL,Tomoyuki Sugano,5.5,1160.0,11.14,7.94,3.21,Low,Alt ladder market,-0.8,,0.25,PropLine game moneyline/total context | Batter-vs-pitcher sample | Self-stored odds movement snapshots,batter_total_bases,6+ Total Bases,batter
2026-05-04T21:59:25.624015+00:00,2026,2026-05-04,batter_total_bases,Batter Total Bases,batter_total_bases,,Hunter Goodman,COL,NYM,Huascar Brazobán,0.5,100.0,53.2,50.0,3.2,Low-Medium,No clear edge,-0.8,1.8,,PropLine game moneyline/total context | Self-stored odds movement snapshots,batter_total_bases,Over,batter
2026-05-04T21:59:25.624015+00:00,2026,2026-05-04,batter_total_bases_alt,Batter Total Bases Ladder - 3+ Total Bases,batter_total_bases,True,Wilyer Abreu,BOS,DET,Tarik Skubal,2.5,417.0,22.55,19.34,3.2,Low,Alt ladder market,0.96,1.8,,PropLine game moneyline/total context | Batter-vs-pitcher sample | Self-stored odds movement snapshots,batter_total_bases,3+ Total Bases,batter
2026-05-04T21:59:25.624015+00:00,2026,2026-05-04,batter_total_bases,Batter Total Bases,batter_total_bases,,Moisés Ballesteros,CHC,CIN,Chase Petty,1.5,100.0,53.19,50.0,3.19,Low-Medium,No clear edge,-0.81,1.8,1.5,PropLine game moneyline/total context | Batter-vs-pitcher sample | Self-stored odds movement snapshots,batter_total_bases,Over,batter
2026-05-04T21:59:25.624015+00:00,2026,2026-05-04,batter_total_bases_alt,Batter Total Bases Ladder - 4+ Total Bases,batter_total_bases,True,Trevor Story,BOS,DET,Tarik Skubal,3.5,710.0,15.53,12.35,3.19,Low,Alt ladder market,0.96,,,PropLine game moneyline/total context | Batter-vs-pitcher sample | Self-stored odds movement snapshots,batter_total_bases,4+ Total Bases,batter
2026-05-04T21:59:25.624015+00:00,2026,2026-05-04,batter_home_runs,Batter Home Runs,batter_home_runs,,Xavier Edwards,MIA,PHI,Aaron Nola,0.5,870.0,13.49,10.31,3.18,Low-Medium,No clear edge,-0.33,,,PropLine game moneyline/total context | Batter-vs-pitcher sample | Self-stored odds movement snapshots,batter_home_runs,1+ Home Runs,batter
2026-05-04T21:59:25.624015+00:00,2026,2026-05-04,batter_home_runs,Batter Home Runs,batter_home_runs,,Victor Scott II,STL,MIL,Chad Patrick,0.5,1260.0,10.53,7.35,3.18,Low-Medium,No clear edge,1.49,-1.6,,PropLine game moneyline/total context | Batter-vs-pitcher sample | Self-stored odds movement snapshots,batter_home_runs,Victor Scott II,batter
2026-05-04T21:59:25.624015+00:00,2026,2026-05-04,batter_hits_alt,Batter Hits Ladder - 2+ Hits,batter_hits,True,Trevor Story,BOS,DET,Tarik Skubal,1.5,415.0,22.59,19.42,3.17,Low,Alt ladder market,0.4,0.8,-1.5,PropLine game moneyline/total context | Batter-vs-pitcher sample | Self-stored odds movement snapshots,batter_hits,2+ Hits,batter
2026-05-04T21:59:25.624015+00:00,2026,2026-05-04,batter_total_bases_alt,Batter Total Bases Ladder - 5+ Total Bases,batter_total_bases,True,Hunter Goodman,COL,NYM,Huascar Brazobán,4.5,394.0,23.4,20.24,3.16,Low,Alt ladder market,-0.8,1.8,,PropLine game moneyline/total context | Self-stored odds movement snapshots,batter_total_bases,5+ Total Bases,batter
2026-05-04T21:59:25.624015+00:00,2026,2026-05-04,batter_hits_alt,Batter Hits Ladder - 2+ Hits,batter_hits,True,Jahmai Jones,DET,BOS,Payton Tolle,1.5,411.0,22.73,19.57,3.16,Low,Alt ladder market,0.4,0.8,-1.5,PropLine game moneyline/total context | Batter-vs-pitcher sample | Self-stored odds movement snapshots,batter_hits,2+ Hits,batter
2026-05-04T21:59:25.624015+00:00,2026,2026-05-04,batter_total_bases_alt,Batter Total Bases Ladder - 4+ Total Bases,batter_total_bases,True,Owen Caissie,MIA,PHI,Aaron Nola,3.5,432.0,21.95,18.8,3.16,Low,Alt ladder market,-0.18,1.8,,PropLine game moneyline/total context | Batter-vs-pitcher sample | Self-stored odds movement snapshots,batter_total_bases,4+ Total Bases,batter
2026-05-04T21:59:25.624015+00:00,2026,2026-05-04,batter_total_bases_alt,Batter Total Bases Ladder - 4+ Total Bases,batter_total_bases,True,Ceddanne Rafaela,BOS,DET,Tarik Skubal,3.5,680.0,15.97,12.82,3.15,Low,Alt ladder market,0.96,,,PropLine game moneyline/total context | Batter-vs-pitcher sample | Self-stored odds movement snapshots,batter_total_bases,4+ Total Bases,batter
2026-05-04T21:59:25.624015+00:00,2026,2026-05-04,batter_home_runs,Batter Home Runs,batter_home_runs,,Michael Massey,KCR,CLE,Tanner Bibee,0.5,710.0,15.5,12.35,3.15,Low-Medium,No clear edge,1.86,,,PropLine game moneyline/total context | Batter-vs-pitcher sample | Self-stored odds movement snapshots,batter_home_runs,Michael Massey,batter
2026-05-04T21:59:25.624015+00:00,2026,2026-05-04,batter_total_bases_alt,Batter Total Bases Ladder - 6+ Total Bases,batter_total_bases,True,Bo Bichette,NYM,COL,Tomoyuki Sugano,5.5,1060.0,11.77,8.62,3.15,Low,Alt ladder market,-0.8,1.8,-1.5,PropLine game moneyline/total context | Batter-vs-pitcher sample | Self-stored odds movement snapshots,batter_total_bases,6+ Total Bases,batter
2026-05-04T21:59:25.624015+00:00,2026,2026-05-04,batter_total_bases_alt,Batter Total Bases Ladder - 3+ Total Bases,batter_total_bases,True,Kevin McGonigle,DET,BOS,Payton Tolle,2.5,302.0,28.02,24.88,3.14,Low,Alt ladder market,0.96,1.2,1.5,PropLine game moneyline/total context | Batter-vs-pitcher sample | Self-stored odds movement snapshots,batter_total_bases,3+ Total Bases,batter
2026-05-04T21:59:25.624015+00:00,2026,2026-05-04,batter_hits_alt,Batter Hits Ladder - 2+ Hits,batter_hits,True,Riley Greene,DET,BOS,Payton Tolle,1.5,333.0,26.24,23.09,3.14,Low,Alt ladder market,0.4,0.8,-1.5,PropLine game moneyline/total context | Batter-vs-pitcher sample | Self-stored odds movement snapshots,batter_hits,2+ Hits,batter
2026-05-04T21:59:25.624015+00:00,2026,2026-05-04,batter_hits,Batter Hits,batter_hits,,Connor Wong,BOS,DET,Tarik Skubal,0.5,-108.0,55.05,51.92,3.13,Low-Medium,No clear edge,0.4,,0.78,PropLine game moneyline/total context | Batter-vs-pitcher sample | Self-stored odds movement snapshots,batter_hits,Over,batter
2026-05-04T21:59:25.624015+00:00,2026,2026-05-04,batter_total_bases_alt,Batter Total Bases Ladder - 5+ Total Bases,batter_total_bases,True,Brenton Doyle,COL,NYM,Huascar Brazobán,4.5,890.0,13.23,10.1,3.13,Low,Alt ladder market,-0.8,,,PropLine game moneyline/total context | Self-stored odds movement snapshots,batter_total_bases,5+ Total Bases,batter
2026-05-04T21:59:25.624015+00:00,2026,2026-05-04,batter_hits_alt,Batter Hits Ladder - 2+ Hits,batter_hits,True,Willson Contreras,BOS,DET,Tarik Skubal,1.5,399.0,23.16,20.04,3.12,Low,Alt ladder market,0.4,0.8,-1.5,PropLine game moneyline/total context | Batter-vs-pitcher sample | Self-stored odds movement snapshots,batter_hits,2+ Hits,batter
2026-05-04T21:59:25.624015+00:00,2026,2026-05-04,batter_home_runs,Batter Home Runs,batter_home_runs,,Joe Mack,MIA,PHI,Aaron Nola,0.5,860.0,13.54,10.42,3.12,Low-Medium,No clear edge,-0.33,,,PropLine game moneyline/total context | Batter-vs-pitcher sample | Self-stored odds movement snapshots,batter_home_runs,1+ Home Runs,batter
2026-05-04T21:59:25.624015+00:00,2026,2026-05-04,batter_hits_alt,Batter Hits Ladder - 2+ Hits,batter_hits,True,Ezequiel Tovar,COL,NYM,Huascar Brazobán,1.5,308.0,27.61,24.51,3.1,Low,Alt ladder market,-0.53,0.8,,PropLine game moneyline/total context | Self-stored odds movement snapshots,batter_hits,2+ Hits,batter
2026-05-04T21:59:25.624015+00:00,2026,2026-05-04,batter_total_bases_alt,Batter Total Bases Ladder - 3+ Total Bases,batter_total_bases,True,Dillon Dingler,DET,BOS,Payton Tolle,2.5,279.0,29.48,26.39,3.09,Low,Alt ladder market,0.96,1.8,1.5,PropLine game moneyline/total context | Batter-vs-pitcher sample | Self-stored odds movement snapshots,batter_total_bases,3+ Total Bases,batter
2026-05-04T21:59:25.624015+00:00,2026,2026-05-04,batter_total_bases_alt,Batter Total Bases Ladder - 4+ Total Bases,batter_total_bases,True,Caleb Durbin,BOS,DET,Tarik Skubal,3.5,1040.0,11.86,8.77,3.09,Low,Alt ladder market,0.96,-0.8,,PropLine game moneyline/total context | Batter-vs-pitcher sample | Self-stored odds movement snapshots,batter_total_bases,4+ Total Bases,batter
2026-05-04T21:59:25.624015+00:00,2026,2026-05-04,batter_hits_alt,Batter Hits Ladder - 2+ Hits,batter_hits,True,Matt Vierling,DET,BOS,Payton Tolle,1.5,388.0,23.57,20.49,3.08,Low,Alt ladder market,0.4,0.8,-1.5,PropLine game moneyline/total context | Batter-vs-pitcher sample | Self-stored odds movement snapshots,batter_hits,2+ Hits,batter
2026-05-04T21:59:25.624015+00:00,2026,2026-05-04,pitcher_strikeouts,Pitcher Strikeouts,pitcher_strikeouts,,Tomoyuki Sugano,COL,NYM,Tomoyuki Sugano,3.5,109.0,50.92,47.85,3.07,Low-Medium,No clear edge,,-0.8,1.08,PropLine game moneyline/total context | Self-stored odds movement snapshots,pitcher_strikeouts,,pitcher
2026-05-04T21:59:25.624015+00:00,2026,2026-05-04,batter_total_bases,Batter Total Bases,batter_total_bases,,Willi Castro,COL,NYM,Huascar Brazobán,1.5,122.0,48.12,45.05,3.07,Low-Medium,No clear edge,-0.8,1.2,,PropLine game moneyline/total context | Self-stored odds movement snapshots,batter_total_bases,Over,batter
2026-05-04T21:59:25.624015+00:00,2026,2026-05-04,batter_hits_alt,Batter Hits Ladder - 2+ Hits,batter_hits,True,Otto Lopez,MIA,PHI,Aaron Nola,1.5,196.0,36.86,33.78,3.07,Low,Alt ladder market,-0.13,0.8,1.5,PropLine game moneyline/total context | Batter-vs-pitcher sample | Self-stored odds movement snapshots,batter_hits,2+ Hits,batter
2026-05-04T21:59:25.624015+00:00,2026,2026-05-04,batter_hits_alt,Batter Hits Ladder - 2+ Hits,batter_hits,True,Gleyber Torres,DET,BOS,Payton Tolle,1.5,318.0,26.99,23.92,3.07,Low,Alt ladder market,0.4,0.8,-1.5,PropLine game moneyline/total context | Batter-vs-pitcher sample | Self-stored odds movement snapshots,batter_hits,2+ Hits,batter
2026-05-04T21:59:25.624015+00:00,2026,2026-05-04,batter_total_bases,Batter Total Bases,batter_total_bases,,Kyle Stowers,MIA,PHI,Aaron Nola,1.5,103.0,52.32,49.26,3.06,Low-Medium,No clear edge,-0.18,0.6,1.5,PropLine game moneyline/total context | Batter-vs-pitcher sample | Self-stored odds movement snapshots,batter_total_bases,Over,batter
2026-05-04T21:59:25.624015+00:00,2026,2026-05-04,pitcher_strikeouts,Pitcher Strikeouts,pitcher_strikeouts,,Aaron Nola,PHI,MIA,Aaron Nola,5.5,115.0,49.57,46.51,3.06,Low-Medium,No clear edge,-0.03,,1.5,PropLine game moneyline/total context | Self-stored odds movement snapshots,pitcher_strikeouts,Over,pitcher
2026-05-04T21:59:25.624015+00:00,2026,2026-05-04,batter_hits_alt,Batter Hits Ladder - 2+ Hits,batter_hits,True,Ceddanne Rafaela,BOS,DET,Tarik Skubal,1.5,383.0,23.76,20.7,3.06,Low,Alt ladder market,0.4,0.8,-1.5,PropLine game moneyline/total context | Batter-vs-pitcher sample | Self-stored odds movement snapshots,batter_hits,2+ Hits,batter
2026-05-04T21:59:25.624015+00:00,2026,2026-05-04,batter_total_bases,Batter Total Bases,batter_total_bases,,Nathaniel Lowe,CIN,CHC,Edward Cabrera,1.5,121.0,48.29,45.25,3.04,Low-Medium,No clear edge,-0.81,1.8,1.5,PropLine game moneyline/total context | Batter-vs-pitcher sample | Self-stored odds movement snapshots,batter_total_bases,Over,batter
2026-05-04T21:59:25.624015+00:00,2026,2026-05-04,batter_total_bases_alt,Batter Total Bases Ladder - 4+ Total Bases,batter_total_bases,True,Connor Norby,MIA,PHI,Aaron Nola,3.5,425.0,22.09,19.05,3.04,Low,Alt ladder market,-0.18,1.2,,PropLine game moneyline/total context | Batter-vs-pitcher sample | Self-stored odds movement snapshots,batter_total_bases,4+ Total Bases,batter
2026-05-04T21:59:25.624015+00:00,2026,2026-05-04,batter_total_bases_alt,Batter Total Bases Ladder - 4+ Total Bases,batter_total_bases,True,Justin Crawford,PHI,MIA,Janson Junk,3.5,730.0,15.09,12.05,3.04,Low,Alt ladder market,-0.18,,,PropLine game moneyline/total context | Batter-vs-pitcher sample | Self-stored odds movement snapshots,batter_total_bases,4+ Total Bases,batter
2026-05-04T21:59:25.624015+00:00,2026,2026-05-04,batter_total_bases_alt,Batter Total Bases Ladder - 3+ Total Bases,batter_total_bases,True,Connor Wong,BOS,DET,Tarik Skubal,2.5,610.0,17.12,14.08,3.03,Low,Alt ladder market,0.96,,,PropLine game moneyline/total context | Batter-vs-pitcher sample | Self-stored odds movement snapshots,batter_total_bases,3+ Total Bases,batter
2026-05-04T21:59:25.624015+00:00,2026,2026-05-04,batter_total_bases_alt,Batter Total Bases Ladder - 5+ Total Bases,batter_total_bases,True,Carson Benge,NYM,COL,Tomoyuki Sugano,4.5,760.0,14.66,11.63,3.03,Low,Alt ladder market,-0.8,,1.3,PropLine game moneyline/total context | Batter-vs-pitcher sample | Self-stored odds movement snapshots,batter_total_bases,5+ Total Bases,batter
2026-05-04T21:59:25.624015+00:00,2026,2026-05-04,batter_total_bases_alt,Batter Total Bases Ladder - 4+ Total Bases,batter_total_bases,True,Ezequiel Tovar,COL,NYM,Huascar Brazobán,3.5,504.0,19.58,16.56,3.02,Low,Alt ladder market,-0.8,1.2,,PropLine game moneyline/total context | Self-stored odds movement snapshots,batter_total_bases,4+ Total Bases,batter
2026-05-04T21:59:25.624015+00:00,2026,2026-05-04,batter_total_bases_alt,Batter Total Bases Ladder - 6+ Total Bases,batter_total_bases,True,Juan Soto,NYM,COL,Tomoyuki Sugano,5.5,597.0,17.36,14.35,3.01,Low,Alt ladder market,-0.8,1.8,-1.5,PropLine game moneyline/total context | Batter-vs-pitcher sample | Self-stored odds movement snapshots,batter_total_bases,6+ Total Bases,batter
2026-05-04T21:59:25.624015+00:00,2026,2026-05-04,batter_total_bases_alt,Batter Total Bases Ladder - 5+ Total Bases,batter_total_bases,True,Jordan Beck,COL,NYM,Huascar Brazobán,4.5,780.0,14.38,11.36,3.01,Low,Alt ladder market,-0.8,,,PropLine game moneyline/total context | Self-stored odds movement snapshots,batter_total_bases,5+ Total Bases,batter
2026-05-04T21:59:25.624015+00:00,2026,2026-05-04,batter_total_bases_alt,Batter Total Bases Ladder - 3+ Total Bases,batter_total_bases,True,Hao-Yu Lee,DET,BOS,Payton Tolle,2.5,405.0,22.8,19.8,3.0,Low,Alt ladder market,0.96,1.2,,PropLine game moneyline/total context | Batter-vs-pitcher sample | Self-stored odds movement snapshots,batter_total_bases,3+ Total Bases,batter
2026-05-04T21:59:25.624015+00:00,2026,2026-05-04,batter_total_bases_alt,Batter Total Bases Ladder - 3+ Total Bases,batter_total_bases,True,Andruw Monasterio,BOS,DET,Tarik Skubal,2.5,471.0,20.51,17.51,2.99,Low,Alt ladder market,0.96,1.8,,PropLine game moneyline/total context | Batter-vs-pitcher sample | Self-stored odds movement snapshots,batter_total_bases,3+ Total Bases,batter
2026-05-04T21:59:25.624015+00:00,2026,2026-05-04,batter_hits_alt,Batter Hits Ladder - 2+ Hits,batter_hits,True,Caleb Durbin,BOS,DET,Tarik Skubal,1.5,498.0,19.72,16.72,2.99,Low,Alt ladder market,0.4,,-1.5,PropLine game moneyline/total context | Batter-vs-pitcher sample | Self-stored odds movement snapshots,batter_hits,2+ Hits,batter
2026-05-04T21:59:25.624015+00:00,2026,2026-05-04,batter_total_bases_alt,Batter Total Bases Ladder - 4+ Total Bases,batter_total_bases,True,Bryson Stott,PHI,MIA,Janson Junk,3.5,520.0,19.12,16.13,2.99,Low,Alt ladder market,-0.18,0.6,1.5,PropLine game moneyline/total context | Batter-vs-pitcher sample | Self-stored odds movement snapshots,batter_total_bases,4+ Total Bases,batter
2026-05-04T21:59:25.624015+00:00,2026,2026-05-04,batter_total_bases_alt,Batter Total Bases Ladder - 3+ Total Bases,batter_total_bases,True,Otto Lopez,MIA,PHI,Aaron Nola,2.5,265.0,30.38,27.4,2.98,Low,Alt ladder market,-0.18,1.8,1.5,PropLine game moneyline/total context | Batter-vs-pitcher sample | Self-stored odds movement snapshots,batter_total_bases,3+ Total Bases,batter
2026-05-04T21:59:25.624015+00:00,2026,2026-05-04,batter_total_bases_alt,Batter Total Bases Ladder - 5+ Total Bases,batter_total_bases,True,Tyrone Taylor,NYM,COL,Tomoyuki Sugano,4.5,970.0,12.31,9.35,2.97,Low,Alt ladder market,-0.8,,1.5,PropLine game moneyline/total context | Batter-vs-pitcher sample | Self-stored odds movement snapshots,batter_total_bases,5+ Total Bases,batter
2026-05-04T21:59:25.624015+00:00,2026,2026-05-04,batter_total_bases_alt,Batter Total Bases Ladder - 3+ Total Bases,batter_total_bases,True,Liam Hicks,MIA,PHI,Aaron Nola,2.5,275.0,29.62,26.67,2.96,Low,Alt ladder market,-0.18,1.2,1.5,PropLine game moneyline/total context | Batter-vs-pitcher sample | Self-stored odds movement snapshots,batter_total_bases,3+ Total Bases,batter
2026-05-04T21:59:25.624015+00:00,2026,2026-05-04,batter_total_bases_alt,Batter Total Bases Ladder - 4+ Total Bases,batter_total_bases,True,T.J. Rumfield,COL,NYM,Huascar Brazobán,3.5,471.0,20.45,17.51,2.94,Low,Alt ladder market,-0.8,1.2,,PropLine game moneyline/total context | Self-stored odds movement snapshots,batter_total_bases,4+ Total Bases,batter
2026-05-04T21:59:25.624015+00:00,2026,2026-05-04,batter_home_runs,Batter Home Runs,batter_home_runs,,Chandler Simpson,TBR,TOR,Eric Lauer,0.5,1800.0,8.21,5.26,2.94,Low-Medium,No clear edge,,-1.6,,PropLine game moneyline/total context | Self-stored odds movement snapshots,batter_home_runs,Chandler Simpson,batter
2026-05-04T21:59:25.624015+00:00,2026,2026-05-04,batter_hits_alt,Batter Hits Ladder - 2+ Hits,batter_hits,True,Isiah Kiner-Falefa,BOS,DET,Tarik Skubal,1.5,431.0,21.76,18.83,2.93,Low,Alt ladder market,0.4,0.8,-1.5,PropLine game moneyline/total context | Batter-vs-pitcher sample | Self-stored odds movement snapshots,batter_hits,2+ Hits,batter
2026-05-04T21:59:25.624015+00:00,2026,2026-05-04,batter_total_bases_alt,Batter Total Bases Ladder - 4+ Total Bases,batter_total_bases,True,Willi Castro,COL,NYM,Huascar Brazobán,3.5,468.0,20.54,17.61,2.93,Low,Alt ladder market,-0.8,1.2,,PropLine game moneyline/total context | Self-stored odds movement snapshots,batter_total_bases,4+ Total Bases,batter
2026-05-04T21:59:25.624015+00:00,2026,2026-05-04,pitcher_hits_allowed,Pitcher Hits Allowed,pitcher_hits_allowed,,Kyle Leahy,STL,MIL,Kyle Leahy,5.5,-118.0,57.05,54.13,2.92,Low-Medium,No clear edge,0.51,1.6,-0.71,PropLine game moneyline/total context | Self-stored odds movement snapshots,pitcher_hits_allowed,Under,pitcher
2026-05-04T21:59:25.624015+00:00,2026,2026-05-04,batter_total_bases_alt,Batter Total Bases Ladder - 4+ Total Bases,batter_total_bases,True,Tyler Freeman,COL,NYM,Huascar Brazobán,3.5,533.0,18.71,15.8,2.91,Low,Alt ladder market,-0.8,,,PropLine game moneyline/total context | Self-stored odds movement snapshots,batter_total_bases,4+ Total Bases,batter
2026-05-04T21:59:25.624015+00:00,2026,2026-05-04,batter_total_bases_alt,Batter Total Bases Ladder - 3+ Total Bases,batter_total_bases,True,Brandon Marsh,PHI,MIA,Janson Junk,2.5,329.0,26.21,23.31,2.9,Low,Alt ladder market,-0.18,1.8,1.5,PropLine game moneyline/total context | Batter-vs-pitcher sample | Self-stored odds movement snapshots,batter_total_bases,3+ Total Bases,batter
2026-05-04T21:59:25.624015+00:00,2026,2026-05-04,batter_total_bases_alt,Batter Total Bases Ladder - 4+ Total Bases,batter_total_bases,True,Spencer Torkelson,DET,BOS,Payton Tolle,3.5,357.0,24.78,21.88,2.9,Low,Alt ladder market,0.96,1.8,,PropLine game moneyline/total context | Batter-vs-pitcher sample | Self-stored odds movement snapshots,batter_total_bases,4+ Total Bases,batter
2026-05-04T21:59:25.624015+00:00,2026,2026-05-04,batter_total_bases_alt,Batter Total Bases Ladder - 4+ Total Bases,batter_total_bases,True,Kyle Karros,COL,NYM,Huascar Brazobán,3.5,584.0,17.52,14.62,2.9,Low,Alt ladder market,-0.8,1.2,,PropLine game moneyline/total context | Self-stored odds movement snapshots,batter_total_bases,4+ Total Bases,batter
2026-05-04T21:59:25.624015+00:00,2026,2026-05-04,batter_total_bases_alt,Batter Total Bases Ladder - 4+ Total Bases,batter_total_bases,True,Kyle Stowers,MIA,PHI,Aaron Nola,3.5,346.0,25.3,22.42,2.88,Low,Alt ladder market,-0.18,0.6,1.5,PropLine game moneyline/total context | Batter-vs-pitcher sample | Self-stored odds movement snapshots,batter_total_bases,4+ Total Bases,batter
2026-05-04T21:59:25.624015+00:00,2026,2026-05-04,batter_total_bases_alt,Batter Total Bases Ladder - 3+ Total Bases,batter_total_bases,True,Matt Vierling,DET,BOS,Payton Tolle,2.5,423.0,22.0,19.12,2.88,Low,Alt ladder market,0.96,,,PropLine game moneyline/total context | Batter-vs-pitcher sample | Self-stored odds movement snapshots,batter_total_bases,3+ Total Bases,batter
2026-05-04T21:59:25.624015+00:00,2026,2026-05-04,batter_total_bases_alt,Batter Total Bases Ladder - 3+ Total Bases,batter_total_bases,True,Joe Mack,MIA,PHI,Aaron Nola,2.5,431.0,21.72,18.83,2.88,Low,Alt ladder market,-0.18,,,PropLine game moneyline/total context | Batter-vs-pitcher sample | Self-stored odds movement snapshots,batter_total_bases,3+ Total Bases,batter
2026-05-04T21:59:25.624015+00:00,2026,2026-05-04,batter_hits_alt,Batter Hits Ladder - 2+ Hits,batter_hits,True,Roman Anthony,BOS,DET,Tarik Skubal,1.5,336.0,25.79,22.94,2.86,Low,Alt ladder market,0.4,0.8,-1.5,PropLine game moneyline/total context | Batter-vs-pitcher sample | Self-stored odds movement snapshots,batter_hits,2+ Hits,batter
2026-05-04T21:59:25.624015+00:00,2026,2026-05-04,batter_total_bases_alt,Batter Total Bases Ladder - 4+ Total Bases,batter_total_bases,True,Graham Pauley,MIA,PHI,Aaron Nola,3.5,593.0,17.29,14.43,2.86,Low,Alt ladder market,-0.18,-0.8,,PropLine game moneyline/total context | Batter-vs-pitcher sample | Self-stored odds movement snapshots,batter_total_bases,4+ Total Bases,batter
2026-05-04T21:59:25.624015+00:00,2026,2026-05-04,batter_total_bases_alt,Batter Total Bases Ladder - 6+ Total Bases,batter_total_bases,True,Francisco Alvarez,NYM,COL,Tomoyuki Sugano,5.5,820.0,13.73,10.87,2.86,Low,Alt ladder market,-0.8,1.2,-1.5,PropLine game moneyline/total context | Batter-vs-pitcher sample | Self-stored odds movement snapshots,batter_total_bases,6+ Total Bases,batter
2026-05-04T21:59:25.624015+00:00,2026,2026-05-04,batter_hits_alt,Batter Hits Ladder - 2+ Hits,batter_hits,True,Andruw Monasterio,BOS,DET,Tarik Skubal,1.5,409.0,22.5,19.65,2.85,Low,Alt ladder market,0.4,0.8,-1.5,PropLine game moneyline/total context | Batter-vs-pitcher sample | Self-stored odds movement snapshots,batter_hits,2+ Hits,batter
2026-05-04T21:59:25.624015+00:00,2026,2026-05-04,batter_home_runs,Batter Home Runs,batter_home_runs,,Joe Mack,MIA,PHI,Aaron Nola,0.5,820.0,13.72,10.87,2.85,Low-Medium,No clear edge,-0.33,,,PropLine game moneyline/total context | Batter-vs-pitcher sample | Self-stored odds movement snapshots,batter_home_runs,Joe Mack,batter
2026-05-04T21:59:25.624015+00:00,2026,2026-05-04,batter_home_runs,Batter Home Runs,batter_home_runs,,Otto Lopez,MIA,PHI,Aaron Nola,0.5,820.0,13.72,10.87,2.85,Low-Medium,No clear edge,-0.33,,,PropLine game moneyline/total context | Batter-vs-pitcher sample | Self-stored odds movement snapshots,batter_home_runs,Otto Lopez,batter
2026-05-04T21:59:25.624015+00:00,2026,2026-05-04,batter_total_bases_alt,Batter Total Bases Ladder - 4+ Total Bases,batter_total_bases,True,Alec Bohm,PHI,MIA,Janson Junk,3.5,640.0,16.35,13.51,2.84,Low,Alt ladder market,-0.18,,1.5,PropLine game moneyline/total context | Batter-vs-pitcher sample | Self-stored odds movement snapshots,batter_total_bases,4+ Total Bases,batter
2026-05-04T21:59:25.624015+00:00,2026,2026-05-04,batter_total_bases_alt,Batter Total Bases Ladder - 3+ Total Bases,batter_total_bases,True,Xavier Edwards,MIA,PHI,Aaron Nola,2.5,284.0,28.88,26.04,2.83,Low,Alt ladder market,-0.18,,1.5,PropLine game moneyline/total context | Batter-vs-pitcher sample | Self-stored odds movement snapshots,batter_total_bases,3+ Total Bases,batter
2026-05-04T21:59:25.624015+00:00,2026,2026-05-04,pitcher_strikeouts,Pitcher Strikeouts,pitcher_strikeouts,,Tanner Bibee,CLE,KCR,Tanner Bibee,4.5,116.0,49.12,46.3,2.82,Low-Medium,No clear edge,-0.4,,1.5,PropLine game moneyline/total context | Self-stored odds movement snapshots,pitcher_strikeouts,Over,pitcher
2026-05-04T21:59:25.624015+00:00,2026,2026-05-04,batter_total_bases_alt,Batter Total Bases Ladder - 3+ Total Bases,batter_total_bases,True,Roman Anthony,BOS,DET,Tarik Skubal,2.5,416.0,22.2,19.38,2.82,Low,Alt ladder market,0.96,1.8,,PropLine game moneyline/total context | Batter-vs-pitcher sample | Self-stored odds movement snapshots,batter_total_bases,3+ Total Bases,batter
2026-05-04T21:59:25.624015+00:00,2026,2026-05-04,batter_home_runs,Batter Home Runs,batter_home_runs,,Connor Wong,BOS,DET,Tarik Skubal,0.5,1600.0,8.7,5.88,2.82,Low-Medium,No clear edge,1.65,-1.0,,PropLine game moneyline/total context | Batter-vs-pitcher sample | Self-stored odds movement snapshots,batter_home_runs,Connor Wong,batter
2026-05-04T21:59:25.624015+00:00,2026,2026-05-04,batter_total_bases_alt,Batter Total Bases Ladder - 4+ Total Bases,batter_total_bases,True,Bryce Harper,PHI,MIA,Janson Junk,3.5,329.0,26.12,23.31,2.81,Low,Alt ladder market,-0.18,1.2,1.5,PropLine game moneyline/total context | Batter-vs-pitcher sample | Self-stored odds movement snapshots,batter_total_bases,4+ Total Bases,batter
2026-05-04T21:59:25.624015+00:00,2026,2026-05-04,batter_hits_alt,Batter Hits Ladder - 2+ Hits,batter_hits,True,Xavier Edwards,MIA,PHI,Aaron Nola,1.5,214.0,34.65,31.85,2.8,Low,Alt ladder market,-0.13,0.8,-1.5,PropLine game moneyline/total context | Batter-vs-pitcher sample | Self-stored odds movement snapshots,batter_hits,2+ Hits,batter
2026-05-04T21:59:25.624015+00:00,2026,2026-05-04,batter_total_bases_alt,Batter Total Bases Ladder - 5+ Total Bases,batter_total_bases,True,Mark Vientos,NYM,COL,Tomoyuki Sugano,4.5,680.0,15.62,12.82,2.8,Low,Alt ladder market,-0.8,1.2,-0.73,PropLine game moneyline/total context | Batter-vs-pitcher sample | Self-stored odds movement snapshots,batter_total_bases,5+ Total Bases,batter
2026-05-04T21:59:25.624015+00:00,2026,2026-05-04,batter_total_bases_alt,Batter Total Bases Ladder - 3+ Total Bases,batter_total_bases,True,Willson Contreras,BOS,DET,Tarik Skubal,2.5,318.0,26.71,23.92,2.79,Low,Alt ladder market,0.96,1.8,,PropLine game moneyline/total context | Batter-vs-pitcher sample | Self-stored odds movement snapshots,batter_total_bases,3+ Total Bases,batter
2026-05-04T21:59:25.624015+00:00,2026,2026-05-04,batter_total_bases_alt,Batter Total Bases Ladder - 4+ Total Bases,batter_total_bases,True,Jahmai Jones,DET,BOS,Payton Tolle,3.5,405.0,22.59,19.8,2.79,Low,Alt ladder market,0.96,1.8,,PropLine game moneyline/total context | Batter-vs-pitcher sample | Self-stored odds movement snapshots,batter_total_bases,4+ Total Bases,batter
2026-05-04T21:59:25.624015+00:00,2026,2026-05-04,batter_hits_alt,Batter Hits Ladder - 2+ Hits,batter_hits,True,Jakob Marsee,MIA,PHI,Aaron Nola,1.5,277.0,29.31,26.53,2.78,Low,Alt ladder market,-0.13,,-1.5,PropLine game moneyline/total context | Batter-vs-pitcher sample | Self-stored odds movement snapshots,batter_hits,2+ Hits,batter
2026-05-04T21:59:25.624015+00:00,2026,2026-05-04,batter_total_bases_alt,Batter Total Bases Ladder - 4+ Total Bases,batter_total_bases,True,J.T. Realmuto,PHI,MIA,Janson Junk,3.5,503.0,19.36,16.58,2.78,Low,Alt ladder market,-0.18,,0.97,PropLine game moneyline/total context | Batter-vs-pitcher sample | Self-stored odds movement snapshots,batter_total_bases,4+ Total Bases,batter
2026-05-04T21:59:25.624015+00:00,2026,2026-05-04,batter_total_bases_alt,Batter Total Bases Ladder - 3+ Total Bases,batter_total_bases,True,Isiah Kiner-Falefa,BOS,DET,Tarik Skubal,2.5,630.0,16.46,13.7,2.77,Low,Alt ladder market,0.96,,,PropLine game moneyline/total context | Batter-vs-pitcher sample | Self-stored odds movement snapshots,batter_total_bases,3+ Total Bases,batter
2026-05-04T21:59:25.624015+00:00,2026,2026-05-04,batter_total_bases_alt,Batter Total Bases Ladder - 5+ Total Bases,batter_total_bases,True,Brett Baty,NYM,COL,Tomoyuki Sugano,4.5,650.0,16.11,13.33,2.77,Low,Alt ladder market,-0.8,1.2,-0.61,PropLine game moneyline/total context | Batter-vs-pitcher sample | Self-stored odds movement snapshots,batter_total_bases,5+ Total Bases,batter
2026-05-04T21:59:25.624015+00:00,2026,2026-05-04,batter_hits_alt,Batter Hits Ladder - 2+ Hits,batter_hits,True,Kyle Karros,COL,NYM,Huascar Brazobán,1.5,301.0,27.7,24.94,2.76,Low,Alt ladder market,-0.53,0.8,,PropLine game moneyline/total context | Self-stored odds movement snapshots,batter_hits,2+ Hits,batter
2026-05-04T21:59:25.624015+00:00,2026,2026-05-04,batter_total_bases,Batter Total Bases,batter_total_bases,,Pete Crow-Armstrong,CHC,CIN,Chase Petty,1.5,-103.0,53.49,50.74,2.75,Low-Medium,No clear edge,-0.81,1.8,1.5,PropLine game moneyline/total context | Batter-vs-pitcher sample | Self-stored odds movement snapshots,batter_total_bases,Over,batter
2026-05-04T21:59:25.624015+00:00,2026,2026-05-04,batter_hits_alt,Batter Hits Ladder - 2+ Hits,batter_hits,True,T.J. Rumfield,COL,NYM,Huascar Brazobán,1.5,251.0,31.23,28.49,2.74,Low,Alt ladder market,-0.53,0.8,,PropLine game moneyline/total context | Self-stored odds movement snapshots,batter_hits,2+ Hits,batter
2026-05-04T21:59:25.624015+00:00,2026,2026-05-04,batter_hits_alt,Batter Hits Ladder - 2+ Hits,batter_hits,True,Justin Crawford,PHI,MIA,Janson Junk,1.5,327.0,26.15,23.42,2.73,Low,Alt ladder market,-0.13,0.8,-1.5,PropLine game moneyline/total context | Batter-vs-pitcher sample | Self-stored odds movement snapshots,batter_hits,2+ Hits,batter
2026-05-04T21:59:25.624015+00:00,2026,2026-05-04,batter_home_runs,Batter Home Runs,batter_home_runs,,Roman Anthony,BOS,DET,Tarik Skubal,0.5,1200.0,10.43,7.69,2.73,Low-Medium,No clear edge,1.65,,,PropLine game moneyline/total context | Batter-vs-pitcher sample | Self-stored odds movement snapshots,batter_home_runs,Roman Anthony,batter
2026-05-04T21:59:25.624015+00:00,2026,2026-05-04,batter_total_bases,Batter Total Bases,batter_total_bases,,Bryce Harper,PHI,MIA,Janson Junk,0.5,100.0,52.72,50.0,2.72,Low-Medium,No clear edge,-0.18,1.2,1.5,PropLine game moneyline/total context | Batter-vs-pitcher sample | Self-stored odds movement snapshots,batter_total_bases,Over,batter
2026-05-04T21:59:25.624015+00:00,2026,2026-05-04,batter_total_bases,Batter Total Bases,batter_total_bases,,Bryce Harper,PHI,MIA,Janson Junk,1.5,100.0,52.72,50.0,2.72,Low-Medium,No clear edge,-0.18,1.2,1.5,PropLine game moneyline/total context | Batter-vs-pitcher sample | Self-stored odds movement snapshots,batter_total_bases,Over,batter
2026-05-04T21:59:25.624015+00:00,2026,2026-05-04,batter_total_bases_alt,Batter Total Bases Ladder - 3+ Total Bases,batter_total_bases,True,Owen Caissie,MIA,PHI,Aaron Nola,2.5,322.0,26.41,23.7,2.72,Low,Alt ladder market,-0.18,1.8,,PropLine game moneyline/total context | Batter-vs-pitcher sample | Self-stored odds movement snapshots,batter_total_bases,3+ Total Bases,batter
2026-05-04T21:59:25.624015+00:00,2026,2026-05-04,batter_hits_alt,Batter Hits Ladder - 2+ Hits,batter_hits,True,Kyle Stowers,MIA,PHI,Aaron Nola,1.5,249.0,31.36,28.65,2.71,Low,Alt ladder market,-0.13,0.8,-1.5,PropLine game moneyline/total context | Batter-vs-pitcher sample | Self-stored odds movement snapshots,batter_hits,2+ Hits,batter
2026-05-04T21:59:25.624015+00:00,2026,2026-05-04,batter_total_bases_alt,Batter Total Bases Ladder - 3+ Total Bases,batter_total_bases,True,Riley Greene,DET,BOS,Payton Tolle,2.5,317.0,26.69,23.98,2.71,Low,Alt ladder market,0.96,1.8,,PropLine game moneyline/total context | Batter-vs-pitcher sample | Self-stored odds movement snapshots,batter_total_bases,3+ Total Bases,batter
2026-05-04T21:59:25.624015+00:00,2026,2026-05-04,batter_total_bases_alt,Batter Total Bases Ladder - 5+ Total Bases,batter_total_bases,True,Marcus Semien,NYM,COL,Tomoyuki Sugano,4.5,640.0,16.22,13.51,2.71,Low,Alt ladder market,-0.8,,0.25,PropLine game moneyline/total context | Batter-vs-pitcher sample | Self-stored odds movement snapshots,batter_total_bases,5+ Total Bases,batter
2026-05-04T21:59:25.624015+00:00,2026,2026-05-04,batter_hits_alt,Batter Hits Ladder - 2+ Hits,batter_hits,True,Brandon Marsh,PHI,MIA,Janson Junk,1.5,256.0,30.78,28.09,2.69,Low,Alt ladder market,-0.13,0.8,-1.5,PropLine game moneyline/total context | Batter-vs-pitcher sample | Self-stored odds movement snapshots,batter_hits,2+ Hits,batter
2026-05-04T21:59:25.624015+00:00,2026,2026-05-04,batter_hits_alt,Batter Hits Ladder - 2+ Hits,batter_hits,True,Dillon Dingler,DET,BOS,Payton Tolle,1.5,256.0,30.78,28.09,2.69,Low,Alt ladder market,0.4,0.8,-1.5,PropLine game moneyline/total context | Batter-vs-pitcher sample | Self-stored odds movement snapshots,batter_hits,2+ Hits,batter
2026-05-04T21:59:25.624015+00:00,2026,2026-05-04,batter_total_bases_alt,Batter Total Bases Ladder - 5+ Total Bases,batter_total_bases,True,MJ Melendez,NYM,COL,Tomoyuki Sugano,4.5,439.0,21.23,18.55,2.68,Low,Alt ladder market,-0.8,1.8,1.3,PropLine game moneyline/total context | Batter-vs-pitcher sample | Self-stored odds movement snapshots,batter_total_bases,5+ Total Bases,batter
2026-05-04T21:59:25.624015+00:00,2026,2026-05-04,batter_total_bases_alt,Batter Total Bases Ladder - 3+ Total Bases,batter_total_bases,True,Trevor Story,BOS,DET,Tarik Skubal,2.5,452.0,20.78,18.12,2.67,Low,Alt ladder market,0.96,,,PropLine game moneyline/total context | Batter-vs-pitcher sample | Self-stored odds movement snapshots,batter_total_bases,3+ Total Bases,batter
2026-05-04T21:59:25.624015+00:00,2026,2026-05-04,batter_home_runs,Batter Home Runs,batter_home_runs,,Masyn Winn,STL,MIL,Chad Patrick,0.5,1120.0,10.87,8.2,2.67,Low-Medium,No clear edge,1.49,-1.6,,PropLine game moneyline/total context | Batter-vs-pitcher sample | Self-stored odds movement snapshots,batter_home_runs,Masyn Winn,batter
2026-05-04T21:59:25.624015+00:00,2026,2026-05-04,batter_hits_alt,Batter Hits Ladder - 2+ Hits,batter_hits,True,Liam Hicks,MIA,PHI,Aaron Nola,1.5,242.0,31.9,29.24,2.66,Low,Alt ladder market,-0.13,0.8,-1.5,PropLine game moneyline/total context | Batter-vs-pitcher sample | Self-stored odds movement snapshots,batter_hits,2+ Hits,batter
2026-05-04T21:59:25.624015+00:00,2026,2026-05-04,batter_hits,Batter Hits,batter_hits,,Bo Naylor,CLE,KCR,Michael Wacha,0.5,112.0,49.81,47.17,2.64,Low-Medium,No clear edge,0.54,0.8,-1.5,PropLine game moneyline/total context | Batter-vs-pitcher sample | Self-stored odds movement snapshots,batter_hits,Under,batter
2026-05-04T21:59:25.624015+00:00,2026,2026-05-04,batter_home_runs,Batter Home Runs,batter_home_runs,,Luis Rengifo,MIL,STL,Kyle Leahy,0.5,980.0,11.89,9.26,2.63,Low-Medium,No clear edge,1.49,,,PropLine game moneyline/total context | Batter-vs-pitcher sample | Self-stored odds movement snapshots,batter_home_runs,Luis Rengifo,batter
2026-05-04T21:59:25.624015+00:00,2026,2026-05-04,batter_hits,Batter Hits,batter_hits,,Graham Pauley,MIA,PHI,Aaron Nola,0.5,-108.0,54.54,51.92,2.62,Low-Medium,No clear edge,-0.13,-0.6,0.4,PropLine game moneyline/total context | Batter-vs-pitcher sample | Self-stored odds movement snapshots,batter_hits,Over,batter
2026-05-04T21:59:25.624015+00:00,2026,2026-05-04,batter_total_bases,Batter Total Bases,batter_total_bases,,Kyle Stowers,MIA,PHI,Aaron Nola,0.5,100.0,52.62,50.0,2.62,Low-Medium,No clear edge,-0.18,0.6,1.5,PropLine game moneyline/total context | Batter-vs-pitcher sample | Self-stored odds movement snapshots,batter_total_bases,Over,batter
2026-05-04T21:59:25.624015+00:00,2026,2026-05-04,pitcher_hits_allowed,Pitcher Hits Allowed,pitcher_hits_allowed,,Cam Schlittler,NYY,BAL,Cam Schlittler,4.5,116.0,48.92,46.3,2.62,Low-Medium,No clear edge,-0.1,,1.5,PropLine game moneyline/total context | Self-stored odds movement snapshots,pitcher_hits_allowed,Over,pitcher
2026-05-04T21:59:25.624015+00:00,2026,2026-05-04,batter_total_bases_alt,Batter Total Bases Ladder - 3+ Total Bases,batter_total_bases,True,Troy Johnston,COL,NYM,Huascar Brazobán,2.5,325.0,26.15,23.53,2.62,Low,Alt ladder market,-0.8,1.2,1.5,PropLine game moneyline/total context | Self-stored odds movement snapshots,batter_total_bases,3+ Total Bases,batter
2026-05-04T21:59:25.624015+00:00,2026,2026-05-04,batter_total_bases_alt,Batter Total Bases Ladder - 3+ Total Bases,batter_total_bases,True,Gleyber Torres,DET,BOS,Payton Tolle,2.5,354.0,24.64,22.03,2.62,Low,Alt ladder market,0.96,,,PropLine game moneyline/total context | Batter-vs-pitcher sample | Self-stored odds movement snapshots,batter_total_bases,3+ Total Bases,batter
2026-05-04T21:59:25.624015+00:00,2026,2026-05-04,batter_total_bases_alt,Batter Total Bases Ladder - 3+ Total Bases,batter_total_bases,True,Caleb Durbin,BOS,DET,Tarik Skubal,2.5,610.0,16.7,14.08,2.61,Low,Alt ladder market,0.96,-0.8,,PropLine game moneyline/total context | Batter-vs-pitcher sample | Self-stored odds movement snapshots,batter_total_bases,3+ Total Bases,batter
2026-05-04T21:59:25.624015+00:00,2026,2026-05-04,batter_total_bases_alt,Batter Total Bases Ladder - 5+ Total Bases,batter_total_bases,True,Bo Bichette,NYM,COL,Tomoyuki Sugano,4.5,579.0,17.33,14.73,2.6,Low,Alt ladder market,-0.8,1.8,-1.5,PropLine game moneyline/total context | Batter-vs-pitcher sample | Self-stored odds movement snapshots,batter_total_bases,5+ Total Bases,batter
2026-05-04T21:59:25.624015+00:00,2026,2026-05-04,batter_total_bases_alt,Batter Total Bases Ladder - 3+ Total Bases,batter_total_bases,True,Ceddanne Rafaela,BOS,DET,Tarik Skubal,2.5,428.0,21.53,18.94,2.59,Low,Alt ladder market,0.96,,,PropLine game moneyline/total context | Batter-vs-pitcher sample | Self-stored odds movement snapshots,batter_total_bases,3+ Total Bases,batter
2026-05-04T21:59:25.624015+00:00,2026,2026-05-04,batter_home_runs,Batter Home Runs,batter_home_runs,,Caleb Durbin,BOS,DET,Tarik Skubal,0.5,1800.0,7.86,5.26,2.59,Low-Medium,No clear edge,1.65,-1.6,,PropLine game moneyline/total context | Batter-vs-pitcher sample | Self-stored odds movement snapshots,batter_home_runs,Caleb Durbin,batter
2026-05-04T21:59:25.624015+00:00,2026,2026-05-04,batter_home_runs,Batter Home Runs,batter_home_runs,,Isiah Kiner-Falefa,BOS,DET,Tarik Skubal,0.5,1800.0,7.86,5.26,2.59,Low-Medium,No clear edge,1.65,-1.6,,PropLine game moneyline/total context | Batter-vs-pitcher sample | Self-stored odds movement snapshots,batter_home_runs,Isiah Kiner-Falefa,batter
2026-05-04T21:59:25.624015+00:00,2026,2026-05-04,batter_home_runs,Batter Home Runs,batter_home_runs,,Willson Contreras,BOS,DET,Tarik Skubal,0.5,527.0,18.53,15.95,2.58,Low-Medium,No clear edge,1.65,2.3,,PropLine game moneyline/total context | Batter-vs-pitcher sample | Self-stored odds movement snapshots,batter_home_runs,1+ Home Runs,batter
2026-05-04T21:59:25.624015+00:00,2026,2026-05-04,batter_total_bases_alt,Batter Total Bases Ladder - 4+ Total Bases,batter_total_bases,True,Kyle Schwarber,PHI,MIA,Janson Junk,3.5,267.0,29.79,27.25,2.55,Low,Alt ladder market,-0.18,1.8,1.5,PropLine game moneyline/total context | Batter-vs-pitcher sample | Self-stored odds movement snapshots,batter_total_bases,4+ Total Bases,batter
2026-05-04T21:59:25.624015+00:00,2026,2026-05-04,batter_home_runs,Batter Home Runs,batter_home_runs,,Jahmai Jones,DET,BOS,Payton Tolle,0.5,494.0,19.38,16.84,2.55,Low-Medium,No clear edge,1.65,2.3,,PropLine game moneyline/total context | Batter-vs-pitcher sample | Self-stored odds movement snapshots,batter_home_runs,1+ Home Runs,batter
2026-05-04T21:59:25.624015+00:00,2026,2026-05-04,batter_home_runs,Batter Home Runs,batter_home_runs,,Liam Hicks,MIA,PHI,Aaron Nola,0.5,620.0,16.43,13.89,2.54,Low-Medium,No clear edge,-0.33,,,PropLine game moneyline/total context | Batter-vs-pitcher sample | Self-stored odds movement snapshots,batter_home_runs,1+ Home Runs,batter
2026-05-04T21:59:25.624015+00:00,2026,2026-05-04,batter_total_bases_alt,Batter Total Bases Ladder - 3+ Total Bases,batter_total_bases,True,Connor Norby,MIA,PHI,Aaron Nola,2.5,304.0,27.28,24.75,2.53,Low,Alt ladder market,-0.18,1.2,,PropLine game moneyline/total context | Batter-vs-pitcher sample | Self-stored odds movement snapshots,batter_total_bases,3+ Total Bases,batter
2026-05-04T21:59:25.624015+00:00,2026,2026-05-04,batter_total_bases_alt,Batter Total Bases Ladder - 3+ Total Bases,batter_total_bases,True,Jakob Marsee,MIA,PHI,Aaron Nola,2.5,291.0,28.08,25.58,2.5,Low,Alt ladder market,-0.18,,1.5,PropLine game moneyline/total context | Batter-vs-pitcher sample | Self-stored odds movement snapshots,batter_total_bases,3+ Total Bases,batter
2026-05-04T21:59:25.624015+00:00,2026,2026-05-04,pitcher_earned_runs,Pitcher Earned Runs,pitcher_earned_runs,,Kyle Leahy,STL,MIL,Kyle Leahy,2.5,-121.0,57.24,54.75,2.49,Low-Medium,No clear edge,0.59,1.6,-0.85,PropLine game moneyline/total context | Self-stored odds movement snapshots,pitcher_earned_runs,Over,pitcher
2026-05-04T21:59:25.624015+00:00,2026,2026-05-04,batter_hits_alt,Batter Hits Ladder - 2+ Hits,batter_hits,True,Willi Castro,COL,NYM,Huascar Brazobán,1.5,218.0,33.92,31.45,2.48,Low,Alt ladder market,-0.53,0.8,,PropLine game moneyline/total context | Self-stored odds movement snapshots,batter_hits,2+ Hits,batter
2026-05-04T21:59:25.624015+00:00,2026,2026-05-04,batter_total_bases_alt,Batter Total Bases Ladder - 4+ Total Bases,batter_total_bases,True,Trea Turner,PHI,MIA,Janson Junk,3.5,381.0,23.27,20.79,2.48,Low,Alt ladder market,-0.18,,1.5,PropLine game moneyline/total context | Batter-vs-pitcher sample | Self-stored odds movement snapshots,batter_total_bases,4+ Total Bases,batter
2026-05-04T21:59:25.624015+00:00,2026,2026-05-04,batter_total_bases_alt,Batter Total Bases Ladder - 3+ Total Bases,batter_total_bases,True,Spencer Torkelson,DET,BOS,Payton Tolle,2.5,275.0,29.14,26.67,2.47,Low,Alt ladder market,0.96,1.8,,PropLine game moneyline/total context | Batter-vs-pitcher sample | Self-stored odds movement snapshots,batter_total_bases,3+ Total Bases,batter
2026-05-04T21:59:25.624015+00:00,2026,2026-05-04,batter_total_bases_alt,Batter Total Bases Ladder - 3+ Total Bases,batter_total_bases,True,Graham Pauley,MIA,PHI,Aaron Nola,2.5,427.0,21.43,18.98,2.45,Low,Alt ladder market,-0.18,-0.8,,PropLine game moneyline/total context | Batter-vs-pitcher sample | Self-stored odds movement snapshots,batter_total_bases,3+ Total Bases,batter
2026-05-04T21:59:25.624015+00:00,2026,2026-05-04,batter_total_bases_alt,Batter Total Bases Ladder - 3+ Total Bases,batter_total_bases,True,Justin Crawford,PHI,MIA,Janson Junk,2.5,435.0,21.14,18.69,2.45,Low,Alt ladder market,-0.18,,,PropLine game moneyline/total context | Batter-vs-pitcher sample | Self-stored odds movement snapshots,batter_total_bases,3+ Total Bases,batter
2026-05-04T21:59:25.624015+00:00,2026,2026-05-04,batter_hits,Batter Hits,batter_hits,,Michael Massey,KCR,CLE,Tanner Bibee,0.5,102.0,51.94,49.5,2.44,Low-Medium,No clear edge,0.54,,-1.5,PropLine game moneyline/total context | Batter-vs-pitcher sample | Self-stored odds movement snapshots,batter_hits,Under,batter
2026-05-04T21:59:25.624015+00:00,2026,2026-05-04,batter_home_runs,Batter Home Runs,batter_home_runs,,Trevor Story,BOS,DET,Tarik Skubal,0.5,1120.0,10.63,8.2,2.43,Low-Medium,No clear edge,1.65,-1.0,,PropLine game moneyline/total context | Batter-vs-pitcher sample | Self-stored odds movement snapshots,batter_home_runs,Trevor Story,batter
2026-05-04T21:59:25.624015+00:00,2026,2026-05-04,batter_home_runs,Batter Home Runs,batter_home_runs,,Ceddanne Rafaela,BOS,DET,Tarik Skubal,0.5,1120.0,10.63,8.2,2.43,Low-Medium,No clear edge,1.65,,,PropLine game moneyline/total context | Batter-vs-pitcher sample | Self-stored odds movement snapshots,batter_home_runs,Ceddanne Rafaela,batter
2026-05-04T21:59:25.624015+00:00,2026,2026-05-04,batter_total_bases,Batter Total Bases,batter_total_bases,,Steven Kwan,CLE,KCR,Michael Wacha,1.5,115.0,48.93,46.51,2.42,Low-Medium,No clear edge,1.13,,1.5,PropLine game moneyline/total context | Batter-vs-pitcher sample | Self-stored odds movement snapshots,batter_total_bases,Over,batter
2026-05-04T21:59:25.624015+00:00,2026,2026-05-04,batter_hits_alt,Batter Hits Ladder - 2+ Hits,batter_hits,True,Kyle Schwarber,PHI,MIA,Janson Junk,1.5,265.0,29.77,27.4,2.37,Low,Alt ladder market,-0.13,0.8,-1.5,PropLine game moneyline/total context | Batter-vs-pitcher sample | Self-stored odds movement snapshots,batter_hits,2+ Hits,batter
2026-05-04T21:59:25.624015+00:00,2026,2026-05-04,batter_total_bases_alt,Batter Total Bases Ladder - 3+ Total Bases,batter_total_bases,True,Ezequiel Tovar,COL,NYM,Huascar Brazobán,2.5,320.0,26.18,23.81,2.37,Low,Alt ladder market,-0.8,1.2,,PropLine game moneyline/total context | Self-stored odds movement snapshots,batter_total_bases,3+ Total Bases,batter
2026-05-04T21:59:25.624015+00:00,2026,2026-05-04,batter_total_bases_alt,Batter Total Bases Ladder - 4+ Total Bases,batter_total_bases,True,Brenton Doyle,COL,NYM,Huascar Brazobán,3.5,441.0,20.86,18.48,2.37,Low,Alt ladder market,-0.8,,,PropLine game moneyline/total context | Self-stored odds movement snapshots,batter_total_bases,4+ Total Bases,batter
2026-05-04T21:59:25.624015+00:00,2026,2026-05-04,batter_total_bases_alt,Batter Total Bases Ladder - 3+ Total Bases,batter_total_bases,True,Jahmai Jones,DET,BOS,Payton Tolle,2.5,305.0,27.04,24.69,2.35,Low,Alt ladder market,0.96,1.8,,PropLine game moneyline/total context | Batter-vs-pitcher sample | Self-stored odds movement snapshots,batter_total_bases,3+ Total Bases,batter
2026-05-04T21:59:25.624015+00:00,2026,2026-05-04,batter_hits,Batter Hits,batter_hits,,Graham Pauley,MIA,PHI,Aaron Nola,0.5,-110.0,54.72,52.38,2.34,Low-Medium,No clear edge,-0.13,-0.6,0.4,PropLine game moneyline/total context | Batter-vs-pitcher sample | Self-stored odds movement snapshots,batter_hits,Under,batter
2026-05-04T21:59:25.624015+00:00,2026,2026-05-04,batter_home_runs,Batter Home Runs,batter_home_runs,,Isiah Kiner-Falefa,BOS,DET,Tarik Skubal,0.5,1660.0,8.02,5.68,2.34,Low-Medium,No clear edge,1.65,-1.6,,PropLine game moneyline/total context | Batter-vs-pitcher sample | Self-stored odds movement snapshots,batter_home_runs,1+ Home Runs,batter
2026-05-04T21:59:25.624015+00:00,2026,2026-05-04,batter_hits,Batter Hits,batter_hits,,Hao-Yu Lee,DET,BOS,Payton Tolle,0.5,-109.0,54.48,52.15,2.33,Low-Medium,No clear edge,0.4,0.8,-0.68,PropLine game moneyline/total context | Batter-vs-pitcher sample | Self-stored odds movement snapshots,batter_hits,Over,batter
2026-05-04T21:59:25.624015+00:00,2026,2026-05-04,batter_total_bases,Batter Total Bases,batter_total_bases,,Owen Caissie,MIA,PHI,Aaron Nola,1.5,100.0,52.32,50.0,2.32,Low-Medium,No clear edge,-0.18,1.8,,PropLine game moneyline/total context | Batter-vs-pitcher sample | Self-stored odds movement snapshots,batter_total_bases,Under,batter
2026-05-04T21:59:25.624015+00:00,2026,2026-05-04,batter_total_bases,Batter Total Bases,batter_total_bases,,TJ Friedl,CIN,CHC,Edward Cabrera,1.5,130.0,45.78,43.48,2.3,Low-Medium,No clear edge,-0.81,,1.5,PropLine game moneyline/total context | Batter-vs-pitcher sample | Self-stored odds movement snapshots,batter_total_bases,Over,batter
2026-05-04T21:59:25.624015+00:00,2026,2026-05-04,batter_home_runs,Batter Home Runs,batter_home_runs,,David Hamilton,MIL,STL,Kyle Leahy,0.5,1300.0,9.45,7.14,2.3,Low-Medium,No clear edge,1.49,-1.6,,PropLine game moneyline/total context | Batter-vs-pitcher sample | Self-stored odds movement snapshots,batter_home_runs,David Hamilton,batter
2026-05-04T21:59:25.624015+00:00,2026,2026-05-04,pitcher_hits_allowed,Pitcher Hits Allowed,pitcher_hits_allowed,,Edward Cabrera,CHC,CIN,Edward Cabrera,4.5,116.0,48.59,46.3,2.29,Low-Medium,No clear edge,-0.53,0.6,-1.5,PropLine game moneyline/total context | Self-stored odds movement snapshots,pitcher_hits_allowed,Under,pitcher
2026-05-04T21:59:25.624015+00:00,2026,2026-05-04,batter_total_bases_alt,Batter Total Bases Ladder - 4+ Total Bases,batter_total_bases,True,Carson Benge,NYM,COL,Tomoyuki Sugano,3.5,399.0,22.32,20.04,2.28,Low,Alt ladder market,-0.8,,1.3,PropLine game moneyline/total context | Batter-vs-pitcher sample | Self-stored odds movement snapshots,batter_total_bases,4+ Total Bases,batter
2026-05-04T21:59:25.624015+00:00,2026,2026-05-04,batter_hits,Batter Hits,batter_hits,,Adolis García,PHI,MIA,Janson Junk,0.5,100.0,52.27,50.0,2.27,Low-Medium,No clear edge,-0.13,0.8,-1.5,PropLine game moneyline/total context | Batter-vs-pitcher sample | Self-stored odds movement snapshots,batter_hits,Over,batter
2026-05-04T21:59:25.624015+00:00,2026,2026-05-04,batter_hits,Batter Hits,batter_hits,,Bryson Stott,PHI,MIA,Janson Junk,0.5,100.0,52.27,50.0,2.27,Low-Medium,No clear edge,-0.13,0.8,-1.5,PropLine game moneyline/total context | Batter-vs-pitcher sample | Self-stored odds movement snapshots,batter_hits,Over,batter
2026-05-04T21:59:25.624015+00:00,2026,2026-05-04,batter_hits,Batter Hits,batter_hits,,J.T. Realmuto,PHI,MIA,Janson Junk,0.5,100.0,52.27,50.0,2.27,Low-Medium,No clear edge,-0.13,0.8,-1.5,PropLine game moneyline/total context | Batter-vs-pitcher sample | Self-stored odds movement snapshots,batter_hits,Over,batter
2026-05-04T21:59:25.624015+00:00,2026,2026-05-04,batter_hits,Batter Hits,batter_hits,,Justin Crawford,PHI,MIA,Janson Junk,0.5,100.0,52.27,50.0,2.27,Low-Medium,No clear edge,-0.13,0.8,-1.5,PropLine game moneyline/total context | Batter-vs-pitcher sample | Self-stored odds movement snapshots,batter_hits,Over,batter
2026-05-04T21:59:25.624015+00:00,2026,2026-05-04,batter_hits,Batter Hits,batter_hits,,Kyle Schwarber,PHI,MIA,Janson Junk,0.5,100.0,52.27,50.0,2.27,Low-Medium,No clear edge,-0.13,0.8,-1.5,PropLine game moneyline/total context | Batter-vs-pitcher sample | Self-stored odds movement snapshots,batter_hits,Over,batter
2026-05-04T21:59:25.624015+00:00,2026,2026-05-04,batter_total_bases_alt,Batter Total Bases Ladder - 3+ Total Bases,batter_total_bases,True,Bryson Stott,PHI,MIA,Janson Junk,2.5,314.0,26.42,24.15,2.27,Low,Alt ladder market,-0.18,0.6,1.5,PropLine game moneyline/total context | Batter-vs-pitcher sample | Self-stored odds movement snapshots,batter_total_bases,3+ Total Bases,batter
2026-05-04T21:59:25.624015+00:00,2026,2026-05-04,batter_total_bases_alt,Batter Total Bases Ladder - 5+ Total Bases,batter_total_bases,True,Francisco Alvarez,NYM,COL,Tomoyuki Sugano,4.5,472.0,19.75,17.48,2.27,Low,Alt ladder market,-0.8,1.2,-1.5,PropLine game moneyline/total context | Batter-vs-pitcher sample | Self-stored odds movement snapshots,batter_total_bases,5+ Total Bases,batter
2026-05-04T21:59:25.624015+00:00,2026,2026-05-04,batter_total_bases_alt,Batter Total Bases Ladder - 3+ Total Bases,batter_total_bases,True,Kyle Stowers,MIA,PHI,Aaron Nola,2.5,242.0,31.5,29.24,2.26,Low,Alt ladder market,-0.18,0.6,1.5,PropLine game moneyline/total context | Batter-vs-pitcher sample | Self-stored odds movement snapshots,batter_total_bases,3+ Total Bases,batter
2026-05-04T21:59:25.624015+00:00,2026,2026-05-04,batter_total_bases_alt,Batter Total Bases Ladder - 4+ Total Bases,batter_total_bases,True,Tyrone Taylor,NYM,COL,Tomoyuki Sugano,3.5,481.0,19.47,17.21,2.26,Low,Alt ladder market,-0.8,,1.5,PropLine game moneyline/total context | Batter-vs-pitcher sample | Self-stored odds movement snapshots,batter_total_bases,4+ Total Bases,batter
2026-05-04T21:59:25.624015+00:00,2026,2026-05-04,batter_total_bases,Batter Total Bases,batter_total_bases,,Sal Stewart,CIN,CHC,Edward Cabrera,1.5,-103.0,52.99,50.74,2.25,Low-Medium,No clear edge,-0.81,1.8,1.5,PropLine game moneyline/total context | Batter-vs-pitcher sample | Self-stored odds movement snapshots,batter_total_bases,Over,batter
2026-05-04T21:59:25.624015+00:00,2026,2026-05-04,batter_hits_alt,Batter Hits Ladder - 2+ Hits,batter_hits,True,J.T. Realmuto,PHI,MIA,Janson Junk,1.5,248.0,30.99,28.74,2.25,Low,Alt ladder market,-0.13,0.8,-1.5,PropLine game moneyline/total context | Batter-vs-pitcher sample | Self-stored odds movement snapshots,batter_hits,2+ Hits,batter
2026-05-04T21:59:25.624015+00:00,2026,2026-05-04,batter_total_bases_alt,Batter Total Bases Ladder - 5+ Total Bases,batter_total_bases,True,Juan Soto,NYM,COL,Tomoyuki Sugano,4.5,335.0,25.22,22.99,2.24,Low,Alt ladder market,-0.8,1.8,-1.5,PropLine game moneyline/total context | Batter-vs-pitcher sample | Self-stored odds movement snapshots,batter_total_bases,5+ Total Bases,batter
2026-05-04T21:59:25.624015+00:00,2026,2026-05-04,batter_total_bases_alt,Batter Total Bases Ladder - 4+ Total Bases,batter_total_bases,True,Jordan Beck,COL,NYM,Huascar Brazobán,3.5,402.0,22.16,19.92,2.24,Low,Alt ladder market,-0.8,,,PropLine game moneyline/total context | Self-stored odds movement snapshots,batter_total_bases,4+ Total Bases,batter
2026-05-04T21:59:25.624015+00:00,2026,2026-05-04,batter_home_runs,Batter Home Runs,batter_home_runs,,Matt Vierling,DET,BOS,Payton Tolle,0.5,880.0,12.43,10.2,2.23,Low-Medium,No clear edge,1.65,-1.0,,PropLine game moneyline/total context | Batter-vs-pitcher sample | Self-stored odds movement snapshots,batter_home_runs,1+ Home Runs,batter
2026-05-04T21:59:25.624015+00:00,2026,2026-05-04,batter_home_runs,Batter Home Runs,batter_home_runs,,Wilyer Abreu,BOS,DET,Tarik Skubal,0.5,880.0,12.43,10.2,2.23,Low-Medium,No clear edge,1.65,,,PropLine game moneyline/total context | Batter-vs-pitcher sample | Self-stored odds movement snapshots,batter_home_runs,Wilyer Abreu,batter
2026-05-04T21:59:25.624015+00:00,2026,2026-05-04,batter_total_bases_alt,Batter Total Bases Ladder - 3+ Total Bases,batter_total_bases,True,T.J. Rumfield,COL,NYM,Huascar Brazobán,2.5,292.0,27.73,25.51,2.22,Low,Alt ladder market,-0.8,1.2,,PropLine game moneyline/total context | Self-stored odds movement snapshots,batter_total_bases,3+ Total Bases,batter
2026-05-04T21:59:25.624015+00:00,2026,2026-05-04,batter_total_bases_alt,Batter Total Bases Ladder - 3+ Total Bases,batter_total_bases,True,Kyle Karros,COL,NYM,Huascar Brazobán,2.5,351.0,24.39,22.17,2.22,Low,Alt ladder market,-0.8,1.2,,PropLine game moneyline/total context | Self-stored odds movement snapshots,batter_total_bases,3+ Total Bases,batter
2026-05-04T21:59:25.624015+00:00,2026,2026-05-04,batter_hits_alt,Batter Hits Ladder - 2+ Hits,batter_hits,True,Bryson Stott,PHI,MIA,Janson Junk,1.5,241.0,31.53,29.33,2.2,Low,Alt ladder market,-0.13,0.8,-1.5,PropLine game moneyline/total context | Batter-vs-pitcher sample | Self-stored odds movement snapshots,batter_hits,2+ Hits,batter
2026-05-04T21:59:25.624015+00:00,2026,2026-05-04,batter_hits,Batter Hits,batter_hits,,Connor Wong,BOS,DET,Tarik Skubal,0.5,-115.0,55.68,53.49,2.19,Low-Medium,No clear edge,0.4,,0.78,PropLine game moneyline/total context | Batter-vs-pitcher sample | Self-stored odds movement snapshots,batter_hits,Over,batter
2026-05-04T21:59:25.624015+00:00,2026,2026-05-04,batter_total_bases_alt,Batter Total Bases Ladder - 3+ Total Bases,batter_total_bases,True,Alec Bohm,PHI,MIA,Janson Junk,2.5,373.0,23.29,21.14,2.15,Low,Alt ladder market,-0.18,,1.5,PropLine game moneyline/total context | Batter-vs-pitcher sample | Self-stored odds movement snapshots,batter_total_bases,3+ Total Bases,batter
2026-05-04T21:59:25.624015+00:00,2026,2026-05-04,batter_hits_alt,Batter Hits Ladder - 2+ Hits,batter_hits,True,Hunter Goodman,COL,NYM,Huascar Brazobán,1.5,184.0,37.35,35.21,2.14,Low,Alt ladder market,-0.53,0.8,,PropLine game moneyline/total context | Self-stored odds movement snapshots,batter_hits,2+ Hits,batter
2026-05-04T21:59:25.624015+00:00,2026,2026-05-04,batter_home_runs,Batter Home Runs,batter_home_runs,,Caleb Durbin,BOS,DET,Tarik Skubal,0.5,1560.0,8.16,6.02,2.14,Low-Medium,No clear edge,1.65,-1.6,,PropLine game moneyline/total context | Batter-vs-pitcher sample | Self-stored odds movement snapshots,batter_home_runs,1+ Home Runs,batter
2026-05-04T21:59:25.624015+00:00,2026,2026-05-04,batter_hits,Batter Hits,batter_hits,,Ke'Bryan Hayes,CIN,CHC,Edward Cabrera,0.5,116.0,48.43,46.3,2.13,Low-Medium,No clear edge,-0.49,0.8,-1.5,PropLine game moneyline/total context | Batter-vs-pitcher sample | Self-stored odds movement snapshots,batter_hits,Under,batter
2026-05-04T21:59:25.624015+00:00,2026,2026-05-04,batter_hits_alt,Batter Hits Ladder - 2+ Hits,batter_hits,True,Mark Vientos,NYM,COL,Tomoyuki Sugano,1.5,205.0,34.92,32.79,2.13,Low,Alt ladder market,-0.53,0.8,1.5,PropLine game moneyline/total context | Batter-vs-pitcher sample | Self-stored odds movement snapshots,batter_hits,2+ Hits,batter
2026-05-04T21:59:25.624015+00:00,2026,2026-05-04,batter_hits_alt,Batter Hits Ladder - 2+ Hits,batter_hits,True,Jordan Beck,COL,NYM,Huascar Brazobán,1.5,211.0,34.27,32.15,2.11,Low,Alt ladder market,-0.53,0.8,,PropLine game moneyline/total context | Self-stored odds movement snapshots,batter_hits,2+ Hits,batter
2026-05-04T21:59:25.624015+00:00,2026,2026-05-04,batter_total_bases_alt,Batter Total Bases Ladder - 3+ Total Bases,batter_total_bases,True,Willi Castro,COL,NYM,Huascar Brazobán,2.5,274.0,28.85,26.74,2.11,Low,Alt ladder market,-0.8,1.2,,PropLine game moneyline/total context | Self-stored odds movement snapshots,batter_total_bases,3+ Total Bases,batter
2026-05-04T21:59:25.624015+00:00,2026,2026-05-04,batter_home_runs,Batter Home Runs,batter_home_runs,,Wilyer Abreu,BOS,DET,Tarik Skubal,0.5,860.0,12.52,10.42,2.1,Low-Medium,No clear edge,1.65,,,PropLine game moneyline/total context | Batter-vs-pitcher sample | Self-stored odds movement snapshots,batter_home_runs,1+ Home Runs,batter
2026-05-04T21:59:25.624015+00:00,2026,2026-05-04,batter_total_bases,Batter Total Bases,batter_total_bases,,Seiya Suzuki,CHC,CIN,Chase Petty,1.5,100.0,52.09,50.0,2.09,Low-Medium,No clear edge,-0.81,1.2,-1.5,PropLine game moneyline/total context | Batter-vs-pitcher sample | Self-stored odds movement snapshots,batter_total_bases,Over,batter
2026-05-04T21:59:25.624015+00:00,2026,2026-05-04,batter_hits_alt,Batter Hits Ladder - 2+ Hits,batter_hits,True,Bryce Harper,PHI,MIA,Janson Junk,1.5,181.0,37.67,35.59,2.09,Low,Alt ladder market,-0.13,0.8,1.5,PropLine game moneyline/total context | Batter-vs-pitcher sample | Self-stored odds movement snapshots,batter_hits,2+ Hits,batter
2026-05-04T21:59:25.624015+00:00,2026,2026-05-04,batter_hits_alt,Batter Hits Ladder - 2+ Hits,batter_hits,True,Tyler Freeman,COL,NYM,Huascar Brazobán,1.5,179.0,37.92,35.84,2.08,Low,Alt ladder market,-0.53,0.8,,PropLine game moneyline/total context | Self-stored odds movement snapshots,batter_hits,2+ Hits,batter
2026-05-04T21:59:25.624015+00:00,2026,2026-05-04,pitcher_strikeouts,Pitcher Strikeouts,pitcher_strikeouts,,Tomoyuki Sugano,COL,NYM,Tomoyuki Sugano,3.5,102.0,51.58,49.5,2.07,Low-Medium,No clear edge,,-0.8,1.08,PropLine game moneyline/total context | Self-stored odds movement snapshots,pitcher_strikeouts,Over,pitcher
2026-05-04T21:59:25.624015+00:00,2026,2026-05-04,batter_total_bases_alt,Batter Total Bases Ladder - 3+ Total Bases,batter_total_bases,True,J.T. Realmuto,PHI,MIA,Janson Junk,2.5,308.0,26.58,24.51,2.07,Low,Alt ladder market,-0.18,,0.97,PropLine game moneyline/total context | Batter-vs-pitcher sample | Self-stored odds movement snapshots,batter_total_bases,3+ Total Bases,batter
2026-05-04T21:59:25.624015+00:00,2026,2026-05-04,pitcher_hits_allowed,Pitcher Hits Allowed,pitcher_hits_allowed,,Kyle Leahy,STL,MIL,Kyle Leahy,5.5,-125.0,57.62,55.56,2.06,Low-Medium,No clear edge,0.51,1.6,-0.71,PropLine game moneyline/total context | Self-stored odds movement snapshots,pitcher_hits_allowed,Over,pitcher
2026-05-04T21:59:25.624015+00:00,2026,2026-05-04,pitcher_strikeouts,Pitcher Strikeouts,pitcher_strikeouts,,Chase Petty,CIN,CHC,Chase Petty,2.5,124.0,46.7,44.64,2.06,Low-Medium,No clear edge,,,-0.66,PropLine game moneyline/total context | Baseball Savant quality metrics | Self-stored odds movement snapshots,pitcher_strikeouts,Under,pitcher
2026-05-04T21:59:25.624015+00:00,2026,2026-05-04,batter_home_runs,Batter Home Runs,batter_home_runs,,Connor Wong,BOS,DET,Tarik Skubal,0.5,1300.0,9.21,7.14,2.06,Low-Medium,No clear edge,1.65,-1.0,,PropLine game moneyline/total context | Batter-vs-pitcher sample | Self-stored odds movement snapshots,batter_home_runs,1+ Home Runs,batter
2026-05-04T21:59:25.624015+00:00,2026,2026-05-04,batter_home_runs,Batter Home Runs,batter_home_runs,,Otto Lopez,MIA,PHI,Aaron Nola,0.5,720.0,14.25,12.2,2.05,Low-Medium,No clear edge,-0.33,,,PropLine game moneyline/total context | Batter-vs-pitcher sample | Self-stored odds movement snapshots,batter_home_runs,1+ Home Runs,batter
2026-05-04T21:59:25.624015+00:00,2026,2026-05-04,batter_total_bases_alt,Batter Total Bases Ladder - 3+ Total Bases,batter_total_bases,True,Bryce Harper,PHI,MIA,Janson Junk,2.5,214.0,33.89,31.85,2.04,Low,Alt ladder market,-0.18,1.2,1.5,PropLine game moneyline/total context | Batter-vs-pitcher sample | Self-stored odds movement snapshots,batter_total_bases,3+ Total Bases,batter
2026-05-04T21:59:25.624015+00:00,2026,2026-05-04,batter_total_bases,Batter Total Bases,batter_total_bases,,Jakob Marsee,MIA,PHI,Aaron Nola,0.5,100.0,52.02,50.0,2.02,Low-Medium,No clear edge,-0.18,,1.5,PropLine game moneyline/total context | Batter-vs-pitcher sample | Self-stored odds movement snapshots,batter_total_bases,Over,batter
2026-05-04T21:59:25.624015+00:00,2026,2026-05-04,batter_hits_alt,Batter Hits Ladder - 2+ Hits,batter_hits,True,Brenton Doyle,COL,NYM,Huascar Brazobán,1.5,200.0,35.34,33.33,2.01,Low,Alt ladder market,-0.53,0.8,,PropLine game moneyline/total context | Self-stored odds movement snapshots,batter_hits,2+ Hits,batter
2026-05-04T21:59:25.624015+00:00,2026,2026-05-04,batter_total_bases_alt,Batter Total Bases Ladder - 3+ Total Bases,batter_total_bases,True,Kyle Schwarber,PHI,MIA,Janson Junk,2.5,201.0,35.23,33.22,2.01,Low,Alt ladder market,-0.18,1.8,1.5,PropLine game moneyline/total context | Batter-vs-pitcher sample | Self-stored odds movement snapshots,batter_total_bases,3+ Total Bases,batter
2026-05-04T21:59:25.624015+00:00,2026,2026-05-04,batter_hits,Batter Hits,batter_hits,,Blake Perkins,MIL,STL,Kyle Leahy,0.5,111.0,49.39,47.39,1.99,Low-Medium,No clear edge,0.43,-0.6,-1.5,PropLine game moneyline/total context | Batter-vs-pitcher sample | Self-stored odds movement snapshots,batter_hits,Under,batter
2026-05-04T21:59:25.624015+00:00,2026,2026-05-04,batter_home_runs,Batter Home Runs,batter_home_runs,,Roman Anthony,BOS,DET,Tarik Skubal,0.5,1020.0,10.92,8.93,1.99,Low-Medium,No clear edge,1.65,,,PropLine game moneyline/total context | Batter-vs-pitcher sample | Self-stored odds movement snapshots,batter_home_runs,1+ Home Runs,batter
2026-05-04T21:59:25.624015+00:00,2026,2026-05-04,batter_home_runs_alt,Batter Home Runs Alt - 2+ Home Runs,batter_home_runs,True,Dillon Dingler,DET,BOS,Payton Tolle,1.5,6800.0,3.44,1.45,1.99,Low,Alt ladder market,1.65,2.3,,PropLine game moneyline/total context | Batter-vs-pitcher sample | Self-stored odds movement snapshots,batter_home_runs,2+ Home Runs,batter
2026-05-04T21:59:25.624015+00:00,2026,2026-05-04,batter_home_runs,Batter Home Runs,batter_home_runs,,Willson Contreras,BOS,DET,Tarik Skubal,0.5,490.0,18.93,16.95,1.98,Low-Medium,No clear edge,1.65,2.3,,PropLine game moneyline/total context | Batter-vs-pitcher sample | Self-stored odds movement snapshots,batter_home_runs,Willson Contreras,batter
2026-05-04T21:59:25.624015+00:00,2026,2026-05-04,batter_home_runs,Batter Home Runs,batter_home_runs,,Jonny DeLuca,TBR,TOR,Eric Lauer,0.5,880.0,12.18,10.2,1.98,Low-Medium,No clear edge,,-0.6,,PropLine game moneyline/total context | Self-stored odds movement snapshots,batter_home_runs,Jonny DeLuca,batter
2026-05-04T21:59:25.624015+00:00,2026,2026-05-04,batter_total_bases_alt,Batter Total Bases Ladder - 4+ Total Bases,batter_total_bases,True,Brett Baty,NYM,COL,Tomoyuki Sugano,3.5,349.0,24.24,22.27,1.97,Low,Alt ladder market,-0.8,1.2,-0.61,PropLine game moneyline/total context | Batter-vs-pitcher sample | Self-stored odds movement snapshots,batter_total_bases,4+ Total Bases,batter
2026-05-04T21:59:25.624015+00:00,2026,2026-05-04,batter_total_bases_alt,Batter Total Bases Ladder - 4+ Total Bases,batter_total_bases,True,Mark Vientos,NYM,COL,Tomoyuki Sugano,3.5,353.0,24.04,22.08,1.97,Low,Alt ladder market,-0.8,1.2,-0.73,PropLine game moneyline/total context | Batter-vs-pitcher sample | Self-stored odds movement snapshots,batter_total_bases,4+ Total Bases,batter
2026-05-04T21:59:25.624015+00:00,2026,2026-05-04,batter_hits_alt,Batter Hits Ladder - 2+ Hits,batter_hits,True,Marcus Semien,NYM,COL,Tomoyuki Sugano,1.5,188.0,36.68,34.72,1.96,Low,Alt ladder market,-0.53,0.8,1.5,PropLine game moneyline/total context | Batter-vs-pitcher sample | Self-stored odds movement snapshots,batter_hits,2+ Hits,batter
2026-05-04T21:59:25.624015+00:00,2026,2026-05-04,batter_home_runs,Batter Home Runs,batter_home_runs,,Alec Burleson,STL,MIL,Chad Patrick,0.5,470.0,19.51,17.54,1.96,Low-Medium,No clear edge,1.49,2.3,,PropLine game moneyline/total context | Batter-vs-pitcher sample | Self-stored odds movement snapshots,batter_home_runs,Alec Burleson,batter
2026-05-04T21:59:25.624015+00:00,2026,2026-05-04,batter_home_runs,Batter Home Runs,batter_home_runs,,Steven Kwan,CLE,KCR,Michael Wacha,0.5,1400.0,8.63,6.67,1.96,Low-Medium,No clear edge,1.86,-1.6,,PropLine game moneyline/total context | Batter-vs-pitcher sample | Self-stored odds movement snapshots,batter_home_runs,Steven Kwan,batter
2026-05-04T21:59:25.624015+00:00,2026,2026-05-04,batter_hits_alt,Batter Hits Ladder - 2+ Hits,batter_hits,True,Alec Bohm,PHI,MIA,Janson Junk,1.5,265.0,29.35,27.4,1.95,Low,Alt ladder market,-0.13,,-1.5,PropLine game moneyline/total context | Batter-vs-pitcher sample | Self-stored odds movement snapshots,batter_hits,2+ Hits,batter
2026-05-04T21:59:25.624015+00:00,2026,2026-05-04,pitcher_earned_runs,Pitcher Earned Runs,pitcher_earned_runs,,Payton Tolle,BOS,DET,Payton Tolle,2.5,128.0,45.8,43.86,1.94,Low-Medium,No clear edge,0.56,-0.8,1.5,PropLine game moneyline/total context | Self-stored odds movement snapshots,pitcher_earned_runs,Over,pitcher
2026-05-04T21:59:25.624015+00:00,2026,2026-05-04,batter_hits_alt,Batter Hits Ladder - 2+ Hits,batter_hits,True,Juan Soto,NYM,COL,Tomoyuki Sugano,1.5,156.0,41.0,39.06,1.94,Low,Alt ladder market,-0.53,0.8,1.5,PropLine game moneyline/total context | Batter-vs-pitcher sample | Self-stored odds movement snapshots,batter_hits,2+ Hits,batter
2026-05-04T21:59:25.624015+00:00,2026,2026-05-04,batter_total_bases_alt,Batter Total Bases Ladder - 3+ Total Bases,batter_total_bases,True,Tyler Freeman,COL,NYM,Huascar Brazobán,2.5,276.0,28.54,26.6,1.94,Low,Alt ladder market,-0.8,,,PropLine game moneyline/total context | Self-stored odds movement snapshots,batter_total_bases,3+ Total Bases,batter
2026-05-04T21:59:25.624015+00:00,2026,2026-05-04,batter_hits_alt,Batter Hits Ladder - 2+ Hits,batter_hits,True,Trea Turner,PHI,MIA,Janson Junk,1.5,167.0,39.37,37.45,1.92,Low,Alt ladder market,-0.13,0.8,1.5,PropLine game moneyline/total context | Batter-vs-pitcher sample | Self-stored odds movement snapshots,batter_hits,2+ Hits,batter
2026-05-04T21:59:25.624015+00:00,2026,2026-05-04,batter_total_bases_alt,Batter Total Bases Ladder - 4+ Total Bases,batter_total_bases,True,Hunter Goodman,COL,NYM,Huascar Brazobán,3.5,193.0,36.04,34.13,1.91,Low,Alt ladder market,-0.8,1.8,,PropLine game moneyline/total context | Self-stored odds movement snapshots,batter_total_bases,4+ Total Bases,batter
2026-05-04T21:59:25.624015+00:00,2026,2026-05-04,batter_total_bases_alt,Batter Total Bases Ladder - 2+ Total Bases,batter_total_bases,True,Wilyer Abreu,BOS,DET,Tarik Skubal,1.5,194.0,35.9,34.01,1.88,Low,Alt ladder market,0.96,1.8,,PropLine game moneyline/total context | Batter-vs-pitcher sample | Self-stored odds movement snapshots,batter_total_bases,2+ Total Bases,batter
2026-05-04T21:59:25.624015+00:00,2026,2026-05-04,batter_total_bases_alt,Batter Total Bases Ladder - 2+ Total Bases,batter_total_bases,True,Connor Wong,BOS,DET,Tarik Skubal,1.5,272.0,28.76,26.88,1.88,Low,Alt ladder market,0.96,,,PropLine game moneyline/total context | Batter-vs-pitcher sample | Self-stored odds movement snapshots,batter_total_bases,2+ Total Bases,batter
2026-05-04T21:59:25.624015+00:00,2026,2026-05-04,batter_total_bases_alt,Batter Total Bases Ladder - 4+ Total Bases,batter_total_bases,True,Marcus Semien,NYM,COL,Tomoyuki Sugano,3.5,340.0,24.6,22.73,1.88,Low,Alt ladder market,-0.8,,0.25,PropLine game moneyline/total context | Batter-vs-pitcher sample | Self-stored odds movement snapshots,batter_total_bases,4+ Total Bases,batter
2026-05-04T21:59:25.624015+00:00,2026,2026-05-04,batter_hits,Batter Hits,batter_hits,,Brett Baty,NYM,COL,Tomoyuki Sugano,0.5,100.0,51.87,50.0,1.87,Low-Medium,No clear edge,-0.53,0.8,1.5,PropLine game moneyline/total context | Batter-vs-pitcher sample | Self-stored odds movement snapshots,batter_hits,Over,batter
2026-05-04T21:59:25.624015+00:00,2026,2026-05-04,pitcher_earned_runs,Pitcher Earned Runs,pitcher_earned_runs,,Tanner Bibee,CLE,KCR,Tanner Bibee,2.5,-106.0,53.31,51.46,1.86,Low-Medium,No clear edge,0.73,1.0,1.5,PropLine game moneyline/total context | Self-stored odds movement snapshots,pitcher_earned_runs,Over,pitcher
2026-05-04T21:59:25.624015+00:00,2026,2026-05-04,batter_hits_alt,Batter Hits Ladder - 2+ Hits,batter_hits,True,MJ Melendez,NYM,COL,Tomoyuki Sugano,1.5,225.0,32.63,30.77,1.86,Low,Alt ladder market,-0.53,0.8,-1.5,PropLine game moneyline/total context | Batter-vs-pitcher sample | Self-stored odds movement snapshots,batter_hits,2+ Hits,batter
2026-05-04T21:59:25.624015+00:00,2026,2026-05-04,pitcher_hits_allowed,Pitcher Hits Allowed,pitcher_hits_allowed,,Aaron Nola,PHI,MIA,Aaron Nola,5.5,100.0,51.85,50.0,1.85,Low-Medium,No clear edge,-0.15,1.0,1.5,PropLine game moneyline/total context | Self-stored odds movement snapshots,pitcher_hits_allowed,Over,pitcher
2026-05-04T21:59:25.624015+00:00,2026,2026-05-04,batter_total_bases_alt,Batter Total Bases Ladder - 2+ Total Bases,batter_total_bases,True,Hao-Yu Lee,DET,BOS,Payton Tolle,1.5,207.0,34.42,32.57,1.85,Low,Alt ladder market,0.96,1.2,,PropLine game moneyline/total context | Batter-vs-pitcher sample | Self-stored odds movement snapshots,batter_total_bases,2+ Total Bases,batter
2026-05-04T21:59:25.624015+00:00,2026,2026-05-04,batter_home_runs,Batter Home Runs,batter_home_runs,,Matt Vierling,DET,BOS,Payton Tolle,0.5,820.0,12.7,10.87,1.83,Low-Medium,No clear edge,1.65,-1.0,,PropLine game moneyline/total context | Batter-vs-pitcher sample | Self-stored odds movement snapshots,batter_home_runs,Matt Vierling,batter
2026-05-04T21:59:25.624015+00:00,2026,2026-05-04,pitcher_strikeouts,Pitcher Strikeouts,pitcher_strikeouts,,Edward Cabrera,CHC,CIN,Edward Cabrera,5.5,-102.0,52.3,50.5,1.8,Low-Medium,No clear edge,,,0.6,PropLine game moneyline/total context | Self-stored odds movement snapshots,pitcher_strikeouts,Over,pitcher
2026-05-04T21:59:25.624015+00:00,2026,2026-05-04,batter_home_runs,Batter Home Runs,batter_home_runs,,Trevor Story,BOS,DET,Tarik Skubal,0.5,980.0,11.05,9.26,1.79,Low-Medium,No clear edge,1.65,-1.0,,PropLine game moneyline/total context | Batter-vs-pitcher sample | Self-stored odds movement snapshots,batter_home_runs,1+ Home Runs,batter
2026-05-04T21:59:25.624015+00:00,2026,2026-05-04,batter_home_runs_alt,Batter Home Runs Alt - 2+ Home Runs,batter_home_runs,True,Riley Greene,DET,BOS,Payton Tolle,1.5,6900.0,3.2,1.43,1.77,Low,Alt ladder market,1.65,2.3,,PropLine game moneyline/total context | Batter-vs-pitcher sample | Self-stored odds movement snapshots,batter_home_runs,2+ Home Runs,batter
2026-05-04T21:59:25.624015+00:00,2026,2026-05-04,batter_hits_alt,Batter Hits Ladder - 2+ Hits,batter_hits,True,Francisco Alvarez,NYM,COL,Tomoyuki Sugano,1.5,170.0,38.78,37.04,1.75,Low,Alt ladder market,-0.53,0.8,1.5,PropLine game moneyline/total context | Batter-vs-pitcher sample | Self-stored odds movement snapshots,batter_hits,2+ Hits,batter
2026-05-04T21:59:25.624015+00:00,2026,2026-05-04,batter_home_runs_alt,Batter Home Runs Alt - 2+ Home Runs,batter_home_runs,True,Jahmai Jones,DET,BOS,Payton Tolle,1.5,5800.0,3.44,1.69,1.74,Low,Alt ladder market,1.65,2.3,,PropLine game moneyline/total context | Batter-vs-pitcher sample | Self-stored odds movement snapshots,batter_home_runs,2+ Home Runs,batter
2026-05-04T21:59:25.624015+00:00,2026,2026-05-04,batter_total_bases,Batter Total Bases,batter_total_bases,,Connor Norby,MIA,PHI,Aaron Nola,0.5,100.0,51.72,50.0,1.72,Low-Medium,No clear edge,-0.18,1.2,,PropLine game moneyline/total context | Batter-vs-pitcher sample | Self-stored odds movement snapshots,batter_total_bases,Over,batter
2026-05-04T21:59:25.624015+00:00,2026,2026-05-04,batter_total_bases_alt,Batter Total Bases Ladder - 2+ Total Bases,batter_total_bases,True,Kevin McGonigle,DET,BOS,Payton Tolle,1.5,146.0,42.37,40.65,1.72,Low,Alt ladder market,0.96,1.2,1.5,PropLine game moneyline/total context | Batter-vs-pitcher sample | Self-stored odds movement snapshots,batter_total_bases,2+ Total Bases,batter
2026-05-04T21:59:25.624015+00:00,2026,2026-05-04,batter_total_bases_alt,Batter Total Bases Ladder - 4+ Total Bases,batter_total_bases,True,Bo Bichette,NYM,COL,Tomoyuki Sugano,3.5,306.0,26.34,24.63,1.71,Low,Alt ladder market,-0.8,1.8,-1.5,PropLine game moneyline/total context | Batter-vs-pitcher sample | Self-stored odds movement snapshots,batter_total_bases,4+ Total Bases,batter
2026-05-04T21:59:25.624015+00:00,2026,2026-05-04,batter_home_runs,Batter Home Runs,batter_home_runs,,Ceddanne Rafaela,BOS,DET,Tarik Skubal,0.5,960.0,11.12,9.43,1.69,Low-Medium,No clear edge,1.65,,,PropLine game moneyline/total context | Batter-vs-pitcher sample | Self-stored odds movement snapshots,batter_home_runs,1+ Home Runs,batter
2026-05-04T21:59:25.624015+00:00,2026,2026-05-04,batter_home_runs,Batter Home Runs,batter_home_runs,,Ryan McMahon,NYY,BAL,Shane Baz,0.5,520.0,17.81,16.13,1.68,Low-Medium,No clear edge,-0.14,0.8,,PropLine game moneyline/total context | Batter-vs-pitcher sample | Self-stored odds movement snapshots,batter_home_runs,Ryan McMahon,batter
2026-05-04T21:59:25.624015+00:00,2026,2026-05-04,batter_home_runs,Batter Home Runs,batter_home_runs,,Owen Caissie,MIA,PHI,Aaron Nola,0.5,680.0,14.5,12.82,1.68,Low-Medium,No clear edge,-0.33,,,PropLine game moneyline/total context | Batter-vs-pitcher sample | Self-stored odds movement snapshots,batter_home_runs,Owen Caissie,batter
2026-05-04T21:59:25.624015+00:00,2026,2026-05-04,batter_home_runs_alt,Batter Home Runs Alt - 2+ Home Runs,batter_home_runs,True,Hao-Yu Lee,DET,BOS,Payton Tolle,1.5,8800.0,2.8,1.12,1.68,Low,Alt ladder market,1.65,1.5,,PropLine game moneyline/total context | Batter-vs-pitcher sample | Self-stored odds movement snapshots,batter_home_runs,2+ Home Runs,batter
2026-05-04T21:59:25.624015+00:00,2026,2026-05-04,batter_home_runs_alt,Batter Home Runs Alt - 2+ Home Runs,batter_home_runs,True,Kevin McGonigle,DET,BOS,Payton Tolle,1.5,9400.0,2.74,1.05,1.68,Low,Alt ladder market,1.65,1.5,,PropLine game moneyline/total context | Batter-vs-pitcher sample | Self-stored odds movement snapshots,batter_home_runs,2+ Home Runs,batter
2026-05-04T21:59:25.624015+00:00,2026,2026-05-04,batter_home_runs,Batter Home Runs,batter_home_runs,,Blake Perkins,MIL,STL,Kyle Leahy,0.5,1120.0,9.87,8.2,1.67,Low-Medium,No clear edge,1.49,-1.6,,PropLine game moneyline/total context | Batter-vs-pitcher sample | Self-stored odds movement snapshots,batter_home_runs,Blake Perkins,batter
2026-05-04T21:59:25.624015+00:00,2026,2026-05-04,batter_home_runs_alt,Batter Home Runs Alt - 2+ Home Runs,batter_home_runs,True,Willson Contreras,BOS,DET,Tarik Skubal,1.5,5600.0,3.42,1.75,1.66,Low,Alt ladder market,1.65,2.3,,PropLine game moneyline/total context | Batter-vs-pitcher sample | Self-stored odds movement snapshots,batter_home_runs,2+ Home Runs,batter
2026-05-04T21:59:25.624015+00:00,2026,2026-05-04,batter_total_bases_alt,Batter Total Bases Ladder - 2+ Total Bases,batter_total_bases,True,Dillon Dingler,DET,BOS,Payton Tolle,1.5,135.0,44.19,42.55,1.64,Low,Alt ladder market,0.96,1.8,1.5,PropLine game moneyline/total context | Batter-vs-pitcher sample | Self-stored odds movement snapshots,batter_total_bases,2+ Total Bases,batter
2026-05-04T21:59:25.624015+00:00,2026,2026-05-04,batter_hits_alt,Batter Hits Ladder - 2+ Hits,batter_hits,True,Tyrone Taylor,NYM,COL,Tomoyuki Sugano,1.5,235.0,31.49,29.85,1.64,Low,Alt ladder market,-0.53,0.8,-1.5,PropLine game moneyline/total context | Batter-vs-pitcher sample | Self-stored odds movement snapshots,batter_hits,2+ Hits,batter
2026-05-04T21:59:25.624015+00:00,2026,2026-05-04,batter_total_bases_alt,Batter Total Bases Ladder - 2+ Total Bases,batter_total_bases,True,Andruw Monasterio,BOS,DET,Tarik Skubal,1.5,205.0,34.41,32.79,1.62,Low,Alt ladder market,0.96,1.8,,PropLine game moneyline/total context | Batter-vs-pitcher sample | Self-stored odds movement snapshots,batter_total_bases,2+ Total Bases,batter
2026-05-04T21:59:25.624015+00:00,2026,2026-05-04,batter_total_bases_alt,Batter Total Bases Ladder - 2+ Total Bases,batter_total_bases,True,Willson Contreras,BOS,DET,Tarik Skubal,1.5,170.0,38.65,37.04,1.61,Low,Alt ladder market,0.96,1.8,,PropLine game moneyline/total context | Batter-vs-pitcher sample | Self-stored odds movement snapshots,batter_total_bases,2+ Total Bases,batter
2026-05-04T21:59:25.624015+00:00,2026,2026-05-04,batter_home_runs_alt,Batter Home Runs Alt - 3+ Home Runs,batter_home_runs,True,Hunter Goodman,COL,NYM,Huascar Brazobán,2.5,10000.0,2.6,0.99,1.61,Low,Alt ladder market,-1.2,2.3,,PropLine game moneyline/total context | Self-stored odds movement snapshots,batter_home_runs,3+ Home Runs,batter
2026-05-04T21:59:25.624015+00:00,2026,2026-05-04,batter_total_bases,Batter Total Bases,batter_total_bases,,Troy Johnston,COL,NYM,Huascar Brazobán,0.5,100.0,51.6,50.0,1.6,Low-Medium,No clear edge,-0.8,1.2,1.5,PropLine game moneyline/total context | Self-stored odds movement snapshots,batter_total_bases,Over,batter
2026-05-04T21:59:25.624015+00:00,2026,2026-05-04,batter_home_runs,Batter Home Runs,batter_home_runs,,Cody Bellinger,NYY,BAL,Shane Baz,0.5,570.0,16.53,14.93,1.6,Low-Medium,No clear edge,-0.14,,,PropLine game moneyline/total context | Batter-vs-pitcher sample | Self-stored odds movement snapshots,batter_home_runs,Cody Bellinger,batter
2026-05-04T21:59:25.624015+00:00,2026,2026-05-04,batter_home_runs_alt,Batter Home Runs Alt - 2+ Home Runs,batter_home_runs,True,Spencer Torkelson,DET,BOS,Payton Tolle,1.5,4700.0,3.67,2.08,1.59,Low,Alt ladder market,1.65,1.5,,PropLine game moneyline/total context | Batter-vs-pitcher sample | Self-stored odds movement snapshots,batter_home_runs,2+ Home Runs,batter
2026-05-04T21:59:25.624015+00:00,2026,2026-05-04,batter_total_bases_alt,Batter Total Bases Ladder - 2+ Total Bases,batter_total_bases,True,Joe Mack,MIA,PHI,Aaron Nola,1.5,199.0,35.01,33.44,1.57,Low,Alt ladder market,-0.18,,,PropLine game moneyline/total context | Batter-vs-pitcher sample | Self-stored odds movement snapshots,batter_total_bases,2+ Total Bases,batter
2026-05-04T21:59:25.624015+00:00,2026,2026-05-04,batter_total_bases_alt,Batter Total Bases Ladder - 2+ Total Bases,batter_total_bases,True,Matt Vierling,DET,BOS,Payton Tolle,1.5,196.0,35.34,33.78,1.56,Low,Alt ladder market,0.96,,,PropLine game moneyline/total context | Batter-vs-pitcher sample | Self-stored odds movement snapshots,batter_total_bases,2+ Total Bases,batter
2026-05-04T21:59:25.624015+00:00,2026,2026-05-04,batter_total_bases_alt,Batter Total Bases Ladder - 3+ Total Bases,batter_total_bases,True,Brenton Doyle,COL,NYM,Huascar Brazobán,2.5,259.0,29.38,27.86,1.53,Low,Alt ladder market,-0.8,,,PropLine game moneyline/total context | Self-stored odds movement snapshots,batter_total_bases,3+ Total Bases,batter
2026-05-04T21:59:25.624015+00:00,2026,2026-05-04,batter_home_runs,Batter Home Runs,batter_home_runs,,JJ Wetherholt,STL,MIL,Chad Patrick,0.5,490.0,18.47,16.95,1.52,Low-Medium,No clear edge,1.49,,,PropLine game moneyline/total context | Batter-vs-pitcher sample | Self-stored odds movement snapshots,batter_home_runs,JJ Wetherholt,batter
2026-05-04T21:59:25.624015+00:00,2026,2026-05-04,batter_home_runs_alt,Batter Home Runs Alt - 2+ Home Runs,batter_home_runs,True,Liam Hicks,MIA,PHI,Aaron Nola,1.5,7900.0,2.77,1.25,1.52,Low,Alt ladder market,-0.33,,,PropLine game moneyline/total context | Batter-vs-pitcher sample | Self-stored odds movement snapshots,batter_home_runs,2+ Home Runs,batter
2026-05-04T21:59:25.624015+00:00,2026,2026-05-04,batter_total_bases_alt,Batter Total Bases Ladder - 3+ Total Bases,batter_total_bases,True,Trea Turner,PHI,MIA,Janson Junk,2.5,217.0,33.06,31.55,1.51,Low,Alt ladder market,-0.18,,1.5,PropLine game moneyline/total context | Batter-vs-pitcher sample | Self-stored odds movement snapshots,batter_total_bases,3+ Total Bases,batter
2026-05-04T21:59:25.624015+00:00,2026,2026-05-04,batter_total_bases,Batter Total Bases,batter_total_bases,,Hunter Goodman,COL,NYM,Huascar Brazobán,1.5,-112.0,54.33,52.83,1.5,Low-Medium,No clear edge,-0.8,1.8,,PropLine game moneyline/total context | Self-stored odds movement snapshots,batter_total_bases,Under,batter
2026-05-04T21:59:25.624015+00:00,2026,2026-05-04,batter_home_runs,Batter Home Runs,batter_home_runs,,William Contreras,MIL,STL,Kyle Leahy,0.5,680.0,14.32,12.82,1.5,Low-Medium,No clear edge,1.49,,,PropLine game moneyline/total context | Batter-vs-pitcher sample | Self-stored odds movement snapshots,batter_home_runs,William Contreras,batter
2026-05-04T21:59:25.624015+00:00,2026,2026-05-04,batter_total_bases_alt,Batter Total Bases Ladder - 2+ Total Bases,batter_total_bases,True,Owen Caissie,MIA,PHI,Aaron Nola,1.5,168.0,38.8,37.31,1.49,Low,Alt ladder market,-0.18,1.8,,PropLine game moneyline/total context | Batter-vs-pitcher sample | Self-stored odds movement snapshots,batter_total_bases,2+ Total Bases,batter
2026-05-04T21:59:25.624015+00:00,2026,2026-05-04,batter_total_bases_alt,Batter Total Bases Ladder - 2+ Total Bases,batter_total_bases,True,Roman Anthony,BOS,DET,Tarik Skubal,1.5,192.0,35.73,34.25,1.49,Low,Alt ladder market,0.96,1.8,,PropLine game moneyline/total context | Batter-vs-pitcher sample | Self-stored odds movement snapshots,batter_total_bases,2+ Total Bases,batter
2026-05-04T21:59:25.624015+00:00,2026,2026-05-04,batter_home_runs,Batter Home Runs,batter_home_runs,,Taylor Walls,TBR,TOR,Eric Lauer,0.5,1200.0,9.18,7.69,1.48,Low-Medium,No clear edge,,-1.6,,PropLine game moneyline/total context | Self-stored odds movement snapshots,batter_home_runs,Taylor Walls,batter
2026-05-04T21:59:25.624015+00:00,2026,2026-05-04,batter_home_runs,Batter Home Runs,batter_home_runs,,Garrett Mitchell,MIL,STL,Kyle Leahy,0.5,630.0,15.17,13.7,1.47,Low-Medium,No clear edge,1.49,1.5,,PropLine game moneyline/total context | Batter-vs-pitcher sample | Self-stored odds movement snapshots,batter_home_runs,Garrett Mitchell,batter
2026-05-04T21:59:25.624015+00:00,2026,2026-05-04,pitcher_hits_allowed,Pitcher Hits Allowed,pitcher_hits_allowed,,Tanner Bibee,CLE,KCR,Tanner Bibee,5.5,113.0,48.41,46.95,1.46,Low-Medium,No clear edge,0.63,1.0,-1.5,PropLine game moneyline/total context | Self-stored odds movement snapshots,pitcher_hits_allowed,Over,pitcher
2026-05-04T21:59:25.624015+00:00,2026,2026-05-04,batter_total_bases_alt,Batter Total Bases Ladder - 2+ Total Bases,batter_total_bases,True,Isiah Kiner-Falefa,BOS,DET,Tarik Skubal,1.5,254.0,29.71,28.25,1.46,Low,Alt ladder market,0.96,,,PropLine game moneyline/total context | Batter-vs-pitcher sample | Self-stored odds movement snapshots,batter_total_bases,2+ Total Bases,batter
2026-05-04T21:59:25.624015+00:00,2026,2026-05-04,batter_total_bases_alt,Batter Total Bases Ladder - 3+ Total Bases,batter_total_bases,True,Tyrone Taylor,NYM,COL,Tomoyuki Sugano,2.5,283.0,27.57,26.11,1.46,Low,Alt ladder market,-0.8,,1.5,PropLine game moneyline/total context | Batter-vs-pitcher sample | Self-stored odds movement snapshots,batter_total_bases,3+ Total Bases,batter
2026-05-04T21:59:25.624015+00:00,2026,2026-05-04,batter_total_bases_alt,Batter Total Bases Ladder - 4+ Total Bases,batter_total_bases,True,MJ Melendez,NYM,COL,Tomoyuki Sugano,3.5,210.0,33.71,32.26,1.45,Low,Alt ladder market,-0.8,1.8,1.3,PropLine game moneyline/total context | Batter-vs-pitcher sample | Self-stored odds movement snapshots,batter_total_bases,4+ Total Bases,batter
2026-05-04T21:59:25.624015+00:00,2026,2026-05-04,batter_total_bases_alt,Batter Total Bases Ladder - 3+ Total Bases,batter_total_bases,True,Carson Benge,NYM,COL,Tomoyuki Sugano,2.5,241.0,30.77,29.33,1.44,Low,Alt ladder market,-0.8,,1.3,PropLine game moneyline/total context | Batter-vs-pitcher sample | Self-stored odds movement snapshots,batter_total_bases,3+ Total Bases,batter
2026-05-04T21:59:25.624015+00:00,2026,2026-05-04,batter_total_bases_alt,Batter Total Bases Ladder - 2+ Total Bases,batter_total_bases,True,Riley Greene,DET,BOS,Payton Tolle,1.5,160.0,39.87,38.46,1.41,Low,Alt ladder market,0.96,1.8,,PropLine game moneyline/total context | Batter-vs-pitcher sample | Self-stored odds movement snapshots,batter_total_bases,2+ Total Bases,batter
2026-05-04T21:59:25.624015+00:00,2026,2026-05-04,batter_total_bases_alt,Batter Total Bases Ladder - 3+ Total Bases,batter_total_bases,True,Jordan Beck,COL,NYM,Huascar Brazobán,2.5,243.0,30.57,29.15,1.41,Low,Alt ladder market,-0.8,,,PropLine game moneyline/total context | Self-stored odds movement snapshots,batter_total_bases,3+ Total Bases,batter
2026-05-04T21:59:25.624015+00:00,2026,2026-05-04,batter_hits_alt,Batter Hits Ladder - 2+ Hits,batter_hits,True,Carson Benge,NYM,COL,Tomoyuki Sugano,1.5,207.0,33.97,32.57,1.4,Low,Alt ladder market,-0.53,0.8,-1.5,PropLine game moneyline/total context | Batter-vs-pitcher sample | Self-stored odds movement snapshots,batter_hits,2+ Hits,batter
2026-05-04T21:59:25.624015+00:00,2026,2026-05-04,batter_home_runs,Batter Home Runs,batter_home_runs,,Brayan Rocchio,CLE,KCR,Michael Wacha,0.5,980.0,10.66,9.26,1.4,Low-Medium,No clear edge,1.86,-1.6,,PropLine game moneyline/total context | Batter-vs-pitcher sample | Self-stored odds movement snapshots,batter_home_runs,Brayan Rocchio,batter
2026-05-04T21:59:25.624015+00:00,2026,2026-05-04,batter_hits,Batter Hits,batter_hits,,Isiah Kiner-Falefa,BOS,DET,Tarik Skubal,0.5,104.0,50.41,49.02,1.39,Low-Medium,No clear edge,0.4,0.8,-1.5,PropLine game moneyline/total context | Batter-vs-pitcher sample | Self-stored odds movement snapshots,batter_hits,Under,batter
2026-05-04T21:59:25.624015+00:00,2026,2026-05-04,batter_hits,Batter Hits,batter_hits,,Andruw Monasterio,BOS,DET,Tarik Skubal,0.5,104.0,50.41,49.02,1.39,Low-Medium,No clear edge,0.4,0.8,-1.5,PropLine game moneyline/total context | Batter-vs-pitcher sample | Self-stored odds movement snapshots,batter_hits,Under,batter
2026-05-04T21:59:25.624015+00:00,2026,2026-05-04,batter_total_bases_alt,Batter Total Bases Ladder - 2+ Total Bases,batter_total_bases,True,Liam Hicks,MIA,PHI,Aaron Nola,1.5,127.0,45.45,44.05,1.39,Low,Alt ladder market,-0.18,1.2,1.5,PropLine game moneyline/total context | Batter-vs-pitcher sample | Self-stored odds movement snapshots,batter_total_bases,2+ Total Bases,batter
2026-05-04T21:59:25.624015+00:00,2026,2026-05-04,batter_total_bases_alt,Batter Total Bases Ladder - 2+ Total Bases,batter_total_bases,True,Trevor Story,BOS,DET,Tarik Skubal,1.5,209.0,33.75,32.36,1.39,Low,Alt ladder market,0.96,,,PropLine game moneyline/total context | Batter-vs-pitcher sample | Self-stored odds movement snapshots,batter_total_bases,2+ Total Bases,batter
2026-05-04T21:59:25.624015+00:00,2026,2026-05-04,batter_total_bases_alt,Batter Total Bases Ladder - 2+ Total Bases,batter_total_bases,True,Brandon Marsh,PHI,MIA,Janson Junk,1.5,149.0,41.54,40.16,1.38,Low,Alt ladder market,-0.18,1.8,1.5,PropLine game moneyline/total context | Batter-vs-pitcher sample | Self-stored odds movement snapshots,batter_total_bases,2+ Total Bases,batter
2026-05-04T21:59:25.624015+00:00,2026,2026-05-04,batter_total_bases_alt,Batter Total Bases Ladder - 2+ Total Bases,batter_total_bases,True,Caleb Durbin,BOS,DET,Tarik Skubal,1.5,260.0,29.16,27.78,1.38,Low,Alt ladder market,0.96,-0.8,,PropLine game moneyline/total context | Batter-vs-pitcher sample | Self-stored odds movement snapshots,batter_total_bases,2+ Total Bases,batter
2026-05-04T21:59:25.624015+00:00,2026,2026-05-04,batter_total_bases_alt,Batter Total Bases Ladder - 2+ Total Bases,batter_total_bases,True,Spencer Torkelson,DET,BOS,Payton Tolle,1.5,157.0,40.28,38.91,1.37,Low,Alt ladder market,0.96,1.8,,PropLine game moneyline/total context | Batter-vs-pitcher sample | Self-stored odds movement snapshots,batter_total_bases,2+ Total Bases,batter
2026-05-04T21:59:25.624015+00:00,2026,2026-05-04,batter_home_runs_alt,Batter Home Runs Alt - 2+ Home Runs,batter_home_runs,True,Gleyber Torres,DET,BOS,Payton Tolle,1.5,10000.0,2.36,0.99,1.37,Low,Alt ladder market,1.65,-0.6,,PropLine game moneyline/total context | Batter-vs-pitcher sample | Self-stored odds movement snapshots,batter_home_runs,2+ Home Runs,batter
2026-05-04T21:59:25.624015+00:00,2026,2026-05-04,batter_hits_alt,Batter Hits Ladder - 2+ Hits,batter_hits,True,Brett Baty,NYM,COL,Tomoyuki Sugano,1.5,163.0,39.38,38.02,1.36,Low,Alt ladder market,-0.53,0.8,1.5,PropLine game moneyline/total context | Batter-vs-pitcher sample | Self-stored odds movement snapshots,batter_hits,2+ Hits,batter
2026-05-04T21:59:25.624015+00:00,2026,2026-05-04,pitcher_strikeouts,Pitcher Strikeouts,pitcher_strikeouts,,Tarik Skubal,DET,BOS,Tarik Skubal,7.5,113.0,48.29,46.95,1.34,Low-Medium,No clear edge,-0.4,,1.41,PropLine game moneyline/total context | Self-stored odds movement snapshots,pitcher_strikeouts,Over,pitcher
2026-05-04T21:59:25.624015+00:00,2026,2026-05-04,batter_home_runs_alt,Batter Home Runs Alt - 2+ Home Runs,batter_home_runs,True,Joe Mack,MIA,PHI,Aaron Nola,1.5,10000.0,2.31,0.99,1.32,Low,Alt ladder market,-0.33,,,PropLine game moneyline/total context | Batter-vs-pitcher sample | Self-stored odds movement snapshots,batter_home_runs,2+ Home Runs,batter
2026-05-04T21:59:25.624015+00:00,2026,2026-05-04,batter_home_runs_alt,Batter Home Runs Alt - 2+ Home Runs,batter_home_runs,True,Xavier Edwards,MIA,PHI,Aaron Nola,1.5,10000.0,2.31,0.99,1.32,Low,Alt ladder market,-0.33,,,PropLine game moneyline/total context | Batter-vs-pitcher sample | Self-stored odds movement snapshots,batter_home_runs,2+ Home Runs,batter
2026-05-04T21:59:25.624015+00:00,2026,2026-05-04,batter_total_bases,Batter Total Bases,batter_total_bases,,Nico Hoerner,CHC,CIN,Chase Petty,1.5,-113.0,54.36,53.05,1.31,Low-Medium,No clear edge,-0.81,,0.75,PropLine game moneyline/total context | Batter-vs-pitcher sample | Self-stored odds movement snapshots,batter_total_bases,Over,batter
2026-05-04T21:59:25.624015+00:00,2026,2026-05-04,batter_total_bases_alt,Batter Total Bases Ladder - 3+ Total Bases,batter_total_bases,True,Hunter Goodman,COL,NYM,Huascar Brazobán,2.5,145.0,42.12,40.82,1.31,Low,Alt ladder market,-0.8,1.8,,PropLine game moneyline/total context | Self-stored odds movement snapshots,batter_total_bases,3+ Total Bases,batter
2026-05-04T21:59:25.624015+00:00,2026,2026-05-04,batter_home_runs_alt,Batter Home Runs Alt - 2+ Home Runs,batter_home_runs,True,Otto Lopez,MIA,PHI,Aaron Nola,1.5,8900.0,2.42,1.11,1.31,Low,Alt ladder market,-0.33,,,PropLine game moneyline/total context | Batter-vs-pitcher sample | Self-stored odds movement snapshots,batter_home_runs,2+ Home Runs,batter
2026-05-04T21:59:25.624015+00:00,2026,2026-05-04,pitcher_strikeouts,Pitcher Strikeouts,pitcher_strikeouts,,Nick Martinez,TBR,TOR,Nick Martinez,3.5,115.0,47.8,46.51,1.29,Low-Medium,No clear edge,,-0.8,-1.5,PropLine game moneyline/total context | Self-stored odds movement snapshots,pitcher_strikeouts,Under,pitcher
2026-05-04T21:59:25.624015+00:00,2026,2026-05-04,batter_total_bases_alt,Batter Total Bases Ladder - 4+ Total Bases,batter_total_bases,True,Francisco Alvarez,NYM,COL,Tomoyuki Sugano,3.5,251.0,29.77,28.49,1.28,Low,Alt ladder market,-0.8,1.2,-1.5,PropLine game moneyline/total context | Batter-vs-pitcher sample | Self-stored odds movement snapshots,batter_total_bases,4+ Total Bases,batter
2026-05-04T21:59:25.624015+00:00,2026,2026-05-04,batter_home_runs,Batter Home Runs,batter_home_runs,,Tyler Freeman,COL,NYM,Huascar Brazobán,0.5,1200.0,8.98,7.69,1.28,Low-Medium,No clear edge,-1.2,-1.6,,PropLine game moneyline/total context | Self-stored odds movement snapshots,batter_home_runs,Tyler Freeman,batter
2026-05-04T21:59:25.624015+00:00,2026,2026-05-04,pitcher_strikeouts,Pitcher Strikeouts,pitcher_strikeouts,,Aaron Nola,PHI,MIA,Aaron Nola,5.5,102.0,50.77,49.5,1.27,Low-Medium,No clear edge,-0.03,,1.5,PropLine game moneyline/total context | Self-stored odds movement snapshots,pitcher_strikeouts,Over,pitcher
2026-05-04T21:59:25.624015+00:00,2026,2026-05-04,batter_total_bases_alt,Batter Total Bases Ladder - 2+ Total Bases,batter_total_bases,True,Ceddanne Rafaela,BOS,DET,Tarik Skubal,1.5,197.0,34.94,33.67,1.27,Low,Alt ladder market,0.96,,,PropLine game moneyline/total context | Batter-vs-pitcher sample | Self-stored odds movement snapshots,batter_total_bases,2+ Total Bases,batter
2026-05-04T21:59:25.624015+00:00,2026,2026-05-04,batter_home_runs_alt,Batter Home Runs Alt - 2+ Home Runs,batter_home_runs,True,Owen Caissie,MIA,PHI,Aaron Nola,1.5,6500.0,2.78,1.52,1.27,Low,Alt ladder market,-0.33,,,PropLine game moneyline/total context | Batter-vs-pitcher sample | Self-stored odds movement snapshots,batter_home_runs,2+ Home Runs,batter
2026-05-04T21:59:25.624015+00:00,2026,2026-05-04,batter_home_runs_alt,Batter Home Runs Alt - 2+ Home Runs,batter_home_runs,True,Hunter Goodman,COL,NYM,Huascar Brazobán,1.5,1980.0,6.07,4.81,1.26,Low,Alt ladder market,-1.2,2.3,,PropLine game moneyline/total context | Self-stored odds movement snapshots,batter_home_runs,2+ Home Runs,batter
2026-05-04T21:59:25.624015+00:00,2026,2026-05-04,batter_home_runs_alt,Batter Home Runs Alt - 2+ Home Runs,batter_home_runs,True,Connor Norby,MIA,PHI,Aaron Nola,1.5,6200.0,2.85,1.59,1.26,Low,Alt ladder market,-0.33,,,PropLine game moneyline/total context | Batter-vs-pitcher sample | Self-stored odds movement snapshots,batter_home_runs,2+ Home Runs,batter
2026-05-04T21:59:25.624015+00:00,2026,2026-05-04,batter_hits,Batter Hits,batter_hits,,Andruw Monasterio,BOS,DET,Tarik Skubal,0.5,103.0,50.5,49.26,1.24,Low-Medium,No clear edge,0.4,0.8,-1.5,PropLine game moneyline/total context | Batter-vs-pitcher sample | Self-stored odds movement snapshots,batter_hits,Under,batter
2026-05-04T21:59:25.624015+00:00,2026,2026-05-04,batter_total_bases_alt,Batter Total Bases Ladder - 2+ Total Bases,batter_total_bases,True,Otto Lopez,MIA,PHI,Aaron Nola,1.5,114.0,47.97,46.73,1.24,Low,Alt ladder market,-0.18,1.8,1.5,PropLine game moneyline/total context | Batter-vs-pitcher sample | Self-stored odds movement snapshots,batter_total_bases,2+ Total Bases,batter
2026-05-04T21:59:25.624015+00:00,2026,2026-05-04,batter_home_runs_alt,Batter Home Runs Alt - 2+ Home Runs,batter_home_runs,True,Kyle Schwarber,PHI,MIA,Janson Junk,1.5,3000.0,4.46,3.23,1.24,Low,Alt ladder market,-0.33,2.3,,PropLine game moneyline/total context | Batter-vs-pitcher sample | Self-stored odds movement snapshots,batter_home_runs,2+ Home Runs,batter
2026-05-04T21:59:25.624015+00:00,2026,2026-05-04,batter_total_bases_alt,Batter Total Bases Ladder - 2+ Total Bases,batter_total_bases,True,Gleyber Torres,DET,BOS,Payton Tolle,1.5,167.0,38.68,37.45,1.23,Low,Alt ladder market,0.96,,,PropLine game moneyline/total context | Batter-vs-pitcher sample | Self-stored odds movement snapshots,batter_total_bases,2+ Total Bases,batter
2026-05-04T21:59:25.624015+00:00,2026,2026-05-04,pitcher_earned_runs,Pitcher Earned Runs,pitcher_earned_runs,,Shane Baz,BAL,NYY,Shane Baz,2.5,117.0,47.29,46.08,1.21,Low-Medium,No clear edge,-0.14,1.0,-1.5,PropLine game moneyline/total context | Self-stored odds movement snapshots,pitcher_earned_runs,Under,pitcher
2026-05-04T21:59:25.624015+00:00,2026,2026-05-04,batter_total_bases_alt,Batter Total Bases Ladder - 2+ Total Bases,batter_total_bases,True,Xavier Edwards,MIA,PHI,Aaron Nola,1.5,127.0,45.27,44.05,1.21,Low,Alt ladder market,-0.18,,1.5,PropLine game moneyline/total context | Batter-vs-pitcher sample | Self-stored odds movement snapshots,batter_total_bases,2+ Total Bases,batter
2026-05-04T21:59:25.624015+00:00,2026,2026-05-04,batter_total_bases_alt,Batter Total Bases Ladder - 2+ Total Bases,batter_total_bases,True,Connor Norby,MIA,PHI,Aaron Nola,1.5,154.0,40.58,39.37,1.21,Low,Alt ladder market,-0.18,1.2,,PropLine game moneyline/total context | Batter-vs-pitcher sample | Self-stored odds movement snapshots,batter_total_bases,2+ Total Bases,batter
2026-05-04T21:59:25.624015+00:00,2026,2026-05-04,batter_total_bases_alt,Batter Total Bases Ladder - 2+ Total Bases,batter_total_bases,True,Jahmai Jones,DET,BOS,Payton Tolle,1.5,168.0,38.52,37.31,1.21,Low,Alt ladder market,0.96,1.8,,PropLine game moneyline/total context | Batter-vs-pitcher sample | Self-stored odds movement snapshots,batter_total_bases,2+ Total Bases,batter
2026-05-04T21:59:25.624015+00:00,2026,2026-05-04,batter_hits,Batter Hits,batter_hits,,Connor Wong,BOS,DET,Tarik Skubal,0.5,-123.0,56.35,55.16,1.19,Low-Medium,No clear edge,0.4,,0.78,PropLine game moneyline/total context | Batter-vs-pitcher sample | Self-stored odds movement snapshots,batter_hits,Under,batter
2026-05-04T21:59:25.624015+00:00,2026,2026-05-04,pitcher_strikeouts,Pitcher Strikeouts,pitcher_strikeouts,,Tanner Bibee,CLE,KCR,Tanner Bibee,4.5,104.0,50.21,49.02,1.19,Low-Medium,No clear edge,-0.4,,1.5,PropLine game moneyline/total context | Self-stored odds movement snapshots,pitcher_strikeouts,Over,pitcher
2026-05-04T21:59:25.624015+00:00,2026,2026-05-04,batter_total_bases_alt,Batter Total Bases Ladder - 2+ Total Bases,batter_total_bases,True,Graham Pauley,MIA,PHI,Aaron Nola,1.5,203.0,34.19,33.0,1.19,Low,Alt ladder market,-0.18,-0.8,,PropLine game moneyline/total context | Batter-vs-pitcher sample | Self-stored odds movement snapshots,batter_total_bases,2+ Total Bases,batter
2026-05-04T21:59:25.624015+00:00,2026,2026-05-04,batter_total_bases_alt,Batter Total Bases Ladder - 3+ Total Bases,batter_total_bases,True,Mark Vientos,NYM,COL,Tomoyuki Sugano,2.5,223.0,32.13,30.96,1.17,Low,Alt ladder market,-0.8,1.2,-0.73,PropLine game moneyline/total context | Batter-vs-pitcher sample | Self-stored odds movement snapshots,batter_total_bases,3+ Total Bases,batter
2026-05-04T21:59:25.624015+00:00,2026,2026-05-04,batter_home_runs_alt,Batter Home Runs Alt - 2+ Home Runs,batter_home_runs,True,Andruw Monasterio,BOS,DET,Tarik Skubal,1.5,10000.0,2.15,0.99,1.16,Low,Alt ladder market,1.65,,,PropLine game moneyline/total context | Batter-vs-pitcher sample | Self-stored odds movement snapshots,batter_home_runs,2+ Home Runs,batter
2026-05-04T21:59:25.624015+00:00,2026,2026-05-04,batter_home_runs_alt,Batter Home Runs Alt - 2+ Home Runs,batter_home_runs,True,Matt Vierling,DET,BOS,Payton Tolle,1.5,10000.0,2.15,0.99,1.16,Low,Alt ladder market,1.65,-1.0,,PropLine game moneyline/total context | Batter-vs-pitcher sample | Self-stored odds movement snapshots,batter_home_runs,2+ Home Runs,batter
2026-05-04T21:59:25.624015+00:00,2026,2026-05-04,batter_home_runs_alt,Batter Home Runs Alt - 2+ Home Runs,batter_home_runs,True,Wilyer Abreu,BOS,DET,Tarik Skubal,1.5,10000.0,2.15,0.99,1.16,Low,Alt ladder market,1.65,,,PropLine game moneyline/total context | Batter-vs-pitcher sample | Self-stored odds movement snapshots,batter_home_runs,2+ Home Runs,batter
2026-05-04T21:59:25.624015+00:00,2026,2026-05-04,pitcher_strikeouts,Pitcher Strikeouts,pitcher_strikeouts,,Aaron Nola,PHI,MIA,Aaron Nola,5.5,101.0,50.87,49.75,1.12,Low-Medium,No clear edge,-0.03,,1.5,PropLine game moneyline/total context | Self-stored odds movement snapshots,pitcher_strikeouts,Over,pitcher
2026-05-04T21:59:25.624015+00:00,2026,2026-05-04,batter_home_runs,Batter Home Runs,batter_home_runs,,Jahmai Jones,DET,BOS,Payton Tolle,0.5,420.0,20.34,19.23,1.11,Low-Medium,No clear edge,1.65,2.3,,PropLine game moneyline/total context | Batter-vs-pitcher sample | Self-stored odds movement snapshots,batter_home_runs,Jahmai Jones,batter
2026-05-04T21:59:25.624015+00:00,2026,2026-05-04,batter_home_runs,Batter Home Runs,batter_home_runs,,Trent Grisham,NYY,BAL,Shane Baz,0.5,410.0,20.7,19.61,1.1,Low-Medium,No clear edge,-0.14,2.3,,PropLine game moneyline/total context | Batter-vs-pitcher sample | Self-stored odds movement snapshots,batter_home_runs,Trent Grisham,batter
2026-05-04T21:59:25.624015+00:00,2026,2026-05-04,batter_home_runs,Batter Home Runs,batter_home_runs,,Jac Caglianone,KCR,CLE,Tanner Bibee,0.5,410.0,20.7,19.61,1.1,Low-Medium,No clear edge,1.86,2.3,,PropLine game moneyline/total context | Batter-vs-pitcher sample | Self-stored odds movement snapshots,batter_home_runs,Jac Caglianone,batter
2026-05-04T21:59:25.624015+00:00,2026,2026-05-04,batter_total_bases,Batter Total Bases,batter_total_bases,,José Ramírez,CLE,KCR,Michael Wacha,1.5,-103.0,51.83,50.74,1.09,Low-Medium,No clear edge,1.13,1.2,1.5,PropLine game moneyline/total context | Batter-vs-pitcher sample | Self-stored odds movement snapshots,batter_total_bases,Over,batter
2026-05-04T21:59:25.624015+00:00,2026,2026-05-04,pitcher_strikeouts,Pitcher Strikeouts,pitcher_strikeouts,,Edward Cabrera,CHC,CIN,Edward Cabrera,5.5,-107.0,52.77,51.69,1.08,Low-Medium,No clear edge,,,0.6,PropLine game moneyline/total context | Self-stored odds movement snapshots,pitcher_strikeouts,Under,pitcher
2026-05-04T21:59:25.624015+00:00,2026,2026-05-04,batter_total_bases_alt,Batter Total Bases Ladder - 4+ Total Bases,batter_total_bases,True,Juan Soto,NYM,COL,Tomoyuki Sugano,3.5,179.0,36.92,35.84,1.08,Low,Alt ladder market,-0.8,1.8,-1.5,PropLine game moneyline/total context | Batter-vs-pitcher sample | Self-stored odds movement snapshots,batter_total_bases,4+ Total Bases,batter
2026-05-04T21:59:25.624015+00:00,2026,2026-05-04,batter_total_bases_alt,Batter Total Bases Ladder - 2+ Total Bases,batter_total_bases,True,Troy Johnston,COL,NYM,Huascar Brazobán,1.5,145.0,41.88,40.82,1.07,Low,Alt ladder market,-0.8,1.2,1.5,PropLine game moneyline/total context | Self-stored odds movement snapshots,batter_total_bases,2+ Total Bases,batter
2026-05-04T21:59:25.624015+00:00,2026,2026-05-04,batter_total_bases_alt,Batter Total Bases Ladder - 3+ Total Bases,batter_total_bases,True,Brett Baty,NYM,COL,Tomoyuki Sugano,2.5,207.0,33.62,32.57,1.04,Low,Alt ladder market,-0.8,1.2,-0.61,PropLine game moneyline/total context | Batter-vs-pitcher sample | Self-stored odds movement snapshots,batter_total_bases,3+ Total Bases,batter
2026-05-04T21:59:25.624015+00:00,2026,2026-05-04,batter_total_bases_alt,Batter Total Bases Ladder - 3+ Total Bases,batter_total_bases,True,Marcus Semien,NYM,COL,Tomoyuki Sugano,2.5,211.0,33.18,32.15,1.03,Low,Alt ladder market,-0.8,,0.25,PropLine game moneyline/total context | Batter-vs-pitcher sample | Self-stored odds movement snapshots,batter_total_bases,3+ Total Bases,batter
2026-05-04T21:59:25.624015+00:00,2026,2026-05-04,batter_home_runs_alt,Batter Home Runs Alt - 2+ Home Runs,batter_home_runs,True,Kyle Stowers,MIA,PHI,Aaron Nola,1.5,4500.0,3.2,2.17,1.03,Low,Alt ladder market,-0.33,-0.2,,PropLine game moneyline/total context | Batter-vs-pitcher sample | Self-stored odds movement snapshots,batter_home_runs,2+ Home Runs,batter
2026-05-04T21:59:25.624015+00:00,2026,2026-05-04,batter_home_runs_alt,Batter Home Runs Alt - 2+ Home Runs,batter_home_runs,True,T.J. Rumfield,COL,NYM,Huascar Brazobán,1.5,9300.0,2.09,1.06,1.03,Low,Alt ladder market,-1.2,,,PropLine game moneyline/total context | Self-stored odds movement snapshots,batter_home_runs,2+ Home Runs,batter
2026-05-04T21:59:25.624015+00:00,2026,2026-05-04,batter_home_runs_alt,Batter Home Runs Alt - 2+ Home Runs,batter_home_runs,True,Ceddanne Rafaela,BOS,DET,Tarik Skubal,1.5,10000.0,2.0,0.99,1.01,Low,Alt ladder market,1.65,,,PropLine game moneyline/total context | Batter-vs-pitcher sample | Self-stored odds movement snapshots,batter_home_runs,2+ Home Runs,batter
2026-05-04T21:59:25.624015+00:00,2026,2026-05-04,batter_home_runs_alt,Batter Home Runs Alt - 2+ Home Runs,batter_home_runs,True,Trevor Story,BOS,DET,Tarik Skubal,1.5,10000.0,2.0,0.99,1.01,Low,Alt ladder market,1.65,-1.0,,PropLine game moneyline/total context | Batter-vs-pitcher sample | Self-stored odds movement snapshots,batter_home_runs,2+ Home Runs,batter
2026-05-04T21:59:25.624015+00:00,2026,2026-05-04,batter_total_bases_alt,Batter Total Bases Ladder - 2+ Total Bases,batter_total_bases,True,Justin Crawford,PHI,MIA,Janson Junk,1.5,188.0,35.73,34.72,1.0,Low,Alt ladder market,-0.18,,,PropLine game moneyline/total context | Batter-vs-pitcher sample | Self-stored odds movement snapshots,batter_total_bases,2+ Total Bases,batter
2026-05-04T21:59:25.624015+00:00,2026,2026-05-04,batter_home_runs_alt,Batter Home Runs Alt - 2+ Home Runs,batter_home_runs,True,Bryce Harper,PHI,MIA,Janson Junk,1.5,5000.0,2.96,1.96,1.0,Low,Alt ladder market,-0.33,1.5,,PropLine game moneyline/total context | Batter-vs-pitcher sample | Self-stored odds movement snapshots,batter_home_runs,2+ Home Runs,batter
2026-05-04T21:59:25.624015+00:00,2026,2026-05-04,batter_home_runs_alt,Batter Home Runs Alt - 2+ Home Runs,batter_home_runs,True,Jakob Marsee,MIA,PHI,Aaron Nola,1.5,8100.0,2.22,1.22,1.0,Low,Alt ladder market,-0.33,-1.0,,PropLine game moneyline/total context | Batter-vs-pitcher sample | Self-stored odds movement snapshots,batter_home_runs,2+ Home Runs,batter
2026-05-04T21:59:25.624015+00:00,2026,2026-05-04,batter_total_bases_alt,Batter Total Bases Ladder - 2+ Total Bases,batter_total_bases,True,Jakob Marsee,MIA,PHI,Aaron Nola,1.5,135.0,43.53,42.55,0.97,Low,Alt ladder market,-0.18,,1.5,PropLine game moneyline/total context | Batter-vs-pitcher sample | Self-stored odds movement snapshots,batter_total_bases,2+ Total Bases,batter
2026-05-04T21:59:25.624015+00:00,2026,2026-05-04,batter_home_runs_alt,Batter Home Runs Alt - 2+ Home Runs,batter_home_runs,True,Brandon Marsh,PHI,MIA,Janson Junk,1.5,8200.0,2.17,1.2,0.97,Low,Alt ladder market,-0.33,0.8,,PropLine game moneyline/total context | Batter-vs-pitcher sample | Self-stored odds movement snapshots,batter_home_runs,2+ Home Runs,batter
2026-05-04T21:59:25.624015+00:00,2026,2026-05-04,batter_total_bases,Batter Total Bases,batter_total_bases,,Michael Busch,CHC,CIN,Chase Petty,1.5,-103.0,51.69,50.74,0.95,Low-Medium,No clear edge,-0.81,,1.5,PropLine game moneyline/total context | Batter-vs-pitcher sample | Self-stored odds movement snapshots,batter_total_bases,Over,batter
2026-05-04T21:59:25.624015+00:00,2026,2026-05-04,batter_home_runs,Batter Home Runs,batter_home_runs,,Jordan Walker,STL,MIL,Chad Patrick,0.5,360.0,22.69,21.74,0.95,Low-Medium,No clear edge,1.49,2.3,,PropLine game moneyline/total context | Batter-vs-pitcher sample | Self-stored odds movement snapshots,batter_home_runs,Jordan Walker,batter
2026-05-04T21:59:25.624015+00:00,2026,2026-05-04,pitcher_strikeouts,Pitcher Strikeouts,pitcher_strikeouts,,Cam Schlittler,NYY,BAL,Cam Schlittler,6.5,107.0,49.25,48.31,0.94,Low-Medium,No clear edge,-0.07,,-1.5,PropLine game moneyline/total context | Self-stored odds movement snapshots,pitcher_strikeouts,Under,pitcher
2026-05-04T21:59:25.624015+00:00,2026,2026-05-04,pitcher_strikeouts,Pitcher Strikeouts,pitcher_strikeouts,,Chase Petty,CIN,CHC,Chase Petty,3.5,115.0,47.45,46.51,0.93,Low-Medium,No clear edge,,,-0.66,PropLine game moneyline/total context | Baseball Savant quality metrics | Self-stored odds movement snapshots,pitcher_strikeouts,Over,pitcher
2026-05-04T21:59:25.624015+00:00,2026,2026-05-04,batter_hits_alt,Batter Hits Ladder - 2+ Hits,batter_hits,True,Bo Bichette,NYM,COL,Tomoyuki Sugano,1.5,117.0,47.02,46.08,0.93,Low,Alt ladder market,-0.53,0.8,1.5,PropLine game moneyline/total context | Batter-vs-pitcher sample | Self-stored odds movement snapshots,batter_hits,2+ Hits,batter
2026-05-04T21:59:25.624015+00:00,2026,2026-05-04,batter_home_runs_alt,Batter Home Runs Alt - 3+ Home Runs,batter_home_runs,True,MJ Melendez,NYM,COL,Tomoyuki Sugano,2.5,10000.0,1.92,0.99,0.93,Low,Alt ladder market,-1.2,2.3,,PropLine game moneyline/total context | Batter-vs-pitcher sample | Self-stored odds movement snapshots,batter_home_runs,3+ Home Runs,batter
2026-05-04T21:59:25.624015+00:00,2026,2026-05-04,batter_home_runs_alt,Batter Home Runs Alt - 3+ Home Runs,batter_home_runs,True,Juan Soto,NYM,COL,Tomoyuki Sugano,2.5,10000.0,1.92,0.99,0.93,Low,Alt ladder market,-1.2,2.3,,PropLine game moneyline/total context | Batter-vs-pitcher sample | Self-stored odds movement snapshots,batter_home_runs,3+ Home Runs,batter
2026-05-04T21:59:25.624015+00:00,2026,2026-05-04,batter_hits,Batter Hits,batter_hits,,Graham Pauley,MIA,PHI,Aaron Nola,0.5,-121.0,55.67,54.75,0.92,Low-Medium,No clear edge,-0.13,-0.6,0.4,PropLine game moneyline/total context | Batter-vs-pitcher sample | Self-stored odds movement snapshots,batter_hits,Over,batter
2026-05-04T21:59:25.624015+00:00,2026,2026-05-04,batter_total_bases_alt,Batter Total Bases Ladder - 3+ Total Bases,batter_total_bases,True,MJ Melendez,NYM,COL,Tomoyuki Sugano,2.5,162.0,39.08,38.17,0.92,Low,Alt ladder market,-0.8,1.8,1.3,PropLine game moneyline/total context | Batter-vs-pitcher sample | Self-stored odds movement snapshots,batter_total_bases,3+ Total Bases,batter
2026-05-04T21:59:25.624015+00:00,2026,2026-05-04,batter_home_runs_alt,Batter Home Runs Alt - 2+ Home Runs,batter_home_runs,True,Graham Pauley,MIA,PHI,Aaron Nola,1.5,9600.0,1.95,1.03,0.92,Low,Alt ladder market,-0.33,-1.6,,PropLine game moneyline/total context | Batter-vs-pitcher sample | Self-stored odds movement snapshots,batter_home_runs,2+ Home Runs,batter
2026-05-04T21:59:25.624015+00:00,2026,2026-05-04,batter_total_bases_alt,Batter Total Bases Ladder - 2+ Total Bases,batter_total_bases,True,Ezequiel Tovar,COL,NYM,Huascar Brazobán,1.5,150.0,40.91,40.0,0.91,Low,Alt ladder market,-0.8,1.2,,PropLine game moneyline/total context | Self-stored odds movement snapshots,batter_total_bases,2+ Total Bases,batter
2026-05-04T21:59:25.624015+00:00,2026,2026-05-04,batter_hits,Batter Hits,batter_hits,,Nico Hoerner,CHC,CIN,Chase Petty,1.5,-193.0,66.76,65.87,0.89,Low-Medium,No clear edge,-0.49,0.8,1.5,PropLine game moneyline/total context | Batter-vs-pitcher sample | Self-stored odds movement snapshots,batter_hits,Under,batter
2026-05-04T21:59:25.624015+00:00,2026,2026-05-04,pitcher_earned_runs,Pitcher Earned Runs,pitcher_earned_runs,,Aaron Nola,PHI,MIA,Aaron Nola,2.5,-103.0,51.63,50.74,0.89,Low-Medium,No clear edge,-0.17,1.0,-1.5,PropLine game moneyline/total context | Self-stored odds movement snapshots,pitcher_earned_runs,Under,pitcher
2026-05-04T21:59:25.624015+00:00,2026,2026-05-04,batter_home_runs_alt,Batter Home Runs Alt - 2+ Home Runs,batter_home_runs,True,Troy Johnston,COL,NYM,Huascar Brazobán,1.5,10000.0,1.88,0.99,0.89,Low,Alt ladder market,-1.2,-1.0,,PropLine game moneyline/total context | Self-stored odds movement snapshots,batter_home_runs,2+ Home Runs,batter
2026-05-04T21:59:25.624015+00:00,2026,2026-05-04,batter_home_runs_alt,Batter Home Runs Alt - 2+ Home Runs,batter_home_runs,True,Kyle Karros,COL,NYM,Huascar Brazobán,1.5,10000.0,1.88,0.99,0.89,Low,Alt ladder market,-1.2,,,PropLine game moneyline/total context | Self-stored odds movement snapshots,batter_home_runs,2+ Home Runs,batter
2026-05-04T21:59:25.624015+00:00,2026,2026-05-04,batter_home_runs_alt,Batter Home Runs Alt - 2+ Home Runs,batter_home_runs,True,Willi Castro,COL,NYM,Huascar Brazobán,1.5,9800.0,1.89,1.01,0.88,Low,Alt ladder market,-1.2,,,PropLine game moneyline/total context | Self-stored odds movement snapshots,batter_home_runs,2+ Home Runs,batter
2026-05-04T21:59:25.624015+00:00,2026,2026-05-04,batter_hits,Batter Hits,batter_hits,,MJ Melendez,NYM,COL,Tomoyuki Sugano,0.5,100.0,50.87,50.0,0.87,Low-Medium,No clear edge,-0.53,0.8,-1.5,PropLine game moneyline/total context | Batter-vs-pitcher sample | Self-stored odds movement snapshots,batter_hits,Over,batter
2026-05-04T21:59:25.624015+00:00,2026,2026-05-04,batter_home_runs_alt,Batter Home Runs Alt - 2+ Home Runs,batter_home_runs,True,Ezequiel Tovar,COL,NYM,Huascar Brazobán,1.5,8800.0,2.0,1.12,0.87,Low,Alt ladder market,-1.2,,,PropLine game moneyline/total context | Self-stored odds movement snapshots,batter_home_runs,2+ Home Runs,batter
2026-05-04T21:59:25.624015+00:00,2026,2026-05-04,batter_home_runs,Batter Home Runs,batter_home_runs,,Jakob Marsee,MIA,PHI,Aaron Nola,0.5,820.0,11.72,10.87,0.85,Low-Medium,No clear edge,-0.33,-1.0,,PropLine game moneyline/total context | Batter-vs-pitcher sample | Self-stored odds movement snapshots,batter_home_runs,Jakob Marsee,batter
2026-05-04T21:59:25.624015+00:00,2026,2026-05-04,batter_hits,Batter Hits,batter_hits,,Leody Taveras,BAL,NYY,Cam Schlittler,0.5,-103.0,51.58,50.74,0.84,Low-Medium,No clear edge,-0.12,0.8,-1.5,PropLine game moneyline/total context | Batter-vs-pitcher sample | Self-stored odds movement snapshots,batter_hits,Under,batter
2026-05-04T21:59:25.624015+00:00,2026,2026-05-04,batter_hits,Batter Hits,batter_hits,,Dylan Beavers,BAL,NYY,Cam Schlittler,0.5,-103.0,51.58,50.74,0.84,Low-Medium,No clear edge,-0.12,0.8,-1.5,PropLine game moneyline/total context | Batter-vs-pitcher sample | Self-stored odds movement snapshots,batter_hits,Under,batter
2026-05-04T21:59:25.624015+00:00,2026,2026-05-04,batter_hits,Batter Hits,batter_hits,,Samuel Basallo,BAL,NYY,Cam Schlittler,0.5,-103.0,51.58,50.74,0.84,Low-Medium,No clear edge,-0.12,0.8,-1.5,PropLine game moneyline/total context | Batter-vs-pitcher sample | Self-stored odds movement snapshots,batter_hits,Under,batter
2026-05-04T21:59:25.624015+00:00,2026,2026-05-04,batter_total_bases_alt,Batter Total Bases Ladder - 2+ Total Bases,batter_total_bases,True,Kyle Stowers,MIA,PHI,Aaron Nola,1.5,122.0,45.88,45.05,0.84,Low,Alt ladder market,-0.18,0.6,1.5,PropLine game moneyline/total context | Batter-vs-pitcher sample | Self-stored odds movement snapshots,batter_total_bases,2+ Total Bases,batter
2026-05-04T21:59:25.624015+00:00,2026,2026-05-04,batter_total_bases,Batter Total Bases,batter_total_bases,,Adolis García,PHI,MIA,Janson Junk,0.5,100.0,50.82,50.0,0.82,Low-Medium,No clear edge,-0.18,1.8,1.5,PropLine game moneyline/total context | Batter-vs-pitcher sample | Self-stored odds movement snapshots,batter_total_bases,Over,batter
2026-05-04T21:59:25.624015+00:00,2026,2026-05-04,batter_total_bases,Batter Total Bases,batter_total_bases,,Alec Bohm,PHI,MIA,Janson Junk,1.5,129.0,44.49,43.67,0.82,Low-Medium,No clear edge,-0.18,,1.5,PropLine game moneyline/total context | Batter-vs-pitcher sample | Self-stored odds movement snapshots,batter_total_bases,Over,batter
2026-05-04T21:59:25.624015+00:00,2026,2026-05-04,batter_home_runs,Batter Home Runs,batter_home_runs,,Brandon Valenzuela,TOR,TBR,Nick Martinez,0.5,920.0,10.62,9.8,0.82,Low-Medium,No clear edge,,,,PropLine game moneyline/total context | Batter-vs-pitcher sample | Self-stored odds movement snapshots,batter_home_runs,Brandon Valenzuela,batter
2026-05-04T21:59:25.624015+00:00,2026,2026-05-04,batter_home_runs,Batter Home Runs,batter_home_runs,,Tyler Freeman,COL,NYM,Huascar Brazobán,0.5,1080.0,9.29,8.47,0.82,Low-Medium,No clear edge,-1.2,-1.6,,PropLine game moneyline/total context | Self-stored odds movement snapshots,batter_home_runs,1+ Home Runs,batter
2026-05-04T21:59:25.624015+00:00,2026,2026-05-04,batter_home_runs_alt,Batter Home Runs Alt - 2+ Home Runs,batter_home_runs,True,Tyler Freeman,COL,NYM,Huascar Brazobán,1.5,10000.0,1.79,0.99,0.8,Low,Alt ladder market,-1.2,-1.6,,PropLine game moneyline/total context | Self-stored odds movement snapshots,batter_home_runs,2+ Home Runs,batter
2026-05-04T21:59:25.624015+00:00,2026,2026-05-04,batter_hits,Batter Hits,batter_hits,,José Caballero,NYY,BAL,Shane Baz,0.5,-145.0,59.95,59.18,0.77,Low-Medium,No clear edge,-0.12,0.8,-1.5,PropLine game moneyline/total context | Batter-vs-pitcher sample | Self-stored odds movement snapshots,batter_hits,Over,batter
2026-05-04T21:59:25.624015+00:00,2026,2026-05-04,batter_home_runs_alt,Batter Home Runs Alt - 2+ Home Runs,batter_home_runs,True,Jordan Beck,COL,NYM,Huascar Brazobán,1.5,7900.0,2.02,1.25,0.77,Low,Alt ladder market,-1.2,-1.6,,PropLine game moneyline/total context | Self-stored odds movement snapshots,batter_home_runs,2+ Home Runs,batter
2026-05-04T21:59:25.624015+00:00,2026,2026-05-04,batter_total_bases_alt,Batter Total Bases Ladder - 2+ Total Bases,batter_total_bases,True,T.J. Rumfield,COL,NYM,Huascar Brazobán,1.5,140.0,42.43,41.67,0.76,Low,Alt ladder market,-0.8,1.2,,PropLine game moneyline/total context | Self-stored odds movement snapshots,batter_total_bases,2+ Total Bases,batter
2026-05-04T21:59:25.624015+00:00,2026,2026-05-04,batter_total_bases_alt,Batter Total Bases Ladder - 2+ Total Bases,batter_total_bases,True,Kyle Schwarber,PHI,MIA,Janson Junk,1.5,111.0,48.13,47.39,0.73,Low,Alt ladder market,-0.18,1.8,1.5,PropLine game moneyline/total context | Batter-vs-pitcher sample | Self-stored odds movement snapshots,batter_total_bases,2+ Total Bases,batter
2026-05-04T21:59:25.624015+00:00,2026,2026-05-04,batter_total_bases,Batter Total Bases,batter_total_bases,,Tyler Freeman,COL,NYM,Huascar Brazobán,1.5,113.0,47.68,46.95,0.73,Low-Medium,No clear edge,-0.8,,,PropLine game moneyline/total context | Self-stored odds movement snapshots,batter_total_bases,Over,batter
2026-05-04T21:59:25.624015+00:00,2026,2026-05-04,batter_total_bases_alt,Batter Total Bases Ladder - 2+ Total Bases,batter_total_bases,True,Kyle Karros,COL,NYM,Huascar Brazobán,1.5,158.0,39.49,38.76,0.73,Low,Alt ladder market,-0.8,1.2,,PropLine game moneyline/total context | Self-stored odds movement snapshots,batter_total_bases,2+ Total Bases,batter
2026-05-04T21:59:25.624015+00:00,2026,2026-05-04,batter_home_runs_alt,Batter Home Runs Alt - 2+ Home Runs,batter_home_runs,True,Brenton Doyle,COL,NYM,Huascar Brazobán,1.5,8600.0,1.87,1.15,0.72,Low,Alt ladder market,-1.2,-1.0,,PropLine game moneyline/total context | Self-stored odds movement snapshots,batter_home_runs,2+ Home Runs,batter
2026-05-04T21:59:25.624015+00:00,2026,2026-05-04,batter_home_runs_alt,Batter Home Runs Alt - 2+ Home Runs,batter_home_runs,True,Bryson Stott,PHI,MIA,Janson Junk,1.5,10000.0,1.71,0.99,0.72,Low,Alt ladder market,-0.33,-1.0,,PropLine game moneyline/total context | Batter-vs-pitcher sample | Self-stored odds movement snapshots,batter_home_runs,2+ Home Runs,batter
2026-05-04T21:59:25.624015+00:00,2026,2026-05-04,batter_home_runs_alt,Batter Home Runs Alt - 2+ Home Runs,batter_home_runs,True,J.T. Realmuto,PHI,MIA,Janson Junk,1.5,8100.0,1.92,1.22,0.7,Low,Alt ladder market,-0.33,-1.0,,PropLine game moneyline/total context | Batter-vs-pitcher sample | Self-stored odds movement snapshots,batter_home_runs,2+ Home Runs,batter
2026-05-04T21:59:25.624015+00:00,2026,2026-05-04,batter_hits,Batter Hits,batter_hits,,Jeremiah Jackson,BAL,NYY,Cam Schlittler,0.5,-115.0,54.18,53.49,0.69,Low-Medium,No clear edge,-0.12,0.8,,PropLine game moneyline/total context | Batter-vs-pitcher sample | Self-stored odds movement snapshots,batter_hits,Over,batter
2026-05-04T21:59:25.624015+00:00,2026,2026-05-04,batter_home_runs_alt,Batter Home Runs Alt - 2+ Home Runs,batter_home_runs,True,Trea Turner,PHI,MIA,Janson Junk,1.5,7900.0,1.94,1.25,0.69,Low,Alt ladder market,-0.33,-1.0,,PropLine game moneyline/total context | Batter-vs-pitcher sample | Self-stored odds movement snapshots,batter_home_runs,2+ Home Runs,batter
2026-05-04T21:59:25.624015+00:00,2026,2026-05-04,batter_total_bases_alt,Batter Total Bases Ladder - 2+ Total Bases,batter_total_bases,True,Bryson Stott,PHI,MIA,Janson Junk,1.5,139.0,42.52,41.84,0.68,Low,Alt ladder market,-0.18,0.6,1.5,PropLine game moneyline/total context | Batter-vs-pitcher sample | Self-stored odds movement snapshots,batter_total_bases,2+ Total Bases,batter
2026-05-04T21:59:25.624015+00:00,2026,2026-05-04,batter_home_runs_alt,Batter Home Runs Alt - 2+ Home Runs,batter_home_runs,True,MJ Melendez,NYM,COL,Tomoyuki Sugano,1.5,2300.0,4.81,4.17,0.64,Low,Alt ladder market,-1.2,2.3,,PropLine game moneyline/total context | Batter-vs-pitcher sample | Self-stored odds movement snapshots,batter_home_runs,2+ Home Runs,batter
2026-05-04T21:59:25.624015+00:00,2026,2026-05-04,batter_home_runs_alt,Batter Home Runs Alt - 2+ Home Runs,batter_home_runs,True,Francisco Alvarez,NYM,COL,Tomoyuki Sugano,1.5,3400.0,3.5,2.86,0.64,Low,Alt ladder market,-1.2,1.5,,PropLine game moneyline/total context | Batter-vs-pitcher sample | Self-stored odds movement snapshots,batter_home_runs,2+ Home Runs,batter
2026-05-04T21:59:25.624015+00:00,2026,2026-05-04,batter_total_bases_alt,Batter Total Bases Ladder - 3+ Total Bases,batter_total_bases,True,Bo Bichette,NYM,COL,Tomoyuki Sugano,2.5,172.0,37.39,36.76,0.62,Low,Alt ladder market,-0.8,1.8,-1.5,PropLine game moneyline/total context | Batter-vs-pitcher sample | Self-stored odds movement snapshots,batter_total_bases,3+ Total Bases,batter
2026-05-04T21:59:25.624015+00:00,2026,2026-05-04,batter_home_runs,Batter Home Runs,batter_home_runs,,Troy Johnston,COL,NYM,Huascar Brazobán,0.5,920.0,10.42,9.8,0.62,Low-Medium,No clear edge,-1.2,-1.0,,PropLine game moneyline/total context | Self-stored odds movement snapshots,batter_home_runs,1+ Home Runs,batter
2026-05-04T21:59:25.624015+00:00,2026,2026-05-04,batter_home_runs,Batter Home Runs,batter_home_runs,,Kyle Karros,COL,NYM,Huascar Brazobán,0.5,920.0,10.42,9.8,0.62,Low-Medium,No clear edge,-1.2,,,PropLine game moneyline/total context | Self-stored odds movement snapshots,batter_home_runs,Kyle Karros,batter
2026-05-04T21:59:25.624015+00:00,2026,2026-05-04,batter_home_runs,Batter Home Runs,batter_home_runs,,Justin Crawford,PHI,MIA,Janson Junk,0.5,1500.0,6.87,6.25,0.62,Low-Medium,No clear edge,-0.33,-1.0,,PropLine game moneyline/total context | Batter-vs-pitcher sample | Self-stored odds movement snapshots,batter_home_runs,Justin Crawford,batter
2026-05-04T21:59:25.624015+00:00,2026,2026-05-04,batter_total_bases,Batter Total Bases,batter_total_bases,,Hunter Goodman,COL,NYM,Huascar Brazobán,1.5,-119.0,54.94,54.34,0.6,Low-Medium,No clear edge,-0.8,1.8,,PropLine game moneyline/total context | Self-stored odds movement snapshots,batter_total_bases,Over,batter
2026-05-04T21:59:25.624015+00:00,2026,2026-05-04,batter_hits,Batter Hits,batter_hits,,Isaac Collins,KCR,CLE,Tanner Bibee,0.5,-134.0,57.85,57.26,0.58,Low-Medium,No clear edge,0.54,0.8,-1.5,PropLine game moneyline/total context | Batter-vs-pitcher sample | Self-stored odds movement snapshots,batter_hits,Over,batter
2026-05-04T21:59:25.624015+00:00,2026,2026-05-04,pitcher_earned_runs,Pitcher Earned Runs,pitcher_earned_runs,,Michael Wacha,KCR,CLE,Michael Wacha,2.5,-112.0,53.4,52.83,0.57,Low-Medium,No clear edge,0.73,1.0,-0.96,PropLine game moneyline/total context | Self-stored odds movement snapshots,pitcher_earned_runs,Under,pitcher
2026-05-04T21:59:25.624015+00:00,2026,2026-05-04,batter_total_bases,Batter Total Bases,batter_total_bases,,MJ Melendez,NYM,COL,Tomoyuki Sugano,1.5,111.0,47.96,47.39,0.57,Low-Medium,No clear edge,-0.8,1.8,1.3,PropLine game moneyline/total context | Batter-vs-pitcher sample | Self-stored odds movement snapshots,batter_total_bases,,batter
2026-05-04T21:59:25.624015+00:00,2026,2026-05-04,batter_home_runs_alt,Batter Home Runs Alt - 2+ Home Runs,batter_home_runs,True,Alec Bohm,PHI,MIA,Janson Junk,1.5,10000.0,1.56,0.99,0.57,Low,Alt ladder market,-0.33,-1.0,,PropLine game moneyline/total context | Batter-vs-pitcher sample | Self-stored odds movement snapshots,batter_home_runs,2+ Home Runs,batter
2026-05-04T21:59:25.624015+00:00,2026,2026-05-04,pitcher_hits_allowed,Pitcher Hits Allowed,pitcher_hits_allowed,,Aaron Nola,PHI,MIA,Aaron Nola,5.5,-109.0,52.71,52.15,0.56,Low-Medium,No clear edge,-0.15,1.0,1.5,PropLine game moneyline/total context | Self-stored odds movement snapshots,pitcher_hits_allowed,Over,pitcher
2026-05-04T21:59:25.624015+00:00,2026,2026-05-04,batter_total_bases_alt,Batter Total Bases Ladder - 2+ Total Bases,batter_total_bases,True,Alec Bohm,PHI,MIA,Janson Junk,1.5,157.0,39.46,38.91,0.55,Low,Alt ladder market,-0.18,,1.5,PropLine game moneyline/total context | Batter-vs-pitcher sample | Self-stored odds movement snapshots,batter_total_bases,2+ Total Bases,batter
2026-05-04T21:59:25.624015+00:00,2026,2026-05-04,batter_total_bases,Batter Total Bases,batter_total_bases,,Bobby Witt Jr.,KCR,CLE,Tanner Bibee,1.5,-115.0,54.03,53.49,0.54,Low-Medium,No clear edge,1.13,1.8,,PropLine game moneyline/total context | Batter-vs-pitcher sample | Self-stored odds movement snapshots,batter_total_bases,Over,batter
2026-05-04T21:59:25.624015+00:00,2026,2026-05-04,batter_home_runs,Batter Home Runs,batter_home_runs,,Ben Williamson,TBR,TOR,Eric Lauer,0.5,980.0,9.8,9.26,0.54,Low-Medium,No clear edge,,-1.6,,PropLine game moneyline/total context | Self-stored odds movement snapshots,batter_home_runs,Ben Williamson,batter
2026-05-04T21:59:25.624015+00:00,2026,2026-05-04,batter_home_runs_alt,Batter Home Runs Alt - 2+ Home Runs,batter_home_runs,True,Juan Soto,NYM,COL,Tomoyuki Sugano,1.5,1760.0,5.91,5.38,0.54,Low,Alt ladder market,-1.2,2.3,,PropLine game moneyline/total context | Batter-vs-pitcher sample | Self-stored odds movement snapshots,batter_home_runs,2+ Home Runs,batter
2026-05-04T21:59:25.624015+00:00,2026,2026-05-04,pitcher_strikeouts,Pitcher Strikeouts,pitcher_strikeouts,,Tarik Skubal,DET,BOS,Tarik Skubal,7.5,107.0,48.84,48.31,0.53,Low-Medium,No clear edge,-0.4,,1.41,PropLine game moneyline/total context | Self-stored odds movement snapshots,pitcher_strikeouts,Over,pitcher
2026-05-04T21:59:25.624015+00:00,2026,2026-05-04,batter_total_bases,Batter Total Bases,batter_total_bases,,Agustín Ramírez,MIA,PHI,Aaron Nola,3.5,100.0,50.52,50.0,0.52,Low-Medium,No clear edge,-0.18,,,PropLine game moneyline/total context | Batter-vs-pitcher sample | Self-stored odds movement snapshots,batter_total_bases,Over,batter
2026-05-04T21:59:25.624015+00:00,2026,2026-05-04,batter_total_bases,Batter Total Bases,batter_total_bases,,Joe Mack,MIA,PHI,Aaron Nola,1.5,100.0,50.52,50.0,0.52,Low-Medium,No clear edge,-0.18,,,PropLine game moneyline/total context | Batter-vs-pitcher sample | Self-stored odds movement snapshots,batter_total_bases,Over,batter
2026-05-04T21:59:25.624015+00:00,2026,2026-05-04,pitcher_earned_runs,Pitcher Earned Runs,pitcher_earned_runs,,Chad Patrick,MIL,STL,Chad Patrick,2.5,110.0,48.14,47.62,0.52,Low-Medium,No clear edge,0.59,,1.5,PropLine game moneyline/total context | Self-stored odds movement snapshots,pitcher_earned_runs,Over,pitcher
2026-05-04T21:59:25.624015+00:00,2026,2026-05-04,batter_home_runs_alt,Batter Home Runs Alt - 2+ Home Runs,batter_home_runs,True,Bo Bichette,NYM,COL,Tomoyuki Sugano,1.5,7400.0,1.86,1.33,0.52,Low,Alt ladder market,-1.2,-0.2,,PropLine game moneyline/total context | Batter-vs-pitcher sample | Self-stored odds movement snapshots,batter_home_runs,2+ Home Runs,batter
2026-05-04T21:59:25.624015+00:00,2026,2026-05-04,batter_total_bases_alt,Batter Total Bases Ladder - 2+ Total Bases,batter_total_bases,True,J.T. Realmuto,PHI,MIA,Janson Junk,1.5,139.0,42.35,41.84,0.51,Low,Alt ladder market,-0.18,,0.97,PropLine game moneyline/total context | Batter-vs-pitcher sample | Self-stored odds movement snapshots,batter_total_bases,2+ Total Bases,batter
2026-05-04T21:59:25.624015+00:00,2026,2026-05-04,pitcher_hits_allowed,Pitcher Hits Allowed,pitcher_hits_allowed,,Tarik Skubal,DET,BOS,Tarik Skubal,4.5,-107.0,52.18,51.69,0.49,Low-Medium,No clear edge,0.5,1.0,-1.5,PropLine game moneyline/total context | Self-stored odds movement snapshots,pitcher_hits_allowed,Under,pitcher
2026-05-04T21:59:25.624015+00:00,2026,2026-05-04,batter_hits_alt,Batter Hits Ladder - 1+ Hits,batter_hits,True,Connor Wong,BOS,DET,Tarik Skubal,0.5,-108.0,52.39,51.92,0.47,Low,Alt ladder market,0.4,,0.78,PropLine game moneyline/total context | Batter-vs-pitcher sample | Self-stored odds movement snapshots,batter_hits,1+ Hits,batter
2026-05-04T21:59:25.624015+00:00,2026,2026-05-04,batter_total_bases_alt,Batter Total Bases Ladder - 3+ Total Bases,batter_total_bases,True,Francisco Alvarez,NYM,COL,Tomoyuki Sugano,2.5,167.0,37.92,37.45,0.47,Low,Alt ladder market,-0.8,1.2,-1.5,PropLine game moneyline/total context | Batter-vs-pitcher sample | Self-stored odds movement snapshots,batter_total_bases,3+ Total Bases,batter
2026-05-04T21:59:25.624015+00:00,2026,2026-05-04,batter_total_bases_alt,Batter Total Bases Ladder - 3+ Total Bases,batter_total_bases,True,Juan Soto,NYM,COL,Tomoyuki Sugano,2.5,134.0,43.19,42.74,0.46,Low,Alt ladder market,-0.8,1.8,-1.5,PropLine game moneyline/total context | Batter-vs-pitcher sample | Self-stored odds movement snapshots,batter_total_bases,3+ Total Bases,batter
2026-05-04T21:59:25.624015+00:00,2026,2026-05-04,batter_home_runs,Batter Home Runs,batter_home_runs,,Spencer Torkelson,DET,BOS,Payton Tolle,0.5,427.0,19.44,18.98,0.46,Low-Medium,No clear edge,1.65,1.5,,PropLine game moneyline/total context | Batter-vs-pitcher sample | Self-stored odds movement snapshots,batter_home_runs,1+ Home Runs,batter
2026-05-04T21:59:25.624015+00:00,2026,2026-05-04,batter_total_bases_alt,Batter Total Bases Ladder - 2+ Total Bases,batter_total_bases,True,Bryce Harper,PHI,MIA,Janson Junk,1.5,102.0,49.96,49.5,0.45,Low,Alt ladder market,-0.18,1.2,1.5,PropLine game moneyline/total context | Batter-vs-pitcher sample | Self-stored odds movement snapshots,batter_total_bases,2+ Total Bases,batter
2026-05-04T21:59:25.624015+00:00,2026,2026-05-04,batter_hits,Batter Hits,batter_hits,,Graham Pauley,MIA,PHI,Aaron Nola,0.5,-125.0,55.99,55.56,0.44,Low-Medium,No clear edge,-0.13,-0.6,0.4,PropLine game moneyline/total context | Batter-vs-pitcher sample | Self-stored odds movement snapshots,batter_hits,Under,batter
2026-05-04T21:59:25.624015+00:00,2026,2026-05-04,batter_home_runs,Batter Home Runs,batter_home_runs,,Kyle Karros,COL,NYM,Huascar Brazobán,0.5,890.0,10.54,10.1,0.44,Low-Medium,No clear edge,-1.2,,,PropLine game moneyline/total context | Self-stored odds movement snapshots,batter_home_runs,1+ Home Runs,batter
2026-05-04T21:59:25.624015+00:00,2026,2026-05-04,batter_total_bases,Batter Total Bases,batter_total_bases,,Otto Lopez,MIA,PHI,Aaron Nola,1.5,-149.0,60.26,59.84,0.42,Low-Medium,No clear edge,-0.18,1.8,1.5,PropLine game moneyline/total context | Batter-vs-pitcher sample | Self-stored odds movement snapshots,batter_total_bases,Under,batter
2026-05-04T21:59:25.624015+00:00,2026,2026-05-04,batter_hits,Batter Hits,batter_hits,,Taylor Walls,TBR,TOR,Eric Lauer,0.5,-113.0,53.47,53.05,0.42,Low-Medium,No clear edge,,,-0.85,PropLine game moneyline/total context | Self-stored odds movement snapshots,batter_hits,Under,batter
2026-05-04T21:59:25.624015+00:00,2026,2026-05-04,batter_total_bases_alt,Batter Total Bases Ladder - 2+ Total Bases,batter_total_bases,True,Willi Castro,COL,NYM,Huascar Brazobán,1.5,120.0,45.88,45.45,0.42,Low,Alt ladder market,-0.8,1.2,,PropLine game moneyline/total context | Self-stored odds movement snapshots,batter_total_bases,2+ Total Bases,batter
2026-05-04T21:59:25.624015+00:00,2026,2026-05-04,batter_hits,Batter Hits,batter_hits,,Hao-Yu Lee,DET,BOS,Payton Tolle,0.5,-124.0,55.77,55.36,0.41,Low-Medium,No clear edge,0.4,0.8,-0.68,PropLine game moneyline/total context | Batter-vs-pitcher sample | Self-stored odds movement snapshots,batter_hits,Under,batter
2026-05-04T21:59:25.624015+00:00,2026,2026-05-04,batter_total_bases,Batter Total Bases,batter_total_bases,,Nico Hoerner,CHC,CIN,Chase Petty,1.5,-120.0,54.96,54.55,0.41,Low-Medium,No clear edge,-0.81,,0.75,PropLine game moneyline/total context | Batter-vs-pitcher sample | Self-stored odds movement snapshots,batter_total_bases,Under,batter
2026-05-04T21:59:25.624015+00:00,2026,2026-05-04,batter_total_bases,Batter Total Bases,batter_total_bases,,Vladimir Guerrero Jr.,TOR,TBR,Nick Martinez,1.5,-104.0,51.39,50.98,0.41,Low-Medium,No clear edge,,1.8,1.5,PropLine game moneyline/total context | Batter-vs-pitcher sample | Self-stored odds movement snapshots,batter_total_bases,Over,batter
2026-05-04T21:59:25.624015+00:00,2026,2026-05-04,batter_home_runs,Batter Home Runs,batter_home_runs,,Miguel Amaya,CHC,CIN,Chase Petty,0.5,710.0,12.76,12.35,0.41,Low-Medium,No clear edge,-1.28,-0.6,,PropLine game moneyline/total context | Batter-vs-pitcher sample | Self-stored odds movement snapshots,batter_home_runs,Miguel Amaya,batter
2026-05-04T21:59:25.624015+00:00,2026,2026-05-04,batter_home_runs_alt,Batter Home Runs Alt - 2+ Home Runs,batter_home_runs,True,Carson Benge,NYM,COL,Tomoyuki Sugano,1.5,7500.0,1.72,1.32,0.41,Low,Alt ladder market,-1.2,-1.0,,PropLine game moneyline/total context | Batter-vs-pitcher sample | Self-stored odds movement snapshots,batter_home_runs,2+ Home Runs,batter
2026-05-04T21:59:25.624015+00:00,2026,2026-05-04,batter_home_runs,Batter Home Runs,batter_home_runs,,Vinnie Pasquantino,KCR,CLE,Tanner Bibee,0.5,490.0,17.34,16.95,0.39,Low-Medium,No clear edge,1.86,,,PropLine game moneyline/total context | Batter-vs-pitcher sample | Self-stored odds movement snapshots,batter_home_runs,Vinnie Pasquantino,batter
2026-05-04T21:59:25.624015+00:00,2026,2026-05-04,batter_home_runs_alt,Batter Home Runs Alt - 2+ Home Runs,batter_home_runs,True,Brett Baty,NYM,COL,Tomoyuki Sugano,1.5,6700.0,1.86,1.47,0.39,Low,Alt ladder market,-1.2,,,PropLine game moneyline/total context | Batter-vs-pitcher sample | Self-stored odds movement snapshots,batter_home_runs,2+ Home Runs,batter
2026-05-04T21:59:25.624015+00:00,2026,2026-05-04,batter_home_runs_alt,Batter Home Runs Alt - 2+ Home Runs,batter_home_runs,True,Mark Vientos,NYM,COL,Tomoyuki Sugano,1.5,6800.0,1.84,1.45,0.39,Low,Alt ladder market,-1.2,-1.0,,PropLine game moneyline/total context | Batter-vs-pitcher sample | Self-stored odds movement snapshots,batter_home_runs,2+ Home Runs,batter
2026-05-04T21:59:25.624015+00:00,2026,2026-05-04,batter_total_bases,Batter Total Bases,batter_total_bases,,Cody Bellinger,NYY,BAL,Shane Baz,1.5,-154.0,61.01,60.63,0.38,Low-Medium,No clear edge,-0.14,1.2,1.5,PropLine game moneyline/total context | Batter-vs-pitcher sample | Self-stored odds movement snapshots,batter_total_bases,Under,batter
2026-05-04T21:59:25.624015+00:00,2026,2026-05-04,batter_home_runs,Batter Home Runs,batter_home_runs,,Troy Johnston,COL,NYM,Huascar Brazobán,0.5,880.0,10.58,10.2,0.38,Low-Medium,No clear edge,-1.2,-1.0,,PropLine game moneyline/total context | Self-stored odds movement snapshots,batter_home_runs,Troy Johnston,batter
2026-05-04T21:59:25.624015+00:00,2026,2026-05-04,pitcher_strikeouts,Pitcher Strikeouts,pitcher_strikeouts,,Nick Martinez,TBR,TOR,Nick Martinez,3.5,108.0,48.43,48.08,0.35,Low-Medium,No clear edge,,-0.8,-1.5,PropLine game moneyline/total context | Self-stored odds movement snapshots,pitcher_strikeouts,Under,pitcher
2026-05-04T21:59:25.624015+00:00,2026,2026-05-04,batter_home_runs_alt,Batter Home Runs Alt - 2+ Home Runs,batter_home_runs,True,Tyrone Taylor,NYM,COL,Tomoyuki Sugano,1.5,10000.0,1.34,0.99,0.35,Low,Alt ladder market,-1.2,-1.6,,PropLine game moneyline/total context | Batter-vs-pitcher sample | Self-stored odds movement snapshots,batter_home_runs,2+ Home Runs,batter
2026-05-04T21:59:25.624015+00:00,2026,2026-05-04,batter_home_runs,Batter Home Runs,batter_home_runs,,Daniel Schneemann,CLE,KCR,Michael Wacha,0.5,630.0,14.04,13.7,0.34,Low-Medium,No clear edge,1.86,,,PropLine game moneyline/total context | Batter-vs-pitcher sample | Self-stored odds movement snapshots,batter_home_runs,Daniel Schneemann,batter
2026-05-04T21:59:25.624015+00:00,2026,2026-05-04,batter_home_runs,Batter Home Runs,batter_home_runs,,Spencer Torkelson,DET,BOS,Payton Tolle,0.5,420.0,19.54,19.23,0.31,Low-Medium,No clear edge,1.65,1.5,,PropLine game moneyline/total context | Batter-vs-pitcher sample | Self-stored odds movement snapshots,batter_home_runs,Spencer Torkelson,batter
2026-05-04T21:59:25.624015+00:00,2026,2026-05-04,batter_home_runs,Batter Home Runs,batter_home_runs,,Nico Hoerner,CHC,CIN,Chase Petty,0.5,820.0,11.17,10.87,0.3,Low-Medium,No clear edge,-1.28,-1.6,,PropLine game moneyline/total context | Batter-vs-pitcher sample | Self-stored odds movement snapshots,batter_home_runs,Nico Hoerner,batter
2026-05-04T21:59:25.624015+00:00,2026,2026-05-04,batter_home_runs,Batter Home Runs,batter_home_runs,,T.J. Rumfield,COL,NYM,Huascar Brazobán,0.5,730.0,12.32,12.05,0.27,Low-Medium,No clear edge,-1.2,,,PropLine game moneyline/total context | Self-stored odds movement snapshots,batter_home_runs,1+ Home Runs,batter
2026-05-04T21:59:25.624015+00:00,2026,2026-05-04,batter_home_runs,Batter Home Runs,batter_home_runs,,TJ Rumfield,COL,NYM,Huascar Brazobán,0.5,730.0,12.32,12.05,0.27,Low-Medium,No clear edge,-1.2,,,PropLine game moneyline/total context | Self-stored odds movement snapshots,batter_home_runs,TJ Rumfield,batter
2026-05-04T21:59:25.624015+00:00,2026,2026-05-04,batter_home_runs_alt,Batter Home Runs Alt - 2+ Home Runs,batter_home_runs,True,Marcus Semien,NYM,COL,Tomoyuki Sugano,1.5,5500.0,2.06,1.79,0.27,Low,Alt ladder market,-1.2,-0.6,,PropLine game moneyline/total context | Batter-vs-pitcher sample | Self-stored odds movement snapshots,batter_home_runs,2+ Home Runs,batter
2026-05-04T21:59:25.624015+00:00,2026,2026-05-04,batter_hits,Batter Hits,batter_hits,,Nolan Gorman,STL,MIL,Chad Patrick,0.5,-136.0,57.88,57.63,0.25,Low-Medium,No clear edge,0.43,0.8,-1.5,PropLine game moneyline/total context | Batter-vs-pitcher sample | Self-stored odds movement snapshots,batter_hits,Over,batter
2026-05-04T21:59:25.624015+00:00,2026,2026-05-04,pitcher_earned_runs,Pitcher Earned Runs,pitcher_earned_runs,,Tarik Skubal,DET,BOS,Tarik Skubal,1.5,-134.0,57.47,57.26,0.2,Low-Medium,No clear edge,0.56,1.0,1.5,PropLine game moneyline/total context | Self-stored odds movement snapshots,pitcher_earned_runs,Under,pitcher
2026-05-04T21:59:25.624015+00:00,2026,2026-05-04,batter_hits_alt,Batter Hits Ladder - 1+ Hits,batter_hits,True,Graham Pauley,MIA,PHI,Aaron Nola,0.5,-119.0,54.51,54.34,0.18,Low,Alt ladder market,-0.13,-0.6,0.4,PropLine game moneyline/total context | Batter-vs-pitcher sample | Self-stored odds movement snapshots,batter_hits,1+ Hits,batter
2026-05-04T21:59:25.624015+00:00,2026,2026-05-04,pitcher_hits_allowed,Pitcher Hits Allowed,pitcher_hits_allowed,,Payton Tolle,BOS,DET,Payton Tolle,4.5,114.0,46.89,46.73,0.16,Low-Medium,No clear edge,0.5,-0.8,1.5,PropLine game moneyline/total context | Self-stored odds movement snapshots,pitcher_hits_allowed,Over,pitcher
2026-05-04T21:59:25.624015+00:00,2026,2026-05-04,batter_hits,Batter Hits,batter_hits,,Spencer Torkelson,DET,BOS,Payton Tolle,0.5,-137.0,57.92,57.81,0.12,Low-Medium,No clear edge,0.4,0.8,-1.5,PropLine game moneyline/total context | Batter-vs-pitcher sample | Self-stored odds movement snapshots,batter_hits,Over,batter
2026-05-04T21:59:25.624015+00:00,2026,2026-05-04,batter_total_bases_alt,Batter Total Bases Ladder - 2+ Total Bases,batter_total_bases,True,Tyler Freeman,COL,NYM,Huascar Brazobán,1.5,113.0,47.06,46.95,0.11,Low,Alt ladder market,-0.8,,,PropLine game moneyline/total context | Self-stored odds movement snapshots,batter_total_bases,2+ Total Bases,batter
2026-05-04T21:59:25.624015+00:00,2026,2026-05-04,batter_home_runs,Batter Home Runs,batter_home_runs,,Brandon Marsh,PHI,MIA,Janson Junk,0.5,750.0,11.88,11.76,0.11,Low-Medium,No clear edge,-0.33,0.8,,PropLine game moneyline/total context | Batter-vs-pitcher sample | Self-stored odds movement snapshots,batter_home_runs,1+ Home Runs,batter
2026-05-04T21:59:25.624015+00:00,2026,2026-05-04,batter_total_bases,Batter Total Bases,batter_total_bases,,Willi Castro,COL,NYM,Huascar Brazobán,0.5,100.0,50.1,50.0,0.1,Low-Medium,No clear edge,-0.8,1.2,,PropLine game moneyline/total context | Self-stored odds movement snapshots,batter_total_bases,Over,batter
2026-05-04T21:59:25.624015+00:00,2026,2026-05-04,batter_total_bases,Batter Total Bases,batter_total_bases,,TJ Rumfield,COL,NYM,Huascar Brazobán,0.5,100.0,50.1,50.0,0.1,Low-Medium,No clear edge,-0.8,1.2,,PropLine game moneyline/total context | Self-stored odds movement snapshots,batter_total_bases,Over,batter
2026-05-04T21:59:25.624015+00:00,2026,2026-05-04,batter_total_bases,Batter Total Bases,batter_total_bases,,Ezequiel Tovar,COL,NYM,Huascar Brazobán,0.5,100.0,50.1,50.0,0.1,Low-Medium,No clear edge,-0.8,1.2,,PropLine game moneyline/total context | Self-stored odds movement snapshots,batter_total_bases,Over,batter
2026-05-04T21:59:25.624015+00:00,2026,2026-05-04,batter_total_bases_alt,Batter Total Bases Ladder - 2+ Total Bases,batter_total_bases,True,Hunter Goodman,COL,NYM,Huascar Brazobán,1.5,-119.0,54.43,54.34,0.09,Low,Alt ladder market,-0.8,1.8,,PropLine game moneyline/total context | Self-stored odds movement snapshots,batter_total_bases,2+ Total Bases,batter
2026-05-04T21:59:25.624015+00:00,2026,2026-05-04,batter_home_runs,Batter Home Runs,batter_home_runs,,Connor Norby,MIA,PHI,Aaron Nola,0.5,545.0,15.57,15.5,0.07,Low-Medium,No clear edge,-0.33,,,PropLine game moneyline/total context | Batter-vs-pitcher sample | Self-stored odds movement snapshots,batter_home_runs,1+ Home Runs,batter
2026-05-04T21:59:25.624015+00:00,2026,2026-05-04,batter_home_runs,Batter Home Runs,batter_home_runs,,Austin Wells,NYY,BAL,Shane Baz,0.5,470.0,17.58,17.54,0.03,Low-Medium,No clear edge,-0.14,,,PropLine game moneyline/total context | Batter-vs-pitcher sample | Self-stored odds movement snapshots,batter_home_runs,Austin Wells,batter
2026-05-04T21:59:25.624015+00:00,2026,2026-05-04,batter_home_runs,Batter Home Runs,batter_home_runs,,Nolan Gorman,STL,MIL,Chad Patrick,0.5,490.0,16.97,16.95,0.02,Low-Medium,No clear edge,1.49,,,PropLine game moneyline/total context | Batter-vs-pitcher sample | Self-stored odds movement snapshots,batter_home_runs,Nolan Gorman,batter
2026-05-04T21:59:25.624015+00:00,2026,2026-05-04,batter_home_runs,Batter Home Runs,batter_home_runs,,Owen Caissie,MIA,PHI,Aaron Nola,0.5,541.0,15.61,15.6,0.01,Low-Medium,No clear edge,-0.33,,,PropLine game moneyline/total context | Batter-vs-pitcher sample | Self-stored odds movement snapshots,batter_home_runs,1+ Home Runs,batter
2026-05-04T21:59:25.624015+00:00,2026,2026-05-04,batter_home_runs,Batter Home Runs,batter_home_runs,,Willi Castro,COL,NYM,Huascar Brazobán,0.5,820.0,10.85,10.87,-0.02,Low-Medium,No clear edge,-1.2,,,PropLine game moneyline/total context | Self-stored odds movement snapshots,batter_home_runs,1+ Home Runs,batter
2026-05-04T21:59:25.624015+00:00,2026,2026-05-04,batter_hits_alt,Batter Hits Ladder - 1+ Hits,batter_hits,True,Hao-Yu Lee,DET,BOS,Payton Tolle,0.5,-129.0,56.31,56.33,-0.03,Low,Alt ladder market,0.4,0.8,-0.68,PropLine game moneyline/total context | Batter-vs-pitcher sample | Self-stored odds movement snapshots,batter_hits,1+ Hits,batter
2026-05-04T21:59:25.624015+00:00,2026,2026-05-04,batter_hits,Batter Hits,batter_hits,,Ryan McMahon,NYY,BAL,Shane Baz,0.5,-134.0,57.19,57.26,-0.08,Low-Medium,No clear edge,-0.12,0.8,-1.5,PropLine game moneyline/total context | Batter-vs-pitcher sample | Self-stored odds movement snapshots,batter_hits,Over,batter
2026-05-04T21:59:25.624015+00:00,2026,2026-05-04,pitcher_strikeouts,Pitcher Strikeouts,pitcher_strikeouts,,Eric Lauer,TOR,TBR,Eric Lauer,3.5,-102.0,50.4,50.5,-0.1,Low-Medium,No clear edge,,-0.8,1.5,PropLine game moneyline/total context | Self-stored odds movement snapshots,pitcher_strikeouts,Over,pitcher
2026-05-04T21:59:25.624015+00:00,2026,2026-05-04,batter_total_bases_alt,Batter Total Bases Ladder - 2+ Total Bases,batter_total_bases,True,Tyrone Taylor,NYM,COL,Tomoyuki Sugano,1.5,129.0,43.55,43.67,-0.12,Low,Alt ladder market,-0.8,,1.5,PropLine game moneyline/total context | Batter-vs-pitcher sample | Self-stored odds movement snapshots,batter_total_bases,2+ Total Bases,batter
2026-05-04T21:59:25.624015+00:00,2026,2026-05-04,batter_total_bases_alt,Batter Total Bases Ladder - 2+ Total Bases,batter_total_bases,True,Brenton Doyle,COL,NYM,Huascar Brazobán,1.5,116.0,46.16,46.3,-0.13,Low,Alt ladder market,-0.8,,,PropLine game moneyline/total context | Self-stored odds movement snapshots,batter_total_bases,2+ Total Bases,batter
2026-05-04T21:59:25.624015+00:00,2026,2026-05-04,batter_home_runs,Batter Home Runs,batter_home_runs,,Bo Naylor,CLE,KCR,Michael Wacha,0.5,680.0,12.69,12.82,-0.13,Low-Medium,No clear edge,1.86,,,PropLine game moneyline/total context | Batter-vs-pitcher sample | Self-stored odds movement snapshots,batter_home_runs,Bo Naylor,batter
2026-05-04T21:59:25.624015+00:00,2026,2026-05-04,batter_home_runs,Batter Home Runs,batter_home_runs,,Jakob Marsee,MIA,PHI,Aaron Nola,0.5,700.0,12.37,12.5,-0.13,Low-Medium,No clear edge,-0.33,-1.0,,PropLine game moneyline/total context | Batter-vs-pitcher sample | Self-stored odds movement snapshots,batter_home_runs,1+ Home Runs,batter
2026-05-04T21:59:25.624015+00:00,2026,2026-05-04,batter_total_bases_alt,Batter Total Bases Ladder - 2+ Total Bases,batter_total_bases,True,Carson Benge,NYM,COL,Tomoyuki Sugano,1.5,113.0,46.8,46.95,-0.14,Low,Alt ladder market,-0.8,,1.3,PropLine game moneyline/total context | Batter-vs-pitcher sample | Self-stored odds movement snapshots,batter_total_bases,2+ Total Bases,batter
2026-05-04T21:59:25.624015+00:00,2026,2026-05-04,batter_total_bases_alt,Batter Total Bases Ladder - 2+ Total Bases,batter_total_bases,True,Trea Turner,PHI,MIA,Janson Junk,1.5,100.0,49.85,50.0,-0.15,Low,Alt ladder market,-0.18,,1.5,PropLine game moneyline/total context | Batter-vs-pitcher sample | Self-stored odds movement snapshots,batter_total_bases,2+ Total Bases,batter
2026-05-04T21:59:25.624015+00:00,2026,2026-05-04,batter_total_bases_alt,Batter Total Bases Ladder - 2+ Total Bases,batter_total_bases,True,Jordan Beck,COL,NYM,Huascar Brazobán,1.5,115.0,46.36,46.51,-0.15,Low,Alt ladder market,-0.8,,,PropLine game moneyline/total context | Self-stored odds movement snapshots,batter_total_bases,2+ Total Bases,batter
2026-05-04T21:59:25.624015+00:00,2026,2026-05-04,batter_hits_alt,Batter Hits Ladder - 1+ Hits,batter_hits,True,Wilyer Abreu,BOS,DET,Tarik Skubal,0.5,-154.0,60.47,60.63,-0.16,Low,Alt ladder market,0.4,0.8,-1.5,PropLine game moneyline/total context | Batter-vs-pitcher sample | Self-stored odds movement snapshots,batter_hits,1+ Hits,batter
2026-05-04T21:59:25.624015+00:00,2026,2026-05-04,batter_hits_alt,Batter Hits Ladder - 1+ Hits,batter_hits,True,Spencer Torkelson,DET,BOS,Payton Tolle,0.5,-149.0,59.67,59.84,-0.17,Low,Alt ladder market,0.4,0.8,-1.5,PropLine game moneyline/total context | Batter-vs-pitcher sample | Self-stored odds movement snapshots,batter_hits,1+ Hits,batter
2026-05-04T21:59:25.624015+00:00,2026,2026-05-04,batter_home_runs,Batter Home Runs,batter_home_runs,,Bobby Witt Jr.,KCR,CLE,Tanner Bibee,0.5,420.0,19.05,19.23,-0.18,Low-Medium,No clear edge,1.86,0.8,,PropLine game moneyline/total context | Batter-vs-pitcher sample | Self-stored odds movement snapshots,batter_home_runs,Bobby Witt Jr.,batter
2026-05-04T21:59:25.624015+00:00,2026,2026-05-04,batter_home_runs,Batter Home Runs,batter_home_runs,,Travis Bazzana,CLE,KCR,Michael Wacha,0.5,790.0,11.05,11.24,-0.18,Low-Medium,No clear edge,1.86,-1.0,,PropLine game moneyline/total context | Batter-vs-pitcher sample | Self-stored odds movement snapshots,batter_home_runs,Travis Bazzana,batter
2026-05-04T21:59:25.624015+00:00,2026,2026-05-04,batter_home_runs,Batter Home Runs,batter_home_runs,,J.T. Realmuto,PHI,MIA,Janson Junk,0.5,980.0,9.07,9.26,-0.19,Low-Medium,No clear edge,-0.33,-1.0,,PropLine game moneyline/total context | Batter-vs-pitcher sample | Self-stored odds movement snapshots,batter_home_runs,J.T. Realmuto,batter
2026-05-04T21:59:25.624015+00:00,2026,2026-05-04,batter_home_runs,Batter Home Runs,batter_home_runs,,Bryson Stott,PHI,MIA,Janson Junk,0.5,980.0,9.07,9.26,-0.19,Low-Medium,No clear edge,-0.33,-1.0,,PropLine game moneyline/total context | Batter-vs-pitcher sample | Self-stored odds movement snapshots,batter_home_runs,Bryson Stott,batter
2026-05-04T21:59:25.624015+00:00,2026,2026-05-04,batter_home_runs,Batter Home Runs,batter_home_runs,,Ernie Clement,TOR,TBR,Nick Martinez,0.5,1300.0,6.96,7.14,-0.19,Low-Medium,No clear edge,,-1.6,,PropLine game moneyline/total context | Batter-vs-pitcher sample | Self-stored odds movement snapshots,batter_home_runs,Ernie Clement,batter
2026-05-04T21:59:25.624015+00:00,2026,2026-05-04,batter_hits_alt,Batter Hits Ladder - 1+ Hits,batter_hits,True,Joe Mack,MIA,PHI,Aaron Nola,0.5,-148.0,59.48,59.68,-0.2,Low,Alt ladder market,-0.13,,-1.5,PropLine game moneyline/total context | Batter-vs-pitcher sample | Self-stored odds movement snapshots,batter_hits,1+ Hits,batter
2026-05-04T21:59:25.624015+00:00,2026,2026-05-04,batter_home_runs,Batter Home Runs,batter_home_runs,,Ke'Bryan Hayes,CIN,CHC,Edward Cabrera,0.5,880.0,10.0,10.2,-0.2,Low-Medium,No clear edge,-1.28,1.5,,PropLine game moneyline/total context | Batter-vs-pitcher sample | Self-stored odds movement snapshots,batter_home_runs,Ke'Bryan Hayes,batter
2026-05-04T21:59:25.624015+00:00,2026,2026-05-04,batter_home_runs,Batter Home Runs,batter_home_runs,,Graham Pauley,MIA,PHI,Aaron Nola,0.5,760.0,11.42,11.63,-0.21,Low-Medium,No clear edge,-0.33,-1.6,,PropLine game moneyline/total context | Batter-vs-pitcher sample | Self-stored odds movement snapshots,batter_home_runs,Graham Pauley,batter
2026-05-04T21:59:25.624015+00:00,2026,2026-05-04,batter_total_bases_alt,Batter Total Bases Ladder - 2+ Total Bases,batter_total_bases,True,MJ Melendez,NYM,COL,Tomoyuki Sugano,1.5,-104.0,50.74,50.98,-0.24,Low,Alt ladder market,-0.8,1.8,1.3,PropLine game moneyline/total context | Batter-vs-pitcher sample | Self-stored odds movement snapshots,batter_total_bases,2+ Total Bases,batter
2026-05-04T21:59:25.624015+00:00,2026,2026-05-04,batter_home_runs,Batter Home Runs,batter_home_runs,,Aaron Judge,NYY,BOS,,0.5,390.0,20.16,20.41,-0.24,Low,No clear edge,,2.3,,MLB schedule/game context | PropLine game moneyline/total context | Open-Meteo weather context | Pitcher name needed for batter-vs-pitcher sample | Self-stored odds movement snapshots | Open-Meteo game weather features,batter_home_runs,,batter
2026-05-04T21:59:25.624015+00:00,2026,2026-05-04,batter_home_runs,Batter Home Runs,batter_home_runs,,Willi Castro,COL,NYM,Huascar Brazobán,0.5,790.0,10.99,11.24,-0.24,Low-Medium,No clear edge,-1.2,,,PropLine game moneyline/total context | Self-stored odds movement snapshots,batter_home_runs,Willi Castro,batter
2026-05-04T21:59:25.624015+00:00,2026,2026-05-04,batter_total_bases,Batter Total Bases,batter_total_bases,,Jordan Walker,STL,MIL,Chad Patrick,1.5,-157.0,60.83,61.09,-0.26,Low-Medium,No clear edge,0.89,1.8,1.5,PropLine game moneyline/total context | Batter-vs-pitcher sample | Self-stored odds movement snapshots,batter_total_bases,Under,batter
2026-05-04T21:59:25.624015+00:00,2026,2026-05-04,pitcher_strikeouts,Pitcher Strikeouts,pitcher_strikeouts,,Kyle Leahy,STL,MIL,Kyle Leahy,3.5,106.0,48.29,48.54,-0.26,Low-Medium,No clear edge,-0.33,-0.8,-1.5,PropLine game moneyline/total context | Self-stored odds movement snapshots,pitcher_strikeouts,Under,pitcher
2026-05-04T21:59:25.624015+00:00,2026,2026-05-04,batter_home_runs,Batter Home Runs,batter_home_runs,,Graham Pauley,MIA,PHI,Aaron Nola,0.5,750.0,11.48,11.76,-0.29,Low-Medium,No clear edge,-0.33,-1.6,,PropLine game moneyline/total context | Batter-vs-pitcher sample | Self-stored odds movement snapshots,batter_home_runs,1+ Home Runs,batter
2026-05-04T21:59:25.624015+00:00,2026,2026-05-04,batter_hits_alt,Batter Hits Ladder - 1+ Hits,batter_hits,True,Owen Caissie,MIA,PHI,Aaron Nola,0.5,-143.0,58.54,58.85,-0.31,Low,Alt ladder market,-0.13,0.8,-1.5,PropLine game moneyline/total context | Batter-vs-pitcher sample | Self-stored odds movement snapshots,batter_hits,1+ Hits,batter
2026-05-04T21:59:25.624015+00:00,2026,2026-05-04,batter_total_bases,Batter Total Bases,batter_total_bases,,Otto Lopez,MIA,PHI,Aaron Nola,1.5,-157.0,60.76,61.09,-0.33,Low-Medium,No clear edge,-0.18,1.8,1.5,PropLine game moneyline/total context | Batter-vs-pitcher sample | Self-stored odds movement snapshots,batter_total_bases,Under,batter
2026-05-04T21:59:25.624015+00:00,2026,2026-05-04,batter_hits_alt,Batter Hits Ladder - 1+ Hits,batter_hits,True,Trevor Story,BOS,DET,Tarik Skubal,0.5,-140.0,58.0,58.33,-0.33,Low,Alt ladder market,0.4,0.8,-1.5,PropLine game moneyline/total context | Batter-vs-pitcher sample | Self-stored odds movement snapshots,batter_hits,1+ Hits,batter
2026-05-04T21:59:25.624015+00:00,2026,2026-05-04,batter_hits_alt,Batter Hits Ladder - 1+ Hits,batter_hits,True,Connor Norby,MIA,PHI,Aaron Nola,0.5,-167.0,62.21,62.55,-0.34,Low,Alt ladder market,-0.13,0.8,-1.5,PropLine game moneyline/total context | Batter-vs-pitcher sample | Self-stored odds movement snapshots,batter_hits,1+ Hits,batter
2026-05-04T21:59:25.624015+00:00,2026,2026-05-04,batter_hits_alt,Batter Hits Ladder - 1+ Hits,batter_hits,True,Jahmai Jones,DET,BOS,Payton Tolle,0.5,-142.0,58.32,58.68,-0.36,Low,Alt ladder market,0.4,0.8,-1.5,PropLine game moneyline/total context | Batter-vs-pitcher sample | Self-stored odds movement snapshots,batter_hits,1+ Hits,batter
2026-05-04T21:59:25.624015+00:00,2026,2026-05-04,batter_total_bases,Batter Total Bases,batter_total_bases,,George Springer,TOR,TBR,Nick Martinez,1.5,103.0,48.9,49.26,-0.36,Low-Medium,No clear edge,,,1.5,PropLine game moneyline/total context | Batter-vs-pitcher sample | Self-stored odds movement snapshots,batter_total_bases,Over,batter
2026-05-04T21:59:25.624015+00:00,2026,2026-05-04,batter_total_bases,Batter Total Bases,batter_total_bases,,Bryson Stott,PHI,MIA,Janson Junk,0.5,100.0,49.62,50.0,-0.38,Low-Medium,No clear edge,-0.18,0.6,1.5,PropLine game moneyline/total context | Batter-vs-pitcher sample | Self-stored odds movement snapshots,batter_total_bases,Over,batter
2026-05-04T21:59:25.624015+00:00,2026,2026-05-04,batter_total_bases,Batter Total Bases,batter_total_bases,,Trea Turner,PHI,MIA,Janson Junk,1.5,104.0,48.63,49.02,-0.39,Low-Medium,No clear edge,-0.18,,1.5,PropLine game moneyline/total context | Batter-vs-pitcher sample | Self-stored odds movement snapshots,batter_total_bases,Over,batter
2026-05-04T21:59:25.624015+00:00,2026,2026-05-04,batter_hits,Batter Hits,batter_hits,,Hao-Yu Lee,DET,BOS,Payton Tolle,0.5,-131.0,56.31,56.71,-0.4,Low-Medium,No clear edge,0.4,0.8,-0.68,PropLine game moneyline/total context | Batter-vs-pitcher sample | Self-stored odds movement snapshots,batter_hits,Over,batter
2026-05-04T21:59:25.624015+00:00,2026,2026-05-04,batter_hits_alt,Batter Hits Ladder - 1+ Hits,batter_hits,True,Troy Johnston,COL,NYM,Huascar Brazobán,0.5,-210.0,67.33,67.74,-0.42,Low,Alt ladder market,-0.53,0.8,,PropLine game moneyline/total context | Self-stored odds movement snapshots,batter_hits,1+ Hits,batter
2026-05-04T21:59:25.624015+00:00,2026,2026-05-04,batter_hits_alt,Batter Hits Ladder - 1+ Hits,batter_hits,True,Willson Contreras,BOS,DET,Tarik Skubal,0.5,-146.0,58.93,59.35,-0.42,Low,Alt ladder market,0.4,0.8,-1.5,PropLine game moneyline/total context | Batter-vs-pitcher sample | Self-stored odds movement snapshots,batter_hits,1+ Hits,batter
2026-05-04T21:59:25.624015+00:00,2026,2026-05-04,batter_total_bases,Batter Total Bases,batter_total_bases,,Ian Happ,CHC,CIN,Chase Petty,1.5,-145.0,58.76,59.18,-0.42,Low-Medium,No clear edge,-0.81,1.2,1.5,PropLine game moneyline/total context | Batter-vs-pitcher sample | Self-stored odds movement snapshots,batter_total_bases,Under,batter
2026-05-04T21:59:25.624015+00:00,2026,2026-05-04,batter_hits_alt,Batter Hits Ladder - 1+ Hits,batter_hits,True,Caleb Durbin,BOS,DET,Tarik Skubal,0.5,-121.0,54.32,54.75,-0.43,Low,Alt ladder market,0.4,,-1.5,PropLine game moneyline/total context | Batter-vs-pitcher sample | Self-stored odds movement snapshots,batter_hits,1+ Hits,batter
2026-05-04T21:59:25.624015+00:00,2026,2026-05-04,batter_total_bases_alt,Batter Total Bases Ladder - 2+ Total Bases,batter_total_bases,True,Mark Vientos,NYM,COL,Tomoyuki Sugano,1.5,105.0,48.35,48.78,-0.43,Low,Alt ladder market,-0.8,1.2,-0.73,PropLine game moneyline/total context | Batter-vs-pitcher sample | Self-stored odds movement snapshots,batter_total_bases,2+ Total Bases,batter
2026-05-04T21:59:25.624015+00:00,2026,2026-05-04,batter_hits_alt,Batter Hits Ladder - 1+ Hits,batter_hits,True,Kevin McGonigle,DET,BOS,Payton Tolle,0.5,-204.0,66.66,67.11,-0.44,Low,Alt ladder market,0.4,0.8,-1.5,PropLine game moneyline/total context | Batter-vs-pitcher sample | Self-stored odds movement snapshots,batter_hits,1+ Hits,batter
2026-05-04T21:59:25.624015+00:00,2026,2026-05-04,batter_total_bases,Batter Total Bases,batter_total_bases,,Tyrone Taylor,NYM,COL,Tomoyuki Sugano,1.5,132.0,42.64,43.1,-0.46,Low-Medium,No clear edge,-0.8,,1.5,PropLine game moneyline/total context | Batter-vs-pitcher sample | Self-stored odds movement snapshots,batter_total_bases,,batter
2026-05-04T21:59:25.624015+00:00,2026,2026-05-04,batter_hits,Batter Hits,batter_hits,,Brandon Valenzuela,TOR,TBR,Nick Martinez,0.5,-106.0,50.98,51.46,-0.47,Low-Medium,No clear edge,,0.8,-1.5,PropLine game moneyline/total context | Batter-vs-pitcher sample | Self-stored odds movement snapshots,batter_hits,Under,batter
2026-05-04T21:59:25.624015+00:00,2026,2026-05-04,batter_hits_alt,Batter Hits Ladder - 1+ Hits,batter_hits,True,Riley Greene,DET,BOS,Payton Tolle,0.5,-173.0,62.89,63.37,-0.48,Low,Alt ladder market,0.4,0.8,-1.5,PropLine game moneyline/total context | Batter-vs-pitcher sample | Self-stored odds movement snapshots,batter_hits,1+ Hits,batter
2026-05-04T21:59:25.624015+00:00,2026,2026-05-04,batter_home_runs,Batter Home Runs,batter_home_runs,,Kyle Manzardo,CLE,KCR,Michael Wacha,0.5,610.0,13.59,14.08,-0.49,Low-Medium,No clear edge,1.86,-0.6,,PropLine game moneyline/total context | Batter-vs-pitcher sample | Self-stored odds movement snapshots,batter_home_runs,Kyle Manzardo,batter
2026-05-04T21:59:25.624015+00:00,2026,2026-05-04,batter_hits,Batter Hits,batter_hits,,Jake Fraley,TBR,TOR,Eric Lauer,0.5,-139.0,57.66,58.16,-0.5,Low-Medium,No clear edge,,0.8,-1.5,PropLine game moneyline/total context | Self-stored odds movement snapshots,batter_hits,Over,batter
2026-05-04T21:59:25.624015+00:00,2026,2026-05-04,batter_hits_alt,Batter Hits Ladder - 1+ Hits,batter_hits,True,Ceddanne Rafaela,BOS,DET,Tarik Skubal,0.5,-152.0,59.81,60.32,-0.51,Low,Alt ladder market,0.4,0.8,-1.5,PropLine game moneyline/total context | Batter-vs-pitcher sample | Self-stored odds movement snapshots,batter_hits,1+ Hits,batter
2026-05-04T21:59:25.624015+00:00,2026,2026-05-04,pitcher_hits_allowed,Pitcher Hits Allowed,pitcher_hits_allowed,,Michael Wacha,KCR,CLE,Michael Wacha,5.5,-117.0,53.4,53.92,-0.51,Low-Medium,No clear edge,0.63,1.0,1.21,PropLine game moneyline/total context | Self-stored odds movement snapshots,pitcher_hits_allowed,Over,pitcher
2026-05-04T21:59:25.624015+00:00,2026,2026-05-04,batter_hits_alt,Batter Hits Ladder - 1+ Hits,batter_hits,True,Gleyber Torres,DET,BOS,Payton Tolle,0.5,-176.0,63.25,63.77,-0.52,Low,Alt ladder market,0.4,0.8,-1.5,PropLine game moneyline/total context | Batter-vs-pitcher sample | Self-stored odds movement snapshots,batter_hits,1+ Hits,batter
2026-05-04T21:59:25.624015+00:00,2026,2026-05-04,batter_hits,Batter Hits,batter_hits,,Alec Bohm,PHI,MIA,Janson Junk,0.5,100.0,49.47,50.0,-0.53,Low-Medium,No clear edge,-0.13,,-1.5,PropLine game moneyline/total context | Batter-vs-pitcher sample | Self-stored odds movement snapshots,batter_hits,Over,batter
2026-05-04T21:59:25.624015+00:00,2026,2026-05-04,batter_total_bases_alt,Batter Total Bases Ladder - 2+ Total Bases,batter_total_bases,True,Marcus Semien,NYM,COL,Tomoyuki Sugano,1.5,102.0,48.97,49.5,-0.53,Low,Alt ladder market,-0.8,,0.25,PropLine game moneyline/total context | Batter-vs-pitcher sample | Self-stored odds movement snapshots,batter_total_bases,2+ Total Bases,batter
2026-05-04T21:59:25.624015+00:00,2026,2026-05-04,batter_home_runs,Batter Home Runs,batter_home_runs,,Nick Fortes,TBR,TOR,Eric Lauer,0.5,730.0,11.52,12.05,-0.53,Low-Medium,No clear edge,,-1.0,,PropLine game moneyline/total context | Self-stored odds movement snapshots,batter_home_runs,Nick Fortes,batter
2026-05-04T21:59:25.624015+00:00,2026,2026-05-04,pitcher_strikeouts,Pitcher Strikeouts,pitcher_strikeouts,,Kyle Leahy,STL,MIL,Kyle Leahy,3.5,104.0,48.48,49.02,-0.54,Low-Medium,No clear edge,-0.33,-0.8,-1.5,PropLine game moneyline/total context | Self-stored odds movement snapshots,pitcher_strikeouts,Under,pitcher
2026-05-04T21:59:25.624015+00:00,2026,2026-05-04,batter_home_runs,Batter Home Runs,batter_home_runs,,Jake Bauers,MIL,STL,Kyle Leahy,0.5,470.0,17.01,17.54,-0.54,Low-Medium,No clear edge,1.49,0.8,,PropLine game moneyline/total context | Batter-vs-pitcher sample | Self-stored odds movement snapshots,batter_home_runs,Jake Bauers,batter
2026-05-04T21:59:25.624015+00:00,2026,2026-05-04,batter_hits_alt,Batter Hits Ladder - 1+ Hits,batter_hits,True,Matt Vierling,DET,BOS,Payton Tolle,0.5,-155.0,60.23,60.78,-0.55,Low,Alt ladder market,0.4,0.8,-1.5,PropLine game moneyline/total context | Batter-vs-pitcher sample | Self-stored odds movement snapshots,batter_hits,1+ Hits,batter
2026-05-04T21:59:25.624015+00:00,2026,2026-05-04,batter_home_runs,Batter Home Runs,batter_home_runs,,Salvador Perez,KCR,CLE,Tanner Bibee,0.5,440.0,17.97,18.52,-0.55,Low-Medium,No clear edge,1.86,,,PropLine game moneyline/total context | Batter-vs-pitcher sample | Self-stored odds movement snapshots,batter_home_runs,Salvador Perez,batter
2026-05-04T21:59:25.624015+00:00,2026,2026-05-04,batter_hits_alt,Batter Hits Ladder - 1+ Hits,batter_hits,True,Otto Lopez,MIA,PHI,Aaron Nola,0.5,-288.0,73.66,74.23,-0.56,Low,Alt ladder market,-0.13,0.8,1.5,PropLine game moneyline/total context | Batter-vs-pitcher sample | Self-stored odds movement snapshots,batter_hits,1+ Hits,batter
2026-05-04T21:59:25.624015+00:00,2026,2026-05-04,batter_home_runs,Batter Home Runs,batter_home_runs,,Dylan Beavers,BAL,NYY,Cam Schlittler,0.5,880.0,9.64,10.2,-0.56,Low-Medium,No clear edge,-0.14,,,PropLine game moneyline/total context | Batter-vs-pitcher sample | Self-stored odds movement snapshots,batter_home_runs,Dylan Beavers,batter
2026-05-04T21:59:25.624015+00:00,2026,2026-05-04,batter_hits_alt,Batter Hits Ladder - 1+ Hits,batter_hits,True,Ezequiel Tovar,COL,NYM,Huascar Brazobán,0.5,-188.0,64.71,65.28,-0.57,Low,Alt ladder market,-0.53,0.8,,PropLine game moneyline/total context | Self-stored odds movement snapshots,batter_hits,1+ Hits,batter
2026-05-04T21:59:25.624015+00:00,2026,2026-05-04,pitcher_earned_runs,Pitcher Earned Runs,pitcher_earned_runs,,Michael Wacha,KCR,CLE,Michael Wacha,2.5,-121.0,54.17,54.75,-0.58,Low-Medium,No clear edge,0.73,1.0,-0.96,PropLine game moneyline/total context | Self-stored odds movement snapshots,pitcher_earned_runs,Over,pitcher
2026-05-04T21:59:25.624015+00:00,2026,2026-05-04,batter_hits,Batter Hits,batter_hits,,Caleb Durbin,BOS,DET,Tarik Skubal,0.5,-104.0,50.39,50.98,-0.59,Low-Medium,No clear edge,0.4,,-1.5,PropLine game moneyline/total context | Batter-vs-pitcher sample | Self-stored odds movement snapshots,batter_hits,Under,batter
2026-05-04T21:59:25.624015+00:00,2026,2026-05-04,batter_hits_alt,Batter Hits Ladder - 1+ Hits,batter_hits,True,Andruw Monasterio,BOS,DET,Tarik Skubal,0.5,-138.0,57.38,57.98,-0.6,Low,Alt ladder market,0.4,0.8,-1.5,PropLine game moneyline/total context | Batter-vs-pitcher sample | Self-stored odds movement snapshots,batter_hits,1+ Hits,batter
2026-05-04T21:59:25.624015+00:00,2026,2026-05-04,batter_hits_alt,Batter Hits Ladder - 1+ Hits,batter_hits,True,Isiah Kiner-Falefa,BOS,DET,Tarik Skubal,0.5,-138.0,57.38,57.98,-0.6,Low,Alt ladder market,0.4,0.8,-1.5,PropLine game moneyline/total context | Batter-vs-pitcher sample | Self-stored odds movement snapshots,batter_hits,1+ Hits,batter
2026-05-04T21:59:25.624015+00:00,2026,2026-05-04,pitcher_earned_runs,Pitcher Earned Runs,pitcher_earned_runs,,Tanner Bibee,CLE,KCR,Tanner Bibee,2.5,-125.0,54.95,55.56,-0.6,Low-Medium,No clear edge,0.73,1.0,1.5,PropLine game moneyline/total context | Self-stored odds movement snapshots,pitcher_earned_runs,Under,pitcher
2026-05-04T21:59:25.624015+00:00,2026,2026-05-04,batter_hits,Batter Hits,batter_hits,,Taylor Walls,TBR,TOR,Eric Lauer,0.5,-121.0,54.15,54.75,-0.6,Low-Medium,No clear edge,,,-0.85,PropLine game moneyline/total context | Self-stored odds movement snapshots,batter_hits,Over,batter
2026-05-04T21:59:25.624015+00:00,2026,2026-05-04,batter_total_bases_alt,Batter Total Bases Ladder - 2+ Total Bases,batter_total_bases,True,Brett Baty,NYM,COL,Tomoyuki Sugano,1.5,-104.0,50.37,50.98,-0.61,Low,Alt ladder market,-0.8,1.2,-0.61,PropLine game moneyline/total context | Batter-vs-pitcher sample | Self-stored odds movement snapshots,batter_total_bases,2+ Total Bases,batter
2026-05-04T21:59:25.624015+00:00,2026,2026-05-04,batter_home_runs,Batter Home Runs,batter_home_runs,,Adley Rutschman,BAL,NYY,Cam Schlittler,0.5,680.0,12.19,12.82,-0.63,Low-Medium,No clear edge,-0.14,,,PropLine game moneyline/total context | Batter-vs-pitcher sample | Self-stored odds movement snapshots,batter_home_runs,Adley Rutschman,batter
2026-05-04T21:59:25.624015+00:00,2026,2026-05-04,batter_home_runs,Batter Home Runs,batter_home_runs,,Justin Crawford,PHI,MIA,Janson Junk,0.5,1100.0,7.7,8.33,-0.63,Low-Medium,No clear edge,-0.33,-1.0,,PropLine game moneyline/total context | Batter-vs-pitcher sample | Self-stored odds movement snapshots,batter_home_runs,1+ Home Runs,batter
2026-05-04T21:59:25.624015+00:00,2026,2026-05-04,batter_home_runs,Batter Home Runs,batter_home_runs,,Ezequiel Tovar,COL,NYM,Huascar Brazobán,0.5,740.0,11.26,11.9,-0.64,Low-Medium,No clear edge,-1.2,,,PropLine game moneyline/total context | Self-stored odds movement snapshots,batter_home_runs,1+ Home Runs,batter
2026-05-04T21:59:25.624015+00:00,2026,2026-05-04,pitcher_strikeouts,Pitcher Strikeouts,pitcher_strikeouts,,Chad Patrick,MIL,STL,Chad Patrick,3.5,118.0,45.22,45.87,-0.65,Low-Medium,No clear edge,-0.33,-0.8,1.5,PropLine game moneyline/total context | Self-stored odds movement snapshots,pitcher_strikeouts,Under,pitcher
2026-05-04T21:59:25.624015+00:00,2026,2026-05-04,pitcher_strikeouts,Pitcher Strikeouts,pitcher_strikeouts,,Cam Schlittler,NYY,BAL,Cam Schlittler,6.5,-104.0,50.32,50.98,-0.66,Low-Medium,No clear edge,-0.07,,-1.5,PropLine game moneyline/total context | Self-stored odds movement snapshots,pitcher_strikeouts,Under,pitcher
2026-05-04T21:59:25.624015+00:00,2026,2026-05-04,pitcher_strikeouts,Pitcher Strikeouts,pitcher_strikeouts,,Eric Lauer,TOR,TBR,Eric Lauer,3.5,-106.0,50.78,51.46,-0.67,Low-Medium,No clear edge,,-0.8,1.5,PropLine game moneyline/total context | Self-stored odds movement snapshots,pitcher_strikeouts,Over,pitcher
2026-05-04T21:59:25.624015+00:00,2026,2026-05-04,pitcher_earned_runs,Pitcher Earned Runs,pitcher_earned_runs,,Cam Schlittler,NYY,BAL,Cam Schlittler,1.5,114.0,46.05,46.73,-0.68,Low-Medium,No clear edge,-0.14,,-1.5,PropLine game moneyline/total context | Self-stored odds movement snapshots,pitcher_earned_runs,Under,pitcher
2026-05-04T21:59:25.624015+00:00,2026,2026-05-04,batter_total_bases,Batter Total Bases,batter_total_bases,,Carson Benge,NYM,COL,Tomoyuki Sugano,1.5,115.0,45.81,46.51,-0.7,Low-Medium,No clear edge,-0.8,,1.3,PropLine game moneyline/total context | Batter-vs-pitcher sample | Self-stored odds movement snapshots,batter_total_bases,Over,batter
2026-05-04T21:59:25.624015+00:00,2026,2026-05-04,batter_home_runs,Batter Home Runs,batter_home_runs,,Carter Jensen,KCR,CLE,Tanner Bibee,0.5,370.0,20.57,21.28,-0.71,Low-Medium,No clear edge,1.86,1.5,,PropLine game moneyline/total context | Batter-vs-pitcher sample | Self-stored odds movement snapshots,batter_home_runs,Carter Jensen,batter
2026-05-04T21:59:25.624015+00:00,2026,2026-05-04,batter_hits_alt,Batter Hits Ladder - 1+ Hits,batter_hits,True,Roman Anthony,BOS,DET,Tarik Skubal,0.5,-168.0,61.96,62.69,-0.72,Low,Alt ladder market,0.4,0.8,-1.5,PropLine game moneyline/total context | Batter-vs-pitcher sample | Self-stored odds movement snapshots,batter_hits,1+ Hits,batter
2026-05-04T21:59:25.624015+00:00,2026,2026-05-04,batter_total_bases,Batter Total Bases,batter_total_bases,,Moisés Ballesteros,CHC,CIN,Chase Petty,1.5,-130.0,55.8,56.52,-0.72,Low-Medium,No clear edge,-0.81,1.8,1.5,PropLine game moneyline/total context | Batter-vs-pitcher sample | Self-stored odds movement snapshots,batter_total_bases,Under,batter
2026-05-04T21:59:25.624015+00:00,2026,2026-05-04,batter_home_runs,Batter Home Runs,batter_home_runs,,Ezequiel Tovar,COL,NYM,Huascar Brazobán,0.5,730.0,11.32,12.05,-0.73,Low-Medium,No clear edge,-1.2,,,PropLine game moneyline/total context | Self-stored odds movement snapshots,batter_home_runs,Ezequiel Tovar,batter
2026-05-04T21:59:25.624015+00:00,2026,2026-05-04,batter_home_runs,Batter Home Runs,batter_home_runs,,Jazz Chisholm,NYY,BAL,Shane Baz,0.5,430.0,18.11,18.87,-0.76,Low-Medium,No clear edge,-0.14,,,PropLine game moneyline/total context | Batter-vs-pitcher sample | Self-stored odds movement snapshots,batter_home_runs,Jazz Chisholm,batter
2026-05-04T21:59:25.624015+00:00,2026,2026-05-04,batter_total_bases_alt,Batter Total Bases Ladder - 2+ Total Bases,batter_total_bases,True,Juan Soto,NYM,COL,Tomoyuki Sugano,1.5,-130.0,55.74,56.52,-0.78,Low,Alt ladder market,-0.8,1.8,-1.5,PropLine game moneyline/total context | Batter-vs-pitcher sample | Self-stored odds movement snapshots,batter_total_bases,2+ Total Bases,batter
2026-05-04T21:59:25.624015+00:00,2026,2026-05-04,batter_hits,Batter Hits,batter_hits,,Spencer Torkelson,DET,BOS,Payton Tolle,0.5,-146.0,58.54,59.35,-0.81,Low-Medium,No clear edge,0.4,0.8,-1.5,PropLine game moneyline/total context | Batter-vs-pitcher sample | Self-stored odds movement snapshots,batter_hits,Over,batter
2026-05-04T21:59:25.624015+00:00,2026,2026-05-04,batter_home_runs,Batter Home Runs,batter_home_runs,,Andrew Vaughn,MIL,STL,Kyle Leahy,0.5,710.0,11.53,12.35,-0.82,Low-Medium,No clear edge,1.49,-1.6,,PropLine game moneyline/total context | Batter-vs-pitcher sample | Self-stored odds movement snapshots,batter_home_runs,Andrew Vaughn,batter
2026-05-04T21:59:25.624015+00:00,2026,2026-05-04,pitcher_strikeouts,Pitcher Strikeouts,pitcher_strikeouts,,Janson Junk,MIA,PHI,Janson Junk,3.5,100.0,49.17,50.0,-0.83,Low-Medium,No clear edge,-0.03,-0.8,-1.5,PropLine game moneyline/total context | Self-stored odds movement snapshots,pitcher_strikeouts,Under,pitcher
2026-05-04T21:59:25.624015+00:00,2026,2026-05-04,batter_total_bases,Batter Total Bases,batter_total_bases,,Trea Turner,PHI,MIA,Janson Junk,1.5,101.0,48.92,49.75,-0.83,Low-Medium,No clear edge,-0.18,,1.5,PropLine game moneyline/total context | Batter-vs-pitcher sample | Self-stored odds movement snapshots,batter_total_bases,Over,batter
2026-05-04T21:59:25.624015+00:00,2026,2026-05-04,batter_hits_alt,Batter Hits Ladder - 1+ Hits,batter_hits,True,Xavier Edwards,MIA,PHI,Aaron Nola,0.5,-261.0,71.46,72.3,-0.84,Low,Alt ladder market,-0.13,0.8,-1.5,PropLine game moneyline/total context | Batter-vs-pitcher sample | Self-stored odds movement snapshots,batter_hits,1+ Hits,batter
2026-05-04T21:59:25.624015+00:00,2026,2026-05-04,batter_hits_alt,Batter Hits Ladder - 1+ Hits,batter_hits,True,T.J. Rumfield,COL,NYM,Huascar Brazobán,0.5,-219.0,67.78,68.65,-0.87,Low,Alt ladder market,-0.53,0.8,,PropLine game moneyline/total context | Self-stored odds movement snapshots,batter_hits,1+ Hits,batter
2026-05-04T21:59:25.624015+00:00,2026,2026-05-04,batter_hits_alt,Batter Hits Ladder - 1+ Hits,batter_hits,True,Jakob Marsee,MIA,PHI,Aaron Nola,0.5,-204.0,66.24,67.11,-0.87,Low,Alt ladder market,-0.13,,-1.5,PropLine game moneyline/total context | Batter-vs-pitcher sample | Self-stored odds movement snapshots,batter_hits,1+ Hits,batter
2026-05-04T21:59:25.624015+00:00,2026,2026-05-04,batter_hits_alt,Batter Hits Ladder - 1+ Hits,batter_hits,True,Justin Crawford,PHI,MIA,Janson Junk,0.5,-174.0,62.63,63.5,-0.87,Low,Alt ladder market,-0.13,0.8,-1.5,PropLine game moneyline/total context | Batter-vs-pitcher sample | Self-stored odds movement snapshots,batter_hits,1+ Hits,batter
2026-05-04T21:59:25.624015+00:00,2026,2026-05-04,batter_total_bases,Batter Total Bases,batter_total_bases,,Alec Burleson,STL,MIL,Chad Patrick,1.5,-164.0,61.24,62.12,-0.88,Low-Medium,No clear edge,0.89,1.8,1.5,PropLine game moneyline/total context | Batter-vs-pitcher sample | Self-stored odds movement snapshots,batter_total_bases,Under,batter
2026-05-04T21:59:25.624015+00:00,2026,2026-05-04,batter_hits_alt,Batter Hits Ladder - 1+ Hits,batter_hits,True,Kyle Karros,COL,NYM,Huascar Brazobán,0.5,-190.0,64.63,65.52,-0.89,Low,Alt ladder market,-0.53,0.8,,PropLine game moneyline/total context | Self-stored odds movement snapshots,batter_hits,1+ Hits,batter
2026-05-04T21:59:25.624015+00:00,2026,2026-05-04,batter_hits_alt,Batter Hits Ladder - 1+ Hits,batter_hits,True,Kyle Stowers,MIA,PHI,Aaron Nola,0.5,-224.0,68.2,69.14,-0.93,Low,Alt ladder market,-0.13,0.8,-1.5,PropLine game moneyline/total context | Batter-vs-pitcher sample | Self-stored odds movement snapshots,batter_hits,1+ Hits,batter
2026-05-04T21:59:25.624015+00:00,2026,2026-05-04,batter_hits,Batter Hits,batter_hits,,Chandler Simpson,TBR,TOR,Eric Lauer,1.5,-213.0,67.12,68.05,-0.93,Low-Medium,No clear edge,,0.8,1.5,PropLine game moneyline/total context | Self-stored odds movement snapshots,batter_hits,,batter
2026-05-04T21:59:25.624015+00:00,2026,2026-05-04,batter_home_runs,Batter Home Runs,batter_home_runs,,Nathaniel Lowe,CIN,CHC,Edward Cabrera,0.5,490.0,16.0,16.95,-0.95,Low-Medium,No clear edge,-1.28,2.3,,PropLine game moneyline/total context | Batter-vs-pitcher sample | Self-stored odds movement snapshots,batter_home_runs,Nathaniel Lowe,batter
2026-05-04T21:59:25.624015+00:00,2026,2026-05-04,batter_hits_alt,Batter Hits Ladder - 1+ Hits,batter_hits,True,Brandon Marsh,PHI,MIA,Janson Junk,0.5,-219.0,67.69,68.65,-0.96,Low,Alt ladder market,-0.13,0.8,-1.5,PropLine game moneyline/total context | Batter-vs-pitcher sample | Self-stored odds movement snapshots,batter_hits,1+ Hits,batter
2026-05-04T21:59:25.624015+00:00,2026,2026-05-04,batter_hits_alt,Batter Hits Ladder - 1+ Hits,batter_hits,True,Liam Hicks,MIA,PHI,Aaron Nola,0.5,-230.0,68.71,69.7,-0.98,Low,Alt ladder market,-0.13,0.8,-1.5,PropLine game moneyline/total context | Batter-vs-pitcher sample | Self-stored odds movement snapshots,batter_hits,1+ Hits,batter
2026-05-04T21:59:25.624015+00:00,2026,2026-05-04,batter_total_bases,Batter Total Bases,batter_total_bases,,Trea Turner,PHI,MIA,Janson Junk,0.5,100.0,49.02,50.0,-0.98,Low-Medium,No clear edge,-0.18,,1.5,PropLine game moneyline/total context | Batter-vs-pitcher sample | Self-stored odds movement snapshots,batter_total_bases,Over,batter
2026-05-04T21:59:25.624015+00:00,2026,2026-05-04,batter_hits_alt,Batter Hits Ladder - 1+ Hits,batter_hits,True,Dillon Dingler,DET,BOS,Payton Tolle,0.5,-223.0,68.05,69.04,-0.99,Low,Alt ladder market,0.4,0.8,-1.5,PropLine game moneyline/total context | Batter-vs-pitcher sample | Self-stored odds movement snapshots,batter_hits,1+ Hits,batter
2026-05-04T21:59:25.624015+00:00,2026,2026-05-04,batter_total_bases,Batter Total Bases,batter_total_bases,,Brice Turang,MIL,STL,Kyle Leahy,1.5,-154.0,59.64,60.63,-0.99,Low-Medium,No clear edge,0.89,1.8,1.5,PropLine game moneyline/total context | Batter-vs-pitcher sample | Self-stored odds movement snapshots,batter_total_bases,Under,batter
2026-05-04T21:59:25.624015+00:00,2026,2026-05-04,batter_hits,Batter Hits,batter_hits,,William Contreras,MIL,STL,Kyle Leahy,1.5,-205.0,66.22,67.21,-1.0,Low-Medium,No clear edge,0.43,0.8,1.5,PropLine game moneyline/total context | Batter-vs-pitcher sample | Self-stored odds movement snapshots,batter_hits,Under,batter
2026-05-04T21:59:25.624015+00:00,2026,2026-05-04,batter_total_bases,Batter Total Bases,batter_total_bases,,MJ Melendez,NYM,COL,Tomoyuki Sugano,0.5,100.0,49.0,50.0,-1.0,Low-Medium,No clear edge,-0.8,1.8,1.3,PropLine game moneyline/total context | Batter-vs-pitcher sample | Self-stored odds movement snapshots,batter_total_bases,Over,batter
2026-05-04T21:59:25.624015+00:00,2026,2026-05-04,batter_total_bases_alt,Batter Total Bases Ladder - 2+ Total Bases,batter_total_bases,True,Francisco Alvarez,NYM,COL,Tomoyuki Sugano,1.5,-117.0,52.9,53.92,-1.01,Low,Alt ladder market,-0.8,1.2,-1.5,PropLine game moneyline/total context | Batter-vs-pitcher sample | Self-stored odds movement snapshots,batter_total_bases,2+ Total Bases,batter
2026-05-04T21:59:25.624015+00:00,2026,2026-05-04,batter_hits,Batter Hits,batter_hits,,Caleb Durbin,BOS,DET,Tarik Skubal,0.5,-107.0,50.68,51.69,-1.01,Low-Medium,No clear edge,0.4,,-1.5,PropLine game moneyline/total context | Batter-vs-pitcher sample | Self-stored odds movement snapshots,batter_hits,Under,batter
2026-05-04T21:59:25.624015+00:00,2026,2026-05-04,batter_total_bases,Batter Total Bases,batter_total_bases,,William Contreras,MIL,STL,Kyle Leahy,1.5,-148.0,58.66,59.68,-1.02,Low-Medium,No clear edge,0.89,1.2,1.5,PropLine game moneyline/total context | Batter-vs-pitcher sample | Self-stored odds movement snapshots,batter_total_bases,Under,batter
2026-05-04T21:59:25.624015+00:00,2026,2026-05-04,batter_total_bases,Batter Total Bases,batter_total_bases,,Tyrone Taylor,NYM,COL,Tomoyuki Sugano,1.5,127.0,43.02,44.05,-1.03,Low-Medium,No clear edge,-0.8,,1.5,PropLine game moneyline/total context | Batter-vs-pitcher sample | Self-stored odds movement snapshots,batter_total_bases,Over,batter
2026-05-04T21:59:25.624015+00:00,2026,2026-05-04,pitcher_strikeouts,Pitcher Strikeouts,pitcher_strikeouts,,Chad Patrick,MIL,STL,Chad Patrick,4.5,115.0,45.47,46.51,-1.04,Low-Medium,No clear edge,-0.33,-0.8,1.5,PropLine game moneyline/total context | Self-stored odds movement snapshots,pitcher_strikeouts,Over,pitcher
2026-05-04T21:59:25.624015+00:00,2026,2026-05-04,batter_home_runs,Batter Home Runs,batter_home_runs,,Kazuma Okamoto,TOR,TBR,Nick Martinez,0.5,420.0,18.19,19.23,-1.04,Low-Medium,No clear edge,,2.3,,PropLine game moneyline/total context | Batter-vs-pitcher sample | Self-stored odds movement snapshots,batter_home_runs,Kazuma Okamoto,batter
2026-05-04T21:59:25.624015+00:00,2026,2026-05-04,batter_home_runs,Batter Home Runs,batter_home_runs,,Yohendrick Pinango,TOR,TBR,Nick Martinez,0.5,790.0,10.19,11.24,-1.04,Low-Medium,No clear edge,,,,PropLine game moneyline/total context | Batter-vs-pitcher sample | Self-stored odds movement snapshots,batter_home_runs,Yohendrick Pinango,batter
2026-05-04T21:59:25.624015+00:00,2026,2026-05-04,pitcher_strikeouts,Pitcher Strikeouts,pitcher_strikeouts,,Michael Wacha,KCR,CLE,Michael Wacha,4.5,-157.0,60.04,61.09,-1.05,Low-Medium,No clear edge,-0.4,,1.5,PropLine game moneyline/total context | Self-stored odds movement snapshots,pitcher_strikeouts,Under,pitcher
2026-05-04T21:59:25.624015+00:00,2026,2026-05-04,batter_total_bases,Batter Total Bases,batter_total_bases,,Chase DeLauter,CLE,KCR,Michael Wacha,1.5,-141.0,57.43,58.51,-1.07,Low-Medium,No clear edge,1.13,1.2,1.5,PropLine game moneyline/total context | Batter-vs-pitcher sample | Self-stored odds movement snapshots,batter_total_bases,Under,batter
2026-05-04T21:59:25.624015+00:00,2026,2026-05-04,batter_hits,Batter Hits,batter_hits,,Wilyer Abreu,BOS,DET,Tarik Skubal,0.5,-154.0,59.55,60.63,-1.08,Low-Medium,No clear edge,0.4,0.8,-1.5,PropLine game moneyline/total context | Batter-vs-pitcher sample | Self-stored odds movement snapshots,batter_hits,Over,batter
2026-05-04T21:59:25.624015+00:00,2026,2026-05-04,batter_total_bases,Batter Total Bases,batter_total_bases,,Tyler Freeman,COL,NYM,Huascar Brazobán,0.5,100.0,48.9,50.0,-1.1,Low-Medium,No clear edge,-0.8,,,PropLine game moneyline/total context | Self-stored odds movement snapshots,batter_total_bases,Over,batter
2026-05-04T21:59:25.624015+00:00,2026,2026-05-04,pitcher_hits_allowed,Pitcher Hits Allowed,pitcher_hits_allowed,,Janson Junk,MIA,PHI,Janson Junk,5.5,102.0,48.4,49.5,-1.1,Low-Medium,No clear edge,-0.15,,-0.25,PropLine game moneyline/total context | Self-stored odds movement snapshots,pitcher_hits_allowed,Under,pitcher
2026-05-04T21:59:25.624015+00:00,2026,2026-05-04,batter_home_runs,Batter Home Runs,batter_home_runs,,Chase DeLauter,CLE,KCR,Michael Wacha,0.5,520.0,15.01,16.13,-1.12,Low-Medium,No clear edge,1.86,,,PropLine game moneyline/total context | Batter-vs-pitcher sample | Self-stored odds movement snapshots,batter_home_runs,Chase DeLauter,batter
2026-05-04T21:59:25.624015+00:00,2026,2026-05-04,pitcher_strikeouts,Pitcher Strikeouts,pitcher_strikeouts,,Janson Junk,MIA,PHI,Janson Junk,3.5,-102.0,49.37,50.5,-1.13,Low-Medium,No clear edge,-0.03,-0.8,-1.5,PropLine game moneyline/total context | Self-stored odds movement snapshots,pitcher_strikeouts,Under,pitcher
2026-05-04T21:59:25.624015+00:00,2026,2026-05-04,batter_hits,Batter Hits,batter_hits,,Tyrone Taylor,NYM,COL,Tomoyuki Sugano,0.5,100.0,48.87,50.0,-1.13,Low-Medium,No clear edge,-0.53,0.8,-1.5,PropLine game moneyline/total context | Batter-vs-pitcher sample | Self-stored odds movement snapshots,batter_hits,Over,batter
2026-05-04T21:59:25.624015+00:00,2026,2026-05-04,batter_hits,Batter Hits,batter_hits,,Carson Benge,NYM,COL,Tomoyuki Sugano,0.5,100.0,48.87,50.0,-1.13,Low-Medium,No clear edge,-0.53,0.8,-1.5,PropLine game moneyline/total context | Batter-vs-pitcher sample | Self-stored odds movement snapshots,batter_hits,Over,batter
2026-05-04T21:59:25.624015+00:00,2026,2026-05-04,batter_home_runs,Batter Home Runs,batter_home_runs,,Alec Bohm,PHI,MIA,Janson Junk,0.5,990.0,8.04,9.17,-1.13,Low-Medium,No clear edge,-0.33,-1.0,,PropLine game moneyline/total context | Batter-vs-pitcher sample | Self-stored odds movement snapshots,batter_home_runs,1+ Home Runs,batter
2026-05-04T21:59:25.624015+00:00,2026,2026-05-04,pitcher_strikeouts,Pitcher Strikeouts,pitcher_strikeouts,,Michael Wacha,KCR,CLE,Michael Wacha,4.5,-158.0,60.1,61.24,-1.14,Low-Medium,No clear edge,-0.4,,1.5,PropLine game moneyline/total context | Self-stored odds movement snapshots,pitcher_strikeouts,Under,pitcher
2026-05-04T21:59:25.624015+00:00,2026,2026-05-04,batter_total_bases,Batter Total Bases,batter_total_bases,,Brenton Doyle,COL,NYM,Huascar Brazobán,1.5,114.0,45.59,46.73,-1.14,Low-Medium,No clear edge,-0.8,,,PropLine game moneyline/total context | Self-stored odds movement snapshots,batter_total_bases,Over,batter
2026-05-04T21:59:25.624015+00:00,2026,2026-05-04,batter_total_bases,Batter Total Bases,batter_total_bases,,Jordan Beck,COL,NYM,Huascar Brazobán,1.5,114.0,45.59,46.73,-1.14,Low-Medium,No clear edge,-0.8,,,PropLine game moneyline/total context | Self-stored odds movement snapshots,batter_total_bases,Over,batter
2026-05-04T21:59:25.624015+00:00,2026,2026-05-04,batter_home_runs,Batter Home Runs,batter_home_runs,,Trea Turner,PHI,MIA,Janson Junk,0.5,820.0,9.72,10.87,-1.15,Low-Medium,No clear edge,-0.33,-1.0,,PropLine game moneyline/total context | Batter-vs-pitcher sample | Self-stored odds movement snapshots,batter_home_runs,Trea Turner,batter
2026-05-04T21:59:25.624015+00:00,2026,2026-05-04,batter_home_runs,Batter Home Runs,batter_home_runs,,Jeremiah Jackson,BAL,NYY,Cam Schlittler,0.5,880.0,9.04,10.2,-1.16,Low-Medium,No clear edge,-0.14,-0.6,,PropLine game moneyline/total context | Batter-vs-pitcher sample | Self-stored odds movement snapshots,batter_home_runs,Jeremiah Jackson,batter
2026-05-04T21:59:25.624015+00:00,2026,2026-05-04,batter_hits_alt,Batter Hits Ladder - 1+ Hits,batter_hits,True,Kyle Schwarber,PHI,MIA,Janson Junk,0.5,-201.0,65.61,66.78,-1.17,Low,Alt ladder market,-0.13,0.8,-1.5,PropLine game moneyline/total context | Batter-vs-pitcher sample | Self-stored odds movement snapshots,batter_hits,1+ Hits,batter
2026-05-04T21:59:25.624015+00:00,2026,2026-05-04,batter_total_bases,Batter Total Bases,batter_total_bases,,Pete Crow-Armstrong,CHC,CIN,Chase Petty,1.5,-134.0,56.1,57.26,-1.17,Low-Medium,No clear edge,-0.81,1.8,1.5,PropLine game moneyline/total context | Batter-vs-pitcher sample | Self-stored odds movement snapshots,batter_total_bases,Under,batter
2026-05-04T21:59:25.624015+00:00,2026,2026-05-04,batter_hits_alt,Batter Hits Ladder - 1+ Hits,batter_hits,True,Willi Castro,COL,NYM,Huascar Brazobán,0.5,-259.0,70.96,72.14,-1.19,Low,Alt ladder market,-0.53,0.8,,PropLine game moneyline/total context | Self-stored odds movement snapshots,batter_hits,1+ Hits,batter
2026-05-04T21:59:25.624015+00:00,2026,2026-05-04,batter_total_bases_alt,Batter Total Bases Ladder - 2+ Total Bases,batter_total_bases,True,Bo Bichette,NYM,COL,Tomoyuki Sugano,1.5,-134.0,56.04,57.26,-1.22,Low,Alt ladder market,-0.8,1.8,-1.5,PropLine game moneyline/total context | Batter-vs-pitcher sample | Self-stored odds movement snapshots,batter_total_bases,2+ Total Bases,batter
2026-05-04T21:59:25.624015+00:00,2026,2026-05-04,batter_total_bases,Batter Total Bases,batter_total_bases,,Carson Benge,NYM,COL,Tomoyuki Sugano,1.5,111.0,46.16,47.39,-1.23,Low-Medium,No clear edge,-0.8,,1.3,PropLine game moneyline/total context | Batter-vs-pitcher sample | Self-stored odds movement snapshots,batter_total_bases,,batter
2026-05-04T21:59:25.624015+00:00,2026,2026-05-04,pitcher_strikeouts,Pitcher Strikeouts,pitcher_strikeouts,,Janson Junk,MIA,PHI,Janson Junk,3.5,-103.0,49.47,50.74,-1.27,Low-Medium,No clear edge,-0.03,-0.8,-1.5,PropLine game moneyline/total context | Self-stored odds movement snapshots,pitcher_strikeouts,Under,pitcher
2026-05-04T21:59:25.624015+00:00,2026,2026-05-04,batter_total_bases,Batter Total Bases,batter_total_bases,,Yandy Díaz,TBR,TOR,Eric Lauer,1.5,-152.0,59.03,60.32,-1.29,Low-Medium,No clear edge,,1.2,1.5,PropLine game moneyline/total context | Self-stored odds movement snapshots,batter_total_bases,Under,batter
2026-05-04T21:59:25.624015+00:00,2026,2026-05-04,batter_total_bases,Batter Total Bases,batter_total_bases,,Junior Caminero,TBR,TOR,Eric Lauer,1.5,-152.0,59.03,60.32,-1.29,Low-Medium,No clear edge,,1.2,1.5,PropLine game moneyline/total context | Self-stored odds movement snapshots,batter_total_bases,Under,batter
2026-05-04T21:59:25.624015+00:00,2026,2026-05-04,batter_total_bases,Batter Total Bases,batter_total_bases,,Juan Soto,NYM,COL,Tomoyuki Sugano,0.5,100.0,48.7,50.0,-1.3,Low-Medium,No clear edge,-0.8,1.8,-1.5,PropLine game moneyline/total context | Batter-vs-pitcher sample | Self-stored odds movement snapshots,batter_total_bases,Over,batter
2026-05-04T21:59:25.624015+00:00,2026,2026-05-04,batter_home_runs,Batter Home Runs,batter_home_runs,,Bryson Stott,PHI,MIA,Janson Junk,0.5,800.0,9.81,11.11,-1.3,Low-Medium,No clear edge,-0.33,-1.0,,PropLine game moneyline/total context | Batter-vs-pitcher sample | Self-stored odds movement snapshots,batter_home_runs,1+ Home Runs,batter
2026-05-04T21:59:25.624015+00:00,2026,2026-05-04,batter_hits,Batter Hits,batter_hits,,Owen Caissie,MIA,PHI,Aaron Nola,0.5,-136.0,56.32,57.63,-1.31,Low-Medium,No clear edge,-0.13,0.8,-1.5,PropLine game moneyline/total context | Batter-vs-pitcher sample | Self-stored odds movement snapshots,batter_hits,,batter
2026-05-04T21:59:25.624015+00:00,2026,2026-05-04,batter_hits,Batter Hits,batter_hits,,Coby Mayo,BAL,NYY,Cam Schlittler,0.5,-115.0,52.18,53.49,-1.31,Low-Medium,No clear edge,-0.12,0.8,,PropLine game moneyline/total context | Batter-vs-pitcher sample | Self-stored odds movement snapshots,batter_hits,Over,batter
2026-05-04T21:59:25.624015+00:00,2026,2026-05-04,batter_hits,Batter Hits,batter_hits,,Taylor Ward,BAL,NYY,Cam Schlittler,0.5,-141.0,57.18,58.51,-1.32,Low-Medium,No clear edge,-0.12,0.8,-1.5,PropLine game moneyline/total context | Batter-vs-pitcher sample | Self-stored odds movement snapshots,batter_hits,Over,batter
2026-05-04T21:59:25.624015+00:00,2026,2026-05-04,batter_hits,Batter Hits,batter_hits,,Joe Mack,MIA,PHI,Aaron Nola,0.5,-148.0,58.34,59.68,-1.34,Low-Medium,No clear edge,-0.13,,-1.5,PropLine game moneyline/total context | Batter-vs-pitcher sample | Self-stored odds movement snapshots,batter_hits,Over,batter
2026-05-04T21:59:25.624015+00:00,2026,2026-05-04,batter_hits_alt,Batter Hits Ladder - 1+ Hits,batter_hits,True,J.T. Realmuto,PHI,MIA,Janson Junk,0.5,-225.0,67.84,69.23,-1.39,Low,Alt ladder market,-0.13,0.8,-1.5,PropLine game moneyline/total context | Batter-vs-pitcher sample | Self-stored odds movement snapshots,batter_hits,1+ Hits,batter
2026-05-04T21:59:25.624015+00:00,2026,2026-05-04,pitcher_hits_allowed,Pitcher Hits Allowed,pitcher_hits_allowed,,Janson Junk,MIA,PHI,Janson Junk,5.5,100.0,48.6,50.0,-1.4,Low-Medium,No clear edge,-0.15,,-0.25,PropLine game moneyline/total context | Self-stored odds movement snapshots,pitcher_hits_allowed,Over,pitcher
2026-05-04T21:59:25.624015+00:00,2026,2026-05-04,batter_hits_alt,Batter Hits Ladder - 1+ Hits,batter_hits,True,Bryson Stott,PHI,MIA,Janson Junk,0.5,-227.0,68.01,69.42,-1.41,Low,Alt ladder market,-0.13,0.8,-1.5,PropLine game moneyline/total context | Batter-vs-pitcher sample | Self-stored odds movement snapshots,batter_hits,1+ Hits,batter
2026-05-04T21:59:25.624015+00:00,2026,2026-05-04,batter_home_runs,Batter Home Runs,batter_home_runs,,Leody Taveras,BAL,NYY,Cam Schlittler,0.5,760.0,10.21,11.63,-1.42,Low-Medium,No clear edge,-0.14,,,PropLine game moneyline/total context | Batter-vs-pitcher sample | Self-stored odds movement snapshots,batter_home_runs,Leody Taveras,batter
2026-05-04T21:59:25.624015+00:00,2026,2026-05-04,batter_hits_alt,Batter Hits Ladder - 1+ Hits,batter_hits,True,Hunter Goodman,COL,NYM,Huascar Brazobán,0.5,-299.0,73.5,74.94,-1.44,Low,Alt ladder market,-0.53,0.8,,PropLine game moneyline/total context | Self-stored odds movement snapshots,batter_hits,1+ Hits,batter
2026-05-04T21:59:25.624015+00:00,2026,2026-05-04,batter_hits_alt,Batter Hits Ladder - 1+ Hits,batter_hits,True,Mark Vientos,NYM,COL,Tomoyuki Sugano,0.5,-263.0,71.01,72.45,-1.44,Low,Alt ladder market,-0.53,0.8,1.5,PropLine game moneyline/total context | Batter-vs-pitcher sample | Self-stored odds movement snapshots,batter_hits,1+ Hits,batter
2026-05-04T21:59:25.624015+00:00,2026,2026-05-04,batter_total_bases,Batter Total Bases,batter_total_bases,,MJ Melendez,NYM,COL,Tomoyuki Sugano,1.5,-103.0,49.3,50.74,-1.44,Low-Medium,No clear edge,-0.8,1.8,1.3,PropLine game moneyline/total context | Batter-vs-pitcher sample | Self-stored odds movement snapshots,batter_total_bases,Over,batter
2026-05-04T21:59:25.624015+00:00,2026,2026-05-04,batter_hits_alt,Batter Hits Ladder - 1+ Hits,batter_hits,True,Bryce Harper,PHI,MIA,Janson Junk,0.5,-299.0,73.48,74.94,-1.45,Low,Alt ladder market,-0.13,0.8,1.5,PropLine game moneyline/total context | Batter-vs-pitcher sample | Self-stored odds movement snapshots,batter_hits,1+ Hits,batter
2026-05-04T21:59:25.624015+00:00,2026,2026-05-04,batter_home_runs,Batter Home Runs,batter_home_runs,,Brenton Doyle,COL,NYM,Huascar Brazobán,0.5,760.0,10.15,11.63,-1.48,Low-Medium,No clear edge,-1.2,-1.0,,PropLine game moneyline/total context | Self-stored odds movement snapshots,batter_home_runs,Brenton Doyle,batter
2026-05-04T21:59:25.624015+00:00,2026,2026-05-04,batter_hits_alt,Batter Hits Ladder - 1+ Hits,batter_hits,True,Jordan Beck,COL,NYM,Huascar Brazobán,0.5,-260.0,70.73,72.22,-1.49,Low,Alt ladder market,-0.53,0.8,,PropLine game moneyline/total context | Self-stored odds movement snapshots,batter_hits,1+ Hits,batter
2026-05-04T21:59:25.624015+00:00,2026,2026-05-04,batter_hits_alt,Batter Hits Ladder - 1+ Hits,batter_hits,True,Juan Soto,NYM,COL,Tomoyuki Sugano,0.5,-343.0,75.91,77.43,-1.51,Low,Alt ladder market,-0.53,0.8,1.5,PropLine game moneyline/total context | Batter-vs-pitcher sample | Self-stored odds movement snapshots,batter_hits,1+ Hits,batter
2026-05-04T21:59:25.624015+00:00,2026,2026-05-04,batter_total_bases,Batter Total Bases,batter_total_bases,,J.T. Realmuto,PHI,MIA,Janson Junk,0.5,100.0,48.49,50.0,-1.51,Low-Medium,No clear edge,-0.18,,0.97,PropLine game moneyline/total context | Batter-vs-pitcher sample | Self-stored odds movement snapshots,batter_total_bases,Over,batter
2026-05-04T21:59:25.624015+00:00,2026,2026-05-04,batter_home_runs,Batter Home Runs,batter_home_runs,,Jordan Beck,COL,NYM,Huascar Brazobán,0.5,710.0,10.84,12.35,-1.51,Low-Medium,No clear edge,-1.2,-1.6,,PropLine game moneyline/total context | Self-stored odds movement snapshots,batter_home_runs,Jordan Beck,batter
2026-05-04T21:59:25.624015+00:00,2026,2026-05-04,batter_home_runs,Batter Home Runs,batter_home_runs,,Alec Bohm,PHI,MIA,Janson Junk,0.5,920.0,8.29,9.8,-1.51,Low-Medium,No clear edge,-0.33,-1.0,,PropLine game moneyline/total context | Batter-vs-pitcher sample | Self-stored odds movement snapshots,batter_home_runs,Alec Bohm,batter
2026-05-04T21:59:25.624015+00:00,2026,2026-05-04,batter_hits,Batter Hits,batter_hits,,Yandy Díaz,TBR,TOR,Eric Lauer,1.5,-223.0,67.52,69.04,-1.52,Low-Medium,No clear edge,,0.8,1.5,PropLine game moneyline/total context | Self-stored odds movement snapshots,batter_hits,Under,batter
2026-05-04T21:59:25.624015+00:00,2026,2026-05-04,batter_hits,Batter Hits,batter_hits,,Chandler Simpson,TBR,TOR,Eric Lauer,1.5,-223.0,67.52,69.04,-1.52,Low-Medium,No clear edge,,0.8,1.5,PropLine game moneyline/total context | Self-stored odds movement snapshots,batter_hits,Under,batter
2026-05-04T21:59:25.624015+00:00,2026,2026-05-04,batter_home_runs,Batter Home Runs,batter_home_runs,,Brandon Marsh,PHI,MIA,Janson Junk,0.5,590.0,12.97,14.49,-1.53,Low-Medium,No clear edge,-0.33,0.8,,PropLine game moneyline/total context | Batter-vs-pitcher sample | Self-stored odds movement snapshots,batter_home_runs,Brandon Marsh,batter
2026-05-04T21:59:25.624015+00:00,2026,2026-05-04,batter_hits,Batter Hits,batter_hits,,Pedro Pagés,STL,MIL,Chad Patrick,0.5,-154.0,59.08,60.63,-1.55,Low-Medium,No clear edge,0.43,0.8,-1.5,PropLine game moneyline/total context | Batter-vs-pitcher sample | Self-stored odds movement snapshots,batter_hits,Over,batter
2026-05-04T21:59:25.624015+00:00,2026,2026-05-04,batter_hits_alt,Batter Hits Ladder - 1+ Hits,batter_hits,True,Tyler Freeman,COL,NYM,Huascar Brazobán,0.5,-321.0,74.69,76.25,-1.56,Low,Alt ladder market,-0.53,0.8,,PropLine game moneyline/total context | Self-stored odds movement snapshots,batter_hits,1+ Hits,batter
2026-05-04T21:59:25.624015+00:00,2026,2026-05-04,batter_hits_alt,Batter Hits Ladder - 1+ Hits,batter_hits,True,Brenton Doyle,COL,NYM,Huascar Brazobán,0.5,-273.0,71.61,73.19,-1.58,Low,Alt ladder market,-0.53,0.8,,PropLine game moneyline/total context | Self-stored odds movement snapshots,batter_hits,1+ Hits,batter
2026-05-04T21:59:25.624015+00:00,2026,2026-05-04,batter_hits_alt,Batter Hits Ladder - 1+ Hits,batter_hits,True,Marcus Semien,NYM,COL,Tomoyuki Sugano,0.5,-286.0,72.51,74.09,-1.59,Low,Alt ladder market,-0.53,0.8,1.5,PropLine game moneyline/total context | Batter-vs-pitcher sample | Self-stored odds movement snapshots,batter_hits,1+ Hits,batter
2026-05-04T21:59:25.624015+00:00,2026,2026-05-04,pitcher_strikeouts,Pitcher Strikeouts,pitcher_strikeouts,,Payton Tolle,BOS,DET,Payton Tolle,5.5,-141.0,56.92,58.51,-1.59,Low-Medium,No clear edge,-0.4,2.0,-0.59,PropLine game moneyline/total context | Self-stored odds movement snapshots,pitcher_strikeouts,Under,pitcher
2026-05-04T21:59:25.624015+00:00,2026,2026-05-04,batter_home_runs,Batter Home Runs,batter_home_runs,,Ryan Vilade,TBR,TOR,Eric Lauer,0.5,680.0,11.23,12.82,-1.59,Low-Medium,No clear edge,,-1.6,,PropLine game moneyline/total context | Self-stored odds movement snapshots,batter_home_runs,Ryan Vilade,batter
2026-05-04T21:59:25.624015+00:00,2026,2026-05-04,batter_hits_alt,Batter Hits Ladder - 1+ Hits,batter_hits,True,Trea Turner,PHI,MIA,Janson Junk,0.5,-326.0,74.93,76.53,-1.6,Low,Alt ladder market,-0.13,0.8,1.5,PropLine game moneyline/total context | Batter-vs-pitcher sample | Self-stored odds movement snapshots,batter_hits,1+ Hits,batter
2026-05-04T21:59:25.624015+00:00,2026,2026-05-04,batter_total_bases,Batter Total Bases,batter_total_bases,,Alex Bregman,CHC,CIN,Chase Petty,1.5,-115.0,51.89,53.49,-1.6,Low-Medium,No clear edge,-0.81,0.6,,PropLine game moneyline/total context | Batter-vs-pitcher sample | Self-stored odds movement snapshots,batter_total_bases,Over,batter
2026-05-04T21:59:25.624015+00:00,2026,2026-05-04,batter_total_bases,Batter Total Bases,batter_total_bases,,Juan Soto,NYM,COL,Tomoyuki Sugano,1.5,-102.0,48.9,50.5,-1.6,Low-Medium,No clear edge,-0.8,1.8,-1.5,PropLine game moneyline/total context | Batter-vs-pitcher sample | Self-stored odds movement snapshots,batter_total_bases,Under,batter
2026-05-04T21:59:25.624015+00:00,2026,2026-05-04,batter_home_runs,Batter Home Runs,batter_home_runs,,J.T. Realmuto,PHI,MIA,Janson Junk,0.5,760.0,10.02,11.63,-1.61,Low-Medium,No clear edge,-0.33,-1.0,,PropLine game moneyline/total context | Batter-vs-pitcher sample | Self-stored odds movement snapshots,batter_home_runs,1+ Home Runs,batter
2026-05-04T21:59:25.624015+00:00,2026,2026-05-04,batter_home_runs,Batter Home Runs,batter_home_runs,,Brenton Doyle,COL,NYM,Huascar Brazobán,0.5,740.0,10.26,11.9,-1.64,Low-Medium,No clear edge,-1.2,-1.0,,PropLine game moneyline/total context | Self-stored odds movement snapshots,batter_home_runs,1+ Home Runs,batter
2026-05-04T21:59:25.624015+00:00,2026,2026-05-04,batter_total_bases,Batter Total Bases,batter_total_bases,,Sal Stewart,CIN,CHC,Edward Cabrera,1.5,-134.0,55.6,57.26,-1.67,Low-Medium,No clear edge,-0.81,1.8,1.5,PropLine game moneyline/total context | Batter-vs-pitcher sample | Self-stored odds movement snapshots,batter_total_bases,Under,batter
2026-05-04T21:59:25.624015+00:00,2026,2026-05-04,batter_hits_alt,Batter Hits Ladder - 1+ Hits,batter_hits,True,Alec Bohm,PHI,MIA,Janson Junk,0.5,-210.0,66.07,67.74,-1.68,Low,Alt ladder market,-0.13,,-1.5,PropLine game moneyline/total context | Batter-vs-pitcher sample | Self-stored odds movement snapshots,batter_hits,1+ Hits,batter
2026-05-04T21:59:25.624015+00:00,2026,2026-05-04,batter_hits_alt,Batter Hits Ladder - 1+ Hits,batter_hits,True,MJ Melendez,NYM,COL,Tomoyuki Sugano,0.5,-237.0,68.63,70.33,-1.7,Low,Alt ladder market,-0.53,0.8,-1.5,PropLine game moneyline/total context | Batter-vs-pitcher sample | Self-stored odds movement snapshots,batter_hits,1+ Hits,batter
2026-05-04T21:59:25.624015+00:00,2026,2026-05-04,pitcher_strikeouts,Pitcher Strikeouts,pitcher_strikeouts,,Edward Cabrera,CHC,CIN,Edward Cabrera,5.5,-129.0,54.63,56.33,-1.7,Low-Medium,No clear edge,,,0.6,PropLine game moneyline/total context | Self-stored odds movement snapshots,pitcher_strikeouts,Over,pitcher
2026-05-04T21:59:25.624015+00:00,2026,2026-05-04,batter_home_runs,Batter Home Runs,batter_home_runs,,Matt McLain,CIN,CHC,Edward Cabrera,0.5,820.0,9.17,10.87,-1.7,Low-Medium,No clear edge,-1.28,-0.6,,PropLine game moneyline/total context | Batter-vs-pitcher sample | Self-stored odds movement snapshots,batter_home_runs,Matt McLain,batter
2026-05-04T21:59:25.624015+00:00,2026,2026-05-04,batter_hits_alt,Batter Hits Ladder - 1+ Hits,batter_hits,True,Francisco Alvarez,NYM,COL,Tomoyuki Sugano,0.5,-308.0,73.78,75.49,-1.71,Low,Alt ladder market,-0.53,0.8,1.5,PropLine game moneyline/total context | Batter-vs-pitcher sample | Self-stored odds movement snapshots,batter_hits,1+ Hits,batter
2026-05-04T21:59:25.624015+00:00,2026,2026-05-04,batter_hits,Batter Hits,batter_hits,,Kyle Isbel,KCR,CLE,Tanner Bibee,0.5,-157.0,59.38,61.09,-1.71,Low-Medium,No clear edge,0.54,0.8,-1.5,PropLine game moneyline/total context | Batter-vs-pitcher sample | Self-stored odds movement snapshots,batter_hits,Over,batter
2026-05-04T21:59:25.624015+00:00,2026,2026-05-04,pitcher_strikeouts,Pitcher Strikeouts,pitcher_strikeouts,,Shane Baz,BAL,NYY,Shane Baz,5.5,-108.0,50.18,51.92,-1.74,Low-Medium,No clear edge,-0.07,-0.8,0.78,PropLine game moneyline/total context | Self-stored odds movement snapshots,pitcher_strikeouts,Over,pitcher
2026-05-04T21:59:25.624015+00:00,2026,2026-05-04,pitcher_hits_allowed,Pitcher Hits Allowed,pitcher_hits_allowed,,Shane Baz,BAL,NYY,Shane Baz,5.5,-152.0,58.53,60.32,-1.79,Low-Medium,No clear edge,-0.1,1.0,1.5,PropLine game moneyline/total context | Self-stored odds movement snapshots,pitcher_hits_allowed,Under,pitcher
2026-05-04T21:59:25.624015+00:00,2026,2026-05-04,batter_home_runs,Batter Home Runs,batter_home_runs,,Bryce Harper,PHI,MIA,Janson Junk,0.5,520.0,14.32,16.13,-1.81,Low-Medium,No clear edge,-0.33,1.5,,PropLine game moneyline/total context | Batter-vs-pitcher sample | Self-stored odds movement snapshots,batter_home_runs,Bryce Harper,batter
2026-05-04T21:59:25.624015+00:00,2026,2026-05-04,pitcher_strikeouts,Pitcher Strikeouts,pitcher_strikeouts,,Edward Cabrera,CHC,CIN,Edward Cabrera,5.5,-130.0,54.71,56.52,-1.82,Low-Medium,No clear edge,,,0.6,PropLine game moneyline/total context | Self-stored odds movement snapshots,pitcher_strikeouts,Under,pitcher
2026-05-04T21:59:25.624015+00:00,2026,2026-05-04,batter_hits,Batter Hits,batter_hits,,Owen Caissie,MIA,PHI,Aaron Nola,0.5,-141.0,56.67,58.51,-1.83,Low-Medium,No clear edge,-0.13,0.8,-1.5,PropLine game moneyline/total context | Batter-vs-pitcher sample | Self-stored odds movement snapshots,batter_hits,Over,batter
2026-05-04T21:59:25.624015+00:00,2026,2026-05-04,batter_home_runs,Batter Home Runs,batter_home_runs,,Coby Mayo,BAL,NYY,Cam Schlittler,0.5,710.0,10.5,12.35,-1.85,Low-Medium,No clear edge,-0.14,,,PropLine game moneyline/total context | Batter-vs-pitcher sample | Self-stored odds movement snapshots,batter_home_runs,Coby Mayo,batter
2026-05-04T21:59:25.624015+00:00,2026,2026-05-04,batter_total_bases,Batter Total Bases,batter_total_bases,,Bryce Harper,PHI,MIA,Janson Junk,1.5,-136.0,55.77,57.63,-1.86,Low-Medium,No clear edge,-0.18,1.2,1.5,PropLine game moneyline/total context | Batter-vs-pitcher sample | Self-stored odds movement snapshots,batter_total_bases,Under,batter
2026-05-04T21:59:25.624015+00:00,2026,2026-05-04,batter_total_bases,Batter Total Bases,batter_total_bases,,Kyle Karros,COL,NYM,Huascar Brazobán,0.5,100.0,48.1,50.0,-1.9,Low-Medium,No clear edge,-0.8,1.2,,PropLine game moneyline/total context | Self-stored odds movement snapshots,batter_total_bases,Over,batter
2026-05-04T21:59:25.624015+00:00,2026,2026-05-04,batter_hits_alt,Batter Hits Ladder - 1+ Hits,batter_hits,True,Tyrone Taylor,NYM,COL,Tomoyuki Sugano,0.5,-226.0,67.42,69.33,-1.91,Low,Alt ladder market,-0.53,0.8,-1.5,PropLine game moneyline/total context | Batter-vs-pitcher sample | Self-stored odds movement snapshots,batter_hits,1+ Hits,batter
2026-05-04T21:59:25.624015+00:00,2026,2026-05-04,batter_hits,Batter Hits,batter_hits,,Austin Wells,NYY,BAL,Shane Baz,0.5,-152.0,58.41,60.32,-1.91,Low-Medium,No clear edge,-0.12,0.8,-1.5,PropLine game moneyline/total context | Batter-vs-pitcher sample | Self-stored odds movement snapshots,batter_hits,Over,batter
2026-05-04T21:59:25.624015+00:00,2026,2026-05-04,pitcher_hits_allowed,Pitcher Hits Allowed,pitcher_hits_allowed,,Michael Wacha,KCR,CLE,Michael Wacha,5.5,-129.0,54.37,56.33,-1.96,Low-Medium,No clear edge,0.63,1.0,1.21,PropLine game moneyline/total context | Self-stored odds movement snapshots,pitcher_hits_allowed,Under,pitcher
2026-05-04T21:59:25.624015+00:00,2026,2026-05-04,batter_total_bases,Batter Total Bases,batter_total_bases,,Liam Hicks,MIA,PHI,Aaron Nola,1.5,-169.0,60.85,62.83,-1.98,Low-Medium,No clear edge,-0.18,1.2,1.5,PropLine game moneyline/total context | Batter-vs-pitcher sample | Self-stored odds movement snapshots,batter_total_bases,Under,batter
2026-05-04T21:59:25.624015+00:00,2026,2026-05-04,batter_hits,Batter Hits,batter_hits,,Owen Caissie,MIA,PHI,Aaron Nola,0.5,-143.0,56.81,58.85,-2.04,Low-Medium,No clear edge,-0.13,0.8,-1.5,PropLine game moneyline/total context | Batter-vs-pitcher sample | Self-stored odds movement snapshots,batter_hits,Over,batter
2026-05-04T21:59:25.624015+00:00,2026,2026-05-04,batter_hits_alt,Batter Hits Ladder - 1+ Hits,batter_hits,True,Brett Baty,NYM,COL,Tomoyuki Sugano,0.5,-322.0,74.22,76.3,-2.09,Low,Alt ladder market,-0.53,0.8,1.5,PropLine game moneyline/total context | Batter-vs-pitcher sample | Self-stored odds movement snapshots,batter_hits,1+ Hits,batter
2026-05-04T21:59:25.624015+00:00,2026,2026-05-04,batter_total_bases,Batter Total Bases,batter_total_bases,,Kyle Schwarber,PHI,MIA,Janson Junk,1.5,-144.0,56.93,59.02,-2.09,Low-Medium,No clear edge,-0.18,1.8,1.5,PropLine game moneyline/total context | Batter-vs-pitcher sample | Self-stored odds movement snapshots,batter_total_bases,Under,batter
2026-05-04T21:59:25.624015+00:00,2026,2026-05-04,pitcher_strikeouts,Pitcher Strikeouts,pitcher_strikeouts,,Example Starter,NYY,BOS,Example Starter,5.5,-115.0,51.4,53.49,-2.09,Low,No clear edge,,,,MLB schedule/game context | PropLine game moneyline/total context | Open-Meteo weather context | Baseball Savant quality metrics | Self-stored odds movement snapshots | Open-Meteo game weather features,pitcher_strikeouts,,pitcher
2026-05-04T21:59:25.624015+00:00,2026,2026-05-04,batter_hits,Batter Hits,batter_hits,,Zack Short,DET,BOS,Payton Tolle,0.5,-162.0,59.73,61.83,-2.1,Low-Medium,No clear edge,0.4,,1.5,PropLine game moneyline/total context | Batter-vs-pitcher sample | Self-stored odds movement snapshots,batter_hits,Under,batter
2026-05-04T21:59:25.624015+00:00,2026,2026-05-04,batter_hits_alt,Batter Hits Ladder - 1+ Hits,batter_hits,True,Carson Benge,NYM,COL,Tomoyuki Sugano,0.5,-261.0,70.12,72.3,-2.18,Low,Alt ladder market,-0.53,0.8,-1.5,PropLine game moneyline/total context | Batter-vs-pitcher sample | Self-stored odds movement snapshots,batter_hits,1+ Hits,batter
2026-05-04T21:59:25.624015+00:00,2026,2026-05-04,batter_total_bases,Batter Total Bases,batter_total_bases,,Bryce Harper,PHI,MIA,Janson Junk,1.5,-139.0,55.98,58.16,-2.18,Low-Medium,No clear edge,-0.18,1.2,1.5,PropLine game moneyline/total context | Batter-vs-pitcher sample | Self-stored odds movement snapshots,batter_total_bases,Under,batter
2026-05-04T21:59:25.624015+00:00,2026,2026-05-04,batter_hits,Batter Hits,batter_hits,,Trevor Story,BOS,DET,Tarik Skubal,0.5,-140.0,56.13,58.33,-2.2,Low-Medium,No clear edge,0.4,0.8,-1.5,PropLine game moneyline/total context | Batter-vs-pitcher sample | Self-stored odds movement snapshots,batter_hits,Over,batter
2026-05-04T21:59:25.624015+00:00,2026,2026-05-04,batter_hits,Batter Hits,batter_hits,,Jazz Chisholm Jr.,NYY,BAL,Shane Baz,0.5,-179.0,61.94,64.16,-2.21,Low-Medium,No clear edge,-0.12,0.8,-1.5,PropLine game moneyline/total context | Batter-vs-pitcher sample | Self-stored odds movement snapshots,batter_hits,Over,batter
2026-05-04T21:59:25.624015+00:00,2026,2026-05-04,batter_home_runs,Batter Home Runs,batter_home_runs,,Jordan Beck,COL,NYM,Huascar Brazobán,0.5,640.0,11.31,13.51,-2.21,Low-Medium,No clear edge,-1.2,-1.6,,PropLine game moneyline/total context | Self-stored odds movement snapshots,batter_home_runs,1+ Home Runs,batter
2026-05-04T21:59:25.624015+00:00,2026,2026-05-04,batter_home_runs,Batter Home Runs,batter_home_runs,,Ian Happ,CHC,CIN,Chase Petty,0.5,340.0,20.51,22.73,-2.22,Low-Medium,No clear edge,-1.28,1.5,,PropLine game moneyline/total context | Batter-vs-pitcher sample | Self-stored odds movement snapshots,batter_home_runs,Ian Happ,batter
2026-05-04T21:59:25.624015+00:00,2026,2026-05-04,batter_home_runs,Batter Home Runs,batter_home_runs,,Trea Turner,PHI,MIA,Janson Junk,0.5,690.0,10.43,12.66,-2.22,Low-Medium,No clear edge,-0.33,-1.0,,PropLine game moneyline/total context | Batter-vs-pitcher sample | Self-stored odds movement snapshots,batter_home_runs,1+ Home Runs,batter
2026-05-04T21:59:25.624015+00:00,2026,2026-05-04,pitcher_strikeouts,Pitcher Strikeouts,pitcher_strikeouts,,Tomoyuki Sugano,COL,NYM,Tomoyuki Sugano,3.5,-131.0,54.46,56.71,-2.25,Low-Medium,No clear edge,,-0.8,1.08,PropLine game moneyline/total context | Self-stored odds movement snapshots,pitcher_strikeouts,Under,pitcher
2026-05-04T21:59:25.624015+00:00,2026,2026-05-04,batter_total_bases,Batter Total Bases,batter_total_bases,,Dillon Dingler,DET,BOS,Payton Tolle,1.5,-182.0,62.28,64.54,-2.26,Low-Medium,No clear edge,0.96,1.8,1.5,PropLine game moneyline/total context | Batter-vs-pitcher sample | Self-stored odds movement snapshots,batter_total_bases,Under,batter
2026-05-04T21:59:25.624015+00:00,2026,2026-05-04,batter_hits,Batter Hits,batter_hits,,Connor Norby,MIA,PHI,Aaron Nola,0.5,-167.0,60.29,62.55,-2.26,Low-Medium,No clear edge,-0.13,0.8,-1.5,PropLine game moneyline/total context | Batter-vs-pitcher sample | Self-stored odds movement snapshots,batter_hits,Over,batter
2026-05-04T21:59:25.624015+00:00,2026,2026-05-04,batter_total_bases,Batter Total Bases,batter_total_bases,,Kyle Stowers,MIA,PHI,Aaron Nola,1.5,-139.0,55.88,58.16,-2.28,Low-Medium,No clear edge,-0.18,0.6,1.5,PropLine game moneyline/total context | Batter-vs-pitcher sample | Self-stored odds movement snapshots,batter_total_bases,Under,batter
2026-05-04T21:59:25.624015+00:00,2026,2026-05-04,batter_total_bases,Batter Total Bases,batter_total_bases,,Graham Pauley,MIA,PHI,Aaron Nola,0.5,100.0,47.72,50.0,-2.28,Low-Medium,No clear edge,-0.18,-0.8,,PropLine game moneyline/total context | Batter-vs-pitcher sample | Self-stored odds movement snapshots,batter_total_bases,Over,batter
2026-05-04T21:59:25.624015+00:00,2026,2026-05-04,pitcher_strikeouts,Pitcher Strikeouts,pitcher_strikeouts,,Payton Tolle,BOS,DET,Payton Tolle,4.5,-148.0,57.39,59.68,-2.29,Low-Medium,No clear edge,-0.4,2.0,-0.59,PropLine game moneyline/total context | Self-stored odds movement snapshots,pitcher_strikeouts,Over,pitcher
2026-05-04T21:59:25.624015+00:00,2026,2026-05-04,batter_hits_alt,Batter Hits Ladder - 1+ Hits,batter_hits,True,Bo Bichette,NYM,COL,Tomoyuki Sugano,0.5,-460.0,79.83,82.14,-2.31,Low,Alt ladder market,-0.53,0.8,1.5,PropLine game moneyline/total context | Batter-vs-pitcher sample | Self-stored odds movement snapshots,batter_hits,1+ Hits,batter
2026-05-04T21:59:25.624015+00:00,2026,2026-05-04,batter_hits,Batter Hits,batter_hits,,Bo Bichette,NYM,COL,Tomoyuki Sugano,1.5,-152.0,58.0,60.32,-2.32,Low-Medium,No clear edge,-0.53,0.8,1.5,PropLine game moneyline/total context | Batter-vs-pitcher sample | Self-stored odds movement snapshots,batter_hits,,batter
2026-05-04T21:59:25.624015+00:00,2026,2026-05-04,batter_hits,Batter Hits,batter_hits,,Bo Bichette,NYM,COL,Tomoyuki Sugano,1.5,-153.0,58.06,60.47,-2.41,Low-Medium,No clear edge,-0.53,0.8,1.5,PropLine game moneyline/total context | Batter-vs-pitcher sample | Self-stored odds movement snapshots,batter_hits,Under,batter
2026-05-04T21:59:25.624015+00:00,2026,2026-05-04,batter_hits,Batter Hits,batter_hits,,Jahmai Jones,DET,BOS,Payton Tolle,0.5,-142.0,56.27,58.68,-2.41,Low-Medium,No clear edge,0.4,0.8,-1.5,PropLine game moneyline/total context | Batter-vs-pitcher sample | Self-stored odds movement snapshots,batter_hits,Over,batter
2026-05-04T21:59:25.624015+00:00,2026,2026-05-04,batter_total_bases,Batter Total Bases,batter_total_bases,,Elly De La Cruz,CIN,CHC,Edward Cabrera,1.5,-141.0,56.09,58.51,-2.41,Low-Medium,No clear edge,-0.81,1.8,1.5,PropLine game moneyline/total context | Batter-vs-pitcher sample | Self-stored odds movement snapshots,batter_total_bases,Under,batter
2026-05-04T21:59:25.624015+00:00,2026,2026-05-04,batter_hits,Batter Hits,batter_hits,,Otto Lopez,MIA,PHI,Aaron Nola,1.5,-257.0,69.57,71.99,-2.42,Low-Medium,No clear edge,-0.13,0.8,1.5,PropLine game moneyline/total context | Batter-vs-pitcher sample | Self-stored odds movement snapshots,batter_hits,,batter
2026-05-04T21:59:25.624015+00:00,2026,2026-05-04,batter_home_runs,Batter Home Runs,batter_home_runs,,Tyler Stephenson,CIN,CHC,Edward Cabrera,0.5,490.0,14.5,16.95,-2.45,Low-Medium,No clear edge,-1.28,2.3,,PropLine game moneyline/total context | Batter-vs-pitcher sample | Self-stored odds movement snapshots,batter_home_runs,Tyler Stephenson,batter
2026-05-04T21:59:25.624015+00:00,2026,2026-05-04,batter_total_bases,Batter Total Bases,batter_total_bases,,Mark Vientos,NYM,COL,Tomoyuki Sugano,1.5,108.0,45.6,48.08,-2.47,Low-Medium,No clear edge,-0.8,1.2,-0.73,PropLine game moneyline/total context | Batter-vs-pitcher sample | Self-stored odds movement snapshots,batter_total_bases,Over,batter
2026-05-04T21:59:25.624015+00:00,2026,2026-05-04,batter_total_bases,Batter Total Bases,batter_total_bases,,Justin Crawford,PHI,MIA,Janson Junk,0.5,100.0,47.52,50.0,-2.48,Low-Medium,No clear edge,-0.18,,,PropLine game moneyline/total context | Batter-vs-pitcher sample | Self-stored odds movement snapshots,batter_total_bases,Over,batter
2026-05-04T21:59:25.624015+00:00,2026,2026-05-04,batter_total_bases,Batter Total Bases,batter_total_bases,,Seiya Suzuki,CHC,CIN,Chase Petty,1.5,-136.0,55.14,57.63,-2.49,Low-Medium,No clear edge,-0.81,1.2,-1.5,PropLine game moneyline/total context | Batter-vs-pitcher sample | Self-stored odds movement snapshots,batter_total_bases,Under,batter
2026-05-04T21:59:25.624015+00:00,2026,2026-05-04,pitcher_hits_allowed,Pitcher Hits Allowed,pitcher_hits_allowed,,Chase Petty,CIN,CHC,Chase Petty,4.5,100.0,47.47,50.0,-2.53,Low-Medium,No clear edge,-0.53,,-1.5,PropLine game moneyline/total context | Baseball Savant quality metrics | Self-stored odds movement snapshots,pitcher_hits_allowed,Under,pitcher
2026-05-04T21:59:25.624015+00:00,2026,2026-05-04,batter_hits,Batter Hits,batter_hits,,Michael Massey,KCR,CLE,Tanner Bibee,0.5,-137.0,55.26,57.81,-2.54,Low-Medium,No clear edge,0.54,,-1.5,PropLine game moneyline/total context | Batter-vs-pitcher sample | Self-stored odds movement snapshots,batter_hits,Over,batter
2026-05-04T21:59:25.624015+00:00,2026,2026-05-04,batter_total_bases,Batter Total Bases,batter_total_bases,,Dillon Dingler,DET,BOS,Payton Tolle,1.5,-186.0,62.47,65.03,-2.56,Low-Medium,No clear edge,0.96,1.8,1.5,PropLine game moneyline/total context | Batter-vs-pitcher sample | Self-stored odds movement snapshots,batter_total_bases,Under,batter
2026-05-04T21:59:25.624015+00:00,2026,2026-05-04,batter_total_bases,Batter Total Bases,batter_total_bases,,JJ Wetherholt,STL,MIL,Chad Patrick,1.5,-186.0,62.4,65.03,-2.63,Low-Medium,No clear edge,0.89,1.8,1.5,PropLine game moneyline/total context | Batter-vs-pitcher sample | Self-stored odds movement snapshots,batter_total_bases,Under,batter
2026-05-04T21:59:25.624015+00:00,2026,2026-05-04,pitcher_strikeouts,Pitcher Strikeouts,pitcher_strikeouts,,Shane Baz,BAL,NYY,Shane Baz,5.5,-115.0,50.81,53.49,-2.68,Low-Medium,No clear edge,-0.07,-0.8,0.78,PropLine game moneyline/total context | Self-stored odds movement snapshots,pitcher_strikeouts,Under,pitcher
2026-05-04T21:59:25.624015+00:00,2026,2026-05-04,batter_hits,Batter Hits,batter_hits,,Willson Contreras,BOS,DET,Tarik Skubal,0.5,-145.0,56.47,59.18,-2.71,Low-Medium,No clear edge,0.4,0.8,-1.5,PropLine game moneyline/total context | Batter-vs-pitcher sample | Self-stored odds movement snapshots,batter_hits,Over,batter
2026-05-04T21:59:25.624015+00:00,2026,2026-05-04,batter_home_runs,Batter Home Runs,batter_home_runs,,Kyle Stowers,MIA,PHI,Aaron Nola,0.5,450.0,15.44,18.18,-2.74,Low-Medium,No clear edge,-0.33,-0.2,,PropLine game moneyline/total context | Batter-vs-pitcher sample | Self-stored odds movement snapshots,batter_home_runs,1+ Home Runs,batter
2026-05-04T21:59:25.624015+00:00,2026,2026-05-04,batter_hits,Batter Hits,batter_hits,,Troy Johnston,COL,NYM,Huascar Brazobán,0.5,-210.0,64.97,67.74,-2.78,Low-Medium,No clear edge,-0.53,0.8,,PropLine game moneyline/total context | Self-stored odds movement snapshots,batter_hits,Over,batter
2026-05-04T21:59:25.624015+00:00,2026,2026-05-04,pitcher_strikeouts,Pitcher Strikeouts,pitcher_strikeouts,,Tomoyuki Sugano,COL,NYM,Tomoyuki Sugano,3.5,-136.0,54.83,57.63,-2.8,Low-Medium,No clear edge,,-0.8,1.08,PropLine game moneyline/total context | Self-stored odds movement snapshots,pitcher_strikeouts,Under,pitcher
2026-05-04T21:59:25.624015+00:00,2026,2026-05-04,batter_total_bases,Batter Total Bases,batter_total_bases,,Carson Benge,NYM,COL,Tomoyuki Sugano,0.5,100.0,47.2,50.0,-2.8,Low-Medium,No clear edge,-0.8,,1.3,PropLine game moneyline/total context | Batter-vs-pitcher sample | Self-stored odds movement snapshots,batter_total_bases,Over,batter
2026-05-04T21:59:25.624015+00:00,2026,2026-05-04,batter_total_bases,Batter Total Bases,batter_total_bases,,Carson Benge,NYM,COL,Tomoyuki Sugano,1.5,100.0,47.2,50.0,-2.8,Low-Medium,No clear edge,-0.8,,1.3,PropLine game moneyline/total context | Batter-vs-pitcher sample | Self-stored odds movement snapshots,batter_total_bases,,batter
2026-05-04T21:59:25.624015+00:00,2026,2026-05-04,pitcher_earned_runs,Pitcher Earned Runs,pitcher_earned_runs,,Aaron Nola,PHI,MIA,Aaron Nola,2.5,-132.0,54.09,56.9,-2.81,Low-Medium,No clear edge,-0.17,1.0,-1.5,PropLine game moneyline/total context | Self-stored odds movement snapshots,pitcher_earned_runs,Over,pitcher
2026-05-04T21:59:25.624015+00:00,2026,2026-05-04,batter_home_runs,Batter Home Runs,batter_home_runs,,JJ Bleday,CIN,CHC,Edward Cabrera,0.5,470.0,14.74,17.54,-2.81,Low-Medium,No clear edge,-1.28,0.8,,PropLine game moneyline/total context | Batter-vs-pitcher sample | Self-stored odds movement snapshots,batter_home_runs,JJ Bleday,batter
2026-05-04T21:59:25.624015+00:00,2026,2026-05-04,pitcher_hits_allowed,Pitcher Hits Allowed,pitcher_hits_allowed,,Aaron Nola,PHI,MIA,Aaron Nola,5.5,-137.0,54.97,57.81,-2.83,Low-Medium,No clear edge,-0.15,1.0,1.5,PropLine game moneyline/total context | Self-stored odds movement snapshots,pitcher_hits_allowed,Under,pitcher
2026-05-04T21:59:25.624015+00:00,2026,2026-05-04,batter_total_bases,Batter Total Bases,batter_total_bases,,José Ramírez,CLE,KCR,Michael Wacha,1.5,-134.0,54.44,57.26,-2.83,Low-Medium,No clear edge,1.13,1.2,1.5,PropLine game moneyline/total context | Batter-vs-pitcher sample | Self-stored odds movement snapshots,batter_total_bases,Under,batter
2026-05-04T21:59:25.624015+00:00,2026,2026-05-04,batter_home_runs,Batter Home Runs,batter_home_runs,,Bryce Harper,PHI,MIA,Janson Junk,0.5,459.0,15.03,17.89,-2.86,Low-Medium,No clear edge,-0.33,1.5,,PropLine game moneyline/total context | Batter-vs-pitcher sample | Self-stored odds movement snapshots,batter_home_runs,1+ Home Runs,batter
2026-05-04T21:59:25.624015+00:00,2026,2026-05-04,batter_hits,Batter Hits,batter_hits,,Nick Fortes,TBR,TOR,Eric Lauer,0.5,-164.0,59.25,62.12,-2.87,Low-Medium,No clear edge,,0.8,-1.5,PropLine game moneyline/total context | Self-stored odds movement snapshots,batter_hits,Over,batter
2026-05-04T21:59:25.624015+00:00,2026,2026-05-04,batter_total_bases,Batter Total Bases,batter_total_bases,,Kyle Schwarber,PHI,MIA,Janson Junk,1.5,-152.0,57.45,60.32,-2.87,Low-Medium,No clear edge,-0.18,1.8,1.5,PropLine game moneyline/total context | Batter-vs-pitcher sample | Self-stored odds movement snapshots,batter_total_bases,Under,batter
2026-05-04T21:59:25.624015+00:00,2026,2026-05-04,batter_hits,Batter Hits,batter_hits,,Otto Lopez,MIA,PHI,Aaron Nola,1.5,-267.0,69.87,72.75,-2.88,Low-Medium,No clear edge,-0.13,0.8,1.5,PropLine game moneyline/total context | Batter-vs-pitcher sample | Self-stored odds movement snapshots,batter_hits,Under,batter
2026-05-04T21:59:25.624015+00:00,2026,2026-05-04,batter_total_bases,Batter Total Bases,batter_total_bases,,Vladimir Guerrero Jr.,TOR,TBR,Nick Martinez,1.5,-130.0,53.61,56.52,-2.91,Low-Medium,No clear edge,,1.8,1.5,PropLine game moneyline/total context | Batter-vs-pitcher sample | Self-stored odds movement snapshots,batter_total_bases,Under,batter
2026-05-04T21:59:25.624015+00:00,2026,2026-05-04,batter_home_runs,Batter Home Runs,batter_home_runs,,TJ Friedl,CIN,CHC,Edward Cabrera,0.5,790.0,8.31,11.24,-2.92,Low-Medium,No clear edge,-1.28,-1.6,,PropLine game moneyline/total context | Batter-vs-pitcher sample | Self-stored odds movement snapshots,batter_home_runs,TJ Friedl,batter
2026-05-04T21:59:25.624015+00:00,2026,2026-05-04,batter_hits,Batter Hits,batter_hits,,Kevin McGonigle,DET,BOS,Payton Tolle,0.5,-204.0,64.14,67.11,-2.96,Low-Medium,No clear edge,0.4,0.8,-1.5,PropLine game moneyline/total context | Batter-vs-pitcher sample | Self-stored odds movement snapshots,batter_hits,Over,batter
2026-05-04T21:59:25.624015+00:00,2026,2026-05-04,batter_hits,Batter Hits,batter_hits,,Brice Turang,MIL,STL,Kyle Leahy,1.5,-239.0,67.53,70.5,-2.97,Low-Medium,No clear edge,0.43,0.8,1.5,PropLine game moneyline/total context | Batter-vs-pitcher sample | Self-stored odds movement snapshots,batter_hits,Under,batter
2026-05-04T21:59:25.624015+00:00,2026,2026-05-04,batter_total_bases,Batter Total Bases,batter_total_bases,,Michael Busch,CHC,CIN,Chase Petty,1.5,-134.0,54.3,57.26,-2.97,Low-Medium,No clear edge,-0.81,,1.5,PropLine game moneyline/total context | Batter-vs-pitcher sample | Self-stored odds movement snapshots,batter_total_bases,Under,batter
2026-05-04T21:59:25.624015+00:00,2026,2026-05-04,batter_total_bases,Batter Total Bases,batter_total_bases,,Alec Bohm,PHI,MIA,Janson Junk,0.5,100.0,47.02,50.0,-2.98,Low-Medium,No clear edge,-0.18,,1.5,PropLine game moneyline/total context | Batter-vs-pitcher sample | Self-stored odds movement snapshots,batter_total_bases,Over,batter
2026-05-04T21:59:25.624015+00:00,2026,2026-05-04,batter_home_runs,Batter Home Runs,batter_home_runs,,Carson Kelly,CHC,CIN,Chase Petty,0.5,390.0,17.38,20.41,-3.02,Low-Medium,No clear edge,-1.28,0.8,,PropLine game moneyline/total context | Batter-vs-pitcher sample | Self-stored odds movement snapshots,batter_home_runs,Carson Kelly,batter
2026-05-04T21:59:25.624015+00:00,2026,2026-05-04,batter_home_runs,Batter Home Runs,batter_home_runs,,Byron Buxton,MIN,NYY,,0.5,390.0,17.36,20.41,-3.04,Low,No clear edge,,1.5,,MLB schedule/game context | PropLine game moneyline/total context | Open-Meteo weather context | Pitcher name needed for batter-vs-pitcher sample | Self-stored odds movement snapshots | Open-Meteo game weather features,batter_home_runs,,batter
2026-05-04T21:59:25.624015+00:00,2026,2026-05-04,batter_hits,Batter Hits,batter_hits,,Otto Lopez,MIA,PHI,Aaron Nola,1.5,-271.0,69.99,73.05,-3.06,Low-Medium,No clear edge,-0.13,0.8,1.5,PropLine game moneyline/total context | Batter-vs-pitcher sample | Self-stored odds movement snapshots,batter_hits,Under,batter
2026-05-04T21:59:25.624015+00:00,2026,2026-05-04,pitcher_strikeouts,Pitcher Strikeouts,pitcher_strikeouts,,Shane Baz,BAL,NYY,Shane Baz,5.5,-118.0,51.06,54.13,-3.06,Low-Medium,No clear edge,-0.07,-0.8,0.78,PropLine game moneyline/total context | Self-stored odds movement snapshots,pitcher_strikeouts,Over,pitcher
2026-05-04T21:59:25.624015+00:00,2026,2026-05-04,batter_hits,Batter Hits,batter_hits,,Leody Taveras,BAL,NYY,Cam Schlittler,0.5,-134.0,54.19,57.26,-3.08,Low-Medium,No clear edge,-0.12,0.8,-1.5,PropLine game moneyline/total context | Batter-vs-pitcher sample | Self-stored odds movement snapshots,batter_hits,Over,batter
2026-05-04T21:59:25.624015+00:00,2026,2026-05-04,batter_hits,Batter Hits,batter_hits,,Dylan Beavers,BAL,NYY,Cam Schlittler,0.5,-134.0,54.19,57.26,-3.08,Low-Medium,No clear edge,-0.12,0.8,-1.5,PropLine game moneyline/total context | Batter-vs-pitcher sample | Self-stored odds movement snapshots,batter_hits,Over,batter
2026-05-04T21:59:25.624015+00:00,2026,2026-05-04,batter_hits,Batter Hits,batter_hits,,Samuel Basallo,BAL,NYY,Cam Schlittler,0.5,-134.0,54.19,57.26,-3.08,Low-Medium,No clear edge,-0.12,0.8,-1.5,PropLine game moneyline/total context | Batter-vs-pitcher sample | Self-stored odds movement snapshots,batter_hits,Over,batter
2026-05-04T21:59:25.624015+00:00,2026,2026-05-04,pitcher_hits_allowed,Pitcher Hits Allowed,pitcher_hits_allowed,,Nick Martinez,TBR,TOR,Nick Martinez,5.5,-104.0,47.89,50.98,-3.09,Low-Medium,No clear edge,,,-1.5,PropLine game moneyline/total context | Self-stored odds movement snapshots,pitcher_hits_allowed,Under,pitcher
2026-05-04T21:59:25.624015+00:00,2026,2026-05-04,batter_total_bases,Batter Total Bases,batter_total_bases,,Jordan Beck,COL,NYM,Huascar Brazobán,0.5,100.0,46.9,50.0,-3.1,Low-Medium,No clear edge,-0.8,,,PropLine game moneyline/total context | Self-stored odds movement snapshots,batter_total_bases,Over,batter
2026-05-04T21:59:25.624015+00:00,2026,2026-05-04,batter_total_bases,Batter Total Bases,batter_total_bases,,Brenton Doyle,COL,NYM,Huascar Brazobán,0.5,100.0,46.9,50.0,-3.1,Low-Medium,No clear edge,-0.8,,,PropLine game moneyline/total context | Self-stored odds movement snapshots,batter_total_bases,Over,batter
2026-05-04T21:59:25.624015+00:00,2026,2026-05-04,pitcher_strikeouts,Pitcher Strikeouts,pitcher_strikeouts,,Tomoyuki Sugano,COL,NYM,Tomoyuki Sugano,3.5,-139.0,55.04,58.16,-3.12,Low-Medium,No clear edge,,-0.8,1.08,PropLine game moneyline/total context | Self-stored odds movement snapshots,pitcher_strikeouts,,pitcher
2026-05-04T21:59:25.624015+00:00,2026,2026-05-04,batter_home_runs,Batter Home Runs,batter_home_runs,,Dansby Swanson,CHC,CIN,Chase Petty,0.5,360.0,18.62,21.74,-3.12,Low-Medium,No clear edge,-1.28,1.5,,PropLine game moneyline/total context | Batter-vs-pitcher sample | Self-stored odds movement snapshots,batter_home_runs,Dansby Swanson,batter
2026-05-04T21:59:25.624015+00:00,2026,2026-05-04,pitcher_strikeouts,Pitcher Strikeouts,pitcher_strikeouts,,Eric Lauer,TOR,TBR,Eric Lauer,3.5,-125.0,52.42,55.56,-3.13,Low-Medium,No clear edge,,-0.8,1.5,PropLine game moneyline/total context | Self-stored odds movement snapshots,pitcher_strikeouts,Under,pitcher
2026-05-04T21:59:25.624015+00:00,2026,2026-05-04,batter_total_bases,Batter Total Bases,batter_total_bases,,Xavier Edwards,MIA,PHI,Aaron Nola,1.5,-169.0,59.65,62.83,-3.18,Low-Medium,No clear edge,-0.18,,1.5,PropLine game moneyline/total context | Batter-vs-pitcher sample | Self-stored odds movement snapshots,batter_total_bases,Under,batter
2026-05-04T21:59:25.624015+00:00,2026,2026-05-04,batter_hits,Batter Hits,batter_hits,,Nathan Church,STL,MIL,Chad Patrick,0.5,-173.0,60.18,63.37,-3.19,Low-Medium,No clear edge,0.43,0.8,-1.5,PropLine game moneyline/total context | Batter-vs-pitcher sample | Self-stored odds movement snapshots,batter_hits,Over,batter
2026-05-04T21:59:25.624015+00:00,2026,2026-05-04,batter_hits,Batter Hits,batter_hits,,Caleb Durbin,BOS,DET,Tarik Skubal,0.5,-124.0,52.14,55.36,-3.21,Low-Medium,No clear edge,0.4,,-1.5,PropLine game moneyline/total context | Batter-vs-pitcher sample | Self-stored odds movement snapshots,batter_hits,Over,batter
2026-05-04T21:59:25.624015+00:00,2026,2026-05-04,batter_hits,Batter Hits,batter_hits,,Riley Greene,DET,BOS,Payton Tolle,0.5,-173.0,60.15,63.37,-3.22,Low-Medium,No clear edge,0.4,0.8,-1.5,PropLine game moneyline/total context | Batter-vs-pitcher sample | Self-stored odds movement snapshots,batter_hits,Over,batter
2026-05-04T21:59:25.624015+00:00,2026,2026-05-04,batter_hits,Batter Hits,batter_hits,,Colt Keith,DET,BOS,Payton Tolle,0.5,-173.0,60.15,63.37,-3.22,Low-Medium,No clear edge,0.4,0.8,-1.5,PropLine game moneyline/total context | Batter-vs-pitcher sample | Self-stored odds movement snapshots,batter_hits,Over,batter
2026-05-04T21:59:25.624015+00:00,2026,2026-05-04,batter_hits,Batter Hits,batter_hits,,Vladimir Guerrero Jr.,TOR,TBR,Nick Martinez,1.5,-218.0,65.32,68.55,-3.23,Low-Medium,No clear edge,,0.8,1.5,PropLine game moneyline/total context | Batter-vs-pitcher sample | Self-stored odds movement snapshots,batter_hits,Under,batter
2026-05-04T21:59:25.624015+00:00,2026,2026-05-04,pitcher_strikeouts,Pitcher Strikeouts,pitcher_strikeouts,,Payton Tolle,BOS,DET,Payton Tolle,4.5,-158.0,58.01,61.24,-3.23,Low-Medium,No clear edge,-0.4,2.0,-0.59,PropLine game moneyline/total context | Self-stored odds movement snapshots,pitcher_strikeouts,Over,pitcher
2026-05-04T21:59:25.624015+00:00,2026,2026-05-04,batter_hits,Batter Hits,batter_hits,,Jac Caglianone,KCR,CLE,Tanner Bibee,0.5,-176.0,60.45,63.77,-3.32,Low-Medium,No clear edge,0.54,0.8,-1.5,PropLine game moneyline/total context | Batter-vs-pitcher sample | Self-stored odds movement snapshots,batter_hits,Over,batter
2026-05-04T21:59:25.624015+00:00,2026,2026-05-04,batter_total_bases,Batter Total Bases,batter_total_bases,,Bo Bichette,NYM,COL,Tomoyuki Sugano,1.5,103.0,45.9,49.26,-3.36,Low-Medium,No clear edge,-0.8,1.8,-1.5,PropLine game moneyline/total context | Batter-vs-pitcher sample | Self-stored odds movement snapshots,batter_total_bases,,batter
2026-05-04T21:59:25.624015+00:00,2026,2026-05-04,batter_hits,Batter Hits,batter_hits,,Ceddanne Rafaela,BOS,DET,Tarik Skubal,0.5,-152.0,56.93,60.32,-3.39,Low-Medium,No clear edge,0.4,0.8,-1.5,PropLine game moneyline/total context | Batter-vs-pitcher sample | Self-stored odds movement snapshots,batter_hits,Over,batter
2026-05-04T21:59:25.624015+00:00,2026,2026-05-04,batter_total_bases,Batter Total Bases,batter_total_bases,,Juan Soto,NYM,COL,Tomoyuki Sugano,1.5,-115.0,50.1,53.49,-3.39,Low-Medium,No clear edge,-0.8,1.8,-1.5,PropLine game moneyline/total context | Batter-vs-pitcher sample | Self-stored odds movement snapshots,batter_total_bases,,batter
2026-05-04T21:59:25.624015+00:00,2026,2026-05-04,pitcher_hits_allowed,Pitcher Hits Allowed,pitcher_hits_allowed,,Tarik Skubal,DET,BOS,Tarik Skubal,4.5,-139.0,54.76,58.16,-3.4,Low-Medium,No clear edge,0.5,1.0,-1.5,PropLine game moneyline/total context | Self-stored odds movement snapshots,pitcher_hits_allowed,Over,pitcher
2026-05-04T21:59:25.624015+00:00,2026,2026-05-04,batter_hits,Batter Hits,batter_hits,,Brandon Valenzuela,TOR,TBR,Nick Martinez,0.5,-129.0,52.93,56.33,-3.4,Low-Medium,No clear edge,,0.8,-1.5,PropLine game moneyline/total context | Batter-vs-pitcher sample | Self-stored odds movement snapshots,batter_hits,Over,batter
2026-05-04T21:59:25.624015+00:00,2026,2026-05-04,pitcher_earned_runs,Pitcher Earned Runs,pitcher_earned_runs,,Janson Junk,MIA,PHI,Janson Junk,2.5,-105.0,47.82,51.22,-3.4,Low-Medium,No clear edge,-0.17,,-1.5,PropLine game moneyline/total context | Self-stored odds movement snapshots,pitcher_earned_runs,Under,pitcher
2026-05-04T21:59:25.624015+00:00,2026,2026-05-04,batter_hits,Batter Hits,batter_hits,,Yohendrick Piñango,TOR,TBR,Nick Martinez,0.5,-148.0,56.27,59.68,-3.41,Low-Medium,No clear edge,,0.8,-1.5,PropLine game moneyline/total context | Batter-vs-pitcher sample | Self-stored odds movement snapshots,batter_hits,Over,batter
2026-05-04T21:59:25.624015+00:00,2026,2026-05-04,batter_total_bases,Batter Total Bases,batter_total_bases,,Maikel Garcia,KCR,CLE,Tanner Bibee,1.5,-176.0,60.34,63.77,-3.43,Low-Medium,No clear edge,1.13,,1.5,PropLine game moneyline/total context | Batter-vs-pitcher sample | Self-stored odds movement snapshots,batter_total_bases,Under,batter
2026-05-04T21:59:25.624015+00:00,2026,2026-05-04,batter_hits,Batter Hits,batter_hits,,Masyn Winn,STL,MIL,Chad Patrick,0.5,-176.0,60.34,63.77,-3.43,Low-Medium,No clear edge,0.43,0.8,-1.5,PropLine game moneyline/total context | Batter-vs-pitcher sample | Self-stored odds movement snapshots,batter_hits,Over,batter
2026-05-04T21:59:25.624015+00:00,2026,2026-05-04,batter_hits,Batter Hits,batter_hits,,David Hamilton,MIL,STL,Kyle Leahy,0.5,-164.0,58.68,62.12,-3.44,Low-Medium,No clear edge,0.43,0.8,-1.5,PropLine game moneyline/total context | Batter-vs-pitcher sample | Self-stored odds movement snapshots,batter_hits,Over,batter
2026-05-04T21:59:25.624015+00:00,2026,2026-05-04,batter_home_runs,Batter Home Runs,batter_home_runs,,Taylor Ward,BAL,NYY,Cam Schlittler,0.5,650.0,9.89,13.33,-3.44,Low-Medium,No clear edge,-0.14,,,PropLine game moneyline/total context | Batter-vs-pitcher sample | Self-stored odds movement snapshots,batter_home_runs,Taylor Ward,batter
2026-05-04T21:59:25.624015+00:00,2026,2026-05-04,batter_hits,Batter Hits,batter_hits,,Gleyber Torres,DET,BOS,Payton Tolle,0.5,-176.0,60.31,63.77,-3.46,Low-Medium,No clear edge,0.4,0.8,-1.5,PropLine game moneyline/total context | Batter-vs-pitcher sample | Self-stored odds movement snapshots,batter_hits,Over,batter
2026-05-04T21:59:25.624015+00:00,2026,2026-05-04,batter_hits,Batter Hits,batter_hits,,Riley Greene,DET,BOS,Payton Tolle,0.5,-176.0,60.31,63.77,-3.46,Low-Medium,No clear edge,0.4,0.8,-1.5,PropLine game moneyline/total context | Batter-vs-pitcher sample | Self-stored odds movement snapshots,batter_hits,Over,batter
2026-05-04T21:59:25.624015+00:00,2026,2026-05-04,batter_total_bases,Batter Total Bases,batter_total_bases,,Dansby Swanson,CHC,CIN,Chase Petty,1.5,-157.0,57.63,61.09,-3.46,Low-Medium,No clear edge,-0.81,1.8,1.5,PropLine game moneyline/total context | Batter-vs-pitcher sample | Self-stored odds movement snapshots,batter_total_bases,Under,batter
2026-05-04T21:59:25.624015+00:00,2026,2026-05-04,batter_total_bases,Batter Total Bases,batter_total_bases,,Bo Bichette,NYM,COL,Tomoyuki Sugano,1.5,102.0,46.0,49.5,-3.5,Low-Medium,No clear edge,-0.8,1.8,-1.5,PropLine game moneyline/total context | Batter-vs-pitcher sample | Self-stored odds movement snapshots,batter_total_bases,Under,batter
2026-05-04T21:59:25.624015+00:00,2026,2026-05-04,batter_total_bases,Batter Total Bases,batter_total_bases,,Brett Baty,NYM,COL,Tomoyuki Sugano,0.5,100.0,46.49,50.0,-3.51,Low-Medium,No clear edge,-0.8,1.2,-0.61,PropLine game moneyline/total context | Batter-vs-pitcher sample | Self-stored odds movement snapshots,batter_total_bases,Over,batter
2026-05-04T21:59:25.624015+00:00,2026,2026-05-04,batter_total_bases,Batter Total Bases,batter_total_bases,,Juan Soto,NYM,COL,Tomoyuki Sugano,1.5,-116.0,50.18,53.7,-3.52,Low-Medium,No clear edge,-0.8,1.8,-1.5,PropLine game moneyline/total context | Batter-vs-pitcher sample | Self-stored odds movement snapshots,batter_total_bases,,batter
2026-05-04T21:59:25.624015+00:00,2026,2026-05-04,pitcher_strikeouts,Pitcher Strikeouts,pitcher_strikeouts,,Shane Baz,BAL,NYY,Shane Baz,5.5,-122.0,51.39,54.95,-3.56,Low-Medium,No clear edge,-0.07,-0.8,0.78,PropLine game moneyline/total context | Self-stored odds movement snapshots,pitcher_strikeouts,Under,pitcher
2026-05-04T21:59:25.624015+00:00,2026,2026-05-04,batter_total_bases,Batter Total Bases,batter_total_bases,,Marcus Semien,NYM,COL,Tomoyuki Sugano,1.5,102.0,45.95,49.5,-3.56,Low-Medium,No clear edge,-0.8,,0.25,PropLine game moneyline/total context | Batter-vs-pitcher sample | Self-stored odds movement snapshots,batter_total_bases,Over,batter
2026-05-04T21:59:25.624015+00:00,2026,2026-05-04,batter_home_runs,Batter Home Runs,batter_home_runs,,Daulton Varsho,TOR,TBR,Nick Martinez,0.5,520.0,12.55,16.13,-3.58,Low-Medium,No clear edge,,-0.6,,PropLine game moneyline/total context | Batter-vs-pitcher sample | Self-stored odds movement snapshots,batter_home_runs,Daulton Varsho,batter
2026-05-04T21:59:25.624015+00:00,2026,2026-05-04,batter_home_runs,Batter Home Runs,batter_home_runs,,Kyle Stowers,MIA,PHI,Aaron Nola,0.5,410.0,16.01,19.61,-3.59,Low-Medium,No clear edge,-0.33,-0.2,,PropLine game moneyline/total context | Batter-vs-pitcher sample | Self-stored odds movement snapshots,batter_home_runs,Kyle Stowers,batter
2026-05-04T21:59:25.624015+00:00,2026,2026-05-04,pitcher_strikeouts,Pitcher Strikeouts,pitcher_strikeouts,,Aaron Nola,PHI,MIA,Aaron Nola,5.5,-136.0,54.02,57.63,-3.61,Low-Medium,No clear edge,-0.03,,1.5,PropLine game moneyline/total context | Self-stored odds movement snapshots,pitcher_strikeouts,Under,pitcher
2026-05-04T21:59:25.624015+00:00,2026,2026-05-04,batter_home_runs,Batter Home Runs,batter_home_runs,,Tyrone Taylor,NYM,COL,Tomoyuki Sugano,0.5,820.0,7.25,10.87,-3.62,Low-Medium,No clear edge,-1.2,-1.6,,PropLine game moneyline/total context | Batter-vs-pitcher sample | Self-stored odds movement snapshots,batter_home_runs,Tyrone Taylor,batter
2026-05-04T21:59:25.624015+00:00,2026,2026-05-04,batter_total_bases,Batter Total Bases,batter_total_bases,,Mark Vientos,NYM,COL,Tomoyuki Sugano,0.5,100.0,46.37,50.0,-3.63,Low-Medium,No clear edge,-0.8,1.2,-0.73,PropLine game moneyline/total context | Batter-vs-pitcher sample | Self-stored odds movement snapshots,batter_total_bases,Over,batter
2026-05-04T21:59:25.624015+00:00,2026,2026-05-04,pitcher_earned_runs,Pitcher Earned Runs,pitcher_earned_runs,,Nick Martinez,TBR,TOR,Nick Martinez,2.5,-112.0,49.17,52.83,-3.66,Low-Medium,No clear edge,,,-0.96,PropLine game moneyline/total context | Self-stored odds movement snapshots,pitcher_earned_runs,Over,pitcher
2026-05-04T21:59:25.624015+00:00,2026,2026-05-04,batter_home_runs,Batter Home Runs,batter_home_runs,,Bo Bichette,NYM,COL,Tomoyuki Sugano,0.5,650.0,9.63,13.33,-3.7,Low-Medium,No clear edge,-1.2,-0.2,,PropLine game moneyline/total context | Batter-vs-pitcher sample | Self-stored odds movement snapshots,batter_home_runs,Bo Bichette,batter
2026-05-04T21:59:25.624015+00:00,2026,2026-05-04,pitcher_strikeouts,Pitcher Strikeouts,pitcher_strikeouts,,Aaron Nola,PHI,MIA,Aaron Nola,5.5,-137.0,54.09,57.81,-3.71,Low-Medium,No clear edge,-0.03,,1.5,PropLine game moneyline/total context | Self-stored odds movement snapshots,pitcher_strikeouts,Under,pitcher
2026-05-04T21:59:25.624015+00:00,2026,2026-05-04,batter_total_bases,Batter Total Bases,batter_total_bases,,Xavier Edwards,MIA,PHI,Aaron Nola,1.5,-176.0,60.03,63.77,-3.74,Low-Medium,No clear edge,-0.18,,1.5,PropLine game moneyline/total context | Batter-vs-pitcher sample | Self-stored odds movement snapshots,batter_total_bases,Under,batter
2026-05-04T21:59:25.624015+00:00,2026,2026-05-04,batter_total_bases,Batter Total Bases,batter_total_bases,,Salvador Perez,KCR,CLE,Tanner Bibee,1.5,-164.0,58.38,62.12,-3.74,Low-Medium,No clear edge,1.13,1.2,1.5,PropLine game moneyline/total context | Batter-vs-pitcher sample | Self-stored odds movement snapshots,batter_total_bases,Under,batter
2026-05-04T21:59:25.624015+00:00,2026,2026-05-04,batter_hits,Batter Hits,batter_hits,,Trea Turner,PHI,MIA,Janson Junk,1.5,-186.0,61.28,65.03,-3.75,Low-Medium,No clear edge,-0.13,0.8,1.5,PropLine game moneyline/total context | Batter-vs-pitcher sample | Self-stored odds movement snapshots,batter_hits,Under,batter
2026-05-04T21:59:25.624015+00:00,2026,2026-05-04,pitcher_strikeouts,Pitcher Strikeouts,pitcher_strikeouts,,Cam Schlittler,NYY,BAL,Cam Schlittler,6.5,-128.0,52.39,56.14,-3.75,Low-Medium,No clear edge,-0.07,,-1.5,PropLine game moneyline/total context | Self-stored odds movement snapshots,pitcher_strikeouts,Over,pitcher
2026-05-04T21:59:25.624015+00:00,2026,2026-05-04,batter_hits,Batter Hits,batter_hits,,Matt Vierling,DET,BOS,Payton Tolle,0.5,-156.0,57.17,60.94,-3.76,Low-Medium,No clear edge,0.4,0.8,-1.5,PropLine game moneyline/total context | Batter-vs-pitcher sample | Self-stored odds movement snapshots,batter_hits,Over,batter
2026-05-04T21:59:25.624015+00:00,2026,2026-05-04,batter_home_runs,Batter Home Runs,batter_home_runs,,Tyrone Taylor,NYM,COL,Tomoyuki Sugano,0.5,800.0,7.34,11.11,-3.77,Low-Medium,No clear edge,-1.2,-1.6,,PropLine game moneyline/total context | Batter-vs-pitcher sample | Self-stored odds movement snapshots,batter_home_runs,1+ Home Runs,batter
2026-05-04T21:59:25.624015+00:00,2026,2026-05-04,batter_hits,Batter Hits,batter_hits,,Andruw Monasterio,BOS,DET,Tarik Skubal,0.5,-136.0,53.85,57.63,-3.78,Low-Medium,No clear edge,0.4,0.8,-1.5,PropLine game moneyline/total context | Batter-vs-pitcher sample | Self-stored odds movement snapshots,batter_hits,Over,batter
2026-05-04T21:59:25.624015+00:00,2026,2026-05-04,batter_hits,Batter Hits,batter_hits,,Joe Mack,MIA,PHI,Aaron Nola,0.5,-176.0,59.98,63.77,-3.79,Low-Medium,No clear edge,-0.13,,-1.5,PropLine game moneyline/total context | Batter-vs-pitcher sample | Self-stored odds movement snapshots,batter_hits,Over,batter
2026-05-04T21:59:25.624015+00:00,2026,2026-05-04,batter_hits,Batter Hits,batter_hits,,Dansby Swanson,CHC,CIN,Chase Petty,0.5,-228.0,65.71,69.51,-3.8,Low-Medium,No clear edge,-0.49,0.8,1.5,PropLine game moneyline/total context | Batter-vs-pitcher sample | Self-stored odds movement snapshots,batter_hits,Over,batter
2026-05-04T21:59:25.624015+00:00,2026,2026-05-04,batter_total_bases,Batter Total Bases,batter_total_bases,,Kevin McGonigle,DET,BOS,Payton Tolle,1.5,-195.0,62.3,66.1,-3.8,Low-Medium,No clear edge,0.96,1.2,1.5,PropLine game moneyline/total context | Batter-vs-pitcher sample | Self-stored odds movement snapshots,batter_total_bases,Under,batter
2026-05-04T21:59:25.624015+00:00,2026,2026-05-04,batter_hits,Batter Hits,batter_hits,,Ezequiel Tovar,COL,NYM,Huascar Brazobán,0.5,-188.0,61.48,65.28,-3.8,Low-Medium,No clear edge,-0.53,0.8,,PropLine game moneyline/total context | Self-stored odds movement snapshots,batter_hits,Over,batter
2026-05-04T21:59:25.624015+00:00,2026,2026-05-04,batter_total_bases,Batter Total Bases,batter_total_bases,,Bo Bichette,NYM,COL,Tomoyuki Sugano,1.5,100.0,46.2,50.0,-3.8,Low-Medium,No clear edge,-0.8,1.8,-1.5,PropLine game moneyline/total context | Batter-vs-pitcher sample | Self-stored odds movement snapshots,batter_total_bases,Over,batter
2026-05-04T21:59:25.624015+00:00,2026,2026-05-04,pitcher_earned_runs,Pitcher Earned Runs,pitcher_earned_runs,,Edward Cabrera,CHC,CIN,Edward Cabrera,2.5,-109.0,48.34,52.15,-3.81,Low-Medium,No clear edge,-0.62,0.6,-1.5,PropLine game moneyline/total context | Self-stored odds movement snapshots,pitcher_earned_runs,Under,pitcher
2026-05-04T21:59:25.624015+00:00,2026,2026-05-04,batter_home_runs,Batter Home Runs,batter_home_runs,,Bo Bichette,NYM,COL,Tomoyuki Sugano,0.5,640.0,9.71,13.51,-3.81,Low-Medium,No clear edge,-1.2,-0.2,,PropLine game moneyline/total context | Batter-vs-pitcher sample | Self-stored odds movement snapshots,batter_home_runs,1+ Home Runs,batter
2026-05-04T21:59:25.624015+00:00,2026,2026-05-04,batter_home_runs,Batter Home Runs,batter_home_runs,,Elly De La Cruz,CIN,CHC,Edward Cabrera,0.5,360.0,17.92,21.74,-3.82,Low-Medium,No clear edge,-1.28,2.3,,PropLine game moneyline/total context | Batter-vs-pitcher sample | Self-stored odds movement snapshots,batter_home_runs,Elly De La Cruz,batter
2026-05-04T21:59:25.624015+00:00,2026,2026-05-04,batter_home_runs,Batter Home Runs,batter_home_runs,,Alex Bregman,CHC,CIN,Chase Petty,0.5,390.0,16.58,20.41,-3.82,Low-Medium,No clear edge,-1.28,,,PropLine game moneyline/total context | Batter-vs-pitcher sample | Self-stored odds movement snapshots,batter_home_runs,Alex Bregman,batter
2026-05-04T21:59:25.624015+00:00,2026,2026-05-04,batter_hits,Batter Hits,batter_hits,,Jahmai Jones,DET,BOS,Payton Tolle,0.5,-157.0,57.24,61.09,-3.85,Low-Medium,No clear edge,0.4,0.8,-1.5,PropLine game moneyline/total context | Batter-vs-pitcher sample | Self-stored odds movement snapshots,batter_hits,Over,batter
2026-05-04T21:59:25.624015+00:00,2026,2026-05-04,batter_total_bases,Batter Total Bases,batter_total_bases,,Marcus Semien,NYM,COL,Tomoyuki Sugano,0.5,100.0,46.15,50.0,-3.85,Low-Medium,No clear edge,-0.8,,0.25,PropLine game moneyline/total context | Batter-vs-pitcher sample | Self-stored odds movement snapshots,batter_total_bases,Over,batter
2026-05-04T21:59:25.624015+00:00,2026,2026-05-04,batter_home_runs,Batter Home Runs,batter_home_runs,,Kyle Schwarber,PHI,MIA,Janson Junk,0.5,327.0,19.54,23.42,-3.88,Low-Medium,No clear edge,-0.33,2.3,,PropLine game moneyline/total context | Batter-vs-pitcher sample | Self-stored odds movement snapshots,batter_home_runs,1+ Home Runs,batter
2026-05-04T21:59:25.624015+00:00,2026,2026-05-04,batter_hits,Batter Hits,batter_hits,,Wilyer Abreu,BOS,DET,Tarik Skubal,0.5,-189.0,61.46,65.4,-3.94,Low-Medium,No clear edge,0.4,0.8,-1.5,PropLine game moneyline/total context | Batter-vs-pitcher sample | Self-stored odds movement snapshots,batter_hits,Over,batter
2026-05-04T21:59:25.624015+00:00,2026,2026-05-04,batter_total_bases,Batter Total Bases,batter_total_bases,,Brandon Marsh,PHI,MIA,Janson Junk,1.5,-164.0,58.17,62.12,-3.95,Low-Medium,No clear edge,-0.18,1.8,1.5,PropLine game moneyline/total context | Batter-vs-pitcher sample | Self-stored odds movement snapshots,batter_total_bases,Under,batter
2026-05-04T21:59:25.624015+00:00,2026,2026-05-04,batter_total_bases,Batter Total Bases,batter_total_bases,,Jasson Domínguez,NYY,BAL,Shane Baz,1.5,-193.0,61.91,65.87,-3.96,Low-Medium,No clear edge,-0.14,,1.5,PropLine game moneyline/total context | Batter-vs-pitcher sample | Self-stored odds movement snapshots,batter_total_bases,Under,batter
2026-05-04T21:59:25.624015+00:00,2026,2026-05-04,batter_hits,Batter Hits,batter_hits,,Trent Grisham,NYY,BAL,Shane Baz,0.5,-176.0,59.79,63.77,-3.98,Low-Medium,No clear edge,-0.12,0.8,-1.5,PropLine game moneyline/total context | Batter-vs-pitcher sample | Self-stored odds movement snapshots,batter_hits,Over,batter
2026-05-04T21:59:25.624015+00:00,2026,2026-05-04,batter_hits,Batter Hits,batter_hits,,Isiah Kiner-Falefa,BOS,DET,Tarik Skubal,0.5,-138.0,53.99,57.98,-3.99,Low-Medium,No clear edge,0.4,0.8,-1.5,PropLine game moneyline/total context | Batter-vs-pitcher sample | Self-stored odds movement snapshots,batter_hits,Over,batter
2026-05-04T21:59:25.624015+00:00,2026,2026-05-04,batter_hits,Batter Hits,batter_hits,,Vinnie Pasquantino,KCR,CLE,Tanner Bibee,0.5,-186.0,60.95,65.03,-4.08,Medium,Negative edge / avoid,0.54,0.8,-1.5,PropLine game moneyline/total context | Batter-vs-pitcher sample | Self-stored odds movement snapshots,batter_hits,Over,batter
2026-05-04T21:59:25.624015+00:00,2026,2026-05-04,batter_hits,Batter Hits,batter_hits,,Matt McLain,CIN,CHC,Edward Cabrera,0.5,-150.0,55.91,60.0,-4.09,Medium,Negative edge / avoid,-0.49,0.8,-1.5,PropLine game moneyline/total context | Batter-vs-pitcher sample | Self-stored odds movement snapshots,batter_hits,Over,batter
2026-05-04T21:59:25.624015+00:00,2026,2026-05-04,batter_home_runs,Batter Home Runs,batter_home_runs,,Junior Caminero,TBR,TOR,Eric Lauer,0.5,320.0,19.72,23.81,-4.09,Medium,Negative edge / avoid,,,,PropLine game moneyline/total context | Self-stored odds movement snapshots,batter_home_runs,Junior Caminero,batter
2026-05-04T21:59:25.624015+00:00,2026,2026-05-04,batter_home_runs,Batter Home Runs,batter_home_runs,,Samuel Basallo,BAL,NYY,Cam Schlittler,0.5,520.0,12.01,16.13,-4.12,Medium,Negative edge / avoid,-0.14,,,PropLine game moneyline/total context | Batter-vs-pitcher sample | Self-stored odds movement snapshots,batter_home_runs,Samuel Basallo,batter
2026-05-04T21:59:25.624015+00:00,2026,2026-05-04,pitcher_strikeouts,Pitcher Strikeouts,pitcher_strikeouts,,Eric Lauer,TOR,TBR,Eric Lauer,3.5,-134.0,53.11,57.26,-4.16,Medium,Negative edge / avoid,,-0.8,1.5,PropLine game moneyline/total context | Self-stored odds movement snapshots,pitcher_strikeouts,Under,pitcher
2026-05-04T21:59:25.624015+00:00,2026,2026-05-04,batter_total_bases,Batter Total Bases,batter_total_bases,,Brett Baty,NYM,COL,Tomoyuki Sugano,1.5,-105.0,46.98,51.22,-4.24,Medium,Negative edge / avoid,-0.8,1.2,-0.61,PropLine game moneyline/total context | Batter-vs-pitcher sample | Self-stored odds movement snapshots,batter_total_bases,Over,batter
2026-05-04T21:59:25.624015+00:00,2026,2026-05-04,batter_hits,Batter Hits,batter_hits,,Trea Turner,PHI,MIA,Janson Junk,1.5,-193.0,61.62,65.87,-4.25,Medium,Negative edge / avoid,-0.13,0.8,1.5,PropLine game moneyline/total context | Batter-vs-pitcher sample | Self-stored odds movement snapshots,batter_hits,,batter
2026-05-04T21:59:25.624015+00:00,2026,2026-05-04,batter_hits,Batter Hits,batter_hits,,Juan Soto,NYM,COL,Tomoyuki Sugano,1.5,-210.0,63.47,67.74,-4.28,Medium,Negative edge / avoid,-0.53,0.8,1.5,PropLine game moneyline/total context | Batter-vs-pitcher sample | Self-stored odds movement snapshots,batter_hits,Under,batter
2026-05-04T21:59:25.624015+00:00,2026,2026-05-04,batter_hits,Batter Hits,batter_hits,,Ceddanne Rafaela,BOS,DET,Tarik Skubal,0.5,-162.0,57.53,61.83,-4.3,Medium,Negative edge / avoid,0.4,0.8,-1.5,PropLine game moneyline/total context | Batter-vs-pitcher sample | Self-stored odds movement snapshots,batter_hits,Over,batter
2026-05-04T21:59:25.624015+00:00,2026,2026-05-04,batter_hits,Batter Hits,batter_hits,,Andruw Monasterio,BOS,DET,Tarik Skubal,0.5,-141.0,54.2,58.51,-4.3,Medium,Negative edge / avoid,0.4,0.8,-1.5,PropLine game moneyline/total context | Batter-vs-pitcher sample | Self-stored odds movement snapshots,batter_hits,Over,batter
2026-05-04T21:59:25.624015+00:00,2026,2026-05-04,batter_hits,Batter Hits,batter_hits,,Isiah Kiner-Falefa,BOS,DET,Tarik Skubal,0.5,-141.0,54.2,58.51,-4.3,Medium,Negative edge / avoid,0.4,0.8,-1.5,PropLine game moneyline/total context | Batter-vs-pitcher sample | Self-stored odds movement snapshots,batter_hits,Over,batter
2026-05-04T21:59:25.624015+00:00,2026,2026-05-04,pitcher_strikeouts,Pitcher Strikeouts,pitcher_strikeouts,,Tanner Bibee,CLE,KCR,Tanner Bibee,4.5,-139.0,53.86,58.16,-4.3,Medium,Negative edge / avoid,-0.4,,1.5,PropLine game moneyline/total context | Self-stored odds movement snapshots,pitcher_strikeouts,Under,pitcher
2026-05-04T21:59:25.624015+00:00,2026,2026-05-04,batter_home_runs,Batter Home Runs,batter_home_runs,,Michael Busch,CHC,CIN,Chase Petty,0.5,370.0,16.93,21.28,-4.35,Medium,Negative edge / avoid,-1.28,,,PropLine game moneyline/total context | Batter-vs-pitcher sample | Self-stored odds movement snapshots,batter_home_runs,Michael Busch,batter
2026-05-04T21:59:25.624015+00:00,2026,2026-05-04,batter_home_runs,Batter Home Runs,batter_home_runs,,Pete Crow-Armstrong,CHC,CIN,Chase Petty,0.5,370.0,16.93,21.28,-4.35,Medium,Negative edge / avoid,-1.28,,,PropLine game moneyline/total context | Batter-vs-pitcher sample | Self-stored odds movement snapshots,batter_home_runs,Pete Crow-Armstrong,batter
2026-05-04T21:59:25.624015+00:00,2026,2026-05-04,pitcher_strikeouts,Pitcher Strikeouts,pitcher_strikeouts,,Janson Junk,MIA,PHI,Janson Junk,3.5,-127.0,51.55,55.95,-4.4,Medium,Negative edge / avoid,-0.03,-0.8,-1.5,PropLine game moneyline/total context | Self-stored odds movement snapshots,pitcher_strikeouts,Over,pitcher
2026-05-04T21:59:25.624015+00:00,2026,2026-05-04,batter_total_bases,Batter Total Bases,batter_total_bases,,Francisco Alvarez,NYM,COL,Tomoyuki Sugano,0.5,100.0,45.6,50.0,-4.4,Medium,Negative edge / avoid,-0.8,1.2,-1.5,PropLine game moneyline/total context | Batter-vs-pitcher sample | Self-stored odds movement snapshots,batter_total_bases,Under,batter
2026-05-04T21:59:25.624015+00:00,2026,2026-05-04,batter_home_runs,Batter Home Runs,batter_home_runs,,George Springer,TOR,TBR,Nick Martinez,0.5,440.0,14.11,18.52,-4.41,Medium,Negative edge / avoid,,,,PropLine game moneyline/total context | Batter-vs-pitcher sample | Self-stored odds movement snapshots,batter_home_runs,George Springer,batter
2026-05-04T21:59:25.624015+00:00,2026,2026-05-04,batter_total_bases,Batter Total Bases,batter_total_bases,,Mark Vientos,NYM,COL,Tomoyuki Sugano,1.5,-106.0,46.95,51.46,-4.5,Medium,Negative edge / avoid,-0.8,1.2,-0.73,PropLine game moneyline/total context | Batter-vs-pitcher sample | Self-stored odds movement snapshots,batter_total_bases,,batter
2026-05-04T21:59:25.624015+00:00,2026,2026-05-04,batter_total_bases,Batter Total Bases,batter_total_bases,,Kyle Stowers,MIA,PHI,Aaron Nola,1.5,-163.0,57.41,61.98,-4.57,Medium,Negative edge / avoid,-0.18,0.6,1.5,PropLine game moneyline/total context | Batter-vs-pitcher sample | Self-stored odds movement snapshots,batter_total_bases,Under,batter
2026-05-04T21:59:25.624015+00:00,2026,2026-05-04,batter_hits,Batter Hits,batter_hits,,Starling Marte,KCR,CLE,Tanner Bibee,0.5,-193.0,61.29,65.87,-4.58,Medium,Negative edge / avoid,0.54,0.8,-1.5,PropLine game moneyline/total context | Batter-vs-pitcher sample | Self-stored odds movement snapshots,batter_hits,Over,batter
2026-05-04T21:59:25.624015+00:00,2026,2026-05-04,batter_total_bases,Batter Total Bases,batter_total_bases,,JJ Bleday,CIN,CHC,Edward Cabrera,1.5,-164.0,57.54,62.12,-4.58,Medium,Negative edge / avoid,-0.81,1.8,1.5,PropLine game moneyline/total context | Batter-vs-pitcher sample | Self-stored odds movement snapshots,batter_total_bases,Under,batter
2026-05-04T21:59:25.624015+00:00,2026,2026-05-04,batter_hits,Batter Hits,batter_hits,,Caleb Durbin,BOS,DET,Tarik Skubal,0.5,-136.0,53.05,57.63,-4.58,Medium,Negative edge / avoid,0.4,,-1.5,PropLine game moneyline/total context | Batter-vs-pitcher sample | Self-stored odds movement snapshots,batter_hits,Over,batter
2026-05-04T21:59:25.624015+00:00,2026,2026-05-04,batter_total_bases,Batter Total Bases,batter_total_bases,,Tyrone Taylor,NYM,COL,Tomoyuki Sugano,0.5,100.0,45.4,50.0,-4.6,Medium,Negative edge / avoid,-0.8,,1.5,PropLine game moneyline/total context | Batter-vs-pitcher sample | Self-stored odds movement snapshots,batter_total_bases,Over,batter
2026-05-04T21:59:25.624015+00:00,2026,2026-05-04,batter_home_runs,Batter Home Runs,batter_home_runs,,Carson Benge,NYM,COL,Tomoyuki Sugano,0.5,640.0,8.91,13.51,-4.61,Medium,Negative edge / avoid,-1.2,-1.0,,PropLine game moneyline/total context | Batter-vs-pitcher sample | Self-stored odds movement snapshots,batter_home_runs,1+ Home Runs,batter
2026-05-04T21:59:25.624015+00:00,2026,2026-05-04,batter_home_runs,Batter Home Runs,batter_home_runs,,Spencer Steer,CIN,CHC,Edward Cabrera,0.5,420.0,14.61,19.23,-4.62,Medium,Negative edge / avoid,-1.28,1.5,,PropLine game moneyline/total context | Batter-vs-pitcher sample | Self-stored odds movement snapshots,batter_home_runs,Spencer Steer,batter
2026-05-04T21:59:25.624015+00:00,2026,2026-05-04,batter_hits,Batter Hits,batter_hits,,Roman Anthony,BOS,DET,Tarik Skubal,0.5,-166.0,57.76,62.41,-4.64,Medium,Negative edge / avoid,0.4,0.8,-1.5,PropLine game moneyline/total context | Batter-vs-pitcher sample | Self-stored odds movement snapshots,batter_hits,Over,batter
2026-05-04T21:59:25.624015+00:00,2026,2026-05-04,batter_home_runs,Batter Home Runs,batter_home_runs,,Seiya Suzuki,CHC,CIN,Chase Petty,0.5,310.0,19.68,24.39,-4.71,Medium,Negative edge / avoid,-1.28,,,PropLine game moneyline/total context | Batter-vs-pitcher sample | Self-stored odds movement snapshots,batter_home_runs,Seiya Suzuki,batter
2026-05-04T21:59:25.624015+00:00,2026,2026-05-04,batter_home_runs,Batter Home Runs,batter_home_runs,,Carson Benge,NYM,COL,Tomoyuki Sugano,0.5,630.0,8.98,13.7,-4.72,Medium,Negative edge / avoid,-1.2,-1.0,,PropLine game moneyline/total context | Batter-vs-pitcher sample | Self-stored odds movement snapshots,batter_home_runs,Carson Benge,batter
2026-05-04T21:59:25.624015+00:00,2026,2026-05-04,pitcher_strikeouts,Pitcher Strikeouts,pitcher_strikeouts,,Aaron Nola,PHI,MIA,Aaron Nola,5.5,-147.0,54.78,59.51,-4.74,Medium,Negative edge / avoid,-0.03,,1.5,PropLine game moneyline/total context | Self-stored odds movement snapshots,pitcher_strikeouts,Under,pitcher
2026-05-04T21:59:25.624015+00:00,2026,2026-05-04,pitcher_strikeouts,Pitcher Strikeouts,pitcher_strikeouts,,Janson Junk,MIA,PHI,Janson Junk,3.5,-130.0,51.78,56.52,-4.74,Medium,Negative edge / avoid,-0.03,-0.8,-1.5,PropLine game moneyline/total context | Self-stored odds movement snapshots,pitcher_strikeouts,Over,pitcher
2026-05-04T21:59:25.624015+00:00,2026,2026-05-04,batter_total_bases,Batter Total Bases,batter_total_bases,,Kazuma Okamoto,TOR,TBR,Nick Martinez,1.5,-176.0,59.01,63.77,-4.76,Medium,Negative edge / avoid,,1.8,1.5,PropLine game moneyline/total context | Batter-vs-pitcher sample | Self-stored odds movement snapshots,batter_total_bases,Under,batter
2026-05-04T21:59:25.624015+00:00,2026,2026-05-04,batter_total_bases,Batter Total Bases,batter_total_bases,,MJ Melendez,NYM,COL,Tomoyuki Sugano,1.5,-129.0,51.54,56.33,-4.8,Medium,Negative edge / avoid,-0.8,1.8,1.3,PropLine game moneyline/total context | Batter-vs-pitcher sample | Self-stored odds movement snapshots,batter_total_bases,Under,batter
2026-05-04T21:59:25.624015+00:00,2026,2026-05-04,pitcher_earned_runs,Pitcher Earned Runs,pitcher_earned_runs,,Nick Martinez,TBR,TOR,Nick Martinez,2.5,-121.0,49.94,54.75,-4.81,Medium,Negative edge / avoid,,,-0.96,PropLine game moneyline/total context | Self-stored odds movement snapshots,pitcher_earned_runs,Under,pitcher
2026-05-04T21:59:25.624015+00:00,2026,2026-05-04,batter_home_runs,Batter Home Runs,batter_home_runs,,Vladimir Guerrero Jr.,TOR,TBR,Nick Martinez,0.5,420.0,14.39,19.23,-4.84,Medium,Negative edge / avoid,,,,PropLine game moneyline/total context | Batter-vs-pitcher sample | Self-stored odds movement snapshots,batter_home_runs,Vladimir Guerrero Jr.,batter
2026-05-04T21:59:25.624015+00:00,2026,2026-05-04,batter_hits,Batter Hits,batter_hits,,Jasson Domínguez,NYY,BAL,Shane Baz,0.5,-218.0,63.7,68.55,-4.85,Medium,Negative edge / avoid,-0.12,0.8,-1.5,PropLine game moneyline/total context | Batter-vs-pitcher sample | Self-stored odds movement snapshots,batter_hits,Over,batter
2026-05-04T21:59:25.624015+00:00,2026,2026-05-04,batter_hits,Batter Hits,batter_hits,,Bobby Witt Jr.,KCR,CLE,Tanner Bibee,1.5,-239.0,65.64,70.5,-4.86,Medium,Negative edge / avoid,0.54,0.8,-1.5,PropLine game moneyline/total context | Batter-vs-pitcher sample | Self-stored odds movement snapshots,batter_hits,Under,batter
2026-05-04T21:59:25.624015+00:00,2026,2026-05-04,batter_total_bases,Batter Total Bases,batter_total_bases,,Liam Hicks,MIA,PHI,Aaron Nola,1.5,-209.0,62.78,67.64,-4.86,Medium,Negative edge / avoid,-0.18,1.2,1.5,PropLine game moneyline/total context | Batter-vs-pitcher sample | Self-stored odds movement snapshots,batter_total_bases,Under,batter
2026-05-04T21:59:25.624015+00:00,2026,2026-05-04,pitcher_strikeouts,Pitcher Strikeouts,pitcher_strikeouts,,Tarik Skubal,DET,BOS,Tarik Skubal,6.5,-166.0,57.47,62.41,-4.93,Medium,Negative edge / avoid,-0.4,,1.41,PropLine game moneyline/total context | Self-stored odds movement snapshots,pitcher_strikeouts,Over,pitcher
2026-05-04T21:59:25.624015+00:00,2026,2026-05-04,batter_hits,Batter Hits,batter_hits,,Adley Rutschman,BAL,NYY,Cam Schlittler,0.5,-182.0,59.6,64.54,-4.94,Medium,Negative edge / avoid,-0.12,0.8,-1.5,PropLine game moneyline/total context | Batter-vs-pitcher sample | Self-stored odds movement snapshots,batter_hits,Over,batter
2026-05-04T21:59:25.624015+00:00,2026,2026-05-04,batter_home_runs,Batter Home Runs,batter_home_runs,,Brett Baty,NYM,COL,Tomoyuki Sugano,0.5,610.0,9.13,14.08,-4.95,Medium,Negative edge / avoid,-1.2,,,PropLine game moneyline/total context | Batter-vs-pitcher sample | Self-stored odds movement snapshots,batter_home_runs,1+ Home Runs,batter
2026-05-04T21:59:25.624015+00:00,2026,2026-05-04,batter_home_runs,Batter Home Runs,batter_home_runs,,Aaron Judge,NYY,BAL,Shane Baz,0.5,210.0,27.26,32.26,-4.99,Medium,Negative edge / avoid,-0.14,2.3,,PropLine game moneyline/total context | Batter-vs-pitcher sample | Self-stored odds movement snapshots,batter_home_runs,Aaron Judge,batter
2026-05-04T21:59:25.624015+00:00,2026,2026-05-04,batter_hits,Batter Hits,batter_hits,,Daniel Schneemann,CLE,KCR,Michael Wacha,0.5,-173.0,58.29,63.37,-5.08,Medium,Negative edge / avoid,0.54,0.8,-1.5,PropLine game moneyline/total context | Batter-vs-pitcher sample | Self-stored odds movement snapshots,batter_hits,Over,batter
2026-05-04T21:59:25.624015+00:00,2026,2026-05-04,batter_hits,Batter Hits,batter_hits,,Juan Soto,NYM,COL,Tomoyuki Sugano,1.5,-225.0,64.06,69.23,-5.17,Medium,Negative edge / avoid,-0.53,0.8,1.5,PropLine game moneyline/total context | Batter-vs-pitcher sample | Self-stored odds movement snapshots,batter_hits,,batter
2026-05-04T21:59:25.624015+00:00,2026,2026-05-04,pitcher_strikeouts,Pitcher Strikeouts,pitcher_strikeouts,,Tarik Skubal,DET,BOS,Tarik Skubal,7.5,-137.0,52.63,57.81,-5.17,Medium,Negative edge / avoid,-0.4,,1.41,PropLine game moneyline/total context | Self-stored odds movement snapshots,pitcher_strikeouts,Under,pitcher
2026-05-04T21:59:25.624015+00:00,2026,2026-05-04,batter_home_runs,Batter Home Runs,batter_home_runs,,Gunnar Henderson,BAL,NYY,Cam Schlittler,0.5,390.0,15.22,20.41,-5.18,Medium,Negative edge / avoid,-0.14,,,PropLine game moneyline/total context | Batter-vs-pitcher sample | Self-stored odds movement snapshots,batter_home_runs,Gunnar Henderson,batter
2026-05-04T21:59:25.624015+00:00,2026,2026-05-04,pitcher_strikeouts,Pitcher Strikeouts,pitcher_strikeouts,,Janson Junk,MIA,PHI,Janson Junk,3.5,-134.0,52.08,57.26,-5.19,Medium,Negative edge / avoid,-0.03,-0.8,-1.5,PropLine game moneyline/total context | Self-stored odds movement snapshots,pitcher_strikeouts,Over,pitcher
2026-05-04T21:59:25.624015+00:00,2026,2026-05-04,batter_home_runs,Batter Home Runs,batter_home_runs,,Mark Vientos,NYM,COL,Tomoyuki Sugano,0.5,590.0,9.3,14.49,-5.2,Medium,Negative edge / avoid,-1.2,-1.0,,PropLine game moneyline/total context | Batter-vs-pitcher sample | Self-stored odds movement snapshots,batter_home_runs,Mark Vientos,batter
2026-05-04T21:59:25.624015+00:00,2026,2026-05-04,batter_total_bases,Batter Total Bases,batter_total_bases,,Juan Soto,NYM,COL,Tomoyuki Sugano,1.5,-130.0,51.31,56.52,-5.21,Medium,Negative edge / avoid,-0.8,1.8,-1.5,PropLine game moneyline/total context | Batter-vs-pitcher sample | Self-stored odds movement snapshots,batter_total_bases,Over,batter
2026-05-04T21:59:25.624015+00:00,2026,2026-05-04,batter_home_runs,Batter Home Runs,batter_home_runs,,Kyle Schwarber,PHI,MIA,Janson Junk,0.5,290.0,20.43,25.64,-5.21,Medium,Negative edge / avoid,-0.33,2.3,,PropLine game moneyline/total context | Batter-vs-pitcher sample | Self-stored odds movement snapshots,batter_home_runs,Kyle Schwarber,batter
2026-05-04T21:59:25.624015+00:00,2026,2026-05-04,batter_hits,Batter Hits,batter_hits,,Jordan Walker,STL,MIL,Chad Patrick,0.5,-244.0,65.7,70.93,-5.23,Medium,Negative edge / avoid,0.43,0.8,-1.5,PropLine game moneyline/total context | Batter-vs-pitcher sample | Self-stored odds movement snapshots,batter_hits,Over,batter
2026-05-04T21:59:25.624015+00:00,2026,2026-05-04,batter_hits,Batter Hits,batter_hits,,Bo Naylor,CLE,KCR,Michael Wacha,0.5,-152.0,55.07,60.32,-5.25,Medium,Negative edge / avoid,0.54,0.8,-1.5,PropLine game moneyline/total context | Batter-vs-pitcher sample | Self-stored odds movement snapshots,batter_hits,Over,batter
2026-05-04T21:59:25.624015+00:00,2026,2026-05-04,batter_hits,Batter Hits,batter_hits,,Brayan Rocchio,CLE,KCR,Michael Wacha,0.5,-176.0,58.45,63.77,-5.32,Medium,Negative edge / avoid,0.54,0.8,-1.5,PropLine game moneyline/total context | Batter-vs-pitcher sample | Self-stored odds movement snapshots,batter_hits,Over,batter
2026-05-04T21:59:25.624015+00:00,2026,2026-05-04,batter_total_bases,Batter Total Bases,batter_total_bases,,Trea Turner,PHI,MIA,Janson Junk,1.5,-134.0,51.93,57.26,-5.34,Medium,Negative edge / avoid,-0.18,,1.5,PropLine game moneyline/total context | Batter-vs-pitcher sample | Self-stored odds movement snapshots,batter_total_bases,Under,batter
2026-05-04T21:59:25.624015+00:00,2026,2026-05-04,batter_hits,Batter Hits,batter_hits,,Maikel Garcia,KCR,CLE,Tanner Bibee,0.5,-250.0,66.01,71.43,-5.42,Medium,Negative edge / avoid,0.54,0.8,-1.5,PropLine game moneyline/total context | Batter-vs-pitcher sample | Self-stored odds movement snapshots,batter_hits,Over,batter
2026-05-04T21:59:25.624015+00:00,2026,2026-05-04,batter_home_runs,Batter Home Runs,batter_home_runs,,Brett Baty,NYM,COL,Tomoyuki Sugano,0.5,570.0,9.47,14.93,-5.46,Medium,Negative edge / avoid,-1.2,,,PropLine game moneyline/total context | Batter-vs-pitcher sample | Self-stored odds movement snapshots,batter_home_runs,Brett Baty,batter
2026-05-04T21:59:25.624015+00:00,2026,2026-05-04,batter_hits,Batter Hits,batter_hits,,T.J. Rumfield,COL,NYM,Huascar Brazobán,0.5,-214.0,62.63,68.15,-5.52,Medium,Negative edge / avoid,-0.53,0.8,,PropLine game moneyline/total context | Self-stored odds movement snapshots,batter_hits,Over,batter
2026-05-04T21:59:25.624015+00:00,2026,2026-05-04,batter_hits,Batter Hits,batter_hits,,Wenceel Pérez,DET,BOS,Payton Tolle,0.5,-167.0,57.02,62.55,-5.53,Medium,Negative edge / avoid,0.4,,-1.5,PropLine game moneyline/total context | Batter-vs-pitcher sample | Self-stored odds movement snapshots,batter_hits,Over,batter
2026-05-04T21:59:25.624015+00:00,2026,2026-05-04,batter_home_runs,Batter Home Runs,batter_home_runs,,Francisco Alvarez,NYM,COL,Tomoyuki Sugano,0.5,420.0,13.69,19.23,-5.54,Medium,Negative edge / avoid,-1.2,1.5,,PropLine game moneyline/total context | Batter-vs-pitcher sample | Self-stored odds movement snapshots,batter_home_runs,Francisco Alvarez,batter
2026-05-04T21:59:25.624015+00:00,2026,2026-05-04,batter_hits,Batter Hits,batter_hits,,Xavier Edwards,MIA,PHI,Aaron Nola,0.5,-260.0,66.66,72.22,-5.56,Medium,Negative edge / avoid,-0.13,0.8,-1.5,PropLine game moneyline/total context | Batter-vs-pitcher sample | Self-stored odds movement snapshots,batter_hits,Over,batter
2026-05-04T21:59:25.624015+00:00,2026,2026-05-04,batter_hits,Batter Hits,batter_hits,,Blake Perkins,MIL,STL,Kyle Leahy,0.5,-150.0,54.43,60.0,-5.57,Medium,Negative edge / avoid,0.43,-0.6,-1.5,PropLine game moneyline/total context | Batter-vs-pitcher sample | Self-stored odds movement snapshots,batter_hits,Over,batter
2026-05-04T21:59:25.624015+00:00,2026,2026-05-04,pitcher_strikeouts,Pitcher Strikeouts,pitcher_strikeouts,,Cam Schlittler,NYY,BAL,Cam Schlittler,6.5,-145.0,53.6,59.18,-5.58,Medium,Negative edge / avoid,-0.07,,-1.5,PropLine game moneyline/total context | Self-stored odds movement snapshots,pitcher_strikeouts,Over,pitcher
2026-05-04T21:59:25.624015+00:00,2026,2026-05-04,batter_hits,Batter Hits,batter_hits,,Justin Crawford,PHI,MIA,Janson Junk,0.5,-171.0,57.51,63.1,-5.59,Medium,Negative edge / avoid,-0.13,0.8,-1.5,PropLine game moneyline/total context | Batter-vs-pitcher sample | Self-stored odds movement snapshots,batter_hits,Over,batter
2026-05-04T21:59:25.624015+00:00,2026,2026-05-04,batter_hits,Batter Hits,batter_hits,,Moisés Ballesteros,CHC,CIN,Chase Petty,1.5,-264.0,66.92,72.53,-5.61,Medium,Negative edge / avoid,-0.49,0.8,1.5,PropLine game moneyline/total context | Batter-vs-pitcher sample | Self-stored odds movement snapshots,batter_hits,Under,batter
2026-05-04T21:59:25.624015+00:00,2026,2026-05-04,batter_home_runs,Batter Home Runs,batter_home_runs,,Mark Vientos,NYM,COL,Tomoyuki Sugano,0.5,555.0,9.61,15.27,-5.66,Medium,Negative edge / avoid,-1.2,-1.0,,PropLine game moneyline/total context | Batter-vs-pitcher sample | Self-stored odds movement snapshots,batter_home_runs,1+ Home Runs,batter
2026-05-04T21:59:25.624015+00:00,2026,2026-05-04,batter_hits,Batter Hits,batter_hits,,Ian Happ,CHC,CIN,Chase Petty,0.5,-209.0,61.97,67.64,-5.67,Medium,Negative edge / avoid,-0.49,0.8,-1.5,PropLine game moneyline/total context | Batter-vs-pitcher sample | Self-stored odds movement snapshots,batter_hits,Over,batter
2026-05-04T21:59:25.624015+00:00,2026,2026-05-04,batter_total_bases,Batter Total Bases,batter_total_bases,,George Springer,TOR,TBR,Nick Martinez,1.5,-139.0,52.46,58.16,-5.7,Medium,Negative edge / avoid,,,1.5,PropLine game moneyline/total context | Batter-vs-pitcher sample | Self-stored odds movement snapshots,batter_total_bases,Under,batter
2026-05-04T21:59:25.624015+00:00,2026,2026-05-04,batter_hits,Batter Hits,batter_hits,,Paul Goldschmidt,NYY,BAL,Shane Baz,0.5,-200.0,60.95,66.67,-5.72,Medium,Negative edge / avoid,-0.12,0.8,-1.5,PropLine game moneyline/total context | Batter-vs-pitcher sample | Self-stored odds movement snapshots,batter_hits,Over,batter
2026-05-04T21:59:25.624015+00:00,2026,2026-05-04,batter_hits,Batter Hits,batter_hits,,Jakob Marsee,MIA,PHI,Aaron Nola,0.5,-203.0,61.27,67.0,-5.73,Medium,Negative edge / avoid,-0.13,,-1.5,PropLine game moneyline/total context | Batter-vs-pitcher sample | Self-stored odds movement snapshots,batter_hits,Over,batter
2026-05-04T21:59:25.624015+00:00,2026,2026-05-04,pitcher_strikeouts,Pitcher Strikeouts,pitcher_strikeouts,,Tanner Bibee,CLE,KCR,Tanner Bibee,4.5,-154.0,54.85,60.63,-5.78,Medium,Negative edge / avoid,-0.4,,1.5,PropLine game moneyline/total context | Self-stored odds movement snapshots,pitcher_strikeouts,Under,pitcher
2026-05-04T21:59:25.624015+00:00,2026,2026-05-04,pitcher_earned_runs,Pitcher Earned Runs,pitcher_earned_runs,,Edward Cabrera,CHC,CIN,Edward Cabrera,2.5,-125.0,49.7,55.56,-5.85,Medium,Negative edge / avoid,-0.62,0.6,-1.5,PropLine game moneyline/total context | Self-stored odds movement snapshots,pitcher_earned_runs,Over,pitcher
2026-05-04T21:59:25.624015+00:00,2026,2026-05-04,batter_hits,Batter Hits,batter_hits,,Alec Burleson,STL,MIL,Chad Patrick,0.5,-257.0,66.13,71.99,-5.86,Medium,Negative edge / avoid,0.43,0.8,-1.5,PropLine game moneyline/total context | Batter-vs-pitcher sample | Self-stored odds movement snapshots,batter_hits,Over,batter
2026-05-04T21:59:25.624015+00:00,2026,2026-05-04,batter_home_runs,Batter Home Runs,batter_home_runs,,Sal Stewart,CIN,CHC,Edward Cabrera,0.5,320.0,17.94,23.81,-5.87,Medium,Negative edge / avoid,-1.28,1.5,,PropLine game moneyline/total context | Batter-vs-pitcher sample | Self-stored odds movement snapshots,batter_home_runs,Sal Stewart,batter
2026-05-04T21:59:25.624015+00:00,2026,2026-05-04,batter_home_runs,Batter Home Runs,batter_home_runs,,Pete Alonso,BAL,NYY,Cam Schlittler,0.5,390.0,14.52,20.41,-5.88,Medium,Negative edge / avoid,-0.14,0.8,,PropLine game moneyline/total context | Batter-vs-pitcher sample | Self-stored odds movement snapshots,batter_home_runs,Pete Alonso,batter
2026-05-04T21:59:25.624015+00:00,2026,2026-05-04,batter_hits,Batter Hits,batter_hits,,Trevor Story,BOS,DET,Tarik Skubal,0.5,-182.0,58.62,64.54,-5.92,Medium,Negative edge / avoid,0.4,0.8,-1.5,PropLine game moneyline/total context | Batter-vs-pitcher sample | Self-stored odds movement snapshots,batter_hits,Over,batter
2026-05-04T21:59:25.624015+00:00,2026,2026-05-04,batter_hits,Batter Hits,batter_hits,,Willson Contreras,BOS,DET,Tarik Skubal,0.5,-182.0,58.62,64.54,-5.92,Medium,Negative edge / avoid,0.4,0.8,-1.5,PropLine game moneyline/total context | Batter-vs-pitcher sample | Self-stored odds movement snapshots,batter_hits,Over,batter
2026-05-04T21:59:25.624015+00:00,2026,2026-05-04,batter_hits,Batter Hits,batter_hits,,Matt Vierling,DET,BOS,Payton Tolle,0.5,-182.0,58.62,64.54,-5.92,Medium,Negative edge / avoid,0.4,0.8,-1.5,PropLine game moneyline/total context | Batter-vs-pitcher sample | Self-stored odds movement snapshots,batter_hits,Over,batter
2026-05-04T21:59:25.624015+00:00,2026,2026-05-04,batter_hits,Batter Hits,batter_hits,,JJ Wetherholt,STL,MIL,Chad Patrick,0.5,-213.0,62.05,68.05,-6.0,Medium,Negative edge / avoid,0.43,0.8,-1.5,PropLine game moneyline/total context | Batter-vs-pitcher sample | Self-stored odds movement snapshots,batter_hits,Over,batter
2026-05-04T21:59:25.624015+00:00,2026,2026-05-04,pitcher_hits_allowed,Pitcher Hits Allowed,pitcher_hits_allowed,,Chad Patrick,MIL,STL,Chad Patrick,4.5,-115.0,47.48,53.49,-6.01,Medium,Negative edge / avoid,0.51,,-1.42,PropLine game moneyline/total context | Self-stored odds movement snapshots,pitcher_hits_allowed,Under,pitcher
2026-05-04T21:59:25.624015+00:00,2026,2026-05-04,batter_total_bases,Batter Total Bases,batter_total_bases,,Steven Kwan,CLE,KCR,Michael Wacha,1.5,-154.0,54.58,60.63,-6.05,Medium,Negative edge / avoid,1.13,,1.5,PropLine game moneyline/total context | Batter-vs-pitcher sample | Self-stored odds movement snapshots,batter_total_bases,Under,batter
2026-05-04T21:59:25.624015+00:00,2026,2026-05-04,batter_hits,Batter Hits,batter_hits,,Xavier Edwards,MIA,PHI,Aaron Nola,0.5,-271.0,66.99,73.05,-6.06,Medium,Negative edge / avoid,-0.13,0.8,-1.5,PropLine game moneyline/total context | Batter-vs-pitcher sample | Self-stored odds movement snapshots,batter_hits,Over,batter
2026-05-04T21:59:25.624015+00:00,2026,2026-05-04,batter_home_runs,Batter Home Runs,batter_home_runs,,Marcus Semien,NYM,COL,Tomoyuki Sugano,0.5,570.0,8.87,14.93,-6.06,Medium,Negative edge / avoid,-1.2,-0.6,,PropLine game moneyline/total context | Batter-vs-pitcher sample | Self-stored odds movement snapshots,batter_home_runs,Marcus Semien,batter
2026-05-04T21:59:25.624015+00:00,2026,2026-05-04,batter_total_bases,Batter Total Bases,batter_total_bases,,Trea Turner,PHI,MIA,Janson Junk,1.5,-141.0,52.42,58.51,-6.08,Medium,Negative edge / avoid,-0.18,,1.5,PropLine game moneyline/total context | Batter-vs-pitcher sample | Self-stored odds movement snapshots,batter_total_bases,Under,batter
2026-05-04T21:59:25.624015+00:00,2026,2026-05-04,batter_hits,Batter Hits,batter_hits,,Seiya Suzuki,CHC,CIN,Chase Petty,0.5,-264.0,66.42,72.53,-6.11,Medium,Negative edge / avoid,-0.49,0.8,-1.5,PropLine game moneyline/total context | Batter-vs-pitcher sample | Self-stored odds movement snapshots,batter_hits,Over,batter
2026-05-04T21:59:25.624015+00:00,2026,2026-05-04,batter_hits,Batter Hits,batter_hits,,Brandon Marsh,PHI,MIA,Janson Junk,0.5,-214.0,62.03,68.15,-6.12,Medium,Negative edge / avoid,-0.13,0.8,-1.5,PropLine game moneyline/total context | Batter-vs-pitcher sample | Self-stored odds movement snapshots,batter_hits,Over,batter
2026-05-04T21:59:25.624015+00:00,2026,2026-05-04,pitcher_strikeouts,Pitcher Strikeouts,pitcher_strikeouts,,Kyle Leahy,STL,MIL,Kyle Leahy,3.5,-140.0,52.2,58.33,-6.13,Medium,Negative edge / avoid,-0.33,-0.8,-1.5,PropLine game moneyline/total context | Self-stored odds movement snapshots,pitcher_strikeouts,Over,pitcher
2026-05-04T21:59:25.624015+00:00,2026,2026-05-04,batter_hits,Batter Hits,batter_hits,,Liam Hicks,MIA,PHI,Aaron Nola,0.5,-223.0,62.89,69.04,-6.15,Medium,Negative edge / avoid,-0.13,0.8,-1.5,PropLine game moneyline/total context | Batter-vs-pitcher sample | Self-stored odds movement snapshots,batter_hits,Over,batter
2026-05-04T21:59:25.624015+00:00,2026,2026-05-04,batter_hits,Batter Hits,batter_hits,,Salvador Perez,KCR,CLE,Tanner Bibee,0.5,-218.0,62.36,68.55,-6.19,Medium,Negative edge / avoid,0.54,0.8,-1.5,PropLine game moneyline/total context | Batter-vs-pitcher sample | Self-stored odds movement snapshots,batter_hits,Over,batter
2026-05-04T21:59:25.624015+00:00,2026,2026-05-04,pitcher_strikeouts,Pitcher Strikeouts,pitcher_strikeouts,,Nick Martinez,TBR,TOR,Nick Martinez,3.5,-144.0,52.81,59.02,-6.21,Medium,Negative edge / avoid,,-0.8,-1.5,PropLine game moneyline/total context | Self-stored odds movement snapshots,pitcher_strikeouts,Over,pitcher
2026-05-04T21:59:25.624015+00:00,2026,2026-05-04,batter_hits,Batter Hits,batter_hits,,Kyle Karros,COL,NYM,Huascar Brazobán,0.5,-194.0,59.76,65.99,-6.22,Medium-High,Negative edge / avoid,-0.53,0.8,,PropLine game moneyline/total context | Self-stored odds movement snapshots,batter_hits,Over,batter
2026-05-04T21:59:25.624015+00:00,2026,2026-05-04,pitcher_strikeouts,Pitcher Strikeouts,pitcher_strikeouts,,Kyle Leahy,STL,MIL,Kyle Leahy,3.5,-141.0,52.27,58.51,-6.23,Medium,Negative edge / avoid,-0.33,-0.8,-1.5,PropLine game moneyline/total context | Self-stored odds movement snapshots,pitcher_strikeouts,Over,pitcher
2026-05-04T21:59:25.624015+00:00,2026,2026-05-04,batter_total_bases,Batter Total Bases,batter_total_bases,,Francisco Alvarez,NYM,COL,Tomoyuki Sugano,1.5,-113.0,46.82,53.05,-6.23,Medium,Negative edge / avoid,-0.8,1.2,-1.5,PropLine game moneyline/total context | Batter-vs-pitcher sample | Self-stored odds movement snapshots,batter_total_bases,Under,batter
2026-05-04T21:59:25.624015+00:00,2026,2026-05-04,batter_home_runs,Batter Home Runs,batter_home_runs,,Hunter Goodman,COL,NYM,Huascar Brazobán,0.5,242.0,23.0,29.24,-6.24,Medium-High,Negative edge / avoid,-1.2,2.3,,PropLine game moneyline/total context | Self-stored odds movement snapshots,batter_home_runs,1+ Home Runs,batter
2026-05-04T21:59:25.624015+00:00,2026,2026-05-04,batter_hits,Batter Hits,batter_hits,,Gunnar Henderson,BAL,NYY,Cam Schlittler,0.5,-167.0,56.3,62.55,-6.25,Medium,Negative edge / avoid,-0.12,0.8,-1.5,PropLine game moneyline/total context | Batter-vs-pitcher sample | Self-stored odds movement snapshots,batter_hits,Over,batter
2026-05-04T21:59:25.624015+00:00,2026,2026-05-04,batter_hits,Batter Hits,batter_hits,,Cody Bellinger,NYY,BAL,Shane Baz,0.5,-244.0,64.65,70.93,-6.28,Medium,Negative edge / avoid,-0.12,0.8,-1.5,PropLine game moneyline/total context | Batter-vs-pitcher sample | Self-stored odds movement snapshots,batter_hits,Over,batter
2026-05-04T21:59:25.624015+00:00,2026,2026-05-04,batter_hits,Batter Hits,batter_hits,,Kyle Stowers,MIA,PHI,Aaron Nola,0.5,-226.0,63.0,69.33,-6.33,Medium,Negative edge / avoid,-0.13,0.8,-1.5,PropLine game moneyline/total context | Batter-vs-pitcher sample | Self-stored odds movement snapshots,batter_hits,Over,batter
2026-05-04T21:59:25.624015+00:00,2026,2026-05-04,batter_hits,Batter Hits,batter_hits,,Trea Turner,PHI,MIA,Janson Junk,1.5,-226.0,63.0,69.33,-6.33,Medium,Negative edge / avoid,-0.13,0.8,1.5,PropLine game moneyline/total context | Batter-vs-pitcher sample | Self-stored odds movement snapshots,batter_hits,Under,batter
2026-05-04T21:59:25.624015+00:00,2026,2026-05-04,batter_hits,Batter Hits,batter_hits,,Dillon Dingler,DET,BOS,Payton Tolle,0.5,-218.0,62.22,68.55,-6.33,Medium,Negative edge / avoid,0.4,0.8,-1.5,PropLine game moneyline/total context | Batter-vs-pitcher sample | Self-stored odds movement snapshots,batter_hits,Over,batter
2026-05-04T21:59:25.624015+00:00,2026,2026-05-04,batter_hits,Batter Hits,batter_hits,,Jakob Marsee,MIA,PHI,Aaron Nola,0.5,-213.0,61.69,68.05,-6.36,Medium,Negative edge / avoid,-0.13,,-1.5,PropLine game moneyline/total context | Batter-vs-pitcher sample | Self-stored odds movement snapshots,batter_hits,Over,batter
2026-05-04T21:59:25.624015+00:00,2026,2026-05-04,batter_hits,Batter Hits,batter_hits,,Liam Hicks,MIA,PHI,Aaron Nola,0.5,-230.0,63.15,69.7,-6.55,Medium,Negative edge / avoid,-0.13,0.8,-1.5,PropLine game moneyline/total context | Batter-vs-pitcher sample | Self-stored odds movement snapshots,batter_hits,Over,batter
2026-05-04T21:59:25.624015+00:00,2026,2026-05-04,batter_total_bases,Batter Total Bases,batter_total_bases,,Jakob Marsee,MIA,PHI,Aaron Nola,1.5,-180.0,57.73,64.29,-6.55,Medium,Negative edge / avoid,-0.18,,1.5,PropLine game moneyline/total context | Batter-vs-pitcher sample | Self-stored odds movement snapshots,batter_total_bases,Under,batter
2026-05-04T21:59:25.624015+00:00,2026,2026-05-04,batter_hits,Batter Hits,batter_hits,,Spencer Steer,CIN,CHC,Edward Cabrera,0.5,-179.0,57.57,64.16,-6.58,Medium,Negative edge / avoid,-0.49,0.8,-1.5,PropLine game moneyline/total context | Batter-vs-pitcher sample | Self-stored odds movement snapshots,batter_hits,Over,batter
2026-05-04T21:59:25.624015+00:00,2026,2026-05-04,pitcher_earned_runs,Pitcher Earned Runs,pitcher_earned_runs,,Janson Junk,MIA,PHI,Janson Junk,2.5,-130.0,49.94,56.52,-6.58,Medium,Negative edge / avoid,-0.17,,-1.5,PropLine game moneyline/total context | Self-stored odds movement snapshots,pitcher_earned_runs,Over,pitcher
2026-05-04T21:59:25.624015+00:00,2026,2026-05-04,batter_hits,Batter Hits,batter_hits,,Kyle Manzardo,CLE,KCR,Michael Wacha,0.5,-167.0,55.96,62.55,-6.59,Medium,Negative edge / avoid,0.54,0.8,-1.5,PropLine game moneyline/total context | Batter-vs-pitcher sample | Self-stored odds movement snapshots,batter_hits,Over,batter
2026-05-04T21:59:25.624015+00:00,2026,2026-05-04,batter_total_bases,Batter Total Bases,batter_total_bases,,Brandon Marsh,PHI,MIA,Janson Junk,1.5,-199.0,59.94,66.56,-6.61,Medium,Negative edge / avoid,-0.18,1.8,1.5,PropLine game moneyline/total context | Batter-vs-pitcher sample | Self-stored odds movement snapshots,batter_total_bases,Under,batter
2026-05-04T21:59:25.624015+00:00,2026,2026-05-04,batter_hits,Batter Hits,batter_hits,,Miguel Amaya,CHC,CIN,Chase Petty,0.5,-182.0,57.93,64.54,-6.61,Medium,Negative edge / avoid,-0.49,,-1.5,PropLine game moneyline/total context | Batter-vs-pitcher sample | Self-stored odds movement snapshots,batter_hits,Over,batter
2026-05-04T21:59:25.624015+00:00,2026,2026-05-04,batter_home_runs,Batter Home Runs,batter_home_runs,,Hunter Goodman,COL,NYM,Huascar Brazobán,0.5,235.0,23.24,29.85,-6.61,Medium-High,Negative edge / avoid,-1.2,2.3,,PropLine game moneyline/total context | Self-stored odds movement snapshots,batter_home_runs,Hunter Goodman,batter
2026-05-04T21:59:25.624015+00:00,2026,2026-05-04,batter_home_runs,Batter Home Runs,batter_home_runs,,Marcus Semien,NYM,COL,Tomoyuki Sugano,0.5,526.0,9.29,15.97,-6.68,Medium,Negative edge / avoid,-1.2,-0.6,,PropLine game moneyline/total context | Batter-vs-pitcher sample | Self-stored odds movement snapshots,batter_home_runs,1+ Home Runs,batter
2026-05-04T21:59:25.624015+00:00,2026,2026-05-04,batter_total_bases,Batter Total Bases,batter_total_bases,,Vinnie Pasquantino,KCR,CLE,Tanner Bibee,1.5,-186.0,58.34,65.03,-6.69,Medium,Negative edge / avoid,1.13,,1.5,PropLine game moneyline/total context | Batter-vs-pitcher sample | Self-stored odds movement snapshots,batter_total_bases,Under,batter
2026-05-04T21:59:25.624015+00:00,2026,2026-05-04,batter_total_bases,Batter Total Bases,batter_total_bases,,MJ Melendez,NYM,COL,Tomoyuki Sugano,1.5,-147.0,52.81,59.51,-6.71,Medium,Negative edge / avoid,-0.8,1.8,1.3,PropLine game moneyline/total context | Batter-vs-pitcher sample | Self-stored odds movement snapshots,batter_total_bases,,batter
2026-05-04T21:59:25.624015+00:00,2026,2026-05-04,batter_hits,Batter Hits,batter_hits,,Jonny DeLuca,TBR,TOR,Eric Lauer,0.5,-218.0,61.82,68.55,-6.73,Medium-High,Negative edge / avoid,,0.8,-1.5,PropLine game moneyline/total context | Self-stored odds movement snapshots,batter_hits,Over,batter
2026-05-04T21:59:25.624015+00:00,2026,2026-05-04,batter_total_bases,Batter Total Bases,batter_total_bases,,Angel Martínez,CLE,KCR,Michael Wacha,1.5,-176.0,57.04,63.77,-6.73,Medium,Negative edge / avoid,1.13,1.2,1.5,PropLine game moneyline/total context | Batter-vs-pitcher sample | Self-stored odds movement snapshots,batter_total_bases,Under,batter
2026-05-04T21:59:25.624015+00:00,2026,2026-05-04,batter_hits,Batter Hits,batter_hits,,Ke'Bryan Hayes,CIN,CHC,Edward Cabrera,0.5,-157.0,54.35,61.09,-6.74,Medium,Negative edge / avoid,-0.49,0.8,-1.5,PropLine game moneyline/total context | Batter-vs-pitcher sample | Self-stored odds movement snapshots,batter_hits,Over,batter
2026-05-04T21:59:25.624015+00:00,2026,2026-05-04,batter_total_bases,Batter Total Bases,batter_total_bases,,Francisco Alvarez,NYM,COL,Tomoyuki Sugano,1.5,-117.0,47.17,53.92,-6.75,Medium,Negative edge / avoid,-0.8,1.2,-1.5,PropLine game moneyline/total context | Batter-vs-pitcher sample | Self-stored odds movement snapshots,batter_total_bases,Over,batter
2026-05-04T21:59:25.624015+00:00,2026,2026-05-04,batter_home_runs,Batter Home Runs,batter_home_runs,,Francisco Alvarez,NYM,COL,Tomoyuki Sugano,0.5,370.0,14.51,21.28,-6.77,Medium,Negative edge / avoid,-1.2,1.5,,PropLine game moneyline/total context | Batter-vs-pitcher sample | Self-stored odds movement snapshots,batter_home_runs,1+ Home Runs,batter
2026-05-04T21:59:25.624015+00:00,2026,2026-05-04,batter_hits,Batter Hits,batter_hits,,Daulton Varsho,TOR,TBR,Nick Martinez,0.5,-189.0,58.56,65.4,-6.84,Medium,Negative edge / avoid,,0.8,-1.5,PropLine game moneyline/total context | Batter-vs-pitcher sample | Self-stored odds movement snapshots,batter_hits,Over,batter
2026-05-04T21:59:25.624015+00:00,2026,2026-05-04,pitcher_strikeouts,Pitcher Strikeouts,pitcher_strikeouts,,Tarik Skubal,DET,BOS,Tarik Skubal,7.5,-154.0,53.76,60.63,-6.87,Medium,Negative edge / avoid,-0.4,,1.41,PropLine game moneyline/total context | Self-stored odds movement snapshots,pitcher_strikeouts,Under,pitcher
2026-05-04T21:59:25.624015+00:00,2026,2026-05-04,batter_total_bases,Batter Total Bases,batter_total_bases,,Garrett Mitchell,MIL,STL,Kyle Leahy,1.5,-197.0,59.42,66.33,-6.91,Medium,Negative edge / avoid,0.89,1.8,1.5,PropLine game moneyline/total context | Batter-vs-pitcher sample | Self-stored odds movement snapshots,batter_total_bases,Under,batter
2026-05-04T21:59:25.624015+00:00,2026,2026-05-04,pitcher_earned_runs,Pitcher Earned Runs,pitcher_earned_runs,,Chad Patrick,MIL,STL,Chad Patrick,2.5,-150.0,53.09,60.0,-6.91,Medium,Negative edge / avoid,0.59,,1.5,PropLine game moneyline/total context | Self-stored odds movement snapshots,pitcher_earned_runs,Under,pitcher
2026-05-04T21:59:25.624015+00:00,2026,2026-05-04,batter_total_bases,Batter Total Bases,batter_total_bases,,Mark Vientos,NYM,COL,Tomoyuki Sugano,1.5,-125.0,48.59,55.56,-6.96,Medium,Negative edge / avoid,-0.8,1.2,-0.73,PropLine game moneyline/total context | Batter-vs-pitcher sample | Self-stored odds movement snapshots,batter_total_bases,,batter
2026-05-04T21:59:25.624015+00:00,2026,2026-05-04,batter_hits,Batter Hits,batter_hits,,Bryson Stott,PHI,MIA,Janson Junk,0.5,-189.0,58.43,65.4,-6.97,Medium,Negative edge / avoid,-0.13,0.8,-1.5,PropLine game moneyline/total context | Batter-vs-pitcher sample | Self-stored odds movement snapshots,batter_hits,Over,batter
2026-05-04T21:59:25.624015+00:00,2026,2026-05-04,batter_hits,Batter Hits,batter_hits,,Jake Bauers,MIL,STL,Kyle Leahy,0.5,-213.0,61.05,68.05,-7.0,Medium,Negative edge / avoid,0.43,0.8,-1.5,PropLine game moneyline/total context | Batter-vs-pitcher sample | Self-stored odds movement snapshots,batter_hits,Over,batter
2026-05-04T21:59:25.624015+00:00,2026,2026-05-04,batter_hits,Batter Hits,batter_hits,,Roman Anthony,BOS,DET,Tarik Skubal,0.5,-197.0,59.33,66.33,-7.0,Medium,Negative edge / avoid,0.4,0.8,-1.5,PropLine game moneyline/total context | Batter-vs-pitcher sample | Self-stored odds movement snapshots,batter_hits,Over,batter
2026-05-04T21:59:25.624015+00:00,2026,2026-05-04,batter_total_bases,Batter Total Bases,batter_total_bases,,Jakob Marsee,MIA,PHI,Aaron Nola,1.5,-186.0,58.03,65.03,-7.0,Medium,Negative edge / avoid,-0.18,,1.5,PropLine game moneyline/total context | Batter-vs-pitcher sample | Self-stored odds movement snapshots,batter_total_bases,Under,batter
2026-05-04T21:59:25.624015+00:00,2026,2026-05-04,batter_total_bases,Batter Total Bases,batter_total_bases,,Willi Castro,COL,NYM,Huascar Brazobán,1.5,-162.0,54.83,61.83,-7.0,Medium-High,Negative edge / avoid,-0.8,1.2,,PropLine game moneyline/total context | Self-stored odds movement snapshots,batter_total_bases,Under,batter
2026-05-04T21:59:25.624015+00:00,2026,2026-05-04,batter_hits,Batter Hits,batter_hits,,Pete Crow-Armstrong,CHC,CIN,Chase Petty,0.5,-233.0,62.9,69.97,-7.07,Medium,Negative edge / avoid,-0.49,0.8,-1.5,PropLine game moneyline/total context | Batter-vs-pitcher sample | Self-stored odds movement snapshots,batter_hits,Over,batter
2026-05-04T21:59:25.624015+00:00,2026,2026-05-04,batter_total_bases,Batter Total Bases,batter_total_bases,,Nathaniel Lowe,CIN,CHC,Edward Cabrera,1.5,-164.0,55.04,62.12,-7.08,Medium,Negative edge / avoid,-0.81,1.8,1.5,PropLine game moneyline/total context | Batter-vs-pitcher sample | Self-stored odds movement snapshots,batter_total_bases,Under,batter
2026-05-04T21:59:25.624015+00:00,2026,2026-05-04,batter_total_bases,Batter Total Bases,batter_total_bases,,Brett Baty,NYM,COL,Tomoyuki Sugano,1.5,-127.0,48.87,55.95,-7.08,Medium,Negative edge / avoid,-0.8,1.2,-0.61,PropLine game moneyline/total context | Batter-vs-pitcher sample | Self-stored odds movement snapshots,batter_total_bases,Under,batter
2026-05-04T21:59:25.624015+00:00,2026,2026-05-04,batter_total_bases,Batter Total Bases,batter_total_bases,,Tyler Freeman,COL,NYM,Huascar Brazobán,1.5,-150.0,52.9,60.0,-7.1,Medium-High,Negative edge / avoid,-0.8,,,PropLine game moneyline/total context | Self-stored odds movement snapshots,batter_total_bases,Under,batter
2026-05-04T21:59:25.624015+00:00,2026,2026-05-04,batter_total_bases,Batter Total Bases,batter_total_bases,,Jake Bauers,MIL,STL,Kyle Leahy,1.5,-200.0,59.56,66.67,-7.11,Medium,Negative edge / avoid,0.89,1.8,1.5,PropLine game moneyline/total context | Batter-vs-pitcher sample | Self-stored odds movement snapshots,batter_total_bases,Under,batter
2026-05-04T21:59:25.624015+00:00,2026,2026-05-04,batter_hits,Batter Hits,batter_hits,,Andrés Giménez,TOR,TBR,Nick Martinez,0.5,-182.0,57.42,64.54,-7.12,Medium,Negative edge / avoid,,,-1.5,PropLine game moneyline/total context | Batter-vs-pitcher sample | Self-stored odds movement snapshots,batter_hits,Over,batter
2026-05-04T21:59:25.624015+00:00,2026,2026-05-04,batter_hits,Batter Hits,batter_hits,,Tyler Freeman,COL,NYM,Huascar Brazobán,1.5,-243.0,63.71,70.85,-7.14,Medium-High,Negative edge / avoid,-0.53,0.8,,PropLine game moneyline/total context | Self-stored odds movement snapshots,batter_hits,Under,batter
2026-05-04T21:59:25.624015+00:00,2026,2026-05-04,batter_hits,Batter Hits,batter_hits,,Justin Crawford,PHI,MIA,Janson Junk,0.5,-193.0,58.62,65.87,-7.25,Medium,Negative edge / avoid,-0.13,0.8,-1.5,PropLine game moneyline/total context | Batter-vs-pitcher sample | Self-stored odds movement snapshots,batter_hits,Over,batter
2026-05-04T21:59:25.624015+00:00,2026,2026-05-04,batter_hits,Batter Hits,batter_hits,,JJ Bleday,CIN,CHC,Edward Cabrera,0.5,-189.0,58.07,65.4,-7.33,Medium,Negative edge / avoid,-0.49,0.8,-1.5,PropLine game moneyline/total context | Batter-vs-pitcher sample | Self-stored odds movement snapshots,batter_hits,Over,batter
2026-05-04T21:59:25.624015+00:00,2026,2026-05-04,batter_hits,Batter Hits,batter_hits,,Bryce Harper,PHI,MIA,Janson Junk,1.5,-245.0,63.68,71.01,-7.34,Medium,Negative edge / avoid,-0.13,0.8,1.5,PropLine game moneyline/total context | Batter-vs-pitcher sample | Self-stored odds movement snapshots,batter_hits,Under,batter
2026-05-04T21:59:25.624015+00:00,2026,2026-05-04,batter_total_bases,Batter Total Bases,batter_total_bases,,Chandler Simpson,TBR,TOR,Eric Lauer,1.5,-170.0,55.59,62.96,-7.38,Medium-High,Negative edge / avoid,,-0.8,1.5,PropLine game moneyline/total context | Self-stored odds movement snapshots,batter_total_bases,Under,batter
2026-05-04T21:59:25.624015+00:00,2026,2026-05-04,batter_total_bases,Batter Total Bases,batter_total_bases,,Adolis García,PHI,MIA,Janson Junk,1.5,-176.0,56.33,63.77,-7.44,Medium,Negative edge / avoid,-0.18,1.8,1.5,PropLine game moneyline/total context | Batter-vs-pitcher sample | Self-stored odds movement snapshots,batter_total_bases,Under,batter
2026-05-04T21:59:25.624015+00:00,2026,2026-05-04,pitcher_strikeouts,Pitcher Strikeouts,pitcher_strikeouts,,Nick Martinez,TBR,TOR,Nick Martinez,3.5,-157.0,53.64,61.09,-7.45,Medium,Negative edge / avoid,,-0.8,-1.5,PropLine game moneyline/total context | Self-stored odds movement snapshots,pitcher_strikeouts,Over,pitcher
2026-05-04T21:59:25.624015+00:00,2026,2026-05-04,batter_hits,Batter Hits,batter_hits,,Steven Kwan,CLE,KCR,Michael Wacha,1.5,-264.0,64.95,72.53,-7.58,Medium,Negative edge / avoid,0.54,0.8,1.5,PropLine game moneyline/total context | Batter-vs-pitcher sample | Self-stored odds movement snapshots,batter_hits,Under,batter
2026-05-04T21:59:25.624015+00:00,2026,2026-05-04,batter_hits,Batter Hits,batter_hits,,Hunter Goodman,COL,NYM,Huascar Brazobán,1.5,-252.0,64.01,71.59,-7.58,Medium-High,Negative edge / avoid,-0.53,0.8,,PropLine game moneyline/total context | Self-stored odds movement snapshots,batter_hits,Under,batter
2026-05-04T21:59:25.624015+00:00,2026,2026-05-04,batter_hits,Batter Hits,batter_hits,,Ben Williamson,TBR,TOR,Eric Lauer,0.5,-233.0,62.39,69.97,-7.58,Medium-High,Negative edge / avoid,,0.8,-1.5,PropLine game moneyline/total context | Self-stored odds movement snapshots,batter_hits,Over,batter
2026-05-04T21:59:25.624015+00:00,2026,2026-05-04,batter_hits,Batter Hits,batter_hits,,Garrett Mitchell,MIL,STL,Kyle Leahy,0.5,-223.0,61.45,69.04,-7.59,Medium,Negative edge / avoid,0.43,0.8,-1.5,PropLine game moneyline/total context | Batter-vs-pitcher sample | Self-stored odds movement snapshots,batter_hits,Over,batter
2026-05-04T21:59:25.624015+00:00,2026,2026-05-04,pitcher_hits_allowed,Pitcher Hits Allowed,pitcher_hits_allowed,,Janson Junk,MIA,PHI,Janson Junk,5.5,-152.0,52.73,60.32,-7.59,Medium,Negative edge / avoid,-0.15,,-0.25,PropLine game moneyline/total context | Self-stored odds movement snapshots,pitcher_hits_allowed,Over,pitcher
2026-05-04T21:59:25.624015+00:00,2026,2026-05-04,pitcher_hits_allowed,Pitcher Hits Allowed,pitcher_hits_allowed,,Cam Schlittler,NYY,BAL,Cam Schlittler,4.5,-173.0,55.75,63.37,-7.62,Medium,Negative edge / avoid,-0.1,,1.5,PropLine game moneyline/total context | Self-stored odds movement snapshots,pitcher_hits_allowed,Under,pitcher
2026-05-04T21:59:25.624015+00:00,2026,2026-05-04,batter_hits,Batter Hits,batter_hits,,Ernie Clement,TOR,TBR,Nick Martinez,0.5,-244.0,63.27,70.93,-7.66,Medium,Negative edge / avoid,,0.8,-1.5,PropLine game moneyline/total context | Batter-vs-pitcher sample | Self-stored odds movement snapshots,batter_hits,Over,batter
2026-05-04T21:59:25.624015+00:00,2026,2026-05-04,pitcher_hits_allowed,Pitcher Hits Allowed,pitcher_hits_allowed,,Chad Patrick,MIL,STL,Chad Patrick,4.5,-129.0,48.62,56.33,-7.71,Medium,Negative edge / avoid,0.51,,-1.42,PropLine game moneyline/total context | Self-stored odds movement snapshots,pitcher_hits_allowed,Over,pitcher
2026-05-04T21:59:25.624015+00:00,2026,2026-05-04,batter_hits,Batter Hits,batter_hits,,Willi Castro,COL,NYM,Huascar Brazobán,0.5,-255.0,64.1,71.83,-7.73,Medium-High,Negative edge / avoid,-0.53,0.8,,PropLine game moneyline/total context | Self-stored odds movement snapshots,batter_hits,Over,batter
2026-05-04T21:59:25.624015+00:00,2026,2026-05-04,batter_hits,Batter Hits,batter_hits,,Francisco Alvarez,NYM,COL,Tomoyuki Sugano,1.5,-226.0,61.6,69.33,-7.73,Medium,Negative edge / avoid,-0.53,0.8,1.5,PropLine game moneyline/total context | Batter-vs-pitcher sample | Self-stored odds movement snapshots,batter_hits,Under,batter
2026-05-04T21:59:25.624015+00:00,2026,2026-05-04,batter_hits,Batter Hits,batter_hits,,Pete Alonso,BAL,NYY,Cam Schlittler,0.5,-186.0,57.29,65.03,-7.74,Medium,Negative edge / avoid,-0.12,0.8,-1.5,PropLine game moneyline/total context | Batter-vs-pitcher sample | Self-stored odds movement snapshots,batter_hits,Over,batter
2026-05-04T21:59:25.624015+00:00,2026,2026-05-04,pitcher_strikeouts,Pitcher Strikeouts,pitcher_strikeouts,,Chase Petty,CIN,CHC,Chase Petty,3.5,-157.0,53.28,61.09,-7.81,Medium,Negative edge / avoid,,,-0.66,PropLine game moneyline/total context | Baseball Savant quality metrics | Self-stored odds movement snapshots,pitcher_strikeouts,Under,pitcher
2026-05-04T21:59:25.624015+00:00,2026,2026-05-04,batter_total_bases,Batter Total Bases,batter_total_bases,,Jonny DeLuca,TBR,TOR,Eric Lauer,1.5,-186.0,57.21,65.03,-7.82,Medium-High,Negative edge / avoid,,,1.5,PropLine game moneyline/total context | Self-stored odds movement snapshots,batter_total_bases,Under,batter
2026-05-04T21:59:25.624015+00:00,2026,2026-05-04,batter_hits,Batter Hits,batter_hits,,Aaron Judge,NYY,BAL,Shane Baz,0.5,-278.0,65.7,73.54,-7.85,Medium,Negative edge / avoid,-0.12,0.8,-1.5,PropLine game moneyline/total context | Batter-vs-pitcher sample | Self-stored odds movement snapshots,batter_hits,Over,batter
2026-05-04T21:59:25.624015+00:00,2026,2026-05-04,batter_hits,Batter Hits,batter_hits,,Junior Caminero,TBR,TOR,Eric Lauer,1.5,-278.0,65.66,73.54,-7.88,Medium-High,Negative edge / avoid,,0.8,0.34,PropLine game moneyline/total context | Self-stored odds movement snapshots,batter_hits,Under,batter
2026-05-04T21:59:25.624015+00:00,2026,2026-05-04,batter_hits,Batter Hits,batter_hits,,Angel Martínez,CLE,KCR,Michael Wacha,0.5,-213.0,60.16,68.05,-7.89,Medium,Negative edge / avoid,0.54,0.8,-1.5,PropLine game moneyline/total context | Batter-vs-pitcher sample | Self-stored odds movement snapshots,batter_hits,Over,batter
2026-05-04T21:59:25.624015+00:00,2026,2026-05-04,batter_hits,Batter Hits,batter_hits,,Kyle Schwarber,PHI,MIA,Janson Junk,0.5,-203.0,59.07,67.0,-7.93,Medium,Negative edge / avoid,-0.13,0.8,-1.5,PropLine game moneyline/total context | Batter-vs-pitcher sample | Self-stored odds movement snapshots,batter_hits,Over,batter
2026-05-04T21:59:25.624015+00:00,2026,2026-05-04,pitcher_hits_allowed,Pitcher Hits Allowed,pitcher_hits_allowed,,Edward Cabrera,CHC,CIN,Edward Cabrera,4.5,-173.0,55.42,63.37,-7.95,Medium,Negative edge / avoid,-0.53,0.6,-1.5,PropLine game moneyline/total context | Self-stored odds movement snapshots,pitcher_hits_allowed,Over,pitcher
2026-05-04T21:59:25.624015+00:00,2026,2026-05-04,pitcher_earned_runs,Pitcher Earned Runs,pitcher_earned_runs,,Shane Baz,BAL,NYY,Shane Baz,2.5,-159.0,53.42,61.39,-7.97,Medium,Negative edge / avoid,-0.14,1.0,-1.5,PropLine game moneyline/total context | Self-stored odds movement snapshots,pitcher_earned_runs,Over,pitcher
2026-05-04T21:59:25.624015+00:00,2026,2026-05-04,pitcher_hits_allowed,Pitcher Hits Allowed,pitcher_hits_allowed,,Nick Martinez,TBR,TOR,Nick Martinez,5.5,-145.0,51.17,59.18,-8.01,Medium,Negative edge / avoid,,,-1.5,PropLine game moneyline/total context | Self-stored odds movement snapshots,pitcher_hits_allowed,Over,pitcher
2026-05-04T21:59:25.624015+00:00,2026,2026-05-04,batter_hits,Batter Hits,batter_hits,,Kyle Schwarber,PHI,MIA,Janson Junk,0.5,-205.0,59.16,67.21,-8.06,Medium,Negative edge / avoid,-0.13,0.8,-1.5,PropLine game moneyline/total context | Batter-vs-pitcher sample | Self-stored odds movement snapshots,batter_hits,Over,batter
2026-05-04T21:59:25.624015+00:00,2026,2026-05-04,batter_hits,Batter Hits,batter_hits,,Chase DeLauter,CLE,KCR,Michael Wacha,0.5,-264.0,64.45,72.53,-8.08,Medium,Negative edge / avoid,0.54,0.8,-1.5,PropLine game moneyline/total context | Batter-vs-pitcher sample | Self-stored odds movement snapshots,batter_hits,Over,batter
2026-05-04T21:59:25.624015+00:00,2026,2026-05-04,batter_total_bases,Batter Total Bases,batter_total_bases,,Troy Johnston,COL,NYM,Huascar Brazobán,1.5,-196.0,58.09,66.22,-8.13,Medium-High,Negative edge / avoid,-0.8,1.2,1.5,PropLine game moneyline/total context | Self-stored odds movement snapshots,batter_total_bases,Under,batter
2026-05-04T21:59:25.624015+00:00,2026,2026-05-04,pitcher_hits_allowed,Pitcher Hits Allowed,pitcher_hits_allowed,,Tanner Bibee,CLE,KCR,Tanner Bibee,5.5,-170.0,54.82,62.96,-8.15,Medium,Negative edge / avoid,0.63,1.0,-1.5,PropLine game moneyline/total context | Self-stored odds movement snapshots,pitcher_hits_allowed,Under,pitcher
2026-05-04T21:59:25.624015+00:00,2026,2026-05-04,batter_hits,Batter Hits,batter_hits,,Jesús Sánchez,TOR,TBR,Nick Martinez,0.5,-209.0,59.46,67.64,-8.18,Medium,Negative edge / avoid,,0.8,-1.5,PropLine game moneyline/total context | Batter-vs-pitcher sample | Self-stored odds movement snapshots,batter_hits,Over,batter
2026-05-04T21:59:25.624015+00:00,2026,2026-05-04,batter_hits,Batter Hits,batter_hits,,Kyle Stowers,MIA,PHI,Aaron Nola,0.5,-264.0,64.28,72.53,-8.25,Medium,Negative edge / avoid,-0.13,0.8,-1.5,PropLine game moneyline/total context | Batter-vs-pitcher sample | Self-stored odds movement snapshots,batter_hits,Over,batter
2026-05-04T21:59:25.624015+00:00,2026,2026-05-04,batter_total_bases,Batter Total Bases,batter_total_bases,,Bo Bichette,NYM,COL,Tomoyuki Sugano,1.5,-135.0,49.18,57.45,-8.27,Medium,Negative edge / avoid,-0.8,1.8,-1.5,PropLine game moneyline/total context | Batter-vs-pitcher sample | Self-stored odds movement snapshots,batter_total_bases,Over,batter
2026-05-04T21:59:25.624015+00:00,2026,2026-05-04,batter_hits,Batter Hits,batter_hits,,Michael Busch,CHC,CIN,Chase Petty,0.5,-257.0,63.71,71.99,-8.28,Medium,Negative edge / avoid,-0.49,0.8,-1.5,PropLine game moneyline/total context | Batter-vs-pitcher sample | Self-stored odds movement snapshots,batter_hits,Over,batter
2026-05-04T21:59:25.624015+00:00,2026,2026-05-04,batter_hits,Batter Hits,batter_hits,,J.T. Realmuto,PHI,MIA,Janson Junk,0.5,-209.0,59.33,67.64,-8.31,Medium,Negative edge / avoid,-0.13,0.8,-1.5,PropLine game moneyline/total context | Batter-vs-pitcher sample | Self-stored odds movement snapshots,batter_hits,Over,batter
2026-05-04T21:59:25.624015+00:00,2026,2026-05-04,batter_total_bases,Batter Total Bases,batter_total_bases,,Ben Williamson,TBR,TOR,Eric Lauer,1.5,-193.0,57.55,65.87,-8.32,Medium-High,Negative edge / avoid,,,1.5,PropLine game moneyline/total context | Self-stored odds movement snapshots,batter_total_bases,Under,batter
2026-05-04T21:59:25.624015+00:00,2026,2026-05-04,batter_total_bases,Batter Total Bases,batter_total_bases,,Bo Bichette,NYM,COL,Tomoyuki Sugano,1.5,-136.0,49.25,57.63,-8.38,Medium,Negative edge / avoid,-0.8,1.8,-1.5,PropLine game moneyline/total context | Batter-vs-pitcher sample | Self-stored odds movement snapshots,batter_total_bases,,batter
2026-05-04T21:59:25.624015+00:00,2026,2026-05-04,batter_hits,Batter Hits,batter_hits,,Brandon Marsh,PHI,MIA,Janson Junk,0.5,-257.0,63.57,71.99,-8.42,Medium,Negative edge / avoid,-0.13,0.8,-1.5,PropLine game moneyline/total context | Batter-vs-pitcher sample | Self-stored odds movement snapshots,batter_hits,Over,batter
2026-05-04T21:59:25.624015+00:00,2026,2026-05-04,batter_total_bases,Batter Total Bases,batter_total_bases,,Marcus Semien,NYM,COL,Tomoyuki Sugano,1.5,-136.0,49.2,57.63,-8.43,Medium,Negative edge / avoid,-0.8,,0.25,PropLine game moneyline/total context | Batter-vs-pitcher sample | Self-stored odds movement snapshots,batter_total_bases,Under,batter
2026-05-04T21:59:25.624015+00:00,2026,2026-05-04,batter_hits,Batter Hits,batter_hits,,Travis Bazzana,CLE,KCR,Michael Wacha,0.5,-173.0,54.89,63.37,-8.48,Medium,Negative edge / avoid,0.54,-0.6,-1.5,PropLine game moneyline/total context | Batter-vs-pitcher sample | Self-stored odds movement snapshots,batter_hits,Over,batter
2026-05-04T21:59:25.624015+00:00,2026,2026-05-04,batter_total_bases,Batter Total Bases,batter_total_bases,,Carson Benge,NYM,COL,Tomoyuki Sugano,1.5,-147.0,51.01,59.51,-8.51,Medium,Negative edge / avoid,-0.8,,1.3,PropLine game moneyline/total context | Batter-vs-pitcher sample | Self-stored odds movement snapshots,batter_total_bases,,batter
2026-05-04T21:59:25.624015+00:00,2026,2026-05-04,batter_total_bases,Batter Total Bases,batter_total_bases,,Jesús Sánchez,TOR,TBR,Nick Martinez,1.5,-193.0,57.35,65.87,-8.52,Medium,Negative edge / avoid,,1.8,1.5,PropLine game moneyline/total context | Batter-vs-pitcher sample | Self-stored odds movement snapshots,batter_total_bases,Under,batter
2026-05-04T21:59:25.624015+00:00,2026,2026-05-04,pitcher_hits_allowed,Pitcher Hits Allowed,pitcher_hits_allowed,,Chase Petty,CIN,CHC,Chase Petty,4.5,-150.0,51.47,60.0,-8.53,Medium,Negative edge / avoid,-0.53,,-1.5,PropLine game moneyline/total context | Baseball Savant quality metrics | Self-stored odds movement snapshots,pitcher_hits_allowed,Over,pitcher
2026-05-04T21:59:25.624015+00:00,2026,2026-05-04,batter_hits,Batter Hits,batter_hits,,Bryce Harper,PHI,MIA,Janson Junk,1.5,-271.0,64.49,73.05,-8.56,Medium,Negative edge / avoid,-0.13,0.8,1.5,PropLine game moneyline/total context | Batter-vs-pitcher sample | Self-stored odds movement snapshots,batter_hits,,batter
2026-05-04T21:59:25.624015+00:00,2026,2026-05-04,batter_home_runs,Batter Home Runs,batter_home_runs,,MJ Melendez,NYM,COL,Tomoyuki Sugano,0.5,290.0,17.06,25.64,-8.58,Medium,Negative edge / avoid,-1.2,2.3,,PropLine game moneyline/total context | Batter-vs-pitcher sample | Self-stored odds movement snapshots,batter_home_runs,MJ Melendez,batter
2026-05-04T21:59:25.624015+00:00,2026,2026-05-04,pitcher_strikeouts,Pitcher Strikeouts,pitcher_strikeouts,,Chase Petty,CIN,CHC,Chase Petty,2.5,-166.0,53.8,62.41,-8.6,Medium,Negative edge / avoid,,,-0.66,PropLine game moneyline/total context | Baseball Savant quality metrics | Self-stored odds movement snapshots,pitcher_strikeouts,Over,pitcher
2026-05-04T21:59:25.624015+00:00,2026,2026-05-04,batter_hits,Batter Hits,batter_hits,,Sal Stewart,CIN,CHC,Edward Cabrera,1.5,-264.0,63.92,72.53,-8.61,Medium,Negative edge / avoid,-0.49,0.8,1.5,PropLine game moneyline/total context | Batter-vs-pitcher sample | Self-stored odds movement snapshots,batter_hits,Under,batter
2026-05-04T21:59:25.624015+00:00,2026,2026-05-04,batter_total_bases,Batter Total Bases,batter_total_bases,,Ernie Clement,TOR,TBR,Nick Martinez,1.5,-205.0,58.59,67.21,-8.63,Medium,Negative edge / avoid,,,1.5,PropLine game moneyline/total context | Batter-vs-pitcher sample | Self-stored odds movement snapshots,batter_total_bases,Under,batter
2026-05-04T21:59:25.624015+00:00,2026,2026-05-04,pitcher_earned_runs,Pitcher Earned Runs,pitcher_earned_runs,,Cam Schlittler,NYY,BAL,Cam Schlittler,1.5,-150.0,51.36,60.0,-8.64,Medium,Negative edge / avoid,-0.14,,-1.5,PropLine game moneyline/total context | Self-stored odds movement snapshots,pitcher_earned_runs,Over,pitcher
2026-05-04T21:59:25.624015+00:00,2026,2026-05-04,batter_hits,Batter Hits,batter_hits,,Bryce Harper,PHI,MIA,Janson Junk,1.5,-278.0,64.69,73.54,-8.86,Medium,Negative edge / avoid,-0.13,0.8,1.5,PropLine game moneyline/total context | Batter-vs-pitcher sample | Self-stored odds movement snapshots,batter_hits,Under,batter
2026-05-04T21:59:25.624015+00:00,2026,2026-05-04,batter_hits,Batter Hits,batter_hits,,Alex Bregman,CHC,CIN,Chase Petty,0.5,-271.0,64.13,73.05,-8.92,Medium,Negative edge / avoid,-0.49,0.8,-1.5,PropLine game moneyline/total context | Batter-vs-pitcher sample | Self-stored odds movement snapshots,batter_hits,Over,batter
2026-05-04T21:59:25.624015+00:00,2026,2026-05-04,batter_total_bases,Batter Total Bases,batter_total_bases,,Mark Vientos,NYM,COL,Tomoyuki Sugano,1.5,-143.0,49.91,58.85,-8.94,Medium,Negative edge / avoid,-0.8,1.2,-0.73,PropLine game moneyline/total context | Batter-vs-pitcher sample | Self-stored odds movement snapshots,batter_total_bases,Under,batter
2026-05-04T21:59:25.624015+00:00,2026,2026-05-04,batter_hits,Batter Hits,batter_hits,,Sal Frelick,MIL,STL,Kyle Leahy,0.5,-233.0,61.02,69.97,-8.95,Medium,Negative edge / avoid,0.43,,-1.5,PropLine game moneyline/total context | Batter-vs-pitcher sample | Self-stored odds movement snapshots,batter_hits,Over,batter
2026-05-04T21:59:25.624015+00:00,2026,2026-05-04,batter_total_bases,Batter Total Bases,batter_total_bases,,Carson Benge,NYM,COL,Tomoyuki Sugano,1.5,-152.0,51.33,60.32,-8.99,Medium,Negative edge / avoid,-0.8,,1.3,PropLine game moneyline/total context | Batter-vs-pitcher sample | Self-stored odds movement snapshots,batter_total_bases,Under,batter
2026-05-04T21:59:25.624015+00:00,2026,2026-05-04,batter_total_bases,Batter Total Bases,batter_total_bases,,T.J. Rumfield,COL,NYM,Huascar Brazobán,1.5,-188.0,56.21,65.28,-9.07,Medium-High,Negative edge / avoid,-0.8,1.2,,PropLine game moneyline/total context | Self-stored odds movement snapshots,batter_total_bases,Under,batter
2026-05-04T21:59:25.624015+00:00,2026,2026-05-04,batter_hits,Batter Hits,batter_hits,,Mark Vientos,NYM,COL,Tomoyuki Sugano,1.5,-253.0,62.54,71.67,-9.13,Medium,Negative edge / avoid,-0.53,0.8,1.5,PropLine game moneyline/total context | Batter-vs-pitcher sample | Self-stored odds movement snapshots,batter_hits,,batter
2026-05-04T21:59:25.624015+00:00,2026,2026-05-04,batter_hits,Batter Hits,batter_hits,,Adolis García,PHI,MIA,Janson Junk,0.5,-223.0,59.89,69.04,-9.15,Medium,Negative edge / avoid,-0.13,0.8,-1.5,PropLine game moneyline/total context | Batter-vs-pitcher sample | Self-stored odds movement snapshots,batter_hits,Over,batter
2026-05-04T21:59:25.624015+00:00,2026,2026-05-04,batter_total_bases,Batter Total Bases,batter_total_bases,,Pete Alonso,BAL,NYY,Cam Schlittler,1.5,-186.0,55.87,65.03,-9.16,Medium,Negative edge / avoid,-0.14,1.8,1.5,PropLine game moneyline/total context | Batter-vs-pitcher sample | Self-stored odds movement snapshots,batter_total_bases,Under,batter
2026-05-04T21:59:25.624015+00:00,2026,2026-05-04,batter_total_bases,Batter Total Bases,batter_total_bases,,Jordan Beck,COL,NYM,Huascar Brazobán,1.5,-151.0,50.96,60.16,-9.2,Medium-High,Negative edge / avoid,-0.8,,,PropLine game moneyline/total context | Self-stored odds movement snapshots,batter_total_bases,Under,batter
2026-05-04T21:59:25.624015+00:00,2026,2026-05-04,batter_hits,Batter Hits,batter_hits,,Bryson Stott,PHI,MIA,Janson Junk,0.5,-224.0,59.92,69.14,-9.21,Medium,Negative edge / avoid,-0.13,0.8,-1.5,PropLine game moneyline/total context | Batter-vs-pitcher sample | Self-stored odds movement snapshots,batter_hits,Over,batter
2026-05-04T21:59:25.624015+00:00,2026,2026-05-04,batter_hits,Batter Hits,batter_hits,,George Springer,TOR,TBR,Nick Martinez,1.5,-271.0,63.82,73.05,-9.23,Medium,Negative edge / avoid,,,1.5,PropLine game moneyline/total context | Batter-vs-pitcher sample | Self-stored odds movement snapshots,batter_hits,Under,batter
2026-05-04T21:59:25.624015+00:00,2026,2026-05-04,batter_hits,Batter Hits,batter_hits,,Marcus Semien,NYM,COL,Tomoyuki Sugano,1.5,-256.0,62.63,71.91,-9.28,Medium,Negative edge / avoid,-0.53,0.8,1.5,PropLine game moneyline/total context | Batter-vs-pitcher sample | Self-stored odds movement snapshots,batter_hits,Under,batter
2026-05-04T21:59:25.624015+00:00,2026,2026-05-04,batter_total_bases,Batter Total Bases,batter_total_bases,,Ryan Vilade,TBR,TOR,Eric Lauer,1.5,-179.0,54.86,64.16,-9.29,Medium-High,Negative edge / avoid,,,1.5,PropLine game moneyline/total context | Self-stored odds movement snapshots,batter_total_bases,Under,batter
2026-05-04T21:59:25.624015+00:00,2026,2026-05-04,batter_total_bases,Batter Total Bases,batter_total_bases,,Brenton Doyle,COL,NYM,Huascar Brazobán,1.5,-152.0,51.03,60.32,-9.29,Medium-High,Negative edge / avoid,-0.8,,,PropLine game moneyline/total context | Self-stored odds movement snapshots,batter_total_bases,Under,batter
2026-05-04T21:59:25.624015+00:00,2026,2026-05-04,batter_hits,Batter Hits,batter_hits,,Ryan Vilade,TBR,TOR,Eric Lauer,0.5,-228.0,60.2,69.51,-9.31,Medium-High,Negative edge / avoid,,0.8,-1.5,PropLine game moneyline/total context | Self-stored odds movement snapshots,batter_hits,Over,batter
2026-05-04T21:59:25.624015+00:00,2026,2026-05-04,batter_hits,Batter Hits,batter_hits,,Brett Baty,NYM,COL,Tomoyuki Sugano,1.5,-219.0,59.33,68.65,-9.32,Medium,Negative edge / avoid,-0.53,0.8,1.5,PropLine game moneyline/total context | Batter-vs-pitcher sample | Self-stored odds movement snapshots,batter_hits,Under,batter
2026-05-04T21:59:25.624015+00:00,2026,2026-05-04,batter_hits,Batter Hits,batter_hits,,Tyler Stephenson,CIN,CHC,Edward Cabrera,0.5,-189.0,56.07,65.4,-9.33,Medium,Negative edge / avoid,-0.49,0.8,-1.5,PropLine game moneyline/total context | Batter-vs-pitcher sample | Self-stored odds movement snapshots,batter_hits,Over,batter
2026-05-04T21:59:25.624015+00:00,2026,2026-05-04,batter_hits,Batter Hits,batter_hits,,Brett Baty,NYM,COL,Tomoyuki Sugano,1.5,-220.0,59.37,68.75,-9.38,Medium,Negative edge / avoid,-0.53,0.8,1.5,PropLine game moneyline/total context | Batter-vs-pitcher sample | Self-stored odds movement snapshots,batter_hits,,batter
2026-05-04T21:59:25.624015+00:00,2026,2026-05-04,batter_hits,Batter Hits,batter_hits,,Elly De La Cruz,CIN,CHC,Edward Cabrera,0.5,-271.0,63.63,73.05,-9.42,Medium,Negative edge / avoid,-0.49,0.8,-1.5,PropLine game moneyline/total context | Batter-vs-pitcher sample | Self-stored odds movement snapshots,batter_hits,Over,batter
2026-05-04T21:59:25.624015+00:00,2026,2026-05-04,batter_hits,Batter Hits,batter_hits,,J.T. Realmuto,PHI,MIA,Janson Junk,0.5,-228.0,60.07,69.51,-9.44,Medium,Negative edge / avoid,-0.13,0.8,-1.5,PropLine game moneyline/total context | Batter-vs-pitcher sample | Self-stored odds movement snapshots,batter_hits,Over,batter
2026-05-04T21:59:25.624015+00:00,2026,2026-05-04,pitcher_hits_allowed,Pitcher Hits Allowed,pitcher_hits_allowed,,Payton Tolle,BOS,DET,Payton Tolle,4.5,-170.0,53.39,62.96,-9.58,Medium,Negative edge / avoid,0.5,-0.8,1.5,PropLine game moneyline/total context | Self-stored odds movement snapshots,pitcher_hits_allowed,Under,pitcher
2026-05-04T21:59:25.624015+00:00,2026,2026-05-04,batter_hits,Batter Hits,batter_hits,,Mark Vientos,NYM,COL,Tomoyuki Sugano,0.5,-264.0,62.88,72.53,-9.65,Medium,Negative edge / avoid,-0.53,0.8,1.5,PropLine game moneyline/total context | Batter-vs-pitcher sample | Self-stored odds movement snapshots,batter_hits,Over,batter
2026-05-04T21:59:25.624015+00:00,2026,2026-05-04,batter_home_runs,Batter Home Runs,batter_home_runs,,MJ Melendez,NYM,COL,Tomoyuki Sugano,0.5,263.0,17.82,27.55,-9.73,Medium,Negative edge / avoid,-1.2,2.3,,PropLine game moneyline/total context | Batter-vs-pitcher sample | Self-stored odds movement snapshots,batter_home_runs,1+ Home Runs,batter
2026-05-04T21:59:25.624015+00:00,2026,2026-05-04,batter_total_bases,Batter Total Bases,batter_total_bases,,Luis Rengifo,MIL,STL,Kyle Leahy,1.5,-213.0,58.31,68.05,-9.74,Medium,Negative edge / avoid,0.89,,1.5,PropLine game moneyline/total context | Batter-vs-pitcher sample | Self-stored odds movement snapshots,batter_total_bases,Under,batter
2026-05-04T21:59:25.624015+00:00,2026,2026-05-04,batter_total_bases,Batter Total Bases,batter_total_bases,,Bryson Stott,PHI,MIA,Janson Junk,1.5,-191.0,55.87,65.64,-9.76,Medium,Negative edge / avoid,-0.18,0.6,1.5,PropLine game moneyline/total context | Batter-vs-pitcher sample | Self-stored odds movement snapshots,batter_total_bases,Under,batter
2026-05-04T21:59:25.624015+00:00,2026,2026-05-04,pitcher_earned_runs,Pitcher Earned Runs,pitcher_earned_runs,,Payton Tolle,BOS,DET,Payton Tolle,2.5,-173.0,53.61,63.37,-9.76,Medium,Negative edge / avoid,0.56,-0.8,1.5,PropLine game moneyline/total context | Self-stored odds movement snapshots,pitcher_earned_runs,Under,pitcher
2026-05-04T21:59:25.624015+00:00,2026,2026-05-04,pitcher_strikeouts,Pitcher Strikeouts,pitcher_strikeouts,,Chad Patrick,MIL,STL,Chad Patrick,4.5,-157.0,51.31,61.09,-9.78,Medium,Negative edge / avoid,-0.33,-0.8,1.5,PropLine game moneyline/total context | Self-stored odds movement snapshots,pitcher_strikeouts,Under,pitcher
2026-05-04T21:59:25.624015+00:00,2026,2026-05-04,batter_total_bases,Batter Total Bases,batter_total_bases,,TJ Friedl,CIN,CHC,Edward Cabrera,1.5,-176.0,53.9,63.77,-9.87,Medium,Negative edge / avoid,-0.81,,1.5,PropLine game moneyline/total context | Batter-vs-pitcher sample | Self-stored odds movement snapshots,batter_total_bases,Under,batter
2026-05-04T21:59:25.624015+00:00,2026,2026-05-04,pitcher_strikeouts,Pitcher Strikeouts,pitcher_strikeouts,,Chad Patrick,MIL,STL,Chad Patrick,3.5,-158.0,51.37,61.24,-9.87,Medium,Negative edge / avoid,-0.33,-0.8,1.5,PropLine game moneyline/total context | Self-stored odds movement snapshots,pitcher_strikeouts,Over,pitcher
2026-05-04T21:59:25.624015+00:00,2026,2026-05-04,batter_hits,Batter Hits,batter_hits,,Jordan Beck,COL,NYM,Huascar Brazobán,0.5,-259.0,62.23,72.14,-9.92,Medium-High,Negative edge / avoid,-0.53,0.8,,PropLine game moneyline/total context | Self-stored odds movement snapshots,batter_hits,Over,batter
2026-05-04T21:59:25.624015+00:00,2026,2026-05-04,batter_hits,Batter Hits,batter_hits,,MJ Melendez,NYM,COL,Tomoyuki Sugano,0.5,-213.0,58.09,68.05,-9.96,Medium,Negative edge / avoid,-0.53,0.8,-1.5,PropLine game moneyline/total context | Batter-vs-pitcher sample | Self-stored odds movement snapshots,batter_hits,,batter
2026-05-04T21:59:25.624015+00:00,2026,2026-05-04,batter_hits,Batter Hits,batter_hits,,Nathaniel Lowe,CIN,CHC,Edward Cabrera,0.5,-233.0,59.9,69.97,-10.07,Medium,Negative edge / avoid,-0.49,0.8,-1.5,PropLine game moneyline/total context | Batter-vs-pitcher sample | Self-stored odds movement snapshots,batter_hits,Over,batter
2026-05-04T21:59:25.624015+00:00,2026,2026-05-04,batter_total_bases,Batter Total Bases,batter_total_bases,,Sal Frelick,MIL,STL,Kyle Leahy,1.5,-223.0,58.71,69.04,-10.33,Medium,Negative edge / avoid,0.89,,1.5,PropLine game moneyline/total context | Batter-vs-pitcher sample | Self-stored odds movement snapshots,batter_total_bases,Under,batter
2026-05-04T21:59:25.624015+00:00,2026,2026-05-04,batter_hits,Batter Hits,batter_hits,,Brenton Doyle,COL,NYM,Huascar Brazobán,0.5,-272.0,62.62,73.12,-10.5,Medium-High,Negative edge / avoid,-0.53,0.8,,PropLine game moneyline/total context | Self-stored odds movement snapshots,batter_hits,Over,batter
2026-05-04T21:59:25.624015+00:00,2026,2026-05-04,batter_hits,Batter Hits,batter_hits,,José Ramírez,CLE,KCR,Michael Wacha,0.5,-264.0,61.95,72.53,-10.58,Medium,Negative edge / avoid,0.54,0.8,-1.5,PropLine game moneyline/total context | Batter-vs-pitcher sample | Self-stored odds movement snapshots,batter_hits,Over,batter
2026-05-04T21:59:25.624015+00:00,2026,2026-05-04,batter_total_bases,Batter Total Bases,batter_total_bases,,J.T. Realmuto,PHI,MIA,Janson Junk,1.5,-188.0,54.6,65.28,-10.68,Medium,Negative edge / avoid,-0.18,,0.97,PropLine game moneyline/total context | Batter-vs-pitcher sample | Self-stored odds movement snapshots,batter_total_bases,Under,batter
2026-05-04T21:59:25.624015+00:00,2026,2026-05-04,batter_hits,Batter Hits,batter_hits,,TJ Friedl,CIN,CHC,Edward Cabrera,0.5,-233.0,59.1,69.97,-10.87,Medium,Negative edge / avoid,-0.49,,-1.5,PropLine game moneyline/total context | Batter-vs-pitcher sample | Self-stored odds movement snapshots,batter_hits,Over,batter
2026-05-04T21:59:25.624015+00:00,2026,2026-05-04,batter_hits,Batter Hits,batter_hits,,Kazuma Okamoto,TOR,TBR,Nick Martinez,0.5,-264.0,61.41,72.53,-11.12,Medium,Negative edge / avoid,,0.8,-1.5,PropLine game moneyline/total context | Batter-vs-pitcher sample | Self-stored odds movement snapshots,batter_hits,Over,batter
2026-05-04T21:59:25.624015+00:00,2026,2026-05-04,batter_hits,Batter Hits,batter_hits,,Alec Bohm,PHI,MIA,Janson Junk,0.5,-210.0,56.57,67.74,-11.18,Medium,Negative edge / avoid,-0.13,,-1.5,PropLine game moneyline/total context | Batter-vs-pitcher sample | Self-stored odds movement snapshots,batter_hits,Over,batter
2026-05-04T21:59:25.624015+00:00,2026,2026-05-04,batter_hits,Batter Hits,batter_hits,,MJ Melendez,NYM,COL,Tomoyuki Sugano,0.5,-235.0,58.93,70.15,-11.22,Medium,Negative edge / avoid,-0.53,0.8,-1.5,PropLine game moneyline/total context | Batter-vs-pitcher sample | Self-stored odds movement snapshots,batter_hits,Over,batter
2026-05-04T21:59:25.624015+00:00,2026,2026-05-04,batter_total_bases,Batter Total Bases,batter_total_bases,,Alec Bohm,PHI,MIA,Janson Junk,1.5,-176.0,52.53,63.77,-11.24,Medium,Negative edge / avoid,-0.18,,1.5,PropLine game moneyline/total context | Batter-vs-pitcher sample | Self-stored odds movement snapshots,batter_total_bases,Under,batter
2026-05-04T21:59:25.624015+00:00,2026,2026-05-04,batter_hits,Batter Hits,batter_hits,,Luis Rengifo,MIL,STL,Kyle Leahy,0.5,-244.0,59.4,70.93,-11.53,Medium,Negative edge / avoid,0.43,,-1.5,PropLine game moneyline/total context | Batter-vs-pitcher sample | Self-stored odds movement snapshots,batter_hits,Over,batter
2026-05-04T21:59:25.624015+00:00,2026,2026-05-04,batter_total_bases,Batter Total Bases,batter_total_bases,,J.T. Realmuto,PHI,MIA,Janson Junk,1.5,-205.0,55.37,67.21,-11.84,Medium,Negative edge / avoid,-0.18,,0.97,PropLine game moneyline/total context | Batter-vs-pitcher sample | Self-stored odds movement snapshots,batter_total_bases,Under,batter
2026-05-04T21:59:25.624015+00:00,2026,2026-05-04,batter_home_runs,Batter Home Runs,batter_home_runs,,Juan Soto,NYM,COL,Tomoyuki Sugano,0.5,220.0,19.3,31.25,-11.95,Medium,Negative edge / avoid,-1.2,2.3,,PropLine game moneyline/total context | Batter-vs-pitcher sample | Self-stored odds movement snapshots,batter_home_runs,Juan Soto,batter
2026-05-04T21:59:25.624015+00:00,2026,2026-05-04,batter_home_runs,Batter Home Runs,batter_home_runs,,Juan Soto,NYM,COL,Tomoyuki Sugano,0.5,219.0,19.34,31.35,-12.01,Medium,Negative edge / avoid,-1.2,2.3,,PropLine game moneyline/total context | Batter-vs-pitcher sample | Self-stored odds movement snapshots,batter_home_runs,1+ Home Runs,batter
2026-05-04T21:59:25.624015+00:00,2026,2026-05-04,batter_total_bases,Batter Total Bases,batter_total_bases,,Tyrone Taylor,NYM,COL,Tomoyuki Sugano,1.5,-170.0,50.59,62.96,-12.38,Medium,Negative edge / avoid,-0.8,,1.5,PropLine game moneyline/total context | Batter-vs-pitcher sample | Self-stored odds movement snapshots,batter_total_bases,Under,batter
2026-05-04T21:59:25.624015+00:00,2026,2026-05-04,batter_hits,Batter Hits,batter_hits,,Tyrone Taylor,NYM,COL,Tomoyuki Sugano,0.5,-224.0,56.52,69.14,-12.61,Medium,Negative edge / avoid,-0.53,0.8,-1.5,PropLine game moneyline/total context | Batter-vs-pitcher sample | Self-stored odds movement snapshots,batter_hits,Over,batter
2026-05-04T21:59:25.624015+00:00,2026,2026-05-04,batter_total_bases,Batter Total Bases,batter_total_bases,,Tyrone Taylor,NYM,COL,Tomoyuki Sugano,1.5,-176.0,50.91,63.77,-12.86,Medium,Negative edge / avoid,-0.8,,1.5,PropLine game moneyline/total context | Batter-vs-pitcher sample | Self-stored odds movement snapshots,batter_total_bases,,batter
2026-05-04T21:59:25.624015+00:00,2026,2026-05-04,batter_hits,Batter Hits,batter_hits,,Alec Bohm,PHI,MIA,Janson Junk,0.5,-271.0,58.69,73.05,-14.36,Medium,Negative edge / avoid,-0.13,,-1.5,PropLine game moneyline/total context | Batter-vs-pitcher sample | Self-stored odds movement snapshots,batter_hits,Over,batter
2026-05-04T21:59:25.624015+00:00,2026,2026-05-04,batter_hits,Batter Hits,batter_hits,,Carson Benge,NYM,COL,Tomoyuki Sugano,0.5,-260.0,57.76,72.22,-14.46,Medium,Negative edge / avoid,-0.53,0.8,-1.5,PropLine game moneyline/total context | Batter-vs-pitcher sample | Self-stored odds movement snapshots,batter_hits,Over,batter
2026-05-04T21:59:25.624015+00:00,2026,2026-05-04,batter_home_runs,Batter Home Runs,batter_home_runs,,Hunter Goodman,COL,NYM,Huascar Brazobán,0.5,100.0,31.3,50.0,-18.7,Medium-High,Negative edge / avoid,-1.2,2.3,,PropLine game moneyline/total context | Self-stored odds movement snapshots,batter_home_runs,Over,batter
2026-05-04T21:59:25.624015+00:00,2026,2026-05-04,batter_home_runs,Batter Home Runs,batter_home_runs,,Liam Hicks,MIA,PHI,Aaron Nola,0.5,100.0,30.87,50.0,-19.13,Medium,Negative edge / avoid,-0.33,,,PropLine game moneyline/total context | Batter-vs-pitcher sample | Self-stored odds movement snapshots,batter_home_runs,Over,batter
2026-05-04T21:59:25.624015+00:00,2026,2026-05-04,batter_home_runs,Batter Home Runs,batter_home_runs,,Kyle Schwarber,PHI,MIA,Janson Junk,0.5,100.0,30.17,50.0,-19.83,Medium,Negative edge / avoid,-0.33,2.3,,PropLine game moneyline/total context | Batter-vs-pitcher sample | Self-stored odds movement snapshots,batter_home_runs,Over,batter
2026-05-04T21:59:25.624015+00:00,2026,2026-05-04,batter_home_runs,Batter Home Runs,batter_home_runs,,Connor Norby,MIA,PHI,Aaron Nola,0.5,100.0,29.37,50.0,-20.63,Medium,Negative edge / avoid,-0.33,,,PropLine game moneyline/total context | Batter-vs-pitcher sample | Self-stored odds movement snapshots,batter_home_runs,Over,batter
2026-05-04T21:59:25.624015+00:00,2026,2026-05-04,batter_home_runs,Batter Home Runs,batter_home_runs,,Otto Lopez,MIA,PHI,Aaron Nola,0.5,100.0,29.37,50.0,-20.63,Medium,Negative edge / avoid,-0.33,,,PropLine game moneyline/total context | Batter-vs-pitcher sample | Self-stored odds movement snapshots,batter_home_runs,Over,batter
2026-05-04T21:59:25.624015+00:00,2026,2026-05-04,batter_home_runs,Batter Home Runs,batter_home_runs,,Joe Mack,MIA,PHI,Aaron Nola,0.5,100.0,29.37,50.0,-20.63,Medium,Negative edge / avoid,-0.33,,,PropLine game moneyline/total context | Batter-vs-pitcher sample | Self-stored odds movement snapshots,batter_home_runs,Over,batter
2026-05-04T21:59:25.624015+00:00,2026,2026-05-04,batter_home_runs,Batter Home Runs,batter_home_runs,,Owen Caissie,MIA,PHI,Aaron Nola,0.5,100.0,29.37,50.0,-20.63,Medium,Negative edge / avoid,-0.33,,,PropLine game moneyline/total context | Batter-vs-pitcher sample | Self-stored odds movement snapshots,batter_home_runs,Over,batter
2026-05-04T21:59:25.624015+00:00,2026,2026-05-04,batter_home_runs,Batter Home Runs,batter_home_runs,,Kyle Stowers,MIA,PHI,Aaron Nola,0.5,100.0,28.17,50.0,-21.83,Medium,Negative edge / avoid,-0.33,-0.2,,PropLine game moneyline/total context | Batter-vs-pitcher sample | Self-stored odds movement snapshots,batter_home_runs,Over,batter
2026-05-04T21:59:25.624015+00:00,2026,2026-05-04,batter_home_runs,Batter Home Runs,batter_home_runs,,Bryce Harper,PHI,MIA,Janson Junk,0.5,100.0,27.87,50.0,-22.13,Medium,Negative edge / avoid,-0.33,1.5,,PropLine game moneyline/total context | Batter-vs-pitcher sample | Self-stored odds movement snapshots,batter_home_runs,Over,batter
2026-05-04T21:59:25.624015+00:00,2026,2026-05-04,batter_home_runs,Batter Home Runs,batter_home_runs,,TJ Rumfield,COL,NYM,Huascar Brazobán,0.5,100.0,27.5,50.0,-22.5,Medium-High,Negative edge / avoid,-1.2,,,PropLine game moneyline/total context | Self-stored odds movement snapshots,batter_home_runs,Over,batter
2026-05-04T21:59:25.624015+00:00,2026,2026-05-04,batter_home_runs,Batter Home Runs,batter_home_runs,,Jakob Marsee,MIA,PHI,Aaron Nola,0.5,100.0,27.37,50.0,-22.63,Medium,Negative edge / avoid,-0.33,-1.0,,PropLine game moneyline/total context | Batter-vs-pitcher sample | Self-stored odds movement snapshots,batter_home_runs,Over,batter
2026-05-04T21:59:25.624015+00:00,2026,2026-05-04,batter_home_runs,Batter Home Runs,batter_home_runs,,Brandon Marsh,PHI,MIA,Janson Junk,0.5,100.0,27.17,50.0,-22.83,Medium,Negative edge / avoid,-0.33,0.8,,PropLine game moneyline/total context | Batter-vs-pitcher sample | Self-stored odds movement snapshots,batter_home_runs,Over,batter
2026-05-04T21:59:25.624015+00:00,2026,2026-05-04,batter_home_runs,Batter Home Runs,batter_home_runs,,Adolis García,PHI,MIA,Janson Junk,0.5,100.0,27.17,50.0,-22.83,Medium,Negative edge / avoid,-0.33,0.8,,PropLine game moneyline/total context | Batter-vs-pitcher sample | Self-stored odds movement snapshots,batter_home_runs,Over,batter
2026-05-04T21:59:25.624015+00:00,2026,2026-05-04,batter_home_runs,Batter Home Runs,batter_home_runs,,Juan Soto,NYM,COL,Tomoyuki Sugano,0.5,100.0,26.8,50.0,-23.2,Medium,Negative edge / avoid,-1.2,2.3,,PropLine game moneyline/total context | Batter-vs-pitcher sample | Self-stored odds movement snapshots,batter_home_runs,Over,batter
2026-05-04T21:59:25.624015+00:00,2026,2026-05-04,batter_home_runs,Batter Home Runs,batter_home_runs,,MJ Melendez,NYM,COL,Tomoyuki Sugano,0.5,100.0,26.8,50.0,-23.2,Medium,Negative edge / avoid,-1.2,2.3,,PropLine game moneyline/total context | Batter-vs-pitcher sample | Self-stored odds movement snapshots,batter_home_runs,Over,batter
2026-05-04T21:59:25.624015+00:00,2026,2026-05-04,batter_home_runs,Batter Home Runs,batter_home_runs,,Graham Pauley,MIA,PHI,Aaron Nola,0.5,100.0,26.77,50.0,-23.23,Medium,Negative edge / avoid,-0.33,-1.6,,PropLine game moneyline/total context | Batter-vs-pitcher sample | Self-stored odds movement snapshots,batter_home_runs,Over,batter
2026-05-04T21:59:25.624015+00:00,2026,2026-05-04,batter_home_runs,Batter Home Runs,batter_home_runs,,Ezequiel Tovar,COL,NYM,Huascar Brazobán,0.5,100.0,26.5,50.0,-23.5,Medium-High,Negative edge / avoid,-1.2,,,PropLine game moneyline/total context | Self-stored odds movement snapshots,batter_home_runs,Over,batter
2026-05-04T21:59:25.624015+00:00,2026,2026-05-04,batter_home_runs,Batter Home Runs,batter_home_runs,,Willi Castro,COL,NYM,Huascar Brazobán,0.5,100.0,26.5,50.0,-23.5,Medium-High,Negative edge / avoid,-1.2,,,PropLine game moneyline/total context | Self-stored odds movement snapshots,batter_home_runs,Over,batter
2026-05-04T21:59:25.624015+00:00,2026,2026-05-04,batter_home_runs,Batter Home Runs,batter_home_runs,,Troy Johnston,COL,NYM,Huascar Brazobán,0.5,100.0,26.5,50.0,-23.5,Medium-High,Negative edge / avoid,-1.2,-1.0,,PropLine game moneyline/total context | Self-stored odds movement snapshots,batter_home_runs,Over,batter
2026-05-04T21:59:25.624015+00:00,2026,2026-05-04,batter_home_runs,Batter Home Runs,batter_home_runs,,Francisco Alvarez,NYM,COL,Tomoyuki Sugano,0.5,100.0,26.0,50.0,-24.0,Medium,Negative edge / avoid,-1.2,1.5,,PropLine game moneyline/total context | Batter-vs-pitcher sample | Self-stored odds movement snapshots,batter_home_runs,Over,batter
2026-05-04T21:59:25.624015+00:00,2026,2026-05-04,batter_home_runs,Batter Home Runs,batter_home_runs,,Jordan Beck,COL,NYM,Huascar Brazobán,0.5,100.0,25.9,50.0,-24.1,Medium-High,Negative edge / avoid,-1.2,-1.6,,PropLine game moneyline/total context | Self-stored odds movement snapshots,batter_home_runs,Over,batter
2026-05-04T21:59:25.624015+00:00,2026,2026-05-04,batter_home_runs,Batter Home Runs,batter_home_runs,,Brenton Doyle,COL,NYM,Huascar Brazobán,0.5,100.0,25.5,50.0,-24.5,Medium-High,Negative edge / avoid,-1.2,-1.0,,PropLine game moneyline/total context | Self-stored odds movement snapshots,batter_home_runs,Over,batter
2026-05-04T21:59:25.624015+00:00,2026,2026-05-04,batter_home_runs,Batter Home Runs,batter_home_runs,,Bryson Stott,PHI,MIA,Janson Junk,0.5,100.0,25.37,50.0,-24.63,Medium,Negative edge / avoid,-0.33,-1.0,,PropLine game moneyline/total context | Batter-vs-pitcher sample | Self-stored odds movement snapshots,batter_home_runs,Over,batter
2026-05-04T21:59:25.624015+00:00,2026,2026-05-04,batter_home_runs,Batter Home Runs,batter_home_runs,,J.T. Realmuto,PHI,MIA,Janson Junk,0.5,100.0,25.37,50.0,-24.63,Medium,Negative edge / avoid,-0.33,-1.0,,PropLine game moneyline/total context | Batter-vs-pitcher sample | Self-stored odds movement snapshots,batter_home_runs,Over,batter
2026-05-04T21:59:25.624015+00:00,2026,2026-05-04,batter_home_runs,Batter Home Runs,batter_home_runs,,Trea Turner,PHI,MIA,Janson Junk,0.5,100.0,25.37,50.0,-24.63,Medium,Negative edge / avoid,-0.33,-1.0,,PropLine game moneyline/total context | Batter-vs-pitcher sample | Self-stored odds movement snapshots,batter_home_runs,Over,batter
2026-05-04T21:59:25.624015+00:00,2026,2026-05-04,batter_home_runs,Batter Home Runs,batter_home_runs,,Alec Bohm,PHI,MIA,Janson Junk,0.5,100.0,24.37,50.0,-25.63,Medium,Negative edge / avoid,-0.33,-1.0,,PropLine game moneyline/total context | Batter-vs-pitcher sample | Self-stored odds movement snapshots,batter_home_runs,Over,batter
2026-05-04T21:59:25.624015+00:00,2026,2026-05-04,batter_home_runs,Batter Home Runs,batter_home_runs,,Bo Bichette,NYM,COL,Tomoyuki Sugano,0.5,100.0,24.3,50.0,-25.7,Medium,Negative edge / avoid,-1.2,-0.2,,PropLine game moneyline/total context | Batter-vs-pitcher sample | Self-stored odds movement snapshots,batter_home_runs,Over,batter
2026-05-04T21:59:25.624015+00:00,2026,2026-05-04,batter_home_runs,Batter Home Runs,batter_home_runs,,Brett Baty,NYM,COL,Tomoyuki Sugano,0.5,100.0,23.5,50.0,-26.5,Medium,Negative edge / avoid,-1.2,,,PropLine game moneyline/total context | Batter-vs-pitcher sample | Self-stored odds movement snapshots,batter_home_runs,Over,batter
2026-05-04T21:59:25.624015+00:00,2026,2026-05-04,batter_home_runs,Batter Home Runs,batter_home_runs,,Carson Benge,NYM,COL,Tomoyuki Sugano,0.5,100.0,23.5,50.0,-26.5,Medium,Negative edge / avoid,-1.2,-1.0,,PropLine game moneyline/total context | Batter-vs-pitcher sample | Self-stored odds movement snapshots,batter_home_runs,Over,batter
2026-05-04T21:59:25.624015+00:00,2026,2026-05-04,batter_home_runs,Batter Home Runs,batter_home_runs,,Mark Vientos,NYM,COL,Tomoyuki Sugano,0.5,100.0,23.5,50.0,-26.5,Medium,Negative edge / avoid,-1.2,-1.0,,PropLine game moneyline/total context | Batter-vs-pitcher sample | Self-stored odds movement snapshots,batter_home_runs,Over,batter
2026-05-04T21:59:25.624015+00:00,2026,2026-05-04,batter_home_runs,Batter Home Runs,batter_home_runs,,Marcus Semien,NYM,COL,Tomoyuki Sugano,0.5,100.0,22.9,50.0,-27.1,Medium,Negative edge / avoid,-1.2,-0.6,,PropLine game moneyline/total context | Batter-vs-pitcher sample | Self-stored odds movement snapshots,batter_home_runs,Over,batter
2026-05-04T21:59:25.624015+00:00,2026,2026-05-04,batter_home_runs,Batter Home Runs,batter_home_runs,,Tyrone Taylor,NYM,COL,Tomoyuki Sugano,0.5,100.0,22.9,50.0,-27.1,Medium,Negative edge / avoid,-1.2,-1.6,,PropLine game moneyline/total context | Batter-vs-pitcher sample | Self-stored odds movement snapshots,batter_home_runs,Over,batter
2026-05-05T05:21:18.742346+00:00,2026,2026-05-04,batter_hits,Batter Hits,batter_hits,,Junior Caminero,TBR,TOR,Eric Lauer,1.5,199.0,49.98,33.44,16.53,Low,Positive edge,,,1.5,PropLine game moneyline/total context | Open-Meteo weather context | Baseball Savant quality metrics | Batter-vs-pitcher sample | Self-stored odds movement snapshots | Open-Meteo game weather features,batter_hits,,batter
2026-05-05T05:21:18.742346+00:00,2026,2026-05-04,batter_hits,Batter Hits,batter_hits,,Yandy Díaz,TBR,TOR,Eric Lauer,1.5,163.0,54.31,38.02,16.29,Low,Positive edge,,,1.5,PropLine game moneyline/total context | Open-Meteo weather context | Baseball Savant quality metrics | Batter-vs-pitcher sample | Self-stored odds movement snapshots | Open-Meteo game weather features,batter_hits,,batter
2026-05-05T05:21:18.742346+00:00,2026,2026-05-04,batter_hits,Batter Hits,batter_hits,,Chandler Simpson,TBR,TOR,Eric Lauer,1.5,156.0,54.73,39.06,15.66,Low,Positive edge,,,1.5,PropLine game moneyline/total context | Open-Meteo weather context | Baseball Savant quality metrics | Batter-vs-pitcher sample | Self-stored odds movement snapshots | Open-Meteo game weather features,batter_hits,,batter
2026-05-05T05:21:18.742346+00:00,2026,2026-05-04,batter_hits,Batter Hits,batter_hits,,George Springer,TOR,TBR,Nick Martinez,1.5,193.0,48.25,34.13,14.12,Low,Positive edge,,,1.5,PropLine game moneyline/total context | Open-Meteo weather context | Baseball Savant quality metrics | Batter-vs-pitcher sample | Self-stored odds movement snapshots | Open-Meteo game weather features,batter_hits,,batter
2026-05-05T05:21:18.742346+00:00,2026,2026-05-04,batter_hits,Batter Hits,batter_hits,,Vladimir Guerrero Jr.,TOR,TBR,Nick Martinez,1.5,158.0,52.6,38.76,13.84,Low,Positive edge,,,1.5,PropLine game moneyline/total context | Open-Meteo weather context | Baseball Savant quality metrics | Batter-vs-pitcher sample | Self-stored odds movement snapshots | Open-Meteo game weather features,batter_hits,,batter
2026-05-05T05:21:18.742346+00:00,2026,2026-05-04,batter_hits,Batter Hits,batter_hits,,Juan Soto,NYM,COL,Tomoyuki Sugano,1.5,167.0,51.08,37.45,13.63,Low,Positive edge,,,1.5,PropLine game moneyline/total context | Open-Meteo weather context | Baseball Savant quality metrics | Batter-vs-pitcher sample | Self-stored odds movement snapshots | Open-Meteo game weather features,batter_hits,,batter
2026-05-05T05:21:18.742346+00:00,2026,2026-05-04,batter_hits,Batter Hits,batter_hits,,Marcus Semien,NYM,COL,Tomoyuki Sugano,1.5,188.0,47.49,34.72,12.77,Low,Positive edge,,,1.5,PropLine game moneyline/total context | Open-Meteo weather context | Baseball Savant quality metrics | Batter-vs-pitcher sample | Self-stored odds movement snapshots | Open-Meteo game weather features,batter_hits,,batter
2026-05-05T05:21:18.742346+00:00,2026,2026-05-04,batter_hits,Batter Hits,batter_hits,,Mark Vientos,NYM,COL,Tomoyuki Sugano,1.5,186.0,47.59,34.97,12.62,Low,Positive edge,,,1.5,PropLine game moneyline/total context | Open-Meteo weather context | Baseball Savant quality metrics | Batter-vs-pitcher sample | Self-stored odds movement snapshots | Open-Meteo game weather features,batter_hits,,batter
2026-05-05T05:21:18.742346+00:00,2026,2026-05-04,batter_hits,Batter Hits,batter_hits,,Ernie Clement,TOR,TBR,Nick Martinez,0.5,176.0,48.59,36.23,12.36,Low,Positive edge,,,-1.5,PropLine game moneyline/total context | Open-Meteo weather context | Baseball Savant quality metrics | Batter-vs-pitcher sample | Self-stored odds movement snapshots | Open-Meteo game weather features,batter_hits,,batter
2026-05-05T05:21:18.742346+00:00,2026,2026-05-04,batter_hits,Batter Hits,batter_hits,,Francisco Alvarez,NYM,COL,Tomoyuki Sugano,1.5,168.0,48.53,37.31,11.21,Low,Positive edge,,,1.5,PropLine game moneyline/total context | Open-Meteo weather context | Baseball Savant quality metrics | Batter-vs-pitcher sample | Self-stored odds movement snapshots | Open-Meteo game weather features,batter_hits,,batter
2026-05-05T05:21:18.742346+00:00,2026,2026-05-04,batter_hits,Batter Hits,batter_hits,,Ben Williamson,TBR,TOR,Eric Lauer,0.5,167.0,48.58,37.45,11.13,Low,Positive edge,,,-1.5,PropLine game moneyline/total context | Open-Meteo weather context | Baseball Savant quality metrics | Batter-vs-pitcher sample | Self-stored odds movement snapshots | Open-Meteo game weather features,batter_hits,,batter
2026-05-05T05:21:18.742346+00:00,2026,2026-05-04,batter_hits,Batter Hits,batter_hits,,Brett Baty,NYM,COL,Tomoyuki Sugano,1.5,163.0,46.81,38.02,8.79,Low,Positive edge,,,1.5,PropLine game moneyline/total context | Open-Meteo weather context | Baseball Savant quality metrics | Batter-vs-pitcher sample | Self-stored odds movement snapshots | Open-Meteo game weather features,batter_hits,,batter
2026-05-05T05:21:18.742346+00:00,2026,2026-05-04,batter_hits,Batter Hits,batter_hits,,Carson Benge,NYM,COL,Tomoyuki Sugano,0.5,191.0,42.35,34.36,7.98,Low,Positive edge,,,-1.5,PropLine game moneyline/total context | Open-Meteo weather context | Baseball Savant quality metrics | Batter-vs-pitcher sample | Self-stored odds movement snapshots | Open-Meteo game weather features,batter_hits,,batter
2026-05-05T05:21:18.742346+00:00,2026,2026-05-04,batter_hits,Batter Hits,batter_hits,,Jesús Sánchez,TOR,TBR,Nick Martinez,0.5,153.0,47.41,39.53,7.88,Low,Positive edge,,,-1.5,PropLine game moneyline/total context | Open-Meteo weather context | Baseball Savant quality metrics | Batter-vs-pitcher sample | Self-stored odds movement snapshots | Open-Meteo game weather features,batter_hits,,batter
2026-05-05T05:21:18.742346+00:00,2026,2026-05-04,batter_hits,Batter Hits,batter_hits,,Troy Johnston,COL,NYM,Huascar Brazobán,0.5,100.0,57.6,50.0,7.6,Low,Positive edge,,,,PropLine game moneyline/total context | Open-Meteo weather context | Baseball Savant quality metrics | Batter-vs-pitcher sample | Self-stored odds movement snapshots | Open-Meteo game weather features,batter_hits,,batter
2026-05-05T05:21:18.742346+00:00,2026,2026-05-04,batter_hits,Batter Hits,batter_hits,,MJ Melendez,NYM,COL,Tomoyuki Sugano,0.5,158.0,46.1,38.76,7.34,Low,Positive edge,,,-1.5,PropLine game moneyline/total context | Open-Meteo weather context | Baseball Savant quality metrics | Batter-vs-pitcher sample | Self-stored odds movement snapshots | Open-Meteo game weather features,batter_hits,,batter
2026-05-05T05:21:18.742346+00:00,2026,2026-05-04,batter_hits,Batter Hits,batter_hits,,Daulton Varsho,TOR,TBR,Nick Martinez,0.5,138.0,48.41,42.02,6.39,Low,Positive edge,,,-1.5,PropLine game moneyline/total context | Open-Meteo weather context | Baseball Savant quality metrics | Batter-vs-pitcher sample | Self-stored odds movement snapshots | Open-Meteo game weather features,batter_hits,,batter
2026-05-05T05:21:18.742346+00:00,2026,2026-05-04,batter_hits,Batter Hits,batter_hits,,Juan Soto,NYM,COL,Tomoyuki Sugano,0.5,100.0,56.1,50.0,6.1,Low,Positive edge,,,1.5,PropLine game moneyline/total context | Open-Meteo weather context | Baseball Savant quality metrics | Batter-vs-pitcher sample | Self-stored odds movement snapshots | Open-Meteo game weather features,batter_hits,,batter
2026-05-05T05:21:18.742346+00:00,2026,2026-05-04,batter_hits,Batter Hits,batter_hits,,Tyrone Taylor,NYM,COL,Tomoyuki Sugano,0.5,166.0,43.64,37.59,6.04,Low,Positive edge,,,-1.5,PropLine game moneyline/total context | Open-Meteo weather context | Baseball Savant quality metrics | Batter-vs-pitcher sample | Self-stored odds movement snapshots | Open-Meteo game weather features,batter_hits,,batter
2026-05-05T05:21:18.742346+00:00,2026,2026-05-04,batter_hits,Batter Hits,batter_hits,,Andrés Giménez,TOR,TBR,Nick Martinez,0.5,134.0,48.69,42.74,5.96,Low,Positive edge,,,-1.5,PropLine game moneyline/total context | Open-Meteo weather context | Baseball Savant quality metrics | Batter-vs-pitcher sample | Self-stored odds movement snapshots | Open-Meteo game weather features,batter_hits,,batter
2026-05-05T05:21:18.742346+00:00,2026,2026-05-04,batter_hits,Batter Hits,batter_hits,,Bo Bichette,NYM,COL,Tomoyuki Sugano,1.5,114.0,52.29,46.73,5.56,Low,Positive edge,,,1.5,PropLine game moneyline/total context | Open-Meteo weather context | Baseball Savant quality metrics | Batter-vs-pitcher sample | Self-stored odds movement snapshots | Open-Meteo game weather features,batter_hits,,batter
2026-05-05T05:21:18.742346+00:00,2026,2026-05-04,batter_hits,Batter Hits,batter_hits,,Ezequiel Tovar,COL,NYM,Huascar Brazobán,0.5,100.0,55.1,50.0,5.1,Low,Positive edge,,,,PropLine game moneyline/total context | Open-Meteo weather context | Baseball Savant quality metrics | Batter-vs-pitcher sample | Self-stored odds movement snapshots | Open-Meteo game weather features,batter_hits,,batter
2026-05-05T05:21:18.742346+00:00,2026,2026-05-04,batter_hits,Batter Hits,batter_hits,,TJ Rumfield,COL,NYM,Huascar Brazobán,0.5,100.0,55.1,50.0,5.1,Low,Positive edge,,,,PropLine game moneyline/total context | Open-Meteo weather context | Baseball Savant quality metrics | Batter-vs-pitcher sample | Self-stored odds movement snapshots | Open-Meteo game weather features,batter_hits,,batter
2026-05-05T05:21:18.742346+00:00,2026,2026-05-04,batter_hits,Batter Hits,batter_hits,,Tyler Freeman,COL,NYM,Huascar Brazobán,0.5,100.0,55.1,50.0,5.1,Low,Positive edge,,,,PropLine game moneyline/total context | Open-Meteo weather context | Baseball Savant quality metrics | Batter-vs-pitcher sample | Self-stored odds movement snapshots | Open-Meteo game weather features,batter_hits,,batter
2026-05-05T05:21:18.742346+00:00,2026,2026-05-04,batter_hits,Batter Hits,batter_hits,,Willi Castro,COL,NYM,Huascar Brazobán,0.5,100.0,55.1,50.0,5.1,Low,Positive edge,,,,PropLine game moneyline/total context | Open-Meteo weather context | Baseball Savant quality metrics | Batter-vs-pitcher sample | Self-stored odds movement snapshots | Open-Meteo game weather features,batter_hits,,batter
2026-05-05T05:21:18.742346+00:00,2026,2026-05-04,batter_hits,Batter Hits,batter_hits,,Hunter Goodman,COL,NYM,Huascar Brazobán,0.5,100.0,55.1,50.0,5.1,Low,Positive edge,,,,PropLine game moneyline/total context | Open-Meteo weather context | Baseball Savant quality metrics | Batter-vs-pitcher sample | Self-stored odds movement snapshots | Open-Meteo game weather features,batter_hits,,batter
2026-05-05T05:21:18.742346+00:00,2026,2026-05-04,batter_hits,Batter Hits,batter_hits,,Jake Fraley,TBR,TOR,Eric Lauer,0.5,102.0,53.4,49.5,3.9,Low,No clear edge,,,-1.5,PropLine game moneyline/total context | Open-Meteo weather context | Baseball Savant quality metrics | Batter-vs-pitcher sample | Self-stored odds movement snapshots | Open-Meteo game weather features,batter_hits,,batter
2026-05-05T05:21:18.742346+00:00,2026,2026-05-04,pitcher_strikeouts,Pitcher Strikeouts,pitcher_strikeouts,,Tomoyuki Sugano,COL,NYM,Tomoyuki Sugano,3.5,109.0,51.72,47.85,3.87,Low,No clear edge,,,1.08,PropLine game moneyline/total context | Open-Meteo weather context | Baseball Savant quality metrics | Self-stored odds movement snapshots | Open-Meteo game weather features,pitcher_strikeouts,,pitcher
2026-05-05T05:21:18.742346+00:00,2026,2026-05-04,batter_hits,Batter Hits,batter_hits,,Bo Bichette,NYM,COL,Tomoyuki Sugano,2.5,100.0,53.6,50.0,3.6,Low,No clear edge,,,1.5,PropLine game moneyline/total context | Open-Meteo weather context | Baseball Savant quality metrics | Batter-vs-pitcher sample | Self-stored odds movement snapshots | Open-Meteo game weather features,batter_hits,,batter
2026-05-05T05:21:18.742346+00:00,2026,2026-05-04,batter_hits,Batter Hits,batter_hits,,Marcus Semien,NYM,COL,Tomoyuki Sugano,0.5,100.0,53.6,50.0,3.6,Low,No clear edge,,,1.5,PropLine game moneyline/total context | Open-Meteo weather context | Baseball Savant quality metrics | Batter-vs-pitcher sample | Self-stored odds movement snapshots | Open-Meteo game weather features,batter_hits,,batter
2026-05-05T05:21:18.742346+00:00,2026,2026-05-04,batter_hits,Batter Hits,batter_hits,,Mark Vientos,NYM,COL,Tomoyuki Sugano,0.5,100.0,53.6,50.0,3.6,Low,No clear edge,,,1.5,PropLine game moneyline/total context | Open-Meteo weather context | Baseball Savant quality metrics | Batter-vs-pitcher sample | Self-stored odds movement snapshots | Open-Meteo game weather features,batter_hits,,batter
2026-05-05T05:21:18.742346+00:00,2026,2026-05-04,batter_hits,Batter Hits,batter_hits,,Francisco Alvarez,NYM,COL,Tomoyuki Sugano,0.5,100.0,53.6,50.0,3.6,Low,No clear edge,,,1.5,PropLine game moneyline/total context | Open-Meteo weather context | Baseball Savant quality metrics | Batter-vs-pitcher sample | Self-stored odds movement snapshots | Open-Meteo game weather features,batter_hits,,batter
2026-05-05T05:21:18.742346+00:00,2026,2026-05-04,batter_hits,Batter Hits,batter_hits,,Brenton Doyle,COL,NYM,Huascar Brazobán,0.5,100.0,53.1,50.0,3.1,Low,No clear edge,,,,PropLine game moneyline/total context | Open-Meteo weather context | Baseball Savant quality metrics | Batter-vs-pitcher sample | Self-stored odds movement snapshots | Open-Meteo game weather features,batter_hits,,batter
2026-05-05T05:21:18.742346+00:00,2026,2026-05-04,batter_hits,Batter Hits,batter_hits,,Jordan Beck,COL,NYM,Huascar Brazobán,0.5,100.0,53.1,50.0,3.1,Low,No clear edge,,,,PropLine game moneyline/total context | Open-Meteo weather context | Baseball Savant quality metrics | Batter-vs-pitcher sample | Self-stored odds movement snapshots | Open-Meteo game weather features,batter_hits,,batter
2026-05-05T05:21:18.742346+00:00,2026,2026-05-04,batter_hits,Batter Hits,batter_hits,,Kyle Karros,COL,NYM,Huascar Brazobán,0.5,100.0,53.1,50.0,3.1,Low,No clear edge,,,,PropLine game moneyline/total context | Open-Meteo weather context | Baseball Savant quality metrics | Batter-vs-pitcher sample | Self-stored odds movement snapshots | Open-Meteo game weather features,batter_hits,,batter
2026-05-05T05:21:18.742346+00:00,2026,2026-05-04,pitcher_strikeouts,Pitcher Strikeouts,pitcher_strikeouts,,Tomoyuki Sugano,COL,NYM,Tomoyuki Sugano,2.5,100.0,52.58,50.0,2.58,Low,No clear edge,,,1.08,PropLine game moneyline/total context | Open-Meteo weather context | Baseball Savant quality metrics | Self-stored odds movement snapshots | Open-Meteo game weather features,pitcher_strikeouts,,pitcher
2026-05-05T05:21:18.742346+00:00,2026,2026-05-04,batter_total_bases,Batter Total Bases,batter_total_bases,,Hunter Goodman,COL,NYM,Huascar Brazobán,0.5,100.0,52.2,50.0,2.2,Low,No clear edge,,,,PropLine game moneyline/total context | Open-Meteo weather context | Baseball Savant quality metrics | Batter-vs-pitcher sample | Self-stored odds movement snapshots | Open-Meteo game weather features,batter_total_bases,,batter
2026-05-05T05:21:18.742346+00:00,2026,2026-05-04,batter_hits,Batter Hits,batter_hits,,Brett Baty,NYM,COL,Tomoyuki Sugano,0.5,100.0,51.6,50.0,1.6,Low,No clear edge,,,1.5,PropLine game moneyline/total context | Open-Meteo weather context | Baseball Savant quality metrics | Batter-vs-pitcher sample | Self-stored odds movement snapshots | Open-Meteo game weather features,batter_hits,,batter
2026-05-05T05:21:18.742346+00:00,2026,2026-05-04,batter_hits,Batter Hits,batter_hits,,MJ Melendez,NYM,COL,Tomoyuki Sugano,0.5,100.0,50.6,50.0,0.6,Low,No clear edge,,,-1.5,PropLine game moneyline/total context | Open-Meteo weather context | Baseball Savant quality metrics | Batter-vs-pitcher sample | Self-stored odds movement snapshots | Open-Meteo game weather features,batter_hits,,batter
2026-05-05T05:21:18.742346+00:00,2026,2026-05-04,batter_hits,Batter Hits,batter_hits,,Taylor Walls,TBR,TOR,Eric Lauer,0.5,-113.0,53.47,53.05,0.42,Low,No clear edge,,,-0.85,PropLine game moneyline/total context | Open-Meteo weather context | Baseball Savant quality metrics | Batter-vs-pitcher sample | Self-stored odds movement snapshots | Open-Meteo game weather features,batter_hits,,batter
2026-05-05T05:21:18.742346+00:00,2026,2026-05-04,batter_total_bases,Batter Total Bases,batter_total_bases,,Tyrone Taylor,NYM,COL,Tomoyuki Sugano,1.5,132.0,43.44,43.1,0.34,Low,No clear edge,,,1.5,PropLine game moneyline/total context | Open-Meteo weather context | Baseball Savant quality metrics | Batter-vs-pitcher sample | Self-stored odds movement snapshots | Open-Meteo game weather features,batter_total_bases,,batter
2026-05-05T05:21:18.742346+00:00,2026,2026-05-04,batter_total_bases,Batter Total Bases,batter_total_bases,,Tyler Freeman,COL,NYM,Huascar Brazobán,0.5,100.0,49.7,50.0,-0.3,Low,No clear edge,,,,PropLine game moneyline/total context | Open-Meteo weather context | Baseball Savant quality metrics | Batter-vs-pitcher sample | Self-stored odds movement snapshots | Open-Meteo game weather features,batter_total_bases,,batter
2026-05-05T05:21:18.742346+00:00,2026,2026-05-04,batter_total_bases,Batter Total Bases,batter_total_bases,,Ezequiel Tovar,COL,NYM,Huascar Brazobán,0.5,100.0,49.7,50.0,-0.3,Low,No clear edge,,,,PropLine game moneyline/total context | Open-Meteo weather context | Baseball Savant quality metrics | Batter-vs-pitcher sample | Self-stored odds movement snapshots | Open-Meteo game weather features,batter_total_bases,,batter
2026-05-05T05:21:18.742346+00:00,2026,2026-05-04,batter_total_bases,Batter Total Bases,batter_total_bases,,Willi Castro,COL,NYM,Huascar Brazobán,0.5,100.0,49.7,50.0,-0.3,Low,No clear edge,,,,PropLine game moneyline/total context | Open-Meteo weather context | Baseball Savant quality metrics | Batter-vs-pitcher sample | Self-stored odds movement snapshots | Open-Meteo game weather features,batter_total_bases,,batter
2026-05-05T05:21:18.742346+00:00,2026,2026-05-04,batter_total_bases,Batter Total Bases,batter_total_bases,,TJ Rumfield,COL,NYM,Huascar Brazobán,0.5,100.0,49.7,50.0,-0.3,Low,No clear edge,,,,PropLine game moneyline/total context | Open-Meteo weather context | Baseball Savant quality metrics | Batter-vs-pitcher sample | Self-stored odds movement snapshots | Open-Meteo game weather features,batter_total_bases,,batter
2026-05-05T05:21:18.742346+00:00,2026,2026-05-04,batter_total_bases,Batter Total Bases,batter_total_bases,,Carson Benge,NYM,COL,Tomoyuki Sugano,1.5,111.0,46.96,47.39,-0.43,Low,No clear edge,,,1.3,PropLine game moneyline/total context | Open-Meteo weather context | Baseball Savant quality metrics | Batter-vs-pitcher sample | Self-stored odds movement snapshots | Open-Meteo game weather features,batter_total_bases,,batter
2026-05-05T05:21:18.742346+00:00,2026,2026-05-04,batter_total_bases,Batter Total Bases,batter_total_bases,,MJ Melendez,NYM,COL,Tomoyuki Sugano,1.5,111.0,46.96,47.39,-0.43,Low,No clear edge,,,1.3,PropLine game moneyline/total context | Open-Meteo weather context | Baseball Savant quality metrics | Batter-vs-pitcher sample | Self-stored odds movement snapshots | Open-Meteo game weather features,batter_total_bases,,batter
2026-05-05T05:21:18.742346+00:00,2026,2026-05-04,batter_hits,Batter Hits,batter_hits,,Taylor Walls,TBR,TOR,Eric Lauer,0.5,-121.0,54.15,54.75,-0.6,Low,No clear edge,,,-0.85,PropLine game moneyline/total context | Open-Meteo weather context | Baseball Savant quality metrics | Batter-vs-pitcher sample | Self-stored odds movement snapshots | Open-Meteo game weather features,batter_hits,,batter
2026-05-05T05:21:18.742346+00:00,2026,2026-05-04,batter_hits,Batter Hits,batter_hits,,Jake Fraley,TBR,TOR,Eric Lauer,0.5,-139.0,56.86,58.16,-1.3,Low,No clear edge,,,-1.5,PropLine game moneyline/total context | Open-Meteo weather context | Baseball Savant quality metrics | Batter-vs-pitcher sample | Self-stored odds movement snapshots | Open-Meteo game weather features,batter_hits,,batter
2026-05-05T05:21:18.742346+00:00,2026,2026-05-04,batter_hits,Batter Hits,batter_hits,,Carson Benge,NYM,COL,Tomoyuki Sugano,0.5,100.0,48.6,50.0,-1.4,Low,No clear edge,,,-1.5,PropLine game moneyline/total context | Open-Meteo weather context | Baseball Savant quality metrics | Batter-vs-pitcher sample | Self-stored odds movement snapshots | Open-Meteo game weather features,batter_hits,,batter
2026-05-05T05:21:18.742346+00:00,2026,2026-05-04,batter_hits,Batter Hits,batter_hits,,Tyrone Taylor,NYM,COL,Tomoyuki Sugano,0.5,100.0,48.6,50.0,-1.4,Low,No clear edge,,,-1.5,PropLine game moneyline/total context | Open-Meteo weather context | Baseball Savant quality metrics | Batter-vs-pitcher sample | Self-stored odds movement snapshots | Open-Meteo game weather features,batter_hits,,batter
2026-05-05T05:21:18.742346+00:00,2026,2026-05-04,batter_hits,Batter Hits,batter_hits,,Chandler Simpson,TBR,TOR,Eric Lauer,1.5,-213.0,66.32,68.05,-1.73,Low,No clear edge,,,1.5,PropLine game moneyline/total context | Open-Meteo weather context | Baseball Savant quality metrics | Batter-vs-pitcher sample | Self-stored odds movement snapshots | Open-Meteo game weather features,batter_hits,,batter
2026-05-05T05:21:18.742346+00:00,2026,2026-05-04,batter_total_bases,Batter Total Bases,batter_total_bases,,Carson Benge,NYM,COL,Tomoyuki Sugano,1.5,100.0,48.0,50.0,-2.0,Low,No clear edge,,,1.3,PropLine game moneyline/total context | Open-Meteo weather context | Baseball Savant quality metrics | Batter-vs-pitcher sample | Self-stored odds movement snapshots | Open-Meteo game weather features,batter_total_bases,,batter
2026-05-05T05:21:18.742346+00:00,2026,2026-05-04,batter_total_bases,Batter Total Bases,batter_total_bases,,MJ Melendez,NYM,COL,Tomoyuki Sugano,0.5,100.0,48.0,50.0,-2.0,Low,No clear edge,,,1.3,PropLine game moneyline/total context | Open-Meteo weather context | Baseball Savant quality metrics | Batter-vs-pitcher sample | Self-stored odds movement snapshots | Open-Meteo game weather features,batter_total_bases,,batter
2026-05-05T05:21:18.742346+00:00,2026,2026-05-04,batter_total_bases,Batter Total Bases,batter_total_bases,,Brenton Doyle,COL,NYM,Huascar Brazobán,0.5,100.0,47.7,50.0,-2.3,Low,No clear edge,,,,PropLine game moneyline/total context | Open-Meteo weather context | Baseball Savant quality metrics | Batter-vs-pitcher sample | Self-stored odds movement snapshots | Open-Meteo game weather features,batter_total_bases,,batter
2026-05-05T05:21:18.742346+00:00,2026,2026-05-04,batter_total_bases,Batter Total Bases,batter_total_bases,,Jordan Beck,COL,NYM,Huascar Brazobán,0.5,100.0,47.7,50.0,-2.3,Low,No clear edge,,,,PropLine game moneyline/total context | Open-Meteo weather context | Baseball Savant quality metrics | Batter-vs-pitcher sample | Self-stored odds movement snapshots | Open-Meteo game weather features,batter_total_bases,,batter
2026-05-05T05:21:18.742346+00:00,2026,2026-05-04,batter_total_bases,Batter Total Bases,batter_total_bases,,Juan Soto,NYM,COL,Tomoyuki Sugano,0.5,100.0,47.7,50.0,-2.3,Low,No clear edge,,,-1.5,PropLine game moneyline/total context | Open-Meteo weather context | Baseball Savant quality metrics | Batter-vs-pitcher sample | Self-stored odds movement snapshots | Open-Meteo game weather features,batter_total_bases,,batter
2026-05-05T05:21:18.742346+00:00,2026,2026-05-04,batter_total_bases,Batter Total Bases,batter_total_bases,,Kyle Karros,COL,NYM,Huascar Brazobán,0.5,100.0,47.7,50.0,-2.3,Low,No clear edge,,,,PropLine game moneyline/total context | Open-Meteo weather context | Baseball Savant quality metrics | Batter-vs-pitcher sample | Self-stored odds movement snapshots | Open-Meteo game weather features,batter_total_bases,,batter
2026-05-05T05:21:18.742346+00:00,2026,2026-05-04,batter_hits,Batter Hits,batter_hits,,Yandy Díaz,TBR,TOR,Eric Lauer,1.5,-223.0,66.72,69.04,-2.32,Low,No clear edge,,,1.5,PropLine game moneyline/total context | Open-Meteo weather context | Baseball Savant quality metrics | Batter-vs-pitcher sample | Self-stored odds movement snapshots | Open-Meteo game weather features,batter_hits,,batter
2026-05-05T05:21:18.742346+00:00,2026,2026-05-04,pitcher_strikeouts,Pitcher Strikeouts,pitcher_strikeouts,,Tomoyuki Sugano,COL,NYM,Tomoyuki Sugano,3.5,-139.0,55.84,58.16,-2.32,Low,No clear edge,,,1.08,PropLine game moneyline/total context | Open-Meteo weather context | Baseball Savant quality metrics | Self-stored odds movement snapshots | Open-Meteo game weather features,pitcher_strikeouts,,pitcher
2026-05-05T05:21:18.742346+00:00,2026,2026-05-04,batter_hits,Batter Hits,batter_hits,,Bo Bichette,NYM,COL,Tomoyuki Sugano,1.5,-152.0,57.73,60.32,-2.59,Low,No clear edge,,,1.5,PropLine game moneyline/total context | Open-Meteo weather context | Baseball Savant quality metrics | Batter-vs-pitcher sample | Self-stored odds movement snapshots | Open-Meteo game weather features,batter_hits,,batter
2026-05-05T05:21:18.742346+00:00,2026,2026-05-04,batter_total_bases,Batter Total Bases,batter_total_bases,,Marcus Semien,NYM,COL,Tomoyuki Sugano,1.5,102.0,46.75,49.5,-2.76,Low,No clear edge,,,0.25,PropLine game moneyline/total context | Open-Meteo weather context | Baseball Savant quality metrics | Batter-vs-pitcher sample | Self-stored odds movement snapshots | Open-Meteo game weather features,batter_total_bases,,batter
2026-05-05T05:21:18.742346+00:00,2026,2026-05-04,batter_total_bases,Batter Total Bases,batter_total_bases,,Marcus Semien,NYM,COL,Tomoyuki Sugano,0.5,100.0,46.95,50.0,-3.05,Low,No clear edge,,,0.25,PropLine game moneyline/total context | Open-Meteo weather context | Baseball Savant quality metrics | Batter-vs-pitcher sample | Self-stored odds movement snapshots | Open-Meteo game weather features,batter_total_bases,,batter
2026-05-05T05:21:18.742346+00:00,2026,2026-05-04,batter_total_bases,Batter Total Bases,batter_total_bases,,Tyrone Taylor,NYM,COL,Tomoyuki Sugano,0.5,100.0,46.2,50.0,-3.8,Low,No clear edge,,,1.5,PropLine game moneyline/total context | Open-Meteo weather context | Baseball Savant quality metrics | Batter-vs-pitcher sample | Self-stored odds movement snapshots | Open-Meteo game weather features,batter_total_bases,,batter
2026-05-05T05:21:18.742346+00:00,2026,2026-05-04,batter_total_bases,Batter Total Bases,batter_total_bases,,Brett Baty,NYM,COL,Tomoyuki Sugano,0.5,100.0,46.09,50.0,-3.91,Low,No clear edge,,,-0.61,PropLine game moneyline/total context | Open-Meteo weather context | Baseball Savant quality metrics | Batter-vs-pitcher sample | Self-stored odds movement snapshots | Open-Meteo game weather features,batter_total_bases,,batter
2026-05-05T05:21:18.742346+00:00,2026,2026-05-04,batter_hits,Batter Hits,batter_hits,,Vladimir Guerrero Jr.,TOR,TBR,Nick Martinez,1.5,-218.0,64.52,68.55,-4.03,Low,Negative edge / avoid,,,1.5,PropLine game moneyline/total context | Open-Meteo weather context | Baseball Savant quality metrics | Batter-vs-pitcher sample | Self-stored odds movement snapshots | Open-Meteo game weather features,batter_hits,,batter
2026-05-05T05:21:18.742346+00:00,2026,2026-05-04,batter_total_bases,Batter Total Bases,batter_total_bases,,Mark Vientos,NYM,COL,Tomoyuki Sugano,0.5,100.0,45.97,50.0,-4.03,Low,Negative edge / avoid,,,-0.73,PropLine game moneyline/total context | Open-Meteo weather context | Baseball Savant quality metrics | Batter-vs-pitcher sample | Self-stored odds movement snapshots | Open-Meteo game weather features,batter_total_bases,,batter
2026-05-05T05:21:18.742346+00:00,2026,2026-05-04,batter_total_bases,Batter Total Bases,batter_total_bases,,Bo Bichette,NYM,COL,Tomoyuki Sugano,1.5,103.0,44.9,49.26,-4.36,Low,Negative edge / avoid,,,-1.5,PropLine game moneyline/total context | Open-Meteo weather context | Baseball Savant quality metrics | Batter-vs-pitcher sample | Self-stored odds movement snapshots | Open-Meteo game weather features,batter_total_bases,,batter
2026-05-05T05:21:18.742346+00:00,2026,2026-05-04,batter_total_bases,Batter Total Bases,batter_total_bases,,Juan Soto,NYM,COL,Tomoyuki Sugano,1.5,-115.0,49.1,53.49,-4.39,Low,Negative edge / avoid,,,-1.5,PropLine game moneyline/total context | Open-Meteo weather context | Baseball Savant quality metrics | Batter-vs-pitcher sample | Self-stored odds movement snapshots | Open-Meteo game weather features,batter_total_bases,,batter
2026-05-05T05:21:18.742346+00:00,2026,2026-05-04,batter_total_bases,Batter Total Bases,batter_total_bases,,Juan Soto,NYM,COL,Tomoyuki Sugano,1.5,-116.0,49.18,53.7,-4.52,Low,Negative edge / avoid,,,-1.5,PropLine game moneyline/total context | Open-Meteo weather context | Baseball Savant quality metrics | Batter-vs-pitcher sample | Self-stored odds movement snapshots | Open-Meteo game weather features,batter_total_bases,,batter
2026-05-05T05:21:18.742346+00:00,2026,2026-05-04,batter_total_bases,Batter Total Bases,batter_total_bases,,Brett Baty,NYM,COL,Tomoyuki Sugano,1.5,-105.0,46.58,51.22,-4.64,Low,Negative edge / avoid,,,-0.61,PropLine game moneyline/total context | Open-Meteo weather context | Baseball Savant quality metrics | Batter-vs-pitcher sample | Self-stored odds movement snapshots | Open-Meteo game weather features,batter_total_bases,,batter
2026-05-05T05:21:18.742346+00:00,2026,2026-05-04,batter_total_bases,Batter Total Bases,batter_total_bases,,Bo Bichette,NYM,COL,Tomoyuki Sugano,1.5,100.0,45.2,50.0,-4.8,Low,Negative edge / avoid,,,-1.5,PropLine game moneyline/total context | Open-Meteo weather context | Baseball Savant quality metrics | Batter-vs-pitcher sample | Self-stored odds movement snapshots | Open-Meteo game weather features,batter_total_bases,,batter
2026-05-05T05:21:18.742346+00:00,2026,2026-05-04,batter_total_bases,Batter Total Bases,batter_total_bases,,Francisco Alvarez,NYM,COL,Tomoyuki Sugano,0.5,100.0,45.2,50.0,-4.8,Low,Negative edge / avoid,,,-1.5,PropLine game moneyline/total context | Open-Meteo weather context | Baseball Savant quality metrics | Batter-vs-pitcher sample | Self-stored odds movement snapshots | Open-Meteo game weather features,batter_total_bases,,batter
2026-05-05T05:21:18.742346+00:00,2026,2026-05-04,batter_total_bases,Batter Total Bases,batter_total_bases,,Mark Vientos,NYM,COL,Tomoyuki Sugano,1.5,-106.0,46.55,51.46,-4.9,Low,Negative edge / avoid,,,-0.73,PropLine game moneyline/total context | Open-Meteo weather context | Baseball Savant quality metrics | Batter-vs-pitcher sample | Self-stored odds movement snapshots | Open-Meteo game weather features,batter_total_bases,,batter
2026-05-05T05:21:18.742346+00:00,2026,2026-05-04,batter_hits,Batter Hits,batter_hits,,Juan Soto,NYM,COL,Tomoyuki Sugano,1.5,-225.0,63.79,69.23,-5.44,Low,Negative edge / avoid,,,1.5,PropLine game moneyline/total context | Open-Meteo weather context | Baseball Savant quality metrics | Batter-vs-pitcher sample | Self-stored odds movement snapshots | Open-Meteo game weather features,batter_hits,,batter
2026-05-05T05:21:18.742346+00:00,2026,2026-05-04,batter_total_bases,Batter Total Bases,batter_total_bases,,Francisco Alvarez,NYM,COL,Tomoyuki Sugano,1.5,-113.0,46.42,53.05,-6.63,Low,Negative edge / avoid,,,-1.5,PropLine game moneyline/total context | Open-Meteo weather context | Baseball Savant quality metrics | Batter-vs-pitcher sample | Self-stored odds movement snapshots | Open-Meteo game weather features,batter_total_bases,,batter
2026-05-05T05:21:18.742346+00:00,2026,2026-05-04,batter_hits,Batter Hits,batter_hits,,Andrés Giménez,TOR,TBR,Nick Martinez,0.5,-182.0,57.42,64.54,-7.12,Low,Negative edge / avoid,,,-1.5,PropLine game moneyline/total context | Open-Meteo weather context | Baseball Savant quality metrics | Batter-vs-pitcher sample | Self-stored odds movement snapshots | Open-Meteo game weather features,batter_hits,,batter
2026-05-05T05:21:18.742346+00:00,2026,2026-05-04,batter_total_bases,Batter Total Bases,batter_total_bases,,Francisco Alvarez,NYM,COL,Tomoyuki Sugano,1.5,-117.0,46.77,53.92,-7.15,Low,Negative edge / avoid,,,-1.5,PropLine game moneyline/total context | Open-Meteo weather context | Baseball Savant quality metrics | Batter-vs-pitcher sample | Self-stored odds movement snapshots | Open-Meteo game weather features,batter_total_bases,,batter
2026-05-05T05:21:18.742346+00:00,2026,2026-05-04,batter_total_bases,Batter Total Bases,batter_total_bases,,Mark Vientos,NYM,COL,Tomoyuki Sugano,1.5,-125.0,48.19,55.56,-7.36,Low,Negative edge / avoid,,,-0.73,PropLine game moneyline/total context | Open-Meteo weather context | Baseball Savant quality metrics | Batter-vs-pitcher sample | Self-stored odds movement snapshots | Open-Meteo game weather features,batter_total_bases,,batter
2026-05-05T05:21:18.742346+00:00,2026,2026-05-04,batter_total_bases,Batter Total Bases,batter_total_bases,,Brett Baty,NYM,COL,Tomoyuki Sugano,1.5,-127.0,48.47,55.95,-7.48,Low,Negative edge / avoid,,,-0.61,PropLine game moneyline/total context | Open-Meteo weather context | Baseball Savant quality metrics | Batter-vs-pitcher sample | Self-stored odds movement snapshots | Open-Meteo game weather features,batter_total_bases,,batter
2026-05-05T05:21:18.742346+00:00,2026,2026-05-04,batter_hits,Batter Hits,batter_hits,,Junior Caminero,TBR,TOR,Eric Lauer,1.5,-278.0,66.02,73.54,-7.53,Low,Negative edge / avoid,,,1.5,PropLine game moneyline/total context | Open-Meteo weather context | Baseball Savant quality metrics | Batter-vs-pitcher sample | Self-stored odds movement snapshots | Open-Meteo game weather features,batter_hits,,batter
2026-05-05T05:21:18.742346+00:00,2026,2026-05-04,batter_total_bases,Batter Total Bases,batter_total_bases,,Marcus Semien,NYM,COL,Tomoyuki Sugano,1.5,-136.0,50.0,57.63,-7.63,Low,Negative edge / avoid,,,0.25,PropLine game moneyline/total context | Open-Meteo weather context | Baseball Savant quality metrics | Batter-vs-pitcher sample | Self-stored odds movement snapshots | Open-Meteo game weather features,batter_total_bases,,batter
2026-05-05T05:21:18.742346+00:00,2026,2026-05-04,batter_hits,Batter Hits,batter_hits,,Daulton Varsho,TOR,TBR,Nick Martinez,0.5,-189.0,57.76,65.4,-7.64,Low,Negative edge / avoid,,,-1.5,PropLine game moneyline/total context | Open-Meteo weather context | Baseball Savant quality metrics | Batter-vs-pitcher sample | Self-stored odds movement snapshots | Open-Meteo game weather features,batter_hits,,batter
2026-05-05T05:21:18.742346+00:00,2026,2026-05-04,batter_total_bases,Batter Total Bases,batter_total_bases,,Carson Benge,NYM,COL,Tomoyuki Sugano,1.5,-147.0,51.81,59.51,-7.71,Low,Negative edge / avoid,,,1.3,PropLine game moneyline/total context | Open-Meteo weather context | Baseball Savant quality metrics | Batter-vs-pitcher sample | Self-stored odds movement snapshots | Open-Meteo game weather features,batter_total_bases,,batter
2026-05-05T05:21:18.742346+00:00,2026,2026-05-04,batter_total_bases,Batter Total Bases,batter_total_bases,,MJ Melendez,NYM,COL,Tomoyuki Sugano,1.5,-147.0,51.81,59.51,-7.71,Low,Negative edge / avoid,,,1.3,PropLine game moneyline/total context | Open-Meteo weather context | Baseball Savant quality metrics | Batter-vs-pitcher sample | Self-stored odds movement snapshots | Open-Meteo game weather features,batter_total_bases,,batter
2026-05-05T05:21:18.742346+00:00,2026,2026-05-04,batter_hits,Batter Hits,batter_hits,,Francisco Alvarez,NYM,COL,Tomoyuki Sugano,1.5,-226.0,61.33,69.33,-8.0,Low,Negative edge / avoid,,,1.5,PropLine game moneyline/total context | Open-Meteo weather context | Baseball Savant quality metrics | Batter-vs-pitcher sample | Self-stored odds movement snapshots | Open-Meteo game weather features,batter_hits,,batter
2026-05-05T05:21:18.742346+00:00,2026,2026-05-04,batter_hits,Batter Hits,batter_hits,,Ben Williamson,TBR,TOR,Eric Lauer,0.5,-233.0,61.59,69.97,-8.38,Low,Negative edge / avoid,,,-1.5,PropLine game moneyline/total context | Open-Meteo weather context | Baseball Savant quality metrics | Batter-vs-pitcher sample | Self-stored odds movement snapshots | Open-Meteo game weather features,batter_hits,,batter
2026-05-05T05:21:18.742346+00:00,2026,2026-05-04,batter_hits,Batter Hits,batter_hits,,Ernie Clement,TOR,TBR,Nick Martinez,0.5,-244.0,62.47,70.93,-8.46,Low,Negative edge / avoid,,,-1.5,PropLine game moneyline/total context | Open-Meteo weather context | Baseball Savant quality metrics | Batter-vs-pitcher sample | Self-stored odds movement snapshots | Open-Meteo game weather features,batter_hits,,batter
2026-05-05T05:21:18.742346+00:00,2026,2026-05-04,batter_hits,Batter Hits,batter_hits,,Jesús Sánchez,TOR,TBR,Nick Martinez,0.5,-209.0,58.66,67.64,-8.98,Low,Negative edge / avoid,,,-1.5,PropLine game moneyline/total context | Open-Meteo weather context | Baseball Savant quality metrics | Batter-vs-pitcher sample | Self-stored odds movement snapshots | Open-Meteo game weather features,batter_hits,,batter
2026-05-05T05:21:18.742346+00:00,2026,2026-05-04,batter_hits,Batter Hits,batter_hits,,George Springer,TOR,TBR,Nick Martinez,1.5,-271.0,63.82,73.05,-9.23,Low,Negative edge / avoid,,,1.5,PropLine game moneyline/total context | Open-Meteo weather context | Baseball Savant quality metrics | Batter-vs-pitcher sample | Self-stored odds movement snapshots | Open-Meteo game weather features,batter_hits,,batter
2026-05-05T05:21:18.742346+00:00,2026,2026-05-04,batter_total_bases,Batter Total Bases,batter_total_bases,,Bo Bichette,NYM,COL,Tomoyuki Sugano,1.5,-136.0,48.25,57.63,-9.38,Low,Negative edge / avoid,,,-1.5,PropLine game moneyline/total context | Open-Meteo weather context | Baseball Savant quality metrics | Batter-vs-pitcher sample | Self-stored odds movement snapshots | Open-Meteo game weather features,batter_total_bases,,batter
2026-05-05T05:21:18.742346+00:00,2026,2026-05-04,batter_hits,Batter Hits,batter_hits,,Mark Vientos,NYM,COL,Tomoyuki Sugano,1.5,-253.0,62.27,71.67,-9.4,Low,Negative edge / avoid,,,1.5,PropLine game moneyline/total context | Open-Meteo weather context | Baseball Savant quality metrics | Batter-vs-pitcher sample | Self-stored odds movement snapshots | Open-Meteo game weather features,batter_hits,,batter
2026-05-05T05:21:18.742346+00:00,2026,2026-05-04,batter_hits,Batter Hits,batter_hits,,Marcus Semien,NYM,COL,Tomoyuki Sugano,1.5,-256.0,62.36,71.91,-9.55,Low,Negative edge / avoid,,,1.5,PropLine game moneyline/total context | Open-Meteo weather context | Baseball Savant quality metrics | Batter-vs-pitcher sample | Self-stored odds movement snapshots | Open-Meteo game weather features,batter_hits,,batter
2026-05-05T05:21:18.742346+00:00,2026,2026-05-04,batter_hits,Batter Hits,batter_hits,,Brett Baty,NYM,COL,Tomoyuki Sugano,1.5,-220.0,59.1,68.75,-9.65,Low,Negative edge / avoid,,,1.5,PropLine game moneyline/total context | Open-Meteo weather context | Baseball Savant quality metrics | Batter-vs-pitcher sample | Self-stored odds movement snapshots | Open-Meteo game weather features,batter_hits,,batter
2026-05-05T05:21:18.742346+00:00,2026,2026-05-04,batter_hits,Batter Hits,batter_hits,,MJ Melendez,NYM,COL,Tomoyuki Sugano,0.5,-213.0,57.82,68.05,-10.23,Low,Negative edge / avoid,,,-1.5,PropLine game moneyline/total context | Open-Meteo weather context | Baseball Savant quality metrics | Batter-vs-pitcher sample | Self-stored odds movement snapshots | Open-Meteo game weather features,batter_hits,,batter
2026-05-05T05:21:18.742346+00:00,2026,2026-05-04,batter_total_bases,Batter Total Bases,batter_total_bases,,Tyrone Taylor,NYM,COL,Tomoyuki Sugano,1.5,-176.0,51.71,63.77,-12.06,Low,Negative edge / avoid,,,1.5,PropLine game moneyline/total context | Open-Meteo weather context | Baseball Savant quality metrics | Batter-vs-pitcher sample | Self-stored odds movement snapshots | Open-Meteo game weather features,batter_total_bases,,batter
2026-05-05T05:21:18.742346+00:00,2026,2026-05-04,batter_hits,Batter Hits,batter_hits,,Tyrone Taylor,NYM,COL,Tomoyuki Sugano,0.5,-224.0,56.25,69.14,-12.88,Low,Negative edge / avoid,,,-1.5,PropLine game moneyline/total context | Open-Meteo weather context | Baseball Savant quality metrics | Batter-vs-pitcher sample | Self-stored odds movement snapshots | Open-Meteo game weather features,batter_hits,,batter
2026-05-05T05:21:18.742346+00:00,2026,2026-05-04,batter_hits,Batter Hits,batter_hits,,Carson Benge,NYM,COL,Tomoyuki Sugano,0.5,-260.0,57.49,72.22,-14.73,Low,Negative edge / avoid,,,-1.5,PropLine game moneyline/total context | Open-Meteo weather context | Baseball Savant quality metrics | Batter-vs-pitcher sample | Self-stored odds movement snapshots | Open-Meteo game weather features,batter_hits,,batter
2026-05-05T05:21:18.742346+00:00,2026,2026-05-04,batter_home_runs,Batter Home Runs,batter_home_runs,,Hunter Goodman,COL,NYM,Huascar Brazobán,0.5,100.0,30.2,50.0,-19.8,Low,Negative edge / avoid,,,,PropLine game moneyline/total context | Open-Meteo weather context | Baseball Savant quality metrics | Batter-vs-pitcher sample | Self-stored odds movement snapshots | Open-Meteo game weather features,batter_home_runs,,batter
2026-05-05T05:21:18.742346+00:00,2026,2026-05-04,batter_home_runs,Batter Home Runs,batter_home_runs,,TJ Rumfield,COL,NYM,Huascar Brazobán,0.5,100.0,28.7,50.0,-21.3,Low,Negative edge / avoid,,,,PropLine game moneyline/total context | Open-Meteo weather context | Baseball Savant quality metrics | Batter-vs-pitcher sample | Self-stored odds movement snapshots | Open-Meteo game weather features,batter_home_runs,,batter
2026-05-05T05:21:18.742346+00:00,2026,2026-05-04,batter_home_runs,Batter Home Runs,batter_home_runs,,Troy Johnston,COL,NYM,Huascar Brazobán,0.5,100.0,28.7,50.0,-21.3,Low,Negative edge / avoid,,,,PropLine game moneyline/total context | Open-Meteo weather context | Baseball Savant quality metrics | Batter-vs-pitcher sample | Self-stored odds movement snapshots | Open-Meteo game weather features,batter_home_runs,,batter
2026-05-05T05:21:18.742346+00:00,2026,2026-05-04,batter_home_runs,Batter Home Runs,batter_home_runs,,Brenton Doyle,COL,NYM,Huascar Brazobán,0.5,100.0,27.7,50.0,-22.3,Low,Negative edge / avoid,,,,PropLine game moneyline/total context | Open-Meteo weather context | Baseball Savant quality metrics | Batter-vs-pitcher sample | Self-stored odds movement snapshots | Open-Meteo game weather features,batter_home_runs,,batter
2026-05-05T05:21:18.742346+00:00,2026,2026-05-04,batter_home_runs,Batter Home Runs,batter_home_runs,,Ezequiel Tovar,COL,NYM,Huascar Brazobán,0.5,100.0,27.7,50.0,-22.3,Low,Negative edge / avoid,,,,PropLine game moneyline/total context | Open-Meteo weather context | Baseball Savant quality metrics | Batter-vs-pitcher sample | Self-stored odds movement snapshots | Open-Meteo game weather features,batter_home_runs,,batter
2026-05-05T05:21:18.742346+00:00,2026,2026-05-04,batter_home_runs,Batter Home Runs,batter_home_runs,,Jordan Beck,COL,NYM,Huascar Brazobán,0.5,100.0,27.7,50.0,-22.3,Low,Negative edge / avoid,,,,PropLine game moneyline/total context | Open-Meteo weather context | Baseball Savant quality metrics | Batter-vs-pitcher sample | Self-stored odds movement snapshots | Open-Meteo game weather features,batter_home_runs,,batter
2026-05-05T05:21:18.742346+00:00,2026,2026-05-04,batter_home_runs,Batter Home Runs,batter_home_runs,,Willi Castro,COL,NYM,Huascar Brazobán,0.5,100.0,27.7,50.0,-22.3,Low,Negative edge / avoid,,,,PropLine game moneyline/total context | Open-Meteo weather context | Baseball Savant quality metrics | Batter-vs-pitcher sample | Self-stored odds movement snapshots | Open-Meteo game weather features,batter_home_runs,,batter
2026-05-05T05:21:18.742346+00:00,2026,2026-05-04,batter_home_runs,Batter Home Runs,batter_home_runs,,Bo Bichette,NYM,COL,Tomoyuki Sugano,0.5,100.0,25.7,50.0,-24.3,Low,Negative edge / avoid,,,,PropLine game moneyline/total context | Open-Meteo weather context | Baseball Savant quality metrics | Batter-vs-pitcher sample | Self-stored odds movement snapshots | Open-Meteo game weather features,batter_home_runs,,batter
2026-05-05T05:21:18.742346+00:00,2026,2026-05-04,batter_home_runs,Batter Home Runs,batter_home_runs,,Carson Benge,NYM,COL,Tomoyuki Sugano,0.5,100.0,25.7,50.0,-24.3,Low,Negative edge / avoid,,,,PropLine game moneyline/total context | Open-Meteo weather context | Baseball Savant quality metrics | Batter-vs-pitcher sample | Self-stored odds movement snapshots | Open-Meteo game weather features,batter_home_runs,,batter
2026-05-05T05:21:18.742346+00:00,2026,2026-05-04,batter_home_runs,Batter Home Runs,batter_home_runs,,Francisco Alvarez,NYM,COL,Tomoyuki Sugano,0.5,100.0,25.7,50.0,-24.3,Low,Negative edge / avoid,,,,PropLine game moneyline/total context | Open-Meteo weather context | Baseball Savant quality metrics | Batter-vs-pitcher sample | Self-stored odds movement snapshots | Open-Meteo game weather features,batter_home_runs,,batter
2026-05-05T05:21:18.742346+00:00,2026,2026-05-04,batter_home_runs,Batter Home Runs,batter_home_runs,,Juan Soto,NYM,COL,Tomoyuki Sugano,0.5,100.0,25.7,50.0,-24.3,Low,Negative edge / avoid,,,,PropLine game moneyline/total context | Open-Meteo weather context | Baseball Savant quality metrics | Batter-vs-pitcher sample | Self-stored odds movement snapshots | Open-Meteo game weather features,batter_home_runs,,batter
2026-05-05T05:21:18.742346+00:00,2026,2026-05-04,batter_home_runs,Batter Home Runs,batter_home_runs,,MJ Melendez,NYM,COL,Tomoyuki Sugano,0.5,100.0,25.7,50.0,-24.3,Low,Negative edge / avoid,,,,PropLine game moneyline/total context | Open-Meteo weather context | Baseball Savant quality metrics | Batter-vs-pitcher sample | Self-stored odds movement snapshots | Open-Meteo game weather features,batter_home_runs,,batter
2026-05-05T05:21:18.742346+00:00,2026,2026-05-04,batter_home_runs,Batter Home Runs,batter_home_runs,,Mark Vientos,NYM,COL,Tomoyuki Sugano,0.5,100.0,25.7,50.0,-24.3,Low,Negative edge / avoid,,,,PropLine game moneyline/total context | Open-Meteo weather context | Baseball Savant quality metrics | Batter-vs-pitcher sample | Self-stored odds movement snapshots | Open-Meteo game weather features,batter_home_runs,,batter
2026-05-05T05:21:18.742346+00:00,2026,2026-05-04,batter_home_runs,Batter Home Runs,batter_home_runs,,Brett Baty,NYM,COL,Tomoyuki Sugano,0.5,100.0,24.7,50.0,-25.3,Low,Negative edge / avoid,,,,PropLine game moneyline/total context | Open-Meteo weather context | Baseball Savant quality metrics | Batter-vs-pitcher sample | Self-stored odds movement snapshots | Open-Meteo game weather features,batter_home_runs,,batter
2026-05-05T05:21:18.742346+00:00,2026,2026-05-04,batter_home_runs,Batter Home Runs,batter_home_runs,,Marcus Semien,NYM,COL,Tomoyuki Sugano,0.5,100.0,24.7,50.0,-25.3,Low,Negative edge / avoid,,,,PropLine game moneyline/total context | Open-Meteo weather context | Baseball Savant quality metrics | Batter-vs-pitcher sample | Self-stored odds movement snapshots | Open-Meteo game weather features,batter_home_runs,,batter
2026-05-05T19:02:56.624438+00:00,2026,2026-05-05,batter_hits,Batter Hits,batter_hits,,Xavier Edwards,MIA,BAL,Chris Bassitt,1.5,197.0,53.93,33.67,20.26,Medium,Positive edge,,0.8,1.06,PropLine game moneyline/total context | Open-Meteo weather context | Batter-vs-pitcher sample | Self-stored odds movement snapshots | Open-Meteo game weather features,batter_hits,,batter
2026-05-05T19:02:56.624438+00:00,2026,2026-05-05,batter_hits,Batter Hits,batter_hits,,Otto Lopez,MIA,BAL,Chris Bassitt,1.5,190.0,51.69,34.48,17.21,Medium,Positive edge,,0.8,-1.5,PropLine game moneyline/total context | Open-Meteo weather context | Batter-vs-pitcher sample | Self-stored odds movement snapshots | Open-Meteo game weather features,batter_hits,,batter
2026-05-05T19:02:56.624438+00:00,2026,2026-05-05,batter_hits,Batter Hits,batter_hits,,Kyle Stowers,MIA,BAL,Chris Bassitt,0.5,180.0,49.69,35.71,13.97,Medium,Positive edge,,0.8,-1.5,PropLine game moneyline/total context | Open-Meteo weather context | Batter-vs-pitcher sample | Self-stored odds movement snapshots | Open-Meteo game weather features,batter_hits,,batter
2026-05-05T19:02:56.624438+00:00,2026,2026-05-05,batter_hits,Batter Hits,batter_hits,,Adley Rutschman,BAL,MIA,Sandy Alcantara,0.5,187.0,48.04,34.84,13.19,Medium,Positive edge,,,-1.5,PropLine game moneyline/total context | Open-Meteo weather context | Batter-vs-pitcher sample | Self-stored odds movement snapshots | Open-Meteo game weather features,batter_hits,,batter
2026-05-05T19:02:56.624438+00:00,2026,2026-05-05,batter_hits,Batter Hits,batter_hits,,Gunnar Henderson,BAL,MIA,Sandy Alcantara,0.5,192.0,46.1,34.25,11.85,Medium,Positive edge,,0.8,-1.5,PropLine game moneyline/total context | Open-Meteo weather context | Batter-vs-pitcher sample | Self-stored odds movement snapshots | Open-Meteo game weather features,batter_hits,,batter
2026-05-05T19:02:56.624438+00:00,2026,2026-05-05,batter_hits,Batter Hits,batter_hits,,Liam Hicks,MIA,BAL,Chris Bassitt,0.5,153.0,51.21,39.53,11.68,Medium,Positive edge,,0.8,-1.5,PropLine game moneyline/total context | Open-Meteo weather context | Batter-vs-pitcher sample | Self-stored odds movement snapshots | Open-Meteo game weather features,batter_hits,,batter
2026-05-05T19:02:56.624438+00:00,2026,2026-05-05,batter_hits,Batter Hits,batter_hits,,Pete Alonso,BAL,MIA,Sandy Alcantara,0.5,187.0,46.34,34.84,11.49,Medium,Positive edge,,0.8,-1.5,PropLine game moneyline/total context | Open-Meteo weather context | Batter-vs-pitcher sample | Self-stored odds movement snapshots | Open-Meteo game weather features,batter_hits,,batter
2026-05-05T19:02:56.624438+00:00,2026,2026-05-05,batter_hits,Batter Hits,batter_hits,,Jakob Marsee,MIA,BAL,Chris Bassitt,0.5,154.0,50.35,39.37,10.98,Medium,Positive edge,,,-1.5,PropLine game moneyline/total context | Open-Meteo weather context | Batter-vs-pitcher sample | Self-stored odds movement snapshots | Open-Meteo game weather features,batter_hits,,batter
2026-05-05T19:02:56.624438+00:00,2026,2026-05-05,batter_total_bases,Batter Total Bases,batter_total_bases,,Liam Hicks,MIA,BAL,Chris Bassitt,0.5,158.0,49.68,38.76,10.92,Medium,Positive edge,,1.2,-0.23,PropLine game moneyline/total context | Open-Meteo weather context | Batter-vs-pitcher sample | Self-stored odds movement snapshots | Open-Meteo game weather features,batter_total_bases,,batter
2026-05-05T19:02:56.624438+00:00,2026,2026-05-05,batter_total_bases,Batter Total Bases,batter_total_bases,,Connor Norby,MIA,BAL,Chris Bassitt,1.5,165.0,48.49,37.74,10.76,Medium,Positive edge,,1.2,1.5,PropLine game moneyline/total context | Open-Meteo weather context | Batter-vs-pitcher sample | Self-stored odds movement snapshots | Open-Meteo game weather features,batter_total_bases,,batter
2026-05-05T19:02:56.624438+00:00,2026,2026-05-05,batter_total_bases,Batter Total Bases,batter_total_bases,,Liam Hicks,MIA,BAL,Chris Bassitt,1.5,155.0,49.86,39.22,10.64,Medium,Positive edge,,1.2,-0.23,PropLine game moneyline/total context | Open-Meteo weather context | Batter-vs-pitcher sample | Self-stored odds movement snapshots | Open-Meteo game weather features,batter_total_bases,,batter
2026-05-05T19:02:56.624438+00:00,2026,2026-05-05,batter_hits,Batter Hits,batter_hits,,Taylor Ward,BAL,MIA,Sandy Alcantara,0.5,145.0,51.23,40.82,10.41,Medium,Positive edge,,0.8,-1.5,PropLine game moneyline/total context | Open-Meteo weather context | Batter-vs-pitcher sample | Self-stored odds movement snapshots | Open-Meteo game weather features,batter_hits,,batter
2026-05-05T19:02:56.624438+00:00,2026,2026-05-05,batter_total_bases,Batter Total Bases,batter_total_bases,,Xavier Edwards,MIA,BAL,Chris Bassitt,1.5,141.0,51.3,41.49,9.8,Medium,Positive edge,,,1.5,PropLine game moneyline/total context | Open-Meteo weather context | Batter-vs-pitcher sample | Self-stored odds movement snapshots | Open-Meteo game weather features,batter_total_bases,,batter
2026-05-05T19:02:56.624438+00:00,2026,2026-05-05,batter_total_bases,Batter Total Bases,batter_total_bases,,Xavier Edwards,MIA,BAL,Chris Bassitt,1.5,140.0,51.37,41.67,9.7,Medium,Positive edge,,,1.5,PropLine game moneyline/total context | Open-Meteo weather context | Batter-vs-pitcher sample | Self-stored odds movement snapshots | Open-Meteo game weather features,batter_total_bases,,batter
2026-05-05T19:02:56.624438+00:00,2026,2026-05-05,batter_hits,Batter Hits,batter_hits,,Connor Norby,MIA,BAL,Chris Bassitt,0.5,131.0,52.72,43.29,9.43,Medium,Positive edge,,0.8,-1.5,PropLine game moneyline/total context | Open-Meteo weather context | Batter-vs-pitcher sample | Self-stored odds movement snapshots | Open-Meteo game weather features,batter_hits,,batter
2026-05-05T19:02:56.624438+00:00,2026,2026-05-05,batter_hits,Batter Hits,batter_hits,,Jeremiah Jackson,BAL,MIA,Sandy Alcantara,0.5,160.0,47.78,38.46,9.32,Medium,Positive edge,,0.8,-1.5,PropLine game moneyline/total context | Open-Meteo weather context | Batter-vs-pitcher sample | Self-stored odds movement snapshots | Open-Meteo game weather features,batter_hits,,batter
2026-05-05T19:02:56.624438+00:00,2026,2026-05-05,batter_total_bases,Batter Total Bases,batter_total_bases,,Xavier Edwards,MIA,BAL,Chris Bassitt,1.5,133.0,51.87,42.92,8.95,Medium,Positive edge,,,1.5,PropLine game moneyline/total context | Open-Meteo weather context | Batter-vs-pitcher sample | Self-stored odds movement snapshots | Open-Meteo game weather features,batter_total_bases,,batter
2026-05-05T19:02:56.624438+00:00,2026,2026-05-05,batter_total_bases,Batter Total Bases,batter_total_bases,,Samuel Basallo,BAL,MIA,Sandy Alcantara,1.5,170.0,45.81,37.04,8.78,Medium,Positive edge,,1.8,1.5,PropLine game moneyline/total context | Open-Meteo weather context | Batter-vs-pitcher sample | Self-stored odds movement snapshots | Open-Meteo game weather features,batter_total_bases,,batter
2026-05-05T19:02:56.624438+00:00,2026,2026-05-05,batter_total_bases,Batter Total Bases,batter_total_bases,,Colt Keith,DET,BOS,Jovani Morán,1.5,163.0,46.71,38.02,8.69,Medium,Positive edge,,1.8,,PropLine game moneyline/total context | Open-Meteo weather context | Batter-vs-pitcher sample | Self-stored odds movement snapshots | Open-Meteo game weather features,batter_total_bases,,batter
2026-05-05T19:02:56.624438+00:00,2026,2026-05-05,batter_total_bases,Batter Total Bases,batter_total_bases,,Jakob Marsee,MIA,BAL,Chris Bassitt,1.5,155.0,47.89,39.22,8.67,Medium,Positive edge,,,1.5,PropLine game moneyline/total context | Open-Meteo weather context | Batter-vs-pitcher sample | Self-stored odds movement snapshots | Open-Meteo game weather features,batter_total_bases,,batter
2026-05-05T19:02:56.624438+00:00,2026,2026-05-05,batter_total_bases,Batter Total Bases,batter_total_bases,,Dillon Dingler,DET,BOS,Jovani Morán,1.5,135.0,51.02,42.55,8.47,Medium,Positive edge,,1.8,,PropLine game moneyline/total context | Open-Meteo weather context | Batter-vs-pitcher sample | Self-stored odds movement snapshots | Open-Meteo game weather features,batter_total_bases,,batter
2026-05-05T19:02:56.624438+00:00,2026,2026-05-05,batter_total_bases,Batter Total Bases,batter_total_bases,,Jakob Marsee,MIA,BAL,Chris Bassitt,1.5,150.0,48.2,40.0,8.2,Medium,Positive edge,,,1.5,PropLine game moneyline/total context | Open-Meteo weather context | Batter-vs-pitcher sample | Self-stored odds movement snapshots | Open-Meteo game weather features,batter_total_bases,,batter
2026-05-05T19:02:56.624438+00:00,2026,2026-05-05,batter_total_bases,Batter Total Bases,batter_total_bases,,Dylan Beavers,BAL,MIA,Sandy Alcantara,1.5,170.0,45.21,37.04,8.18,Medium,Positive edge,,1.2,1.5,PropLine game moneyline/total context | Open-Meteo weather context | Batter-vs-pitcher sample | Self-stored odds movement snapshots | Open-Meteo game weather features,batter_total_bases,,batter
2026-05-05T19:02:56.624438+00:00,2026,2026-05-05,batter_total_bases,Batter Total Bases,batter_total_bases,,Joe Mack,MIA,BAL,Chris Bassitt,1.5,170.0,45.01,37.04,7.98,Medium,Positive edge,,,1.5,PropLine game moneyline/total context | Open-Meteo weather context | Batter-vs-pitcher sample | Self-stored odds movement snapshots | Open-Meteo game weather features,batter_total_bases,,batter
2026-05-05T19:02:56.624438+00:00,2026,2026-05-05,batter_total_bases,Batter Total Bases,batter_total_bases,,Leody Taveras,BAL,MIA,Sandy Alcantara,1.5,163.0,45.61,38.02,7.59,Medium,Positive edge,,1.2,1.5,PropLine game moneyline/total context | Open-Meteo weather context | Batter-vs-pitcher sample | Self-stored odds movement snapshots | Open-Meteo game weather features,batter_total_bases,,batter
2026-05-05T19:02:56.624438+00:00,2026,2026-05-05,batter_total_bases,Batter Total Bases,batter_total_bases,,Connor Norby,MIA,BAL,Chris Bassitt,0.5,131.0,50.72,43.29,7.43,Medium,Positive edge,,1.2,1.5,PropLine game moneyline/total context | Open-Meteo weather context | Batter-vs-pitcher sample | Self-stored odds movement snapshots | Open-Meteo game weather features,batter_total_bases,,batter
2026-05-05T19:02:56.624438+00:00,2026,2026-05-05,batter_total_bases,Batter Total Bases,batter_total_bases,,Taylor Ward,BAL,MIA,Sandy Alcantara,1.5,160.0,45.78,38.46,7.32,Medium,Positive edge,,1.2,1.5,PropLine game moneyline/total context | Open-Meteo weather context | Batter-vs-pitcher sample | Self-stored odds movement snapshots | Open-Meteo game weather features,batter_total_bases,,batter
2026-05-05T19:02:56.624438+00:00,2026,2026-05-05,batter_hits,Batter Hits,batter_hits,,Dylan Beavers,BAL,MIA,Sandy Alcantara,0.5,139.0,49.14,41.84,7.3,Medium,Positive edge,,0.8,-1.5,PropLine game moneyline/total context | Open-Meteo weather context | Batter-vs-pitcher sample | Self-stored odds movement snapshots | Open-Meteo game weather features,batter_hits,,batter
2026-05-05T19:02:56.624438+00:00,2026,2026-05-05,batter_total_bases,Batter Total Bases,batter_total_bases,,Jakob Marsee,MIA,BAL,Chris Bassitt,1.5,140.0,48.87,41.67,7.2,Medium,Positive edge,,,1.5,PropLine game moneyline/total context | Open-Meteo weather context | Batter-vs-pitcher sample | Self-stored odds movement snapshots | Open-Meteo game weather features,batter_total_bases,,batter
2026-05-05T19:02:56.624438+00:00,2026,2026-05-05,batter_hits,Batter Hits,batter_hits,,Christopher Morel,MIA,BAL,Chris Bassitt,0.5,110.0,54.45,47.62,6.83,Medium,Positive edge,,0.8,-1.5,PropLine game moneyline/total context | Open-Meteo weather context | Batter-vs-pitcher sample | Self-stored odds movement snapshots | Open-Meteo game weather features,batter_hits,,batter
2026-05-05T19:02:56.624438+00:00,2026,2026-05-05,batter_total_bases,Batter Total Bases,batter_total_bases,,Taylor Ward,BAL,MIA,Sandy Alcantara,0.5,151.0,46.34,39.84,6.5,Medium,Positive edge,,1.2,1.5,PropLine game moneyline/total context | Open-Meteo weather context | Batter-vs-pitcher sample | Self-stored odds movement snapshots | Open-Meteo game weather features,batter_total_bases,,batter
2026-05-05T19:02:56.624438+00:00,2026,2026-05-05,batter_total_bases,Batter Total Bases,batter_total_bases,,Otto Lopez,MIA,BAL,Chris Bassitt,1.5,122.0,51.52,45.05,6.47,Medium,Positive edge,,1.8,-1.5,PropLine game moneyline/total context | Open-Meteo weather context | Batter-vs-pitcher sample | Self-stored odds movement snapshots | Open-Meteo game weather features,batter_total_bases,,batter
2026-05-05T19:02:56.624438+00:00,2026,2026-05-05,batter_hits,Batter Hits,batter_hits,,Leody Taveras,BAL,MIA,Sandy Alcantara,0.5,131.0,49.72,43.29,6.43,Medium,Positive edge,,0.8,-1.5,PropLine game moneyline/total context | Open-Meteo weather context | Batter-vs-pitcher sample | Self-stored odds movement snapshots | Open-Meteo game weather features,batter_hits,,batter
2026-05-05T19:02:56.624438+00:00,2026,2026-05-05,batter_total_bases,Batter Total Bases,batter_total_bases,,Kerry Carpenter,DET,BOS,Jovani Morán,1.5,138.0,48.31,42.02,6.29,Medium,Positive edge,,1.8,,PropLine game moneyline/total context | Open-Meteo weather context | Batter-vs-pitcher sample | Self-stored odds movement snapshots | Open-Meteo game weather features,batter_total_bases,,batter
2026-05-05T19:02:56.624438+00:00,2026,2026-05-05,batter_hits,Batter Hits,batter_hits,,Joe Mack,MIA,BAL,Chris Bassitt,0.5,127.0,50.22,44.05,6.17,Medium,Positive edge,,,-1.5,PropLine game moneyline/total context | Open-Meteo weather context | Batter-vs-pitcher sample | Self-stored odds movement snapshots | Open-Meteo game weather features,batter_hits,,batter
2026-05-05T19:02:56.624438+00:00,2026,2026-05-05,batter_total_bases,Batter Total Bases,batter_total_bases,,Otto Lopez,MIA,BAL,Chris Bassitt,1.5,119.0,51.76,45.66,6.1,Medium,Positive edge,,1.8,-1.5,PropLine game moneyline/total context | Open-Meteo weather context | Batter-vs-pitcher sample | Self-stored odds movement snapshots | Open-Meteo game weather features,batter_total_bases,,batter
2026-05-05T19:02:56.624438+00:00,2026,2026-05-05,batter_hits,Batter Hits,batter_hits,,Samuel Basallo,BAL,MIA,Sandy Alcantara,0.5,127.0,50.02,44.05,5.97,Medium,Positive edge,,0.8,-1.5,PropLine game moneyline/total context | Open-Meteo weather context | Batter-vs-pitcher sample | Self-stored odds movement snapshots | Open-Meteo game weather features,batter_hits,,batter
2026-05-05T19:02:56.624438+00:00,2026,2026-05-05,batter_total_bases,Batter Total Bases,batter_total_bases,,Adley Rutschman,BAL,MIA,Sandy Alcantara,1.5,133.0,48.87,42.92,5.95,Medium,Positive edge,,,1.5,PropLine game moneyline/total context | Open-Meteo weather context | Batter-vs-pitcher sample | Self-stored odds movement snapshots | Open-Meteo game weather features,batter_total_bases,,batter
2026-05-05T19:02:56.624438+00:00,2026,2026-05-05,batter_total_bases,Batter Total Bases,batter_total_bases,,Taylor Ward,BAL,MIA,Sandy Alcantara,1.5,144.0,46.79,40.98,5.81,Medium,Positive edge,,1.2,1.5,PropLine game moneyline/total context | Open-Meteo weather context | Batter-vs-pitcher sample | Self-stored odds movement snapshots | Open-Meteo game weather features,batter_total_bases,,batter
2026-05-05T19:02:56.624438+00:00,2026,2026-05-05,batter_total_bases,Batter Total Bases,batter_total_bases,,Samuel Basallo,BAL,MIA,Sandy Alcantara,0.5,138.0,47.81,42.02,5.79,Medium,Positive edge,,1.8,1.5,PropLine game moneyline/total context | Open-Meteo weather context | Batter-vs-pitcher sample | Self-stored odds movement snapshots | Open-Meteo game weather features,batter_total_bases,,batter
2026-05-05T19:02:56.624438+00:00,2026,2026-05-05,batter_total_bases,Batter Total Bases,batter_total_bases,,Dylan Beavers,BAL,MIA,Sandy Alcantara,0.5,142.0,46.93,41.32,5.61,Medium,Positive edge,,1.2,1.5,PropLine game moneyline/total context | Open-Meteo weather context | Batter-vs-pitcher sample | Self-stored odds movement snapshots | Open-Meteo game weather features,batter_total_bases,,batter
2026-05-05T19:02:56.624438+00:00,2026,2026-05-05,batter_total_bases,Batter Total Bases,batter_total_bases,,Jeremiah Jackson,BAL,MIA,Sandy Alcantara,0.5,160.0,44.03,38.46,5.57,Medium,Positive edge,,1.2,-0.25,PropLine game moneyline/total context | Open-Meteo weather context | Batter-vs-pitcher sample | Self-stored odds movement snapshots | Open-Meteo game weather features,batter_total_bases,,batter
2026-05-05T19:02:56.624438+00:00,2026,2026-05-05,batter_total_bases,Batter Total Bases,batter_total_bases,,Kyle Stowers,MIA,BAL,Chris Bassitt,1.5,120.0,50.98,45.45,5.53,Medium,Positive edge,,0.6,1.5,PropLine game moneyline/total context | Open-Meteo weather context | Batter-vs-pitcher sample | Self-stored odds movement snapshots | Open-Meteo game weather features,batter_total_bases,,batter
2026-05-05T19:02:56.624438+00:00,2026,2026-05-05,batter_total_bases,Batter Total Bases,batter_total_bases,,Jeremiah Jackson,BAL,MIA,Sandy Alcantara,1.5,155.0,44.34,39.22,5.12,Medium,Positive edge,,1.2,-0.25,PropLine game moneyline/total context | Open-Meteo weather context | Batter-vs-pitcher sample | Self-stored odds movement snapshots | Open-Meteo game weather features,batter_total_bases,,batter
2026-05-05T19:02:56.624438+00:00,2026,2026-05-05,batter_total_bases,Batter Total Bases,batter_total_bases,,Gunnar Henderson,BAL,MIA,Sandy Alcantara,1.5,111.0,52.46,47.39,5.06,Medium,Positive edge,,1.8,1.5,PropLine game moneyline/total context | Open-Meteo weather context | Batter-vs-pitcher sample | Self-stored odds movement snapshots | Open-Meteo game weather features,batter_total_bases,,batter
2026-05-05T19:02:56.624438+00:00,2026,2026-05-05,batter_total_bases,Batter Total Bases,batter_total_bases,,Adley Rutschman,BAL,MIA,Sandy Alcantara,1.5,125.0,49.48,44.44,5.03,Medium,Positive edge,,,1.5,PropLine game moneyline/total context | Open-Meteo weather context | Batter-vs-pitcher sample | Self-stored odds movement snapshots | Open-Meteo game weather features,batter_total_bases,,batter
2026-05-05T19:02:56.624438+00:00,2026,2026-05-05,batter_total_bases,Batter Total Bases,batter_total_bases,,Kyle Stowers,MIA,BAL,Chris Bassitt,1.5,116.0,51.32,46.3,5.02,Medium,Positive edge,,0.6,1.5,PropLine game moneyline/total context | Open-Meteo weather context | Batter-vs-pitcher sample | Self-stored odds movement snapshots | Open-Meteo game weather features,batter_total_bases,,batter
2026-05-05T19:02:56.624438+00:00,2026,2026-05-05,batter_total_bases,Batter Total Bases,batter_total_bases,,Kyle Stowers,MIA,BAL,Chris Bassitt,1.5,115.0,51.4,46.51,4.89,Medium,Positive edge,,0.6,1.5,PropLine game moneyline/total context | Open-Meteo weather context | Batter-vs-pitcher sample | Self-stored odds movement snapshots | Open-Meteo game weather features,batter_total_bases,,batter
2026-05-05T19:02:56.624438+00:00,2026,2026-05-05,batter_total_bases,Batter Total Bases,batter_total_bases,,Connor Wong,BOS,DET,Framber Valdez,1.5,163.0,42.91,38.02,4.89,Medium,Positive edge,,,,PropLine game moneyline/total context | Open-Meteo weather context | Batter-vs-pitcher sample | Self-stored odds movement snapshots | Open-Meteo game weather features,batter_total_bases,,batter
2026-05-05T19:02:56.624438+00:00,2026,2026-05-05,batter_total_bases,Batter Total Bases,batter_total_bases,,Leody Taveras,BAL,MIA,Sandy Alcantara,0.5,135.0,47.42,42.55,4.87,Medium,Positive edge,,1.2,1.5,PropLine game moneyline/total context | Open-Meteo weather context | Batter-vs-pitcher sample | Self-stored odds movement snapshots | Open-Meteo game weather features,batter_total_bases,,batter
2026-05-05T21:03:49.263352+00:00,2026,2026-05-05,batter_hits,Batter Hits,batter_hits,,Xavier Edwards,MIA,BAL,Chris Bassitt,1.5,197.0,53.13,33.67,19.46,Low,Positive edge,,,1.06,PropLine game moneyline/total context | Open-Meteo weather context | Baseball Savant quality metrics | Batter-vs-pitcher sample | Self-stored odds movement snapshots | Open-Meteo game weather features,batter_hits,,batter
2026-05-05T21:03:49.263352+00:00,2026,2026-05-05,batter_hits,Batter Hits,batter_hits,,Otto Lopez,MIA,BAL,Chris Bassitt,1.5,190.0,50.89,34.48,16.41,Low,Positive edge,,,-1.5,PropLine game moneyline/total context | Open-Meteo weather context | Baseball Savant quality metrics | Batter-vs-pitcher sample | Self-stored odds movement snapshots | Open-Meteo game weather features,batter_hits,,batter
2026-05-05T21:03:49.263352+00:00,2026,2026-05-05,batter_hits,Batter Hits,batter_hits,,Adley Rutschman,BAL,MIA,Sandy Alcantara,0.5,187.0,48.04,34.84,13.19,Low,Positive edge,,,-1.5,PropLine game moneyline/total context | Open-Meteo weather context | Baseball Savant quality metrics | Batter-vs-pitcher sample | Self-stored odds movement snapshots | Open-Meteo game weather features,batter_hits,,batter
2026-05-05T21:03:49.263352+00:00,2026,2026-05-05,batter_hits,Batter Hits,batter_hits,,Kyle Stowers,MIA,BAL,Chris Bassitt,0.5,180.0,48.89,35.71,13.17,Low,Positive edge,,,-1.5,PropLine game moneyline/total context | Open-Meteo weather context | Baseball Savant quality metrics | Batter-vs-pitcher sample | Self-stored odds movement snapshots | Open-Meteo game weather features,batter_hits,,batter
2026-05-05T21:03:49.263352+00:00,2026,2026-05-05,batter_hits,Batter Hits,batter_hits,,Gunnar Henderson,BAL,MIA,Sandy Alcantara,0.5,192.0,45.3,34.25,11.05,Low,Positive edge,,,-1.5,PropLine game moneyline/total context | Open-Meteo weather context | Baseball Savant quality metrics | Batter-vs-pitcher sample | Self-stored odds movement snapshots | Open-Meteo game weather features,batter_hits,,batter
2026-05-05T21:03:49.263352+00:00,2026,2026-05-05,batter_hits,Batter Hits,batter_hits,,Jakob Marsee,MIA,BAL,Chris Bassitt,0.5,154.0,50.35,39.37,10.98,Low,Positive edge,,,-1.5,PropLine game moneyline/total context | Open-Meteo weather context | Baseball Savant quality metrics | Batter-vs-pitcher sample | Self-stored odds movement snapshots | Open-Meteo game weather features,batter_hits,,batter
2026-05-05T21:03:49.263352+00:00,2026,2026-05-05,batter_hits,Batter Hits,batter_hits,,Liam Hicks,MIA,BAL,Chris Bassitt,0.5,153.0,50.41,39.53,10.88,Low,Positive edge,,,-1.5,PropLine game moneyline/total context | Open-Meteo weather context | Baseball Savant quality metrics | Batter-vs-pitcher sample | Self-stored odds movement snapshots | Open-Meteo game weather features,batter_hits,,batter
2026-05-05T21:03:49.263352+00:00,2026,2026-05-05,batter_hits,Batter Hits,batter_hits,,Pete Alonso,BAL,MIA,Sandy Alcantara,0.5,187.0,45.54,34.84,10.69,Low,Positive edge,,,-1.5,PropLine game moneyline/total context | Open-Meteo weather context | Baseball Savant quality metrics | Batter-vs-pitcher sample | Self-stored odds movement snapshots | Open-Meteo game weather features,batter_hits,,batter
2026-05-05T21:03:49.263352+00:00,2026,2026-05-05,batter_total_bases,Batter Total Bases,batter_total_bases,,Xavier Edwards,MIA,BAL,Chris Bassitt,1.5,141.0,51.3,41.49,9.8,Low,Positive edge,,,1.5,PropLine game moneyline/total context | Open-Meteo weather context | Baseball Savant quality metrics | Batter-vs-pitcher sample | Self-stored odds movement snapshots | Open-Meteo game weather features,batter_total_bases,,batter
2026-05-05T21:03:49.263352+00:00,2026,2026-05-05,batter_total_bases,Batter Total Bases,batter_total_bases,,Liam Hicks,MIA,BAL,Chris Bassitt,0.5,158.0,48.48,38.76,9.72,Low,Positive edge,,,-0.23,PropLine game moneyline/total context | Open-Meteo weather context | Baseball Savant quality metrics | Batter-vs-pitcher sample | Self-stored odds movement snapshots | Open-Meteo game weather features,batter_total_bases,,batter
2026-05-05T21:03:49.263352+00:00,2026,2026-05-05,batter_total_bases,Batter Total Bases,batter_total_bases,,Xavier Edwards,MIA,BAL,Chris Bassitt,1.5,140.0,51.37,41.67,9.7,Low,Positive edge,,,1.5,PropLine game moneyline/total context | Open-Meteo weather context | Baseball Savant quality metrics | Batter-vs-pitcher sample | Self-stored odds movement snapshots | Open-Meteo game weather features,batter_total_bases,,batter
2026-05-05T21:03:49.263352+00:00,2026,2026-05-05,batter_hits,Batter Hits,batter_hits,,Taylor Ward,BAL,MIA,Sandy Alcantara,0.5,145.0,50.43,40.82,9.61,Low,Positive edge,,,-1.5,PropLine game moneyline/total context | Open-Meteo weather context | Baseball Savant quality metrics | Batter-vs-pitcher sample | Self-stored odds movement snapshots | Open-Meteo game weather features,batter_hits,,batter
2026-05-05T21:03:49.263352+00:00,2026,2026-05-05,batter_total_bases,Batter Total Bases,batter_total_bases,,Connor Norby,MIA,BAL,Chris Bassitt,1.5,165.0,47.29,37.74,9.56,Low,Positive edge,,,1.5,PropLine game moneyline/total context | Open-Meteo weather context | Baseball Savant quality metrics | Batter-vs-pitcher sample | Self-stored odds movement snapshots | Open-Meteo game weather features,batter_total_bases,,batter
2026-05-05T21:03:49.263352+00:00,2026,2026-05-05,batter_total_bases,Batter Total Bases,batter_total_bases,,Liam Hicks,MIA,BAL,Chris Bassitt,1.5,155.0,48.66,39.22,9.44,Low,Positive edge,,,-0.23,PropLine game moneyline/total context | Open-Meteo weather context | Baseball Savant quality metrics | Batter-vs-pitcher sample | Self-stored odds movement snapshots | Open-Meteo game weather features,batter_total_bases,,batter
2026-05-05T21:03:49.263352+00:00,2026,2026-05-05,batter_total_bases,Batter Total Bases,batter_total_bases,,Xavier Edwards,MIA,BAL,Chris Bassitt,1.5,133.0,51.87,42.92,8.95,Low,Positive edge,,,1.5,PropLine game moneyline/total context | Open-Meteo weather context | Baseball Savant quality metrics | Batter-vs-pitcher sample | Self-stored odds movement snapshots | Open-Meteo game weather features,batter_total_bases,,batter
2026-05-05T21:03:49.263352+00:00,2026,2026-05-05,batter_total_bases,Batter Total Bases,batter_total_bases,,Jakob Marsee,MIA,BAL,Chris Bassitt,1.5,155.0,47.89,39.22,8.67,Low,Positive edge,,,1.5,PropLine game moneyline/total context | Open-Meteo weather context | Baseball Savant quality metrics | Batter-vs-pitcher sample | Self-stored odds movement snapshots | Open-Meteo game weather features,batter_total_bases,,batter
2026-05-05T21:03:49.263352+00:00,2026,2026-05-05,batter_hits,Batter Hits,batter_hits,,Connor Norby,MIA,BAL,Chris Bassitt,0.5,131.0,51.92,43.29,8.63,Low,Positive edge,,,-1.5,PropLine game moneyline/total context | Open-Meteo weather context | Baseball Savant quality metrics | Batter-vs-pitcher sample | Self-stored odds movement snapshots | Open-Meteo game weather features,batter_hits,,batter
2026-05-05T21:03:49.263352+00:00,2026,2026-05-05,batter_hits,Batter Hits,batter_hits,,Jeremiah Jackson,BAL,MIA,Sandy Alcantara,0.5,160.0,46.98,38.46,8.52,Low,Positive edge,,,-1.5,PropLine game moneyline/total context | Open-Meteo weather context | Baseball Savant quality metrics | Batter-vs-pitcher sample | Self-stored odds movement snapshots | Open-Meteo game weather features,batter_hits,,batter
2026-05-05T21:03:49.263352+00:00,2026,2026-05-05,batter_total_bases,Batter Total Bases,batter_total_bases,,Jakob Marsee,MIA,BAL,Chris Bassitt,1.5,150.0,48.2,40.0,8.2,Low,Positive edge,,,1.5,PropLine game moneyline/total context | Open-Meteo weather context | Baseball Savant quality metrics | Batter-vs-pitcher sample | Self-stored odds movement snapshots | Open-Meteo game weather features,batter_total_bases,,batter
2026-05-05T21:03:49.263352+00:00,2026,2026-05-05,batter_total_bases,Batter Total Bases,batter_total_bases,,Joe Mack,MIA,BAL,Chris Bassitt,1.5,170.0,45.01,37.04,7.98,Low,Positive edge,,,1.5,PropLine game moneyline/total context | Open-Meteo weather context | Baseball Savant quality metrics | Batter-vs-pitcher sample | Self-stored odds movement snapshots | Open-Meteo game weather features,batter_total_bases,,batter
2026-05-05T21:03:49.263352+00:00,2026,2026-05-05,batter_total_bases,Batter Total Bases,batter_total_bases,,Jakob Marsee,MIA,BAL,Chris Bassitt,1.5,140.0,48.87,41.67,7.2,Low,Positive edge,,,1.5,PropLine game moneyline/total context | Open-Meteo weather context | Baseball Savant quality metrics | Batter-vs-pitcher sample | Self-stored odds movement snapshots | Open-Meteo game weather features,batter_total_bases,,batter
2026-05-05T21:03:49.263352+00:00,2026,2026-05-05,batter_total_bases,Batter Total Bases,batter_total_bases,,Dylan Beavers,BAL,MIA,Sandy Alcantara,1.5,170.0,44.01,37.04,6.98,Low,Positive edge,,,1.5,PropLine game moneyline/total context | Open-Meteo weather context | Baseball Savant quality metrics | Batter-vs-pitcher sample | Self-stored odds movement snapshots | Open-Meteo game weather features,batter_total_bases,,batter
2026-05-05T21:03:49.263352+00:00,2026,2026-05-05,batter_total_bases,Batter Total Bases,batter_total_bases,,Samuel Basallo,BAL,MIA,Sandy Alcantara,1.5,170.0,44.01,37.04,6.98,Low,Positive edge,,,1.5,PropLine game moneyline/total context | Open-Meteo weather context | Baseball Savant quality metrics | Batter-vs-pitcher sample | Self-stored odds movement snapshots | Open-Meteo game weather features,batter_total_bases,,batter
2026-05-05T21:03:49.263352+00:00,2026,2026-05-05,batter_total_bases,Batter Total Bases,batter_total_bases,,Colt Keith,DET,BOS,Jovani Morán,1.5,163.0,44.91,38.02,6.89,Low,Positive edge,,,,PropLine game moneyline/total context | Open-Meteo weather context | Baseball Savant quality metrics | Batter-vs-pitcher sample | Self-stored odds movement snapshots | Open-Meteo game weather features,batter_total_bases,,batter
2026-05-05T21:03:49.263352+00:00,2026,2026-05-05,batter_total_bases,Batter Total Bases,batter_total_bases,,Dillon Dingler,DET,BOS,Jovani Morán,1.5,135.0,49.22,42.55,6.67,Low,Positive edge,,,,PropLine game moneyline/total context | Open-Meteo weather context | Baseball Savant quality metrics | Batter-vs-pitcher sample | Self-stored odds movement snapshots | Open-Meteo game weather features,batter_total_bases,,batter
2026-05-05T21:03:49.263352+00:00,2026,2026-05-05,batter_hits,Batter Hits,batter_hits,,Dylan Beavers,BAL,MIA,Sandy Alcantara,0.5,139.0,48.34,41.84,6.5,Low,Positive edge,,,-1.5,PropLine game moneyline/total context | Open-Meteo weather context | Baseball Savant quality metrics | Batter-vs-pitcher sample | Self-stored odds movement snapshots | Open-Meteo game weather features,batter_hits,,batter
2026-05-05T21:03:49.263352+00:00,2026,2026-05-05,batter_total_bases,Batter Total Bases,batter_total_bases,,Leody Taveras,BAL,MIA,Sandy Alcantara,1.5,163.0,44.41,38.02,6.39,Low,Positive edge,,,1.5,PropLine game moneyline/total context | Open-Meteo weather context | Baseball Savant quality metrics | Batter-vs-pitcher sample | Self-stored odds movement snapshots | Open-Meteo game weather features,batter_total_bases,,batter
2026-05-05T21:03:49.263352+00:00,2026,2026-05-05,batter_total_bases,Batter Total Bases,batter_total_bases,,Connor Norby,MIA,BAL,Chris Bassitt,0.5,131.0,49.52,43.29,6.23,Low,Positive edge,,,1.5,PropLine game moneyline/total context | Open-Meteo weather context | Baseball Savant quality metrics | Batter-vs-pitcher sample | Self-stored odds movement snapshots | Open-Meteo game weather features,batter_total_bases,,batter
2026-05-05T21:03:49.263352+00:00,2026,2026-05-05,batter_hits,Batter Hits,batter_hits,,Joe Mack,MIA,BAL,Chris Bassitt,0.5,127.0,50.22,44.05,6.17,Low,Positive edge,,,-1.5,PropLine game moneyline/total context | Open-Meteo weather context | Baseball Savant quality metrics | Batter-vs-pitcher sample | Self-stored odds movement snapshots | Open-Meteo game weather features,batter_hits,,batter
2026-05-05T21:03:49.263352+00:00,2026,2026-05-05,batter_total_bases,Batter Total Bases,batter_total_bases,,Taylor Ward,BAL,MIA,Sandy Alcantara,1.5,160.0,44.58,38.46,6.12,Low,Positive edge,,,1.5,PropLine game moneyline/total context | Open-Meteo weather context | Baseball Savant quality metrics | Batter-vs-pitcher sample | Self-stored odds movement snapshots | Open-Meteo game weather features,batter_total_bases,,batter
2026-05-05T21:03:49.263352+00:00,2026,2026-05-05,batter_hits,Batter Hits,batter_hits,,Christopher Morel,MIA,BAL,Chris Bassitt,0.5,110.0,53.65,47.62,6.03,Low,Positive edge,,,-1.5,PropLine game moneyline/total context | Open-Meteo weather context | Baseball Savant quality metrics | Batter-vs-pitcher sample | Self-stored odds movement snapshots | Open-Meteo game weather features,batter_hits,,batter
2026-05-05T21:03:49.263352+00:00,2026,2026-05-05,batter_total_bases,Batter Total Bases,batter_total_bases,,Adley Rutschman,BAL,MIA,Sandy Alcantara,1.5,133.0,48.87,42.92,5.95,Low,Positive edge,,,1.5,PropLine game moneyline/total context | Open-Meteo weather context | Baseball Savant quality metrics | Batter-vs-pitcher sample | Self-stored odds movement snapshots | Open-Meteo game weather features,batter_total_bases,,batter
2026-05-05T21:03:49.263352+00:00,2026,2026-05-05,batter_hits,Batter Hits,batter_hits,,Leody Taveras,BAL,MIA,Sandy Alcantara,0.5,131.0,48.92,43.29,5.63,Low,Positive edge,,,-1.5,PropLine game moneyline/total context | Open-Meteo weather context | Baseball Savant quality metrics | Batter-vs-pitcher sample | Self-stored odds movement snapshots | Open-Meteo game weather features,batter_hits,,batter
2026-05-05T21:03:49.263352+00:00,2026,2026-05-05,batter_total_bases,Batter Total Bases,batter_total_bases,,Taylor Ward,BAL,MIA,Sandy Alcantara,0.5,151.0,45.14,39.84,5.3,Low,Positive edge,,,1.5,PropLine game moneyline/total context | Open-Meteo weather context | Baseball Savant quality metrics | Batter-vs-pitcher sample | Self-stored odds movement snapshots | Open-Meteo game weather features,batter_total_bases,,batter
2026-05-05T21:03:49.263352+00:00,2026,2026-05-05,batter_hits,Batter Hits,batter_hits,,Samuel Basallo,BAL,MIA,Sandy Alcantara,0.5,127.0,49.22,44.05,5.17,Low,Positive edge,,,-1.5,PropLine game moneyline/total context | Open-Meteo weather context | Baseball Savant quality metrics | Batter-vs-pitcher sample | Self-stored odds movement snapshots | Open-Meteo game weather features,batter_hits,,batter
2026-05-05T21:03:49.263352+00:00,2026,2026-05-05,batter_total_bases,Batter Total Bases,batter_total_bases,,Adley Rutschman,BAL,MIA,Sandy Alcantara,1.5,125.0,49.48,44.44,5.03,Low,Positive edge,,,1.5,PropLine game moneyline/total context | Open-Meteo weather context | Baseball Savant quality metrics | Batter-vs-pitcher sample | Self-stored odds movement snapshots | Open-Meteo game weather features,batter_total_bases,,batter
2026-05-05T21:03:49.263352+00:00,2026,2026-05-05,batter_total_bases,Batter Total Bases,batter_total_bases,,Kyle Stowers,MIA,BAL,Chris Bassitt,1.5,120.0,50.38,45.45,4.93,Low,Positive edge,,,1.5,PropLine game moneyline/total context | Open-Meteo weather context | Baseball Savant quality metrics | Batter-vs-pitcher sample | Self-stored odds movement snapshots | Open-Meteo game weather features,batter_total_bases,,batter
2026-05-05T21:03:49.263352+00:00,2026,2026-05-05,batter_total_bases,Batter Total Bases,batter_total_bases,,Connor Wong,BOS,DET,Framber Valdez,1.5,163.0,42.91,38.02,4.89,Low,Positive edge,,,,PropLine game moneyline/total context | Open-Meteo weather context | Baseball Savant quality metrics | Batter-vs-pitcher sample | Self-stored odds movement snapshots | Open-Meteo game weather features,batter_total_bases,,batter
2026-05-05T21:03:49.263352+00:00,2026,2026-05-05,batter_total_bases,Batter Total Bases,batter_total_bases,,Otto Lopez,MIA,BAL,Chris Bassitt,1.5,122.0,49.72,45.05,4.67,Low,Positive edge,,,-1.5,PropLine game moneyline/total context | Open-Meteo weather context | Baseball Savant quality metrics | Batter-vs-pitcher sample | Self-stored odds movement snapshots | Open-Meteo game weather features,batter_total_bases,,batter
2026-05-05T21:03:49.263352+00:00,2026,2026-05-05,batter_total_bases,Batter Total Bases,batter_total_bases,,Taylor Ward,BAL,MIA,Sandy Alcantara,1.5,144.0,45.59,40.98,4.61,Low,Positive edge,,,1.5,PropLine game moneyline/total context | Open-Meteo weather context | Baseball Savant quality metrics | Batter-vs-pitcher sample | Self-stored odds movement snapshots | Open-Meteo game weather features,batter_total_bases,,batter
2026-05-05T21:03:49.263352+00:00,2026,2026-05-05,batter_total_bases,Batter Total Bases,batter_total_bases,,Kerry Carpenter,DET,BOS,Jovani Morán,1.5,138.0,46.51,42.02,4.49,Low,Positive edge,,,,PropLine game moneyline/total context | Open-Meteo weather context | Baseball Savant quality metrics | Batter-vs-pitcher sample | Self-stored odds movement snapshots | Open-Meteo game weather features,batter_total_bases,,batter
2026-05-05T21:03:49.263352+00:00,2026,2026-05-05,batter_total_bases,Batter Total Bases,batter_total_bases,,Matt Vierling,DET,BOS,Jovani Morán,1.5,138.0,46.51,42.02,4.49,Low,Positive edge,,,,PropLine game moneyline/total context | Open-Meteo weather context | Baseball Savant quality metrics | Batter-vs-pitcher sample | Self-stored odds movement snapshots | Open-Meteo game weather features,batter_total_bases,,batter
2026-05-05T21:03:49.263352+00:00,2026,2026-05-05,batter_total_bases,Batter Total Bases,batter_total_bases,,Adley Rutschman,BAL,MIA,Sandy Alcantara,1.5,120.0,49.88,45.45,4.43,Low,Positive edge,,,1.5,PropLine game moneyline/total context | Open-Meteo weather context | Baseball Savant quality metrics | Batter-vs-pitcher sample | Self-stored odds movement snapshots | Open-Meteo game weather features,batter_total_bases,,batter
2026-05-05T21:03:49.263352+00:00,2026,2026-05-05,batter_total_bases,Batter Total Bases,batter_total_bases,,Kyle Stowers,MIA,BAL,Chris Bassitt,1.5,116.0,50.72,46.3,4.42,Low,Positive edge,,,1.5,PropLine game moneyline/total context | Open-Meteo weather context | Baseball Savant quality metrics | Batter-vs-pitcher sample | Self-stored odds movement snapshots | Open-Meteo game weather features,batter_total_bases,,batter
2026-05-05T21:03:49.263352+00:00,2026,2026-05-05,batter_total_bases,Batter Total Bases,batter_total_bases,,Dylan Beavers,BAL,MIA,Sandy Alcantara,0.5,142.0,45.73,41.32,4.41,Low,Positive edge,,,1.5,PropLine game moneyline/total context | Open-Meteo weather context | Baseball Savant quality metrics | Batter-vs-pitcher sample | Self-stored odds movement snapshots | Open-Meteo game weather features,batter_total_bases,,batter
2026-05-05T21:03:49.263352+00:00,2026,2026-05-05,batter_total_bases,Batter Total Bases,batter_total_bases,,Jeremiah Jackson,BAL,MIA,Sandy Alcantara,0.5,160.0,42.83,38.46,4.37,Low,Positive edge,,,-0.25,PropLine game moneyline/total context | Open-Meteo weather context | Baseball Savant quality metrics | Batter-vs-pitcher sample | Self-stored odds movement snapshots | Open-Meteo game weather features,batter_total_bases,,batter
2026-05-05T21:03:49.263352+00:00,2026,2026-05-05,batter_total_bases,Batter Total Bases,batter_total_bases,,Otto Lopez,MIA,BAL,Chris Bassitt,1.5,119.0,49.96,45.66,4.3,Low,Positive edge,,,-1.5,PropLine game moneyline/total context | Open-Meteo weather context | Baseball Savant quality metrics | Batter-vs-pitcher sample | Self-stored odds movement snapshots | Open-Meteo game weather features,batter_total_bases,,batter
2026-05-05T21:03:49.263352+00:00,2026,2026-05-05,batter_total_bases,Batter Total Bases,batter_total_bases,,Kyle Stowers,MIA,BAL,Chris Bassitt,1.5,115.0,50.8,46.51,4.29,Low,Positive edge,,,1.5,PropLine game moneyline/total context | Open-Meteo weather context | Baseball Savant quality metrics | Batter-vs-pitcher sample | Self-stored odds movement snapshots | Open-Meteo game weather features,batter_total_bases,,batter
2026-05-05T21:03:49.263352+00:00,2026,2026-05-05,batter_total_bases,Batter Total Bases,batter_total_bases,,Samuel Basallo,BAL,MIA,Sandy Alcantara,0.5,138.0,46.01,42.02,3.99,Low,No clear edge,,,1.5,PropLine game moneyline/total context | Open-Meteo weather context | Baseball Savant quality metrics | Batter-vs-pitcher sample | Self-stored odds movement snapshots | Open-Meteo game weather features,batter_total_bases,,batter
2026-05-05T21:03:49.263352+00:00,2026,2026-05-05,batter_total_bases,Batter Total Bases,batter_total_bases,,Jeremiah Jackson,BAL,MIA,Sandy Alcantara,1.5,155.0,43.14,39.22,3.92,Low,No clear edge,,,-0.25,PropLine game moneyline/total context | Open-Meteo weather context | Baseball Savant quality metrics | Batter-vs-pitcher sample | Self-stored odds movement snapshots | Open-Meteo game weather features,batter_total_bases,,batter
2026-05-05T21:03:49.263352+00:00,2026,2026-05-05,batter_total_bases,Batter Total Bases,batter_total_bases,,Joe Mack,MIA,BAL,Chris Bassitt,0.5,127.0,47.82,44.05,3.77,Low,No clear edge,,,1.5,PropLine game moneyline/total context | Open-Meteo weather context | Baseball Savant quality metrics | Batter-vs-pitcher sample | Self-stored odds movement snapshots | Open-Meteo game weather features,batter_total_bases,,batter
2026-05-05T21:03:49.263352+00:00,2026,2026-05-05,batter_total_bases,Batter Total Bases,batter_total_bases,,Leody Taveras,BAL,MIA,Sandy Alcantara,0.5,135.0,46.22,42.55,3.67,Low,No clear edge,,,1.5,PropLine game moneyline/total context | Open-Meteo weather context | Baseball Savant quality metrics | Batter-vs-pitcher sample | Self-stored odds movement snapshots | Open-Meteo game weather features,batter_total_bases,,batter
2026-05-05T21:03:49.263352+00:00,2026,2026-05-05,batter_hits,Batter Hits,batter_hits,,Owen Caissie,MIA,BAL,Chris Bassitt,0.5,107.0,51.92,48.31,3.61,Low,No clear edge,,,-1.5,PropLine game moneyline/total context | Open-Meteo weather context | Baseball Savant quality metrics | Batter-vs-pitcher sample | Self-stored odds movement snapshots | Open-Meteo game weather features,batter_hits,,batter
2026-05-05T21:03:49.263352+00:00,2026,2026-05-05,pitcher_strikeouts,Pitcher Strikeouts,pitcher_strikeouts,,Sandy Alcantara,MIA,BAL,Sandy Alcantara,5.5,127.0,47.62,44.05,3.57,Low-Medium,No clear edge,,,1.5,PropLine game moneyline/total context | Open-Meteo weather context | Baseball Savant quality metrics | Self-stored odds movement snapshots | Open-Meteo game weather features,pitcher_strikeouts,,pitcher
2026-05-05T21:03:49.263352+00:00,2026,2026-05-05,batter_total_bases,Batter Total Bases,batter_total_bases,,Gunnar Henderson,BAL,MIA,Sandy Alcantara,1.5,111.0,50.66,47.39,3.26,Low,No clear edge,,,1.5,PropLine game moneyline/total context | Open-Meteo weather context | Baseball Savant quality metrics | Batter-vs-pitcher sample | Self-stored odds movement snapshots | Open-Meteo game weather features,batter_total_bases,,batter
2026-05-05T21:03:49.263352+00:00,2026,2026-05-05,batter_total_bases,Batter Total Bases,batter_total_bases,,Riley Greene,DET,BOS,Jovani Morán,1.5,125.0,47.48,44.44,3.03,Low,No clear edge,,,,PropLine game moneyline/total context | Open-Meteo weather context | Baseball Savant quality metrics | Batter-vs-pitcher sample | Self-stored odds movement snapshots | Open-Meteo game weather features,batter_total_bases,,batter
2026-05-05T21:03:49.263352+00:00,2026,2026-05-05,pitcher_strikeouts,Pitcher Strikeouts,pitcher_strikeouts,,Sandy Alcantara,MIA,BAL,Sandy Alcantara,5.5,122.0,48.02,45.05,2.97,Low-Medium,No clear edge,,,1.5,PropLine game moneyline/total context | Open-Meteo weather context | Baseball Savant quality metrics | Self-stored odds movement snapshots | Open-Meteo game weather features,pitcher_strikeouts,,pitcher
2026-05-05T21:03:49.263352+00:00,2026,2026-05-05,batter_total_bases,Batter Total Bases,batter_total_bases,,Gunnar Henderson,BAL,MIA,Sandy Alcantara,1.5,108.0,50.93,48.08,2.85,Low,No clear edge,,,1.5,PropLine game moneyline/total context | Open-Meteo weather context | Baseball Savant quality metrics | Batter-vs-pitcher sample | Self-stored odds movement snapshots | Open-Meteo game weather features,batter_total_bases,,batter
2026-05-05T21:03:49.263352+00:00,2026,2026-05-05,pitcher_hits_allowed,Pitcher Hits Allowed,pitcher_hits_allowed,,Chris Bassitt,BAL,MIA,Chris Bassitt,5.5,-105.0,53.99,51.22,2.77,Low-Medium,No clear edge,,,1.5,PropLine game moneyline/total context | Open-Meteo weather context | Baseball Savant quality metrics | Self-stored odds movement snapshots | Open-Meteo game weather features,pitcher_hits_allowed,,pitcher
2026-05-05T21:03:49.263352+00:00,2026,2026-05-05,batter_total_bases,Batter Total Bases,batter_total_bases,,Gunnar Henderson,BAL,MIA,Sandy Alcantara,1.5,106.0,51.12,48.54,2.57,Low,No clear edge,,,1.5,PropLine game moneyline/total context | Open-Meteo weather context | Baseball Savant quality metrics | Batter-vs-pitcher sample | Self-stored odds movement snapshots | Open-Meteo game weather features,batter_total_bases,,batter
2026-05-05T21:03:49.263352+00:00,2026,2026-05-05,batter_total_bases,Batter Total Bases,batter_total_bases,,Pete Alonso,BAL,MIA,Sandy Alcantara,1.5,125.0,46.98,44.44,2.53,Low,No clear edge,,,1.5,PropLine game moneyline/total context | Open-Meteo weather context | Baseball Savant quality metrics | Batter-vs-pitcher sample | Self-stored odds movement snapshots | Open-Meteo game weather features,batter_total_bases,,batter
2026-05-05T21:03:49.263352+00:00,2026,2026-05-05,batter_total_bases,Batter Total Bases,batter_total_bases,,Otto Lopez,MIA,BAL,Chris Bassitt,1.5,105.0,51.21,48.78,2.43,Low,No clear edge,,,-1.5,PropLine game moneyline/total context | Open-Meteo weather context | Baseball Savant quality metrics | Batter-vs-pitcher sample | Self-stored odds movement snapshots | Open-Meteo game weather features,batter_total_bases,,batter
2026-05-05T21:03:49.263352+00:00,2026,2026-05-05,pitcher_strikeouts,Pitcher Strikeouts,pitcher_strikeouts,,Sandy Alcantara,MIA,BAL,Sandy Alcantara,5.5,116.0,48.52,46.3,2.22,Low-Medium,No clear edge,,,1.5,PropLine game moneyline/total context | Open-Meteo weather context | Baseball Savant quality metrics | Self-stored odds movement snapshots | Open-Meteo game weather features,pitcher_strikeouts,,pitcher
2026-05-05T21:03:49.263352+00:00,2026,2026-05-05,batter_total_bases,Batter Total Bases,batter_total_bases,,Ceddanne Rafaela,BOS,DET,Framber Valdez,1.5,135.0,44.72,42.55,2.17,Low,No clear edge,,,,PropLine game moneyline/total context | Open-Meteo weather context | Baseball Savant quality metrics | Batter-vs-pitcher sample | Self-stored odds movement snapshots | Open-Meteo game weather features,batter_total_bases,,batter
2026-05-05T21:03:49.263352+00:00,2026,2026-05-05,pitcher_strikeouts,Pitcher Strikeouts,pitcher_strikeouts,,Sandy Alcantara,MIA,BAL,Sandy Alcantara,5.5,114.0,48.69,46.73,1.96,Low-Medium,No clear edge,,,1.5,PropLine game moneyline/total context | Open-Meteo weather context | Baseball Savant quality metrics | Self-stored odds movement snapshots | Open-Meteo game weather features,pitcher_strikeouts,,pitcher
2026-05-05T21:03:49.263352+00:00,2026,2026-05-05,batter_total_bases,Batter Total Bases,batter_total_bases,,Kevin McGonigle,DET,BOS,Jovani Morán,1.5,-104.0,52.59,50.98,1.61,Low,No clear edge,,,,PropLine game moneyline/total context | Open-Meteo weather context | Baseball Savant quality metrics | Batter-vs-pitcher sample | Self-stored odds movement snapshots | Open-Meteo game weather features,batter_total_bases,,batter
2026-05-05T21:03:49.263352+00:00,2026,2026-05-05,batter_total_bases,Batter Total Bases,batter_total_bases,,Trevor Story,BOS,DET,Framber Valdez,1.5,130.0,45.09,43.48,1.61,Low,No clear edge,,,,PropLine game moneyline/total context | Open-Meteo weather context | Baseball Savant quality metrics | Batter-vs-pitcher sample | Self-stored odds movement snapshots | Open-Meteo game weather features,batter_total_bases,,batter
2026-05-05T21:03:49.263352+00:00,2026,2026-05-05,pitcher_hits_allowed,Pitcher Hits Allowed,pitcher_hits_allowed,,Sandy Alcantara,MIA,BAL,Sandy Alcantara,5.5,106.0,49.42,48.54,0.87,Low-Medium,No clear edge,,,-1.5,PropLine game moneyline/total context | Open-Meteo weather context | Baseball Savant quality metrics | Self-stored odds movement snapshots | Open-Meteo game weather features,pitcher_hits_allowed,,pitcher
2026-05-05T21:03:49.263352+00:00,2026,2026-05-05,pitcher_hits_allowed,Pitcher Hits Allowed,pitcher_hits_allowed,,Chris Bassitt,BAL,MIA,Chris Bassitt,5.5,-121.0,55.4,54.75,0.65,Low-Medium,No clear edge,,,1.5,PropLine game moneyline/total context | Open-Meteo weather context | Baseball Savant quality metrics | Self-stored odds movement snapshots | Open-Meteo game weather features,pitcher_hits_allowed,,pitcher
2026-05-05T21:03:49.263352+00:00,2026,2026-05-05,batter_total_bases,Batter Total Bases,batter_total_bases,,Pete Alonso,BAL,MIA,Sandy Alcantara,1.5,110.0,48.25,47.62,0.63,Low,No clear edge,,,1.5,PropLine game moneyline/total context | Open-Meteo weather context | Baseball Savant quality metrics | Batter-vs-pitcher sample | Self-stored odds movement snapshots | Open-Meteo game weather features,batter_total_bases,,batter
2026-05-05T21:03:49.263352+00:00,2026,2026-05-05,batter_hits,Batter Hits,batter_hits,,Blaze Alexander,BAL,MIA,Sandy Alcantara,0.5,107.0,48.92,48.31,0.61,Low,No clear edge,,,-1.5,PropLine game moneyline/total context | Open-Meteo weather context | Baseball Savant quality metrics | Batter-vs-pitcher sample | Self-stored odds movement snapshots | Open-Meteo game weather features,batter_hits,,batter
2026-05-05T21:03:49.263352+00:00,2026,2026-05-05,batter_total_bases,Batter Total Bases,batter_total_bases,,Pete Alonso,BAL,MIA,Sandy Alcantara,1.5,108.0,48.43,48.08,0.35,Low,No clear edge,,,1.5,PropLine game moneyline/total context | Open-Meteo weather context | Baseball Savant quality metrics | Batter-vs-pitcher sample | Self-stored odds movement snapshots | Open-Meteo game weather features,batter_total_bases,,batter
2026-05-05T21:03:49.263352+00:00,2026,2026-05-05,batter_home_runs,Batter Home Runs,batter_home_runs,,Gunnar Henderson,BAL,MIA,Sandy Alcantara,0.5,539.0,15.96,15.65,0.31,Low,No clear edge,,,1.5,PropLine game moneyline/total context | Open-Meteo weather context | Baseball Savant quality metrics | Batter-vs-pitcher sample | Self-stored odds movement snapshots | Open-Meteo game weather features,batter_home_runs,,batter
2026-05-05T21:03:49.263352+00:00,2026,2026-05-05,batter_home_runs,Batter Home Runs,batter_home_runs,,Kyle Stowers,MIA,BAL,Chris Bassitt,0.5,503.0,16.83,16.58,0.25,Low,No clear edge,,,1.5,PropLine game moneyline/total context | Open-Meteo weather context | Baseball Savant quality metrics | Batter-vs-pitcher sample | Self-stored odds movement snapshots | Open-Meteo game weather features,batter_home_runs,,batter
2026-05-05T21:03:49.263352+00:00,2026,2026-05-05,pitcher_hits_allowed,Pitcher Hits Allowed,pitcher_hits_allowed,,Sandy Alcantara,MIA,BAL,Sandy Alcantara,5.5,101.0,49.9,49.75,0.15,Low-Medium,No clear edge,,,-1.5,PropLine game moneyline/total context | Open-Meteo weather context | Baseball Savant quality metrics | Self-stored odds movement snapshots | Open-Meteo game weather features,pitcher_hits_allowed,,pitcher
2026-05-05T21:03:49.263352+00:00,2026,2026-05-05,pitcher_hits_allowed,Pitcher Hits Allowed,pitcher_hits_allowed,,Chris Bassitt,BAL,MIA,Chris Bassitt,5.5,-126.0,55.8,55.75,0.05,Low-Medium,No clear edge,,,1.5,PropLine game moneyline/total context | Open-Meteo weather context | Baseball Savant quality metrics | Self-stored odds movement snapshots | Open-Meteo game weather features,pitcher_hits_allowed,,pitcher
2026-05-05T21:03:49.263352+00:00,2026,2026-05-05,pitcher_earned_runs,Pitcher Earned Runs,pitcher_earned_runs,,Sandy Alcantara,MIA,BAL,Sandy Alcantara,2.5,-108.0,50.77,51.92,-1.15,Low-Medium,No clear edge,,,-1.5,PropLine game moneyline/total context | Open-Meteo weather context | Baseball Savant quality metrics | Self-stored odds movement snapshots | Open-Meteo game weather features,pitcher_earned_runs,,pitcher
2026-05-05T21:03:49.263352+00:00,2026,2026-05-05,batter_hits,Batter Hits,batter_hits,,Christopher Morel,MIA,BAL,Chris Bassitt,0.5,-148.0,58.47,59.68,-1.21,Low,No clear edge,,,-1.5,PropLine game moneyline/total context | Open-Meteo weather context | Baseball Savant quality metrics | Batter-vs-pitcher sample | Self-stored odds movement snapshots | Open-Meteo game weather features,batter_hits,,batter
2026-05-05T21:03:49.263352+00:00,2026,2026-05-05,pitcher_earned_runs,Pitcher Earned Runs,pitcher_earned_runs,,Chris Bassitt,BAL,MIA,Chris Bassitt,2.5,-111.0,51.3,52.61,-1.3,Low-Medium,No clear edge,,,0.76,PropLine game moneyline/total context | Open-Meteo weather context | Baseball Savant quality metrics | Self-stored odds movement snapshots | Open-Meteo game weather features,pitcher_earned_runs,,pitcher
2026-05-05T21:03:49.263352+00:00,2026,2026-05-05,batter_total_bases,Batter Total Bases,batter_total_bases,,Christopher Morel,MIA,BAL,Chris Bassitt,0.5,110.0,46.25,47.62,-1.37,Low,No clear edge,,,-1.5,PropLine game moneyline/total context | Open-Meteo weather context | Baseball Savant quality metrics | Batter-vs-pitcher sample | Self-stored odds movement snapshots | Open-Meteo game weather features,batter_total_bases,,batter
2026-05-05T21:03:49.263352+00:00,2026,2026-05-05,pitcher_earned_runs,Pitcher Earned Runs,pitcher_earned_runs,,Chris Bassitt,BAL,MIA,Chris Bassitt,2.5,-115.0,51.66,53.49,-1.83,Low-Medium,No clear edge,,,0.76,PropLine game moneyline/total context | Open-Meteo weather context | Baseball Savant quality metrics | Self-stored odds movement snapshots | Open-Meteo game weather features,pitcher_earned_runs,,pitcher
2026-05-05T21:03:49.263352+00:00,2026,2026-05-05,batter_total_bases,Batter Total Bases,batter_total_bases,,Owen Caissie,MIA,BAL,Chris Bassitt,0.5,-108.0,49.97,51.92,-1.95,Low,No clear edge,,,-1.5,PropLine game moneyline/total context | Open-Meteo weather context | Baseball Savant quality metrics | Batter-vs-pitcher sample | Self-stored odds movement snapshots | Open-Meteo game weather features,batter_total_bases,,batter
2026-05-05T21:03:49.263352+00:00,2026,2026-05-05,batter_home_runs,Batter Home Runs,batter_home_runs,,Samuel Basallo,BAL,MIA,Sandy Alcantara,0.5,486.0,15.03,17.06,-2.04,Low,No clear edge,,,1.5,PropLine game moneyline/total context | Open-Meteo weather context | Baseball Savant quality metrics | Batter-vs-pitcher sample | Self-stored odds movement snapshots | Open-Meteo game weather features,batter_home_runs,,batter
2026-05-05T21:03:49.263352+00:00,2026,2026-05-05,pitcher_earned_runs,Pitcher Earned Runs,pitcher_earned_runs,,Chris Bassitt,BAL,MIA,Chris Bassitt,2.5,-118.0,51.91,54.13,-2.22,Low-Medium,No clear edge,,,0.76,PropLine game moneyline/total context | Open-Meteo weather context | Baseball Savant quality metrics | Self-stored odds movement snapshots | Open-Meteo game weather features,pitcher_earned_runs,,pitcher
2026-05-05T21:03:49.263352+00:00,2026,2026-05-05,pitcher_earned_runs,Pitcher Earned Runs,pitcher_earned_runs,,Chris Bassitt,BAL,MIA,Chris Bassitt,2.5,-119.0,52.0,54.34,-2.34,Low-Medium,No clear edge,,,0.76,PropLine game moneyline/total context | Open-Meteo weather context | Baseball Savant quality metrics | Self-stored odds movement snapshots | Open-Meteo game weather features,pitcher_earned_runs,,pitcher
2026-05-05T21:03:49.263352+00:00,2026,2026-05-05,pitcher_strikeouts,Pitcher Strikeouts,pitcher_strikeouts,,Chris Bassitt,BAL,MIA,Chris Bassitt,4.5,-104.0,48.39,50.98,-2.59,Low-Medium,No clear edge,,,1.5,PropLine game moneyline/total context | Open-Meteo weather context | Baseball Savant quality metrics | Self-stored odds movement snapshots | Open-Meteo game weather features,pitcher_strikeouts,,pitcher
2026-05-05T21:03:49.263352+00:00,2026,2026-05-05,batter_hits,Batter Hits,batter_hits,,Owen Caissie,MIA,BAL,Chris Bassitt,0.5,-145.0,56.27,59.18,-2.91,Low,No clear edge,,,-1.5,PropLine game moneyline/total context | Open-Meteo weather context | Baseball Savant quality metrics | Batter-vs-pitcher sample | Self-stored odds movement snapshots | Open-Meteo game weather features,batter_hits,,batter
2026-05-05T21:03:49.263352+00:00,2026,2026-05-05,batter_hits,Batter Hits,batter_hits,,Connor Norby,MIA,BAL,Chris Bassitt,0.5,-167.0,59.62,62.55,-2.93,Low,No clear edge,,,-1.5,PropLine game moneyline/total context | Open-Meteo weather context | Baseball Savant quality metrics | Batter-vs-pitcher sample | Self-stored odds movement snapshots | Open-Meteo game weather features,batter_hits,,batter
2026-05-05T21:03:49.263352+00:00,2026,2026-05-05,batter_home_runs,Batter Home Runs,batter_home_runs,,Pete Alonso,BAL,MIA,Sandy Alcantara,0.5,436.0,15.66,18.66,-2.99,Low,No clear edge,,,1.5,PropLine game moneyline/total context | Open-Meteo weather context | Baseball Savant quality metrics | Batter-vs-pitcher sample | Self-stored odds movement snapshots | Open-Meteo game weather features,batter_home_runs,,batter
2026-05-05T21:03:49.263352+00:00,2026,2026-05-05,pitcher_earned_runs,Pitcher Earned Runs,pitcher_earned_runs,,Sandy Alcantara,MIA,BAL,Sandy Alcantara,2.5,-123.0,52.06,55.16,-3.09,Low-Medium,No clear edge,,,-1.5,PropLine game moneyline/total context | Open-Meteo weather context | Baseball Savant quality metrics | Self-stored odds movement snapshots | Open-Meteo game weather features,pitcher_earned_runs,,pitcher
2026-05-05T21:03:49.263352+00:00,2026,2026-05-05,batter_hits,Batter Hits,batter_hits,,Xavier Edwards,MIA,BAL,Chris Bassitt,0.5,-250.0,68.23,71.43,-3.2,Low,No clear edge,,,1.06,PropLine game moneyline/total context | Open-Meteo weather context | Baseball Savant quality metrics | Batter-vs-pitcher sample | Self-stored odds movement snapshots | Open-Meteo game weather features,batter_hits,,batter
2026-05-05T21:03:49.263352+00:00,2026,2026-05-05,pitcher_earned_runs,Pitcher Earned Runs,pitcher_earned_runs,,Sandy Alcantara,MIA,BAL,Sandy Alcantara,2.5,-125.0,52.22,55.56,-3.33,Low-Medium,No clear edge,,,-1.5,PropLine game moneyline/total context | Open-Meteo weather context | Baseball Savant quality metrics | Self-stored odds movement snapshots | Open-Meteo game weather features,pitcher_earned_runs,,pitcher
2026-05-05T21:03:49.263352+00:00,2026,2026-05-05,pitcher_strikeouts,Pitcher Strikeouts,pitcher_strikeouts,,Chris Bassitt,BAL,MIA,Chris Bassitt,4.5,-112.0,49.13,52.83,-3.7,Low-Medium,No clear edge,,,1.5,PropLine game moneyline/total context | Open-Meteo weather context | Baseball Savant quality metrics | Self-stored odds movement snapshots | Open-Meteo game weather features,pitcher_strikeouts,,pitcher
2026-05-05T21:03:49.263352+00:00,2026,2026-05-05,batter_total_bases,Batter Total Bases,batter_total_bases,,Xavier Edwards,MIA,BAL,Chris Bassitt,1.5,-179.0,60.36,64.16,-3.79,Low,No clear edge,,,1.5,PropLine game moneyline/total context | Open-Meteo weather context | Baseball Savant quality metrics | Batter-vs-pitcher sample | Self-stored odds movement snapshots | Open-Meteo game weather features,batter_total_bases,,batter
2026-05-05T21:03:49.263352+00:00,2026,2026-05-05,batter_hits,Batter Hits,batter_hits,,Connor Norby,MIA,BAL,Chris Bassitt,0.5,-179.0,60.26,64.16,-3.89,Low,No clear edge,,,-1.5,PropLine game moneyline/total context | Open-Meteo weather context | Baseball Savant quality metrics | Batter-vs-pitcher sample | Self-stored odds movement snapshots | Open-Meteo game weather features,batter_hits,,batter
2026-05-05T21:03:49.263352+00:00,2026,2026-05-05,batter_total_bases,Batter Total Bases,batter_total_bases,,Owen Caissie,MIA,BAL,Chris Bassitt,0.5,-123.0,51.26,55.16,-3.89,Low,No clear edge,,,-1.5,PropLine game moneyline/total context | Open-Meteo weather context | Baseball Savant quality metrics | Batter-vs-pitcher sample | Self-stored odds movement snapshots | Open-Meteo game weather features,batter_total_bases,,batter
2026-05-05T21:03:49.263352+00:00,2026,2026-05-05,batter_total_bases,Batter Total Bases,batter_total_bases,,Gunnar Henderson,BAL,MIA,Sandy Alcantara,1.5,-147.0,55.51,59.51,-4.01,Low,Negative edge / avoid,,,1.5,PropLine game moneyline/total context | Open-Meteo weather context | Baseball Savant quality metrics | Batter-vs-pitcher sample | Self-stored odds movement snapshots | Open-Meteo game weather features,batter_total_bases,,batter
2026-05-05T21:03:49.263352+00:00,2026,2026-05-05,pitcher_strikeouts,Pitcher Strikeouts,pitcher_strikeouts,,Chris Bassitt,BAL,MIA,Chris Bassitt,4.5,-115.0,49.4,53.49,-4.09,Medium,Negative edge / avoid,,,1.5,PropLine game moneyline/total context | Open-Meteo weather context | Baseball Savant quality metrics | Self-stored odds movement snapshots | Open-Meteo game weather features,pitcher_strikeouts,,pitcher
2026-05-05T21:03:49.263352+00:00,2026,2026-05-05,batter_total_bases,Batter Total Bases,batter_total_bases,,Gunnar Henderson,BAL,MIA,Sandy Alcantara,1.5,-150.0,55.7,60.0,-4.3,Low,Negative edge / avoid,,,1.5,PropLine game moneyline/total context | Open-Meteo weather context | Baseball Savant quality metrics | Batter-vs-pitcher sample | Self-stored odds movement snapshots | Open-Meteo game weather features,batter_total_bases,,batter
2026-05-05T21:03:49.263352+00:00,2026,2026-05-05,batter_total_bases,Batter Total Bases,batter_total_bases,,Blaze Alexander,BAL,MIA,Sandy Alcantara,0.5,110.0,43.25,47.62,-4.37,Low,Negative edge / avoid,,,-1.5,PropLine game moneyline/total context | Open-Meteo weather context | Baseball Savant quality metrics | Batter-vs-pitcher sample | Self-stored odds movement snapshots | Open-Meteo game weather features,batter_total_bases,,batter
2026-05-05T21:03:49.263352+00:00,2026,2026-05-05,batter_total_bases,Batter Total Bases,batter_total_bases,,Kyle Stowers,MIA,BAL,Chris Bassitt,1.5,-157.0,56.64,61.09,-4.45,Low,Negative edge / avoid,,,1.5,PropLine game moneyline/total context | Open-Meteo weather context | Baseball Savant quality metrics | Batter-vs-pitcher sample | Self-stored odds movement snapshots | Open-Meteo game weather features,batter_total_bases,,batter
2026-05-05T21:03:49.263352+00:00,2026,2026-05-05,batter_hits,Batter Hits,batter_hits,,Xavier Edwards,MIA,BAL,Chris Bassitt,1.5,-278.0,69.08,73.54,-4.47,Low,Negative edge / avoid,,,1.06,PropLine game moneyline/total context | Open-Meteo weather context | Baseball Savant quality metrics | Batter-vs-pitcher sample | Self-stored odds movement snapshots | Open-Meteo game weather features,batter_hits,,batter
2026-05-05T21:03:49.263352+00:00,2026,2026-05-05,pitcher_strikeouts,Pitcher Strikeouts,pitcher_strikeouts,,Chris Bassitt,BAL,MIA,Chris Bassitt,4.5,-118.0,49.65,54.13,-4.48,Medium,Negative edge / avoid,,,1.5,PropLine game moneyline/total context | Open-Meteo weather context | Baseball Savant quality metrics | Self-stored odds movement snapshots | Open-Meteo game weather features,pitcher_strikeouts,,pitcher
2026-05-05T21:03:49.263352+00:00,2026,2026-05-05,batter_hits,Batter Hits,batter_hits,,Spencer Torkelson,DET,BOS,Jovani Morán,0.5,-195.0,61.54,66.1,-4.56,Low,Negative edge / avoid,,,,PropLine game moneyline/total context | Open-Meteo weather context | Baseball Savant quality metrics | Batter-vs-pitcher sample | Self-stored odds movement snapshots | Open-Meteo game weather features,batter_hits,,batter
2026-05-05T21:03:49.263352+00:00,2026,2026-05-05,batter_total_bases,Batter Total Bases,batter_total_bases,,Xavier Edwards,MIA,BAL,Chris Bassitt,1.5,-190.0,60.91,65.52,-4.61,Low,Negative edge / avoid,,,1.5,PropLine game moneyline/total context | Open-Meteo weather context | Baseball Savant quality metrics | Batter-vs-pitcher sample | Self-stored odds movement snapshots | Open-Meteo game weather features,batter_total_bases,,batter
2026-05-05T21:03:49.263352+00:00,2026,2026-05-05,batter_hits,Batter Hits,batter_hits,,Taylor Ward,BAL,MIA,Sandy Alcantara,0.5,-182.0,59.92,64.54,-4.62,Low,Negative edge / avoid,,,-1.5,PropLine game moneyline/total context | Open-Meteo weather context | Baseball Savant quality metrics | Batter-vs-pitcher sample | Self-stored odds movement snapshots | Open-Meteo game weather features,batter_hits,,batter
2026-05-05T21:03:49.263352+00:00,2026,2026-05-05,batter_total_bases,Batter Total Bases,batter_total_bases,,Kyle Stowers,MIA,BAL,Chris Bassitt,1.5,-159.0,56.76,61.39,-4.63,Low,Negative edge / avoid,,,1.5,PropLine game moneyline/total context | Open-Meteo weather context | Baseball Savant quality metrics | Batter-vs-pitcher sample | Self-stored odds movement snapshots | Open-Meteo game weather features,batter_total_bases,,batter
2026-05-05T21:03:49.263352+00:00,2026,2026-05-05,batter_hits,Batter Hits,batter_hits,,Joe Mack,MIA,BAL,Chris Bassitt,0.5,-165.0,57.51,62.26,-4.76,Low,Negative edge / avoid,,,-1.5,PropLine game moneyline/total context | Open-Meteo weather context | Baseball Savant quality metrics | Batter-vs-pitcher sample | Self-stored odds movement snapshots | Open-Meteo game weather features,batter_hits,,batter
2026-05-05T21:03:49.263352+00:00,2026,2026-05-05,batter_hits,Batter Hits,batter_hits,,Samuel Basallo,BAL,MIA,Sandy Alcantara,0.5,-157.0,56.04,61.09,-5.05,Low,Negative edge / avoid,,,-1.5,PropLine game moneyline/total context | Open-Meteo weather context | Baseball Savant quality metrics | Batter-vs-pitcher sample | Self-stored odds movement snapshots | Open-Meteo game weather features,batter_hits,,batter
2026-05-05T21:03:49.263352+00:00,2026,2026-05-05,batter_hits,Batter Hits,batter_hits,,Jakob Marsee,MIA,BAL,Chris Bassitt,0.5,-195.0,61.04,66.1,-5.06,Low,Negative edge / avoid,,,-1.5,PropLine game moneyline/total context | Open-Meteo weather context | Baseball Savant quality metrics | Batter-vs-pitcher sample | Self-stored odds movement snapshots | Open-Meteo game weather features,batter_hits,,batter
2026-05-05T21:03:49.263352+00:00,2026,2026-05-05,pitcher_hits_allowed,Pitcher Hits Allowed,pitcher_hits_allowed,,Sandy Alcantara,MIA,BAL,Sandy Alcantara,5.5,-141.0,53.4,58.51,-5.1,Medium,Negative edge / avoid,,,-1.5,PropLine game moneyline/total context | Open-Meteo weather context | Baseball Savant quality metrics | Self-stored odds movement snapshots | Open-Meteo game weather features,pitcher_hits_allowed,,pitcher
2026-05-05T21:03:49.263352+00:00,2026,2026-05-05,batter_hits,Batter Hits,batter_hits,,Colt Keith,DET,BOS,Jovani Morán,0.5,-205.0,61.99,67.21,-5.23,Low,Negative edge / avoid,,,,PropLine game moneyline/total context | Open-Meteo weather context | Baseball Savant quality metrics | Batter-vs-pitcher sample | Self-stored odds movement snapshots | Open-Meteo game weather features,batter_hits,,batter
2026-05-05T21:03:49.263352+00:00,2026,2026-05-05,batter_hits,Batter Hits,batter_hits,,Dylan Beavers,BAL,MIA,Sandy Alcantara,0.5,-159.0,56.16,61.39,-5.23,Low,Negative edge / avoid,,,-1.5,PropLine game moneyline/total context | Open-Meteo weather context | Baseball Savant quality metrics | Batter-vs-pitcher sample | Self-stored odds movement snapshots | Open-Meteo game weather features,batter_hits,,batter
2026-05-05T21:03:49.263352+00:00,2026,2026-05-05,batter_hits,Batter Hits,batter_hits,,Liam Hicks,MIA,BAL,Chris Bassitt,0.5,-200.0,61.27,66.67,-5.4,Low,Negative edge / avoid,,,-1.5,PropLine game moneyline/total context | Open-Meteo weather context | Baseball Savant quality metrics | Batter-vs-pitcher sample | Self-stored odds movement snapshots | Open-Meteo game weather features,batter_hits,,batter
2026-05-05T21:03:49.263352+00:00,2026,2026-05-05,batter_total_bases,Batter Total Bases,batter_total_bases,,Otto Lopez,MIA,BAL,Chris Bassitt,1.5,-162.0,56.43,61.83,-5.4,Low,Negative edge / avoid,,,-1.5,PropLine game moneyline/total context | Open-Meteo weather context | Baseball Savant quality metrics | Batter-vs-pitcher sample | Self-stored odds movement snapshots | Open-Meteo game weather features,batter_total_bases,,batter
2026-05-05T21:03:49.263352+00:00,2026,2026-05-05,batter_total_bases,Batter Total Bases,batter_total_bases,,Adley Rutschman,BAL,MIA,Sandy Alcantara,1.5,-162.0,56.43,61.83,-5.4,Low,Negative edge / avoid,,,1.5,PropLine game moneyline/total context | Open-Meteo weather context | Baseball Savant quality metrics | Batter-vs-pitcher sample | Self-stored odds movement snapshots | Open-Meteo game weather features,batter_total_bases,,batter
2026-05-05T21:03:49.263352+00:00,2026,2026-05-05,batter_hits,Batter Hits,batter_hits,,Joe Mack,MIA,BAL,Chris Bassitt,0.5,-173.0,57.95,63.37,-5.42,Low,Negative edge / avoid,,,-1.5,PropLine game moneyline/total context | Open-Meteo weather context | Baseball Savant quality metrics | Batter-vs-pitcher sample | Self-stored odds movement snapshots | Open-Meteo game weather features,batter_hits,,batter
2026-05-05T21:03:49.263352+00:00,2026,2026-05-05,batter_hits,Batter Hits,batter_hits,,Connor Wong,BOS,DET,Framber Valdez,0.5,-182.0,58.92,64.54,-5.62,Low,Negative edge / avoid,,,,PropLine game moneyline/total context | Open-Meteo weather context | Baseball Savant quality metrics | Batter-vs-pitcher sample | Self-stored odds movement snapshots | Open-Meteo game weather features,batter_hits,,batter
2026-05-05T21:03:49.263352+00:00,2026,2026-05-05,batter_hits,Batter Hits,batter_hits,,Taylor Ward,BAL,MIA,Sandy Alcantara,0.5,-197.0,60.63,66.33,-5.7,Low,Negative edge / avoid,,,-1.5,PropLine game moneyline/total context | Open-Meteo weather context | Baseball Savant quality metrics | Batter-vs-pitcher sample | Self-stored odds movement snapshots | Open-Meteo game weather features,batter_hits,,batter
2026-05-05T21:03:49.263352+00:00,2026,2026-05-05,pitcher_strikeouts,Pitcher Strikeouts,pitcher_strikeouts,,Chris Bassitt,BAL,MIA,Chris Bassitt,4.5,-129.0,50.53,56.33,-5.8,Medium,Negative edge / avoid,,,1.5,PropLine game moneyline/total context | Open-Meteo weather context | Baseball Savant quality metrics | Self-stored odds movement snapshots | Open-Meteo game weather features,pitcher_strikeouts,,pitcher
2026-05-05T21:03:49.263352+00:00,2026,2026-05-05,batter_total_bases,Batter Total Bases,batter_total_bases,,Adley Rutschman,BAL,MIA,Sandy Alcantara,1.5,-167.0,56.72,62.55,-5.83,Low,Negative edge / avoid,,,1.5,PropLine game moneyline/total context | Open-Meteo weather context | Baseball Savant quality metrics | Batter-vs-pitcher sample | Self-stored odds movement snapshots | Open-Meteo game weather features,batter_total_bases,,batter
2026-05-05T21:03:49.263352+00:00,2026,2026-05-05,batter_hits,Batter Hits,batter_hits,,Wilyer Abreu,BOS,DET,Framber Valdez,0.5,-225.0,63.29,69.23,-5.94,Low,Negative edge / avoid,,,,PropLine game moneyline/total context | Open-Meteo weather context | Baseball Savant quality metrics | Batter-vs-pitcher sample | Self-stored odds movement snapshots | Open-Meteo game weather features,batter_hits,,batter
2026-05-05T21:03:49.263352+00:00,2026,2026-05-05,batter_hits,Batter Hits,batter_hits,,Liam Hicks,MIA,BAL,Chris Bassitt,0.5,-209.0,61.66,67.64,-5.98,Low,Negative edge / avoid,,,-1.5,PropLine game moneyline/total context | Open-Meteo weather context | Baseball Savant quality metrics | Batter-vs-pitcher sample | Self-stored odds movement snapshots | Open-Meteo game weather features,batter_hits,,batter
2026-05-05T21:03:49.263352+00:00,2026,2026-05-05,batter_total_bases,Batter Total Bases,batter_total_bases,,Connor Norby,MIA,BAL,Chris Bassitt,0.5,-176.0,57.71,63.77,-6.06,Low,Negative edge / avoid,,,1.5,PropLine game moneyline/total context | Open-Meteo weather context | Baseball Savant quality metrics | Batter-vs-pitcher sample | Self-stored odds movement snapshots | Open-Meteo game weather features,batter_total_bases,,batter
2026-05-05T21:03:49.263352+00:00,2026,2026-05-05,batter_hits,Batter Hits,batter_hits,,Riley Greene,DET,BOS,Jovani Morán,0.5,-220.0,62.6,68.75,-6.15,Low,Negative edge / avoid,,,,PropLine game moneyline/total context | Open-Meteo weather context | Baseball Savant quality metrics | Batter-vs-pitcher sample | Self-stored odds movement snapshots | Open-Meteo game weather features,batter_hits,,batter
2026-05-05T21:03:49.263352+00:00,2026,2026-05-05,pitcher_strikeouts,Pitcher Strikeouts,pitcher_strikeouts,,Sandy Alcantara,MIA,BAL,Sandy Alcantara,5.5,-152.0,54.13,60.32,-6.19,Medium,Negative edge / avoid,,,1.5,PropLine game moneyline/total context | Open-Meteo weather context | Baseball Savant quality metrics | Self-stored odds movement snapshots | Open-Meteo game weather features,pitcher_strikeouts,,pitcher
2026-05-05T21:03:49.263352+00:00,2026,2026-05-05,pitcher_hits_allowed,Pitcher Hits Allowed,pitcher_hits_allowed,,Sandy Alcantara,MIA,BAL,Sandy Alcantara,5.5,-152.0,54.13,60.32,-6.19,Medium,Negative edge / avoid,,,-1.5,PropLine game moneyline/total context | Open-Meteo weather context | Baseball Savant quality metrics | Self-stored odds movement snapshots | Open-Meteo game weather features,pitcher_hits_allowed,,pitcher
2026-05-05T21:03:49.263352+00:00,2026,2026-05-05,batter_hits,Batter Hits,batter_hits,,Jakob Marsee,MIA,BAL,Chris Bassitt,0.5,-213.0,61.82,68.05,-6.23,Low,Negative edge / avoid,,,-1.5,PropLine game moneyline/total context | Open-Meteo weather context | Baseball Savant quality metrics | Batter-vs-pitcher sample | Self-stored odds movement snapshots | Open-Meteo game weather features,batter_hits,,batter
2026-05-05T21:03:49.263352+00:00,2026,2026-05-05,batter_total_bases,Batter Total Bases,batter_total_bases,,Pete Alonso,BAL,MIA,Sandy Alcantara,1.5,-145.0,52.87,59.18,-6.31,Low,Negative edge / avoid,,,1.5,PropLine game moneyline/total context | Open-Meteo weather context | Baseball Savant quality metrics | Batter-vs-pitcher sample | Self-stored odds movement snapshots | Open-Meteo game weather features,batter_total_bases,,batter
2026-05-05T21:03:49.263352+00:00,2026,2026-05-05,pitcher_strikeouts,Pitcher Strikeouts,pitcher_strikeouts,,Sandy Alcantara,MIA,BAL,Sandy Alcantara,5.5,-154.0,54.25,60.63,-6.38,Medium,Negative edge / avoid,,,1.5,PropLine game moneyline/total context | Open-Meteo weather context | Baseball Savant quality metrics | Self-stored odds movement snapshots | Open-Meteo game weather features,pitcher_strikeouts,,pitcher
2026-05-05T21:03:49.263352+00:00,2026,2026-05-05,batter_hits,Batter Hits,batter_hits,,Blaze Alexander,BAL,MIA,Sandy Alcantara,0.5,-150.0,53.6,60.0,-6.4,Low,Negative edge / avoid,,,-1.5,PropLine game moneyline/total context | Open-Meteo weather context | Baseball Savant quality metrics | Batter-vs-pitcher sample | Self-stored odds movement snapshots | Open-Meteo game weather features,batter_hits,,batter
2026-05-05T21:03:49.263352+00:00,2026,2026-05-05,batter_total_bases,Batter Total Bases,batter_total_bases,,Pete Alonso,BAL,MIA,Sandy Alcantara,1.5,-146.0,52.94,59.35,-6.41,Low,Negative edge / avoid,,,1.5,PropLine game moneyline/total context | Open-Meteo weather context | Baseball Savant quality metrics | Batter-vs-pitcher sample | Self-stored odds movement snapshots | Open-Meteo game weather features,batter_total_bases,,batter
2026-05-05T21:03:49.263352+00:00,2026,2026-05-05,batter_hits,Batter Hits,batter_hits,,Otto Lopez,MIA,BAL,Chris Bassitt,1.5,-264.0,66.11,72.53,-6.42,Low,Negative edge / avoid,,,-1.5,PropLine game moneyline/total context | Open-Meteo weather context | Baseball Savant quality metrics | Batter-vs-pitcher sample | Self-stored odds movement snapshots | Open-Meteo game weather features,batter_hits,,batter
2026-05-05T21:03:49.263352+00:00,2026,2026-05-05,batter_hits,Batter Hits,batter_hits,,Samuel Basallo,BAL,MIA,Sandy Alcantara,0.5,-173.0,56.95,63.37,-6.42,Low,Negative edge / avoid,,,-1.5,PropLine game moneyline/total context | Open-Meteo weather context | Baseball Savant quality metrics | Batter-vs-pitcher sample | Self-stored odds movement snapshots | Open-Meteo game weather features,batter_hits,,batter
2026-05-05T21:03:49.263352+00:00,2026,2026-05-05,batter_hits,Batter Hits,batter_hits,,Andruw Monasterio,BOS,DET,Framber Valdez,0.5,-167.0,56.12,62.55,-6.43,Low,Negative edge / avoid,,,,PropLine game moneyline/total context | Open-Meteo weather context | Baseball Savant quality metrics | Batter-vs-pitcher sample | Self-stored odds movement snapshots | Open-Meteo game weather features,batter_hits,,batter
2026-05-05T21:03:49.263352+00:00,2026,2026-05-05,batter_hits,Batter Hits,batter_hits,,Adley Rutschman,BAL,MIA,Sandy Alcantara,0.5,-210.0,61.2,67.74,-6.55,Low,Negative edge / avoid,,,-1.5,PropLine game moneyline/total context | Open-Meteo weather context | Baseball Savant quality metrics | Batter-vs-pitcher sample | Self-stored odds movement snapshots | Open-Meteo game weather features,batter_hits,,batter
2026-05-05T21:03:49.263352+00:00,2026,2026-05-05,batter_hits,Batter Hits,batter_hits,,Kerry Carpenter,DET,BOS,Jovani Morán,0.5,-195.0,59.54,66.1,-6.56,Low,Negative edge / avoid,,,,PropLine game moneyline/total context | Open-Meteo weather context | Baseball Savant quality metrics | Batter-vs-pitcher sample | Self-stored odds movement snapshots | Open-Meteo game weather features,batter_hits,,batter
2026-05-05T21:03:49.263352+00:00,2026,2026-05-05,batter_hits,Batter Hits,batter_hits,,Leody Taveras,BAL,MIA,Sandy Alcantara,0.5,-176.0,57.11,63.77,-6.66,Low,Negative edge / avoid,,,-1.5,PropLine game moneyline/total context | Open-Meteo weather context | Baseball Savant quality metrics | Batter-vs-pitcher sample | Self-stored odds movement snapshots | Open-Meteo game weather features,batter_hits,,batter
2026-05-05T21:03:49.263352+00:00,2026,2026-05-05,batter_hits,Batter Hits,batter_hits,,Isiah Kiner-Falefa,BOS,DET,Framber Valdez,0.5,-175.0,56.55,63.64,-7.08,Low,Negative edge / avoid,,,,PropLine game moneyline/total context | Open-Meteo weather context | Baseball Savant quality metrics | Batter-vs-pitcher sample | Self-stored odds movement snapshots | Open-Meteo game weather features,batter_hits,,batter
2026-05-05T21:03:49.263352+00:00,2026,2026-05-05,batter_hits,Batter Hits,batter_hits,,Kyle Stowers,MIA,BAL,Chris Bassitt,0.5,-230.0,62.48,69.7,-7.22,Low,Negative edge / avoid,,,-1.5,PropLine game moneyline/total context | Open-Meteo weather context | Baseball Savant quality metrics | Batter-vs-pitcher sample | Self-stored odds movement snapshots | Open-Meteo game weather features,batter_hits,,batter
2026-05-05T21:03:49.263352+00:00,2026,2026-05-05,batter_hits,Batter Hits,batter_hits,,Dillon Dingler,DET,BOS,Jovani Morán,0.5,-240.0,63.34,70.59,-7.25,Low,Negative edge / avoid,,,,PropLine game moneyline/total context | Open-Meteo weather context | Baseball Savant quality metrics | Batter-vs-pitcher sample | Self-stored odds movement snapshots | Open-Meteo game weather features,batter_hits,,batter
2026-05-05T21:03:49.263352+00:00,2026,2026-05-05,pitcher_strikeouts,Pitcher Strikeouts,pitcher_strikeouts,,Sandy Alcantara,MIA,BAL,Sandy Alcantara,5.5,-164.0,54.85,62.12,-7.27,Medium,Negative edge / avoid,,,1.5,PropLine game moneyline/total context | Open-Meteo weather context | Baseball Savant quality metrics | Self-stored odds movement snapshots | Open-Meteo game weather features,pitcher_strikeouts,,pitcher
2026-05-05T21:03:49.263352+00:00,2026,2026-05-05,batter_total_bases,Batter Total Bases,batter_total_bases,,Joe Mack,MIA,BAL,Chris Bassitt,0.5,-170.0,55.39,62.96,-7.58,Low,Negative edge / avoid,,,1.5,PropLine game moneyline/total context | Open-Meteo weather context | Baseball Savant quality metrics | Batter-vs-pitcher sample | Self-stored odds movement snapshots | Open-Meteo game weather features,batter_total_bases,,batter
2026-05-05T21:03:49.263352+00:00,2026,2026-05-05,batter_total_bases,Batter Total Bases,batter_total_bases,,Jakob Marsee,MIA,BAL,Chris Bassitt,1.5,-197.0,58.73,66.33,-7.6,Low,Negative edge / avoid,,,1.5,PropLine game moneyline/total context | Open-Meteo weather context | Baseball Savant quality metrics | Batter-vs-pitcher sample | Self-stored odds movement snapshots | Open-Meteo game weather features,batter_total_bases,,batter
2026-05-05T21:03:49.263352+00:00,2026,2026-05-05,batter_hits,Batter Hits,batter_hits,,Dylan Beavers,BAL,MIA,Sandy Alcantara,0.5,-189.0,57.76,65.4,-7.64,Low,Negative edge / avoid,,,-1.5,PropLine game moneyline/total context | Open-Meteo weather context | Baseball Savant quality metrics | Batter-vs-pitcher sample | Self-stored odds movement snapshots | Open-Meteo game weather features,batter_hits,,batter
2026-05-05T21:03:49.263352+00:00,2026,2026-05-05,pitcher_strikeouts,Pitcher Strikeouts,pitcher_strikeouts,,Sandy Alcantara,MIA,BAL,Sandy Alcantara,5.5,-169.0,55.13,62.83,-7.7,Medium,Negative edge / avoid,,,1.5,PropLine game moneyline/total context | Open-Meteo weather context | Baseball Savant quality metrics | Self-stored odds movement snapshots | Open-Meteo game weather features,pitcher_strikeouts,,pitcher
2026-05-05T21:03:49.263352+00:00,2026,2026-05-05,batter_hits,Batter Hits,batter_hits,,Leody Taveras,BAL,MIA,Sandy Alcantara,0.5,-190.0,57.81,65.52,-7.71,Low,Negative edge / avoid,,,-1.5,PropLine game moneyline/total context | Open-Meteo weather context | Baseball Savant quality metrics | Batter-vs-pitcher sample | Self-stored odds movement snapshots | Open-Meteo game weather features,batter_hits,,batter
2026-05-05T21:03:49.263352+00:00,2026,2026-05-05,batter_total_bases,Batter Total Bases,batter_total_bases,,Liam Hicks,MIA,BAL,Chris Bassitt,0.5,-215.0,60.27,68.25,-7.98,Low,Negative edge / avoid,,,-0.23,PropLine game moneyline/total context | Open-Meteo weather context | Baseball Savant quality metrics | Batter-vs-pitcher sample | Self-stored odds movement snapshots | Open-Meteo game weather features,batter_total_bases,,batter
2026-05-05T21:03:49.263352+00:00,2026,2026-05-05,batter_total_bases,Batter Total Bases,batter_total_bases,,Jakob Marsee,MIA,BAL,Chris Bassitt,1.5,-203.0,59.0,67.0,-8.0,Low,Negative edge / avoid,,,1.5,PropLine game moneyline/total context | Open-Meteo weather context | Baseball Savant quality metrics | Batter-vs-pitcher sample | Self-stored odds movement snapshots | Open-Meteo game weather features,batter_total_bases,,batter
2026-05-05T21:03:49.263352+00:00,2026,2026-05-05,batter_hits,Batter Hits,batter_hits,,Willson Contreras,BOS,DET,Framber Valdez,0.5,-220.0,60.6,68.75,-8.15,Low,Negative edge / avoid,,,,PropLine game moneyline/total context | Open-Meteo weather context | Baseball Savant quality metrics | Batter-vs-pitcher sample | Self-stored odds movement snapshots | Open-Meteo game weather features,batter_hits,,batter
2026-05-05T21:03:49.263352+00:00,2026,2026-05-05,batter_hits,Batter Hits,batter_hits,,Ceddanne Rafaela,BOS,DET,Framber Valdez,0.5,-220.0,60.6,68.75,-8.15,Low,Negative edge / avoid,,,,PropLine game moneyline/total context | Open-Meteo weather context | Baseball Savant quality metrics | Batter-vs-pitcher sample | Self-stored odds movement snapshots | Open-Meteo game weather features,batter_hits,,batter
2026-05-05T21:03:49.263352+00:00,2026,2026-05-05,batter_hits,Batter Hits,batter_hits,,Kyle Stowers,MIA,BAL,Chris Bassitt,0.5,-250.0,63.17,71.43,-8.26,Low,Negative edge / avoid,,,-1.5,PropLine game moneyline/total context | Open-Meteo weather context | Baseball Savant quality metrics | Batter-vs-pitcher sample | Self-stored odds movement snapshots | Open-Meteo game weather features,batter_hits,,batter
2026-05-05T21:03:49.263352+00:00,2026,2026-05-05,batter_total_bases,Batter Total Bases,batter_total_bases,,Christopher Morel,MIA,BAL,Chris Bassitt,0.5,-147.0,51.01,59.51,-8.51,Low,Negative edge / avoid,,,-1.5,PropLine game moneyline/total context | Open-Meteo weather context | Baseball Savant quality metrics | Batter-vs-pitcher sample | Self-stored odds movement snapshots | Open-Meteo game weather features,batter_total_bases,,batter
2026-05-05T21:03:49.263352+00:00,2026,2026-05-05,batter_hits,Batter Hits,batter_hits,,Matt Vierling,DET,BOS,Jovani Morán,0.5,-230.0,60.98,69.7,-8.72,Low,Negative edge / avoid,,,,PropLine game moneyline/total context | Open-Meteo weather context | Baseball Savant quality metrics | Batter-vs-pitcher sample | Self-stored odds movement snapshots | Open-Meteo game weather features,batter_hits,,batter
2026-05-05T21:03:49.263352+00:00,2026,2026-05-05,batter_hits,Batter Hits,batter_hits,,Adley Rutschman,BAL,MIA,Sandy Alcantara,0.5,-250.0,62.67,71.43,-8.76,Low,Negative edge / avoid,,,-1.5,PropLine game moneyline/total context | Open-Meteo weather context | Baseball Savant quality metrics | Batter-vs-pitcher sample | Self-stored odds movement snapshots | Open-Meteo game weather features,batter_hits,,batter
2026-05-05T21:03:49.263352+00:00,2026,2026-05-05,batter_hits,Batter Hits,batter_hits,,Trevor Story,BOS,DET,Framber Valdez,0.5,-235.0,61.16,70.15,-8.99,Low,Negative edge / avoid,,,,PropLine game moneyline/total context | Open-Meteo weather context | Baseball Savant quality metrics | Batter-vs-pitcher sample | Self-stored odds movement snapshots | Open-Meteo game weather features,batter_hits,,batter
2026-05-05T21:03:49.263352+00:00,2026,2026-05-05,batter_hits,Batter Hits,batter_hits,,Pete Alonso,BAL,MIA,Sandy Alcantara,0.5,-210.0,58.7,67.74,-9.05,Low,Negative edge / avoid,,,-1.5,PropLine game moneyline/total context | Open-Meteo weather context | Baseball Savant quality metrics | Batter-vs-pitcher sample | Self-stored odds movement snapshots | Open-Meteo game weather features,batter_hits,,batter
2026-05-05T21:03:49.263352+00:00,2026,2026-05-05,batter_hits,Batter Hits,batter_hits,,Kevin McGonigle,DET,BOS,Jovani Morán,0.5,-360.0,68.9,78.26,-9.36,Low,Negative edge / avoid,,,,PropLine game moneyline/total context | Open-Meteo weather context | Baseball Savant quality metrics | Batter-vs-pitcher sample | Self-stored odds movement snapshots | Open-Meteo game weather features,batter_hits,,batter
2026-05-05T21:03:49.263352+00:00,2026,2026-05-05,batter_hits,Batter Hits,batter_hits,,Otto Lopez,MIA,BAL,Chris Bassitt,0.5,-345.0,68.11,77.53,-9.42,Low,Negative edge / avoid,,,-1.5,PropLine game moneyline/total context | Open-Meteo weather context | Baseball Savant quality metrics | Batter-vs-pitcher sample | Self-stored odds movement snapshots | Open-Meteo game weather features,batter_hits,,batter
2026-05-05T21:03:49.263352+00:00,2026,2026-05-05,batter_total_bases,Batter Total Bases,batter_total_bases,,Leody Taveras,BAL,MIA,Sandy Alcantara,0.5,-181.0,54.97,64.41,-9.45,Low,Negative edge / avoid,,,1.5,PropLine game moneyline/total context | Open-Meteo weather context | Baseball Savant quality metrics | Batter-vs-pitcher sample | Self-stored odds movement snapshots | Open-Meteo game weather features,batter_total_bases,,batter
2026-05-05T21:03:49.263352+00:00,2026,2026-05-05,batter_hits,Batter Hits,batter_hits,,Jeremiah Jackson,BAL,MIA,Sandy Alcantara,0.5,-218.0,59.02,68.55,-9.53,Low,Negative edge / avoid,,,-1.5,PropLine game moneyline/total context | Open-Meteo weather context | Baseball Savant quality metrics | Batter-vs-pitcher sample | Self-stored odds movement snapshots | Open-Meteo game weather features,batter_hits,,batter
2026-05-05T21:03:49.263352+00:00,2026,2026-05-05,batter_total_bases,Batter Total Bases,batter_total_bases,,Samuel Basallo,BAL,MIA,Sandy Alcantara,0.5,-185.0,55.16,64.91,-9.75,Low,Negative edge / avoid,,,1.5,PropLine game moneyline/total context | Open-Meteo weather context | Baseball Savant quality metrics | Batter-vs-pitcher sample | Self-stored odds movement snapshots | Open-Meteo game weather features,batter_total_bases,,batter
2026-05-05T21:03:49.263352+00:00,2026,2026-05-05,batter_total_bases,Batter Total Bases,batter_total_bases,,Dylan Beavers,BAL,MIA,Sandy Alcantara,0.5,-191.0,55.45,65.64,-10.18,Low,Negative edge / avoid,,,1.5,PropLine game moneyline/total context | Open-Meteo weather context | Baseball Savant quality metrics | Batter-vs-pitcher sample | Self-stored odds movement snapshots | Open-Meteo game weather features,batter_total_bases,,batter
2026-05-05T21:03:49.263352+00:00,2026,2026-05-05,batter_hits,Batter Hits,batter_hits,,Gunnar Henderson,BAL,MIA,Sandy Alcantara,0.5,-235.0,59.66,70.15,-10.49,Low,Negative edge / avoid,,,-1.5,PropLine game moneyline/total context | Open-Meteo weather context | Baseball Savant quality metrics | Batter-vs-pitcher sample | Self-stored odds movement snapshots | Open-Meteo game weather features,batter_hits,,batter
2026-05-05T21:03:49.263352+00:00,2026,2026-05-05,batter_total_bases,Batter Total Bases,batter_total_bases,,Taylor Ward,BAL,MIA,Sandy Alcantara,1.5,-197.0,55.73,66.33,-10.6,Low,Negative edge / avoid,,,1.5,PropLine game moneyline/total context | Open-Meteo weather context | Baseball Savant quality metrics | Batter-vs-pitcher sample | Self-stored odds movement snapshots | Open-Meteo game weather features,batter_total_bases,,batter
2026-05-05T21:03:49.263352+00:00,2026,2026-05-05,batter_total_bases,Batter Total Bases,batter_total_bases,,Taylor Ward,BAL,MIA,Sandy Alcantara,0.5,-204.0,56.04,67.11,-11.06,Low,Negative edge / avoid,,,1.5,PropLine game moneyline/total context | Open-Meteo weather context | Baseball Savant quality metrics | Batter-vs-pitcher sample | Self-stored odds movement snapshots | Open-Meteo game weather features,batter_total_bases,,batter
2026-05-05T21:03:49.263352+00:00,2026,2026-05-05,batter_total_bases,Batter Total Bases,batter_total_bases,,Blaze Alexander,BAL,MIA,Sandy Alcantara,0.5,-145.0,47.87,59.18,-11.31,Low,Negative edge / avoid,,,-1.5,PropLine game moneyline/total context | Open-Meteo weather context | Baseball Savant quality metrics | Batter-vs-pitcher sample | Self-stored odds movement snapshots | Open-Meteo game weather features,batter_total_bases,,batter
2026-05-05T21:03:49.263352+00:00,2026,2026-05-05,batter_hits,Batter Hits,batter_hits,,Pete Alonso,BAL,MIA,Sandy Alcantara,0.5,-264.0,60.61,72.53,-11.92,Low,Negative edge / avoid,,,-1.5,PropLine game moneyline/total context | Open-Meteo weather context | Baseball Savant quality metrics | Batter-vs-pitcher sample | Self-stored odds movement snapshots | Open-Meteo game weather features,batter_hits,,batter
2026-05-05T21:03:49.263352+00:00,2026,2026-05-05,batter_hits,Batter Hits,batter_hits,,Gunnar Henderson,BAL,MIA,Sandy Alcantara,0.5,-271.0,60.82,73.05,-12.23,Low,Negative edge / avoid,,,-1.5,PropLine game moneyline/total context | Open-Meteo weather context | Baseball Savant quality metrics | Batter-vs-pitcher sample | Self-stored odds movement snapshots | Open-Meteo game weather features,batter_hits,,batter
2026-05-05T21:03:49.263352+00:00,2026,2026-05-05,batter_total_bases,Batter Total Bases,batter_total_bases,,Jeremiah Jackson,BAL,MIA,Sandy Alcantara,1.5,-213.0,54.67,68.05,-13.38,Low,Negative edge / avoid,,,-0.25,PropLine game moneyline/total context | Open-Meteo weather context | Baseball Savant quality metrics | Batter-vs-pitcher sample | Self-stored odds movement snapshots | Open-Meteo game weather features,batter_total_bases,,batter
2026-05-05T21:03:49.263352+00:00,2026,2026-05-05,batter_total_bases,Batter Total Bases,batter_total_bases,,Jeremiah Jackson,BAL,MIA,Sandy Alcantara,0.5,-218.0,54.87,68.55,-13.68,Low,Negative edge / avoid,,,-0.25,PropLine game moneyline/total context | Open-Meteo weather context | Baseball Savant quality metrics | Batter-vs-pitcher sample | Self-stored odds movement snapshots | Open-Meteo game weather features,batter_total_bases,,batter
2026-05-05T21:03:49.263352+00:00,2026,2026-05-05,batter_home_runs,Batter Home Runs,batter_home_runs,,Kyle Stowers,MIA,BAL,Chris Bassitt,0.5,-942.0,46.36,90.4,-44.04,Low,Negative edge / avoid,,,1.5,PropLine game moneyline/total context | Open-Meteo weather context | Baseball Savant quality metrics | Batter-vs-pitcher sample | Self-stored odds movement snapshots | Open-Meteo game weather features,batter_home_runs,,batter
2026-05-05T21:03:49.263352+00:00,2026,2026-05-05,batter_home_runs,Batter Home Runs,batter_home_runs,,Pete Alonso,BAL,MIA,Sandy Alcantara,0.5,-756.0,43.53,88.32,-44.79,Low,Negative edge / avoid,,,1.5,PropLine game moneyline/total context | Open-Meteo weather context | Baseball Savant quality metrics | Batter-vs-pitcher sample | Self-stored odds movement snapshots | Open-Meteo game weather features,batter_home_runs,,batter
2026-05-05T21:03:49.263352+00:00,2026,2026-05-05,batter_home_runs,Batter Home Runs,batter_home_runs,,Gunnar Henderson,BAL,MIA,Sandy Alcantara,0.5,-1054.0,46.23,91.33,-45.1,Low,Negative edge / avoid,,,1.5,PropLine game moneyline/total context | Open-Meteo weather context | Baseball Savant quality metrics | Batter-vs-pitcher sample | Self-stored odds movement snapshots | Open-Meteo game weather features,batter_home_runs,,batter
2026-05-05T21:03:49.263352+00:00,2026,2026-05-05,batter_home_runs,Batter Home Runs,batter_home_runs,,Samuel Basallo,BAL,MIA,Sandy Alcantara,0.5,-893.0,44.17,89.93,-45.76,Low,Negative edge / avoid,,,1.5,PropLine game moneyline/total context | Open-Meteo weather context | Baseball Savant quality metrics | Batter-vs-pitcher sample | Self-stored odds movement snapshots | Open-Meteo game weather features,batter_home_runs,,batter
2026-05-06T00:07:03.223447+00:00,2026,2026-05-05,batter_hits,Batter Hits,batter_hits,,Xavier Edwards,MIA,BAL,Chris Bassitt,1.5,197.0,53.13,33.67,19.46,Low,Positive edge,,,1.06,PropLine game moneyline/total context | Open-Meteo weather context | Baseball Savant quality metrics | Batter-vs-pitcher sample | Self-stored odds movement snapshots | Open-Meteo game weather features,batter_hits,,batter
2026-05-06T00:07:03.223447+00:00,2026,2026-05-05,batter_hits,Batter Hits,batter_hits,,Otto Lopez,MIA,BAL,Chris Bassitt,1.5,190.0,50.89,34.48,16.41,Low,Positive edge,,,-1.5,PropLine game moneyline/total context | Open-Meteo weather context | Baseball Savant quality metrics | Batter-vs-pitcher sample | Self-stored odds movement snapshots | Open-Meteo game weather features,batter_hits,,batter
2026-05-06T00:07:03.223447+00:00,2026,2026-05-05,batter_hits,Batter Hits,batter_hits,,Adley Rutschman,BAL,MIA,Sandy Alcantara,0.5,187.0,48.04,34.84,13.19,Low,Positive edge,,,-1.5,PropLine game moneyline/total context | Open-Meteo weather context | Baseball Savant quality metrics | Batter-vs-pitcher sample | Self-stored odds movement snapshots | Open-Meteo game weather features,batter_hits,,batter
2026-05-06T00:07:03.223447+00:00,2026,2026-05-05,batter_hits,Batter Hits,batter_hits,,Kyle Stowers,MIA,BAL,Chris Bassitt,0.5,180.0,48.89,35.71,13.17,Low,Positive edge,,,-1.5,PropLine game moneyline/total context | Open-Meteo weather context | Baseball Savant quality metrics | Batter-vs-pitcher sample | Self-stored odds movement snapshots | Open-Meteo game weather features,batter_hits,,batter
2026-05-06T00:07:03.223447+00:00,2026,2026-05-05,batter_hits,Batter Hits,batter_hits,,Gunnar Henderson,BAL,MIA,Sandy Alcantara,0.5,192.0,45.3,34.25,11.05,Low,Positive edge,,,-1.5,PropLine game moneyline/total context | Open-Meteo weather context | Baseball Savant quality metrics | Batter-vs-pitcher sample | Self-stored odds movement snapshots | Open-Meteo game weather features,batter_hits,,batter
2026-05-06T00:07:03.223447+00:00,2026,2026-05-05,batter_hits,Batter Hits,batter_hits,,Jakob Marsee,MIA,BAL,Chris Bassitt,0.5,154.0,50.35,39.37,10.98,Low,Positive edge,,,-1.5,PropLine game moneyline/total context | Open-Meteo weather context | Baseball Savant quality metrics | Batter-vs-pitcher sample | Self-stored odds movement snapshots | Open-Meteo game weather features,batter_hits,,batter
2026-05-06T00:07:03.223447+00:00,2026,2026-05-05,batter_hits,Batter Hits,batter_hits,,Liam Hicks,MIA,BAL,Chris Bassitt,0.5,153.0,50.41,39.53,10.88,Low,Positive edge,,,-1.5,PropLine game moneyline/total context | Open-Meteo weather context | Baseball Savant quality metrics | Batter-vs-pitcher sample | Self-stored odds movement snapshots | Open-Meteo game weather features,batter_hits,,batter
2026-05-06T00:07:03.223447+00:00,2026,2026-05-05,batter_hits,Batter Hits,batter_hits,,Pete Alonso,BAL,MIA,Sandy Alcantara,0.5,187.0,45.54,34.84,10.69,Low,Positive edge,,,-1.5,PropLine game moneyline/total context | Open-Meteo weather context | Baseball Savant quality metrics | Batter-vs-pitcher sample | Self-stored odds movement snapshots | Open-Meteo game weather features,batter_hits,,batter
2026-05-06T00:07:03.223447+00:00,2026,2026-05-05,batter_total_bases,Batter Total Bases,batter_total_bases,,Xavier Edwards,MIA,BAL,Chris Bassitt,1.5,141.0,51.3,41.49,9.8,Low,Positive edge,,,1.5,PropLine game moneyline/total context | Open-Meteo weather context | Baseball Savant quality metrics | Batter-vs-pitcher sample | Self-stored odds movement snapshots | Open-Meteo game weather features,batter_total_bases,,batter
2026-05-06T00:07:03.223447+00:00,2026,2026-05-05,batter_total_bases,Batter Total Bases,batter_total_bases,,Liam Hicks,MIA,BAL,Chris Bassitt,0.5,158.0,48.48,38.76,9.72,Low,Positive edge,,,-0.23,PropLine game moneyline/total context | Open-Meteo weather context | Baseball Savant quality metrics | Batter-vs-pitcher sample | Self-stored odds movement snapshots | Open-Meteo game weather features,batter_total_bases,,batter
2026-05-06T00:07:03.223447+00:00,2026,2026-05-05,batter_total_bases,Batter Total Bases,batter_total_bases,,Xavier Edwards,MIA,BAL,Chris Bassitt,1.5,140.0,51.37,41.67,9.7,Low,Positive edge,,,1.5,PropLine game moneyline/total context | Open-Meteo weather context | Baseball Savant quality metrics | Batter-vs-pitcher sample | Self-stored odds movement snapshots | Open-Meteo game weather features,batter_total_bases,,batter
2026-05-06T00:07:03.223447+00:00,2026,2026-05-05,batter_hits,Batter Hits,batter_hits,,Taylor Ward,BAL,MIA,Sandy Alcantara,0.5,145.0,50.43,40.82,9.61,Low,Positive edge,,,-1.5,PropLine game moneyline/total context | Open-Meteo weather context | Baseball Savant quality metrics | Batter-vs-pitcher sample | Self-stored odds movement snapshots | Open-Meteo game weather features,batter_hits,,batter
2026-05-06T00:07:03.223447+00:00,2026,2026-05-05,batter_total_bases,Batter Total Bases,batter_total_bases,,Connor Norby,MIA,BAL,Chris Bassitt,1.5,165.0,47.29,37.74,9.56,Low,Positive edge,,,1.5,PropLine game moneyline/total context | Open-Meteo weather context | Baseball Savant quality metrics | Batter-vs-pitcher sample | Self-stored odds movement snapshots | Open-Meteo game weather features,batter_total_bases,,batter
2026-05-06T00:07:03.223447+00:00,2026,2026-05-05,batter_total_bases,Batter Total Bases,batter_total_bases,,Liam Hicks,MIA,BAL,Chris Bassitt,1.5,155.0,48.66,39.22,9.44,Low,Positive edge,,,-0.23,PropLine game moneyline/total context | Open-Meteo weather context | Baseball Savant quality metrics | Batter-vs-pitcher sample | Self-stored odds movement snapshots | Open-Meteo game weather features,batter_total_bases,,batter
2026-05-06T00:07:03.223447+00:00,2026,2026-05-05,batter_total_bases,Batter Total Bases,batter_total_bases,,Xavier Edwards,MIA,BAL,Chris Bassitt,1.5,133.0,51.87,42.92,8.95,Low,Positive edge,,,1.5,PropLine game moneyline/total context | Open-Meteo weather context | Baseball Savant quality metrics | Batter-vs-pitcher sample | Self-stored odds movement snapshots | Open-Meteo game weather features,batter_total_bases,,batter
2026-05-06T00:07:03.223447+00:00,2026,2026-05-05,batter_total_bases,Batter Total Bases,batter_total_bases,,Jakob Marsee,MIA,BAL,Chris Bassitt,1.5,155.0,47.89,39.22,8.67,Low,Positive edge,,,1.5,PropLine game moneyline/total context | Open-Meteo weather context | Baseball Savant quality metrics | Batter-vs-pitcher sample | Self-stored odds movement snapshots | Open-Meteo game weather features,batter_total_bases,,batter
2026-05-06T00:07:03.223447+00:00,2026,2026-05-05,batter_hits,Batter Hits,batter_hits,,Connor Norby,MIA,BAL,Chris Bassitt,0.5,131.0,51.92,43.29,8.63,Low,Positive edge,,,-1.5,PropLine game moneyline/total context | Open-Meteo weather context | Baseball Savant quality metrics | Batter-vs-pitcher sample | Self-stored odds movement snapshots | Open-Meteo game weather features,batter_hits,,batter
2026-05-06T00:07:03.223447+00:00,2026,2026-05-05,batter_hits,Batter Hits,batter_hits,,Jeremiah Jackson,BAL,MIA,Sandy Alcantara,0.5,160.0,46.98,38.46,8.52,Low,Positive edge,,,-1.5,PropLine game moneyline/total context | Open-Meteo weather context | Baseball Savant quality metrics | Batter-vs-pitcher sample | Self-stored odds movement snapshots | Open-Meteo game weather features,batter_hits,,batter
2026-05-06T00:07:03.223447+00:00,2026,2026-05-05,batter_total_bases,Batter Total Bases,batter_total_bases,,Jakob Marsee,MIA,BAL,Chris Bassitt,1.5,150.0,48.2,40.0,8.2,Low,Positive edge,,,1.5,PropLine game moneyline/total context | Open-Meteo weather context | Baseball Savant quality metrics | Batter-vs-pitcher sample | Self-stored odds movement snapshots | Open-Meteo game weather features,batter_total_bases,,batter
2026-05-06T00:07:03.223447+00:00,2026,2026-05-05,batter_total_bases,Batter Total Bases,batter_total_bases,,Joe Mack,MIA,BAL,Chris Bassitt,1.5,170.0,45.01,37.04,7.98,Low,Positive edge,,,1.5,PropLine game moneyline/total context | Open-Meteo weather context | Baseball Savant quality metrics | Batter-vs-pitcher sample | Self-stored odds movement snapshots | Open-Meteo game weather features,batter_total_bases,,batter
2026-05-06T00:07:03.223447+00:00,2026,2026-05-05,batter_total_bases,Batter Total Bases,batter_total_bases,,Jakob Marsee,MIA,BAL,Chris Bassitt,1.5,140.0,48.87,41.67,7.2,Low,Positive edge,,,1.5,PropLine game moneyline/total context | Open-Meteo weather context | Baseball Savant quality metrics | Batter-vs-pitcher sample | Self-stored odds movement snapshots | Open-Meteo game weather features,batter_total_bases,,batter
2026-05-06T00:07:03.223447+00:00,2026,2026-05-05,batter_total_bases,Batter Total Bases,batter_total_bases,,Dylan Beavers,BAL,MIA,Sandy Alcantara,1.5,170.0,44.01,37.04,6.98,Low,Positive edge,,,1.5,PropLine game moneyline/total context | Open-Meteo weather context | Baseball Savant quality metrics | Batter-vs-pitcher sample | Self-stored odds movement snapshots | Open-Meteo game weather features,batter_total_bases,,batter
2026-05-06T00:07:03.223447+00:00,2026,2026-05-05,batter_total_bases,Batter Total Bases,batter_total_bases,,Samuel Basallo,BAL,MIA,Sandy Alcantara,1.5,170.0,44.01,37.04,6.98,Low,Positive edge,,,1.5,PropLine game moneyline/total context | Open-Meteo weather context | Baseball Savant quality metrics | Batter-vs-pitcher sample | Self-stored odds movement snapshots | Open-Meteo game weather features,batter_total_bases,,batter
2026-05-06T00:07:03.223447+00:00,2026,2026-05-05,batter_total_bases,Batter Total Bases,batter_total_bases,,Colt Keith,DET,BOS,Jovani Morán,1.5,163.0,44.91,38.02,6.89,Low,Positive edge,,,,PropLine game moneyline/total context | Open-Meteo weather context | Baseball Savant quality metrics | Batter-vs-pitcher sample | Self-stored odds movement snapshots | Open-Meteo game weather features,batter_total_bases,,batter
2026-05-06T00:07:03.223447+00:00,2026,2026-05-05,batter_total_bases,Batter Total Bases,batter_total_bases,,Dillon Dingler,DET,BOS,Jovani Morán,1.5,135.0,49.22,42.55,6.67,Low,Positive edge,,,,PropLine game moneyline/total context | Open-Meteo weather context | Baseball Savant quality metrics | Batter-vs-pitcher sample | Self-stored odds movement snapshots | Open-Meteo game weather features,batter_total_bases,,batter
2026-05-06T00:07:03.223447+00:00,2026,2026-05-05,batter_hits,Batter Hits,batter_hits,,Dylan Beavers,BAL,MIA,Sandy Alcantara,0.5,139.0,48.34,41.84,6.5,Low,Positive edge,,,-1.5,PropLine game moneyline/total context | Open-Meteo weather context | Baseball Savant quality metrics | Batter-vs-pitcher sample | Self-stored odds movement snapshots | Open-Meteo game weather features,batter_hits,,batter
2026-05-06T00:07:03.223447+00:00,2026,2026-05-05,batter_total_bases,Batter Total Bases,batter_total_bases,,Leody Taveras,BAL,MIA,Sandy Alcantara,1.5,163.0,44.41,38.02,6.39,Low,Positive edge,,,1.5,PropLine game moneyline/total context | Open-Meteo weather context | Baseball Savant quality metrics | Batter-vs-pitcher sample | Self-stored odds movement snapshots | Open-Meteo game weather features,batter_total_bases,,batter
2026-05-06T00:07:03.223447+00:00,2026,2026-05-05,batter_total_bases,Batter Total Bases,batter_total_bases,,Connor Norby,MIA,BAL,Chris Bassitt,0.5,131.0,49.52,43.29,6.23,Low,Positive edge,,,1.5,PropLine game moneyline/total context | Open-Meteo weather context | Baseball Savant quality metrics | Batter-vs-pitcher sample | Self-stored odds movement snapshots | Open-Meteo game weather features,batter_total_bases,,batter
2026-05-06T00:07:03.223447+00:00,2026,2026-05-05,batter_hits,Batter Hits,batter_hits,,Joe Mack,MIA,BAL,Chris Bassitt,0.5,127.0,50.22,44.05,6.17,Low,Positive edge,,,-1.5,PropLine game moneyline/total context | Open-Meteo weather context | Baseball Savant quality metrics | Batter-vs-pitcher sample | Self-stored odds movement snapshots | Open-Meteo game weather features,batter_hits,,batter
2026-05-06T00:07:03.223447+00:00,2026,2026-05-05,batter_total_bases,Batter Total Bases,batter_total_bases,,Taylor Ward,BAL,MIA,Sandy Alcantara,1.5,160.0,44.58,38.46,6.12,Low,Positive edge,,,1.5,PropLine game moneyline/total context | Open-Meteo weather context | Baseball Savant quality metrics | Batter-vs-pitcher sample | Self-stored odds movement snapshots | Open-Meteo game weather features,batter_total_bases,,batter
2026-05-06T00:07:03.223447+00:00,2026,2026-05-05,batter_hits,Batter Hits,batter_hits,,Christopher Morel,MIA,BAL,Chris Bassitt,0.5,110.0,53.65,47.62,6.03,Low,Positive edge,,,-1.5,PropLine game moneyline/total context | Open-Meteo weather context | Baseball Savant quality metrics | Batter-vs-pitcher sample | Self-stored odds movement snapshots | Open-Meteo game weather features,batter_hits,,batter
2026-05-06T00:07:03.223447+00:00,2026,2026-05-05,batter_total_bases,Batter Total Bases,batter_total_bases,,Adley Rutschman,BAL,MIA,Sandy Alcantara,1.5,133.0,48.87,42.92,5.95,Low,Positive edge,,,1.5,PropLine game moneyline/total context | Open-Meteo weather context | Baseball Savant quality metrics | Batter-vs-pitcher sample | Self-stored odds movement snapshots | Open-Meteo game weather features,batter_total_bases,,batter
2026-05-06T00:07:03.223447+00:00,2026,2026-05-05,batter_hits,Batter Hits,batter_hits,,Leody Taveras,BAL,MIA,Sandy Alcantara,0.5,131.0,48.92,43.29,5.63,Low,Positive edge,,,-1.5,PropLine game moneyline/total context | Open-Meteo weather context | Baseball Savant quality metrics | Batter-vs-pitcher sample | Self-stored odds movement snapshots | Open-Meteo game weather features,batter_hits,,batter
2026-05-06T00:07:03.223447+00:00,2026,2026-05-05,batter_total_bases,Batter Total Bases,batter_total_bases,,Taylor Ward,BAL,MIA,Sandy Alcantara,0.5,151.0,45.14,39.84,5.3,Low,Positive edge,,,1.5,PropLine game moneyline/total context | Open-Meteo weather context | Baseball Savant quality metrics | Batter-vs-pitcher sample | Self-stored odds movement snapshots | Open-Meteo game weather features,batter_total_bases,,batter
2026-05-06T00:07:03.223447+00:00,2026,2026-05-05,batter_hits,Batter Hits,batter_hits,,Samuel Basallo,BAL,MIA,Sandy Alcantara,0.5,127.0,49.22,44.05,5.17,Low,Positive edge,,,-1.5,PropLine game moneyline/total context | Open-Meteo weather context | Baseball Savant quality metrics | Batter-vs-pitcher sample | Self-stored odds movement snapshots | Open-Meteo game weather features,batter_hits,,batter
2026-05-06T00:07:03.223447+00:00,2026,2026-05-05,batter_total_bases,Batter Total Bases,batter_total_bases,,Adley Rutschman,BAL,MIA,Sandy Alcantara,1.5,125.0,49.48,44.44,5.03,Low,Positive edge,,,1.5,PropLine game moneyline/total context | Open-Meteo weather context | Baseball Savant quality metrics | Batter-vs-pitcher sample | Self-stored odds movement snapshots | Open-Meteo game weather features,batter_total_bases,,batter
2026-05-06T00:07:03.223447+00:00,2026,2026-05-05,batter_total_bases,Batter Total Bases,batter_total_bases,,Kyle Stowers,MIA,BAL,Chris Bassitt,1.5,120.0,50.38,45.45,4.93,Low,Positive edge,,,1.5,PropLine game moneyline/total context | Open-Meteo weather context | Baseball Savant quality metrics | Batter-vs-pitcher sample | Self-stored odds movement snapshots | Open-Meteo game weather features,batter_total_bases,,batter
2026-05-06T00:07:03.223447+00:00,2026,2026-05-05,batter_total_bases,Batter Total Bases,batter_total_bases,,Connor Wong,BOS,DET,Framber Valdez,1.5,163.0,42.91,38.02,4.89,Low,Positive edge,,,,PropLine game moneyline/total context | Open-Meteo weather context | Baseball Savant quality metrics | Batter-vs-pitcher sample | Self-stored odds movement snapshots | Open-Meteo game weather features,batter_total_bases,,batter
2026-05-06T00:07:03.223447+00:00,2026,2026-05-05,batter_total_bases,Batter Total Bases,batter_total_bases,,Otto Lopez,MIA,BAL,Chris Bassitt,1.5,122.0,49.72,45.05,4.67,Low,Positive edge,,,-1.5,PropLine game moneyline/total context | Open-Meteo weather context | Baseball Savant quality metrics | Batter-vs-pitcher sample | Self-stored odds movement snapshots | Open-Meteo game weather features,batter_total_bases,,batter
2026-05-06T00:07:03.223447+00:00,2026,2026-05-05,batter_total_bases,Batter Total Bases,batter_total_bases,,Taylor Ward,BAL,MIA,Sandy Alcantara,1.5,144.0,45.59,40.98,4.61,Low,Positive edge,,,1.5,PropLine game moneyline/total context | Open-Meteo weather context | Baseball Savant quality metrics | Batter-vs-pitcher sample | Self-stored odds movement snapshots | Open-Meteo game weather features,batter_total_bases,,batter
2026-05-06T00:07:03.223447+00:00,2026,2026-05-05,batter_total_bases,Batter Total Bases,batter_total_bases,,Kerry Carpenter,DET,BOS,Jovani Morán,1.5,138.0,46.51,42.02,4.49,Low,Positive edge,,,,PropLine game moneyline/total context | Open-Meteo weather context | Baseball Savant quality metrics | Batter-vs-pitcher sample | Self-stored odds movement snapshots | Open-Meteo game weather features,batter_total_bases,,batter
2026-05-06T00:07:03.223447+00:00,2026,2026-05-05,batter_total_bases,Batter Total Bases,batter_total_bases,,Matt Vierling,DET,BOS,Jovani Morán,1.5,138.0,46.51,42.02,4.49,Low,Positive edge,,,,PropLine game moneyline/total context | Open-Meteo weather context | Baseball Savant quality metrics | Batter-vs-pitcher sample | Self-stored odds movement snapshots | Open-Meteo game weather features,batter_total_bases,,batter
2026-05-06T00:07:03.223447+00:00,2026,2026-05-05,batter_total_bases,Batter Total Bases,batter_total_bases,,Adley Rutschman,BAL,MIA,Sandy Alcantara,1.5,120.0,49.88,45.45,4.43,Low,Positive edge,,,1.5,PropLine game moneyline/total context | Open-Meteo weather context | Baseball Savant quality metrics | Batter-vs-pitcher sample | Self-stored odds movement snapshots | Open-Meteo game weather features,batter_total_bases,,batter
2026-05-06T00:07:03.223447+00:00,2026,2026-05-05,batter_total_bases,Batter Total Bases,batter_total_bases,,Kyle Stowers,MIA,BAL,Chris Bassitt,1.5,116.0,50.72,46.3,4.42,Low,Positive edge,,,1.5,PropLine game moneyline/total context | Open-Meteo weather context | Baseball Savant quality metrics | Batter-vs-pitcher sample | Self-stored odds movement snapshots | Open-Meteo game weather features,batter_total_bases,,batter
2026-05-06T00:07:03.223447+00:00,2026,2026-05-05,batter_total_bases,Batter Total Bases,batter_total_bases,,Dylan Beavers,BAL,MIA,Sandy Alcantara,0.5,142.0,45.73,41.32,4.41,Low,Positive edge,,,1.5,PropLine game moneyline/total context | Open-Meteo weather context | Baseball Savant quality metrics | Batter-vs-pitcher sample | Self-stored odds movement snapshots | Open-Meteo game weather features,batter_total_bases,,batter
2026-05-06T00:07:03.223447+00:00,2026,2026-05-05,batter_total_bases,Batter Total Bases,batter_total_bases,,Jeremiah Jackson,BAL,MIA,Sandy Alcantara,0.5,160.0,42.83,38.46,4.37,Low,Positive edge,,,-0.25,PropLine game moneyline/total context | Open-Meteo weather context | Baseball Savant quality metrics | Batter-vs-pitcher sample | Self-stored odds movement snapshots | Open-Meteo game weather features,batter_total_bases,,batter
2026-05-06T00:07:03.223447+00:00,2026,2026-05-05,batter_total_bases,Batter Total Bases,batter_total_bases,,Otto Lopez,MIA,BAL,Chris Bassitt,1.5,119.0,49.96,45.66,4.3,Low,Positive edge,,,-1.5,PropLine game moneyline/total context | Open-Meteo weather context | Baseball Savant quality metrics | Batter-vs-pitcher sample | Self-stored odds movement snapshots | Open-Meteo game weather features,batter_total_bases,,batter
2026-05-06T00:07:03.223447+00:00,2026,2026-05-05,batter_total_bases,Batter Total Bases,batter_total_bases,,Kyle Stowers,MIA,BAL,Chris Bassitt,1.5,115.0,50.8,46.51,4.29,Low,Positive edge,,,1.5,PropLine game moneyline/total context | Open-Meteo weather context | Baseball Savant quality metrics | Batter-vs-pitcher sample | Self-stored odds movement snapshots | Open-Meteo game weather features,batter_total_bases,,batter
2026-05-06T00:07:03.223447+00:00,2026,2026-05-05,batter_total_bases,Batter Total Bases,batter_total_bases,,Samuel Basallo,BAL,MIA,Sandy Alcantara,0.5,138.0,46.01,42.02,3.99,Low,No clear edge,,,1.5,PropLine game moneyline/total context | Open-Meteo weather context | Baseball Savant quality metrics | Batter-vs-pitcher sample | Self-stored odds movement snapshots | Open-Meteo game weather features,batter_total_bases,,batter
2026-05-06T00:07:03.223447+00:00,2026,2026-05-05,batter_total_bases,Batter Total Bases,batter_total_bases,,Jeremiah Jackson,BAL,MIA,Sandy Alcantara,1.5,155.0,43.14,39.22,3.92,Low,No clear edge,,,-0.25,PropLine game moneyline/total context | Open-Meteo weather context | Baseball Savant quality metrics | Batter-vs-pitcher sample | Self-stored odds movement snapshots | Open-Meteo game weather features,batter_total_bases,,batter
2026-05-06T00:07:03.223447+00:00,2026,2026-05-05,batter_total_bases,Batter Total Bases,batter_total_bases,,Joe Mack,MIA,BAL,Chris Bassitt,0.5,127.0,47.82,44.05,3.77,Low,No clear edge,,,1.5,PropLine game moneyline/total context | Open-Meteo weather context | Baseball Savant quality metrics | Batter-vs-pitcher sample | Self-stored odds movement snapshots | Open-Meteo game weather features,batter_total_bases,,batter
2026-05-06T00:07:03.223447+00:00,2026,2026-05-05,batter_total_bases,Batter Total Bases,batter_total_bases,,Leody Taveras,BAL,MIA,Sandy Alcantara,0.5,135.0,46.22,42.55,3.67,Low,No clear edge,,,1.5,PropLine game moneyline/total context | Open-Meteo weather context | Baseball Savant quality metrics | Batter-vs-pitcher sample | Self-stored odds movement snapshots | Open-Meteo game weather features,batter_total_bases,,batter
2026-05-06T00:07:03.223447+00:00,2026,2026-05-05,batter_hits,Batter Hits,batter_hits,,Owen Caissie,MIA,BAL,Chris Bassitt,0.5,107.0,51.92,48.31,3.61,Low,No clear edge,,,-1.5,PropLine game moneyline/total context | Open-Meteo weather context | Baseball Savant quality metrics | Batter-vs-pitcher sample | Self-stored odds movement snapshots | Open-Meteo game weather features,batter_hits,,batter
2026-05-06T00:07:03.223447+00:00,2026,2026-05-05,pitcher_strikeouts,Pitcher Strikeouts,pitcher_strikeouts,,Sandy Alcantara,MIA,BAL,Sandy Alcantara,5.5,127.0,47.62,44.05,3.57,Low-Medium,No clear edge,,,1.5,PropLine game moneyline/total context | Open-Meteo weather context | Baseball Savant quality metrics | Self-stored odds movement snapshots | Open-Meteo game weather features,pitcher_strikeouts,,pitcher
2026-05-06T00:07:03.223447+00:00,2026,2026-05-05,batter_total_bases,Batter Total Bases,batter_total_bases,,Gunnar Henderson,BAL,MIA,Sandy Alcantara,1.5,111.0,50.66,47.39,3.26,Low,No clear edge,,,1.5,PropLine game moneyline/total context | Open-Meteo weather context | Baseball Savant quality metrics | Batter-vs-pitcher sample | Self-stored odds movement snapshots | Open-Meteo game weather features,batter_total_bases,,batter
2026-05-06T00:07:03.223447+00:00,2026,2026-05-05,batter_total_bases,Batter Total Bases,batter_total_bases,,Riley Greene,DET,BOS,Jovani Morán,1.5,125.0,47.48,44.44,3.03,Low,No clear edge,,,,PropLine game moneyline/total context | Open-Meteo weather context | Baseball Savant quality metrics | Batter-vs-pitcher sample | Self-stored odds movement snapshots | Open-Meteo game weather features,batter_total_bases,,batter
2026-05-06T00:07:03.223447+00:00,2026,2026-05-05,pitcher_strikeouts,Pitcher Strikeouts,pitcher_strikeouts,,Sandy Alcantara,MIA,BAL,Sandy Alcantara,5.5,122.0,48.02,45.05,2.97,Low-Medium,No clear edge,,,1.5,PropLine game moneyline/total context | Open-Meteo weather context | Baseball Savant quality metrics | Self-stored odds movement snapshots | Open-Meteo game weather features,pitcher_strikeouts,,pitcher
2026-05-06T00:07:03.223447+00:00,2026,2026-05-05,batter_total_bases,Batter Total Bases,batter_total_bases,,Gunnar Henderson,BAL,MIA,Sandy Alcantara,1.5,108.0,50.93,48.08,2.85,Low,No clear edge,,,1.5,PropLine game moneyline/total context | Open-Meteo weather context | Baseball Savant quality metrics | Batter-vs-pitcher sample | Self-stored odds movement snapshots | Open-Meteo game weather features,batter_total_bases,,batter
2026-05-06T00:07:03.223447+00:00,2026,2026-05-05,pitcher_hits_allowed,Pitcher Hits Allowed,pitcher_hits_allowed,,Chris Bassitt,BAL,MIA,Chris Bassitt,5.5,-105.0,53.99,51.22,2.77,Low-Medium,No clear edge,,,1.5,PropLine game moneyline/total context | Open-Meteo weather context | Baseball Savant quality metrics | Self-stored odds movement snapshots | Open-Meteo game weather features,pitcher_hits_allowed,,pitcher
2026-05-06T00:07:03.223447+00:00,2026,2026-05-05,batter_total_bases,Batter Total Bases,batter_total_bases,,Gunnar Henderson,BAL,MIA,Sandy Alcantara,1.5,106.0,51.12,48.54,2.57,Low,No clear edge,,,1.5,PropLine game moneyline/total context | Open-Meteo weather context | Baseball Savant quality metrics | Batter-vs-pitcher sample | Self-stored odds movement snapshots | Open-Meteo game weather features,batter_total_bases,,batter
2026-05-06T00:07:03.223447+00:00,2026,2026-05-05,batter_total_bases,Batter Total Bases,batter_total_bases,,Pete Alonso,BAL,MIA,Sandy Alcantara,1.5,125.0,46.98,44.44,2.53,Low,No clear edge,,,1.5,PropLine game moneyline/total context | Open-Meteo weather context | Baseball Savant quality metrics | Batter-vs-pitcher sample | Self-stored odds movement snapshots | Open-Meteo game weather features,batter_total_bases,,batter
2026-05-06T00:07:03.223447+00:00,2026,2026-05-05,batter_total_bases,Batter Total Bases,batter_total_bases,,Otto Lopez,MIA,BAL,Chris Bassitt,1.5,105.0,51.21,48.78,2.43,Low,No clear edge,,,-1.5,PropLine game moneyline/total context | Open-Meteo weather context | Baseball Savant quality metrics | Batter-vs-pitcher sample | Self-stored odds movement snapshots | Open-Meteo game weather features,batter_total_bases,,batter
2026-05-06T00:07:03.223447+00:00,2026,2026-05-05,pitcher_strikeouts,Pitcher Strikeouts,pitcher_strikeouts,,Sandy Alcantara,MIA,BAL,Sandy Alcantara,5.5,116.0,48.52,46.3,2.22,Low-Medium,No clear edge,,,1.5,PropLine game moneyline/total context | Open-Meteo weather context | Baseball Savant quality metrics | Self-stored odds movement snapshots | Open-Meteo game weather features,pitcher_strikeouts,,pitcher
2026-05-06T00:07:03.223447+00:00,2026,2026-05-05,batter_total_bases,Batter Total Bases,batter_total_bases,,Ceddanne Rafaela,BOS,DET,Framber Valdez,1.5,135.0,44.72,42.55,2.17,Low,No clear edge,,,,PropLine game moneyline/total context | Open-Meteo weather context | Baseball Savant quality metrics | Batter-vs-pitcher sample | Self-stored odds movement snapshots | Open-Meteo game weather features,batter_total_bases,,batter
2026-05-06T00:07:03.223447+00:00,2026,2026-05-05,pitcher_strikeouts,Pitcher Strikeouts,pitcher_strikeouts,,Sandy Alcantara,MIA,BAL,Sandy Alcantara,5.5,114.0,48.69,46.73,1.96,Low-Medium,No clear edge,,,1.5,PropLine game moneyline/total context | Open-Meteo weather context | Baseball Savant quality metrics | Self-stored odds movement snapshots | Open-Meteo game weather features,pitcher_strikeouts,,pitcher
2026-05-06T00:07:03.223447+00:00,2026,2026-05-05,batter_total_bases,Batter Total Bases,batter_total_bases,,Kevin McGonigle,DET,BOS,Jovani Morán,1.5,-104.0,52.59,50.98,1.61,Low,No clear edge,,,,PropLine game moneyline/total context | Open-Meteo weather context | Baseball Savant quality metrics | Batter-vs-pitcher sample | Self-stored odds movement snapshots | Open-Meteo game weather features,batter_total_bases,,batter
2026-05-06T00:07:03.223447+00:00,2026,2026-05-05,batter_total_bases,Batter Total Bases,batter_total_bases,,Trevor Story,BOS,DET,Framber Valdez,1.5,130.0,45.09,43.48,1.61,Low,No clear edge,,,,PropLine game moneyline/total context | Open-Meteo weather context | Baseball Savant quality metrics | Batter-vs-pitcher sample | Self-stored odds movement snapshots | Open-Meteo game weather features,batter_total_bases,,batter
2026-05-06T00:07:03.223447+00:00,2026,2026-05-05,pitcher_hits_allowed,Pitcher Hits Allowed,pitcher_hits_allowed,,Sandy Alcantara,MIA,BAL,Sandy Alcantara,5.5,106.0,49.42,48.54,0.87,Low-Medium,No clear edge,,,-1.5,PropLine game moneyline/total context | Open-Meteo weather context | Baseball Savant quality metrics | Self-stored odds movement snapshots | Open-Meteo game weather features,pitcher_hits_allowed,,pitcher
2026-05-06T00:07:03.223447+00:00,2026,2026-05-05,pitcher_hits_allowed,Pitcher Hits Allowed,pitcher_hits_allowed,,Chris Bassitt,BAL,MIA,Chris Bassitt,5.5,-121.0,55.4,54.75,0.65,Low-Medium,No clear edge,,,1.5,PropLine game moneyline/total context | Open-Meteo weather context | Baseball Savant quality metrics | Self-stored odds movement snapshots | Open-Meteo game weather features,pitcher_hits_allowed,,pitcher
2026-05-06T00:07:03.223447+00:00,2026,2026-05-05,batter_total_bases,Batter Total Bases,batter_total_bases,,Pete Alonso,BAL,MIA,Sandy Alcantara,1.5,110.0,48.25,47.62,0.63,Low,No clear edge,,,1.5,PropLine game moneyline/total context | Open-Meteo weather context | Baseball Savant quality metrics | Batter-vs-pitcher sample | Self-stored odds movement snapshots | Open-Meteo game weather features,batter_total_bases,,batter
2026-05-06T00:07:03.223447+00:00,2026,2026-05-05,batter_hits,Batter Hits,batter_hits,,Blaze Alexander,BAL,MIA,Sandy Alcantara,0.5,107.0,48.92,48.31,0.61,Low,No clear edge,,,-1.5,PropLine game moneyline/total context | Open-Meteo weather context | Baseball Savant quality metrics | Batter-vs-pitcher sample | Self-stored odds movement snapshots | Open-Meteo game weather features,batter_hits,,batter
2026-05-06T00:07:03.223447+00:00,2026,2026-05-05,batter_total_bases,Batter Total Bases,batter_total_bases,,Pete Alonso,BAL,MIA,Sandy Alcantara,1.5,108.0,48.43,48.08,0.35,Low,No clear edge,,,1.5,PropLine game moneyline/total context | Open-Meteo weather context | Baseball Savant quality metrics | Batter-vs-pitcher sample | Self-stored odds movement snapshots | Open-Meteo game weather features,batter_total_bases,,batter
2026-05-06T00:07:03.223447+00:00,2026,2026-05-05,batter_home_runs,Batter Home Runs,batter_home_runs,,Gunnar Henderson,BAL,MIA,Sandy Alcantara,0.5,539.0,15.96,15.65,0.31,Low,No clear edge,,,1.5,PropLine game moneyline/total context | Open-Meteo weather context | Baseball Savant quality metrics | Batter-vs-pitcher sample | Self-stored odds movement snapshots | Open-Meteo game weather features,batter_home_runs,,batter
2026-05-06T00:07:03.223447+00:00,2026,2026-05-05,batter_home_runs,Batter Home Runs,batter_home_runs,,Kyle Stowers,MIA,BAL,Chris Bassitt,0.5,503.0,16.83,16.58,0.25,Low,No clear edge,,,1.5,PropLine game moneyline/total context | Open-Meteo weather context | Baseball Savant quality metrics | Batter-vs-pitcher sample | Self-stored odds movement snapshots | Open-Meteo game weather features,batter_home_runs,,batter
2026-05-06T00:07:03.223447+00:00,2026,2026-05-05,pitcher_hits_allowed,Pitcher Hits Allowed,pitcher_hits_allowed,,Sandy Alcantara,MIA,BAL,Sandy Alcantara,5.5,101.0,49.9,49.75,0.15,Low-Medium,No clear edge,,,-1.5,PropLine game moneyline/total context | Open-Meteo weather context | Baseball Savant quality metrics | Self-stored odds movement snapshots | Open-Meteo game weather features,pitcher_hits_allowed,,pitcher
2026-05-06T00:07:03.223447+00:00,2026,2026-05-05,pitcher_hits_allowed,Pitcher Hits Allowed,pitcher_hits_allowed,,Chris Bassitt,BAL,MIA,Chris Bassitt,5.5,-126.0,55.8,55.75,0.05,Low-Medium,No clear edge,,,1.5,PropLine game moneyline/total context | Open-Meteo weather context | Baseball Savant quality metrics | Self-stored odds movement snapshots | Open-Meteo game weather features,pitcher_hits_allowed,,pitcher
2026-05-06T00:07:03.223447+00:00,2026,2026-05-05,pitcher_earned_runs,Pitcher Earned Runs,pitcher_earned_runs,,Sandy Alcantara,MIA,BAL,Sandy Alcantara,2.5,-108.0,50.77,51.92,-1.15,Low-Medium,No clear edge,,,-1.5,PropLine game moneyline/total context | Open-Meteo weather context | Baseball Savant quality metrics | Self-stored odds movement snapshots | Open-Meteo game weather features,pitcher_earned_runs,,pitcher
2026-05-06T00:07:03.223447+00:00,2026,2026-05-05,batter_hits,Batter Hits,batter_hits,,Christopher Morel,MIA,BAL,Chris Bassitt,0.5,-148.0,58.47,59.68,-1.21,Low,No clear edge,,,-1.5,PropLine game moneyline/total context | Open-Meteo weather context | Baseball Savant quality metrics | Batter-vs-pitcher sample | Self-stored odds movement snapshots | Open-Meteo game weather features,batter_hits,,batter
2026-05-06T00:07:03.223447+00:00,2026,2026-05-05,pitcher_earned_runs,Pitcher Earned Runs,pitcher_earned_runs,,Chris Bassitt,BAL,MIA,Chris Bassitt,2.5,-111.0,51.3,52.61,-1.3,Low-Medium,No clear edge,,,0.76,PropLine game moneyline/total context | Open-Meteo weather context | Baseball Savant quality metrics | Self-stored odds movement snapshots | Open-Meteo game weather features,pitcher_earned_runs,,pitcher
2026-05-06T00:07:03.223447+00:00,2026,2026-05-05,batter_total_bases,Batter Total Bases,batter_total_bases,,Christopher Morel,MIA,BAL,Chris Bassitt,0.5,110.0,46.25,47.62,-1.37,Low,No clear edge,,,-1.5,PropLine game moneyline/total context | Open-Meteo weather context | Baseball Savant quality metrics | Batter-vs-pitcher sample | Self-stored odds movement snapshots | Open-Meteo game weather features,batter_total_bases,,batter
2026-05-06T00:07:03.223447+00:00,2026,2026-05-05,pitcher_earned_runs,Pitcher Earned Runs,pitcher_earned_runs,,Chris Bassitt,BAL,MIA,Chris Bassitt,2.5,-115.0,51.66,53.49,-1.83,Low-Medium,No clear edge,,,0.76,PropLine game moneyline/total context | Open-Meteo weather context | Baseball Savant quality metrics | Self-stored odds movement snapshots | Open-Meteo game weather features,pitcher_earned_runs,,pitcher
2026-05-06T00:07:03.223447+00:00,2026,2026-05-05,batter_total_bases,Batter Total Bases,batter_total_bases,,Owen Caissie,MIA,BAL,Chris Bassitt,0.5,-108.0,49.97,51.92,-1.95,Low,No clear edge,,,-1.5,PropLine game moneyline/total context | Open-Meteo weather context | Baseball Savant quality metrics | Batter-vs-pitcher sample | Self-stored odds movement snapshots | Open-Meteo game weather features,batter_total_bases,,batter
2026-05-06T00:07:03.223447+00:00,2026,2026-05-05,batter_home_runs,Batter Home Runs,batter_home_runs,,Samuel Basallo,BAL,MIA,Sandy Alcantara,0.5,486.0,15.03,17.06,-2.04,Low,No clear edge,,,1.5,PropLine game moneyline/total context | Open-Meteo weather context | Baseball Savant quality metrics | Batter-vs-pitcher sample | Self-stored odds movement snapshots | Open-Meteo game weather features,batter_home_runs,,batter
2026-05-06T00:07:03.223447+00:00,2026,2026-05-05,pitcher_earned_runs,Pitcher Earned Runs,pitcher_earned_runs,,Chris Bassitt,BAL,MIA,Chris Bassitt,2.5,-118.0,51.91,54.13,-2.22,Low-Medium,No clear edge,,,0.76,PropLine game moneyline/total context | Open-Meteo weather context | Baseball Savant quality metrics | Self-stored odds movement snapshots | Open-Meteo game weather features,pitcher_earned_runs,,pitcher
2026-05-06T00:07:03.223447+00:00,2026,2026-05-05,pitcher_earned_runs,Pitcher Earned Runs,pitcher_earned_runs,,Chris Bassitt,BAL,MIA,Chris Bassitt,2.5,-119.0,52.0,54.34,-2.34,Low-Medium,No clear edge,,,0.76,PropLine game moneyline/total context | Open-Meteo weather context | Baseball Savant quality metrics | Self-stored odds movement snapshots | Open-Meteo game weather features,pitcher_earned_runs,,pitcher
2026-05-06T00:07:03.223447+00:00,2026,2026-05-05,pitcher_strikeouts,Pitcher Strikeouts,pitcher_strikeouts,,Chris Bassitt,BAL,MIA,Chris Bassitt,4.5,-104.0,48.39,50.98,-2.59,Low-Medium,No clear edge,,,1.5,PropLine game moneyline/total context | Open-Meteo weather context | Baseball Savant quality metrics | Self-stored odds movement snapshots | Open-Meteo game weather features,pitcher_strikeouts,,pitcher
2026-05-06T00:07:03.223447+00:00,2026,2026-05-05,batter_hits,Batter Hits,batter_hits,,Owen Caissie,MIA,BAL,Chris Bassitt,0.5,-145.0,56.27,59.18,-2.91,Low,No clear edge,,,-1.5,PropLine game moneyline/total context | Open-Meteo weather context | Baseball Savant quality metrics | Batter-vs-pitcher sample | Self-stored odds movement snapshots | Open-Meteo game weather features,batter_hits,,batter
2026-05-06T00:07:03.223447+00:00,2026,2026-05-05,batter_hits,Batter Hits,batter_hits,,Connor Norby,MIA,BAL,Chris Bassitt,0.5,-167.0,59.62,62.55,-2.93,Low,No clear edge,,,-1.5,PropLine game moneyline/total context | Open-Meteo weather context | Baseball Savant quality metrics | Batter-vs-pitcher sample | Self-stored odds movement snapshots | Open-Meteo game weather features,batter_hits,,batter
2026-05-06T00:07:03.223447+00:00,2026,2026-05-05,batter_home_runs,Batter Home Runs,batter_home_runs,,Pete Alonso,BAL,MIA,Sandy Alcantara,0.5,436.0,15.66,18.66,-2.99,Low,No clear edge,,,1.5,PropLine game moneyline/total context | Open-Meteo weather context | Baseball Savant quality metrics | Batter-vs-pitcher sample | Self-stored odds movement snapshots | Open-Meteo game weather features,batter_home_runs,,batter
2026-05-06T00:07:03.223447+00:00,2026,2026-05-05,pitcher_earned_runs,Pitcher Earned Runs,pitcher_earned_runs,,Sandy Alcantara,MIA,BAL,Sandy Alcantara,2.5,-123.0,52.06,55.16,-3.09,Low-Medium,No clear edge,,,-1.5,PropLine game moneyline/total context | Open-Meteo weather context | Baseball Savant quality metrics | Self-stored odds movement snapshots | Open-Meteo game weather features,pitcher_earned_runs,,pitcher
2026-05-06T00:07:03.223447+00:00,2026,2026-05-05,batter_hits,Batter Hits,batter_hits,,Xavier Edwards,MIA,BAL,Chris Bassitt,0.5,-250.0,68.23,71.43,-3.2,Low,No clear edge,,,1.06,PropLine game moneyline/total context | Open-Meteo weather context | Baseball Savant quality metrics | Batter-vs-pitcher sample | Self-stored odds movement snapshots | Open-Meteo game weather features,batter_hits,,batter
2026-05-06T00:07:03.223447+00:00,2026,2026-05-05,pitcher_earned_runs,Pitcher Earned Runs,pitcher_earned_runs,,Sandy Alcantara,MIA,BAL,Sandy Alcantara,2.5,-125.0,52.22,55.56,-3.33,Low-Medium,No clear edge,,,-1.5,PropLine game moneyline/total context | Open-Meteo weather context | Baseball Savant quality metrics | Self-stored odds movement snapshots | Open-Meteo game weather features,pitcher_earned_runs,,pitcher
2026-05-06T00:07:03.223447+00:00,2026,2026-05-05,pitcher_strikeouts,Pitcher Strikeouts,pitcher_strikeouts,,Chris Bassitt,BAL,MIA,Chris Bassitt,4.5,-112.0,49.13,52.83,-3.7,Low-Medium,No clear edge,,,1.5,PropLine game moneyline/total context | Open-Meteo weather context | Baseball Savant quality metrics | Self-stored odds movement snapshots | Open-Meteo game weather features,pitcher_strikeouts,,pitcher
2026-05-06T00:07:03.223447+00:00,2026,2026-05-05,batter_total_bases,Batter Total Bases,batter_total_bases,,Xavier Edwards,MIA,BAL,Chris Bassitt,1.5,-179.0,60.36,64.16,-3.79,Low,No clear edge,,,1.5,PropLine game moneyline/total context | Open-Meteo weather context | Baseball Savant quality metrics | Batter-vs-pitcher sample | Self-stored odds movement snapshots | Open-Meteo game weather features,batter_total_bases,,batter
2026-05-06T00:07:03.223447+00:00,2026,2026-05-05,batter_hits,Batter Hits,batter_hits,,Connor Norby,MIA,BAL,Chris Bassitt,0.5,-179.0,60.26,64.16,-3.89,Low,No clear edge,,,-1.5,PropLine game moneyline/total context | Open-Meteo weather context | Baseball Savant quality metrics | Batter-vs-pitcher sample | Self-stored odds movement snapshots | Open-Meteo game weather features,batter_hits,,batter
2026-05-06T00:07:03.223447+00:00,2026,2026-05-05,batter_total_bases,Batter Total Bases,batter_total_bases,,Owen Caissie,MIA,BAL,Chris Bassitt,0.5,-123.0,51.26,55.16,-3.89,Low,No clear edge,,,-1.5,PropLine game moneyline/total context | Open-Meteo weather context | Baseball Savant quality metrics | Batter-vs-pitcher sample | Self-stored odds movement snapshots | Open-Meteo game weather features,batter_total_bases,,batter
2026-05-06T00:07:03.223447+00:00,2026,2026-05-05,batter_total_bases,Batter Total Bases,batter_total_bases,,Gunnar Henderson,BAL,MIA,Sandy Alcantara,1.5,-147.0,55.51,59.51,-4.01,Low,Negative edge / avoid,,,1.5,PropLine game moneyline/total context | Open-Meteo weather context | Baseball Savant quality metrics | Batter-vs-pitcher sample | Self-stored odds movement snapshots | Open-Meteo game weather features,batter_total_bases,,batter
2026-05-06T00:07:03.223447+00:00,2026,2026-05-05,pitcher_strikeouts,Pitcher Strikeouts,pitcher_strikeouts,,Chris Bassitt,BAL,MIA,Chris Bassitt,4.5,-115.0,49.4,53.49,-4.09,Medium,Negative edge / avoid,,,1.5,PropLine game moneyline/total context | Open-Meteo weather context | Baseball Savant quality metrics | Self-stored odds movement snapshots | Open-Meteo game weather features,pitcher_strikeouts,,pitcher
2026-05-06T00:07:03.223447+00:00,2026,2026-05-05,batter_total_bases,Batter Total Bases,batter_total_bases,,Gunnar Henderson,BAL,MIA,Sandy Alcantara,1.5,-150.0,55.7,60.0,-4.3,Low,Negative edge / avoid,,,1.5,PropLine game moneyline/total context | Open-Meteo weather context | Baseball Savant quality metrics | Batter-vs-pitcher sample | Self-stored odds movement snapshots | Open-Meteo game weather features,batter_total_bases,,batter
2026-05-06T00:07:03.223447+00:00,2026,2026-05-05,batter_total_bases,Batter Total Bases,batter_total_bases,,Blaze Alexander,BAL,MIA,Sandy Alcantara,0.5,110.0,43.25,47.62,-4.37,Low,Negative edge / avoid,,,-1.5,PropLine game moneyline/total context | Open-Meteo weather context | Baseball Savant quality metrics | Batter-vs-pitcher sample | Self-stored odds movement snapshots | Open-Meteo game weather features,batter_total_bases,,batter
2026-05-06T00:07:03.223447+00:00,2026,2026-05-05,batter_total_bases,Batter Total Bases,batter_total_bases,,Kyle Stowers,MIA,BAL,Chris Bassitt,1.5,-157.0,56.64,61.09,-4.45,Low,Negative edge / avoid,,,1.5,PropLine game moneyline/total context | Open-Meteo weather context | Baseball Savant quality metrics | Batter-vs-pitcher sample | Self-stored odds movement snapshots | Open-Meteo game weather features,batter_total_bases,,batter
2026-05-06T00:07:03.223447+00:00,2026,2026-05-05,batter_hits,Batter Hits,batter_hits,,Xavier Edwards,MIA,BAL,Chris Bassitt,1.5,-278.0,69.08,73.54,-4.47,Low,Negative edge / avoid,,,1.06,PropLine game moneyline/total context | Open-Meteo weather context | Baseball Savant quality metrics | Batter-vs-pitcher sample | Self-stored odds movement snapshots | Open-Meteo game weather features,batter_hits,,batter
2026-05-06T00:07:03.223447+00:00,2026,2026-05-05,pitcher_strikeouts,Pitcher Strikeouts,pitcher_strikeouts,,Chris Bassitt,BAL,MIA,Chris Bassitt,4.5,-118.0,49.65,54.13,-4.48,Medium,Negative edge / avoid,,,1.5,PropLine game moneyline/total context | Open-Meteo weather context | Baseball Savant quality metrics | Self-stored odds movement snapshots | Open-Meteo game weather features,pitcher_strikeouts,,pitcher
2026-05-06T00:07:03.223447+00:00,2026,2026-05-05,batter_hits,Batter Hits,batter_hits,,Spencer Torkelson,DET,BOS,Jovani Morán,0.5,-195.0,61.54,66.1,-4.56,Low,Negative edge / avoid,,,,PropLine game moneyline/total context | Open-Meteo weather context | Baseball Savant quality metrics | Batter-vs-pitcher sample | Self-stored odds movement snapshots | Open-Meteo game weather features,batter_hits,,batter
2026-05-06T00:07:03.223447+00:00,2026,2026-05-05,batter_total_bases,Batter Total Bases,batter_total_bases,,Xavier Edwards,MIA,BAL,Chris Bassitt,1.5,-190.0,60.91,65.52,-4.61,Low,Negative edge / avoid,,,1.5,PropLine game moneyline/total context | Open-Meteo weather context | Baseball Savant quality metrics | Batter-vs-pitcher sample | Self-stored odds movement snapshots | Open-Meteo game weather features,batter_total_bases,,batter
2026-05-06T00:07:03.223447+00:00,2026,2026-05-05,batter_hits,Batter Hits,batter_hits,,Taylor Ward,BAL,MIA,Sandy Alcantara,0.5,-182.0,59.92,64.54,-4.62,Low,Negative edge / avoid,,,-1.5,PropLine game moneyline/total context | Open-Meteo weather context | Baseball Savant quality metrics | Batter-vs-pitcher sample | Self-stored odds movement snapshots | Open-Meteo game weather features,batter_hits,,batter
2026-05-06T00:07:03.223447+00:00,2026,2026-05-05,batter_total_bases,Batter Total Bases,batter_total_bases,,Kyle Stowers,MIA,BAL,Chris Bassitt,1.5,-159.0,56.76,61.39,-4.63,Low,Negative edge / avoid,,,1.5,PropLine game moneyline/total context | Open-Meteo weather context | Baseball Savant quality metrics | Batter-vs-pitcher sample | Self-stored odds movement snapshots | Open-Meteo game weather features,batter_total_bases,,batter
2026-05-06T00:07:03.223447+00:00,2026,2026-05-05,batter_hits,Batter Hits,batter_hits,,Joe Mack,MIA,BAL,Chris Bassitt,0.5,-165.0,57.51,62.26,-4.76,Low,Negative edge / avoid,,,-1.5,PropLine game moneyline/total context | Open-Meteo weather context | Baseball Savant quality metrics | Batter-vs-pitcher sample | Self-stored odds movement snapshots | Open-Meteo game weather features,batter_hits,,batter
2026-05-06T00:07:03.223447+00:00,2026,2026-05-05,batter_hits,Batter Hits,batter_hits,,Samuel Basallo,BAL,MIA,Sandy Alcantara,0.5,-157.0,56.04,61.09,-5.05,Low,Negative edge / avoid,,,-1.5,PropLine game moneyline/total context | Open-Meteo weather context | Baseball Savant quality metrics | Batter-vs-pitcher sample | Self-stored odds movement snapshots | Open-Meteo game weather features,batter_hits,,batter
2026-05-06T00:07:03.223447+00:00,2026,2026-05-05,batter_hits,Batter Hits,batter_hits,,Jakob Marsee,MIA,BAL,Chris Bassitt,0.5,-195.0,61.04,66.1,-5.06,Low,Negative edge / avoid,,,-1.5,PropLine game moneyline/total context | Open-Meteo weather context | Baseball Savant quality metrics | Batter-vs-pitcher sample | Self-stored odds movement snapshots | Open-Meteo game weather features,batter_hits,,batter
2026-05-06T00:07:03.223447+00:00,2026,2026-05-05,pitcher_hits_allowed,Pitcher Hits Allowed,pitcher_hits_allowed,,Sandy Alcantara,MIA,BAL,Sandy Alcantara,5.5,-141.0,53.4,58.51,-5.1,Medium,Negative edge / avoid,,,-1.5,PropLine game moneyline/total context | Open-Meteo weather context | Baseball Savant quality metrics | Self-stored odds movement snapshots | Open-Meteo game weather features,pitcher_hits_allowed,,pitcher
2026-05-06T00:07:03.223447+00:00,2026,2026-05-05,batter_hits,Batter Hits,batter_hits,,Colt Keith,DET,BOS,Jovani Morán,0.5,-205.0,61.99,67.21,-5.23,Low,Negative edge / avoid,,,,PropLine game moneyline/total context | Open-Meteo weather context | Baseball Savant quality metrics | Batter-vs-pitcher sample | Self-stored odds movement snapshots | Open-Meteo game weather features,batter_hits,,batter
2026-05-06T00:07:03.223447+00:00,2026,2026-05-05,batter_hits,Batter Hits,batter_hits,,Dylan Beavers,BAL,MIA,Sandy Alcantara,0.5,-159.0,56.16,61.39,-5.23,Low,Negative edge / avoid,,,-1.5,PropLine game moneyline/total context | Open-Meteo weather context | Baseball Savant quality metrics | Batter-vs-pitcher sample | Self-stored odds movement snapshots | Open-Meteo game weather features,batter_hits,,batter
2026-05-06T00:07:03.223447+00:00,2026,2026-05-05,batter_hits,Batter Hits,batter_hits,,Liam Hicks,MIA,BAL,Chris Bassitt,0.5,-200.0,61.27,66.67,-5.4,Low,Negative edge / avoid,,,-1.5,PropLine game moneyline/total context | Open-Meteo weather context | Baseball Savant quality metrics | Batter-vs-pitcher sample | Self-stored odds movement snapshots | Open-Meteo game weather features,batter_hits,,batter
2026-05-06T00:07:03.223447+00:00,2026,2026-05-05,batter_total_bases,Batter Total Bases,batter_total_bases,,Otto Lopez,MIA,BAL,Chris Bassitt,1.5,-162.0,56.43,61.83,-5.4,Low,Negative edge / avoid,,,-1.5,PropLine game moneyline/total context | Open-Meteo weather context | Baseball Savant quality metrics | Batter-vs-pitcher sample | Self-stored odds movement snapshots | Open-Meteo game weather features,batter_total_bases,,batter
2026-05-06T00:07:03.223447+00:00,2026,2026-05-05,batter_total_bases,Batter Total Bases,batter_total_bases,,Adley Rutschman,BAL,MIA,Sandy Alcantara,1.5,-162.0,56.43,61.83,-5.4,Low,Negative edge / avoid,,,1.5,PropLine game moneyline/total context | Open-Meteo weather context | Baseball Savant quality metrics | Batter-vs-pitcher sample | Self-stored odds movement snapshots | Open-Meteo game weather features,batter_total_bases,,batter
2026-05-06T00:07:03.223447+00:00,2026,2026-05-05,batter_hits,Batter Hits,batter_hits,,Joe Mack,MIA,BAL,Chris Bassitt,0.5,-173.0,57.95,63.37,-5.42,Low,Negative edge / avoid,,,-1.5,PropLine game moneyline/total context | Open-Meteo weather context | Baseball Savant quality metrics | Batter-vs-pitcher sample | Self-stored odds movement snapshots | Open-Meteo game weather features,batter_hits,,batter
2026-05-06T00:07:03.223447+00:00,2026,2026-05-05,batter_hits,Batter Hits,batter_hits,,Connor Wong,BOS,DET,Framber Valdez,0.5,-182.0,58.92,64.54,-5.62,Low,Negative edge / avoid,,,,PropLine game moneyline/total context | Open-Meteo weather context | Baseball Savant quality metrics | Batter-vs-pitcher sample | Self-stored odds movement snapshots | Open-Meteo game weather features,batter_hits,,batter
2026-05-06T00:07:03.223447+00:00,2026,2026-05-05,batter_hits,Batter Hits,batter_hits,,Taylor Ward,BAL,MIA,Sandy Alcantara,0.5,-197.0,60.63,66.33,-5.7,Low,Negative edge / avoid,,,-1.5,PropLine game moneyline/total context | Open-Meteo weather context | Baseball Savant quality metrics | Batter-vs-pitcher sample | Self-stored odds movement snapshots | Open-Meteo game weather features,batter_hits,,batter
2026-05-06T00:07:03.223447+00:00,2026,2026-05-05,pitcher_strikeouts,Pitcher Strikeouts,pitcher_strikeouts,,Chris Bassitt,BAL,MIA,Chris Bassitt,4.5,-129.0,50.53,56.33,-5.8,Medium,Negative edge / avoid,,,1.5,PropLine game moneyline/total context | Open-Meteo weather context | Baseball Savant quality metrics | Self-stored odds movement snapshots | Open-Meteo game weather features,pitcher_strikeouts,,pitcher
2026-05-06T00:07:03.223447+00:00,2026,2026-05-05,batter_total_bases,Batter Total Bases,batter_total_bases,,Adley Rutschman,BAL,MIA,Sandy Alcantara,1.5,-167.0,56.72,62.55,-5.83,Low,Negative edge / avoid,,,1.5,PropLine game moneyline/total context | Open-Meteo weather context | Baseball Savant quality metrics | Batter-vs-pitcher sample | Self-stored odds movement snapshots | Open-Meteo game weather features,batter_total_bases,,batter
2026-05-06T00:07:03.223447+00:00,2026,2026-05-05,batter_hits,Batter Hits,batter_hits,,Wilyer Abreu,BOS,DET,Framber Valdez,0.5,-225.0,63.29,69.23,-5.94,Low,Negative edge / avoid,,,,PropLine game moneyline/total context | Open-Meteo weather context | Baseball Savant quality metrics | Batter-vs-pitcher sample | Self-stored odds movement snapshots | Open-Meteo game weather features,batter_hits,,batter
2026-05-06T00:07:03.223447+00:00,2026,2026-05-05,batter_hits,Batter Hits,batter_hits,,Liam Hicks,MIA,BAL,Chris Bassitt,0.5,-209.0,61.66,67.64,-5.98,Low,Negative edge / avoid,,,-1.5,PropLine game moneyline/total context | Open-Meteo weather context | Baseball Savant quality metrics | Batter-vs-pitcher sample | Self-stored odds movement snapshots | Open-Meteo game weather features,batter_hits,,batter
2026-05-06T00:07:03.223447+00:00,2026,2026-05-05,batter_total_bases,Batter Total Bases,batter_total_bases,,Connor Norby,MIA,BAL,Chris Bassitt,0.5,-176.0,57.71,63.77,-6.06,Low,Negative edge / avoid,,,1.5,PropLine game moneyline/total context | Open-Meteo weather context | Baseball Savant quality metrics | Batter-vs-pitcher sample | Self-stored odds movement snapshots | Open-Meteo game weather features,batter_total_bases,,batter
2026-05-06T00:07:03.223447+00:00,2026,2026-05-05,batter_hits,Batter Hits,batter_hits,,Riley Greene,DET,BOS,Jovani Morán,0.5,-220.0,62.6,68.75,-6.15,Low,Negative edge / avoid,,,,PropLine game moneyline/total context | Open-Meteo weather context | Baseball Savant quality metrics | Batter-vs-pitcher sample | Self-stored odds movement snapshots | Open-Meteo game weather features,batter_hits,,batter
2026-05-06T00:07:03.223447+00:00,2026,2026-05-05,pitcher_strikeouts,Pitcher Strikeouts,pitcher_strikeouts,,Sandy Alcantara,MIA,BAL,Sandy Alcantara,5.5,-152.0,54.13,60.32,-6.19,Medium,Negative edge / avoid,,,1.5,PropLine game moneyline/total context | Open-Meteo weather context | Baseball Savant quality metrics | Self-stored odds movement snapshots | Open-Meteo game weather features,pitcher_strikeouts,,pitcher
2026-05-06T00:07:03.223447+00:00,2026,2026-05-05,pitcher_hits_allowed,Pitcher Hits Allowed,pitcher_hits_allowed,,Sandy Alcantara,MIA,BAL,Sandy Alcantara,5.5,-152.0,54.13,60.32,-6.19,Medium,Negative edge / avoid,,,-1.5,PropLine game moneyline/total context | Open-Meteo weather context | Baseball Savant quality metrics | Self-stored odds movement snapshots | Open-Meteo game weather features,pitcher_hits_allowed,,pitcher
2026-05-06T00:07:03.223447+00:00,2026,2026-05-05,batter_hits,Batter Hits,batter_hits,,Jakob Marsee,MIA,BAL,Chris Bassitt,0.5,-213.0,61.82,68.05,-6.23,Low,Negative edge / avoid,,,-1.5,PropLine game moneyline/total context | Open-Meteo weather context | Baseball Savant quality metrics | Batter-vs-pitcher sample | Self-stored odds movement snapshots | Open-Meteo game weather features,batter_hits,,batter
2026-05-06T00:07:03.223447+00:00,2026,2026-05-05,batter_total_bases,Batter Total Bases,batter_total_bases,,Pete Alonso,BAL,MIA,Sandy Alcantara,1.5,-145.0,52.87,59.18,-6.31,Low,Negative edge / avoid,,,1.5,PropLine game moneyline/total context | Open-Meteo weather context | Baseball Savant quality metrics | Batter-vs-pitcher sample | Self-stored odds movement snapshots | Open-Meteo game weather features,batter_total_bases,,batter
2026-05-06T00:07:03.223447+00:00,2026,2026-05-05,pitcher_strikeouts,Pitcher Strikeouts,pitcher_strikeouts,,Sandy Alcantara,MIA,BAL,Sandy Alcantara,5.5,-154.0,54.25,60.63,-6.38,Medium,Negative edge / avoid,,,1.5,PropLine game moneyline/total context | Open-Meteo weather context | Baseball Savant quality metrics | Self-stored odds movement snapshots | Open-Meteo game weather features,pitcher_strikeouts,,pitcher
2026-05-06T00:07:03.223447+00:00,2026,2026-05-05,batter_hits,Batter Hits,batter_hits,,Blaze Alexander,BAL,MIA,Sandy Alcantara,0.5,-150.0,53.6,60.0,-6.4,Low,Negative edge / avoid,,,-1.5,PropLine game moneyline/total context | Open-Meteo weather context | Baseball Savant quality metrics | Batter-vs-pitcher sample | Self-stored odds movement snapshots | Open-Meteo game weather features,batter_hits,,batter
2026-05-06T00:07:03.223447+00:00,2026,2026-05-05,batter_total_bases,Batter Total Bases,batter_total_bases,,Pete Alonso,BAL,MIA,Sandy Alcantara,1.5,-146.0,52.94,59.35,-6.41,Low,Negative edge / avoid,,,1.5,PropLine game moneyline/total context | Open-Meteo weather context | Baseball Savant quality metrics | Batter-vs-pitcher sample | Self-stored odds movement snapshots | Open-Meteo game weather features,batter_total_bases,,batter
2026-05-06T00:07:03.223447+00:00,2026,2026-05-05,batter_hits,Batter Hits,batter_hits,,Otto Lopez,MIA,BAL,Chris Bassitt,1.5,-264.0,66.11,72.53,-6.42,Low,Negative edge / avoid,,,-1.5,PropLine game moneyline/total context | Open-Meteo weather context | Baseball Savant quality metrics | Batter-vs-pitcher sample | Self-stored odds movement snapshots | Open-Meteo game weather features,batter_hits,,batter
2026-05-06T00:07:03.223447+00:00,2026,2026-05-05,batter_hits,Batter Hits,batter_hits,,Samuel Basallo,BAL,MIA,Sandy Alcantara,0.5,-173.0,56.95,63.37,-6.42,Low,Negative edge / avoid,,,-1.5,PropLine game moneyline/total context | Open-Meteo weather context | Baseball Savant quality metrics | Batter-vs-pitcher sample | Self-stored odds movement snapshots | Open-Meteo game weather features,batter_hits,,batter
2026-05-06T00:07:03.223447+00:00,2026,2026-05-05,batter_hits,Batter Hits,batter_hits,,Andruw Monasterio,BOS,DET,Framber Valdez,0.5,-167.0,56.12,62.55,-6.43,Low,Negative edge / avoid,,,,PropLine game moneyline/total context | Open-Meteo weather context | Baseball Savant quality metrics | Batter-vs-pitcher sample | Self-stored odds movement snapshots | Open-Meteo game weather features,batter_hits,,batter
2026-05-06T00:07:03.223447+00:00,2026,2026-05-05,batter_hits,Batter Hits,batter_hits,,Adley Rutschman,BAL,MIA,Sandy Alcantara,0.5,-210.0,61.2,67.74,-6.55,Low,Negative edge / avoid,,,-1.5,PropLine game moneyline/total context | Open-Meteo weather context | Baseball Savant quality metrics | Batter-vs-pitcher sample | Self-stored odds movement snapshots | Open-Meteo game weather features,batter_hits,,batter
2026-05-06T00:07:03.223447+00:00,2026,2026-05-05,batter_hits,Batter Hits,batter_hits,,Kerry Carpenter,DET,BOS,Jovani Morán,0.5,-195.0,59.54,66.1,-6.56,Low,Negative edge / avoid,,,,PropLine game moneyline/total context | Open-Meteo weather context | Baseball Savant quality metrics | Batter-vs-pitcher sample | Self-stored odds movement snapshots | Open-Meteo game weather features,batter_hits,,batter
2026-05-06T00:07:03.223447+00:00,2026,2026-05-05,batter_hits,Batter Hits,batter_hits,,Leody Taveras,BAL,MIA,Sandy Alcantara,0.5,-176.0,57.11,63.77,-6.66,Low,Negative edge / avoid,,,-1.5,PropLine game moneyline/total context | Open-Meteo weather context | Baseball Savant quality metrics | Batter-vs-pitcher sample | Self-stored odds movement snapshots | Open-Meteo game weather features,batter_hits,,batter
2026-05-06T00:07:03.223447+00:00,2026,2026-05-05,batter_hits,Batter Hits,batter_hits,,Isiah Kiner-Falefa,BOS,DET,Framber Valdez,0.5,-175.0,56.55,63.64,-7.08,Low,Negative edge / avoid,,,,PropLine game moneyline/total context | Open-Meteo weather context | Baseball Savant quality metrics | Batter-vs-pitcher sample | Self-stored odds movement snapshots | Open-Meteo game weather features,batter_hits,,batter
2026-05-06T00:07:03.223447+00:00,2026,2026-05-05,batter_hits,Batter Hits,batter_hits,,Kyle Stowers,MIA,BAL,Chris Bassitt,0.5,-230.0,62.48,69.7,-7.22,Low,Negative edge / avoid,,,-1.5,PropLine game moneyline/total context | Open-Meteo weather context | Baseball Savant quality metrics | Batter-vs-pitcher sample | Self-stored odds movement snapshots | Open-Meteo game weather features,batter_hits,,batter
2026-05-06T00:07:03.223447+00:00,2026,2026-05-05,batter_hits,Batter Hits,batter_hits,,Dillon Dingler,DET,BOS,Jovani Morán,0.5,-240.0,63.34,70.59,-7.25,Low,Negative edge / avoid,,,,PropLine game moneyline/total context | Open-Meteo weather context | Baseball Savant quality metrics | Batter-vs-pitcher sample | Self-stored odds movement snapshots | Open-Meteo game weather features,batter_hits,,batter
2026-05-06T00:07:03.223447+00:00,2026,2026-05-05,pitcher_strikeouts,Pitcher Strikeouts,pitcher_strikeouts,,Sandy Alcantara,MIA,BAL,Sandy Alcantara,5.5,-164.0,54.85,62.12,-7.27,Medium,Negative edge / avoid,,,1.5,PropLine game moneyline/total context | Open-Meteo weather context | Baseball Savant quality metrics | Self-stored odds movement snapshots | Open-Meteo game weather features,pitcher_strikeouts,,pitcher
2026-05-06T00:07:03.223447+00:00,2026,2026-05-05,batter_total_bases,Batter Total Bases,batter_total_bases,,Joe Mack,MIA,BAL,Chris Bassitt,0.5,-170.0,55.39,62.96,-7.58,Low,Negative edge / avoid,,,1.5,PropLine game moneyline/total context | Open-Meteo weather context | Baseball Savant quality metrics | Batter-vs-pitcher sample | Self-stored odds movement snapshots | Open-Meteo game weather features,batter_total_bases,,batter
2026-05-06T00:07:03.223447+00:00,2026,2026-05-05,batter_total_bases,Batter Total Bases,batter_total_bases,,Jakob Marsee,MIA,BAL,Chris Bassitt,1.5,-197.0,58.73,66.33,-7.6,Low,Negative edge / avoid,,,1.5,PropLine game moneyline/total context | Open-Meteo weather context | Baseball Savant quality metrics | Batter-vs-pitcher sample | Self-stored odds movement snapshots | Open-Meteo game weather features,batter_total_bases,,batter
2026-05-06T00:07:03.223447+00:00,2026,2026-05-05,batter_hits,Batter Hits,batter_hits,,Dylan Beavers,BAL,MIA,Sandy Alcantara,0.5,-189.0,57.76,65.4,-7.64,Low,Negative edge / avoid,,,-1.5,PropLine game moneyline/total context | Open-Meteo weather context | Baseball Savant quality metrics | Batter-vs-pitcher sample | Self-stored odds movement snapshots | Open-Meteo game weather features,batter_hits,,batter
2026-05-06T00:07:03.223447+00:00,2026,2026-05-05,pitcher_strikeouts,Pitcher Strikeouts,pitcher_strikeouts,,Sandy Alcantara,MIA,BAL,Sandy Alcantara,5.5,-169.0,55.13,62.83,-7.7,Medium,Negative edge / avoid,,,1.5,PropLine game moneyline/total context | Open-Meteo weather context | Baseball Savant quality metrics | Self-stored odds movement snapshots | Open-Meteo game weather features,pitcher_strikeouts,,pitcher
2026-05-06T00:07:03.223447+00:00,2026,2026-05-05,batter_hits,Batter Hits,batter_hits,,Leody Taveras,BAL,MIA,Sandy Alcantara,0.5,-190.0,57.81,65.52,-7.71,Low,Negative edge / avoid,,,-1.5,PropLine game moneyline/total context | Open-Meteo weather context | Baseball Savant quality metrics | Batter-vs-pitcher sample | Self-stored odds movement snapshots | Open-Meteo game weather features,batter_hits,,batter
2026-05-06T00:07:03.223447+00:00,2026,2026-05-05,batter_total_bases,Batter Total Bases,batter_total_bases,,Liam Hicks,MIA,BAL,Chris Bassitt,0.5,-215.0,60.27,68.25,-7.98,Low,Negative edge / avoid,,,-0.23,PropLine game moneyline/total context | Open-Meteo weather context | Baseball Savant quality metrics | Batter-vs-pitcher sample | Self-stored odds movement snapshots | Open-Meteo game weather features,batter_total_bases,,batter
2026-05-06T00:07:03.223447+00:00,2026,2026-05-05,batter_total_bases,Batter Total Bases,batter_total_bases,,Jakob Marsee,MIA,BAL,Chris Bassitt,1.5,-203.0,59.0,67.0,-8.0,Low,Negative edge / avoid,,,1.5,PropLine game moneyline/total context | Open-Meteo weather context | Baseball Savant quality metrics | Batter-vs-pitcher sample | Self-stored odds movement snapshots | Open-Meteo game weather features,batter_total_bases,,batter
2026-05-06T00:07:03.223447+00:00,2026,2026-05-05,batter_hits,Batter Hits,batter_hits,,Willson Contreras,BOS,DET,Framber Valdez,0.5,-220.0,60.6,68.75,-8.15,Low,Negative edge / avoid,,,,PropLine game moneyline/total context | Open-Meteo weather context | Baseball Savant quality metrics | Batter-vs-pitcher sample | Self-stored odds movement snapshots | Open-Meteo game weather features,batter_hits,,batter
2026-05-06T00:07:03.223447+00:00,2026,2026-05-05,batter_hits,Batter Hits,batter_hits,,Ceddanne Rafaela,BOS,DET,Framber Valdez,0.5,-220.0,60.6,68.75,-8.15,Low,Negative edge / avoid,,,,PropLine game moneyline/total context | Open-Meteo weather context | Baseball Savant quality metrics | Batter-vs-pitcher sample | Self-stored odds movement snapshots | Open-Meteo game weather features,batter_hits,,batter
2026-05-06T00:07:03.223447+00:00,2026,2026-05-05,batter_hits,Batter Hits,batter_hits,,Kyle Stowers,MIA,BAL,Chris Bassitt,0.5,-250.0,63.17,71.43,-8.26,Low,Negative edge / avoid,,,-1.5,PropLine game moneyline/total context | Open-Meteo weather context | Baseball Savant quality metrics | Batter-vs-pitcher sample | Self-stored odds movement snapshots | Open-Meteo game weather features,batter_hits,,batter
2026-05-06T00:07:03.223447+00:00,2026,2026-05-05,batter_total_bases,Batter Total Bases,batter_total_bases,,Christopher Morel,MIA,BAL,Chris Bassitt,0.5,-147.0,51.01,59.51,-8.51,Low,Negative edge / avoid,,,-1.5,PropLine game moneyline/total context | Open-Meteo weather context | Baseball Savant quality metrics | Batter-vs-pitcher sample | Self-stored odds movement snapshots | Open-Meteo game weather features,batter_total_bases,,batter
2026-05-06T00:07:03.223447+00:00,2026,2026-05-05,batter_hits,Batter Hits,batter_hits,,Matt Vierling,DET,BOS,Jovani Morán,0.5,-230.0,60.98,69.7,-8.72,Low,Negative edge / avoid,,,,PropLine game moneyline/total context | Open-Meteo weather context | Baseball Savant quality metrics | Batter-vs-pitcher sample | Self-stored odds movement snapshots | Open-Meteo game weather features,batter_hits,,batter
2026-05-06T00:07:03.223447+00:00,2026,2026-05-05,batter_hits,Batter Hits,batter_hits,,Adley Rutschman,BAL,MIA,Sandy Alcantara,0.5,-250.0,62.67,71.43,-8.76,Low,Negative edge / avoid,,,-1.5,PropLine game moneyline/total context | Open-Meteo weather context | Baseball Savant quality metrics | Batter-vs-pitcher sample | Self-stored odds movement snapshots | Open-Meteo game weather features,batter_hits,,batter
2026-05-06T00:07:03.223447+00:00,2026,2026-05-05,batter_hits,Batter Hits,batter_hits,,Trevor Story,BOS,DET,Framber Valdez,0.5,-235.0,61.16,70.15,-8.99,Low,Negative edge / avoid,,,,PropLine game moneyline/total context | Open-Meteo weather context | Baseball Savant quality metrics | Batter-vs-pitcher sample | Self-stored odds movement snapshots | Open-Meteo game weather features,batter_hits,,batter
2026-05-06T00:07:03.223447+00:00,2026,2026-05-05,batter_hits,Batter Hits,batter_hits,,Pete Alonso,BAL,MIA,Sandy Alcantara,0.5,-210.0,58.7,67.74,-9.05,Low,Negative edge / avoid,,,-1.5,PropLine game moneyline/total context | Open-Meteo weather context | Baseball Savant quality metrics | Batter-vs-pitcher sample | Self-stored odds movement snapshots | Open-Meteo game weather features,batter_hits,,batter
2026-05-06T00:07:03.223447+00:00,2026,2026-05-05,batter_hits,Batter Hits,batter_hits,,Kevin McGonigle,DET,BOS,Jovani Morán,0.5,-360.0,68.9,78.26,-9.36,Low,Negative edge / avoid,,,,PropLine game moneyline/total context | Open-Meteo weather context | Baseball Savant quality metrics | Batter-vs-pitcher sample | Self-stored odds movement snapshots | Open-Meteo game weather features,batter_hits,,batter
2026-05-06T00:07:03.223447+00:00,2026,2026-05-05,batter_hits,Batter Hits,batter_hits,,Otto Lopez,MIA,BAL,Chris Bassitt,0.5,-345.0,68.11,77.53,-9.42,Low,Negative edge / avoid,,,-1.5,PropLine game moneyline/total context | Open-Meteo weather context | Baseball Savant quality metrics | Batter-vs-pitcher sample | Self-stored odds movement snapshots | Open-Meteo game weather features,batter_hits,,batter
2026-05-06T00:07:03.223447+00:00,2026,2026-05-05,batter_total_bases,Batter Total Bases,batter_total_bases,,Leody Taveras,BAL,MIA,Sandy Alcantara,0.5,-181.0,54.97,64.41,-9.45,Low,Negative edge / avoid,,,1.5,PropLine game moneyline/total context | Open-Meteo weather context | Baseball Savant quality metrics | Batter-vs-pitcher sample | Self-stored odds movement snapshots | Open-Meteo game weather features,batter_total_bases,,batter
2026-05-06T00:07:03.223447+00:00,2026,2026-05-05,batter_hits,Batter Hits,batter_hits,,Jeremiah Jackson,BAL,MIA,Sandy Alcantara,0.5,-218.0,59.02,68.55,-9.53,Low,Negative edge / avoid,,,-1.5,PropLine game moneyline/total context | Open-Meteo weather context | Baseball Savant quality metrics | Batter-vs-pitcher sample | Self-stored odds movement snapshots | Open-Meteo game weather features,batter_hits,,batter
2026-05-06T00:07:03.223447+00:00,2026,2026-05-05,batter_total_bases,Batter Total Bases,batter_total_bases,,Samuel Basallo,BAL,MIA,Sandy Alcantara,0.5,-185.0,55.16,64.91,-9.75,Low,Negative edge / avoid,,,1.5,PropLine game moneyline/total context | Open-Meteo weather context | Baseball Savant quality metrics | Batter-vs-pitcher sample | Self-stored odds movement snapshots | Open-Meteo game weather features,batter_total_bases,,batter
2026-05-06T00:07:03.223447+00:00,2026,2026-05-05,batter_total_bases,Batter Total Bases,batter_total_bases,,Dylan Beavers,BAL,MIA,Sandy Alcantara,0.5,-191.0,55.45,65.64,-10.18,Low,Negative edge / avoid,,,1.5,PropLine game moneyline/total context | Open-Meteo weather context | Baseball Savant quality metrics | Batter-vs-pitcher sample | Self-stored odds movement snapshots | Open-Meteo game weather features,batter_total_bases,,batter
2026-05-06T00:07:03.223447+00:00,2026,2026-05-05,batter_hits,Batter Hits,batter_hits,,Gunnar Henderson,BAL,MIA,Sandy Alcantara,0.5,-235.0,59.66,70.15,-10.49,Low,Negative edge / avoid,,,-1.5,PropLine game moneyline/total context | Open-Meteo weather context | Baseball Savant quality metrics | Batter-vs-pitcher sample | Self-stored odds movement snapshots | Open-Meteo game weather features,batter_hits,,batter
2026-05-06T00:07:03.223447+00:00,2026,2026-05-05,batter_total_bases,Batter Total Bases,batter_total_bases,,Taylor Ward,BAL,MIA,Sandy Alcantara,1.5,-197.0,55.73,66.33,-10.6,Low,Negative edge / avoid,,,1.5,PropLine game moneyline/total context | Open-Meteo weather context | Baseball Savant quality metrics | Batter-vs-pitcher sample | Self-stored odds movement snapshots | Open-Meteo game weather features,batter_total_bases,,batter
2026-05-06T00:07:03.223447+00:00,2026,2026-05-05,batter_total_bases,Batter Total Bases,batter_total_bases,,Taylor Ward,BAL,MIA,Sandy Alcantara,0.5,-204.0,56.04,67.11,-11.06,Low,Negative edge / avoid,,,1.5,PropLine game moneyline/total context | Open-Meteo weather context | Baseball Savant quality metrics | Batter-vs-pitcher sample | Self-stored odds movement snapshots | Open-Meteo game weather features,batter_total_bases,,batter
2026-05-06T00:07:03.223447+00:00,2026,2026-05-05,batter_total_bases,Batter Total Bases,batter_total_bases,,Blaze Alexander,BAL,MIA,Sandy Alcantara,0.5,-145.0,47.87,59.18,-11.31,Low,Negative edge / avoid,,,-1.5,PropLine game moneyline/total context | Open-Meteo weather context | Baseball Savant quality metrics | Batter-vs-pitcher sample | Self-stored odds movement snapshots | Open-Meteo game weather features,batter_total_bases,,batter
2026-05-06T00:07:03.223447+00:00,2026,2026-05-05,batter_hits,Batter Hits,batter_hits,,Pete Alonso,BAL,MIA,Sandy Alcantara,0.5,-264.0,60.61,72.53,-11.92,Low,Negative edge / avoid,,,-1.5,PropLine game moneyline/total context | Open-Meteo weather context | Baseball Savant quality metrics | Batter-vs-pitcher sample | Self-stored odds movement snapshots | Open-Meteo game weather features,batter_hits,,batter
2026-05-06T00:07:03.223447+00:00,2026,2026-05-05,batter_hits,Batter Hits,batter_hits,,Gunnar Henderson,BAL,MIA,Sandy Alcantara,0.5,-271.0,60.82,73.05,-12.23,Low,Negative edge / avoid,,,-1.5,PropLine game moneyline/total context | Open-Meteo weather context | Baseball Savant quality metrics | Batter-vs-pitcher sample | Self-stored odds movement snapshots | Open-Meteo game weather features,batter_hits,,batter
2026-05-06T00:07:03.223447+00:00,2026,2026-05-05,batter_total_bases,Batter Total Bases,batter_total_bases,,Jeremiah Jackson,BAL,MIA,Sandy Alcantara,1.5,-213.0,54.67,68.05,-13.38,Low,Negative edge / avoid,,,-0.25,PropLine game moneyline/total context | Open-Meteo weather context | Baseball Savant quality metrics | Batter-vs-pitcher sample | Self-stored odds movement snapshots | Open-Meteo game weather features,batter_total_bases,,batter
2026-05-06T00:07:03.223447+00:00,2026,2026-05-05,batter_total_bases,Batter Total Bases,batter_total_bases,,Jeremiah Jackson,BAL,MIA,Sandy Alcantara,0.5,-218.0,54.87,68.55,-13.68,Low,Negative edge / avoid,,,-0.25,PropLine game moneyline/total context | Open-Meteo weather context | Baseball Savant quality metrics | Batter-vs-pitcher sample | Self-stored odds movement snapshots | Open-Meteo game weather features,batter_total_bases,,batter
2026-05-06T00:07:03.223447+00:00,2026,2026-05-05,batter_home_runs,Batter Home Runs,batter_home_runs,,Kyle Stowers,MIA,BAL,Chris Bassitt,0.5,-942.0,46.36,90.4,-44.04,Low,Negative edge / avoid,,,1.5,PropLine game moneyline/total context | Open-Meteo weather context | Baseball Savant quality metrics | Batter-vs-pitcher sample | Self-stored odds movement snapshots | Open-Meteo game weather features,batter_home_runs,,batter
2026-05-06T00:07:03.223447+00:00,2026,2026-05-05,batter_home_runs,Batter Home Runs,batter_home_runs,,Pete Alonso,BAL,MIA,Sandy Alcantara,0.5,-756.0,43.53,88.32,-44.79,Low,Negative edge / avoid,,,1.5,PropLine game moneyline/total context | Open-Meteo weather context | Baseball Savant quality metrics | Batter-vs-pitcher sample | Self-stored odds movement snapshots | Open-Meteo game weather features,batter_home_runs,,batter
2026-05-06T00:07:03.223447+00:00,2026,2026-05-05,batter_home_runs,Batter Home Runs,batter_home_runs,,Gunnar Henderson,BAL,MIA,Sandy Alcantara,0.5,-1054.0,46.23,91.33,-45.1,Low,Negative edge / avoid,,,1.5,PropLine game moneyline/total context | Open-Meteo weather context | Baseball Savant quality metrics | Batter-vs-pitcher sample | Self-stored odds movement snapshots | Open-Meteo game weather features,batter_home_runs,,batter
2026-05-06T00:07:03.223447+00:00,2026,2026-05-05,batter_home_runs,Batter Home Runs,batter_home_runs,,Samuel Basallo,BAL,MIA,Sandy Alcantara,0.5,-893.0,44.17,89.93,-45.76,Low,Negative edge / avoid,,,1.5,PropLine game moneyline/total context | Open-Meteo weather context | Baseball Savant quality metrics | Batter-vs-pitcher sample | Self-stored odds movement snapshots | Open-Meteo game weather features,batter_home_runs,,batter
2026-05-06T00:09:05.323879+00:00,2026,2026-05-06,team_total_runs,Team Total Runs - Under,team_total_runs,False,HOU,HOU,LAD,,9.5,-10000,99.01,99.01,,Unmodeled,Odds only,,,,No trained model for this market yet,teamtotals-team1,Under,team
2026-05-06T00:09:05.323879+00:00,2026,2026-05-06,team_total_runs,Team Total Runs - Under,team_total_runs,False,SD,SD,SF,,9.5,-10000,99.01,99.01,,Unmodeled,Odds only,,,,No trained model for this market yet,teamtotals-team2,Under,team
2026-05-06T00:09:05.323879+00:00,2026,2026-05-06,team_total_runs,Team Total Runs - Under,team_total_runs,False,COL,COL,NYM,,9.5,-5000,98.04,98.04,,Unmodeled,Odds only,,,,No trained model for this market yet,teamtotals-team1,Under,team
2026-05-06T00:09:05.323879+00:00,2026,2026-05-06,team_total_runs,Team Total Runs - Under,team_total_runs,False,SEA,SEA,ATL,,9.5,-5000,98.04,98.04,,Unmodeled,Odds only,,,,No trained model for this market yet,teamtotals-team1,Under,team
2026-05-06T00:09:05.323879+00:00,2026,2026-05-06,team_total_runs,Team Total Runs - Under,team_total_runs,False,HOU,HOU,LAD,,8.5,-5000,98.04,98.04,,Unmodeled,Odds only,,,,No trained model for this market yet,teamtotals-team1,Under,team
2026-05-06T00:09:05.323879+00:00,2026,2026-05-06,team_total_runs,Team Total Runs - Under,team_total_runs,False,LAA,LAA,CWS,,9.5,-3333,97.09,97.09,,Unmodeled,Odds only,,,,No trained model for this market yet,teamtotals-team1,Under,team
2026-05-06T00:09:05.323879+00:00,2026,2026-05-06,team_total_runs,Team Total Runs - Under,team_total_runs,False,SD,SD,SF,,8.5,-2500,96.15,96.15,,Unmodeled,Odds only,,,,No trained model for this market yet,teamtotals-team2,Under,team
2026-05-06T00:09:05.323879+00:00,2026,2026-05-06,team_total_runs,Team Total Runs - Under,team_total_runs,False,SEA,SEA,ATL,,8.5,-2000,95.24,95.24,,Unmodeled,Odds only,,,,No trained model for this market yet,teamtotals-team1,Under,team
2026-05-06T00:09:05.323879+00:00,2026,2026-05-06,team_total_runs,Team Total Runs - Under,team_total_runs,False,HOU,HOU,LAD,,7.5,-2000,95.24,95.24,,Unmodeled,Odds only,,,,No trained model for this market yet,teamtotals-team1,Under,team
2026-05-06T00:09:05.323879+00:00,2026,2026-05-06,team_total_runs,Team Total Runs - Under,team_total_runs,False,AZ,AZ,PIT,,9.5,-2000,95.24,95.24,,Unmodeled,Odds only,,,,No trained model for this market yet,teamtotals-team1,Under,team
2026-05-06T00:09:05.323879+00:00,2026,2026-05-06,team_total_runs,Team Total Runs - Under,team_total_runs,False,PIT,PIT,AZ,,9.5,-2000,95.24,95.24,,Unmodeled,Odds only,,,,No trained model for this market yet,teamtotals-team2,Under,team
2026-05-06T00:09:05.323879+00:00,2026,2026-05-06,team_total_runs,Team Total Runs - Under,team_total_runs,False,COL,COL,NYM,,8.5,-1667,94.34,94.34,,Unmodeled,Odds only,,,,No trained model for this market yet,teamtotals-team1,Under,team
2026-05-06T00:09:05.323879+00:00,2026,2026-05-06,team_total_runs,Team Total Runs - Under,team_total_runs,False,LAA,LAA,CWS,,8.5,-1429,93.46,93.46,,Unmodeled,Odds only,,,,No trained model for this market yet,teamtotals-team1,Under,team
2026-05-06T00:09:05.323879+00:00,2026,2026-05-06,team_total_runs,Team Total Runs - Under,team_total_runs,False,LAD,LAD,HOU,,9.5,-1250,92.59,92.59,,Unmodeled,Odds only,,,,No trained model for this market yet,teamtotals-team2,Under,team
2026-05-06T00:09:05.323879+00:00,2026,2026-05-06,team_total_runs,Team Total Runs - Under,team_total_runs,False,SD,SD,SF,,7.5,-1250,92.59,92.59,,Unmodeled,Odds only,,,,No trained model for this market yet,teamtotals-team2,Under,team
2026-05-06T00:09:05.323879+00:00,2026,2026-05-06,team_total_runs,Team Total Runs - Under,team_total_runs,False,PIT,PIT,AZ,,8.5,-1111,91.74,91.74,,Unmodeled,Odds only,,,,No trained model for this market yet,teamtotals-team2,Under,team
2026-05-06T00:09:05.323879+00:00,2026,2026-05-06,team_total_runs,Team Total Runs - Under,team_total_runs,False,NYM,NYM,COL,,9.5,-1000,90.91,90.91,,Unmodeled,Odds only,,,,No trained model for this market yet,teamtotals-team2,Under,team
2026-05-06T00:09:05.323879+00:00,2026,2026-05-06,team_total_runs,Team Total Runs - Under,team_total_runs,False,SEA,SEA,ATL,,7.5,-1000,90.91,90.91,,Unmodeled,Odds only,,,,No trained model for this market yet,teamtotals-team1,Under,team
2026-05-06T00:09:05.323879+00:00,2026,2026-05-06,team_total_runs,Team Total Runs - Under,team_total_runs,False,HOU,HOU,LAD,,6.5,-1000,90.91,90.91,,Unmodeled,Odds only,,,,No trained model for this market yet,teamtotals-team1,Under,team
2026-05-06T00:09:05.323879+00:00,2026,2026-05-06,team_total_runs,Team Total Runs - Under,team_total_runs,False,AZ,AZ,PIT,,8.5,-1000,90.91,90.91,,Unmodeled,Odds only,,,,No trained model for this market yet,teamtotals-team1,Under,team
2026-05-06T00:09:05.323879+00:00,2026,2026-05-06,team_total_runs,Team Total Runs - Under,team_total_runs,False,COL,COL,NYM,,7.5,-909,90.09,90.09,,Unmodeled,Odds only,,,,No trained model for this market yet,teamtotals-team1,Under,team
2026-05-06T00:09:05.323879+00:00,2026,2026-05-06,team_total_runs,Team Total Runs - Under,team_total_runs,False,LAA,LAA,CWS,,7.5,-769,88.49,88.49,,Unmodeled,Odds only,,,,No trained model for this market yet,teamtotals-team1,Under,team
2026-05-06T00:09:05.323879+00:00,2026,2026-05-06,team_total_runs,Team Total Runs - Under,team_total_runs,False,LAD,LAD,HOU,,8.5,-714,87.71,87.71,,Unmodeled,Odds only,,,,No trained model for this market yet,teamtotals-team2,Under,team
2026-05-06T00:09:05.323879+00:00,2026,2026-05-06,team_total_runs,Team Total Runs - Under,team_total_runs,False,PIT,PIT,AZ,,7.5,-667,86.96,86.96,,Unmodeled,Odds only,,,,No trained model for this market yet,teamtotals-team2,Under,team
2026-05-06T00:09:05.323879+00:00,2026,2026-05-06,team_total_runs,Team Total Runs - Under,team_total_runs,False,SD,SD,SF,,6.5,-667,86.96,86.96,,Unmodeled,Odds only,,,,No trained model for this market yet,teamtotals-team2,Under,team
2026-05-06T00:09:05.323879+00:00,2026,2026-05-06,team_total_runs,Team Total Runs - Under,team_total_runs,False,NYM,NYM,COL,,8.5,-588,85.47,85.47,,Unmodeled,Odds only,,,,No trained model for this market yet,teamtotals-team2,Under,team
2026-05-06T00:09:05.323879+00:00,2026,2026-05-06,team_total_runs,Team Total Runs - Over,team_total_runs,False,NYM,NYM,COL,,2.5,-556,84.76,84.76,,Unmodeled,Odds only,,,,No trained model for this market yet,teamtotals-team2,Over,team
2026-05-06T00:09:05.323879+00:00,2026,2026-05-06,team_total_runs,Team Total Runs - Under,team_total_runs,False,AZ,AZ,PIT,,7.5,-556,84.76,84.76,,Unmodeled,Odds only,,,,No trained model for this market yet,teamtotals-team1,Under,team
2026-05-06T00:09:05.323879+00:00,2026,2026-05-06,team_total_runs,Team Total Runs - Under,team_total_runs,False,SEA,SEA,ATL,,6.5,-526,84.03,84.03,,Unmodeled,Odds only,,,,No trained model for this market yet,teamtotals-team1,Under,team
2026-05-06T00:09:05.323879+00:00,2026,2026-05-06,team_total_runs,Team Total Runs - Under,team_total_runs,False,HOU,HOU,LAD,,5.5,-526,84.03,84.03,,Unmodeled,Odds only,,,,No trained model for this market yet,teamtotals-team1,Under,team
2026-05-06T00:09:05.323879+00:00,2026,2026-05-06,team_total_runs,Team Total Runs - Under,team_total_runs,False,COL,COL,NYM,,6.5,-500,83.33,83.33,,Unmodeled,Odds only,,,,No trained model for this market yet,teamtotals-team1,Under,team
2026-05-06T00:09:05.323879+00:00,2026,2026-05-06,team_total_runs,Team Total Runs - Over,team_total_runs,False,LAD,LAD,HOU,,2.5,-455,81.98,81.98,,Unmodeled,Odds only,,,,No trained model for this market yet,teamtotals-team2,Over,team
2026-05-06T00:09:05.323879+00:00,2026,2026-05-06,team_total_runs,Team Total Runs - Under,team_total_runs,False,LAA,LAA,CWS,,6.5,-417,80.66,80.66,,Unmodeled,Odds only,,,,No trained model for this market yet,teamtotals-team1,Under,team
2026-05-06T00:09:05.323879+00:00,2026,2026-05-06,team_total_runs,Team Total Runs - Under,team_total_runs,False,LAD,LAD,HOU,,7.5,-417,80.66,80.66,,Unmodeled,Odds only,,,,No trained model for this market yet,teamtotals-team2,Under,team
2026-05-06T00:09:05.323879+00:00,2026,2026-05-06,team_total_runs,Team Total Runs - Over,team_total_runs,False,AZ,AZ,PIT,,2.5,-400,80.0,80.0,,Unmodeled,Odds only,,,,No trained model for this market yet,teamtotals-team1,Over,team
2026-05-06T00:09:05.323879+00:00,2026,2026-05-06,team_total_runs,Team Total Runs - Under,team_total_runs,False,NYM,NYM,COL,,7.5,-385,79.38,79.38,,Unmodeled,Odds only,,,,No trained model for this market yet,teamtotals-team2,Under,team
2026-05-06T00:09:05.323879+00:00,2026,2026-05-06,team_total_runs,Team Total Runs - Under,team_total_runs,False,PIT,PIT,AZ,,6.5,-385,79.38,79.38,,Unmodeled,Odds only,,,,No trained model for this market yet,teamtotals-team2,Under,team
2026-05-06T00:09:05.323879+00:00,2026,2026-05-06,team_total_runs,Team Total Runs - Under,team_total_runs,False,SD,SD,SF,,5.5,-385,79.38,79.38,,Unmodeled,Odds only,,,,No trained model for this market yet,teamtotals-team2,Under,team
2026-05-06T00:09:05.323879+00:00,2026,2026-05-06,team_total_runs,Team Total Runs - Over,team_total_runs,False,LAA,LAA,CWS,,2.5,-333,76.91,76.91,,Unmodeled,Odds only,,,,No trained model for this market yet,teamtotals-team1,Over,team
2026-05-06T00:09:05.323879+00:00,2026,2026-05-06,team_total_runs,Team Total Runs - Under,team_total_runs,False,AZ,AZ,PIT,,6.5,-333,76.91,76.91,,Unmodeled,Odds only,,,,No trained model for this market yet,teamtotals-team1,Under,team
2026-05-06T00:09:05.323879+00:00,2026,2026-05-06,team_total_runs,Team Total Runs - Under,team_total_runs,False,SEA,SEA,ATL,,5.5,-303,75.19,75.19,,Unmodeled,Odds only,,,,No trained model for this market yet,teamtotals-team1,Under,team
2026-05-06T00:09:05.323879+00:00,2026,2026-05-06,team_total_runs,Team Total Runs - Over,team_total_runs,False,PIT,PIT,AZ,,2.5,-303,75.19,75.19,,Unmodeled,Odds only,,,,No trained model for this market yet,teamtotals-team2,Over,team
2026-05-06T00:09:05.323879+00:00,2026,2026-05-06,team_total_runs,Team Total Runs - Over,team_total_runs,False,COL,COL,NYM,,2.5,-286,74.09,74.09,,Unmodeled,Odds only,,,,No trained model for this market yet,teamtotals-team1,Over,team
2026-05-06T00:09:05.323879+00:00,2026,2026-05-06,team_total_runs,Team Total Runs - Under,team_total_runs,False,COL,COL,NYM,,5.5,-286,74.09,74.09,,Unmodeled,Odds only,,,,No trained model for this market yet,teamtotals-team1,Under,team
2026-05-06T00:09:05.323879+00:00,2026,2026-05-06,team_total_runs,Team Total Runs - Under,team_total_runs,False,HOU,HOU,LAD,,4.5,-286,74.09,74.09,,Unmodeled,Odds only,,,,No trained model for this market yet,teamtotals-team1,Under,team
2026-05-06T00:09:05.323879+00:00,2026,2026-05-06,team_total_runs,Team Total Runs - Over,team_total_runs,False,NYM,NYM,COL,,3.5,-278,73.54,73.54,,Unmodeled,Odds only,,,,No trained model for this market yet,teamtotals-team2,Over,team
2026-05-06T00:09:05.323879+00:00,2026,2026-05-06,team_total_runs,Team Total Runs - Over,team_total_runs,False,SEA,SEA,ATL,,2.5,-278,73.54,73.54,,Unmodeled,Odds only,,,,No trained model for this market yet,teamtotals-team1,Over,team
2026-05-06T00:09:05.323879+00:00,2026,2026-05-06,team_total_runs,Team Total Runs - Under,team_total_runs,False,LAD,LAD,HOU,,6.5,-250,71.43,71.43,,Unmodeled,Odds only,,,,No trained model for this market yet,teamtotals-team2,Under,team
2026-05-06T00:09:05.323879+00:00,2026,2026-05-06,team_total_runs,Team Total Runs - Under,team_total_runs,False,LAA,LAA,CWS,,5.5,-238,70.41,70.41,,Unmodeled,Odds only,,,,No trained model for this market yet,teamtotals-team1,Under,team
2026-05-06T00:09:05.323879+00:00,2026,2026-05-06,team_total_runs,Team Total Runs - Over,team_total_runs,False,LAD,LAD,HOU,,3.5,-227,69.42,69.42,,Unmodeled,Odds only,,,,No trained model for this market yet,teamtotals-team2,Over,team
2026-05-06T00:09:05.323879+00:00,2026,2026-05-06,team_total_runs,Team Total Runs - Under,team_total_runs,False,PIT,PIT,AZ,,5.5,-227,69.42,69.42,,Unmodeled,Odds only,,,,No trained model for this market yet,teamtotals-team2,Under,team
2026-05-06T00:09:05.323879+00:00,2026,2026-05-06,team_total_runs,Team Total Runs - Under,team_total_runs,False,NYM,NYM,COL,,6.5,-222,68.94,68.94,,Unmodeled,Odds only,,,,No trained model for this market yet,teamtotals-team2,Under,team
2026-05-06T00:09:05.323879+00:00,2026,2026-05-06,team_total_runs,Team Total Runs - Over,team_total_runs,False,SD,SD,SF,,2.5,-208,67.53,67.53,,Unmodeled,Odds only,,,,No trained model for this market yet,teamtotals-team2,Over,team
2026-05-06T00:09:05.323879+00:00,2026,2026-05-06,team_total_runs,Team Total Runs - Under,team_total_runs,False,SD,SD,SF,,4.5,-208,67.53,67.53,,Unmodeled,Odds only,,,,No trained model for this market yet,teamtotals-team2,Under,team
2026-05-06T00:09:05.323879+00:00,2026,2026-05-06,team_total_runs,Team Total Runs - Over,team_total_runs,False,AZ,AZ,PIT,,3.5,-200,66.67,66.67,,Unmodeled,Odds only,,,,No trained model for this market yet,teamtotals-team1,Over,team
2026-05-06T00:09:05.323879+00:00,2026,2026-05-06,team_total_runs,Team Total Runs - Under,team_total_runs,False,AZ,AZ,PIT,,5.5,-200,66.67,66.67,,Unmodeled,Odds only,,,,No trained model for this market yet,teamtotals-team1,Under,team
2026-05-06T00:09:05.323879+00:00,2026,2026-05-06,team_total_runs,Team Total Runs - Over,team_total_runs,False,LAA,LAA,CWS,,3.5,-169,62.83,62.83,,Unmodeled,Odds only,,,,No trained model for this market yet,teamtotals-team1,Over,team
2026-05-06T00:09:05.323879+00:00,2026,2026-05-06,team_total_runs,Team Total Runs - Under,team_total_runs,False,SEA,SEA,ATL,,4.5,-169,62.83,62.83,,Unmodeled,Odds only,,,,No trained model for this market yet,teamtotals-team1,Under,team
2026-05-06T00:09:05.323879+00:00,2026,2026-05-06,team_total_runs,Team Total Runs - Under,team_total_runs,False,COL,COL,NYM,,4.5,-161,61.69,61.69,,Unmodeled,Odds only,,,,No trained model for this market yet,teamtotals-team1,Under,team
2026-05-06T00:09:05.323879+00:00,2026,2026-05-06,team_total_runs,Team Total Runs - Over,team_total_runs,False,HOU,HOU,LAD,,2.5,-161,61.69,61.69,,Unmodeled,Odds only,,,,No trained model for this market yet,teamtotals-team1,Over,team
2026-05-06T00:09:05.323879+00:00,2026,2026-05-06,team_total_runs,Team Total Runs - Under,team_total_runs,False,LAD,LAD,HOU,,5.5,-161,61.69,61.69,,Unmodeled,Odds only,,,,No trained model for this market yet,teamtotals-team2,Under,team
2026-05-06T00:09:05.323879+00:00,2026,2026-05-06,team_total_runs,Team Total Runs - Over,team_total_runs,False,PIT,PIT,AZ,,3.5,-161,61.69,61.69,,Unmodeled,Odds only,,,,No trained model for this market yet,teamtotals-team2,Over,team
2026-05-06T00:09:05.323879+00:00,2026,2026-05-06,team_total_runs,Team Total Runs - Over,team_total_runs,False,NYM,NYM,COL,,4.5,-154,60.63,60.63,,Unmodeled,Odds only,,,,No trained model for this market yet,teamtotals-team2,Over,team
2026-05-06T00:09:05.323879+00:00,2026,2026-05-06,team_total_runs,Team Total Runs - Under,team_total_runs,False,HOU,HOU,LAD,,3.5,-154,60.63,60.63,,Unmodeled,Odds only,,,,No trained model for this market yet,teamtotals-team1,Under,team
2026-05-06T00:09:05.323879+00:00,2026,2026-05-06,team_total_runs,Team Total Runs - Over,team_total_runs,False,COL,COL,NYM,,3.5,-143,58.85,58.85,,Unmodeled,Odds only,,,,No trained model for this market yet,teamtotals-team1,Over,team
2026-05-06T00:09:05.323879+00:00,2026,2026-05-06,team_total_runs,Team Total Runs - Under,team_total_runs,False,LAA,LAA,CWS,,4.5,-139,58.16,58.16,,Unmodeled,Odds only,,,,No trained model for this market yet,teamtotals-team1,Under,team
2026-05-06T00:09:05.323879+00:00,2026,2026-05-06,team_total_runs,Team Total Runs - Under,team_total_runs,False,NYM,NYM,COL,,5.5,-139,58.16,58.16,,Unmodeled,Odds only,,,,No trained model for this market yet,teamtotals-team2,Under,team
2026-05-06T00:09:05.323879+00:00,2026,2026-05-06,team_total_runs,Team Total Runs - Over,team_total_runs,False,SEA,SEA,ATL,,3.5,-139,58.16,58.16,,Unmodeled,Odds only,,,,No trained model for this market yet,teamtotals-team1,Over,team
2026-05-06T00:09:05.323879+00:00,2026,2026-05-06,team_total_runs,Team Total Runs - Over,team_total_runs,False,LAD,LAD,HOU,,4.5,-139,58.16,58.16,,Unmodeled,Odds only,,,,No trained model for this market yet,teamtotals-team2,Over,team
2026-05-06T00:09:05.323879+00:00,2026,2026-05-06,team_total_runs,Team Total Runs - Under,team_total_runs,False,PIT,PIT,AZ,,4.5,-139,58.16,58.16,,Unmodeled,Odds only,,,,No trained model for this market yet,teamtotals-team2,Under,team
2026-05-06T00:09:05.323879+00:00,2026,2026-05-06,team_total_runs,Team Total Runs - Under,team_total_runs,False,SD,SD,SF,,3.5,-118,54.13,54.13,,Unmodeled,Odds only,,,,No trained model for this market yet,teamtotals-team2,Under,team
2026-05-06T00:09:05.323879+00:00,2026,2026-05-06,team_total_runs,Team Total Runs - Over,team_total_runs,False,AZ,AZ,PIT,,4.5,-115,53.49,53.49,,Unmodeled,Odds only,,,,No trained model for this market yet,teamtotals-team1,Over,team
2026-05-06T00:09:05.323879+00:00,2026,2026-05-06,team_total_runs,Team Total Runs - Over,team_total_runs,False,SD,SD,SF,,3.5,-111,52.61,52.61,,Unmodeled,Odds only,,,,No trained model for this market yet,teamtotals-team2,Over,team
2026-05-06T00:09:05.323879+00:00,2026,2026-05-06,team_total_runs,Team Total Runs - Over,team_total_runs,False,LAA,LAA,CWS,,4.5,105,48.78,48.78,,Unmodeled,Odds only,,,,No trained model for this market yet,teamtotals-team1,Over,team
2026-05-06T00:09:05.323879+00:00,2026,2026-05-06,team_total_runs,Team Total Runs - Over,team_total_runs,False,NYM,NYM,COL,,5.5,105,48.78,48.78,,Unmodeled,Odds only,,,,No trained model for this market yet,teamtotals-team2,Over,team
2026-05-06T00:09:05.323879+00:00,2026,2026-05-06,team_total_runs,Team Total Runs - Under,team_total_runs,False,SEA,SEA,ATL,,3.5,105,48.78,48.78,,Unmodeled,Odds only,,,,No trained model for this market yet,teamtotals-team1,Under,team
2026-05-06T00:09:05.323879+00:00,2026,2026-05-06,team_total_runs,Team Total Runs - Under,team_total_runs,False,LAD,LAD,HOU,,4.5,105,48.78,48.78,,Unmodeled,Odds only,,,,No trained model for this market yet,teamtotals-team2,Under,team
2026-05-06T00:09:05.323879+00:00,2026,2026-05-06,team_total_runs,Team Total Runs - Over,team_total_runs,False,PIT,PIT,AZ,,4.5,105,48.78,48.78,,Unmodeled,Odds only,,,,No trained model for this market yet,teamtotals-team2,Over,team
2026-05-06T00:09:05.323879+00:00,2026,2026-05-06,team_total_runs,Team Total Runs - Under,team_total_runs,False,COL,COL,NYM,,3.5,110,47.62,47.62,,Unmodeled,Odds only,,,,No trained model for this market yet,teamtotals-team1,Under,team
2026-05-06T00:09:05.323879+00:00,2026,2026-05-06,team_total_runs,Team Total Runs - Under,team_total_runs,False,NYM,NYM,COL,,4.5,120,45.45,45.45,,Unmodeled,Odds only,,,,No trained model for this market yet,teamtotals-team2,Under,team
2026-05-06T00:09:05.323879+00:00,2026,2026-05-06,team_total_runs,Team Total Runs - Over,team_total_runs,False,HOU,HOU,LAD,,3.5,120,45.45,45.45,,Unmodeled,Odds only,,,,No trained model for this market yet,teamtotals-team1,Over,team
2026-05-06T00:09:05.323879+00:00,2026,2026-05-06,team_total_runs,Team Total Runs - Over,team_total_runs,False,COL,COL,NYM,,4.5,125,44.44,44.44,,Unmodeled,Odds only,,,,No trained model for this market yet,teamtotals-team1,Over,team
2026-05-06T00:09:05.323879+00:00,2026,2026-05-06,team_total_runs,Team Total Runs - Under,team_total_runs,False,HOU,HOU,LAD,,2.5,125,44.44,44.44,,Unmodeled,Odds only,,,,No trained model for this market yet,teamtotals-team1,Under,team
2026-05-06T00:09:05.323879+00:00,2026,2026-05-06,team_total_runs,Team Total Runs - Over,team_total_runs,False,LAD,LAD,HOU,,5.5,125,44.44,44.44,,Unmodeled,Odds only,,,,No trained model for this market yet,teamtotals-team2,Over,team
2026-05-06T00:09:05.323879+00:00,2026,2026-05-06,team_total_runs,Team Total Runs - Under,team_total_runs,False,PIT,PIT,AZ,,3.5,125,44.44,44.44,,Unmodeled,Odds only,,,,No trained model for this market yet,teamtotals-team2,Under,team
2026-05-06T00:09:05.323879+00:00,2026,2026-05-06,team_total_runs,Team Total Runs - Under,team_total_runs,False,LAA,LAA,CWS,,3.5,130,43.48,43.48,,Unmodeled,Odds only,,,,No trained model for this market yet,teamtotals-team1,Under,team
2026-05-06T00:09:05.323879+00:00,2026,2026-05-06,team_total_runs,Team Total Runs - Over,team_total_runs,False,SEA,SEA,ATL,,4.5,130,43.48,43.48,,Unmodeled,Odds only,,,,No trained model for this market yet,teamtotals-team1,Over,team
2026-05-06T00:09:05.323879+00:00,2026,2026-05-06,team_total_runs,Team Total Runs - Under,team_total_runs,False,AZ,AZ,PIT,,3.5,150,40.0,40.0,,Unmodeled,Odds only,,,,No trained model for this market yet,teamtotals-team1,Under,team
2026-05-06T00:09:05.323879+00:00,2026,2026-05-06,team_total_runs,Team Total Runs - Over,team_total_runs,False,AZ,AZ,PIT,,5.5,150,40.0,40.0,,Unmodeled,Odds only,,,,No trained model for this market yet,teamtotals-team1,Over,team
2026-05-06T00:09:05.323879+00:00,2026,2026-05-06,team_total_runs,Team Total Runs - Under,team_total_runs,False,SD,SD,SF,,2.5,160,38.46,38.46,,Unmodeled,Odds only,,,,No trained model for this market yet,teamtotals-team2,Under,team
2026-05-06T00:09:05.323879+00:00,2026,2026-05-06,team_total_runs,Team Total Runs - Over,team_total_runs,False,SD,SD,SF,,4.5,160,38.46,38.46,,Unmodeled,Odds only,,,,No trained model for this market yet,teamtotals-team2,Over,team
2026-05-06T00:09:05.323879+00:00,2026,2026-05-06,team_total_runs,Team Total Runs - Over,team_total_runs,False,NYM,NYM,COL,,6.5,165,37.74,37.74,,Unmodeled,Odds only,,,,No trained model for this market yet,teamtotals-team2,Over,team
2026-05-06T00:09:05.323879+00:00,2026,2026-05-06,team_total_runs,Team Total Runs - Under,team_total_runs,False,LAD,LAD,HOU,,3.5,170,37.04,37.04,,Unmodeled,Odds only,,,,No trained model for this market yet,teamtotals-team2,Under,team
2026-05-06T00:09:05.323879+00:00,2026,2026-05-06,team_total_runs,Team Total Runs - Over,team_total_runs,False,PIT,PIT,AZ,,5.5,170,37.04,37.04,,Unmodeled,Odds only,,,,No trained model for this market yet,teamtotals-team2,Over,team
2026-05-06T00:09:05.323879+00:00,2026,2026-05-06,team_total_runs,Team Total Runs - Over,team_total_runs,False,LAA,LAA,CWS,,5.5,175,36.36,36.36,,Unmodeled,Odds only,,,,No trained model for this market yet,teamtotals-team1,Over,team
2026-05-06T00:09:05.323879+00:00,2026,2026-05-06,team_total_runs,Team Total Runs - Over,team_total_runs,False,LAD,LAD,HOU,,6.5,185,35.09,35.09,,Unmodeled,Odds only,,,,No trained model for this market yet,teamtotals-team2,Over,team
2026-05-06T00:09:05.323879+00:00,2026,2026-05-06,team_total_runs,Team Total Runs - Under,team_total_runs,False,NYM,NYM,COL,,3.5,200,33.33,33.33,,Unmodeled,Odds only,,,,No trained model for this market yet,teamtotals-team2,Under,team
2026-05-06T00:09:05.323879+00:00,2026,2026-05-06,team_total_runs,Team Total Runs - Under,team_total_runs,False,SEA,SEA,ATL,,2.5,200,33.33,33.33,,Unmodeled,Odds only,,,,No trained model for this market yet,teamtotals-team1,Under,team
2026-05-06T00:09:05.323879+00:00,2026,2026-05-06,team_total_runs,Team Total Runs - Under,team_total_runs,False,COL,COL,NYM,,2.5,210,32.26,32.26,,Unmodeled,Odds only,,,,No trained model for this market yet,teamtotals-team1,Under,team
2026-05-06T00:09:05.323879+00:00,2026,2026-05-06,team_total_runs,Team Total Runs - Over,team_total_runs,False,COL,COL,NYM,,5.5,210,32.26,32.26,,Unmodeled,Odds only,,,,No trained model for this market yet,teamtotals-team1,Over,team
2026-05-06T00:09:05.323879+00:00,2026,2026-05-06,team_total_runs,Team Total Runs - Over,team_total_runs,False,HOU,HOU,LAD,,4.5,210,32.26,32.26,,Unmodeled,Odds only,,,,No trained model for this market yet,teamtotals-team1,Over,team
2026-05-06T00:09:05.323879+00:00,2026,2026-05-06,team_total_runs,Team Total Runs - Over,team_total_runs,False,SEA,SEA,ATL,,5.5,220,31.25,31.25,,Unmodeled,Odds only,,,,No trained model for this market yet,teamtotals-team1,Over,team
2026-05-06T00:09:05.323879+00:00,2026,2026-05-06,team_total_runs,Team Total Runs - Under,team_total_runs,False,PIT,PIT,AZ,,2.5,220,31.25,31.25,,Unmodeled,Odds only,,,,No trained model for this market yet,teamtotals-team2,Under,team
2026-05-06T00:09:05.323879+00:00,2026,2026-05-06,team_total_runs,Team Total Runs - Under,team_total_runs,False,LAA,LAA,CWS,,2.5,240,29.41,29.41,,Unmodeled,Odds only,,,,No trained model for this market yet,teamtotals-team1,Under,team
2026-05-06T00:09:05.323879+00:00,2026,2026-05-06,team_total_runs,Team Total Runs - Over,team_total_runs,False,AZ,AZ,PIT,,6.5,240,29.41,29.41,,Unmodeled,Odds only,,,,No trained model for this market yet,teamtotals-team1,Over,team
2026-05-06T00:09:05.323879+00:00,2026,2026-05-06,team_total_runs,Team Total Runs - Over,team_total_runs,False,NYM,NYM,COL,,7.5,270,27.03,27.03,,Unmodeled,Odds only,,,,No trained model for this market yet,teamtotals-team2,Over,team
2026-05-06T00:09:05.323879+00:00,2026,2026-05-06,team_total_runs,Team Total Runs - Over,team_total_runs,False,PIT,PIT,AZ,,6.5,270,27.03,27.03,,Unmodeled,Odds only,,,,No trained model for this market yet,teamtotals-team2,Over,team
2026-05-06T00:09:05.323879+00:00,2026,2026-05-06,team_total_runs,Team Total Runs - Over,team_total_runs,False,SD,SD,SF,,5.5,270,27.03,27.03,,Unmodeled,Odds only,,,,No trained model for this market yet,teamtotals-team2,Over,team
2026-05-06T00:09:05.323879+00:00,2026,2026-05-06,team_total_runs,Team Total Runs - Under,team_total_runs,False,AZ,AZ,PIT,,2.5,275,26.67,26.67,,Unmodeled,Odds only,,,,No trained model for this market yet,teamtotals-team1,Under,team
2026-05-06T00:09:05.323879+00:00,2026,2026-05-06,team_total_runs,Team Total Runs - Over,team_total_runs,False,LAA,LAA,CWS,,6.5,290,25.64,25.64,,Unmodeled,Odds only,,,,No trained model for this market yet,teamtotals-team1,Over,team
2026-05-06T00:09:05.323879+00:00,2026,2026-05-06,team_total_runs,Team Total Runs - Over,team_total_runs,False,LAD,LAD,HOU,,7.5,290,25.64,25.64,,Unmodeled,Odds only,,,,No trained model for this market yet,teamtotals-team2,Over,team
2026-05-06T00:09:05.323879+00:00,2026,2026-05-06,team_total_runs,Team Total Runs - Under,team_total_runs,False,LAD,LAD,HOU,,2.5,300,25.0,25.0,,Unmodeled,Odds only,,,,No trained model for this market yet,teamtotals-team2,Under,team
2026-05-06T00:09:05.323879+00:00,2026,2026-05-06,team_total_runs,Team Total Runs - Over,team_total_runs,False,COL,COL,NYM,,6.5,333,23.09,23.09,,Unmodeled,Odds only,,,,No trained model for this market yet,teamtotals-team1,Over,team
2026-05-06T00:09:05.323879+00:00,2026,2026-05-06,team_total_runs,Team Total Runs - Over,team_total_runs,False,HOU,HOU,LAD,,5.5,340,22.73,22.73,,Unmodeled,Odds only,,,,No trained model for this market yet,teamtotals-team1,Over,team
2026-05-06T00:09:05.323879+00:00,2026,2026-05-06,team_total_runs,Team Total Runs - Over,team_total_runs,False,SEA,SEA,ATL,,6.5,350,22.22,22.22,,Unmodeled,Odds only,,,,No trained model for this market yet,teamtotals-team1,Over,team
2026-05-06T00:09:05.323879+00:00,2026,2026-05-06,team_total_runs,Team Total Runs - Under,team_total_runs,False,NYM,NYM,COL,,2.5,360,21.74,21.74,,Unmodeled,Odds only,,,,No trained model for this market yet,teamtotals-team2,Under,team
2026-05-06T00:09:05.323879+00:00,2026,2026-05-06,team_total_runs,Team Total Runs - Over,team_total_runs,False,AZ,AZ,PIT,,7.5,360,21.74,21.74,,Unmodeled,Odds only,,,,No trained model for this market yet,teamtotals-team1,Over,team
2026-05-06T00:09:05.323879+00:00,2026,2026-05-06,team_total_runs,Team Total Runs - Over,team_total_runs,False,NYM,NYM,COL,,8.5,375,21.05,21.05,,Unmodeled,Odds only,,,,No trained model for this market yet,teamtotals-team2,Over,team
2026-05-06T00:09:05.323879+00:00,2026,2026-05-06,team_total_runs,Team Total Runs - Over,team_total_runs,False,PIT,PIT,AZ,,7.5,400,20.0,20.0,,Unmodeled,Odds only,,,,No trained model for this market yet,teamtotals-team2,Over,team
2026-05-06T00:09:05.323879+00:00,2026,2026-05-06,team_total_runs,Team Total Runs - Over,team_total_runs,False,SD,SD,SF,,6.5,400,20.0,20.0,,Unmodeled,Odds only,,,,No trained model for this market yet,teamtotals-team2,Over,team
2026-05-06T00:09:05.323879+00:00,2026,2026-05-06,team_total_runs,Team Total Runs - Over,team_total_runs,False,LAD,LAD,HOU,,8.5,425,19.05,19.05,,Unmodeled,Odds only,,,,No trained model for this market yet,teamtotals-team2,Over,team
2026-05-06T00:09:05.323879+00:00,2026,2026-05-06,team_total_runs,Team Total Runs - Over,team_total_runs,False,LAA,LAA,CWS,,7.5,450,18.18,18.18,,Unmodeled,Odds only,,,,No trained model for this market yet,teamtotals-team1,Over,team
2026-05-06T00:09:05.323879+00:00,2026,2026-05-06,team_total_runs,Team Total Runs - Over,team_total_runs,False,COL,COL,NYM,,7.5,525,16.0,16.0,,Unmodeled,Odds only,,,,No trained model for this market yet,teamtotals-team1,Over,team
2026-05-06T00:09:05.323879+00:00,2026,2026-05-06,team_total_runs,Team Total Runs - Over,team_total_runs,False,HOU,HOU,LAD,,6.5,525,16.0,16.0,,Unmodeled,Odds only,,,,No trained model for this market yet,teamtotals-team1,Over,team
2026-05-06T00:09:05.323879+00:00,2026,2026-05-06,team_total_runs,Team Total Runs - Over,team_total_runs,False,NYM,NYM,COL,,9.5,550,15.38,15.38,,Unmodeled,Odds only,,,,No trained model for this market yet,teamtotals-team2,Over,team
2026-05-06T00:09:05.323879+00:00,2026,2026-05-06,team_total_runs,Team Total Runs - Over,team_total_runs,False,SEA,SEA,ATL,,7.5,550,15.38,15.38,,Unmodeled,Odds only,,,,No trained model for this market yet,teamtotals-team1,Over,team
2026-05-06T00:09:05.323879+00:00,2026,2026-05-06,team_total_runs,Team Total Runs - Over,team_total_runs,False,AZ,AZ,PIT,,8.5,550,15.38,15.38,,Unmodeled,Odds only,,,,No trained model for this market yet,teamtotals-team1,Over,team
2026-05-06T00:09:05.323879+00:00,2026,2026-05-06,team_total_runs,Team Total Runs - Over,team_total_runs,False,PIT,PIT,AZ,,8.5,575,14.81,14.81,,Unmodeled,Odds only,,,,No trained model for this market yet,teamtotals-team2,Over,team
2026-05-06T00:09:05.323879+00:00,2026,2026-05-06,team_total_runs,Team Total Runs - Over,team_total_runs,False,LAD,LAD,HOU,,9.5,625,13.79,13.79,,Unmodeled,Odds only,,,,No trained model for this market yet,teamtotals-team2,Over,team
2026-05-06T00:09:05.323879+00:00,2026,2026-05-06,team_total_runs,Team Total Runs - Over,team_total_runs,False,SD,SD,SF,,7.5,625,13.79,13.79,,Unmodeled,Odds only,,,,No trained model for this market yet,teamtotals-team2,Over,team
2026-05-06T00:09:05.323879+00:00,2026,2026-05-06,team_total_runs,Team Total Runs - Over,team_total_runs,False,LAA,LAA,CWS,,8.5,675,12.9,12.9,,Unmodeled,Odds only,,,,No trained model for this market yet,teamtotals-team1,Over,team
2026-05-06T00:09:05.323879+00:00,2026,2026-05-06,team_total_runs,Team Total Runs - Over,team_total_runs,False,COL,COL,NYM,,8.5,750,11.76,11.76,,Unmodeled,Odds only,,,,No trained model for this market yet,teamtotals-team1,Over,team
2026-05-06T00:09:05.323879+00:00,2026,2026-05-06,team_total_runs,Team Total Runs - Over,team_total_runs,False,SEA,SEA,ATL,,8.5,775,11.43,11.43,,Unmodeled,Odds only,,,,No trained model for this market yet,teamtotals-team1,Over,team
2026-05-06T00:09:05.323879+00:00,2026,2026-05-06,team_total_runs,Team Total Runs - Over,team_total_runs,False,AZ,AZ,PIT,,9.5,775,11.43,11.43,,Unmodeled,Odds only,,,,No trained model for this market yet,teamtotals-team1,Over,team
2026-05-06T00:09:05.323879+00:00,2026,2026-05-06,team_total_runs,Team Total Runs - Over,team_total_runs,False,HOU,HOU,LAD,,7.5,800,11.11,11.11,,Unmodeled,Odds only,,,,No trained model for this market yet,teamtotals-team1,Over,team
2026-05-06T00:09:05.323879+00:00,2026,2026-05-06,team_total_runs,Team Total Runs - Over,team_total_runs,False,PIT,PIT,AZ,,9.5,800,11.11,11.11,,Unmodeled,Odds only,,,,No trained model for this market yet,teamtotals-team2,Over,team
2026-05-06T00:09:05.323879+00:00,2026,2026-05-06,team_total_runs,Team Total Runs - Over,team_total_runs,False,SD,SD,SF,,8.5,900,10.0,10.0,,Unmodeled,Odds only,,,,No trained model for this market yet,teamtotals-team2,Over,team
2026-05-06T00:09:05.323879+00:00,2026,2026-05-06,team_total_runs,Team Total Runs - Over,team_total_runs,False,LAA,LAA,CWS,,9.5,950,9.52,9.52,,Unmodeled,Odds only,,,,No trained model for this market yet,teamtotals-team1,Over,team
2026-05-06T00:09:05.323879+00:00,2026,2026-05-06,team_total_runs,Team Total Runs - Over,team_total_runs,False,COL,COL,NYM,,9.5,1050,8.7,8.7,,Unmodeled,Odds only,,,,No trained model for this market yet,teamtotals-team1,Over,team
2026-05-06T00:09:05.323879+00:00,2026,2026-05-06,team_total_runs,Team Total Runs - Over,team_total_runs,False,SEA,SEA,ATL,,9.5,1050,8.7,8.7,,Unmodeled,Odds only,,,,No trained model for this market yet,teamtotals-team1,Over,team
2026-05-06T00:09:05.323879+00:00,2026,2026-05-06,team_total_runs,Team Total Runs - Over,team_total_runs,False,HOU,HOU,LAD,,8.5,1100,8.33,8.33,,Unmodeled,Odds only,,,,No trained model for this market yet,teamtotals-team1,Over,team
2026-05-06T00:09:05.323879+00:00,2026,2026-05-06,team_total_runs,Team Total Runs - Over,team_total_runs,False,SD,SD,SF,,9.5,1250,7.41,7.41,,Unmodeled,Odds only,,,,No trained model for this market yet,teamtotals-team2,Over,team
2026-05-06T00:09:05.323879+00:00,2026,2026-05-06,team_total_runs,Team Total Runs - Over,team_total_runs,False,HOU,HOU,LAD,,9.5,1650,5.71,5.71,,Unmodeled,Odds only,,,,No trained model for this market yet,teamtotals-team1,Over,team
2026-05-06T00:09:05.838167+00:00,2026,2026-05-06,team_first_to_score,Team First To Score - LAD,team_first_to_score,False,LAD,LAD,HOU,,0.0,-222,68.94,68.94,,Unmodeled,Odds only,,,,No trained model for this market yet,firsttoscorearun,LAD,team
2026-05-06T00:09:05.838167+00:00,2026,2026-05-06,team_first_to_score,Team First To Score - NYM,team_first_to_score,False,NYM,NYM,COL,,0.0,-208,67.53,67.53,,Unmodeled,Odds only,,,,No trained model for this market yet,firsttoscorearun,NYM,team
2026-05-06T00:09:05.838167+00:00,2026,2026-05-06,team_first_to_score,Team First To Score - CWS,team_first_to_score,False,CWS,CWS,LAA,,0.0,-167,62.55,62.55,,Unmodeled,Odds only,,,,No trained model for this market yet,firsttoscorearun,CWS,team
2026-05-06T00:09:05.838167+00:00,2026,2026-05-06,team_first_to_score,Team First To Score - PIT,team_first_to_score,False,PIT,PIT,AZ,,0.0,-149,59.84,59.84,,Unmodeled,Odds only,,,,No trained model for this market yet,firsttoscorearun,PIT,team
2026-05-06T00:09:05.838167+00:00,2026,2026-05-06,team_first_to_score,Team First To Score - ATL,team_first_to_score,False,ATL,ATL,SEA,,0.0,-133,57.08,57.08,,Unmodeled,Odds only,,,,No trained model for this market yet,firsttoscorearun,ATL,team
2026-05-06T00:09:05.838167+00:00,2026,2026-05-06,team_first_to_score,Team First To Score - SD,team_first_to_score,False,SD,SD,SF,,0.0,-133,57.08,57.08,,Unmodeled,Odds only,,,,No trained model for this market yet,firsttoscorearun,SD,team
2026-05-06T00:09:05.838167+00:00,2026,2026-05-06,team_first_to_score,Team First To Score - SEA,team_first_to_score,False,SEA,SEA,ATL,,0.0,105,48.78,48.78,,Unmodeled,Odds only,,,,No trained model for this market yet,firsttoscorearun,SEA,team
2026-05-06T00:09:05.838167+00:00,2026,2026-05-06,team_first_to_score,Team First To Score - SF,team_first_to_score,False,SF,SF,SD,,0.0,105,48.78,48.78,,Unmodeled,Odds only,,,,No trained model for this market yet,firsttoscorearun,SF,team
2026-05-06T00:09:05.838167+00:00,2026,2026-05-06,team_first_to_score,Team First To Score - AZ,team_first_to_score,False,AZ,AZ,PIT,,0.0,118,45.87,45.87,,Unmodeled,Odds only,,,,No trained model for this market yet,firsttoscorearun,AZ,team
2026-05-06T00:09:05.838167+00:00,2026,2026-05-06,team_first_to_score,Team First To Score - LAA,team_first_to_score,False,LAA,LAA,CWS,,0.0,130,43.48,43.48,,Unmodeled,Odds only,,,,No trained model for this market yet,firsttoscorearun,LAA,team
2026-05-06T00:09:05.838167+00:00,2026,2026-05-06,team_first_to_score,Team First To Score - COL,team_first_to_score,False,COL,COL,NYM,,0.0,160,38.46,38.46,,Unmodeled,Odds only,,,,No trained model for this market yet,firsttoscorearun,COL,team
2026-05-06T00:09:05.838167+00:00,2026,2026-05-06,team_first_to_score,Team First To Score - HOU,team_first_to_score,False,HOU,HOU,LAD,,0.0,170,37.04,37.04,,Unmodeled,Odds only,,,,No trained model for this market yet,firsttoscorearun,HOU,team
2026-05-06T01:20:19.075073+00:00,2026,2026-05-06,team_total_runs,Team Total Runs - Over,team_total_runs,False,HOU,HOU,LAD,,9.5,1650,9.95,5.71,4.23,Low,Positive edge,,,,,teamtotals-team1,Over,team
2026-05-06T01:20:19.075073+00:00,2026,2026-05-06,team_total_runs,Team Total Runs - Over,team_total_runs,False,SD,SD,SF,,9.5,1250,11.28,7.41,3.87,Low,Positive edge,,,,,teamtotals-team2,Over,team
2026-05-06T01:20:19.075073+00:00,2026,2026-05-06,team_total_runs,Team Total Runs - Over,team_total_runs,False,HOU,HOU,LAD,,8.5,1100,12.09,8.33,3.76,Low,Positive edge,,,,,teamtotals-team1,Over,team
2026-05-06T01:20:19.075073+00:00,2026,2026-05-06,team_total_runs,Team Total Runs - Over,team_total_runs,False,COL,COL,NYM,,9.5,1050,12.2,8.7,3.5,Low,Positive edge,,,,,teamtotals-team1,Over,team
2026-05-06T01:20:19.075073+00:00,2026,2026-05-06,team_total_runs,Team Total Runs - Over,team_total_runs,False,SD,SD,SF,,8.5,900,13.24,10.0,3.24,Low,Positive edge,,,,,teamtotals-team2,Over,team
2026-05-06T01:20:19.075073+00:00,2026,2026-05-06,team_total_runs,Team Total Runs - Over,team_total_runs,False,LAA,LAA,CWS,,9.5,950,12.76,9.52,3.24,Low,Positive edge,,,,,teamtotals-team1,Over,team
2026-05-06T01:20:19.075073+00:00,2026,2026-05-06,team_total_runs,Team Total Runs - Over,team_total_runs,False,SEA,SEA,ATL,,9.5,950,12.76,9.52,3.24,Low,Positive edge,,,,,teamtotals-team1,Over,team
2026-05-06T01:20:19.075073+00:00,2026,2026-05-06,team_total_runs,Team Total Runs - Over,team_total_runs,False,HOU,HOU,LAD,,7.5,800,14.15,11.11,3.04,Low,Positive edge,,,,,teamtotals-team1,Over,team
2026-05-06T01:20:19.075073+00:00,2026,2026-05-06,team_total_runs,Team Total Runs - Over,team_total_runs,False,PIT,PIT,AZ,,9.5,800,13.82,11.11,2.71,Low,Positive edge,,,,,teamtotals-team2,Over,team
2026-05-06T01:20:19.075073+00:00,2026,2026-05-06,team_total_runs,Team Total Runs - Over,team_total_runs,False,COL,COL,NYM,,8.5,750,14.42,11.76,2.66,Low,Positive edge,,,,,teamtotals-team1,Over,team
2026-05-06T01:20:19.075073+00:00,2026,2026-05-06,team_total_runs,Team Total Runs - Over,team_total_runs,False,AZ,AZ,PIT,,9.5,775,14.03,11.43,2.6,Low,Positive edge,,,,,teamtotals-team1,Over,team
2026-05-06T01:20:19.075073+00:00,2026,2026-05-06,team_total_runs,Team Total Runs - Over,team_total_runs,False,SEA,SEA,ATL,,8.5,700,14.91,12.5,2.41,Low,Positive edge,,,,,teamtotals-team1,Over,team
2026-05-06T01:20:19.075073+00:00,2026,2026-05-06,team_total_runs,Team Total Runs - Over,team_total_runs,False,LAA,LAA,CWS,,8.5,675,15.18,12.9,2.27,Low,Positive edge,,,,,teamtotals-team1,Over,team
2026-05-06T01:20:19.075073+00:00,2026,2026-05-06,team_total_runs,Team Total Runs - Over,team_total_runs,False,SD,SD,SF,,7.5,625,15.95,13.79,2.16,Low,Positive edge,,,,,teamtotals-team2,Over,team
2026-05-06T01:20:19.075073+00:00,2026,2026-05-06,team_total_runs,Team Total Runs - Over,team_total_runs,False,LAD,LAD,HOU,,9.5,625,15.59,13.79,1.8,Low,Positive edge,,,,,teamtotals-team2,Over,team
2026-05-06T01:20:19.075073+00:00,2026,2026-05-06,team_total_runs,Team Total Runs - Over,team_total_runs,False,HOU,HOU,LAD,,6.5,525,17.66,16.0,1.66,Low,Positive edge,,,,,teamtotals-team1,Over,team
2026-05-06T01:20:19.075073+00:00,2026,2026-05-06,team_total_runs,Team Total Runs - Over,team_total_runs,False,PIT,PIT,AZ,,8.5,575,16.46,14.81,1.64,Low,Positive edge,,,,,teamtotals-team2,Over,team
2026-05-06T01:20:19.075073+00:00,2026,2026-05-06,team_total_runs,Team Total Runs - Over,team_total_runs,False,COL,COL,NYM,,7.5,525,17.46,16.0,1.46,Low,Positive edge,,,,,teamtotals-team1,Over,team
2026-05-06T01:20:19.075073+00:00,2026,2026-05-06,team_total_runs,Team Total Runs - Over,team_total_runs,False,AZ,AZ,PIT,,8.5,550,16.84,15.38,1.46,Low,Positive edge,,,,,teamtotals-team1,Over,team
2026-05-06T01:20:19.075073+00:00,2026,2026-05-06,team_total_runs,Team Total Runs - Over,team_total_runs,False,NYM,NYM,COL,,9.5,550,16.65,15.38,1.27,Low,Positive edge,,,,,teamtotals-team2,Over,team
2026-05-06T01:20:19.075073+00:00,2026,2026-05-06,team_total_runs,Team Total Runs - Over,team_total_runs,False,SEA,SEA,ATL,,7.5,475,18.43,17.39,1.04,Low,Positive edge,,,,,teamtotals-team1,Over,team
2026-05-06T01:20:19.075073+00:00,2026,2026-05-06,team_total_runs,Team Total Runs - Over,team_total_runs,False,HOU,HOU,LAD,,2.5,-161,62.49,61.69,0.81,Low,Positive edge,,,,,teamtotals-team1,Over,team
2026-05-06T01:20:19.075073+00:00,2026,2026-05-06,team_total_runs,Team Total Runs - Over,team_total_runs,False,LAA,LAA,CWS,,7.5,450,18.99,18.18,0.81,Low,Positive edge,,,,,teamtotals-team1,Over,team
2026-05-06T01:20:19.075073+00:00,2026,2026-05-06,team_total_runs,Team Total Runs - Over,team_total_runs,False,SD,SD,SF,,6.5,425,19.83,19.05,0.79,Low,Positive edge,,,,,teamtotals-team2,Over,team
2026-05-06T01:20:19.075073+00:00,2026,2026-05-06,team_total_runs,Team Total Runs - Over,team_total_runs,False,SD,SD,SF,,2.5,-208,68.1,67.53,0.57,Low,Positive edge,,,,,teamtotals-team2,Over,team
2026-05-06T01:20:19.075073+00:00,2026,2026-05-06,team_total_runs,Team Total Runs - Over,team_total_runs,False,SEA,SEA,ATL,,3.5,-154,61.12,60.63,0.49,Low,Positive edge,,,,,teamtotals-team1,Over,team
2026-05-06T01:20:19.075073+00:00,2026,2026-05-06,team_total_runs,Team Total Runs - Over,team_total_runs,False,PIT,PIT,AZ,,3.5,-161,62.17,61.69,0.48,Low,Positive edge,,,,,teamtotals-team2,Over,team
2026-05-06T01:20:19.075073+00:00,2026,2026-05-06,team_total_runs,Team Total Runs - Over,team_total_runs,False,LAA,LAA,CWS,,3.5,-169,63.29,62.83,0.47,Low,Positive edge,,,,,teamtotals-team1,Over,team
2026-05-06T01:20:19.075073+00:00,2026,2026-05-06,team_total_runs,Team Total Runs - Over,team_total_runs,False,COL,COL,NYM,,3.5,-143,59.32,58.85,0.47,Low,Positive edge,,,,,teamtotals-team1,Over,team
2026-05-06T01:20:19.075073+00:00,2026,2026-05-06,team_total_runs,Team Total Runs - Over,team_total_runs,False,LAD,LAD,HOU,,8.5,425,19.4,19.05,0.35,Low,Positive edge,,,,,teamtotals-team2,Over,team
2026-05-06T01:20:19.075073+00:00,2026,2026-05-06,team_total_runs,Team Total Runs - Over,team_total_runs,False,AZ,AZ,PIT,,3.5,-200,66.99,66.67,0.33,Low,Positive edge,,,,,teamtotals-team1,Over,team
2026-05-06T01:20:19.075073+00:00,2026,2026-05-06,team_total_runs,Team Total Runs - Over,team_total_runs,False,PIT,PIT,AZ,,7.5,400,20.31,20.0,0.31,Low,Positive edge,,,,,teamtotals-team2,Over,team
2026-05-06T01:20:19.075073+00:00,2026,2026-05-06,team_total_runs,Team Total Runs - Over,team_total_runs,False,SD,SD,SF,,3.5,-110,52.65,52.38,0.27,Low,Positive edge,,,,,teamtotals-team2,Over,team
2026-05-06T01:20:19.075073+00:00,2026,2026-05-06,team_total_runs,Team Total Runs - Over,team_total_runs,False,NYM,NYM,COL,,4.5,-154,60.79,60.63,0.16,Low,Positive edge,,,,,teamtotals-team2,Over,team
2026-05-06T01:20:19.075073+00:00,2026,2026-05-06,team_total_runs,Team Total Runs - Over,team_total_runs,False,LAD,LAD,HOU,,4.5,-139,58.29,58.16,0.13,Low,Positive edge,,,,,teamtotals-team2,Over,team
2026-05-06T01:20:19.075073+00:00,2026,2026-05-06,team_total_runs,Team Total Runs - Over,team_total_runs,False,LAD,LAD,HOU,,3.5,-227,69.54,69.42,0.12,Low,Positive edge,,,,,teamtotals-team2,Over,team
2026-05-06T01:20:19.075073+00:00,2026,2026-05-06,team_total_runs,Team Total Runs - Over,team_total_runs,False,HOU,HOU,LAD,,5.5,340,22.85,22.73,0.12,Low,Positive edge,,,,,teamtotals-team1,Over,team
2026-05-06T01:20:19.075073+00:00,2026,2026-05-06,team_total_runs,Team Total Runs - Over,team_total_runs,False,AZ,AZ,PIT,,4.5,-115,53.46,53.49,-0.02,Low,Negative edge,,,,,teamtotals-team1,Over,team
2026-05-06T01:20:19.075073+00:00,2026,2026-05-06,team_total_runs,Team Total Runs - Over,team_total_runs,False,AZ,AZ,PIT,,7.5,360,21.61,21.74,-0.13,Low,Negative edge,,,,,teamtotals-team1,Over,team
2026-05-06T01:20:19.075073+00:00,2026,2026-05-06,team_total_runs,Team Total Runs - Over,team_total_runs,False,COL,COL,NYM,,2.5,-286,73.91,74.09,-0.18,Low,Negative edge,,,,,teamtotals-team1,Over,team
2026-05-06T01:20:19.075073+00:00,2026,2026-05-06,team_total_runs,Team Total Runs - Over,team_total_runs,False,NYM,NYM,COL,,8.5,375,20.86,21.05,-0.19,Low,Negative edge,,,,,teamtotals-team2,Over,team
2026-05-06T01:20:19.075073+00:00,2026,2026-05-06,team_total_runs,Team Total Runs - Over,team_total_runs,False,COL,COL,NYM,,6.5,333,22.89,23.09,-0.2,Low,Negative edge,,,,,teamtotals-team1,Over,team
2026-05-06T01:20:19.075073+00:00,2026,2026-05-06,team_total_runs,Team Total Runs - Over,team_total_runs,False,SEA,SEA,ATL,,2.5,-303,74.82,75.19,-0.36,Low,Negative edge,,,,,teamtotals-team1,Over,team
2026-05-06T01:20:19.075073+00:00,2026,2026-05-06,team_total_runs,Team Total Runs - Over,team_total_runs,False,PIT,PIT,AZ,,2.5,-303,74.82,75.19,-0.36,Low,Negative edge,,,,,teamtotals-team2,Over,team
2026-05-06T01:20:19.075073+00:00,2026,2026-05-06,team_total_runs,Team Total Runs - Over,team_total_runs,False,NYM,NYM,COL,,3.5,-278,73.18,73.54,-0.37,Low,Negative edge,,,,,teamtotals-team2,Over,team
2026-05-06T01:20:19.075073+00:00,2026,2026-05-06,team_total_runs,Team Total Runs - Over,team_total_runs,False,SEA,SEA,ATL,,6.5,310,23.92,24.39,-0.47,Low,Negative edge,,,,,teamtotals-team1,Over,team
2026-05-06T01:20:19.075073+00:00,2026,2026-05-06,team_total_runs,Team Total Runs - Over,team_total_runs,False,LAA,LAA,CWS,,2.5,-333,76.22,76.91,-0.68,Low,Negative edge,,,,,teamtotals-team1,Over,team
2026-05-06T01:20:19.075073+00:00,2026,2026-05-06,team_total_runs,Team Total Runs - Over,team_total_runs,False,SD,SD,SF,,5.5,270,26.34,27.03,-0.69,Low,Negative edge,,,,,teamtotals-team2,Over,team
2026-05-06T01:20:19.075073+00:00,2026,2026-05-06,team_total_runs,Team Total Runs - Over,team_total_runs,False,LAA,LAA,CWS,,6.5,290,24.93,25.64,-0.71,Low,Negative edge,,,,,teamtotals-team1,Over,team
2026-05-06T01:20:19.075073+00:00,2026,2026-05-06,team_total_runs,Team Total Runs - Over,team_total_runs,False,HOU,HOU,LAD,,3.5,120,44.55,45.45,-0.9,Low,Negative edge,,,,,teamtotals-team1,Over,team
2026-05-06T01:20:19.075073+00:00,2026,2026-05-06,team_total_runs,Team Total Runs - Over,team_total_runs,False,PIT,PIT,AZ,,6.5,270,26.08,27.03,-0.95,Low,Negative edge,,,,,teamtotals-team2,Over,team
2026-05-06T01:20:19.075073+00:00,2026,2026-05-06,team_total_runs,Team Total Runs - Under,team_total_runs,False,NYM,NYM,COL,,2.5,360,20.79,21.74,-0.95,Low,Negative edge,,,,,teamtotals-team2,Under,team
2026-05-06T01:20:19.075073+00:00,2026,2026-05-06,team_total_runs,Team Total Runs - Over,team_total_runs,False,LAD,LAD,HOU,,7.5,290,24.67,25.64,-0.97,Low,Negative edge,,,,,teamtotals-team2,Over,team
2026-05-06T01:20:19.075073+00:00,2026,2026-05-06,team_total_runs,Team Total Runs - Over,team_total_runs,False,HOU,HOU,LAD,,4.5,210,31.23,32.26,-1.03,Low,Negative edge,,,,,teamtotals-team1,Over,team
2026-05-06T01:20:19.075073+00:00,2026,2026-05-06,team_total_runs,Team Total Runs - Over,team_total_runs,False,LAA,LAA,CWS,,4.5,105,47.66,48.78,-1.12,Low,Negative edge,,,,,teamtotals-team1,Over,team
2026-05-06T01:20:19.075073+00:00,2026,2026-05-06,team_total_runs,Team Total Runs - Over,team_total_runs,False,PIT,PIT,AZ,,4.5,105,47.66,48.78,-1.12,Low,Negative edge,,,,,teamtotals-team2,Over,team
2026-05-06T01:20:19.075073+00:00,2026,2026-05-06,team_total_runs,Team Total Runs - Over,team_total_runs,False,SEA,SEA,ATL,,4.5,115,45.31,46.51,-1.2,Low,Negative edge,,,,,teamtotals-team1,Over,team
2026-05-06T01:20:19.075073+00:00,2026,2026-05-06,team_total_runs,Team Total Runs - Over,team_total_runs,False,NYM,NYM,COL,,7.5,270,25.81,27.03,-1.22,Low,Negative edge,,,,,teamtotals-team2,Over,team
2026-05-06T01:20:19.075073+00:00,2026,2026-05-06,team_total_runs,Team Total Runs - Over,team_total_runs,False,COL,COL,NYM,,4.5,125,43.17,44.44,-1.27,Low,Negative edge,,,,,teamtotals-team1,Over,team
2026-05-06T01:20:19.075073+00:00,2026,2026-05-06,team_total_runs,Team Total Runs - Over,team_total_runs,False,AZ,AZ,PIT,,6.5,240,28.11,29.41,-1.3,Low,Negative edge,,,,,teamtotals-team1,Over,team
2026-05-06T01:20:19.075073+00:00,2026,2026-05-06,team_total_runs,Team Total Runs - Over,team_total_runs,False,SD,SD,SF,,4.5,160,37.14,38.46,-1.32,Low,Negative edge,,,,,teamtotals-team2,Over,team
2026-05-06T01:20:19.075073+00:00,2026,2026-05-06,team_total_runs,Team Total Runs - Over,team_total_runs,False,COL,COL,NYM,,5.5,210,30.93,32.26,-1.32,Low,Negative edge,,,,,teamtotals-team1,Over,team
2026-05-06T01:20:19.075073+00:00,2026,2026-05-06,team_total_runs,Team Total Runs - Over,team_total_runs,False,AZ,AZ,PIT,,2.5,-400,78.65,80.0,-1.35,Low,Negative edge,,,,,teamtotals-team1,Over,team
2026-05-06T01:20:19.075073+00:00,2026,2026-05-06,team_total_runs,Team Total Runs - Over,team_total_runs,False,SEA,SEA,ATL,,5.5,200,31.92,33.33,-1.41,Low,Negative edge,,,,,teamtotals-team1,Over,team
2026-05-06T01:20:19.075073+00:00,2026,2026-05-06,team_total_runs,Team Total Runs - Over,team_total_runs,False,NYM,NYM,COL,,5.5,105,47.32,48.78,-1.46,Low,Negative edge,,,,,teamtotals-team2,Over,team
2026-05-06T01:20:19.075073+00:00,2026,2026-05-06,team_total_runs,Team Total Runs - Over,team_total_runs,False,LAA,LAA,CWS,,5.5,175,34.78,36.36,-1.58,Low,Negative edge,,,,,teamtotals-team1,Over,team
2026-05-06T01:20:19.075073+00:00,2026,2026-05-06,team_total_runs,Team Total Runs - Over,team_total_runs,False,LAD,LAD,HOU,,5.5,125,42.84,44.44,-1.61,Low,Negative edge,,,,,teamtotals-team2,Over,team
2026-05-06T01:20:19.075073+00:00,2026,2026-05-06,team_total_runs,Team Total Runs - Over,team_total_runs,False,PIT,PIT,AZ,,5.5,170,35.43,37.04,-1.61,Low,Negative edge,,,,,teamtotals-team2,Over,team
2026-05-06T01:20:19.075073+00:00,2026,2026-05-06,team_total_runs,Team Total Runs - Over,team_total_runs,False,AZ,AZ,PIT,,5.5,150,38.34,40.0,-1.66,Low,Negative edge,,,,,teamtotals-team1,Over,team
2026-05-06T01:20:19.075073+00:00,2026,2026-05-06,team_total_runs,Team Total Runs - Under,team_total_runs,False,HOU,HOU,LAD,,9.5,-10000,97.3,99.01,-1.71,Low,Negative edge,,,,,teamtotals-team1,Under,team
2026-05-06T01:20:19.075073+00:00,2026,2026-05-06,team_total_runs,Team Total Runs - Under,team_total_runs,False,SD,SD,SF,,9.5,-10000,97.3,99.01,-1.71,Low,Negative edge,,,,,teamtotals-team2,Under,team
2026-05-06T01:20:19.075073+00:00,2026,2026-05-06,team_total_runs,Team Total Runs - Under,team_total_runs,False,LAD,LAD,HOU,,2.5,300,23.27,25.0,-1.73,Low,Negative edge,,,,,teamtotals-team2,Under,team
2026-05-06T01:20:19.075073+00:00,2026,2026-05-06,team_total_runs,Team Total Runs - Over,team_total_runs,False,LAD,LAD,HOU,,6.5,185,33.26,35.09,-1.83,Low,Negative edge,,,,,teamtotals-team2,Over,team
2026-05-06T01:20:19.075073+00:00,2026,2026-05-06,team_total_runs,Team Total Runs - Over,team_total_runs,False,LAD,LAD,HOU,,2.5,-455,80.14,81.98,-1.85,Low,Negative edge,,,,,teamtotals-team2,Over,team
2026-05-06T01:20:19.075073+00:00,2026,2026-05-06,team_total_runs,Team Total Runs - Over,team_total_runs,False,NYM,NYM,COL,,6.5,165,35.79,37.74,-1.94,Low,Negative edge,,,,,teamtotals-team2,Over,team
2026-05-06T01:20:19.075073+00:00,2026,2026-05-06,team_total_runs,Team Total Runs - Under,team_total_runs,False,AZ,AZ,PIT,,2.5,275,24.59,26.67,-2.07,Low,Negative edge,,,,,teamtotals-team1,Under,team
2026-05-06T01:20:19.075073+00:00,2026,2026-05-06,team_total_runs,Team Total Runs - Under,team_total_runs,False,HOU,HOU,LAD,,3.5,-154,58.29,60.63,-2.34,Low,Negative edge,,,,,teamtotals-team1,Under,team
2026-05-06T01:20:19.075073+00:00,2026,2026-05-06,team_total_runs,Team Total Runs - Under,team_total_runs,False,LAA,LAA,CWS,,2.5,240,26.86,29.41,-2.55,Low,Negative edge,,,,,teamtotals-team1,Under,team
2026-05-06T01:20:19.075073+00:00,2026,2026-05-06,team_total_runs,Team Total Runs - Under,team_total_runs,False,SD,SD,SF,,3.5,-118,51.54,54.13,-2.59,Low,Negative edge,,,,,teamtotals-team2,Under,team
2026-05-06T01:20:19.075073+00:00,2026,2026-05-06,team_total_runs,Team Total Runs - Over,team_total_runs,False,NYM,NYM,COL,,2.5,-556,82.15,84.76,-2.61,Low,Negative edge,,,,,teamtotals-team2,Over,team
2026-05-06T01:20:19.075073+00:00,2026,2026-05-06,team_total_runs,Team Total Runs - Under,team_total_runs,False,COL,COL,NYM,,4.5,-161,59.03,61.69,-2.65,Low,Negative edge,,,,,teamtotals-team1,Under,team
2026-05-06T01:20:19.075073+00:00,2026,2026-05-06,team_total_runs,Team Total Runs - Under,team_total_runs,False,SD,SD,SF,,4.5,-208,64.87,67.53,-2.66,Low,Negative edge,,,,,teamtotals-team2,Under,team
2026-05-06T01:20:19.075073+00:00,2026,2026-05-06,team_total_runs,Team Total Runs - Under,team_total_runs,False,SEA,SEA,ATL,,4.5,-149,57.14,59.84,-2.7,Low,Negative edge,,,,,teamtotals-team1,Under,team
2026-05-06T01:20:19.075073+00:00,2026,2026-05-06,team_total_runs,Team Total Runs - Under,team_total_runs,False,LAA,LAA,CWS,,4.5,-139,55.4,58.16,-2.76,Low,Negative edge,,,,,teamtotals-team1,Under,team
2026-05-06T01:20:19.075073+00:00,2026,2026-05-06,team_total_runs,Team Total Runs - Under,team_total_runs,False,PIT,PIT,AZ,,4.5,-139,55.4,58.16,-2.76,Low,Negative edge,,,,,teamtotals-team2,Under,team
2026-05-06T01:20:19.075073+00:00,2026,2026-05-06,team_total_runs,Team Total Runs - Under,team_total_runs,False,SEA,SEA,ATL,,2.5,220,28.44,31.25,-2.81,Low,Negative edge,,,,,teamtotals-team1,Under,team
2026-05-06T01:20:19.075073+00:00,2026,2026-05-06,team_total_runs,Team Total Runs - Under,team_total_runs,False,PIT,PIT,AZ,,2.5,220,28.44,31.25,-2.81,Low,Negative edge,,,,,teamtotals-team2,Under,team
2026-05-06T01:20:19.075073+00:00,2026,2026-05-06,team_total_runs,Team Total Runs - Under,team_total_runs,False,COL,COL,NYM,,2.5,210,29.33,32.26,-2.93,Low,Negative edge,,,,,teamtotals-team1,Under,team
2026-05-06T01:20:19.075073+00:00,2026,2026-05-06,team_total_runs,Team Total Runs - Under,team_total_runs,False,AZ,AZ,PIT,,5.5,-200,63.71,66.67,-2.96,Low,Negative edge,,,,,teamtotals-team1,Under,team
2026-05-06T01:20:19.075073+00:00,2026,2026-05-06,team_total_runs,Team Total Runs - Under,team_total_runs,False,LAD,LAD,HOU,,5.5,-161,58.7,61.69,-2.99,Low,Negative edge,,,,,teamtotals-team2,Under,team
2026-05-06T01:20:19.075073+00:00,2026,2026-05-06,team_total_runs,Team Total Runs - Under,team_total_runs,False,PIT,PIT,AZ,,5.5,-227,66.38,69.42,-3.04,Low,Negative edge,,,,,teamtotals-team2,Under,team
2026-05-06T01:20:19.075073+00:00,2026,2026-05-06,team_total_runs,Team Total Runs - Under,team_total_runs,False,HOU,HOU,LAD,,4.5,-286,71.02,74.09,-3.08,Low,Negative edge,,,,,teamtotals-team1,Under,team
2026-05-06T01:20:19.075073+00:00,2026,2026-05-06,team_total_runs,Team Total Runs - Under,team_total_runs,False,LAA,LAA,CWS,,5.5,-238,67.33,70.41,-3.09,Low,Negative edge,,,,,teamtotals-team1,Under,team
2026-05-06T01:20:19.075073+00:00,2026,2026-05-06,team_total_runs,Team Total Runs - Under,team_total_runs,False,NYM,NYM,COL,,5.5,-139,55.06,58.16,-3.1,Low,Negative edge,,,,,teamtotals-team2,Under,team
2026-05-06T01:20:19.075073+00:00,2026,2026-05-06,team_total_runs,Team Total Runs - Under,team_total_runs,False,SEA,SEA,ATL,,5.5,-278,70.24,73.54,-3.31,Low,Negative edge,,,,,teamtotals-team1,Under,team
2026-05-06T01:20:19.075073+00:00,2026,2026-05-06,team_total_runs,Team Total Runs - Under,team_total_runs,False,NYM,NYM,COL,,6.5,-222,65.62,68.94,-3.33,Low,Negative edge,,,,,teamtotals-team2,Under,team
2026-05-06T01:20:19.075073+00:00,2026,2026-05-06,team_total_runs,Team Total Runs - Under,team_total_runs,False,NYM,NYM,COL,,3.5,200,30.0,33.33,-3.34,Low,Negative edge,,,,,teamtotals-team2,Under,team
2026-05-06T01:20:19.075073+00:00,2026,2026-05-06,team_total_runs,Team Total Runs - Under,team_total_runs,False,COL,COL,NYM,,5.5,-286,70.73,74.09,-3.36,Low,Negative edge,,,,,teamtotals-team1,Under,team
2026-05-06T01:20:19.075073+00:00,2026,2026-05-06,team_total_runs,Team Total Runs - Under,team_total_runs,False,SD,SD,SF,,2.5,155,35.79,39.22,-3.43,Low,Negative edge,,,,,teamtotals-team2,Under,team
2026-05-06T01:20:19.075073+00:00,2026,2026-05-06,team_total_runs,Team Total Runs - Under,team_total_runs,False,LAD,LAD,HOU,,6.5,-250,67.98,71.43,-3.44,Low,Negative edge,,,,,teamtotals-team2,Under,team
2026-05-06T01:20:19.075073+00:00,2026,2026-05-06,team_total_runs,Team Total Runs - Under,team_total_runs,False,HOU,HOU,LAD,,2.5,125,40.98,44.44,-3.47,Low,Negative edge,,,,,teamtotals-team1,Under,team
2026-05-06T01:20:19.075073+00:00,2026,2026-05-06,team_total_runs,Team Total Runs - Under,team_total_runs,False,LAD,LAD,HOU,,3.5,170,33.4,37.04,-3.64,Low,Negative edge,,,,,teamtotals-team2,Under,team
2026-05-06T01:20:19.075073+00:00,2026,2026-05-06,team_total_runs,Team Total Runs - Under,team_total_runs,False,COL,COL,NYM,,3.5,110,43.88,47.62,-3.74,Low,Negative edge,,,,,teamtotals-team1,Under,team
2026-05-06T01:20:19.075073+00:00,2026,2026-05-06,team_total_runs,Team Total Runs - Under,team_total_runs,False,AZ,AZ,PIT,,3.5,150,36.23,40.0,-3.77,Low,Negative edge,,,,,teamtotals-team1,Under,team
2026-05-06T01:20:19.075073+00:00,2026,2026-05-06,team_total_runs,Team Total Runs - Under,team_total_runs,False,SEA,SEA,ATL,,3.5,118,42.09,45.87,-3.78,Low,Negative edge,,,,,teamtotals-team1,Under,team
2026-05-06T01:20:19.075073+00:00,2026,2026-05-06,team_total_runs,Team Total Runs - Under,team_total_runs,False,PIT,PIT,AZ,,3.5,125,40.64,44.44,-3.8,Low,Negative edge,,,,,teamtotals-team2,Under,team
2026-05-06T01:20:19.075073+00:00,2026,2026-05-06,team_total_runs,Team Total Runs - Under,team_total_runs,False,LAA,LAA,CWS,,3.5,130,39.67,43.48,-3.81,Low,Negative edge,,,,,teamtotals-team1,Under,team
2026-05-06T01:20:19.075073+00:00,2026,2026-05-06,team_total_runs,Team Total Runs - Under,team_total_runs,False,AZ,AZ,PIT,,6.5,-333,72.96,76.91,-3.95,Low,Negative edge,,,,,teamtotals-team1,Under,team
2026-05-06T01:20:19.075073+00:00,2026,2026-05-06,team_total_runs,Team Total Runs - Under,team_total_runs,False,SD,SD,SF,,5.5,-385,75.34,79.38,-4.04,Low,Negative edge,,,,,teamtotals-team2,Under,team
2026-05-06T01:20:19.075073+00:00,2026,2026-05-06,team_total_runs,Team Total Runs - Under,team_total_runs,False,LAD,LAD,HOU,,4.5,105,44.74,48.78,-4.04,Low,Negative edge,,,,,teamtotals-team2,Under,team
2026-05-06T01:20:19.075073+00:00,2026,2026-05-06,team_total_runs,Team Total Runs - Under,team_total_runs,False,NYM,NYM,COL,,4.5,120,41.34,45.45,-4.12,Low,Negative edge,,,,,teamtotals-team2,Under,team
2026-05-06T01:20:19.075073+00:00,2026,2026-05-06,team_total_runs,Team Total Runs - Under,team_total_runs,False,PIT,PIT,AZ,,6.5,-385,75.08,79.38,-4.3,Low,Negative edge,,,,,teamtotals-team2,Under,team
2026-05-06T01:20:19.075073+00:00,2026,2026-05-06,team_total_runs,Team Total Runs - Under,team_total_runs,False,LAA,LAA,CWS,,6.5,-417,76.15,80.66,-4.5,Low,Negative edge,,,,,teamtotals-team1,Under,team
2026-05-06T01:20:19.075073+00:00,2026,2026-05-06,team_total_runs,Team Total Runs - Under,team_total_runs,False,HOU,HOU,LAD,,8.5,-5000,93.49,98.04,-4.55,Low,Negative edge,,,,,teamtotals-team1,Under,team
2026-05-06T01:20:19.075073+00:00,2026,2026-05-06,team_total_runs,Team Total Runs - Under,team_total_runs,False,NYM,NYM,COL,,7.5,-385,74.83,79.38,-4.55,Low,Negative edge,,,,,teamtotals-team2,Under,team
2026-05-06T01:20:19.075073+00:00,2026,2026-05-06,team_total_runs,Team Total Runs - Under,team_total_runs,False,COL,COL,NYM,,9.5,-5000,93.41,98.04,-4.63,Low,Negative edge,,,,,teamtotals-team1,Under,team
2026-05-06T01:20:19.075073+00:00,2026,2026-05-06,team_total_runs,Team Total Runs - Under,team_total_runs,False,SEA,SEA,ATL,,6.5,-455,77.25,81.98,-4.74,Low,Negative edge,,,,,teamtotals-team1,Under,team
2026-05-06T01:20:19.075073+00:00,2026,2026-05-06,team_total_runs,Team Total Runs - Under,team_total_runs,False,LAD,LAD,HOU,,7.5,-417,75.9,80.66,-4.75,Low,Negative edge,,,,,teamtotals-team2,Under,team
2026-05-06T01:20:19.075073+00:00,2026,2026-05-06,team_total_runs,Team Total Runs - Under,team_total_runs,False,HOU,HOU,LAD,,5.5,-526,79.12,84.03,-4.9,Low,Negative edge,,,,,teamtotals-team1,Under,team
2026-05-06T01:20:19.075073+00:00,2026,2026-05-06,team_total_runs,Team Total Runs - Under,team_total_runs,False,COL,COL,NYM,,6.5,-500,78.34,83.33,-4.99,Low,Negative edge,,,,,teamtotals-team1,Under,team
2026-05-06T01:20:19.075073+00:00,2026,2026-05-06,team_total_runs,Team Total Runs - Under,team_total_runs,False,AZ,AZ,PIT,,7.5,-556,79.25,84.76,-5.5,Low,Negative edge,,,,,teamtotals-team1,Under,team
2026-05-06T01:20:19.075073+00:00,2026,2026-05-06,team_total_runs,Team Total Runs - Under,team_total_runs,False,NYM,NYM,COL,,8.5,-588,79.6,85.47,-5.87,Low,Negative edge,,,,,teamtotals-team2,Under,team
2026-05-06T01:20:19.075073+00:00,2026,2026-05-06,team_total_runs,Team Total Runs - Under,team_total_runs,False,SD,SD,SF,,6.5,-714,81.81,87.71,-5.91,Low,Negative edge,,,,,teamtotals-team2,Under,team
2026-05-06T01:20:19.075073+00:00,2026,2026-05-06,team_total_runs,Team Total Runs - Under,team_total_runs,False,PIT,PIT,AZ,,7.5,-667,81.01,86.96,-5.96,Low,Negative edge,,,,,teamtotals-team2,Under,team
2026-05-06T01:20:19.075073+00:00,2026,2026-05-06,team_total_runs,Team Total Runs - Under,team_total_runs,False,LAA,LAA,CWS,,9.5,-3333,91.0,97.09,-6.08,Medium,Negative edge,,,,,teamtotals-team1,Under,team
2026-05-06T01:20:19.075073+00:00,2026,2026-05-06,team_total_runs,Team Total Runs - Under,team_total_runs,False,SEA,SEA,ATL,,9.5,-3333,91.0,97.09,-6.08,Medium,Negative edge,,,,,teamtotals-team1,Under,team
2026-05-06T01:20:19.075073+00:00,2026,2026-05-06,team_total_runs,Team Total Runs - Under,team_total_runs,False,LAA,LAA,CWS,,7.5,-769,82.22,88.49,-6.27,Medium,Negative edge,,,,,teamtotals-team1,Under,team
2026-05-06T01:20:19.075073+00:00,2026,2026-05-06,team_total_runs,Team Total Runs - Under,team_total_runs,False,LAD,LAD,HOU,,8.5,-714,81.4,87.71,-6.32,Medium,Negative edge,,,,,teamtotals-team2,Under,team
2026-05-06T01:20:19.075073+00:00,2026,2026-05-06,team_total_runs,Team Total Runs - Under,team_total_runs,False,SEA,SEA,ATL,,7.5,-833,82.85,89.28,-6.43,Medium,Negative edge,,,,,teamtotals-team1,Under,team
2026-05-06T01:20:19.075073+00:00,2026,2026-05-06,team_total_runs,Team Total Runs - Under,team_total_runs,False,HOU,HOU,LAD,,6.5,-1000,84.36,90.91,-6.55,Medium,Negative edge,,,,,teamtotals-team1,Under,team
2026-05-06T01:20:19.075073+00:00,2026,2026-05-06,team_total_runs,Team Total Runs - Under,team_total_runs,False,COL,COL,NYM,,7.5,-909,83.51,90.09,-6.58,Medium,Negative edge,,,,,teamtotals-team1,Under,team
2026-05-06T01:20:19.075073+00:00,2026,2026-05-06,team_total_runs,Team Total Runs - Under,team_total_runs,False,SD,SD,SF,,8.5,-2500,89.48,96.15,-6.67,Medium,Negative edge,,,,,teamtotals-team2,Under,team
2026-05-06T01:20:19.075073+00:00,2026,2026-05-06,team_total_runs,Team Total Runs - Under,team_total_runs,False,HOU,HOU,LAD,,7.5,-2000,88.37,95.24,-6.87,Medium,Negative edge,,,,,teamtotals-team1,Under,team
2026-05-06T01:20:19.075073+00:00,2026,2026-05-06,team_total_runs,Team Total Runs - Under,team_total_runs,False,AZ,AZ,PIT,,8.5,-1000,84.0,90.91,-6.91,Medium,Negative edge,,,,,teamtotals-team1,Under,team
2026-05-06T01:20:19.075073+00:00,2026,2026-05-06,team_total_runs,Team Total Runs - Under,team_total_runs,False,SD,SD,SF,,7.5,-1250,85.64,92.59,-6.96,Medium,Negative edge,,,,,teamtotals-team2,Under,team
2026-05-06T01:20:19.075073+00:00,2026,2026-05-06,team_total_runs,Team Total Runs - Under,team_total_runs,False,PIT,PIT,AZ,,8.5,-1111,84.71,91.74,-7.03,Medium,Negative edge,,,,,teamtotals-team2,Under,team
2026-05-06T01:20:19.075073+00:00,2026,2026-05-06,team_total_runs,Team Total Runs - Under,team_total_runs,False,NYM,NYM,COL,,9.5,-1000,83.81,90.91,-7.1,Medium,Negative edge,,,,,teamtotals-team2,Under,team
2026-05-06T01:20:19.075073+00:00,2026,2026-05-06,team_total_runs,Team Total Runs - Under,team_total_runs,False,COL,COL,NYM,,8.5,-1667,87.19,94.34,-7.15,Medium,Negative edge,,,,,teamtotals-team1,Under,team
2026-05-06T01:20:19.075073+00:00,2026,2026-05-06,team_total_runs,Team Total Runs - Under,team_total_runs,False,SEA,SEA,ATL,,8.5,-1667,87.19,94.34,-7.15,Medium,Negative edge,,,,,teamtotals-team1,Under,team
2026-05-06T01:20:19.075073+00:00,2026,2026-05-06,team_total_runs,Team Total Runs - Under,team_total_runs,False,AZ,AZ,PIT,,9.5,-2000,88.08,95.24,-7.16,Medium,Negative edge,,,,,teamtotals-team1,Under,team
2026-05-06T01:20:19.075073+00:00,2026,2026-05-06,team_total_runs,Team Total Runs - Under,team_total_runs,False,PIT,PIT,AZ,,9.5,-2000,88.08,95.24,-7.16,Medium,Negative edge,,,,,teamtotals-team2,Under,team
2026-05-06T01:20:19.075073+00:00,2026,2026-05-06,team_total_runs,Team Total Runs - Under,team_total_runs,False,LAA,LAA,CWS,,8.5,-1429,86.28,93.46,-7.18,Medium,Negative edge,,,,,teamtotals-team1,Under,team
2026-05-06T01:20:19.075073+00:00,2026,2026-05-06,team_total_runs,Team Total Runs - Under,team_total_runs,False,LAD,LAD,HOU,,9.5,-1250,85.29,92.59,-7.3,Medium,Negative edge,,,,,teamtotals-team2,Under,team
2026-05-06T01:20:20.900942+00:00,2026,2026-05-06,team_first_to_score,Team First To Score - HOU,team_first_to_score,False,HOU,HOU,LAD,,0.0,170,56.96,37.04,19.92,High,Positive edge,,,,,firsttoscorearun,HOU,team
2026-05-06T01:20:20.900942+00:00,2026,2026-05-06,team_first_to_score,Team First To Score - COL,team_first_to_score,False,COL,COL,NYM,,0.0,160,56.96,38.46,18.5,High,Positive edge,,,,,firsttoscorearun,COL,team
2026-05-06T01:20:20.900942+00:00,2026,2026-05-06,team_first_to_score,Team First To Score - SF,team_first_to_score,False,SF,SF,SD,,0.0,105,65.74,48.78,16.96,High,Positive edge,,,,,firsttoscorearun,SF,team
2026-05-06T01:20:20.900942+00:00,2026,2026-05-06,team_first_to_score,Team First To Score - LAA,team_first_to_score,False,LAA,LAA,CWS,,0.0,130,52.9,43.48,9.42,Medium,Positive edge,,,,,firsttoscorearun,LAA,team
2026-05-06T01:20:20.900942+00:00,2026,2026-05-06,team_first_to_score,Team First To Score - AZ,team_first_to_score,False,AZ,AZ,PIT,,0.0,118,52.8,45.87,6.93,Medium,Positive edge,,,,,firsttoscorearun,AZ,team
2026-05-06T01:20:20.900942+00:00,2026,2026-05-06,team_first_to_score,Team First To Score - SEA,team_first_to_score,False,SEA,SEA,ATL,,0.0,100,52.24,50.0,2.24,Low,Positive edge,,,,,firsttoscorearun,SEA,team
2026-05-06T01:20:20.900942+00:00,2026,2026-05-06,team_first_to_score,Team First To Score - ATL,team_first_to_score,False,ATL,ATL,SEA,,0.0,-128,54.04,56.14,-2.1,Low,Negative edge,,,,,firsttoscorearun,ATL,team
2026-05-06T01:20:20.900942+00:00,2026,2026-05-06,team_first_to_score,Team First To Score - PIT,team_first_to_score,False,PIT,PIT,AZ,,0.0,-149,53.27,59.84,-6.57,Medium,Negative edge,,,,,firsttoscorearun,PIT,team
2026-05-06T01:20:20.900942+00:00,2026,2026-05-06,team_first_to_score,Team First To Score - CWS,team_first_to_score,False,CWS,CWS,LAA,,0.0,-167,52.98,62.55,-9.57,Medium,Negative edge,,,,,firsttoscorearun,CWS,team
2026-05-06T01:20:20.900942+00:00,2026,2026-05-06,team_first_to_score,Team First To Score - NYM,team_first_to_score,False,NYM,NYM,COL,,0.0,-208,52.62,67.53,-14.91,High,Negative edge,,,,,firsttoscorearun,NYM,team
2026-05-06T01:20:20.900942+00:00,2026,2026-05-06,team_first_to_score,Team First To Score - LAD,team_first_to_score,False,LAD,LAD,HOU,,0.0,-222,52.62,68.94,-16.32,High,Negative edge,,,,,firsttoscorearun,LAD,team
2026-05-06T01:20:20.900942+00:00,2026,2026-05-06,team_first_to_score,Team First To Score - SD,team_first_to_score,False,SD,SD,SF,,0.0,-133,39.44,57.08,-17.64,High,Negative edge,,,,,firsttoscorearun,SD,team
